Time - Voltage_1,Amplitude - Voltage_1,tipo_valor
0.0,-0.000221,original
9.981996399279867e-05,-0.0008570474324774476,interpolado
0.00019963992798559732,-0.0012759099535895946,interpolado
0.000299459891978396,-0.001496660236771662,interpolado
0.00039927985597119453,-0.0015383709554588677,interpolado
0.0004990998199639931,-0.0014201147830864326,interpolado
0.0005989197839567919,-0.0011609643930895774,interpolado
0.0006987397479495905,-0.0007799924589035206,interpolado
0.0007985597119423888,-0.00029627165396348186,interpolado
0.0008983796759351872,0.00027112534829531744,interpolado
0.001,0.000915,original
0.0010980196039207845,0.0015806572510283204,interpolado
0.0011978395679135832,0.002284646804632085,interpolado
0.0012976595319063818,0.002996021861813733,interpolado
0.0013974794958991803,0.00369570974913804,interpolado
0.0014972994598919786,0.00436463779316979,interpolado
0.0015971194238847772,0.004983733320473762,interpolado
0.0016969393878775757,0.005533923657614738,interpolado
0.0017967593518703746,0.0059961361311574955,interpolado
0.001896579315863173,0.006351298067666816,interpolado
0.002,0.006586,original
0.00209621924384877,0.006669572660836504,interpolado
0.0021960392078415694,0.006629365533645192,interpolado
0.002295859171834368,0.006476770969407708,interpolado
0.002395679135827166,0.006228844808025922,interpolado
0.0024954990998199648,0.005902642889401702,interpolado
0.0025953190638127637,0.005515221053436917,interpolado
0.0026951390278055617,0.005083635140033435,interpolado
0.002794958991798361,0.004624940989093119,interpolado
0.0028947789557911595,0.0041561944405178386,interpolado
0.003,0.00367,original
0.003094418883776757,0.0032535325165231124,interpolado
0.0031942388477695545,0.002832034109114147,interpolado
0.0032940588117623534,0.002424077474742338,interpolado
0.0033938787757551514,0.0020237833706331985,interpolado
0.0034936987397479503,0.0016252725540122424,interpolado
0.0035935187037407475,0.0012226657821049803,interpolado
0.003693338667733547,0.0008100838121369283,interpolado
0.0037931586317263444,0.00038164740133359986,interpolado
0.003892978595719143,-6.852269307949441e-05,interpolado
0.004,-0.000582,original
0.004092618523704739,-0.0010549400850819169,interpolado
0.004192438487697538,-0.0015845399178668195,interpolado
0.004292258451690337,-0.0021211499517160854,interpolado
0.0043920784156831335,-0.002650813684738894,interpolado
0.004491898379675935,-0.0031595746150444304,interpolado
0.004591718343668733,-0.003633476240741858,interpolado
0.00469153830766153,-0.0040585620599403625,interpolado
0.00479135827165433,-0.004420875570749116,interpolado
0.004891178235647129,-0.004706460271277295,interpolado
0.005,-0.004914,original
0.005090818163632725,-0.004993426427475638,interpolado
0.005190638127625526,-0.004980010353894086,interpolado
0.005290458091618324,-0.004861566705283166,interpolado
0.005390278055611122,-0.004638552509830163,interpolado
0.0054900980196039215,-0.004311424795722354,interpolado
0.00558991798359672,-0.003880640591147029,interpolado
0.005689737947589518,-0.0033466569242914667,interpolado
0.005789557911582318,-0.002709930823342945,interpolado
0.005889377875575115,-0.001970919316488757,interpolado
0.006,-0.001033,original
0.006089017803560713,-0.00019251798140249759,interpolado
0.006188837767553511,0.0008108690394592536,interpolado
0.00628865773154631,0.00184029551637469,interpolado
0.006388477695539108,0.002855967026332009,interpolado
0.006488297659531905,0.0038180891463194355,interpolado
0.006588117623524705,0.004686867453325195,interpolado
0.006687937587517502,0.005422507524337484,interpolado
0.006787757551510303,0.005985214936344536,interpolado
0.006887577515503101,0.006335195266334553,interpolado
0.007,0.006425,original
0.007087217443488696,0.006247632916095963,interpolado
0.007187037407481496,0.0058078337702983426,interpolado
0.007286857371474294,0.005161905149620131,interpolado
0.007386677335467093,0.004358525223875853,interpolado
0.007486497299459892,0.0034463721628800533,interpolado
0.0075863172634526915,0.002474124136447251,interpolado
0.00768613722744549,0.0014904593143919712,interpolado
0.007785957191438287,0.0005440558665287593,interpolado
0.007885777155431088,-0.0003164080373278621,interpolado
0.008,-0.001133,original
0.008085417083416686,-0.0015918914708636684,interpolado
0.008185237047409484,-0.001967659084031109,interpolado
0.008285057011402286,-0.0021887071062911285,interpolado
0.008384876975395084,-0.0022742195530843527,interpolado
0.008484696939387882,-0.0022433804398514215,interpolado
0.00858451690338068,-0.0021153737820329677,interpolado
0.00868433686737348,-0.0019093835950696287,interpolado
0.00878415683136628,-0.0016445938944020448,interpolado
0.008883976795359077,-0.001340188695470842,interpolado
0.009,-0.000962,original
0.009083616723344675,-0.0006881329085584813,interpolado
0.00918343668733747,-0.0003691374666930649,interpolado
0.009283256651330271,-6.597277441629232e-05,interpolado
0.009383076615323067,0.00021376234055336493,interpolado
0.009482896579315865,0.0004624690504974369,interpolado
0.009582716543308663,0.0006725485276974663,interpolado
0.009682536507301462,0.0008364019444349821,interpolado
0.009782356471294258,0.0009464304729915176,interpolado
0.00988217643528706,0.0009950352856486105,interpolado
0.01,0.000963,original
0.010081816363272652,0.0008799648502226972,interpolado
0.010181636327265452,0.0007224305696527867,interpolado
0.01028145629125825,0.0005203935988362874,interpolado
0.01038127625525105,0.00029225825094331674,interpolado
0.010481096219243848,5.6428839143996066e-05,interpolado
0.010580916183236646,-0.00016869032339156584,interpolado
0.010680736147229445,-0.00036469492349324795,interpolado
0.010780556111222242,-0.0005131806479909302,interpolado
0.01088037607521504,-0.0005957431837145019,interpolado
0.011,-0.000582,original
0.01108001600320064,-0.0004932114056513522,interpolado
0.011179835967193439,-0.00030619374531069685,interpolado
0.011279655931186237,-5.7913214213448926e-05,interpolado
0.011379475895179035,0.00022658566012274267,interpolado
0.011479295859171835,0.0005222583501802454,interpolado
0.011579115823164633,0.0008040603284414109,interpolado
0.011678935787157431,0.0010469470673885911,interpolado
0.01177875575115023,0.0012258740395041526,interpolado
0.01187857571514303,0.0013157967172704459,interpolado
0.012,0.001269,original
0.012078215643128627,0.001133360744028558,interpolado
0.012178035607121426,0.0008589954406131933,interpolado
0.012277855571114226,0.0005046581026761649,interpolado
0.01237767553510702,0.00010653563481128622,interpolado
0.012477495499099822,-0.00029918505838764865,interpolado
0.01257731546309262,-0.0006763170723268278,interpolado
0.012677135427085416,-0.0009886735024124405,interpolado
0.012776955391078218,-0.0012000674440506894,interpolado
0.012876775355071018,-0.0012743119926477628,interpolado
0.013,-0.001123,original
0.013076415283056614,-0.0008725941196731453,interpolado
0.013176235247049412,-0.0003857450558321312,interpolado
0.01327605521104221,0.00024159107454677222,interpolado
0.013375875175035011,0.0009655063264610619,interpolado
0.01347569513902781,0.0017420927549081982,interpolado
0.013575515103020611,0.002527442414885654,interpolado
0.01367533506701341,0.003277647361390888,interpolado
0.013775155031006209,0.003948799649421398,interpolado
0.01387497499499901,0.004496991333974645,interpolado
0.014,0.004943,original
0.014074614922984603,0.005053203997113002,interpolado
0.014174434886977401,0.00502021159331378,interpolado
0.014274254850970199,0.004797650428463537,interpolado
0.014374074814962995,0.004404001075444753,interpolado
0.014473894778955797,0.0038577441071399256,interpolado
0.014573714742948593,0.003177360096431557,interpolado
0.01467353470694139,0.0023813296162021177,interpolado
0.014773354670934187,0.0014881332393341055,interpolado
0.014873174634926982,0.0005162515387100333,interpolado
0.015,-0.000803,original
0.01507281456291258,-0.0015882573859211377,interpolado
0.01517263452690538,-0.0026681999943975548,interpolado
0.015272454490898178,-0.0037157950867043508,interpolado
0.015372274454890979,-0.00469110419465255,interpolado
0.015472094418883775,-0.00555418885005319,interpolado
0.015571914382876577,-0.00626511058471731,interpolado
0.015671734346869373,-0.006783930930455969,interpolado
0.015771554310862173,-0.007070711419080198,interpolado
0.015871374274854976,-0.007085513582401044,interpolado
0.016,-0.006639,original
0.016071014202840572,-0.006146309823855209,interpolado
0.016170834166833372,-0.005194456543505485,interpolado
0.016270654130826165,-0.004007099428926797,interpolado
0.01637047409481896,-0.002658958037165856,interpolado
0.016470294058811764,-0.0012247519252693345,interpolado
0.016570114022804557,0.00022079934971593225,interpolado
0.016669933986797354,0.001602976230743265,interpolado
0.016769753950790153,0.0028470591607659764,interpolado
0.016869573914782953,0.003878328582737244,interpolado
0.017,0.004781,original
0.017069213842768553,0.005010724348681143,interpolado
0.017169033806761345,0.005052581469331825,interpolado
0.01726885377075415,0.004801444180694066,interpolado
0.017368673734746952,0.00431174081465364,interpolado
0.01746849369873975,0.003637899703096386,interpolado
0.017568313662732548,0.002834349177908084,interpolado
0.01766813362672535,0.0019555175709745046,interpolado
0.017767953590718144,0.0010558332141815075,interpolado
0.017867773554710947,0.0001897244394148328,interpolado
0.018,-0.000813,original
0.018067413482696543,-0.0012275906550257257,interpolado
0.01816723344668934,-0.0017168708397902921,interpolado
0.018267053410682136,-0.002070308387851337,interpolado
0.01836687337467494,-0.002302383687610348,interpolado
0.01846669333866774,-0.0024275771274687953,interpolado
0.018566513302660535,-0.0024603690958281393,interpolado
0.018666333266653328,-0.0024152399810898548,interpolado
0.01876615323064613,-0.0023066701716554054,interpolado
0.018865973194638928,-0.0021491400559262657,interpolado
0.019,-0.001886,original
0.019065613122624524,-0.0017448241936091676,interpolado
0.01916543308661732,-0.0015228430389898114,interpolado
0.019265253050610116,-0.0012994498178001317,interpolado
0.019365073014602913,-0.0010828658088564975,interpolado
0.019464892978595716,-0.0008813122909753012,interpolado
0.019564712942588512,-0.000703010542972911,interpolado
0.019664532906581312,-0.0005561818436656989,interpolado
0.01976435287057411,-0.0004490474718700522,interpolado
0.019864172834566908,-0.00038982870640234146,interpolado
0.02,-0.000401,original
0.02006381276255251,-0.00044653869541538935,interpolado
0.020163632726545307,-0.0005568498653365009,interpolado
0.02026345269053811,-0.0006920775970537695,interpolado
0.02036327265453091,-0.0008263524655463383,interpolado
0.02046309261852371,-0.0009338050457933665,interpolado
0.02056291258251651,-0.000988565912774009,interpolado
0.020662732546509306,-0.0009647656414674153,interpolado
0.02076255251050211,-0.0008365348068527361,interpolado
0.02086237247449491,-0.0005780039839091346,interpolado
0.021,3.99e-05,original
0.02106201240248051,0.0004306879569064696,interpolado
0.021161832366473305,0.0011892536845313473,interpolado
0.021261652330466105,0.0020701335287475146,interpolado
0.0213614722944589,0.0030304449710175214,interpolado
0.021461292258451697,0.00402730549280382,interpolado
0.021561112222444494,0.005017832575568961,interpolado
0.02166093218643729,0.0059591437007754915,interpolado
0.02176075215043009,0.006808356349885865,interpolado
0.021860572114422883,0.00752258800436263,interpolado
0.022,0.008213,original
0.02206021204240848,0.008377088661636693,interpolado
0.022160032006401275,0.008473703666332377,interpolado
0.022259851970394078,0.008373831460454973,interpolado
0.02235967193438687,0.008103216907025762,interpolado
0.022459491898379667,0.007687604869066034,interpolado
0.022559311862372467,0.007152740209597053,interpolado
0.022659131826365267,0.006524367791640137,interpolado
0.02275895179035806,0.005828232478216553,interpolado
0.022858771754350866,0.005090079132347564,interpolado
0.023,0.004024,original
0.02305841168233646,0.003590186517103162,interpolado
0.023158231646329266,0.002870796148992778,interpolado
0.023258051610322066,0.002188098998954296,interpolado
0.023357871574314865,0.0015525304071488336,interpolado
0.02345769153830767,0.0009745257137375161,interpolado
0.023557511502300465,0.0004645202588815265,interpolado
0.02365733146629326,3.294938274198684e-05,interpolado
0.02375715143028606,-0.0003097515745199697,interpolado
0.023856971394278864,-0.0005531472727431761,interpolado
0.024,-0.000708,original
0.024056611322264457,-0.0007008173539961263,interpolado
0.024156431286257257,-0.0005944547079802973,interpolado
0.024256251250250056,-0.00037466525878933864,interpolado
0.024356071214242853,-4.86380760288555e-05,interpolado
0.024455891178235652,0.0003764377706955666,interpolado
0.02455571114222845,0.0008933732117783566,interpolado
0.02465553110622125,0.0014949791776138876,interpolado
0.024755351070214045,0.002174066598596585,interpolado
0.024855171034206848,0.002923446405120886,interpolado
0.025,0.004121,original
0.02505481096219244,0.004603998341945722,interpolado
0.025154630926185237,0.005514072198438425,interpolado
0.02525445089017804,0.006447236787890956,interpolado
0.025354270854170833,0.007384395871609111,interpolado
0.025454090818163633,0.008306453210898691,interpolado
0.025553910782156432,0.009194312567065406,interpolado
0.02565373074614923,0.010028877701415055,interpolado
0.02575355071014203,0.010791052375253435,interpolado
0.02585337067413483,0.011461740349886259,interpolado
0.026,0.012241,original
0.02605301060212042,0.012452956710411005,interpolado
0.026152830566113224,0.012750347505004823,interpolado
0.026252650530106014,0.012921909530555999,interpolado
0.02635247049409882,0.01297600649547105,interpolado
0.026452290458091617,0.012921002108156478,interpolado
0.026552110422084416,0.012765260077018798,interpolado
0.026651930386077216,0.012517144110464505,interpolado
0.026751750350070016,0.012185017916900133,interpolado
0.026851570314062816,0.011777245204732176,interpolado
0.027,0.011049,original
0.02705121024204842,0.01076831382404976,interpolado
0.02715103020604122,0.010186218580365385,interpolado
0.02725085017003401,0.009568571928013013,interpolado
0.02735067013402681,0.008928126314310997,interpolado
0.027450490098019614,0.008277634186577685,interpolado
0.02755031006201241,0.007629847992131486,interpolado
0.027650130026005214,0.006997520178290754,interpolado
0.027749949989998014,0.006393403192373833,interpolado
0.02784976995399081,0.005830249481699136,interpolado
0.027949589917983606,0.005320811493585012,interpolado
0.028,0.005088,original
0.028149229845969206,0.004501071355139108,interpolado
0.028249049809962005,0.00418179062877622,interpolado
0.028348869773954805,0.003908897147173949,interpolado
0.028448689737947598,0.00367176119277547,interpolado
0.0285485097019404,0.0034597530480239315,interpolado
0.028648329665933194,0.003262242995362482,interpolado
0.028748149629925987,0.003068601317234294,interpolado
0.028847969593918794,0.002868198296082519,interpolado
0.028947789557911587,0.002650404214350303,interpolado
0.029,0.002526,original
0.02914742948589718,0.0021335576329999215,interpolado
0.029247249449889975,0.001849742995881221,interpolado
0.02934706941388278,0.0015679856265731495,interpolado
0.029446889377875568,0.001302673309226453,interpolado
0.029546709341868368,0.0010681938279918813,interpolado
0.029646529305861168,0.0008789349670202053,interpolado
0.029746349269853964,0.0007492845104621728,interpolado
0.02984616923384676,0.0006936302424685389,interpolado
0.02994598919783956,0.0007263599471900644,interpolado
0.03,0.000786,original
0.03014562912582516,0.0010923947243582782,interpolado
0.030245449089817963,0.001392786933261416,interpolado
0.03034526905381076,0.0017339813170357203,interpolado
0.030445089017803562,0.0020876098861652456,interpolado
0.030544908981796355,0.002425304651134007,interpolado
0.030644728945789155,0.0027186976224260685,interpolado
0.030744548909781958,0.002939420810525451,interpolado
0.03084436887377475,0.0030591062259162057,interpolado
0.030944188837767558,0.003049385879082372,interpolado
0.031,0.002977,original
0.03114382876575315,0.002555864672719121,interpolado
0.03124364872974596,0.0020943255554116847,interpolado
0.03134346869373875,0.001525072215127641,interpolado
0.03144328865773155,0.0008751115270132391,interpolado
0.03154310862172435,0.00017145036621474217,interpolado
0.031642928585717156,-0.0005589043921215861,interpolado
0.03174274854970995,-0.0012889458728495328,interpolado
0.03184256851370275,-0.0019916672008227316,interpolado
0.03194238847769555,-0.002640061500894971,interpolado
0.032,-0.002979,original
0.03214202840568114,-0.0036796339360458284,interpolado
0.03224184836967394,-0.00405731304254427,interpolado
0.03234166833366674,-0.004342243199124757,interpolado
0.03244148829765954,-0.004536146383995458,interpolado
0.03254130826165234,-0.004640744575364517,interpolado
0.032641128225645126,-0.004657759751440073,interpolado
0.03274094818963792,-0.004588913890430268,interpolado
0.03284076815363072,-0.004435928970543231,interpolado
0.03294058811762353,-0.004200526969987124,interpolado
0.033,-0.004022,original
0.03314022804560912,-0.003496939222908996,interpolado
0.03324004800960192,-0.0030550602709158905,interpolado
0.033339867973594714,-0.002577100139211315,interpolado
0.03343968793758752,-0.0020811845943987076,interpolado
0.03353950790158032,-0.0015854394030816088,interpolado
0.03363932786557312,-0.0011079903318634565,interpolado
0.03373914782956591,-0.000666963147347722,interpolado
0.033838967793558716,-0.0002804836161378775,interpolado
0.033938787757551506,3.332249516260584e-05,interpolado
0.034,0.000182,original
0.03413842768553711,0.0003839932351136744,interpolado
0.03423824764952991,0.00042668561918058674,interpolado
0.034338067613522705,0.00039713123612058484,interpolado
0.0344378875775155,0.0003077600958868472,interpolado
0.0345377075415083,0.00017100220843255178,interpolado
0.0346375275055011,-7.124162891347852e-07,interpolado
0.03473734746949389,-0.0001949537683250097,interpolado
0.03483716743348669,-0.0003992918377219054,interpolado
0.03493698739747949,-0.0006012966145266432,interpolado
0.035,-0.000722,original
0.035136627325465096,-0.0009580283183462588,interpolado
0.03523644728945789,-0.0011179503537982172,interpolado
0.035336267253450696,-0.0012781519592684537,interpolado
0.03543608721744349,-0.001448296287501903,interpolado
0.03553590718143629,-0.00163804649124349,interpolado
0.03563572714542908,-0.001857065723238138,interpolado
0.03573554710942189,-0.0021150171362307913,interpolado
0.03583536707341469,-0.0024215638829663383,interpolado
0.03593518703740749,-0.0027863691161897196,interpolado
0.036,-0.003059,original
0.036134826965393094,-0.0037151643899003615,interpolado
0.03623464692938588,-0.0042518873345315155,interpolado
0.036334466893378686,-0.004803998374738264,interpolado
0.03643428685737148,-0.005346480375163069,interpolado
0.036534106821364286,-0.005854316200448512,interpolado
0.036633926785357075,-0.006302488715237129,interpolado
0.03673374674934987,-0.0066659807841714675,interpolado
0.036833566713342675,-0.006919775271894068,interpolado
0.03693338667733548,-0.0070388550430474746,interpolado
0.037,-0.007031,original
0.037133026605321064,-0.006795877139974061,interpolado
0.03723284656931387,-0.006461383316555151,interpolado
0.037332666533306656,-0.006028560376539472,interpolado
0.03743248649729945,-0.005530888277833942,interpolado
0.03753230646129226,-0.005001846978345437,interpolado
0.03763212642528505,-0.004474916435980943,interpolado
0.03773194638927785,-0.00398357660864734,interpolado
0.03783176635327065,-0.003561307454251541,interpolado
0.03793158631726345,-0.00324158893070046,interpolado
0.038,-0.003099,original
0.03813122624524904,-0.003019727057760168,interpolado
0.038231046209241844,-0.0031015632818933627,interpolado
0.03833086617323465,-0.0032731897274060977,interpolado
0.03843068613722745,-0.003504715408217994,interpolado
0.03853050610122025,-0.0037662493382486714,interpolado
0.03863032606521305,-0.004027900531417772,interpolado
0.038730146029205846,-0.0042597780016448775,interpolado
0.038829965993198635,-0.004431990762849628,interpolado
0.03892978595719144,-0.004514647828951647,interpolado
0.039,-0.004503,original
0.039129425885177045,-0.0043118587004920645,interpolado
0.03922924584916984,-0.004038225166140736,interpolado
0.03932906581316264,-0.0036827108484623096,interpolado
0.039428885777155434,-0.003270828067827059,interpolado
0.03952870574114822,-0.0028280891446052763,interpolado
0.039628525705141034,-0.00238000639916725,interpolado
0.03972834566913384,-0.001952092151883274,interpolado
0.03982816563312663,-0.0015698587231236147,interpolado
0.03992798559711943,-0.001258818433258616,interpolado
0.04,-0.001093,original
0.040127625525105015,-0.0009345436002435466,interpolado
0.040227445489097825,-0.000907101015707853,interpolado
0.04032726545309062,-0.0009363191487835318,interpolado
0.040427085417083425,-0.0009965456147578112,interpolado
0.04052690538107623,-0.0010621280289179057,interpolado
0.04062672534506901,-0.001107414006551042,interpolado
0.04072654530906182,-0.0011067511629444442,interpolado
0.04082636527305462,-0.0010344871133853354,interpolado
0.040926185237047406,-0.00086496947316094,interpolado
0.041,-0.000662,original
0.04112582516503301,-0.00014750387405959554,interpolado
0.0412256451290258,0.00039169752477026786,interpolado
0.041325465093018605,0.0010228182763188166,interpolado
0.04142528505701141,0.0017237590413431056,interpolado
0.04152510502100421,0.00247242048060024,interpolado
0.041624924984997015,0.003246703254847169,interpolado
0.041724744948989805,0.004024508024840996,interpolado
0.04182456491298261,0.004783735451338777,interpolado
0.0419243848769754,0.005502286195097562,interpolado
0.042,0.006006,original
0.04212402480496101,0.0067349361132137036,interpolado
0.0422238447689538,0.007228017825079663,interpolado
0.0423236647329466,0.007633944024345671,interpolado
0.0424234846969394,0.007949308262768157,interpolado
0.042523304660932196,0.008170704092103551,interpolado
0.04262312462492499,0.008294725064108286,interpolado
0.04272294458891779,0.008317964730538786,interpolado
0.042822764552910585,0.008237016643151487,interpolado
0.04292258451690339,0.008048474353702815,interpolado
0.043,0.007826,original
0.04312222444488898,0.007346835559186334,interpolado
0.04322204440888176,0.006874292804372041,interpolado
0.04332186437287459,0.006366713397672693,interpolado
0.04342168433686737,0.005859434573936829,interpolado
0.043521504300860166,0.00538779356801288,interpolado
0.043621324264852976,0.004987127614749317,interpolado
0.04372114422884576,0.004692773948994605,interpolado
0.04382096419283857,0.004540069805597214,interpolado
0.04392078415683137,0.0045643524194056186,interpolado
0.044,0.004733,original
0.044120424084816964,0.005255561883289899,interpolado
0.044220244048809754,0.005871018294209645,interpolado
0.04432006401280256,0.006581147389398571,interpolado
0.04441988397679535,0.007319916882222039,interpolado
0.044519703940788156,0.00802129448604544,interpolado
0.04461952390478095,0.00861924791423404,interpolado
0.04471934386877376,0.009047744880153242,interpolado
0.044819163832766545,0.009240753097168396,interpolado
0.044918983796759356,0.00913224027864487,interpolado
0.045,0.008777,original
0.04511862372474495,0.0077906678927729175,interpolado
0.04521844368873775,0.006612923258563873,interpolado
0.04531826365273055,0.005214908599276062,interpolado
0.045418083616723344,0.0036884164436065676,interpolado
0.04551790358071613,0.002125239320252475,interpolado
0.04561772354470895,0.0006171697579107669,interpolado
0.04571754350870173,-0.000743999714721256,interpolado
0.045817363472694536,-0.001866476568946623,interpolado
0.045917183436687325,-0.002658468276068248,interpolado
0.046,-0.002999,original
0.046116823364672925,-0.0029312720016997453,interpolado
0.04621664332866572,-0.002436190712532262,interpolado
0.046316463292658525,-0.0016288798425316091,interpolado
0.04641628325665133,-0.0005951345036732449,interpolado
0.04651610322064412,0.0005792501920673591,interpolado
0.04661592318463692,0.0018084791327147237,interpolado
0.046715743148629724,0.003006757206293377,interpolado
0.04681556311262252,0.0040882893008279105,interpolado
0.046915383076615316,0.004967280304342695,interpolado
0.047,0.00549,original
0.04711502300460093,0.0058108503117590676,interpolado
0.04721484296859371,0.005768199522029969,interpolado
0.04731466293258652,0.005486980848200616,interpolado
0.047414482896579326,0.0050241083717366755,interpolado
0.047514302860572115,0.004436496174103927,interpolado
0.04761412282456492,0.0037810583367680582,interpolado
0.047713942788557714,0.003114708941194775,interpolado
0.04781376275255052,0.002494362068849788,interpolado
0.047913582716543314,0.001976931801198809,interpolado
0.048,0.001656,original
0.048113222644528914,0.0014558511627929362,interpolado
0.04821304260852171,0.0014605471794992663,interpolado
0.048312862572514506,0.0015972683155364598,interpolado
0.04841268253650731,0.0018299001473920473,interpolado
0.04851250250050011,0.0021223282515535763,interpolado
0.04861232246449291,0.002438438204508535,interpolado
0.048712142428485705,0.002742115582744469,interpolado
0.0488119623924785,0.0029972459627489088,interpolado
0.0489117823564713,0.0031677149210093815,interpolado
0.049,0.003219,original
0.049111422284456904,0.0031249008108323257,interpolado
0.0492112422484497,0.002910111771739808,interpolado
0.049311062212442504,0.0026003164931963493,interpolado
0.0494108821764353,0.002222773965794694,interpolado
0.04951070214042809,0.00180474318012759,interpolado
0.049610522104420886,0.0013734831267877823,interpolado
0.04971034206841369,0.0009562527963679913,interpolado
0.04981016203240649,0.000580311179461021,interpolado
0.049909981996399296,0.0002729172666595891,interpolado
0.05,7.71e-05,original
0.05010962192438488,-3.7759788301710416e-05,interpolado
0.05020944188837768,-3.909448137356464e-05,interpolado
0.05030926185237049,3.670155314808853e-05,interpolado
0.05040908181636328,0.00016901145437305377,interpolado
0.05050890178035608,0.0003372183614111506,interpolado
0.05060872174434887,0.000520705413372195,interpolado
0.05070854170834167,0.0006988557493660044,interpolado
0.05080836167233446,0.0008510525085023947,interpolado
0.050908181636327265,0.000956678829891188,interpolado
0.051,0.000995,original
0.051107821564312865,0.0009508360164416236,interpolado
0.051207641528305654,0.0008242719862002212,interpolado
0.05130746149229845,0.0006190119268141099,interpolado
0.051407281456291254,0.00033863992559120574,interpolado
0.05150710142028405,-1.3259930160514099e-05,interpolado
0.05160692138427685,-0.0004331035531331284,interpolado
0.05170674134826966,-0.0009173068560186999,interpolado
0.05180656131226244,-0.00146228575150929,interpolado
0.051906381276255235,-0.0020644561522969603,interpolado
0.052,-0.002678,original
0.05210602120424085,-0.003422317229878165,interpolado
0.052205841168233645,-0.004151066353759549,interpolado
0.05230566113222645,-0.004884278988782515,interpolado
0.05240548109621924,-0.005599753524979308,interpolado
0.05250530106021204,-0.006275288352382177,interpolado
0.05260512102420484,-0.006888681861023406,interpolado
0.05270494098819765,-0.00741773244093516,interpolado
0.052804760952190444,-0.007840238482149728,interpolado
0.052904580916183254,-0.008133998374699358,interpolado
0.053,-0.008274,original
0.05310422084416883,-0.00825504423208025,interpolado
0.05320404080816165,-0.008085100719071222,interpolado
0.05330386077215444,-0.007789961383701602,interpolado
0.053403680736147235,-0.007392606994750203,interpolado
0.05350350070014003,-0.006916018320995838,interpolado
0.05360332066413282,-0.006383176131217323,interpolado
0.05370314062812563,-0.005817061194193478,interpolado
0.053802960592118435,-0.005240654278703072,interpolado
0.053902780556111224,-0.004676936153525008,interpolado
0.054,-0.004162,original
0.05410242048409682,-0.0036746845620615055,interpolado
0.05420224044808961,-0.0032547293622015904,interpolado
0.05430206041208242,-0.002885314608572133,interpolado
0.05440188037607522,-0.0025627330005362292,interpolado
0.054501700340068016,-0.002283277237456897,interpolado
0.05460152030406081,-0.0020432400186971822,interpolado
0.054701340268053615,-0.0018389140436201304,interpolado
0.05480116023204642,-0.0016665920115887867,interpolado
0.054900980196039215,-0.0015225666219661877,interpolado
0.055,-0.001404,original
0.055100620124024814,-0.0013063820171526812,interpolado
0.05520044008801761,-0.0012374692939070677,interpolado
0.055300260052010414,-0.0012032614187041325,interpolado
0.05540008001600321,-0.001210627404961501,interpolado
0.05549989997999602,-0.0012664362660968047,interpolado
0.05559971994398881,-0.0013775570155276618,interpolado
0.05569953990798162,-0.0015508586666717005,interpolado
0.05579935987197441,-0.0017932102329465452,interpolado
0.055899179835967205,-0.0021114807277698225,interpolado
0.056,-0.002517,original
0.056098819763952805,-0.0029975658532782764,interpolado
0.056198639727945615,-0.0035442918518965106,interpolado
0.056298459691938404,-0.004124407030238487,interpolado
0.056398279655931194,-0.004709601252230291,interpolado
0.056498099619924,-0.005271564381798009,interpolado
0.05659791958391678,-0.005781986282867729,interpolado
0.05669773954790959,-0.006212556819365559,interpolado
0.056797559511902386,-0.0065349658552175255,interpolado
0.05689737947589518,-0.006720903254349747,interpolado
0.057,-0.00674,original
0.05709701940388077,-0.006579246240465192,interpolado
0.05719683936787358,-0.00625297959639309,interpolado
0.057296659331866374,-0.005794569135223933,interpolado
0.057396479295859164,-0.005235325263155495,interpolado
0.057496299259851974,-0.0046065583863854525,interpolado
0.05759611922384477,-0.003939578911111511,interpolado
0.05769593918783757,-0.0032656972435313727,interpolado
0.05779575915183038,-0.002616223789842703,interpolado
0.05789557911582317,-0.0020224689562432954,interpolado
0.058,-0.001495,original
0.058095219043808766,-0.0011206319425187583,interpolado
0.05819503900780156,-0.0008308273494311763,interpolado
0.058294858971794365,-0.0006311554696359498,interpolado
0.05839467893578716,-0.0005064416444464167,interpolado
0.05849449889977996,-0.0004415112151759379,interpolado
0.05859431886377275,-0.0004211895231378467,interpolado
0.058694138827765543,-0.00043030190964548764,interpolado
0.05879395879175835,-0.00045367371601220485,interpolado
0.05889377875575114,-0.00047613028355134295,interpolado
0.059,-0.000482,original
0.059093418683736736,-0.00046051480349159924,interpolado
0.05919323864772953,-0.0004120684569907964,interpolado
0.059293058611722335,-0.00034332507126731937,interpolado
0.05939287857571514,-0.0002604527416111294,interpolado
0.059492698539707935,-0.00016961956331218786,interpolado
0.05959251850370074,-7.699363166045015e-05,interpolado
0.05969233846769355,1.1256958054109457e-05,interpolado
0.05979215843168634,8.89641105415358e-05,interpolado
0.05989197839567914,0.00014995973051186757,interpolado
0.06,0.00019,original
0.06009161832366474,0.00019859987236844475,interpolado
0.060191438287657544,0.00018427849350853415,interpolado
0.06029125825165034,0.00015023994299745699,interpolado
0.06039107821564312,0.00010161362217102004,interpolado
0.06049089817963593,4.352893236503111e-05,interpolado
0.060590718143628736,-1.8884725084702672e-05,interpolado
0.06069053810762152,-8.049794884237393e-05,interpolado
0.06079035807161433,-0.00013618133757217882,interpolado
0.06089017803560712,-0.00018080548993830211,interpolado
0.061,-0.000211,original
0.06108981796359272,-0.00021644259235180531,interpolado
0.06118963792758553,-0.00019782018614783264,interpolado
0.06128945789157832,-0.00014893701194204615,interpolado
0.06138927785557113,-6.535641183624386e-05,interpolado
0.061489097819563916,5.7358272067785105e-05,interpolado
0.06158891778355671,0.00022364369766824898,interpolado
0.06168873774754952,0.00043793652286335655,interpolado
0.06178855771154231,0.000704673405551316,interpolado
0.06188837767553511,0.0010282910036303605,interpolado
0.062,0.001463,original
0.0620880176035207,0.0018611487291572745,interpolado
0.06218783756751352,0.0023579084383837418,interpolado
0.062287657531506314,0.0028837389181365614,interpolado
0.062387477495499104,0.0034188673144371472,interpolado
0.06248729745949191,0.003943520773306946,interpolado
0.0625871174234847,0.004437926440767266,interpolado
0.06268693738747752,0.004882311462839648,interpolado
0.06278675735147032,0.005256902985545433,interpolado
0.0628865773154631,0.005541928154905996,interpolado
0.063,0.005732,original
0.0630862172434487,0.0057685257067483136,interpolado
0.0631860372074415,0.0057054558218149745,interpolado
0.06328585717143427,0.005549005097425619,interpolado
0.06338567713542709,0.0053197912043026355,interpolado
0.06348549709941989,0.005038431813168471,interpolado
0.06358531706341268,0.004725544594745603,interpolado
0.06368513702740548,0.004401747219756372,interpolado
0.06378495699139829,0.004087657358923297,interpolado
0.06388477695539109,0.0038038926829687173,interpolado
0.064,0.003541,original
0.06408441688337667,0.0034053355620911312,interpolado
0.06418423684736949,0.0032942173488666807,interpolado
0.06428405681136226,0.003213978533422459,interpolado
0.06438387677535506,0.003140854247366835,interpolado
0.06448369673934787,0.003051079622308208,interpolado
0.06458351670334066,0.0029208897898549864,interpolado
0.06468333666733346,0.002726519881615522,interpolado
0.06478315663132625,0.0024442050291982663,interpolado
0.06488297659531905,0.0020501803642115277,interpolado
0.065,0.001414,original
0.06508261652330465,0.0008385845632124098,interpolado
0.06518243648729745,3.1724493397989074e-05,interpolado
0.06528225645129025,-0.0008534280712891699,interpolado
0.06538207641528304,-0.0017703420356003018,interpolado
0.06548189637927584,-0.00267248630428615,interpolado
0.06558171634326866,-0.0035133297820979527,interpolado
0.06568153630726145,-0.004246341373786566,interpolado
0.06578135627125424,-0.0048249899841029086,interpolado
0.06588117623524704,-0.005202744517798127,interpolado
0.066,-0.005326,original
0.06608081616323264,-0.00517827959881844,interpolado
0.06618063612722544,-0.004763962681618345,interpolado
0.06628045609121826,-0.004143338795584979,interpolado
0.06638027605521105,-0.0033697384544430584,interpolado
0.06648009601920384,-0.0024964921719173834,interpolado
0.06657991598319665,-0.0015769304617323822,interpolado
0.06667973594718946,-0.0006643838376129671,interpolado
0.06677955591118223,0.000187817186716448,interpolado
0.06687937587517505,0.000926342097531059,interpolado
0.067,0.001591,original
0.06707901580316065,0.0018561257033737567,interpolado
0.06717883576715343,0.002008686716147198,interpolado
0.06727865573114623,0.001987777754088265,interpolado
0.06737847569513902,0.0018257624517910014,interpolado
0.06747829565913181,0.0015550044438495272,interpolado
0.06757811562312463,0.0012078673648578395,interpolado
0.06767793558711742,0.0008167148494101009,interpolado
0.06777775555111022,0.0004139105321002764,interpolado
0.067877575515103,3.181804752254498e-05,interpolado
0.068,-0.000361,original
0.0680772154430886,-0.0005440861988760131,interpolado
0.06817703540708141,-0.0007064367198568053,interpolado
0.06827685537107421,-0.0007947010706173548,interpolado
0.06837667533506701,-0.0008194128145784153,interpolado
0.06847649529905982,-0.0007911055151607729,interpolado
0.06857631526305262,-0.0007203127357852013,interpolado
0.06867613522704541,-0.0006175680398724976,interpolado
0.06877595519103821,-0.000493404990843413,interpolado
0.06887577515503102,-0.0003583571521187596,interpolado
0.069,-0.000191,original
0.06907541508301662,-9.692882753498102e-05,interpolado
0.06917523504700944,1.6953091729751106e-05,interpolado
0.06927505501100223,0.00011943153513098204,interpolado
0.069374874974995,0.00021127790280259118,interpolado
0.06947469493898781,0.00029326359487849476,interpolado
0.0695745149029806,0.0003661600114925611,interpolado
0.06967433486697341,0.0004307385527787016,interpolado
0.06977415483096622,0.0004877706188707964,interpolado
0.069873974794959,0.0005380276099027303,interpolado
0.07,0.000593,original
0.0700736147229446,0.0006217430983401607,interpolado
0.07017343468693742,0.0006616308801859068,interpolado
0.07027325465093019,0.0007092947556466478,interpolado
0.07037307461492301,0.0007721051081338611,interpolado
0.07047289457891581,0.0008574323210590068,interpolado
0.07057271454290859,0.0009726467778335315,interpolado
0.0706725345069014,0.0011251188618689322,interpolado
0.0707723544708942,0.0013222189565766293,interpolado
0.070872174434887,0.001571317445368143,interpolado
0.071,0.001978,original
0.07107181436287258,0.002252917245040953,interpolado
0.07117163432686538,0.002675995470015875,interpolado
0.07127145429085818,0.0031230966422866884,interpolado
0.07137127425485096,0.0035681750226118194,interpolado
0.07147109421884378,0.003985184871749512,interpolado
0.07157091418283656,0.0043480804504580205,interpolado
0.07167073414682937,0.004630816019495747,interpolado
0.07177055411082216,0.004807345839620926,interpolado
0.07187037407481495,0.00485162417159191,interpolado
0.072,0.004669,original
0.07207001400280055,0.004443422075963499,interpolado
0.07216983396679336,0.003990135391142572,interpolado
0.07226965393078615,0.0034240355104156223,interpolado
0.07236947389477896,0.0027917351201688706,interpolado
0.07246929385877175,0.0021398469067888566,interpolado
0.07256911382276457,0.0015149835566617747,interpolado
0.07266893378675736,0.0009637577561740968,interpolado
0.07276875375075015,0.0005327821917122517,interpolado
0.07286857371474297,0.00026866954966249567,interpolado
0.073,0.000254,original
0.07306821364272856,0.0004222215292342808,interpolado
0.07316803360672133,0.0008649774377489878,interpolado
0.07326785357071416,0.0014944988331016245,interpolado
0.07336767353470694,0.0022584608512276026,interpolado
0.07346749349869973,0.00310453862806226,interpolado
0.07356731346269255,0.003980407299541293,interpolado
0.07366713342668534,0.004833742001599935,interpolado
0.07376695339067814,0.005612217870173885,interpolado
0.07386677335467094,0.0062635100411984794,interpolado
0.074,0.006844,original
0.07406641328265653,0.006979142893997733,interpolado
0.07416623324664931,0.006992179003789283,interpolado
0.07426605321064211,0.006801013424256125,interpolado
0.07436587317463492,0.0064327538434118025,interpolado
0.0744656931386277,0.005914507949269967,interpolado
0.07456551310262051,0.005273383429844043,interpolado
0.07466533306661333,0.0045364879731477625,interpolado
0.07476515303060613,0.0037309292671944883,interpolado
0.07486497299459892,0.0028838149999980034,interpolado
0.075,0.00172,original
0.07506461292258453,0.0011726715494522824,interpolado
0.07516443288657731,0.00035302474109695454,interpolado
0.07526425285057012,-0.0004244912485304379,interpolado
0.07536407281456291,-0.0011477899499919778,interpolado
0.07546389277855571,-0.0018047848938501608,interpolado
0.07556371274254853,-0.00238338961066718,interpolado
0.07566353270654129,-0.0028715176310052646,interpolado
0.0757633526705341,-0.003257082485426849,interpolado
0.0758631726345269,-0.0035279977044941242,interpolado
0.076,-0.003691,original
0.0760628125625125,-0.0036790208082139036,interpolado
0.0761626325265053,-0.0035577989917211436,interpolado
0.07626245249049812,-0.003331939090204301,interpolado
0.0763622724544909,-0.003025173031042971,interpolado
0.0764620924184837,-0.0026612327416166157,interpolado
0.07656191238247648,-0.002263850149304878,interpolado
0.0766617323464693,-0.0018567571814871928,interpolado
0.07676155231046208,-0.0014636857655431627,interpolado
0.07686137227445489,-0.0011083678288523826,interpolado
0.077,-0.000722,original
0.07706101220244047,-0.0006045693283758529,interpolado
0.07716083216643328,-0.0004815112201938558,interpolado
0.07726065213042609,-0.0004339480420560941,interpolado
0.07736047209441889,-0.00045011925479378727,interpolado
0.07746029205841168,-0.0005182643192381669,interpolado
0.07756011202240448,-0.0006266226962204431,interpolado
0.07765993198639728,-0.0007634338465718733,interpolado
0.07775975195039009,-0.0009169372311236485,interpolado
0.07785957191438288,-0.0010753723107070378,interpolado
0.078,-0.001284,original
0.07805921184236847,-0.001360371944275384,interpolado
0.07815903180636126,-0.001469957646682288,interpolado
0.07825885177035408,-0.0015546778539335272,interpolado
0.07835867173434687,-0.001613596225951462,interpolado
0.07845849169833968,-0.0016457764226584192,interpolado
0.07855831166233247,-0.0016502821039767388,interpolado
0.07865813162632526,-0.0016261769298287609,interpolado
0.07875795159031806,-0.0015725245601368315,interpolado
0.07885777155431087,-0.001488388654823275,interpolado
0.079,-0.001314,original
0.07905741148229646,-0.0012252772453582317,interpolado
0.07915723144628925,-0.0010510364925557824,interpolado
0.07925705141028205,-0.000860269087249622,interpolado
0.07935687137427486,-0.0006632771365259471,interpolado
0.07945669133826766,-0.00047036274747106074,interpolado
0.07955651130226044,-0.00029182802717115926,interpolado
0.07965633126625327,-0.00013797508271252146,interpolado
0.07975615123024606,-1.9106021181412164e-05,interpolado
0.07985597119423883,5.447705033595127e-05,interpolado
0.08,6e-05,original
0.08005561112222444,2.5418603053669054e-05,interpolado
0.08015543108621725,-8.113090493022542e-05,interpolado
0.08025525105021003,-0.0002286915218368409,interpolado
0.08035507101420285,-0.0003983553529396319,interpolado
0.08045489097819564,-0.0005712145035119688,interpolado
0.08055471094218844,-0.000728361078827313,interpolado
0.08065453090618122,-0.0008508871841590385,interpolado
0.08075435087017403,-0.0009198849247805928,interpolado
0.08085417083416682,-0.0009164464059653682,interpolado
0.081,-0.000742,original
0.08105381076215243,-0.00061777497320989,interpolado
0.08115363072614523,-0.00030910275245045693,interpolado
0.08125345069013802,8.008705472044777e-05,interpolado
0.08135327065413084,0.0005248122704852134,interpolado
0.08145309061812363,0.001000090717026198,interpolado
0.08155291058211642,0.0014809402165259626,interpolado
0.08165273054610922,0.0019423785911668067,interpolado
0.08175255051010202,0.002359423663131286,interpolado
0.0818523704740948,0.0027070932546017184,interpolado
0.082,0.003041,original
0.0820520104020804,0.003095424870840837,interpolado
0.08215183036607318,0.003110088602763145,interpolado
0.082251650330066,0.003023035237952312,interpolado
0.08235147029405879,0.00285371732905263,interpolado
0.08245129025805162,0.0026215874287083252,interpolado
0.08255111022204441,0.0023460980895636894,interpolado
0.08265093018603718,0.0020467018642630398,interpolado
0.08275075015003001,0.0017428513054505654,interpolado
0.08285057011402278,0.0014539989657706188,interpolado
0.083,0.001092,original
0.08305021004200841,0.0009986830713442738,interpolado
0.08315003000600119,0.0008608562854282874,interpolado
0.083249849969994,0.0007863548760701286,interpolado
0.08334966993398678,0.0007750153378838064,interpolado
0.0834494898979796,0.0008266741654833057,interpolado
0.08354930986197237,0.0009411678534826003,interpolado
0.0836491298259652,0.0011183328964957102,interpolado
0.08374894978995802,0.0013580057891366122,interpolado
0.0838487697539508,0.0016600230260192476,interpolado
0.08394858971794358,0.002024221101757688,interpolado
0.084,0.002236,original
0.08414822964592919,0.00292288017839596,interpolado
0.08424804960992202,0.0034150425142412525,interpolado
0.0843478695739148,0.003897584884371424,interpolado
0.08444768953790761,0.004341712940876113,interpolado
0.08454750950190039,0.0047186323358447075,interpolado
0.08464732946589319,0.004999548721366821,interpolado
0.084747149429886,0.005155667749531885,interpolado
0.08484696939387879,0.005158195072429451,interpolado
0.0849467893578716,0.0049783363421489904,interpolado
0.085,0.004798,original
0.0851464292858572,0.003992589697374749,interpolado
0.08524624924984998,0.003229173064516236,interpolado
0.08534606921384277,0.002338432333660054,interpolado
0.08544588917783558,0.001360581632983862,interpolado
0.08554570914182837,0.0003358350906653598,interpolado
0.08564552910582116,-0.0006955931651181818,interpolado
0.08574534906981393,-0.0016934890061889283,interpolado
0.08584516903380673,-0.0026176383043696023,interpolado
0.08594498899779954,-0.0034278269314824013,interpolado
0.086,-0.003811,original
0.08614462892578514,-0.004571384302649444,interpolado
0.08624444888977793,-0.004897631778651154,interpolado
0.08634426885377072,-0.005074266851907797,interpolado
0.08644408881776354,-0.005112202387478591,interpolado
0.0865439087817563,-0.00502235125042281,interpolado
0.08664372874574912,-0.004815626305799717,interpolado
0.08674354870974194,-0.004502940418668632,interpolado
0.08684336867373474,-0.004095206454088734,interpolado
0.08694318863772751,-0.0036033372771194063,interpolado
0.087,-0.00329,original
0.08714282856571313,-0.0024156708169910056,interpolado
0.08724264852970592,-0.0017557107570838927,interpolado
0.08734246849369873,-0.001079294644465697,interpolado
0.08744228845769153,-0.00040721978114663127,interpolado
0.08754210842168433,0.00023971653086346032,interpolado
0.08764192838567711,0.0008407169895543708,interpolado
0.08774174834966993,0.0013749842929162391,interpolado
0.08784156831366274,0.0018217211389389453,interpolado
0.0879413882776555,0.002160130225612416,interpolado
0.088,0.0023,original
0.08814102820564113,0.0024480952460858695,interpolado
0.08824084816963391,0.002413646526166498,interpolado
0.08834066813362672,0.002286856158918267,interpolado
0.08844048809761951,0.0020880302349475955,interpolado
0.08854030806161234,0.0018374748448608132,interpolado
0.0886401280256051,0.001555496079264372,interpolado
0.08873994798959792,0.0012624000287645794,interpolado
0.0888397679535907,0.000978492783967898,interpolado
0.08893958791758352,0.0007240804354806344,interpolado
0.089,0.000593,original
0.08913922784556912,0.0003734475616577997,interpolado
0.0892390478095619,0.00028257965884956234,interpolado
0.0893388677735547,0.00024144356125947077,interpolado
0.0894386877375475,0.00024487863204209,interpolado
0.08953850770154032,0.00028772423435200487,interpolado
0.08963832766553308,0.00036481973134377824,interpolado
0.08973814762952591,0.0004710044861720081,interpolado
0.0898379675935187,0.000601117861991242,interpolado
0.0899377875575115,0.0007499992219560925,interpolado
0.09,0.00085,original
0.09013742748549709,0.001084441167868117,interpolado
0.0902372474494899,0.0012628815085741472,interpolado
0.09033706741348267,0.0014450093783964083,interpolado
0.0904368873774755,0.0016280043462937647,interpolado
0.09053670734146826,0.001809045981224976,interpolado
0.09063652730546108,0.001985313852148906,interpolado
0.09073634726945387,0.0021539875280243417,interpolado
0.09083616723344669,0.0023122465778100737,interpolado
0.09093598719743949,0.002457270570464957,interpolado
0.091,0.002542,original
0.09113562712542508,0.0026946548099744975,interpolado
0.0912354470894179,0.0027759551688314238,interpolado
0.09133526705341068,0.0028232778126509503,interpolado
0.09143508701740347,0.0028297912603178635,interpolado
0.09153490698139627,0.0027886640307169374,interpolado
0.09163472694538909,0.0026930646427329318,interpolado
0.09173454690938186,0.0025361616152506476,interpolado
0.09183436687337468,0.002311123467154815,interpolado
0.09193418683736748,0.0020111187173302227,interpolado
0.092,0.001769,original
0.09213382676535305,0.001172783349979243,interpolado
0.09223364672934586,0.0006669609052968199,interpolado
0.09233346669333865,0.00013985382397867048,interpolado
0.09243328665733146,-0.00038076069624836875,interpolado
0.09253310662132426,-0.0008671054576574653,interpolado
0.09263292658531705,-0.0012914032625219863,interpolado
0.09273274654930984,-0.0016258769131150545,interpolado
0.09283256651330266,-0.0018427492117099958,interpolado
0.09293238647729546,-0.001914242960579988,interpolado
0.093,-0.001866,original
0.09313202640528107,-0.0015352948380635482,interpolado
0.09323184636927385,-0.0011157345150513596,interpolado
0.09333166633326664,-0.0005921187521326852,interpolado
0.09343148629725945,-2.29892661287587e-06,interpolado
0.09353130626125225,0.0006158735842030233,interpolado
0.09363112622524505,0.0012245474030097173,interpolado
0.09373094618923784,0.001785871152501918,interpolado
0.09383076615323063,0.0022619934553745704,interpolado
0.09393058611722344,0.002615062934322339,interpolado
0.094,0.002768,original
0.09413022604520904,0.0028210048870991765,interpolado
0.09423004600920182,0.0026697141139401517,interpolado
0.09432986597319462,0.0023707984457811576,interpolado
0.09442968593718742,0.0019414411884776874,interpolado
0.09452950590118023,0.0013988256478850364,interpolado
0.09462932586517303,0.0007601351298587661,interpolado
0.09472914582916582,4.2552940254113455e-05,interpolado
0.09482896579315865,-0.0007367376150734237,interpolado
0.09492878575715143,-0.0015605532302683123,interpolado
0.095,-0.002166,original
0.09512842568513703,-0.0032718620348946015,interpolado
0.09522824564912984,-0.004120780845711255,interpolado
0.09532806561312265,-0.00493799033409411,interpolado
0.09542788557711544,-0.005703026669839777,interpolado
0.09552770554110825,-0.006395426022745182,interpolado
0.09562752550510104,-0.006994724562606847,interpolado
0.09572734546909382,-0.007480458459221652,interpolado
0.09582716543308661,-0.00783216388238618,interpolado
0.09592698539707945,-0.008029377001897242,interpolado
0.096,-0.008064,original
0.09612662532506505,-0.007894646543228497,interpolado
0.09622644528905783,-0.007581933831463614,interpolado
0.0963262652530506,-0.0071407299814290354,interpolado
0.09642608521704342,-0.006598115674062921,interpolado
0.09652590518103622,-0.005981171590303603,interpolado
0.096625725145029,-0.005316978411089461,interpolado
0.09672554510902182,-0.00463261681735859,interpolado
0.09682536507301459,-0.003955167490049454,interpolado
0.09692518503700741,-0.003311711110100146,interpolado
0.097,-0.002868,original
0.097124824964993,-0.0022258120196128168,interpolado
0.0972246449289858,-0.0018019683820810338,interpolado
0.09732446489297861,-0.001456305328047513,interpolado
0.0974242848569714,-0.0011874054006767974,interpolado
0.0975241048209642,-0.000993851143133602,interpolado
0.09762392478495698,-0.0008742250985825134,interpolado
0.09772374474894979,-0.0008271098101882044,interpolado
0.09782356471294258,-0.0008510878211153061,interpolado
0.0979233846769354,-0.000944741674528466,interpolado
0.098,-0.001063,original
0.09812302460492098,-0.0013304741358204125,interpolado
0.0982228445689138,-0.001600265571780716,interpolado
0.09832266453290657,-0.0018987675897524459,interpolado
0.09842248449689937,-0.002208752660069589,interpolado
0.09852230446089218,-0.0025129932530659664,interpolado
0.09862212442488498,-0.0027942618390755674,interpolado
0.09872194438887777,-0.00303533088843222,interpolado
0.09882176435287057,-0.0032189728714698963,interpolado
0.09892158431686335,-0.0033279602585224613,interpolado
0.099,-0.00335,original
0.09912122424484898,-0.003263187867233082,interpolado
0.09922104420884174,-0.0030961153486931056,interpolado
0.09932086417283456,-0.0028605999974815233,interpolado
0.09942068413682738,-0.0025733381021286134,interpolado
0.09952050410082017,-0.0022510259511646837,interpolado
0.09962032406481298,-0.001910359833119906,interpolado
0.09972014402880577,-0.0015680360365246302,interpolado
0.09981996399279859,-0.0012407508499090224,interpolado
0.09991978395679138,-0.0009452005618033913,interpolado
0.1,-0.000742,original
0.10011942388477699,-0.0005081252290215072,interpolado
0.10021924384876978,-0.0003666417152924667,interpolado
0.10031906381276257,-0.0002623861951767249,interpolado
0.10041888377675537,-0.0001841491748598389,interpolado
0.10051870374074814,-0.0001207211605273129,interpolado
0.10061852370474098,-6.0892658364683976e-05,interpolado
0.10071834366873375,6.545825442512979e-06,interpolado
0.10081816363272657,9.280378470877075e-05,interpolado
0.10091798359671933,0.00020909071324853732,interpolado
0.101,0.000335,original
0.10111762352470495,0.0005724444455964297,interpolado
0.10121744348869774,0.0008240334782258862,interpolado
0.10131726345269051,0.001117378229452581,interpolado
0.1014170834166833,0.0014484880994927714,interpolado
0.10151690338067614,0.0018133724885628874,interpolado
0.10161672334466891,0.002208040796879166,interpolado
0.10171654330866171,0.002628502424658055,interpolado
0.1018163632726545,0.0030707667721158395,interpolado
0.1019161832366473,0.0035308432394687917,interpolado
0.102,0.003928,original
0.10211582316463289,0.0044879622855363175,interpolado
0.1022156431286257,0.004974761767559844,interpolado
0.1023154630926185,0.005459197206668865,interpolado
0.10241528305661132,0.005935327476109456,interpolado
0.10251510302060411,0.006397211449127892,interpolado
0.1026149229845969,0.006838907998970192,interpolado
0.10271474294858972,0.0072544759988826205,interpolado
0.10281456291258251,0.007637974322111255,interpolado
0.10291438287657531,0.007983461841902198,interpolado
0.103,0.008245,original
0.1031140228045609,0.00853517306847975,interpolado
0.1032138427685537,0.008722772047591266,interpolado
0.1033136627325465,0.008835945303133043,interpolado
0.1034134826965393,0.008862846604380045,interpolado
0.10351330266053212,0.0087916297206072,interpolado
0.10361312262452489,0.008610448421089477,interpolado
0.10371294258851771,0.00830745647510178,interpolado
0.10381276255251048,0.00787080765191913,interpolado
0.10391258251650332,0.007288655720816356,interpolado
0.104,0.00665,original
0.10411222244448887,0.005654623169446881,interpolado
0.10421204240848168,0.004646276011581003,interpolado
0.10431186237247447,0.0035720991972051576,interpolado
0.10441168233646726,0.0024800598246324593,interpolado
0.10451150230046007,0.001418124992176613,interpolado
0.10461132226445288,0.00043426179815073514,interpolado
0.10471114222844567,-0.00042356265913160595,interpolado
0.10481096219243846,-0.0011073812813569119,interpolado
0.10491078215643128,-0.0015692269702119637,interpolado
0.105,-0.001755,original
0.10511042208441687,-0.001658150468509901,interpolado
0.10521024204840967,-0.0013021405971039108,interpolado
0.10531006201240249,-0.000747186323821782,interpolado
0.10540988197639527,-4.735058407891256e-05,interpolado
0.10550970194038807,0.0007433036867089632,interpolado
0.1056095219043809,0.0015707135531265143,interpolado
0.10570934186837369,0.002380816079758078,interpolado
0.1058091618323665,0.003119548331188004,interpolado
0.1059089817963593,0.003732847372000946,interpolado
0.106,0.004137,original
0.10610862172434489,0.004386726480330657,interpolado
0.10620844168833767,0.004419661308388244,interpolado
0.10630826165233048,0.004303750618879403,interpolado
0.10640808161632326,0.004077279727752975,interpolado
0.10650790158031605,0.003778533950957866,interpolado
0.10660772154430888,0.00344579860444285,interpolado
0.10670754150830164,0.0031173590041568646,interpolado
0.10680736147229446,0.0028315004660486778,interpolado
0.10690718143628726,0.002626508306067195,interpolado
0.107,0.002542,original
0.10710682136427284,0.002598419869853658,interpolado
0.10720664132826564,0.002779363133625752,interpolado
0.10730646129225846,0.0030539982252549614,interpolado
0.10740628125625123,0.0033928296366644655,interpolado
0.10750610122024404,0.00376636185977761,interpolado
0.10760592118423686,0.004145099386517599,interpolado
0.10770574114822967,0.004499546708807636,interpolado
0.10780556111222246,0.004800208318571068,interpolado
0.10790538107621526,0.00501758870773107,interpolado
0.108,0.00512,original
0.10810502100420086,0.005094127829241348,interpolado
0.10820484096819366,0.0049463523901968846,interpolado
0.10830466093218646,0.004698851609784599,interpolado
0.10840448089617927,0.0043716098801814705,interpolado
0.10850430086017206,0.003984611593564326,interpolado
0.10860412082416487,0.003557841142110125,interpolado
0.10870394078815766,0.0031112829179958472,interpolado
0.10880376075215044,0.0026649213133982854,interpolado
0.10890358071614323,0.002238740720494476,interpolado
0.109,0.001865,original
0.1091032206441288,0.0015223353030913544,interpolado
0.10920304060812164,0.0012466898327336978,interpolado
0.10930286057211444,0.0010212202375435638,interpolado
0.1094026805361072,0.0008413577964844084,interpolado
0.10950250050010003,0.0007025337885196167,interpolado
0.10960232046409281,0.0006001794926126622,interpolado
0.10970214042808561,0.0005297261877269513,interpolado
0.10980196039207842,0.0004866051528259348,interpolado
0.10990178035607122,0.000466247666873048,interpolado
0.11,0.000464,original
0.11010142028405681,0.0004758782378232921,interpolado
0.11020124024804961,0.0004986455813764545,interpolado
0.11030106021204243,0.0005297048055083405,interpolado
0.11040088017603521,0.0005663736749404986,interpolado
0.11050070014002804,0.0006059699543944649,interpolado
0.11060052010402084,0.0006458114085917736,interpolado
0.11070034006801363,0.0006832158022539759,interpolado
0.1108001600320064,0.0007155009001026017,interpolado
0.11089997999599922,0.0007399844668592002,interpolado
0.111,0.000754,original
0.1110996199239848,0.0007551690267854578,interpolado
0.11119943988797762,0.0007426197795966925,interpolado
0.11129925985197038,0.0007157727660355249,interpolado
0.1113990798159632,0.0006740642264613003,interpolado
0.11149889977995597,0.0006169304012333833,interpolado
0.11159871974394879,0.0005438075307111106,interpolado
0.1116985397079416,0.00045413185525384147,interpolado
0.11179835967193437,0.0003473396152209448,interpolado
0.11189817963592717,0.00022286705097174356,interpolado
0.112,7.71e-05,original
0.11209781956391278,-7.799277031325079e-05,interpolado
0.11219763952790558,-0.00023438135140119897,interpolado
0.11229745949189837,-0.000368020934703589,interpolado
0.11239727945589116,-0.00045791708560843035,interpolado
0.11249709941988396,-0.0004830753695036737,interpolado
0.11259691938387677,-0.0004225013517772972,interpolado
0.11269673934786958,-0.00025520059781726295,interpolado
0.11279655931186239,3.982132698840987e-05,interpolado
0.11289637927585519,0.0004835588572518312,interpolado
0.113,0.001124,original
0.11309601920384078,0.0018880101073815484,interpolado
0.11319583916783359,0.002805452607882688,interpolado
0.11329565913182639,0.0037816950598271028,interpolado
0.11339547909581918,0.0047490977784815785,interpolado
0.11349529905981197,0.005640021079112907,interpolado
0.11359511902380481,0.006386825276988245,interpolado
0.11369493898779758,0.00692187068737431,interpolado
0.11379475895179039,0.007177517625538164,interpolado
0.11389457891578318,0.007086126406746624,interpolado
0.114,0.006538,original
0.11409421884376877,0.00561505546418043,interpolado
0.11419403880776156,0.00425758745328386,interpolado
0.11429385877175437,0.0026068571203894104,interpolado
0.11439367873574717,0.0007620731852707362,interpolado
0.11449349869973997,-0.0011775556322994585,interpolado
0.11459331866373275,-0.003112820612547695,interpolado
0.11469313862772557,-0.004944513035700508,interpolado
0.11479295859171834,-0.006573424181985182,interpolado
0.11489277855571114,-0.007900345331628072,interpolado
0.115,-0.008876,original
0.11509241848369674,-0.009274746855876816,interpolado
0.11519223844768953,-0.009287359284929839,interpolado
0.11529205841168236,-0.008941318982147608,interpolado
0.11539187837567515,-0.00831405187895957,interpolado
0.11549169833966791,-0.007482983906794934,interpolado
0.11559151830366074,-0.006525540997083164,interpolado
0.11569133826765354,-0.0055191490812537825,interpolado
0.11579115823164633,-0.00454123409073589,interpolado
0.11589097819563912,-0.003669221956959126,interpolado
0.116,-0.002929,original
0.11609061812362471,-0.0025371553230530953,interpolado
0.11619043808761752,-0.002319420199717101,interpolado
0.1162902580516103,-0.002280833554534888,interpolado
0.11639007801560312,-0.0023748795184651535,interpolado
0.11648989797959591,-0.0025550422224666428,interpolado
0.11658971794358872,-0.0027748057974980368,interpolado
0.11668953790758153,-0.0029876543745181185,interpolado
0.11678935787157434,-0.0031470720844855734,interpolado
0.11688917783556708,-0.0032065430583591175,interpolado
0.117,-0.003099,original
0.11708881776355269,-0.0028499929926182753,interpolado
0.1171886377275455,-0.002419865425577415,interpolado
0.1172884576915383,-0.0018713128063807308,interpolado
0.11738827765553113,-0.0012464990060625644,interpolado
0.1174880976195239,-0.0005875878956574812,interpolado
0.11758791758351668,6.325665379993485e-05,interpolado
0.11768773754750952,0.0006638707712753702,interpolado
0.1177875575115023,0.001172090585734175,interpolado
0.11788737747549512,0.0015457522261419976,interpolado
0.118,0.001753,original
0.11808701740348071,0.0017300361975570615,interpolado
0.11818683736747351,0.0015297140907642435,interpolado
0.11828665733146627,0.001183678028512699,interpolado
0.11838647729545909,0.0007339101265584078,interpolado
0.11848629725945188,0.00022239250065749164,interpolado
0.11858611722344467,-0.0003088927334338958,interpolado
0.11868593718743749,-0.0008179634599598273,interpolado
0.11878575715143025,-0.0012628375631640915,interpolado
0.11888557711542305,-0.0016015329272907372,interpolado
0.119,-0.001805,original
0.11908521704340864,-0.0018008444823678406,interpolado
0.11918503700740145,-0.0016465725478221021,interpolado
0.11928485697139425,-0.0013680909861974687,interpolado
0.11938467693538708,-0.0010042813465340021,interpolado
0.11948449689937987,-0.0005940251778719374,interpolado
0.11958431686337266,-0.00017620402925129958,interpolado
0.11968413682736548,0.0002103005502877112,interpolado
0.11978395679135825,0.0005266070117049142,interpolado
0.11988377675535104,0.0007338338059602568,interpolado
0.12,0.000786,original
0.12008341668333666,0.0006741957271418598,interpolado
0.12018323664732943,0.00040415427208338365,interpolado
0.12028305661132226,3.320200532697378e-05,interpolado
0.12038287657531507,-0.0003883681344375025,interpolado
0.12048269653930785,-0.0008102632085201484,interpolado
0.12058251650330064,-0.0011821902782312458,interpolado
0.12068233646729346,-0.0014538564048808683,interpolado
0.12078215643128627,-0.0015749686497792549,interpolado
0.12088197639527908,-0.0014952340742365182,interpolado
0.121,-0.001073,original
0.12108161632326465,-0.0005422228120238634,interpolado
0.12118143628725746,0.00034025073167732626,interpolado
0.12128125625125029,0.0014218323256983687,interpolado
0.12138107621524306,0.00264118056262575,interpolado
0.12148089617923587,0.003936954035046584,interpolado
0.12158071614322867,0.005247811335547477,interpolado
0.12168053610722147,0.0065124110567150294,interpolado
0.12178035607121429,0.007669411791136363,interpolado
0.12188017603520707,0.008657472131397951,interpolado
0.122,0.009534,original
0.12207981596319266,0.009889842272747995,interpolado
0.12217963592718545,0.010090771436500388,interpolado
0.12227945589117825,0.010055575257362974,interpolado
0.12237927585517104,0.009821923641709166,interpolado
0.12247909581916386,0.009427486495912333,interpolado
0.1225789157831566,0.008909933726345904,interpolado
0.12267873574714942,0.008306935239383402,interpolado
0.12277855571114227,0.007656160941398073,interpolado
0.122878375675135,0.006995280738763508,interpolado
0.123,0.006231,original
0.12307801560312064,0.005790021933631319,interpolado
0.12317783556711343,0.005282980863098275,interpolado
0.12327765553110624,0.0048300799094496685,interpolado
0.12337747549509903,0.004420473379085976,interpolado
0.12347729545909181,0.004043315578407502,interpolado
0.12357711542308461,0.0036877608138147786,interpolado
0.12367693538707741,0.003342963391708127,interpolado
0.12377675535107023,0.002998077618488017,interpolado
0.12387657531506302,0.00264225780055492,interpolado
0.124,0.002171,original
0.12407621524304864,0.0018560561300706262,interpolado
0.1241760352070414,0.0014207338212633932,interpolado
0.12427585517103422,0.000969673151609548,interpolado
0.124375675135027,0.00051390416691174,interpolado
0.12447549509901981,6.445691297280697e-05,interpolado
0.12457531506301257,-0.0003676385644044155,interpolado
0.1246751350270054,-0.0007713522194172731,interpolado
0.12477495499099822,-0.00113565400626288,interpolado
0.12487477495499101,-0.0014495138791385618,interpolado
0.125,-0.001755,original
0.12507441488297663,-0.0018830985673525722,interpolado
0.1251742348469694,-0.0019949676948043107,interpolado
0.12527405481096218,-0.0020454107570757095,interpolado
0.125373874774955,-0.0020423814970761812,interpolado
0.12547369473894782,-0.0019938336577151753,interpolado
0.12557351470294065,-0.0019077209819021467,interpolado
0.1256733346669334,-0.001791997212546579,interpolado
0.1257731546309262,-0.0016546160925578603,interpolado
0.125872974594919,-0.0015035313648454698,interpolado
0.126,-0.001304,original
0.1260726145229046,-0.0011917789917053289,interpolado
0.1261724344868974,-0.0010437489593555572,interpolado
0.1262722544508902,-0.0009061013183539201,interpolado
0.126372074414883,-0.0007823156151941211,interpolado
0.1264718943788758,-0.0006758713963698202,interpolado
0.12657171434286857,-0.0005902482083746988,interpolado
0.12667153430686137,-0.0005289255977023687,interpolado
0.12677135427085418,-0.0004953831108465176,interpolado
0.12687117423484698,-0.0004931002943008058,interpolado
0.127,-0.000542,original
0.12707081416283256,-0.000595197020609647,interpolado
0.1271706341268254,-0.0006941273016164942,interpolado
0.12727045409081816,-0.0008085075720785692,interpolado
0.12737027405481097,-0.0009244267506490325,interpolado
0.1274700940188038,-0.0010279737559810438,interpolado
0.12756991398279655,-0.001105237506727746,interpolado
0.12766973394678935,-0.0011423069215423455,interpolado
0.12776955391078218,-0.001125270919077977,interpolado
0.12786937387477496,-0.0010402184179877996,interpolado
0.128,-0.000803,original
0.12806901380276056,-0.0006125165225130554,interpolado
0.1281688337667533,-0.00026855218341451174,interpolado
0.12826865373074614,0.0001346825956038912,interpolado
0.12836847369473897,0.0005730292256726909,interpolado
0.12846829365873175,0.001022329117922423,interpolado
0.12856811362272455,0.0014584236834835084,interpolado
0.12866793358671735,0.00185715433348673,interpolado
0.12876775355071016,0.002194362479062501,interpolado
0.12886757351470296,0.0024458895313413586,interpolado
0.129,0.002606,original
0.12906721344268854,0.002597760458630266,interpolado
0.12916703340668137,0.002483082283784445,interpolado
0.12926685337067417,0.0022681232853761224,interpolado
0.12936667333466698,0.0019777491595429205,interpolado
0.12946649329865975,0.0016368256024225638,interpolado
0.12956631326265253,0.00127021831015248,interpolado
0.12966613322664536,0.000902792978870382,interpolado
0.12976595319063816,0.0005594153047138939,interpolado
0.12986577315463096,0.00026495098382063815,interpolado
0.13,-1.02e-05,original
0.13006541308261654,-7.986307001572564e-05,interpolado
0.13016523304660935,-0.00010996230866609499,interpolado
0.13026505301060212,-6.538633643518886e-05,interpolado
0.13036487297459495,3.420661722225528e-05,interpolado
0.13046469293858773,0.0001691583228514593,interpolado
0.13056451290258048,0.0003198105509977651,interpolado
0.13066433286657328,0.0004665050722064014,interpolado
0.1307641528305661,0.000589583657022631,interpolado
0.13086397279455894,0.0006693880759917163,interpolado
0.131,0.000673,original
0.1310636127225445,0.0006224225015472892,interpolado
0.13116343268653727,0.00048447283938030024,interpolado
0.1312632526505301,0.0002960135140041467,interpolado
0.1313630726145229,8.099377798123319e-05,interpolado
0.13146289257851568,-0.00013663711612597732,interpolado
0.13156271254250848,-0.00033292991575520554,interpolado
0.13166253250650128,-0.000483935368343986,interpolado
0.1317623524704941,-0.0005657042213299136,interpolado
0.13186217243448692,-0.0005542872221505833,interpolado
0.132,-0.000341,original
0.13206181236247247,-0.0001586166055619413,interpolado
0.1321616323264653,0.0002335514140863144,interpolado
0.1322614522904581,0.0007116790784573744,interpolado
0.13236127225445085,0.0012360911529497077,interpolado
0.13246109221844365,0.0017671124029622319,interpolado
0.1325609121824365,0.0022650675938934227,interpolado
0.1326607321464293,0.0026902814911418955,interpolado
0.1327605521104221,0.0030030788601062694,interpolado
0.13286037207441484,0.00316378446618514,interpolado
0.133,0.003058,original
0.13306001200240045,0.002873259473929496,interpolado
0.13315983196639328,0.0023940302887072752,interpolado
0.13325965193038608,0.001738412396617403,interpolado
0.13335947189437886,0.0009506699788500303,interpolado
0.13345929185837166,7.506721659463358e-05,interpolado
0.13355911182236446,-0.0008441317089586647,interpolado
0.13365893178635727,-0.0017626626166199453,interpolado
0.13375875175035007,-0.002636261325199285,interpolado
0.1338585717143429,-0.003420663653506565,interpolado
0.134,-0.004293,original
0.13405821164232848,-0.004547123507790581,interpolado
0.1341580316063213,-0.004842090072863673,interpolado
0.13425785157031406,-0.004981015567862274,interpolado
0.13435767153430683,-0.00498925075519593,interpolado
0.13445749149829964,-0.004892146397274166,interpolado
0.13455731146229247,-0.004715053256506487,interpolado
0.13465713142628524,-0.004483322095302423,interpolado
0.13475695139027807,-0.004222303676071501,interpolado
0.13485677135427082,-0.003957348761223318,interpolado
0.135,-0.003621,original
0.13505641128225646,-0.003515865332094761,interpolado
0.13515623124624926,-0.0033675792151019335,interpolado
0.13525605121024206,-0.003256031890845669,interpolado
0.13535587117423484,-0.0031677736699033806,interpolado
0.13545569113822764,-0.0030893548628525805,interpolado
0.13555551110222047,-0.0030073257802707433,interpolado
0.13565533106621325,-0.002908236732735341,interpolado
0.13575515103020602,-0.0027786380308238933,interpolado
0.13585497099419885,-0.002605079985113803,interpolado
0.136,-0.002247,original
0.13605461092218443,-0.0020733245476620555,interpolado
0.13615443088617726,-0.001709612902826858,interpolado
0.13625425085017004,-0.001306952450845312,interpolado
0.13635407081416284,-0.0008899062456583658,interpolado
0.13645389077815565,-0.00048303734120730825,interpolado
0.13655371074214845,-0.00011090879143331952,interpolado
0.13665353070614122,0.00020191634972242025,interpolado
0.13675335067013403,0.000430875028318683,interpolado
0.13685317063412686,0.0005514041904144205,interpolado
0.137,0.00048,original
0.13705281056211244,0.0003703880435753727,interpolado
0.13715263052610524,5.2182383526644894e-05,interpolado
0.13725245049009802,-0.0003818631051832372,interpolado
0.13735227045409082,-0.0008969011096563673,interpolado
0.13745209041808362,-0.0014580843169944876,interpolado
0.13755191038207643,-0.0020305654142994444,interpolado
0.1376517303460692,-0.0025794970886730824,interpolado
0.137751550310062,-0.0030700320272171256,interpolado
0.1378513702740548,-0.0034673229170336995,interpolado
0.138,-0.003811,original
0.13805101020204044,-0.003844216232781454,interpolado
0.13815083016603322,-0.003788302316538434,interpolado
0.13825065013002602,-0.003597103608125858,interpolado
0.1383504700940188,-0.003300198398846078,interpolado
0.13845029005801163,-0.0029271649800014497,interpolado
0.1385501100220044,-0.002507581642894331,interpolado
0.1386499299859972,-0.0020710266788272003,interpolado
0.13874974994999,-0.0016470783791021637,interpolado
0.1388495699139828,-0.001265315035021699,interpolado
0.13894938987797562,-0.0009553149378881637,interpolado
0.139,-0.000835,original
0.13914902980596117,-0.0006412438885461611,interpolado
0.139248849769954,-0.0006228341354619153,interpolado
0.1393486697339468,-0.0006701146256699745,interpolado
0.13944848969793958,-0.0007627691984926621,interpolado
0.1395483096619324,-0.0008804816932523006,interpolado
0.13964812962592518,-0.0010029359492711805,interpolado
0.13974794958991799,-0.0011098158058716963,interpolado
0.13984776955391082,-0.0011808051023761378,interpolado
0.13994758951790356,-0.001195587678106827,interpolado
0.14,-0.001174,original
0.14014722944588917,-0.0009953946158671844,interpolado
0.14024704940988197,-0.000794624089301232,interpolado
0.14034686937387478,-0.0005495264566446337,interpolado
0.14044668933786755,-0.0002774203624338955,interpolado
0.14054650930186036,4.375548794401644e-06,interpolado
0.14064632926585316,0.0002785426325039134,interpolado
0.1407461492298459,0.0005277622441580565,interpolado
0.14084596919383874,0.0007347157392203275,interpolado
0.14094578915783154,0.0008820844731542212,interpolado
0.141,0.000931,original
0.14114542908581712,0.0009458757624928364,interpolado
0.14124524904980995,0.0008754221360707335,interpolado
0.14134506901380273,0.000757541275333973,interpolado
0.14144488897779556,0.0006080585980420584,interpolado
0.14154470894178833,0.0004427995219545379,interpolado
0.14164452890578116,0.00027758946483081947,interpolado
0.14174434886977394,0.0001282538444304505,interpolado
0.14184416883376677,1.0618078512933404e-05,interpolado
0.14194398879775955,-5.9492415162228454e-05,interpolado
0.142,-7.21e-05,original
0.14214362872574518,-6.697911943577668e-06,interpolado
0.14224344868973796,0.00011094839589648166,interpolado
0.14234326865373076,0.00027624188325208767,interpolado
0.14244308861772356,0.00047910270730867487,interpolado
0.14254290858171637,0.0007094510252516111,interpolado
0.14264272854570914,0.0009572069942664606,interpolado
0.14274254850970194,0.001212290771538597,interpolado
0.14284236847369475,0.0014646225142534554,interpolado
0.14294218843768755,0.00170412237959647,interpolado
0.143,0.001833,original
0.14314182836567316,0.0021121133594709162,interpolado
0.14324164832966593,0.0022834427183370636,interpolado
0.14334146829365874,0.0024411504967376957,interpolado
0.14344128825765154,0.00259148574624076,interpolado
0.14354110822164431,0.002740697518414329,interpolado
0.14364092818563715,0.0028950348648263528,interpolado
0.14374074814962995,0.00306074683704482,interpolado
0.14384056811362275,0.0032440824866377224,interpolado
0.14394038807761556,0.0034512908651729898,interpolado
0.144,0.003589,original
0.14414002800560116,0.003954454114762526,interpolado
0.14423984796959394,0.0042391041986006035,interpolado
0.14433966793358677,0.004531533205645383,interpolado
0.14443948789757952,0.004820889340098776,interpolado
0.1445393078615723,0.0050963208061629356,interpolado
0.14463912782556507,0.0053469758080397735,interpolado
0.1447389477895579,0.005562002549931282,interpolado
0.14483876775355073,0.005730549236039448,interpolado
0.14493858771754345,0.005841764070566244,interpolado
0.145,0.005877,original
0.14513822764552908,0.0058601662909761746,interpolado
0.1452380476095219,0.005780998578245821,interpolado
0.14533786757351466,0.0056623871923096765,interpolado
0.14543768753750744,0.005519183182262406,interpolado
0.14553750750150027,0.005366237597198546,interpolado
0.14563732746549307,0.005218401486212752,interpolado
0.14573714742948587,0.005090525898399641,interpolado
0.14583696739347865,0.004997461882853835,interpolado
0.14593678735747145,0.004954060488669955,interpolado
0.146,0.004959,original
0.14613642728545706,0.005061024952712134,interpolado
0.14623624724944986,0.005194399701066406,interpolado
0.14633606721344267,0.005355494688810867,interpolado
0.14643588717743547,0.005524790141503631,interpolado
0.14653570714142825,0.005682766284702668,interpolado
0.14663552710542108,0.0058099033439660015,interpolado
0.14673534706941385,0.005886681544851645,interpolado
0.14683516703340668,0.0058935811129176285,interpolado
0.14693498699739949,0.005811082273721973,interpolado
0.147,0.0057,original
0.1471346269253851,0.005318196076297581,interpolado
0.1472344468893779,0.004929097781958887,interpolado
0.14733426685337067,0.004478134964424239,interpolado
0.14743408681736345,0.003990754468649789,interpolado
0.14753390678135628,0.0034924031395920587,interpolado
0.14763372674534908,0.003008527822207454,interpolado
0.14773354670934186,0.0025645753614523775,interpolado
0.14783336667333463,0.0021859926022833325,interpolado
0.14793318663732744,0.0018982263896565048,interpolado
0.148,0.001769,original
0.148132826565313,0.0016786433903228776,interpolado
0.14823264652930587,0.001736032153131501,interpolado
0.14833246649329865,0.0018774862015369972,interpolado
0.14843228645729142,0.0020818824907755276,interpolado
0.14853210642128423,0.0023280979760831413,interpolado
0.14863192638527706,0.002595009612695916,interpolado
0.14873174634926986,0.002861494355849928,interpolado
0.14883156631326264,0.003106429160781193,interpolado
0.14893138627725544,0.0033086909827259293,interpolado
0.149,0.003412,original
0.14913102620524105,0.0035133831961377017,interpolado
0.14923084616923382,0.0035175510700734417,interpolado
0.14933066613322665,0.003472347252093824,interpolado
0.14943048609721943,0.003390287295002794,interpolado
0.14953030606121223,0.0032838867516043115,interpolado
0.14963012602520506,0.003165661174702332,interpolado
0.14972994598919784,0.0030481261171008446,interpolado
0.14982976595319059,0.002943797131603739,interpolado
0.14992958591718342,0.002865189771015005,interpolado
0.15,0.002832,original
0.15012922584516902,0.0028270243028641062,interpolado
0.1502290458091618,0.002863316729707959,interpolado
0.1503288657731546,0.002923501219947676,interpolado
0.1504286857371474,0.002997478483949271,interpolado
0.15052850570114024,0.0030751492320787587,interpolado
0.150628325665133,0.0031464141747021565,interpolado
0.15072814562912576,0.00320117402218547,interpolado
0.1508279655931186,0.003229329484894749,interpolado
0.1509277855571114,0.003220781273195992,interpolado
0.151,0.003186,original
0.15112742548509703,0.0030582550488166735,interpolado
0.1512272454490898,0.002902724976115886,interpolado
0.15132706541308263,0.002703439601446073,interpolado
0.15142688537707538,0.0024649470118955704,interpolado
0.1515267053410682,0.0021917952945526807,interpolado
0.15162652530506102,0.0018885325365057006,interpolado
0.15172634526905382,0.001559706824843028,interpolado
0.1518261652330466,0.0012098662466527774,interpolado
0.15192598519703943,0.0008435588890233365,interpolado
0.152,0.000564,original
0.15212562512502495,8.10619749236117e-05,interpolado
0.15222544508901778,-0.00030102053484869494,interpolado
0.1523252650530106,-0.0006723644121531332,interpolado
0.15242508501700336,-0.0010244308700669963,interpolado
0.1525249049809962,-0.0013486811216675786,interpolado
0.15262472494498897,-0.0016365763800320992,interpolado
0.1527245449089818,-0.001879577858238014,interpolado
0.1528243648729746,-0.0020691467693625307,interpolado
0.15292418483696738,-0.0021967443264829436,interpolado
0.153,-0.002247,original
0.15312382476495298,-0.0022399853078813184,interpolado
0.15322364472894576,-0.002170134016373495,interpolado
0.15332346469293856,-0.002061306039062606,interpolado
0.15342328465693136,-0.00193047042277375,interpolado
0.1535231046209242,-0.0017945962143320177,interpolado
0.15362292458491694,-0.0016706524605625353,interpolado
0.1537227445489098,-0.001575608208290325,interpolado
0.15382256451290258,-0.0015264325043405154,interpolado
0.1539223844768954,-0.0015400943955382023,interpolado
0.154,-0.001605,original
0.154122024404881,-0.001811512515174173,interpolado
0.15422184436887376,-0.002053917145207866,interpolado
0.15432166433286656,-0.0023372906034343074,interpolado
0.15442148429685937,-0.002638220753474528,interpolado
0.15452130426085214,-0.0029332954589495596,interpolado
0.15462112422484495,-0.003199102583480367,interpolado
0.15472094418883775,-0.0034122299906881324,interpolado
0.15482076415283055,-0.003549265544193811,interpolado
0.15492058411682336,-0.0035867971076184346,interpolado
0.155,-0.00353,original
0.15512022404480894,-0.0032866481101562865,interpolado
0.15522004400880174,-0.00297216266214271,interpolado
0.15531986397279454,-0.0025928316035531136,interpolado
0.15541968393678737,-0.0021834474849043778,interpolado
0.15551950390078015,-0.0017788028567134895,interpolado
0.15561932386477295,-0.0014136902694970956,interpolado
0.15571914382876575,-0.0011229022737721888,interpolado
0.15581896379275853,-0.0009412314200556478,interpolado
0.15591878375675133,-0.0009034702588643524,interpolado
0.156,-0.001003,original
0.15611842368473697,-0.0013764849907904376,interpolado
0.15621824364872974,-0.001861603920084357,interpolado
0.15631806361272255,-0.002454120855412623,interpolado
0.15641788357671535,-0.003108475219528003,interpolado
0.15651770354070813,-0.0037791064351830814,interpolado
0.15661752350470093,-0.0044204539251310095,interpolado
0.1567173434686937,-0.004986957112124368,interpolado
0.15681716343268653,-0.005433055418915929,interpolado
0.15691698339667934,-0.005713188268258459,interpolado
0.157,-0.005787,original
0.15711662332466492,-0.0056175265687256936,interpolado
0.15721644328865772,-0.005256960844224573,interpolado
0.15731626325265052,-0.004745698560898855,interpolado
0.1574160832166433,-0.0041292679516667955,interpolado
0.1575159031806361,-0.0034531972494468437,interpolado
0.1576157231446289,-0.002763014687156873,interpolado
0.1577155431086217,-0.002104248497715325,interpolado
0.1578153630726145,-0.0015224269140404565,interpolado
0.1579151830366073,-0.0010630781690506323,interpolado
0.158,-0.000803,original
0.1581148229645929,-0.000673074934869228,interpolado
0.1582146429285857,-0.0007390373317757471,interpolado
0.15831446289257853,-0.0009329591148373942,interpolado
0.1584142828565713,-0.0012182281947754959,interpolado
0.15851410282056413,-0.0015582324823116345,interpolado
0.1586139227845569,-0.0019163598881671564,interpolado
0.15871374274854974,-0.0022559983230634774,interpolado
0.1588135627125425,-0.0025405356977220134,interpolado
0.1589133826765353,-0.0027333599228641405,interpolado
0.159,-0.002798,original
0.15911302260452093,-0.0027136257779212256,interpolado
0.15921284256851373,-0.002503659458344276,interpolado
0.1593126625325065,-0.0021983563257726795,interpolado
0.15941248249649928,-0.0018280869245035183,interpolado
0.15951230246049208,-0.0014232217988335483,interpolado
0.1596121224244849,-0.001014131493059835,interpolado
0.15971194238847772,-0.0006311865514793501,interpolado
0.1598117623524705,-0.0003047575183890614,interpolado
0.15991158231646324,-6.521493808599318e-05,interpolado
0.16,5e-05,original
0.16011122224444888,4.719184354405425e-05,interpolado
0.16021104220844165,-6.597068429377757e-05,interpolado
0.16031086217243448,-0.0002457010751232329,interpolado
0.16041068213642726,-0.00045530012658271616,interpolado
0.16051050210042006,-0.0006580686363108161,interpolado
0.16061032206441286,-0.0008173074019459416,interpolado
0.16071014202840567,-0.0008963172211265551,interpolado
0.16080996199239847,-0.0008583988914911524,interpolado
0.16090978195639127,-0.0006668532106781837,interpolado
0.161,-0.000331,original
0.16110942188437688,0.0003045556670901795,interpolado
0.16120924184836968,0.001061155557787706,interpolado
0.16130906181236243,0.001933313367449473,interpolado
0.16140888177635526,0.0028695368504566827,interpolado
0.16150870174034807,0.0038183337611898097,interpolado
0.16160852170434087,0.004728211854029555,interpolado
0.1617083416683337,0.005547678883356628,interpolado
0.16180816163232645,0.006225242603551562,interpolado
0.16190798159631928,0.006709410768995456,interpolado
0.162,0.00694,original
0.16210762152430486,0.006914021381690807,interpolado
0.16220744148829772,0.0066472460308424925,interpolado
0.16230726145229044,0.006204263988846395,interpolado
0.16240708141628327,0.005640965618756227,interpolado
0.1625069013802761,0.005013241283626054,interpolado
0.16260672134426885,0.004376981346509843,interpolado
0.1627065413082617,0.0037880761704615603,interpolado
0.16280636127225448,0.003302416118535292,interpolado
0.16290618123624725,0.00297589155378472,interpolado
0.163,0.002864,original
0.1631058211642329,0.003002796523317334,interpolado
0.1632056411282257,0.0033558227480583293,interpolado
0.16330546109221844,0.003873532436510209,interpolado
0.16340528105621127,0.00450599034436863,interpolado
0.16350510102020407,0.005203261227328824,interpolado
0.16360492098419685,0.005915409841086147,interpolado
0.16370474094818963,0.0065925009413357796,interpolado
0.16380456091218243,0.007184599283773465,interpolado
0.16390438087617523,0.007641769624094362,interpolado
0.164,0.007907,original
0.16410402080416084,0.00797168713057185,interpolado
0.1642038407681536,0.00785562840078143,interpolado
0.1643036607321464,0.007622547170623583,interpolado
0.1644034806961392,0.007329088758114576,interpolado
0.16450330066013202,0.007031898481270681,interpolado
0.16460312062412483,0.0067876216581081545,interpolado
0.1647029405881176,0.006652903606643286,interpolado
0.1648027605521104,0.006684389644892249,interpolado
0.1649025805161032,0.006938725090871362,interpolado
0.165,0.007456,original
0.16510222044408876,0.008321231070934446,interpolado
0.16520204040808162,0.009440856387020245,interpolado
0.1653018603720744,0.010769101245723306,interpolado
0.1654016803360672,0.01224363595768146,interpolado
0.16550150030006006,0.013802130833532822,interpolado
0.16560132026405278,0.015382256183915487,interpolado
0.1657011402280456,0.016921682319467165,interpolado
0.1658009601920384,0.018358079550826814,interpolado
0.1659007801560312,0.01962911818863212,interpolado
0.166,0.020667,original
0.16610042008401682,0.021437486868958678,interpolado
0.16620024004800957,0.021919437655571587,interpolado
0.16630006001200237,0.022124857317148805,interpolado
0.16639987997599523,0.022060282264984674,interpolado
0.166499699939988,0.021732248910373685,interpolado
0.16659951990398078,0.021147293664610562,interpolado
0.16669933986797358,0.020311952938989474,interpolado
0.1667991598319664,0.019232763144805064,interpolado
0.16689897979595922,0.017916260693351845,interpolado
0.167,0.016349,original
0.1670986197239448,0.014606823007740286,interpolado
0.16719843968793757,0.012684493105576452,interpolado
0.1672982596519304,0.010666761368996561,interpolado
0.1673980796159232,0.008618396894435922,interpolado
0.16749789957991598,0.006604168778329857,interpolado
0.16759771954390879,0.0046888461171141985,interpolado
0.16769753950790156,0.0029371980072231815,interpolado
0.1677973594718944,0.0014139935450926738,interpolado
0.16789717943588717,0.00018400182715798993,interpolado
0.168,-0.000708,original
0.16809681936387277,-0.0011571549859383226,interpolado
0.16819663932786558,-0.001265621428604404,interpolado
0.16829645929185838,-0.001079407597207621,interpolado
0.16839627925585118,-0.0006645143028215371,interpolado
0.16849609921984396,-8.694235651970903e-05,interpolado
0.1685959191838368,0.0005873074306241063,interpolado
0.16869573914782957,0.0012922342475367391,interpolado
0.1687955591118224,0.001961837283144453,interpolado
0.1688953790758152,0.0025301157263736885,interpolado
0.169,0.002945,original
0.1690950190038008,0.003113105089972612,interpolado
0.16919483896779358,0.003091230661581153,interpolado
0.16929465893178638,0.002899678164802131,interpolado
0.1693944788957792,0.0025726821421290045,interpolado
0.16949429885977196,0.0021444771360553646,interpolado
0.16959411882376477,0.0016492976890744228,interpolado
0.1696939387877576,0.0011213783436797486,interpolado
0.1697937587517504,0.0005949536423647998,interpolado
0.16989357871574312,0.00010425812762303698,interpolado
0.17,-0.000341,original
0.17009321864372873,-0.0006391948237210574,interpolado
0.17019303860772153,-0.0008660556381149961,interpolado
0.17029285857171436,-0.0010084042592371685,interpolado
0.17039267853570716,-0.0010775910424949912,interpolado
0.17049249849969994,-0.0010849663432958884,interpolado
0.17059231846369274,-0.0010418805170472776,interpolado
0.17069213842768555,-0.000959683919156567,interpolado
0.17079195839167835,-0.0008497269050311735,interpolado
0.17089177835567113,-0.0007233598300785142,interpolado
0.171,-0.000581,original
0.17109141828365676,-0.0004656218599355211,interpolado
0.17119123824764956,-0.00034854494978738806,interpolado
0.17129105821164234,-0.00024287524762413358,interpolado
0.17139087817563514,-0.00015078476967331816,interpolado
0.17149069813962792,-7.44455321625216e-05,interpolado
0.17159051810362075,-1.602955131926151e-05,interpolado
0.1716903380676135,2.2291156628877695e-05,interpolado
0.1717901580316063,3.834457545433549e-05,interpolado
0.1718899779955991,2.9958688929556862e-05,interpolado
0.172,-1.02e-05,original
0.1720896179235847,-6.695604787582077e-05,interpolado
0.17218943788757748,-0.00014595820300024453,interpolado
0.1722892578515703,-0.0002287730492942645,interpolado
0.17238907781556306,-0.0003021259030209551,interpolado
0.1724888977795559,-0.0003527420804434519,interpolado
0.17258871774354867,-0.0003673468978248242,interpolado
0.17268853770754145,-0.00033266567142816383,interpolado
0.1727883576715343,-0.0002354237175165632,interpolado
0.17288817763552702,-6.234635235317324e-05,interpolado
0.173,0.000238,original
0.17308781756351269,0.000560189497278752,interpolado
0.17318763752750552,0.001003442565916643,interpolado
0.1732874574914983,0.0015056665196836398,interpolado
0.1733872774554911,0.0020429167808302356,interpolado
0.1734870974194839,0.0025912487716073826,interpolado
0.17358691738347673,0.0031267179142655823,interpolado
0.1736867373474695,0.00362537963105548,interpolado
0.1737865573114623,0.004063289344227723,interpolado
0.17388637727545506,0.004416502476032876,interpolado
0.174,0.004685,original
0.17408601720344072,0.004778521152807609,interpolado
0.17418583716743352,0.004783581100986997,interpolado
0.1742856571314263,0.004703488031737634,interpolado
0.17438547709541907,0.00456549824523582,interpolado
0.17448529705941188,0.0043968680416577284,interpolado
0.17458511702340473,0.004224853721179647,interpolado
0.17468493698739748,0.004076711583977829,interpolado
0.17478475695139026,0.003979697930228551,interpolado
0.17488457691538306,0.003961069060108008,interpolado
0.175,0.004073,original
0.17508421684336867,0.004262626281591683,interpolado
0.17518403680736147,0.004592071468862231,interpolado
0.1752838567713543,0.005010109926833925,interpolado
0.17538367673534705,0.005490400629484759,interpolado
0.17548349669933988,0.006006602550792381,interpolado
0.1755833166633327,0.006532374664734546,interpolado
0.1756831366273255,0.007041375945289003,interpolado
0.17578295659131826,0.0075072653664333905,interpolado
0.17588277655531107,0.007903701902145722,interpolado
0.176,0.008245,original
0.1760824164832967,0.008385869320555768,interpolado
0.17618223644728948,0.008445501705163404,interpolado
0.17628205641128225,0.008389034908497751,interpolado
0.17638187637527503,0.008222290567890733,interpolado
0.17648169633926786,0.007951090320674306,interpolado
0.17658151630326066,0.007581255804180426,interpolado
0.17668133626725346,0.007118608655741044,interpolado
0.17678115623124624,0.006568970512688283,interpolado
0.17688097619523904,0.005938163012353794,interpolado
0.177,0.005088,original
0.17708061612322462,0.004457944517569999,interpolado
0.17718043608721745,0.0036350829687453188,interpolado
0.17728025605121023,0.002787652849771051,interpolado
0.177380076015203,0.0019399057366307404,interpolado
0.17747989597919578,0.0011160932053086462,interpolado
0.1775797159431886,0.00034046683178879175,interpolado
0.17767953590718139,-0.0003627218079446161,interpolado
0.1777793558711742,-0.0009692211379079516,interpolado
0.177879175835167,-0.0014547795821169829,interpolado
0.178,-0.001846,original
0.17807881576315263,-0.0019703504732162063,interpolado
0.17817863572714537,-0.0019931604822688714,interpolado
0.1782784556911382,-0.0018914475358890828,interpolado
0.178378275655131,-0.001693164641401527,interpolado
0.17847809561912384,-0.0014262648061309138,interpolado
0.17857791558311664,-0.001118701037401955,interpolado
0.1786777355471094,-0.0007984263425394489,interpolado
0.17877755551110222,-0.0004933937288679234,interpolado
0.17887737547509502,-0.00023155620371217647,interpolado
0.179,-1.02e-05,original
0.1790770154030806,5.4384779547136274e-05,interpolado
0.17917683536707338,5.960014179437405e-05,interpolado
0.1792766553310662,-5.41299361835262e-06,interpolado
0.179376475295059,-0.00012075182919996937,interpolado
0.17947629525905184,-0.0002665135674593888,interpolado
0.17957611522304462,-0.00042279541090552386,interpolado
0.1796759351870374,-0.0005696945620472494,interpolado
0.1797757551510302,-0.0006873082233935644,interpolado
0.179875575115023,-0.0007557335974533387,interpolado
0.18,-0.000742,original
0.1800752150430086,-0.000668018006965765,interpolado
0.18017503500700136,-0.0004997412285406591,interpolado
0.1802748549709942,-0.0002668434850567415,interpolado
0.18037467493498696,1.3977932309767413e-05,interpolado
0.18047449489897982,0.00032602573238268295,interpolado
0.18057431486297257,0.0006526026239857294,interpolado
0.1806741348269654,0.0009770113159429073,interpolado
0.1807739547909582,0.0012825545170779425,interpolado
0.18087377475495103,0.001552534936214651,interpolado
0.181,0.001817,original
0.18107341468293658,0.0019206005734589788,interpolado
0.18117323464692933,0.0020029162297133052,interpolado
0.18127305461092216,0.0020242954978564273,interpolado
0.181372874574915,0.0019919052480716717,interpolado
0.1814726945389078,0.0019129123505423646,interpolado
0.18157251450290057,0.0017944836754518695,interpolado
0.1816723344668934,0.0016437860929834466,interpolado
0.18177215443088618,0.0014679864733204496,interpolado
0.18187197439487898,0.0012742516866462046,interpolado
0.182,0.001011,original
0.18207161432286456,0.0008616084302908783,interpolado
0.18217143428685736,0.0006566158024675617,interpolado
0.18227125425085017,0.00046136031582957025,interpolado
0.18237107421484292,0.00028242938770628727,interpolado
0.18247089417883575,0.00012641043542709662,interpolado
0.1825707141428285,-1.0912367858842962e-07,interpolado
0.18267053410682133,-9.054187228145562e-05,interpolado
0.1827703540708141,-0.00013830039305208152,interpolado
0.18287017403480693,-0.00013679726866108304,interpolado
0.183,-5.03e-05,original
0.1830698139627925,3.9672117015005794e-05,interpolado
0.1831696339267853,0.00021952370379626075,interpolado
0.18326945389077812,0.0004549742972492452,interpolado
0.1833692738547709,0.0007408352043308116,interpolado
0.18346909381876367,0.0010719177319977145,interpolado
0.1835689137827565,0.001443033187206992,interpolado
0.18366873374674933,0.0018489928769154103,interpolado
0.18376855371074213,0.0022846081080798216,interpolado
0.1838683736747349,0.0027446901876570784,interpolado
0.184,0.00338,original
0.18406801360272054,0.003716327086305609,interpolado
0.18416783356671332,0.004202224350744757,interpolado
0.18426765353070615,0.004654423666893566,interpolado
0.18436747349469892,0.005045486517822392,interpolado
0.18446729345869176,0.005347974386601526,interpolado
0.18456711342268456,0.0055344487563015006,interpolado
0.18466693338667733,0.005577471109992576,interpolado
0.18476675335067017,0.005449602930745113,interpolado
0.18486657331466294,0.005123405701629471,interpolado
0.185,0.00433,original
0.18506621324264852,0.0037706540528301955,interpolado
0.18516603320664132,0.002749577691100175,interpolado
0.18526585317063415,0.0015703244301766659,interpolado
0.18536567313462696,0.0002955800940676584,interpolado
0.18546549309861976,-0.0010119694932184996,interpolado
0.18556531306261254,-0.002289638507674561,interpolado
0.18566513302660534,-0.0034747411252921776,interpolado
0.18576495299059811,-0.00450459152206336,interpolado
0.18586477295459095,-0.005316503873980121,interpolado
0.186,-0.005957,original
0.1860644128825765,-0.006041041716921096,interpolado
0.1861642328465693,-0.005905115786793573,interpolado
0.18626405281056213,-0.005494144222472216,interpolado
0.18636387277455488,-0.00486313208623372,interpolado
0.18646369273854768,-0.004067084440354227,interpolado
0.1865635127025405,-0.003161006347110384,interpolado
0.1866633326665333,-0.002199902868778687,interpolado
0.1867631526305261,-0.001238779067635639,interpolado
0.18686297259451887,-0.0003326400059579771,interpolado
0.187,0.000721,original
0.1870626125225045,0.0010975428530450118,interpolado
0.18716243248649728,0.0015560879457112125,interpolado
0.18726225245049008,0.00185353432930322,interpolado
0.18736207241448286,0.0020048759975407823,interpolado
0.18746189237847566,0.0020251069441437493,interpolado
0.18756171234246843,0.0019292211628318297,interpolado
0.18766153230646127,0.0017322126473247952,interpolado
0.187761352270454,0.0014490753913424148,interpolado
0.18786117223444687,0.001094803388604567,interpolado
0.188,0.000512,original
0.18806081216243245,0.00023299337153184806,interpolado
0.18816063212642525,-0.0002418908217947794,interpolado
0.18826045209041806,-0.0007210052428546033,interpolado
0.18836027205441086,-0.001185050364269563,interpolado
0.18846009201840364,-0.0016147266586619847,interpolado
0.18855991198239644,-0.0019907345986538,interpolado
0.18865973194638924,-0.002293774656867073,interpolado
0.18875955191038207,-0.0025045473059238685,interpolado
0.1888593718743748,-0.002603753018446239,interpolado
0.189,-0.002517,original
0.18905901180236043,-0.002392068532188015,interpolado
0.1891588317663532,-0.002074128745920592,interpolado
0.18925865173034603,-0.001650735308221219,interpolado
0.18935847169433884,-0.0011549468603671597,interpolado
0.18945829165833164,-0.0006198220436360246,interpolado
0.1895581116223244,-7.841949930532031e-05,interpolado
0.18965793158631722,0.0004362021313474474,interpolado
0.18975775155031005,0.0008909842070446565,interpolado
0.18985757151430283,0.0012528680865090606,interpolado
0.19,0.001543,original
0.19005721144228843,0.001567976896575941,interpolado
0.19015703140628126,0.0014974876855401158,interpolado
0.190256851370274,0.0013156779515033218,interpolado
0.1903566713342668,0.0010618359410002,interpolado
0.19045649129825962,0.0007752499005655414,interpolado
0.1905563112622524,0.0004952080767340983,interpolado
0.19065613122624522,0.000260998716040622,interpolado
0.19075595119023803,0.00011191006501989095,interpolado
0.19085577115423086,8.723037020656656e-05,interpolado
0.191,0.000351,original
0.1910554110822164,0.0005655225678924574,interpolado
0.1911552310462092,0.001092543850924765,interpolado
0.19125505101020196,0.0017523069402826644,interpolado
0.19135487097419485,0.0024884025981271717,interpolado
0.1914546909381876,0.0032444215866187513,interpolado
0.19155451090218045,0.003963954667918038,interpolado
0.19165433086617326,0.004590592604185511,interpolado
0.191754150830166,0.00506792615758216,interpolado
0.19185397079415886,0.005339546090268437,interpolado
0.192,0.005249,original
0.1920536107221444,0.005043451278536309,interpolado
0.19215343068613722,0.004436743381707037,interpolado
0.19225325065013008,0.0036036583336055777,interpolado
0.19235307061412282,0.0026211398781098845,interpolado
0.19245289057811563,0.0015661317590977787,interpolado
0.19255271054210846,0.0005155777204470841,interpolado
0.19265253050610123,-0.00045357849396413083,interpolado
0.19275235047009406,-0.0012643931402585963,interpolado
0.1928521704340868,-0.0018399224745582084,interpolado
0.193,-0.002096,original
0.19305181036207245,-0.0019810183210616176,interpolado
0.19315163032606528,-0.0014773104263165716,interpolado
0.193251450290058,-0.0006696326596636507,interpolado
0.19335127025405083,0.0003615627895511806,interpolado
0.19345109021804363,0.001535823731982047,interpolado
0.19355091018203638,0.0027726979782830754,interpolado
0.1936507301460292,0.003991733339108062,interpolado
0.193750550110022,0.005112477625111825,interpolado
0.1938503700740148,0.006054478646948148,interpolado
0.194,0.006956,original
0.1940500100020004,0.007083246002150642,interpolado
0.1941498299659932,0.007078902078760272,interpolado
0.194249649929986,0.006774809356080899,interpolado
0.19434946989397883,0.0062242950945779005,interpolado
0.1944492898579716,0.0054806865547167025,interpolado
0.19454910982196438,0.004597310996962988,interpolado
0.19464892978595721,0.0036274956817816816,interpolado
0.19474874974995002,0.0026245678696384367,interpolado
0.1948485697139428,0.001641854820998679,interpolado
0.19494838967793562,0.000732683796327833,interpolado
0.195,0.000309,original
0.1951480296059212,-0.000685117063674697,interpolado
0.19524784956991403,-0.001177046830928304,interpolado
0.19534766953390686,-0.0015346698198769235,interpolado
0.1954474894978996,-0.001766095089244214,interpolado
0.19554730946189236,-0.0018794316977538215,interpolado
0.19564712942588516,-0.0018827887041294657,interpolado
0.195746949389878,-0.0017842751670947587,interpolado
0.1958467693538708,-0.0015920001453733604,interpolado
0.1959465893178636,-0.00131407269768893,interpolado
0.196,-0.001133,original
0.19614622924584918,-0.0005359852012243946,interpolado
0.19624604920984193,-5.836830868591435e-05,interpolado
0.19634586917383476,0.0004616990020585292,interpolado
0.1964456891378276,0.0010117400945142553,interpolado
0.19654550910182036,0.0015792783321864267,interpolado
0.19664532906581317,0.002151837078580684,interpolado
0.19674514902980603,0.00271693969720219,interpolado
0.1968449689937988,0.003262109551556266,interpolado
0.1969447889577916,0.0037748700051482335,interpolado
0.197,0.00404,original
0.1971444288857772,0.004653865918524683,interpolado
0.19724424884977002,0.004996877702406973,interpolado
0.1973440688137628,0.005260528906393172,interpolado
0.1974438887777556,0.005433550697473841,interpolado
0.19754370874174837,0.005504674242639673,interpolado
0.19764352870574114,0.005462630708881202,interpolado
0.19774334866973398,0.005296151263189025,interpolado
0.19784316863372675,0.004993967072553734,interpolado
0.19794298859771955,0.004544809303966075,interpolado
0.198,0.004218,original
0.19814262852570516,0.003185976468128171,interpolado
0.198242448489698,0.0023279524044692006,interpolado
0.19834226845369077,0.0014051607837961542,interpolado
0.19844208841768354,0.00045873656446544233,interpolado
0.19854190838167632,-0.0004701852951673202,interpolado
0.19864172834566915,-0.0013404698367457293,interpolado
0.19874154830966195,-0.0021109821019136346,interpolado
0.1988413682736547,-0.002740587132314889,interpolado
0.19894118823764753,-0.003188149969593253,interpolado
0.199,-0.00335,original
0.1991408281656331,-0.0034110256909057504,interpolado
0.19924064812962589,-0.0032189243201370863,interpolado
0.19934046809361874,-0.0028781279523759497,interpolado
0.19944028805761152,-0.0024295844453493627,interpolado
0.19954010802160432,-0.001914241656783954,interpolado
0.1996399279855971,-0.0013730474444067203,interpolado
0.1997397479495899,-0.0008469496659445491,interpolado
0.19983956791358273,-0.0003768961791243271,interpolado
0.1999393878775755,-3.834841673025632e-06,interpolado
0.2,0.000158,original
0.2001390278055611,0.0003173971089478026,interpolado
0.20023884776955392,0.0002754125239847085,interpolado
0.20033866773354672,0.00013140450522458036,interpolado
0.20043848769753958,-8.922529660632373e-05,interpolado
0.20053830766153233,-0.00036107523078163293,interpolado
0.20063812762552516,-0.0006587436465750031,interpolado
0.20073794758951796,-0.0009568288932600916,interpolado
0.20083776755351074,-0.0012299293201104833,interpolado
0.2009375875175035,-0.0014526432763999919,interpolado
0.201,-0.001555,original
0.20113722744548912,-0.0016575209831226052,interpolado
0.20123704740948192,-0.0016274156439998134,interpolado
0.2013368673734747,-0.001512308865130087,interpolado
0.2014366873374675,-0.001315008974880652,interpolado
0.2015365073014603,-0.001038324301618821,interpolado
0.20163632726545314,-0.0006850631737118857,interpolado
0.20173614722944594,-0.00025803391952713723,interpolado
0.20183596719343871,0.00023995513256798472,interpolado
0.2019357871574315,0.0008060956542064654,interpolado
0.202,0.001205,original
0.20213542708541707,0.002123469314732379,interpolado
0.20223524704940987,0.002842737299531821,interpolado
0.20233506701340265,0.0035728974770634055,interpolado
0.20243488697739548,0.004291611794719167,interpolado
0.20253470694138828,0.004976542199890524,interpolado
0.20263452690538108,0.005605350639969099,interpolado
0.2027343468693739,0.006155699062346519,interpolado
0.20283416683336672,0.006605249414414296,interpolado
0.2029339867973595,0.006931663643564307,interpolado
0.203,0.007069,original
0.20313362672534507,0.007145269808575282,interpolado
0.20323344668933782,0.007052885538279783,interpolado
0.20333326665333062,0.006862295576256769,interpolado
0.2034330866173234,0.006600028226513416,interpolado
0.20353290658131623,0.00629261179305688,interpolado
0.203632726545309,0.005966574579894319,interpolado
0.20373254650930178,0.005648444891032978,interpolado
0.20383236647329459,0.005364751030479834,interpolado
0.20393218643728733,0.005142021302242135,interpolado
0.204,0.005039,original
0.204131826365273,0.0049666226866875674,interpolado
0.20423164632926571,0.00500210806925909,interpolado
0.20433146629325855,0.00509014745069689,interpolado
0.20443128625725135,0.005207919263341962,interpolado
0.2045311062212442,0.005332601939535297,interpolado
0.20463092618523698,0.005441373911617885,interpolado
0.20473074614922976,0.005511413611930707,interpolado
0.20483056611322262,0.0055198994728148,interpolado
0.2049303860772154,0.005444009926611127,interpolado
0.205,0.005329,original
0.20513002600520103,0.0049656658570059395,interpolado
0.2052298459691938,0.0045804552006108714,interpolado
0.2053296659331866,0.004131143262895762,interpolado
0.2054294858971794,0.0036433581174597674,interpolado
0.20552930586117227,0.003142727837901945,interpolado
0.20562912582516507,0.0026548804978213563,interpolado
0.2057289457891578,0.0022054441708171764,interpolado
0.20582876575315065,0.001820046930488211,interpolado
0.20592858571714343,0.00152431685043365,interpolado
0.206,0.001382,original
0.20612822564512903,0.0012875417206596141,interpolado
0.20622804560912178,0.0013367447078209192,interpolado
0.20632786557311455,0.0014693006072381838,interpolado
0.2064276855371074,0.0016632020147342194,interpolado
0.2065275055011002,0.001896441526131836,interpolado
0.20662732546509296,0.002147011737253773,interpolado
0.20672714542908577,0.002392905243922985,interpolado
0.20682696539307854,0.0026121146419622147,interpolado
0.20692678535707132,0.002782632527194271,interpolado
0.207,0.002864,original
0.20712642528505693,0.0029025217101223745,interpolado
0.20722624524904976,0.0028562239394228765,interpolado
0.20732606521304253,0.00275993860365739,interpolado
0.20742588517703534,0.002629925362009048,interpolado
0.2075257051410282,0.002482443873660977,interpolado
0.207625525105021,0.0023337537977963464,interpolado
0.20772534506901377,0.002200114793598198,interpolado
0.20782516503300655,0.0020977865202497035,interpolado
0.2079249849969994,0.0020430286369339913,interpolado
0.208,0.002043,original
0.20812462492498496,0.002129948381613151,interpolado
0.2082244448889778,0.0022606829759793568,interpolado
0.2083242648529706,0.002425591836290502,interpolado
0.20842408481696337,0.0026060514259638014,interpolado
0.2085239047809562,0.0027834382084164686,interpolado
0.20862372474494895,0.0029391286470656776,interpolado
0.2087235447089417,0.003054499205328733,interpolado
0.20882336467293455,0.0031109263466228046,interpolado
0.20892318463692733,0.003089786534365103,interpolado
0.209,0.003009,original
0.2091228245649129,0.00275480560829769,interpolado
0.20922264452890574,0.0024610596266604486,interpolado
0.20932246449289854,0.0021193695876160876,interpolado
0.20942228445689137,0.0017577915630233492,interpolado
0.2095221044208841,0.001404381624741068,interpolado
0.20962192438487698,0.0010871958446277857,interpolado
0.20972174434886978,0.0008342902945423428,interpolado
0.20982156431286259,0.0006737210463434819,interpolado
0.20992138427685536,0.0006335441718899437,interpolado
0.21,0.000705,original
0.21012102420484097,0.0010054762492921114,interpolado
0.21022084416883377,0.0013876233385746615,interpolado
0.21032066413282655,0.0018451125739952449,interpolado
0.21042048409681935,0.0023349130862839046,interpolado
0.21052030406081212,0.002813994006170557,interpolado
0.21062012402480496,0.003239324464385522,interpolado
0.21071994398879773,0.0035678735916587065,interpolado
0.21081976395279056,0.0037566105187201533,interpolado
0.2109195839167834,0.003762504376299908,interpolado
0.211,0.003605,original
0.21111922384476897,0.003082662735917419,interpolado
0.21121904380876175,0.002432809851084851,interpolado
0.21131886377275455,0.0016522623500750148,interpolado
0.21141868373674735,0.0008001918232177129,interpolado
0.21151850370074013,-6.423013915701913e-05,interpolado
0.21161832366473296,-0.0008818319467198746,interpolado
0.21171814362872574,-0.001593442009140808,interpolado
0.21181796359271857,-0.002139888736090023,interpolado
0.21191778355671134,-0.0024620005372376613,interpolado
0.212,-0.002517,original
0.21211742348469695,-0.0022310341244578817,interpolado
0.21221724344868975,-0.0017090888347729774,interpolado
0.21231706341268256,-0.0010028808437651214,interpolado
0.21241688337667528,-0.0001804047989620928,interpolado
0.2125167033406681,0.0006903446521090305,interpolado
0.21261652330466088,0.0015413728619204877,interpolado
0.21271634326865368,0.0023046851829447348,interpolado
0.2128161632326465,0.002912286967654223,interpolado
0.2129159831966392,0.003296183568521337,interpolado
0.213,0.003396,original
0.21311562312462484,0.003151988870115816,interpolado
0.21321544308861767,0.0026269343217551182,interpolado
0.21331526305261045,0.001865394251834275,interpolado
0.21341508301660325,0.0009194667964321268,interpolado
0.21351490298059606,-0.00015874990837331482,interpolado
0.21361472294458886,-0.0013171577265032527,interpolado
0.2137145429085817,-0.002503658521879135,interpolado
0.2138143628725745,-0.00366615415842241,interpolado
0.21391418283656732,-0.004752546500054238,interpolado
0.214,-0.005586,original
0.21411382276455287,-0.006502849606822152,interpolado
0.21421364272854573,-0.007128160223289647,interpolado
0.2143134626925385,-0.0075921471239857085,interpolado
0.21441328265653128,-0.007900261694932386,interpolado
0.21451310262052412,-0.00805795532215196,interpolado
0.21461292258451692,-0.008070679391666436,interpolado
0.2147127425485097,-0.00794388528949792,interpolado
0.21481256251250247,-0.00768302440166862,interpolado
0.2149123824764953,-0.0072935481142004975,interpolado
0.215,-0.00685,original
0.2151120224044809,-0.006156907063493101,interpolado
0.21521184236847374,-0.00545089895921822,interpolado
0.21531166233246643,-0.004695308786426305,interpolado
0.21541148229645926,-0.003922553621157465,interpolado
0.21551130226045204,-0.0031650505394524345,interpolado
0.21561112222444484,-0.0024552166173517445,interpolado
0.21571094218843767,-0.0018254689308959244,interpolado
0.21581076215243045,-0.0013082245561256301,interpolado
0.21591058211642322,-0.0009359005690810984,interpolado
0.216,-0.000752,original
0.2161102220444088,-0.0007414849694185808,interpolado
0.2162100420084017,-0.0009143762268289046,interpolado
0.21630986197239443,-0.0012287230074335773,interpolado
0.21640968193638727,-0.0016536724337703574,interpolado
0.21650950190038004,-0.002158371628376754,interpolado
0.21660932186437284,-0.0027119677137903437,interpolado
0.2167091418283657,-0.0032836078125487054,interpolado
0.21680896179235848,-0.0038424390471892647,interpolado
0.21690878175635125,-0.004357608540249916,interpolado
0.217,-0.004764,original
0.21710842168433686,-0.005142035262966952,interpolado
0.21720824164832966,-0.00539273227716247,interpolado
0.2173080616123224,-0.005559232270616661,interpolado
0.2174078815763153,-0.0056504088203470585,interpolado
0.21750770154030805,-0.005675135503371047,interpolado
0.21760752150430082,-0.005642285896706071,interpolado
0.2177073414682936,-0.005560733577369608,interpolado
0.21780716143228643,-0.005439352122379049,interpolado
0.2179069813962792,-0.005287015108751859,interpolado
0.218,-0.005125,original
0.2181066213242649,-0.004923646681652144,interpolado
0.21820644128825759,-0.004723410283061337,interpolado
0.21830626125225044,-0.0045142511672101844,interpolado
0.21840608121624325,-0.004298533926736313,interpolado
0.21850590118023605,-0.0040786231542773,interpolado
0.21860572114422885,-0.003856883442470722,interpolado
0.21870554110822166,-0.003635679383954216,interpolado
0.2188053610722144,-0.0034173755713652336,interpolado
0.21890518103620726,-0.003204336597341413,interpolado
0.219,-0.003009,original
0.21910482096419284,-0.002802519770568751,interpolado
0.21920464092818565,-0.0026130748803959774,interpolado
0.21930446089217845,-0.0024278179970424487,interpolado
0.21940428085617125,-0.0022439748412535297,interpolado
0.21950410082016406,-0.002058771133774531,interpolado
0.21960392078415683,-0.0018694325953507631,interpolado
0.21970374074814966,-0.001673184946727593,interpolado
0.2198035607121424,-0.001467253908650224,interpolado
0.2199033806761352,-0.0012488652018640195,interpolado
0.22,-0.001023,original
0.22010302060412076,-0.0007654952181159495,interpolado
0.22020284056811365,-0.0005055415367359466,interpolado
0.2203026605321064,-0.0002428569091228865,interpolado
0.22040248049609926,1.5085314877553365e-05,interpolado
0.22050230046009206,0.00026081178541969484,interpolado
0.2206021204240848,0.00048684915265780217,interpolado
0.22070194038807767,0.0006857240667463241,interpolado
0.22080176035207044,0.0008499631778395181,interpolado
0.22090158031606327,0.0009720931360917058,interpolado
0.221,0.001044,original
0.22110122024404882,0.00106536897777597,interpolado
0.22120104020804165,0.0010521255120485248,interpolado
0.22130086017203446,0.0010275714925526876,interpolado
0.22140068013602723,0.0010143682035016908,interpolado
0.22150050010002004,0.0010351769291087668,interpolado
0.2216003200640128,0.0011126589535871154,interpolado
0.22170014002800562,0.0012694755611500064,interpolado
0.22179995999199842,0.0015282880360106596,interpolado
0.22189977995599125,0.0019117576623823066,interpolado
0.222,0.002445,original
0.2220994198839768,0.003132241006043801,interpolado
0.2221992398479696,0.003947606524251173,interpolado
0.2222990598119624,0.004844063297179806,interpolado
0.2223988797759552,0.005777032342187833,interpolado
0.222498699739948,0.0067019346766333835,interpolado
0.2225985197039408,0.007574191317874362,interpolado
0.22269833966793356,0.008349223283269392,interpolado
0.2227981596319264,0.008982451590176353,interpolado
0.2228979795959192,0.009429297255953374,interpolado
0.223,0.009647,original
0.22309761952390475,0.009599231521568333,interpolado
0.2231974394878976,0.009319152401203352,interpolado
0.22329725945189036,0.008848293186501445,interpolado
0.22339707941588313,0.008230003284084039,interpolado
0.2234968993798759,0.007507632100572773,interpolado
0.22359671934386877,0.006724529042588664,interpolado
0.22369653930786154,0.005924043516753318,interpolado
0.22379635927185434,0.0051495249296881675,interpolado
0.22389617923584715,0.004444322688014634,interpolado
0.224,0.003831,original
0.2240958191638327,0.0034058434801759875,interpolado
0.22419563912782553,0.0030979172408841568,interpolado
0.2242954590918183,0.0029074486942303433,interpolado
0.2243952790558112,0.002813878368164807,interpolado
0.2244950990198039,0.0027966467906378007,interpolado
0.22459491898379677,0.0028351944895995806,interpolado
0.22469473894778955,0.0029089619930004187,interpolado
0.22479455891178235,0.0029973898287905727,interpolado
0.22489437887577518,0.0030799185249203035,interpolado
0.225,0.003138,original
0.22509401880376073,0.0031478436016169754,interpolado
0.22519383876775353,0.0031110790812977603,interpolado
0.22529365873174637,0.003025262013622356,interpolado
0.22539347869573917,0.0028899600222800233,interpolado
0.2254932986597319,0.002704740730960081,interpolado
0.22559311862372475,0.0024691717633516883,interpolado
0.22569293858771755,0.0021828207431441485,interpolado
0.22579275855171033,0.0018452552940267227,interpolado
0.2258925785157031,0.0014560430396887872,interpolado
0.226,0.000979,original
0.22609221844368874,0.0005249086067166695,interpolado
0.22619203840768157,9.962359651254613e-06,interpolado
0.22629185837167434,-0.0005003885544194183,interpolado
0.22639167833566715,-0.0009764433346333588,interpolado
0.22649149829965998,-0.0013885011801289707,interpolado
0.22659131826365272,-0.0017068612900442508,interpolado
0.22669113822764558,-0.0019018228635173324,interpolado
0.22679095819163833,-0.0019436850996863483,interpolado
0.22689077815563113,-0.0018027471976895006,interpolado
0.227,-0.001404,original
0.22709041808361677,-0.0008643665931222552,interpolado
0.22719023804760957,-8.577114754575627e-05,interpolado
0.22729005801160235,0.0008298187337387578,interpolado
0.22738987797559512,0.0018257317758339081,interpolado
0.22748969793958793,0.002845296703843166,interpolado
0.22758951790358076,0.0038318422428691647,interpolado
0.2276893378675735,0.004728697118014811,interpolado
0.22778915783156636,0.005479190054383008,interpolado
0.2278889777955591,0.006026649777076539,interpolado
0.228,0.006328,original
0.22808861772354472,0.006298953512443014,interpolado
0.22818843768753755,0.006010734881165366,interpolado
0.22828825765153035,0.005505977649171574,interpolado
0.22838807761552307,0.004840936949803408,interpolado
0.22848789757951588,0.004071867916402067,interpolado
0.2285877175435087,0.003255025682309285,interpolado
0.2286875375075015,0.0024466653808666353,interpolado
0.2287873574714943,0.0017030421454158854,interpolado
0.2288871774354871,0.0010804111092981824,interpolado
0.229,0.000593,original
0.22908681736347272,0.00041284321139774325,interpolado
0.2291866373274655,0.0003986607970447197,interpolado
0.22928645729145827,0.0005548093506084114,interpolado
0.22938627725545108,0.0008435834474169855,interpolado
0.22948609721944388,0.0012272776627984905,interpolado
0.22958591718343668,0.0016681865720809977,interpolado
0.22968573714742951,0.002128604750592578,interpolado
0.22978555711142226,0.002570826773661184,interpolado
0.22988537707541506,0.0029571472166151423,interpolado
0.23,0.003283,original
0.23008501700340067,0.003416447885383039,interpolado
0.2301848369673935,0.0034569415055726986,interpolado
0.23028465693138625,0.0033839746827745965,interpolado
0.23038447689537903,0.0032102079610088923,interpolado
0.23048429685937188,0.002948301884295793,interpolado
0.2305841168233647,0.002610916996655498,interpolado
0.2306839367873575,0.0022107138421082096,interpolado
0.23078375675135032,0.0017603529646742593,interpolado
0.23088357671534304,0.0012724949083735958,interpolado
0.231,0.000673,original
0.2310832166433287,0.00023448953993466794,interpolado
0.23118303660732156,-0.00029413782874196116,interpolado
0.2312828565713143,-0.0008179732060250537,interpolado
0.23138267653530709,-0.0013289114029816813,interpolado
0.2314824964992999,-0.0018188472306784776,interpolado
0.23158231646329266,-0.0022796755001822217,interpolado
0.2316821364272855,-0.0027032910225595827,interpolado
0.23178195639127827,-0.003081588608877576,interpolado
0.23188177635527107,-0.0034064630702028594,interpolado
0.232,-0.003711,original
0.2320814162832567,-0.003864710481652157,interpolado
0.23218123624724943,-0.003992607068553187,interpolado
0.2322810562112423,-0.004058523605798451,interpolado
0.232380876175235,-0.004067498449381637,interpolado
0.23248069613922784,-0.004024569955296479,interpolado
0.2325805161032206,-0.003934776479536709,interpolado
0.23268033606721336,-0.0038031563780961037,interpolado
0.23278015603120622,-0.003634748006968322,interpolado
0.23287997599519897,-0.003434589722147126,interpolado
0.233,-0.003159,original
0.23307961592318466,-0.002959392728532982,interpolado
0.23317943588717743,-0.0026964704814723688,interpolado
0.23327925585117018,-0.002426540917360912,interpolado
0.23337907581516304,-0.002157195343319717,interpolado
0.23347889577915582,-0.0018960250664698153,interpolado
0.2335787157431486,-0.0016506213939322402,interpolado
0.23367853570714142,-0.0014285756328280819,interpolado
0.23377835567113422,-0.0012374790902782476,interpolado
0.23387817563512708,-0.0010849230734038349,interpolado
0.234,-0.000962,original
0.23407781556311266,-0.0009243415467714795,interpolado
0.23417763552710544,-0.0009170875556382479,interpolado
0.2342774554910982,-0.0009459171801465886,interpolado
0.23437727545509104,-0.0009999777554350348,interpolado
0.23447709541908385,-0.0010684166166421104,interpolado
0.2345769153830766,-0.0011403810989063217,interpolado
0.23467673534706934,-0.0012050185373662355,interpolado
0.2347765553110622,-0.0012514762671603566,interpolado
0.23487637527505498,-0.0012689016234272094,interpolado
0.235,-0.001234,original
0.23507601520304058,-0.0011748986152303844,interpolado
0.23517583516703336,-0.0010589291153202808,interpolado
0.23527565513102616,-0.0009101025716129561,interpolado
0.235375475095019,-0.0007400389115095034,interpolado
0.2354752950590118,-0.0005603580624110143,interpolado
0.23557511502300457,-0.0003826799517186298,interpolado
0.2356749349869974,-0.0002186245068333405,interpolado
0.2357747549509902,-7.981165515628884e-05,interpolado
0.235874574914983,2.2138675911433266e-05,interpolado
0.236,8.01e-05,original
0.23607421484296856,7.030131700005554e-05,interpolado
0.23617403480696142,7.756534667527984e-06,interpolado
0.23627385477095422,-0.00010429621959099646,interpolado
0.23637367473494703,-0.000258070787101252,interpolado
0.23647349469893983,-0.00044578100918897236,interpolado
0.2365733146629326,-0.0006596407271798293,interpolado
0.2366731346269254,-0.0008918637823996772,interpolado
0.2367729545909182,-0.0011346640161741938,interpolado
0.236872774554911,-0.001380255269829113,interpolado
0.237,-0.001685,original
0.23707241448289654,-0.0018483970427029938,interpolado
0.23717223444688937,-0.0020522920235360523,interpolado
0.23727205441088212,-0.002220534793955223,interpolado
0.23737187437487497,-0.0023411092310550935,interpolado
0.23747169433886778,-0.0024019992119302435,interpolado
0.23757151430286058,-0.0023911886136752975,interpolado
0.23767133426685336,-0.0022966613133848157,interpolado
0.23777115423084616,-0.002106401188153388,interpolado
0.23787097419483894,-0.0018083921150756003,interpolado
0.238,-0.001244,original
0.23807061412282451,-0.0008439736934208168,interpolado
0.23817043408681737,-0.00018864035949630182,interpolado
0.23827025405081015,0.0005382663036574588,interpolado
0.23837007401480295,0.0012994246079022827,interpolado
0.23846989397879576,0.0020575128650997853,interpolado
0.23856971394278853,0.002775209387112212,interpolado
0.2386695339067813,0.003415192485801173,interpolado
0.23876935387077416,0.003940140473028488,interpolado
0.23886917383476694,0.004312731660655974,interpolado
0.239,0.004508,original
0.23906881376275255,0.004455744283250538,interpolado
0.23916863372674535,0.004204771803420934,interpolado
0.23926845369073813,0.003781709197232815,interpolado
0.23936827365473093,0.003225921798459291,interpolado
0.23946809361872373,0.0025767749408736576,interpolado
0.23956791358271656,0.0018736339582486558,interpolado
0.23966773354670937,0.0011558641843575632,interpolado
0.23976755351070214,0.00046283095297348974,interpolado
0.23986737347469492,-0.00016610040213045673,interpolado
0.24,-0.000835,original
0.24006701340268055,-0.0010769941002178498,interpolado
0.24016683336667333,-0.001317802050269585,interpolado
0.24026665333066613,-0.0014297776306385593,interpolado
0.24036647329465888,-0.0014290383492821376,interpolado
0.2404662932586517,-0.0013317017141576694,interpolado
0.2405661132226445,-0.001153885233222491,interpolado
0.24066593318663732,-0.0009117064144339551,interpolado
0.24076575315063006,-0.0006212827657494132,interpolado
0.2408655731146229,-0.00029873179512631017,interpolado
0.241,0.000158,original
0.24106521304260844,0.0003791838624321106,interpolado
0.2411650330066013,0.0007151253707780732,interpolado
0.24126485297059408,0.0010508057093546982,interpolado
0.24136467293458683,0.0013895118411385793,interpolado
0.24146449289857963,0.0017345307291065952,interpolado
0.24156431286257246,0.0020891493362353406,interpolado
0.24166413282656526,0.0024566546255015056,interpolado
0.24176395279055807,0.002840333559881779,interpolado
0.24186377275455082,0.003243473102352736,interpolado
0.242,0.003831,original
0.24206341268253645,0.004119890577645489,interpolado
0.24216323264652928,0.0045787943899303265,interpolado
0.24226305261052206,0.005017061387114568,interpolado
0.24236287257451483,0.005405418002427281,interpolado
0.24246269253850763,0.005714590669097861,interpolado
0.24256251250250047,0.005915305820355356,interpolado
0.24266233246649324,0.0059782898894289345,interpolado
0.24276215243048604,0.005874269309547823,interpolado
0.24286197239447888,0.005573970513941137,interpolado
0.243,0.004781,original
0.2430616123224644,0.004271635015012435,interpolado
0.24316143228645726,0.0032780544869698033,interpolado
0.24326125225045006,0.0021440401266902796,interpolado
0.24336107221444292,0.0009472531711635525,interpolado
0.2434608921784357,-0.0002346451426197454,interpolado
0.2435607121424285,-0.0013239935776692751,interpolado
0.24366053210642136,-0.002243130896994701,interpolado
0.24376035207041413,-0.0029143958636055397,interpolado
0.24386017203440696,-0.0032601272405118485,interpolado
0.244,-0.003049,original
0.2440598119623926,-0.0026708262666497963,interpolado
0.24415963192638537,-0.00169073376795389,interpolado
0.24425945189037815,-0.0003635639916521219,interpolado
0.24435927185437095,0.001207565441139058,interpolado
0.2444590918183637,0.0029195369093021114,interpolado
0.2445589117823565,0.004669232791719826,interpolado
0.2446587317463493,0.006353535467274992,interpolado
0.24475855171034205,0.007869327314850004,interpolado
0.2448583716743349,0.009113490713328523,interpolado
0.245,0.010211,original
0.24505801160232052,0.010380261046856,interpolado
0.2451578315663133,0.01030182724354879,interpolado
0.24525765153030607,0.009819589953936225,interpolado
0.24535747149429887,0.009007703328995661,interpolado
0.24545729145829165,0.00794032151970481,interpolado
0.2455571114222845,0.006691598677041312,interpolado
0.24565693138627728,0.005335688951983185,interpolado
0.24575675135027006,0.0039467464955073,interpolado
0.24585657131426286,0.002598925458591656,interpolado
0.246,0.000883,original
0.2460562112422485,0.00032046800183366345,interpolado
0.2461560312062413,-0.0005160729905764037,interpolado
0.24625585117023407,-0.0011617358789398785,interpolado
0.2463556711342269,-0.0016363192043205679,interpolado
0.24645549109821968,-0.0019596215077825395,interpolado
0.24655531106221248,-0.00215144133038986,interpolado
0.24665513102620526,-0.0022315772132065897,interpolado
0.2467549509901981,-0.002219827697296834,interpolado
0.24685477095419087,-0.0021359913237246246,interpolado
0.247,-0.001926,original
0.24705441088217647,-0.0018309011298029692,interpolado
0.24715423084616928,-0.001641951612320686,interpolado
0.24725405081016205,-0.0014400159659743587,interpolado
0.24735387077415483,-0.0012318880310583996,interpolado
0.24745369073814766,-0.0010243616478671695,interpolado
0.24755351070214046,-0.0008242306566950306,interpolado
0.2476533306661332,-0.0006382888978363928,interpolado
0.24775315063012604,-0.00047333021158551354,interpolado
0.24785297059411882,-0.0003361484382368075,interpolado
0.248,-0.000199,original
0.24805261052210442,-0.00017189565556021362,interpolado
0.24815243048609725,-0.00014958767545321857,interpolado
0.24825225045009003,-0.00015749159426556156,interpolado
0.24835207041408286,-0.00018619987800687338,interpolado
0.24845189037807566,-0.0002263049926867741,interpolado
0.24855171034206844,-0.0002683994043148725,interpolado
0.24865153030606116,-0.00030307557890081377,interpolado
0.248751350270054,-0.0003209259824542062,interpolado
0.24885117023404685,-0.0003125430809846698,interpolado
0.249,-0.000231,original
0.24905081016203237,-0.0001798874067155365,interpolado
0.2491506301260252,-4.738789587924305e-05,interpolado
0.24925045009001792,0.00011875632803271296,interpolado
0.2493502700540108,0.00030792737374313913,interpolado
0.2494500900180036,0.0005095073499748431,interpolado
0.2495499099819964,0.0007128783654505769,interpolado
0.24964972994598925,0.0009074225288933157,interpolado
0.249749549909982,0.0010825219490256546,interpolado
0.24984936987397474,0.0012275587345705215,interpolado
0.2499491898379676,0.001331914994250778,interpolado
0.25,0.001366,original
0.2501488297659532,0.0013878034870314804,interpolado
0.250248649729946,0.0013492317141577904,interpolado
0.25034846969393876,0.0012802170396286605,interpolado
0.2504482896579316,0.0011913015765672192,interpolado
0.25054810962192436,0.0010930274380967517,interpolado
0.2506479295859172,0.0009959367373403424,interpolado
0.25074774954991,0.0009105715874212863,interpolado
0.2508475695139027,0.0008474741014627091,interpolado
0.2509473894778956,0.0008171863925877873,interpolado
0.251,0.000818,original
0.2511470294058812,0.000884169334892416,interpolado
0.251246849369874,0.0009668950045591714,interpolado
0.25134666933386673,0.0010640559116064654,interpolado
0.25144648929785957,0.0011617120353603493,interpolado
0.2515463092618524,0.001245923355146706,interpolado
0.2516461292258452,0.0013027498502916114,interpolado
0.25174594918983795,0.0013182515001209944,interpolado
0.2518457691538308,0.0012784882839608947,interpolado
0.2519455891178236,0.0011695201811372277,interpolado
0.252,0.001076,original
0.2521452290458092,0.0007064288588318967,interpolado
0.252245049009802,0.0003755125033761737,interpolado
0.25234486897379477,6.771273094117473e-06,interpolado
0.2524446889377876,-0.00037823860193580473,interpolado
0.2525445089017804,-0.0007579608916344725,interpolado
0.2526443288657732,-0.0011108393659235987,interpolado
0.252744148829766,-0.0014153177947241,interpolado
0.25284396879375876,-0.0016498399479574983,interpolado
0.25294378875775153,-0.001792849595545162,interpolado
0.253,-0.001825,original
0.25314342868573714,-0.0017486980170283333,interpolado
0.25324324864972997,-0.0016064673529848925,interpolado
0.25334306861372274,-0.001437274536248724,interpolado
0.2534428885777156,-0.0012814357556230594,interpolado
0.25354270854170835,-0.0011792671999114658,interpolado
0.2536425285057011,-0.0011710850579172197,interpolado
0.25374234846969396,-0.0012972055184438099,interpolado
0.25384216843368673,-0.0015979447702944875,interpolado
0.25394198839767956,-0.002113619002273008,interpolado
0.254,-0.002528,original
0.2541416283256651,-0.003889413836262213,interpolado
0.2542414482896579,-0.00504808509016656,interpolado
0.2543412682536507,-0.006269840288433384,interpolado
0.2544410882176435,-0.007465546755163138,interpolado
0.2545409081816364,-0.008546071814453654,interpolado
0.25464072814562905,-0.009422282790404805,interpolado
0.25474054810962193,-0.010005047007116028,interpolado
0.2548403680736147,-0.010205231788685829,interpolado
0.25494018803760754,-0.009933704459213528,interpolado
0.255,-0.009508,original
0.2551398279655931,-0.007712017458627063,interpolado
0.255239647929586,-0.005865887432861129,interpolado
0.25533946789357875,-0.0036790684209307444,interpolado
0.25543928785757153,-0.0012655073466083663,interpolado
0.2555391078215643,0.00126084886632852,interpolado
0.25563892778555714,0.00378605329410646,interpolado
0.2557387477495499,0.006196159012951988,interpolado
0.25583856771354274,0.008377219099087632,interpolado
0.2559383876775355,0.010215286628740924,interpolado
0.256,0.011129,original
0.25613802760552107,0.012478113141778867,interpolado
0.2562378475695139,0.012897694762198852,interpolado
0.25633766753350673,0.012904890331006856,interpolado
0.25643748749749956,0.01254791499825943,interpolado
0.25653730746149234,0.01187498391401346,interpolado
0.2566371274254851,0.010934312228325341,interpolado
0.25673694738947794,0.009774115091250854,interpolado
0.25683676735347066,0.008442607652847786,interpolado
0.2569365873174635,0.006988005063171201,interpolado
0.257,0.006022,original
0.25713622724544904,0.0038968865800588217,interpolado
0.25723604720944193,0.0023392247117722115,interpolado
0.2573358671734347,0.0008206915391960021,interpolado
0.2574356871374275,-0.0006234534993680495,interpolado
0.25753550710142026,-0.0019579509656149196,interpolado
0.25763532706541303,-0.0031475414212420285,interpolado
0.25773514702940586,-0.00415696542794648,interpolado
0.25783496699339864,-0.004950963547423731,interpolado
0.25793478695739147,-0.00549427634137122,interpolado
0.258,-0.005697,original
0.258134426885377,-0.005722852794468588,interpolado
0.25823424684936985,-0.005452940057802952,interpolado
0.2583340668133627,-0.004993337312271485,interpolado
0.25843388677735546,-0.004394877777016427,interpolado
0.2585337067413483,-0.0037083946711796976,interpolado
0.25863352670534107,-0.0029847212139044155,interpolado
0.25873334666933395,-0.0022746906243321556,interpolado
0.2588331666333267,-0.0016291361216060555,interpolado
0.2589329865973195,-0.001098890924868036,interpolado
0.259,-0.000833,original
0.25913262652530505,-0.0005559780821492935,interpolado
0.25923244648929794,-0.0005377714813494107,interpolado
0.25933226645329066,-0.0006494742021337159,interpolado
0.25943208641728344,-0.0008608715310922961,interpolado
0.25953190638127627,-0.001141748754815461,interpolado
0.259631726345269,-0.001461891159893022,interpolado
0.2597315463092619,-0.0017910840329154404,interpolado
0.2598313662732546,-0.0020991126604724734,interpolado
0.2599311862372474,-0.0023557623291544437,interpolado
0.26,-0.002487,original
0.260130826165233,-0.002609395817916326,interpolado
0.2602306461292258,-0.002599293193109309,interpolado
0.26033046609321864,-0.002511356062393902,interpolado
0.26043028605721136,-0.0023562259569365465,interpolado
0.2605301060212042,-0.0021445444079035403,interpolado
0.26062992598519696,-0.001886952946461548,interpolado
0.2607297459491898,-0.0015940931037767224,interpolado
0.2608295659131826,-0.00127660641101582,interpolado
0.2609293858771754,-0.0009451343993451132,interpolado
0.261,-0.000708,original
0.261129025805161,-0.00028029615333892,interpolado
0.26122884576915384,4.07516021784281e-05,interpolado
0.26132866573314667,0.0003491700430934836,interpolado
0.2614284856971395,0.0006412755002030634,interpolado
0.2615283056611323,0.0009133843043039484,interpolado
0.26162812562512505,0.001161812786192471,interpolado
0.2617279455891179,0.0013828772766655388,interpolado
0.26182776555311066,0.00157289410651954,interpolado
0.2619275855171034,0.0017281796065512414,interpolado
0.262,0.001817,original
0.26212722544508904,0.001923478383854912,interpolado
0.2622270454090819,0.0019695928502915174,interpolado
0.2623268653730747,0.0019903423468830197,interpolado
0.2624266853370675,0.0019926391668565304,interpolado
0.26252650530106025,0.0019833956034391188,interpolado
0.26262632526505303,0.001969523949857874,interpolado
0.26272614522904586,0.0019579364993398667,interpolado
0.26282596519303864,0.0019555455451121884,interpolado
0.2629257851570314,0.001969263380401909,interpolado
0.263,0.001994,original
0.2631254250850171,0.0020693554211445547,interpolado
0.2632252450490099,0.0021569686239240617,interpolado
0.2633250650130026,0.002265687203752841,interpolado
0.26342488497699534,0.002392384697105952,interpolado
0.2635247049409882,0.0025339346404584955,interpolado
0.263624524904981,0.0026872105702853304,interpolado
0.26372434486897384,0.0028490860230616405,interpolado
0.2638241648329666,0.0030164345352622635,interpolado
0.26392398479695933,0.0031861296433623038,interpolado
0.264,0.003315,original
0.26412362472494494,0.0035197707951708933,interpolado
0.26422344468893777,0.003676358903980842,interpolado
0.26432326465293055,0.0038207868635465225,interpolado
0.2644230846169234,0.003949034347647295,interpolado
0.26452290458091615,0.004057081030062816,interpolado
0.2646227245449089,0.004140906584572483,interpolado
0.26472254450890176,0.004196490684955882,interpolado
0.2648223644728946,0.004219813004992536,interpolado
0.2649221844368873,0.004206853218461937,interpolado
0.265,0.004169,original
0.26512182436487297,0.004060683964379159,interpolado
0.2652216443288658,0.00393825026223839,interpolado
0.26532146429285863,0.003797737441963777,interpolado
0.26542128425685135,0.003650565486328118,interpolado
0.2655211042208442,0.0035081543781039044,interpolado
0.265620924184837,0.003381924100063939,interpolado
0.2657207441488297,0.0032832946349807784,interpolado
0.2658205641128226,0.0032236859656270436,interpolado
0.2659203840768154,0.003214518074775443,interpolado
0.266,0.003251,original
0.266120024004801,0.0033850190920482475,interpolado
0.2662198439687938,0.0035536800875622786,interpolado
0.26631966393278655,0.003756392421730797,interpolado
0.26641948389677933,0.003976393533105828,interpolado
0.2665193038607722,0.004196920860239854,interpolado
0.26661912382476494,0.004401211841684879,interpolado
0.2667189437887577,0.004572503915993289,interpolado
0.26681876375275054,0.0046940345217173895,interpolado
0.2669185837167433,0.004749041097409295,interpolado
0.267,0.004733,original
0.267118223644729,0.00460268148887565,interpolado
0.2672180436087217,0.004411592803114259,interpolado
0.2673178635727146,0.004167787711338624,interpolado
0.2674176835367073,0.0038915202365367688,interpolado
0.2675175035007002,0.0036030444016961535,interpolado
0.26761732346469297,0.0033226142298048524,interpolado
0.26771714342868574,0.003070483743850448,interpolado
0.2678169633926786,0.002866906966820591,interpolado
0.2679167833566714,0.0027321379217032592,interpolado
0.268,0.002687,original
0.26811642328465696,0.0027388524502880793,interpolado
0.26821624324864973,0.0028715356063022794,interpolado
0.2683160632126425,0.003062397356377018,interpolado
0.26841588317663534,0.003289387403729539,interpolado
0.26851570314062817,0.0035304554515775332,interpolado
0.26861552310462095,0.00376355120313819,interpolado
0.2687153430686137,0.003966624361629106,interpolado
0.26881516303260655,0.004117624630267813,interpolado
0.2689149829965994,0.004194501712271603,interpolado
0.269,0.004185,original
0.2691146229245849,0.004048533914830251,interpolado
0.26921444288857765,0.0038309306520025043,interpolado
0.26931426285257054,0.003543358860584551,interpolado
0.2694140828165633,0.003206758511277665,interpolado
0.2695139027805562,0.002842069574782436,interpolado
0.269613722744549,0.00247023202180022,interpolado
0.26971354270854175,0.002112185823031764,interpolado
0.26981336267253453,0.0017888709491778428,interpolado
0.26991318263652736,0.001521227370939766,interpolado
0.27,0.00135,original
0.27011282256451297,0.001228553149944191,interpolado
0.27021264252850574,0.0012070858350156704,interpolado
0.2703124624924986,0.0012528088485292694,interpolado
0.27041228245649135,0.0013527504169349868,interpolado
0.270512102420484,0.0014939387666828845,interpolado
0.27061192238447684,0.001663402124223118,interpolado
0.2707117423484696,0.0018481687160055477,interpolado
0.27081156231246245,0.002035266768480418,interpolado
0.2709113822764553,0.00221172450809757,interpolado
0.271,0.002349,original
0.27111102220444083,0.00248090926370562,interpolado
0.27121084216843366,0.002548067623809552,interpolado
0.27131066213242644,0.002553410683242579,interpolado
0.27141048209641927,0.0024843038042107893,interpolado
0.271510302060412,0.002328112348920302,interpolado
0.2716101220244048,0.002072201679577045,interpolado
0.27170994198839765,0.0017039371583873952,interpolado
0.2718097619523905,0.0012106841475570257,interpolado
0.27190958191638326,0.0005798080092925789,interpolado
0.272,-0.000121,original
0.27210922184436886,-0.0011291296382592334,interpolado
0.2722090418083617,-0.002151171525885899,interpolado
0.27230886177235447,-0.00320577488927811,interpolado
0.2724086817363473,-0.00423127340812367,interpolado
0.2725085017003401,-0.005166000762112158,interpolado
0.27260832166433285,-0.005948290630932957,interpolado
0.27270814162832563,-0.006516476694274168,interpolado
0.27280796159231846,-0.006808892631825346,interpolado
0.2729077815563113,-0.0067638721232751425,interpolado
0.273,-0.006369,original
0.2731074214842969,-0.005446212783624269,interpolado
0.2732072414482896,-0.004212683501552974,interpolado
0.2733070614122825,-0.0027084633291237703,interpolado
0.2734068813762753,-0.0010228434823758802,interpolado
0.27350670134026805,0.0007548848226539514,interpolado
0.2736065213042609,0.0025354303699291823,interpolado
0.27370634126825366,0.004229501943410279,interpolado
0.2738061612322465,0.005747808327061508,interpolado
0.27390598119623927,0.0070010583048436235,interpolado
0.274,0.007859,original
0.2741056211242249,0.008382161380222667,interpolado
0.27420544108821765,0.008475784291582543,interpolado
0.2743052610522105,0.008227970668084944,interpolado
0.2744050810162033,0.007685857319832228,interpolado
0.27450490098019603,0.0068965810569264095,interpolado
0.2746047209441888,0.005907278689468953,interpolado
0.2747045409081816,0.00476508702756304,interpolado
0.2748043608721744,0.00351714288130952,interpolado
0.27490418083616724,0.002210583060811861,interpolado
0.275,0.000945,original
0.2751038207641528,-0.0003949292651685739,interpolado
0.2752036407281456,-0.001627855553097617,interpolado
0.27530346069213846,-0.0027862571199266245,interpolado
0.2754032806561312,-0.0038501563065211374,interpolado
0.27550310062012395,-0.004799575453748657,interpolado
0.27560292058411684,-0.005614536902476431,interpolado
0.2757027405481096,-0.006275062993570378,interpolado
0.27580256051210245,-0.006761176067897827,interpolado
0.2759023804760952,-0.007052898466325716,interpolado
0.276,-0.007131,original
0.27610202040408083,-0.006983945957025774,interpolado
0.27620184036807366,-0.006644691975521702,interpolado
0.2763016603320664,-0.006152565581331275,interpolado
0.2764014802960592,-0.005547641663361838,interpolado
0.27650130026005204,-0.004869995110521788,interpolado
0.27660112022404487,-0.004159700811718122,interpolado
0.27670094018803765,-0.0034568336558593498,interpolado
0.2768007601520304,-0.0028014685318527898,interpolado
0.27690058011602325,-0.0022336803286058604,interpolado
0.277,-0.001795,original
0.27710022004400886,-0.0015109803982043296,interpolado
0.2772000400080016,-0.0013757808393004382,interpolado
0.27729985997199436,-0.0013678238042712989,interpolado
0.27739967993598724,-0.0014669878397192144,interpolado
0.27749949989998,-0.0016531514922462865,interpolado
0.27759931986397285,-0.0019061933084549198,interpolado
0.27769913982796557,-0.002205991834947045,interpolado
0.27779895979195834,-0.0025324256183250084,interpolado
0.2778987797559512,-0.002865373205191213,interpolado
0.278,-0.003189,original
0.2780984196839368,-0.0034728611994124738,interpolado
0.27819823964792956,-0.0037228183150925485,interpolado
0.27829805961192233,-0.003930345435594221,interpolado
0.27839787957591516,-0.004091203514631197,interpolado
0.27849769953990794,-0.004201153505916931,interpolado
0.2785975195039008,-0.004255956363165172,interpolado
0.27869733946789355,-0.004251373040089491,interpolado
0.2787971594318864,-0.0041831644904035655,interpolado
0.27889697939587926,-0.004047091667820934,interpolado
0.279,-0.003831,original
0.2790966193238648,-0.0035578104701211814,interpolado
0.2791964392878576,-0.0032179842087481534,interpolado
0.2792962592518504,-0.002837781797311389,interpolado
0.2793960792158432,-0.002435548415268886,interpolado
0.2794958991798359,-0.002029629242079325,interpolado
0.27959571914382875,-0.001638369457200506,interpolado
0.27969553910782163,-0.0012801142400910943,interpolado
0.27979535907181435,-0.0009732087702090942,interpolado
0.2798951790358072,-0.0007359982270126211,interpolado
0.28,-0.000582,original
0.28009481896379285,-0.0005382643566352808,interpolado
0.2801946389277856,-0.0005760072653388094,interpolado
0.28029445889177834,-0.0006779527240058444,interpolado
0.28039427885577123,-0.0008219960927905231,interpolado
0.28049409881976406,-0.0009860327318467264,interpolado
0.2805939187837569,-0.0011479580013286587,interpolado
0.28069373874774967,-0.001285667261390182,interpolado
0.2807935587117424,-0.0013770558721854372,interpolado
0.2808933786757353,-0.0014000191938684655,interpolado
0.281,-0.001324,original
0.2810930186037209,-0.0011564271446152978,interpolado
0.2811928385677137,-0.000874516348789205,interpolado
0.2812926585317065,-0.0004955757742589042,interpolado
0.2813924784956993,-2.8462628507966442e-05,interpolado
0.28149229845969204,0.0005179658809791047,interpolado
0.28159211842368476,0.0011348525467185632,interpolado
0.2816919383876776,0.0018133401612268193,interpolado
0.2817917583516704,0.0025445715170191356,interpolado
0.2818915783156632,0.0033196894066123313,interpolado
0.282,0.004201,original
0.28209121824364874,0.004963781740664471,interpolado
0.2821910382076416,0.005797981194756915,interpolado
0.28229085817163435,0.006604912588948202,interpolado
0.2823906781356271,0.0073570515365732,interpolado
0.28249049809961985,0.008026873650965065,interpolado
0.2825903180636126,0.008586854545458239,interpolado
0.2826901380276055,0.00900946983338692,interpolado
0.28278995799159823,0.009267195128084627,interpolado
0.2828897779555911,0.00933250604288562,interpolado
0.283,0.009148,original
0.2830894178835766,0.008783442486109839,interpolado
0.2831892378475695,0.008171271277607426,interpolado
0.2832890578115623,0.007377726902045097,interpolado
0.2833888777755551,0.006439183747587659,interpolado
0.2834886977395479,0.005392016202401797,interpolado
0.28358851770354077,0.004272598654652665,interpolado
0.2836883376675336,0.0031173054925052474,interpolado
0.28378815763152637,0.0019625111041264814,interpolado
0.2838879775955192,0.0008445898776807617,interpolado
0.284,-0.000321,original
0.2840876175235047,-0.0011371076962314014,interpolado
0.2841874374874976,-0.0019434990010247248,interpolado
0.28428725745149036,-0.0026003753600181913,interpolado
0.2843870774154831,-0.0030888597475117853,interpolado
0.28448689737947597,-0.0033900751378042326,interpolado
0.2845867173434687,-0.0034851445051951304,interpolado
0.2846865373074616,-0.0033551908239836175,interpolado
0.28478635727145435,-0.002981337068469106,interpolado
0.28488617723544707,-0.002344706212950434,interpolado
0.285,-0.001274,original
0.2850858171634327,-0.0002176201386627662,interpolado
0.28518563712742545,0.0012292456452186907,interpolado
0.2852854570914183,0.0028385309458578527,interpolado
0.2853852770554111,0.004534547080618779,interpolado
0.2854850970194039,0.006241605366861909,interpolado
0.28558491698339666,0.007884017121950533,interpolado
0.2856847369473895,0.009386093663247788,interpolado
0.2857845569113824,0.010672146308114342,interpolado
0.28588437687537516,0.011666486373913881,interpolado
0.286,0.012354,original
0.2860840168033607,0.012490592721725481,interpolado
0.2861838367673535,0.012281871823232593,interpolado
0.28628365673134626,0.011725504153726318,interpolado
0.2863834766953391,0.010879820017253659,interpolado
0.28648329665933187,0.009803149717863118,interpolado
0.28658311662332464,0.008553823559601853,interpolado
0.28668293658731747,0.007190171846516616,interpolado
0.2867827565513102,0.005770524882656499,interpolado
0.2868825765153029,0.004353212972068313,interpolado
0.287,0.002768,original
0.2870822164432886,0.0017540389069067043,interpolado
0.2871820364072814,0.00064565868302919,interpolado
0.2872818563712742,-0.0003225617116196922,interpolado
0.287381676335267,-0.001144657603407153,interpolado
0.28748149629925984,-0.0018146643187000806,interpolado
0.2875813162632526,-0.0023266171838642862,interpolado
0.28768113622724545,-0.0026745515252668923,interpolado
0.28778095619123817,-0.0028525026692740652,interpolado
0.287880776155231,-0.002854505942252608,interpolado
0.288,-0.002618,original
0.2880804160832166,-0.0023107727705110864,interpolado
0.28818023604720944,-0.0017897962282214107,interpolado
0.28828005601120227,-0.0011511197270619076,interpolado
0.288379875975195,-0.00043425161974677525,interpolado
0.2884796959391879,0.0003212997410099613,interpolado
0.2885795159031807,0.0010760260024929975,interpolado
0.2886793358671735,0.001790418811988677,interpolado
0.28877915583116626,0.0024249698167817402,interpolado
0.2888789757951591,0.0029401706641581523,interpolado
0.289,0.003348,original
0.28907861572314464,0.003460301821145667,interpolado
0.2891784356871374,0.0034425627671754817,interpolado
0.2892782556511302,0.0032750739356363348,interpolado
0.289378075615123,0.00298972749126005,interpolado
0.2894778955791158,0.002618415598778187,interpolado
0.28957771554310857,0.0021930304229229565,interpolado
0.2896775355071014,0.0017454641284257084,interpolado
0.2897773554710942,0.0013076088800187376,interpolado
0.28987717543508695,0.0009113568424335844,interpolado
0.29,0.000528,original
0.2900768153630725,0.0003673881453513966,interpolado
0.2901766353270653,0.00024441667264033396,interpolado
0.29027645529105817,0.00020108472477697954,interpolado
0.29037627525505094,0.0002186880450821981,interpolado
0.2904760952190438,0.00027852237687698986,interpolado
0.2905759151830366,0.0003618834634822383,interpolado
0.29067573514702943,0.00045006704821897163,interpolado
0.29077555511102215,0.000524368874408043,interpolado
0.290875375075015,0.0005660846853704596,interpolado
0.291,0.000544,original
0.29107501500300054,0.0004794099241108801,interpolado
0.2911748349669934,0.0003399275540990859,interpolado
0.29127465493098614,0.00015416960779141958,interpolado
0.2913744748949789,-6.166816536102986e-05,interpolado
0.2914742948589718,-0.00029139001590723943,interpolado
0.2915741148229645,-0.0005188001943957956,interpolado
0.29167393478695736,-0.000727702951375781,interpolado
0.29177375475095013,-0.0009019025373958045,interpolado
0.2918735747149429,-0.001025203203004838,interpolado
0.292,-0.001083,original
0.29207321464292846,-0.0010566922198433748,interpolado
0.2921730346069213,-0.0009590066927843433,interpolado
0.2922728545709142,-0.0008080421842607184,interpolado
0.2923726745349069,-0.0006236018644036501,interpolado
0.2924724944988997,-0.0004254889033442133,interpolado
0.29257231446289256,-0.00023350647121382314,interpolado
0.29267213442688533,-6.745773814355725e-05,interpolado
0.29277195439087816,5.285412573545001e-05,interpolado
0.292871774354871,0.0001076259502918698,interpolado
0.293,5e-05,original
0.2930714142828566,-5.6038254426102786e-05,interpolado
0.2931712342468493,-0.00028314482832358045,interpolado
0.2932710542108422,-0.0005812236193392015,interpolado
0.29337087417483493,-0.0009270679017370965,interpolado
0.29347069413882776,-0.001297470949782092,interpolado
0.29357051410282053,-0.0016692260377382366,interpolado
0.29367033406681337,-0.002019126439870203,interpolado
0.2937701540308062,-0.002323965430442614,interpolado
0.29386997399479897,-0.002560536283719592,interpolado
0.294,-0.002728,original
0.2940696139227845,-0.002738482502288106,interpolado
0.2941694338867773,-0.002663693118557834,interpolado
0.29426925385077013,-0.002500946922276919,interpolado
0.29436907381476296,-0.002270125706736854,interpolado
0.29446889377875574,-0.0019911112652287073,interpolado
0.29456871374274857,-0.0016837853910440987,interpolado
0.2946685337067414,-0.0013680298774741868,interpolado
0.2947683536707342,-0.0010637265178101102,interpolado
0.29486817363472695,-0.0007907571053435193,interpolado
0.295,-0.000512,original
0.29506781356271256,-0.0004167792315077579,interpolado
0.29516763352670533,-0.0003349842153598338,interpolado
0.29526745349069816,-0.00031365839379553375,interpolado
0.2953672734546909,-0.000342676912178176,interpolado
0.29546709341868377,-0.0004119149158710792,interpolado
0.29556691338267654,-0.0005112475502374607,interpolado
0.2956667333466692,-0.0006305499606406475,interpolado
0.2957665533106621,-0.000759697292444011,interpolado
0.29586637327465487,-0.0008885646910107021,interpolado
0.296,-0.001043,original
0.2960660132026405,-0.0011053145395844342,interpolado
0.29616583316663325,-0.001177855111789438,interpolado
0.2962656531306261,-0.0012218258653601496,interpolado
0.29636547309461886,-0.0012344512303900969,interpolado
0.29646529305861175,-0.0012129556369728683,interpolado
0.2965651130226046,-0.0011545635152020643,interpolado
0.29666493298659724,-0.0010564992951712605,interpolado
0.29676475295059007,-0.0009159874069739449,interpolado
0.2968645729145829,-0.0007302522807038496,interpolado
0.297,-0.000401,original
0.2970642128425685,-0.00021278054541183238,interpolado
0.2971640328065613,0.00011320407600762598,interpolado
0.29726385277055406,0.00046697579072405953,interpolado
0.2973636727345469,0.0008339434933063284,interpolado
0.2974634926985397,0.0011995160783240802,interpolado
0.2975633126625325,0.0015491024403461613,interpolado
0.2976631326265253,0.0018681114739420351,interpolado
0.29776295259051805,0.002141952073681096,interpolado
0.2978627725545109,0.002356033134132293,interpolado
0.298,0.002526,original
0.2980624124824965,0.002547627048484307,interpolado
0.2981622324464892,0.0025126853215025544,interpolado
0.2982620524104821,0.0024024992033625575,interpolado
0.2983618723744748,0.002228860949122475,interpolado
0.29846169233846753,0.002003562813840295,interpolado
0.2985615123024605,0.0017383970525738947,interpolado
0.29866133226645325,0.001445155920381603,interpolado
0.29876115223044614,0.00113563167232114,interpolado
0.29886097219443886,0.0008216165634508844,interpolado
0.299,0.000399,original
0.2990606121224245,0.00022685811011037018,interpolado
0.29916043208641724,-3.732637233033252e-05,interpolado
0.29926025205041007,-0.0002771243875911389,interpolado
0.2993600720144028,-0.0004921246711733874,interpolado
0.2994598919783957,-0.0006819159585788238,interpolado
0.29955971194238845,-0.000846086985309137,interpolado
0.2996595319063812,-0.0009842264868657501,interpolado
0.29975935187037406,-0.0010959231987504212,interpolado
0.29985917183436683,-0.0011807658564646308,interpolado
0.3,-0.001254,original
0.3000588117623524,-0.0012683026597801808,interpolado
0.30015863172634527,-0.0012712089266496967,interpolado
0.3002584516903381,-0.0012483531376011833,interpolado
0.3003582716543308,-0.0012010463371737686,interpolado
0.30045809161832365,-0.0011305995699065485,interpolado
0.3005579115823165,-0.0010383238803385667,interpolado
0.3006577315463093,-0.000925530313009028,interpolado
0.3007575515103021,-0.0007935299124569095,interpolado
0.3008573714742948,-0.0006436337232214599,interpolado
0.301,-0.000401,original
0.30105701140228047,-0.0002952694550240795,interpolado
0.30115683136627325,-9.700171072816863e-05,interpolado
0.3012566513302661,0.00012042970652108997,interpolado
0.30135647129425885,0.00035985854701941453,interpolado
0.30145629125825163,0.0006241185610628785,interpolado
0.3015561112222444,0.00091604349894761,interpolado
0.30165593118623724,0.0012384671109692447,interpolado
0.30175575115023,0.001594223147424102,interpolado
0.3018555711142228,0.001986145358607747,interpolado
0.302,0.002623,original
0.3020552110422084,0.0028888980791639874,interpolado
0.30215503100620117,0.0033867620021354955,interpolado
0.30225485097019394,0.003881173464900266,interpolado
0.3023546709341868,0.004342158650755272,interpolado
0.30245449089817955,0.0047397437429983254,interpolado
0.3025543108621723,0.005043954924927096,interpolado
0.30265413082616516,0.005224818379838772,interpolado
0.30275395079015793,0.005252360291031048,interpolado
0.30285377075415076,0.005096606841801417,interpolado
0.303,0.004475,original
0.30305341068213637,0.004117721801875136,interpolado
0.3031532306461292,0.003286583259611712,interpolado
0.30325305061012203,0.002296744304950472,interpolado
0.3033528705741147,0.001212357253308069,interpolado
0.3034526905381076,9.757442009952292e-05,interpolado
0.30355251050210047,-0.000983451879260218,interpolado
0.30365233046609313,-0.001966569329354396,interpolado
0.303752150430086,-0.002787625614768496,interpolado
0.3038519703940788,-0.0033824684200860476,interpolado
0.304,-0.003711,original
0.3040516103220644,-0.003640016570657265,interpolado
0.3041514302860572,-0.003246807157840795,interpolado
0.30425125025005,-0.0025757318574755462,interpolado
0.30435107021404284,-0.00169774201365729,interpolado
0.3044508901780356,-0.0006837889704833394,interpolado
0.30455071014202845,0.000395175927951044,interpolado
0.3046505301060213,0.0014682013375483234,interpolado
0.304750350070014,0.002464335914212786,interpolado
0.30485017003400683,0.0033126283138485407,interpolado
0.30494998999799966,0.003942127192358311,interpolado
0.305,0.004153,original
0.30514962992598527,0.0043289075035100235,interpolado
0.30524944988997793,0.004123270689129876,interpolado
0.3053492698539709,0.0037176020391607575,interpolado
0.3054490898179636,0.0031620255614707936,interpolado
0.3055489097819565,0.0025066652639270785,interpolado
0.3056487297459492,0.0018016451543980158,interpolado
0.30574854970994203,0.0010970892407509158,interpolado
0.30584836967393486,0.0004431215308530915,interpolado
0.3059481896379276,-0.00011013396742705727,interpolado
0.306,-0.000341,original
0.30614782956591324,-0.0007555065182163099,interpolado
0.306247649529906,-0.0008594686783888557,interpolado
0.3063474694938988,-0.0008523861480367597,interpolado
0.3064472894578916,-0.0007607840410444693,interpolado
0.3065471094218844,-0.0006111874712963408,interpolado
0.3066469293858771,-0.0004301215526769797,interpolado
0.30674674934986995,-0.00024411139907074298,interpolado
0.3068465693138627,-7.968212436197691e-05,interpolado
0.30694638927785556,3.664115756469709e-05,interpolado
0.307,7e-05,original
0.30714602920584116,4.174412193144619e-05,interpolado
0.30724584916983394,-5.912074207973245e-05,interpolado
0.30734566913382677,-0.00020622441582091535,interpolado
0.30744548909781955,-0.0003822548678091503,interpolado
0.3075453090618124,-0.0005699000665618313,interpolado
0.3076451290258052,-0.0007518479805959619,interpolado
0.3077449489897978,-0.0009107865784288633,interpolado
0.30784476895379076,-0.0010294038285778083,interpolado
0.30794458891778353,-0.0010903876995598746,interpolado
0.308,-0.001093,original
0.3081442288457691,-0.000986300714150772,interpolado
0.30824404880976186,-0.0008323882991704026,interpolado
0.3083438687737547,-0.0006298576249251316,interpolado
0.30844368873774747,-0.0003934076104821922,interpolado
0.30854350870174035,-0.0001377371749083405,interpolado
0.3086433286657331,0.0001224547627291318,interpolado
0.30874314862972585,0.00037246928336336186,interpolado
0.3088429685937187,0.0005976074679274633,interpolado
0.30894278855771146,0.0007831703973541789,interpolado
0.309,0.000866,original
0.30914242848569706,0.000989994794948873,interpolado
0.3092422484496899,0.0010204648633894832,interpolado
0.30934206841368267,0.0010188294754885515,interpolado
0.3094418883776755,0.0009976948088403516,interpolado
0.30954170834166833,0.000969667041039156,interpolado
0.30964152830566116,0.0009473523496792213,interpolado
0.3097413482696539,0.0009433569123548435,interpolado
0.3098411682336467,0.000970286906660299,interpolado
0.3099409881976395,0.0010407485101898287,interpolado
0.31,0.001108,original
0.3101406281256252,0.0013473173560761538,interpolado
0.3102404480896179,0.0015625369487384407,interpolado
0.31034026805361076,0.0017922480482954147,interpolado
0.3104400880176035,0.0020160676962840247,interpolado
0.31053990798159625,0.002213612934241607,interpolado
0.31063972794558903,0.002364500803705442,interpolado
0.3107395479095818,0.0024483483462125655,interpolado
0.3108393678735747,0.002444772603300258,interpolado
0.3109391878375674,0.002333390616505726,interpolado
0.311,0.002204,original
0.31113882776555307,0.0017298544468777387,interpolado
0.31123864772954585,0.0012713978446700282,interpolado
0.3113384676935387,0.0007525294244390149,interpolado
0.3114382876575315,0.00020679263475976317,interpolado
0.31153810762152423,-0.00033226907579352895,interpolado
0.31163792758551706,-0.0008311122586466475,interpolado
0.3117377475495099,-0.001256193465224552,interpolado
0.31183756751350267,-0.001573969246953199,interpolado
0.3119373874774955,-0.0017508961552577492,interpolado
0.312,-0.001775,original
0.31213702740548105,-0.0015728369626791642,interpolado
0.3122368473694739,-0.0012292537572846267,interpolado
0.31233666733346666,-0.0007471733519118372,interpolado
0.31243648729745943,-0.000150591325355246,interpolado
0.3125363072614522,0.0005364967435914692,interpolado
0.31263612722544504,0.001290095276134835,interpolado
0.3127359471894378,0.0020862086934800967,interpolado
0.3128357671534307,0.002900841416834204,interpolado
0.3129355871174234,0.0037099978674023323,interpolado
0.313,0.004218,original
0.313135227045409,0.005215901683640326,interpolado
0.31323504700940186,0.005864664552609783,interpolado
0.31333486697339463,0.006411980475264751,interpolado
0.3134346869373874,0.0068338588167950074,interpolado
0.3135345069013803,0.007106308942391285,interpolado
0.31363432686537307,0.007205340217243983,interpolado
0.31373414682936585,0.00710696200654338,interpolado
0.3138339667933587,0.006787183675479733,interpolado
0.31393378675735145,0.006222014589243786,interpolado
0.314,0.0057,original
0.31413342668533706,0.004298225432921922,interpolado
0.3142332466493299,0.0030209122108646055,interpolado
0.31433306661332266,0.001629338175005317,interpolado
0.31443288657731544,0.00019669892366141396,interpolado
0.3145327065413082,-0.0012038099448520823,interpolado
0.31463252650530105,-0.0024989928322200735,interpolado
0.31473234646929377,-0.003615654140125313,interpolado
0.3148321664332866,-0.004480598270253178,interpolado
0.3149319863972794,-0.005020629624286902,interpolado
0.315,-0.005165,original
0.31513162632526504,-0.004885889378964928,interpolado
0.31523144628925787,-0.004245893175417621,interpolado
0.31533126625325064,-0.0033080655606489992,interpolado
0.3154310862172434,-0.0021371642771459806,interpolado
0.31553090618123625,-0.0007979470673975145,interpolado
0.31563072614522897,0.0006448283261101901,interpolado
0.31573054610922185,0.002126404160887883,interpolado
0.31583036607321463,0.0035820226944487258,interpolado
0.31593018603720746,0.00494692618430582,interpolado
0.316,0.005813,original
0.3161298259651931,0.007171298718254738,interpolado
0.3162296459291859,0.007992240482355672,interpolado
0.3163294658931787,0.00862494518877354,interpolado
0.31642928585717145,0.009074858029716023,interpolado
0.3165291058211642,0.009347424197390113,interpolado
0.3166289257851571,0.009448088884003603,interpolado
0.31672874574914983,0.00938229728176387,interpolado
0.3168285657131426,0.009155494582878496,interpolado
0.31692838567713544,0.008773125979554722,interpolado
0.317,0.008406,original
0.31712802560512104,0.007571267643360538,interpolado
0.31722784556911376,0.006791019975488625,interpolado
0.31732766553310654,0.005927592665549382,interpolado
0.31742748549709937,0.005008601354632028,interpolado
0.31752730546109215,0.004061661683827341,interpolado
0.31762712542508503,0.0031143892942240427,interpolado
0.31772694538907775,0.002194399826912936,interpolado
0.31782676535307053,0.0013293089229832334,interpolado
0.31792658531706336,0.0005467322235242714,interpolado
0.318,3.99e-05,original
0.31812622524504897,-0.0006738923926881609,interpolado
0.3182260452090418,-0.0011071526774590328,interpolado
0.3183258651730345,-0.0014379920288094367,interpolado
0.3184256851370274,-0.0016787836214633839,interpolado
0.3185255051010202,-0.0018419006301445124,interpolado
0.3186253250650129,-0.0019397162295769163,interpolado
0.3187251450290058,-0.001984603594484394,interpolado
0.31882496499299856,-0.001988935899590915,interpolado
0.3189247849569914,-0.0019650863196203606,interpolado
0.319,-0.001936,original
0.31912442488497705,-0.0018788341052852519,interpolado
0.31922424484896983,-0.001827688774323808,interpolado
0.3193240648129626,-0.001773494833347979,interpolado
0.31942388477695544,-0.0017177821453130057,interpolado
0.3195237047409482,-0.0016620805731742201,interpolado
0.3196235247049411,-0.0016079199798868333,interpolado
0.3197233446689338,-0.0015568302284061767,interpolado
0.3198231646329266,-0.00151034118168749,interpolado
0.3199229845969194,-0.0014699827026860238,interpolado
0.32,-0.001444,original
0.3201226245249051,-0.0014116614736036789,interpolado
0.3202224444888978,-0.0013883614116372966,interpolado
0.3203222644528905,-0.0013620542143657785,interpolado
0.32042208441688336,-0.0013274232337130022,interpolado
0.32052190438087613,-0.001279151821602903,interpolado
0.320621724344869,-0.0012119233299593207,interpolado
0.32072154430886174,-0.0011204211107062269,interpolado
0.32082136427285446,-0.0009993285157674904,interpolado
0.32092118423684735,-0.0008433288970669131,interpolado
0.321,-0.000692,original
0.32112082416483284,-0.00040601436985817426,interpolado
0.3212206441288257,-0.00011681615915169951,interpolado
0.3213204640928185,0.00022352729088161486,interpolado
0.32142028405681144,0.0006180577779167616,interpolado
0.3215201040208041,0.0010698170996279158,interpolado
0.3216199239847969,0.0015818470536898928,interpolado
0.32171974394878977,0.002157189437777642,interpolado
0.32181956391278255,0.002798886049565137,interpolado
0.32191938387677543,0.0035099786867277055,interpolado
0.322,0.004137,original
0.322119023804761,0.005141020416973031,interpolado
0.32221884376875376,0.006018575754065363,interpolado
0.3223186637327466,0.006888472359756962,interpolado
0.32241848369673937,0.007713055732098862,interpolado
0.32251830366073214,0.008454671369140257,interpolado
0.32261812362472486,0.009075664768931735,interpolado
0.3227179435887177,0.009538381429523624,interpolado
0.3228177635527104,0.009805166848965513,interpolado
0.3229175835167033,0.009838366525307774,interpolado
0.323,0.009663,original
0.3231172234446888,0.009082101867240695,interpolado
0.3232170434086817,0.008342147923739053,interpolado
0.3233168633726745,0.007449271771625389,interpolado
0.32341668333666734,0.006472187102129605,interpolado
0.3235165033006601,0.005479607606483637,interpolado
0.32361632326465284,0.004540246975917773,interpolado
0.3237161432286457,0.003722818901662427,interpolado
0.32381596319263856,0.003096037074949351,interpolado
0.32391578315663144,0.0027286151870087494,interpolado
0.324,0.002671,original
0.32411542308461694,0.0030123240022352253,interpolado
0.3242152430486098,0.0036466791731803922,interpolado
0.3243150630126025,0.00452753028455495,interpolado
0.3244148829765953,0.005590160114142825,interpolado
0.3245147029405881,0.006769851439725835,interpolado
0.32461452290458087,0.008001887039087543,interpolado
0.32471434286857376,0.009221549690011648,interpolado
0.3248141628325665,0.010364122170279783,interpolado
0.32491398279655936,0.011364887257676166,interpolado
0.325,0.012064,original
0.32511362272454486,0.012703014779327622,interpolado
0.3252134426885377,0.013007635313160373,interpolado
0.3253132626525305,0.013093288895453014,interpolado
0.32541308261652324,0.012980237643979252,interpolado
0.3255129025805161,0.012688743676512832,interpolado
0.3256127225445089,0.012239069110827344,interpolado
0.32571254250850173,0.011651476064696019,interpolado
0.32581236247249445,0.010946226655893123,interpolado
0.32591218243648734,0.010143583002191502,interpolado
0.326,0.009373,original
0.3261118223644728,0.008328050784898304,interpolado
0.3262116423284658,0.00735993745492359,interpolado
0.32631146229245855,0.006383526149877603,interpolado
0.3264112822564514,0.005422874688447152,interpolado
0.32651110222044416,0.004502040889321173,interpolado
0.3266109221844369,0.0036450825711869827,interpolado
0.32671074214842977,0.002876057552732045,interpolado
0.3268105621124225,0.002219023652645082,interpolado
0.3269103820764153,0.001698038689613499,interpolado
0.327,0.001366,original
0.32711002200440087,0.0011495484989163737,interpolado
0.3272098419683937,0.0011163421396673473,interpolado
0.3273096619323865,0.0012127561637135993,interpolado
0.32740948189637925,0.0014140140194595322,interpolado
0.32750930186037197,0.0016953391553097825,interpolado
0.32760912182436486,0.0020319550196684906,interpolado
0.3277089417883576,0.00239908506094046,interpolado
0.32780876175235046,0.002771952727529737,interpolado
0.32790858171634324,0.00312578146784098,interpolado
0.328,0.003412,original
0.3281082216443288,0.003683327357536741,interpolado
0.3282080416083216,0.0038686844869959434,interpolado
0.3283078615723144,0.003995866503239324,interpolado
0.32840768153630717,0.004068870931308773,interpolado
0.3285075015003,0.004091695296246058,interpolado
0.3286073214642928,0.004068337123092927,interpolado
0.3287071414282856,0.004002793936891129,interpolado
0.32880696139227844,0.0038990632626825085,interpolado
0.32890678135627116,0.0037611426255088087,interpolado
0.329,0.003605,original
0.32910642128425677,0.0033993018783956322,interpolado
0.32920624124824965,0.003186440008689911,interpolado
0.32930606121224243,0.0029613149149936647,interpolado
0.32940588117623515,0.002730797432498767,interpolado
0.32950570114022804,0.0025017583963970746,interpolado
0.3296055211042208,0.0022810686418808295,interpolado
0.3297053410682137,0.0020755990041417794,interpolado
0.3298051610322064,0.0018922203183721375,interpolado
0.32990498099619925,0.0017378034197637708,interpolado
0.33,0.001624,original
0.3301046209241848,0.0015407920106284981,interpolado
0.33020444088817763,0.0014980315360345066,interpolado
0.3303042608521704,0.0014845386484861561,interpolado
0.33040408081616324,0.0014939145228026808,interpolado
0.330503900780156,0.001519760333803366,interpolado
0.3306037207441488,0.0015556772563074476,interpolado
0.3307035407081417,0.001595266465134225,interpolado
0.33080336067213445,0.0016321291351029197,interpolado
0.3309031806361272,0.001659866441032819,interpolado
0.331,0.001672,original
0.33110282056411283,0.0016627391535524371,interpolado
0.33120264052810566,0.0016271663550354492,interpolado
0.33130246049209844,0.001560990824335779,interpolado
0.3314022804560912,0.0014598422144137873,interpolado
0.33150210042008404,0.0013193501782297556,interpolado
0.3316019203840768,0.0011351443687442101,interpolado
0.33170174034806965,0.0009028544389173133,interpolado
0.3318015603120625,0.0006181100417096939,interpolado
0.33190138027605526,0.00027654083008160776,interpolado
0.332,-0.000121,original
0.3321010202040409,-0.000589224654479252,interpolado
0.3322008401680338,-0.001090944241838584,interpolado
0.3323006601320266,-0.001604906154262934,interpolado
0.33240048009601936,-0.002104634249868575,interpolado
0.3325003000600122,-0.002563652386771743,interpolado
0.33260012002400496,-0.0029554844230879206,interpolado
0.3326999399879977,-0.003253654216933375,interpolado
0.3327997599519906,-0.0034316856264241676,interpolado
0.33289957991598335,-0.0034631025096760887,interpolado
0.333,-0.00332,original
0.3330992198439689,-0.0029913572956190102,interpolado
0.33319903980796167,-0.0025030710280230396,interpolado
0.3332988597719545,-0.0018983321393424015,interpolado
0.3333986797359472,-0.0012189028493746951,interpolado
0.33349849969994005,-0.0005065453779161284,interpolado
0.3335983196639327,0.0001969780552355802,interpolado
0.3336981396279256,0.0008499052302839104,interpolado
0.3337979595919184,0.0014104739274322295,interpolado
0.33389777955591116,0.0018369219268829869,interpolado
0.334,0.002091,original
0.33409741948389676,0.002132127559810816,interpolado
0.33419723944788954,0.001991192906007182,interpolado
0.3342970594118824,0.0016985718976700978,interpolado
0.33439687937587514,0.0012881535603918733,interpolado
0.334496699339868,0.0007938269197640664,interpolado
0.33459651930386075,0.00024948100137920997,interpolado
0.3346963392678536,-0.0003109951691709793,interpolado
0.33479615923184647,-0.0008537125662948204,interpolado
0.33489597919583924,-0.0013447821643997257,interpolado
0.335,-0.001765,original
0.33509561912382485,-0.002043908772565038,interpolado
0.3351954390878176,-0.0022331436127147647,interpolado
0.33529525905181046,-0.002335235797811647,interpolado
0.33539507901580323,-0.002367402302182209,interpolado
0.335494898979796,-0.0023468601001531354,interpolado
0.33559471894378884,-0.002290826166051087,interpolado
0.3356945389077816,-0.0022165174742026926,interpolado
0.33579435887177445,-0.002141150998934542,interpolado
0.33589417883576717,-0.0020819437145733564,interpolado
0.336,-0.002056,original
0.33609381876375277,-0.0020771837822706005,interpolado
0.33619363872774555,-0.0021409954568504677,interpolado
0.33629345869173843,-0.002238093360318498,interpolado
0.3363932786557312,-0.002359022267824206,interpolado
0.336493098619724,-0.0024943269545173426,interpolado
0.3365929185837169,-0.0026345521955473835,interpolado
0.33669273854770965,-0.0027702427660640243,interpolado
0.3367925585117024,-0.002891943441216957,interpolado
0.3368923784756953,-0.002990198996155671,interpolado
0.337,-0.003059,original
0.3370920184036809,-0.0030799391957367175,interpolado
0.33719183836767364,-0.0030622955243352424,interpolado
0.33729165833166647,-0.0030037776953291294,interpolado
0.33739147829565924,-0.0029055410564890398,interpolado
0.3374912982596521,-0.0027687409555854628,interpolado
0.33759111822364474,-0.002594532740389146,interpolado
0.33769093818763757,-0.0023840717586706217,interpolado
0.33779075815163034,-0.0021385133582003386,interpolado
0.3378905781156232,-0.0018590128867491669,interpolado
0.338,-0.001515,original
0.3380902180436087,-0.0012046094187838775,interpolado
0.33819003800760156,-0.0008452573879190052,interpolado
0.3382898579715943,-0.00048446980451540553,interpolado
0.3383896779355871,-0.00013804904639953982,interpolado
0.33848949789957994,0.0001782025086027392,interpolado
0.3385893178635727,0.00044848248266551253,interpolado
0.33868913782756555,0.0006569884979624196,interpolado
0.3387889577915583,0.0007879181766676177,interpolado
0.33888877775555115,0.0008254691409549029,interpolado
0.339,0.000738,original
0.33908841768353676,0.0005626851210469624,interpolado
0.3391882376475296,0.0002725090694422328,interpolado
0.33928805761152236,-8.536694479846258e-05,interpolado
0.33938787757551514,-0.0004796090154624673,interpolado
0.3394876975395079,-0.0008788832363377187,interpolado
0.3395875175035007,-0.001251855701212166,interpolado
0.3396873374674935,-0.001567192503873135,interpolado
0.3397871574314863,-0.0017935597381086932,interpolado
0.33988697739547913,-0.0018996234977063306,interpolado
0.34,-0.001835,original
0.3400866173234648,-0.0016333909985675372,interpolado
0.3401864372874575,-0.0012612946839630416,interpolado
0.34028625725145034,-0.0007788172860604118,interpolado
0.3403860772154432,-0.00022704308542719048,interpolado
0.340485897179436,0.00035294363736987805,interpolado
0.3405857171434288,0.0009200586017641087,interpolado
0.3406855371074216,0.0014332175271878672,interpolado
0.3407853570714145,0.0018513361330746855,interpolado
0.3408851770354072,0.0021333301388570943,interpolado
0.341,0.002236,original
0.3410848169633928,0.002134473956571776,interpolado
0.3411846369273856,0.0018535060328544058,interpolado
0.34128445689137843,0.001450572868778538,interpolado
0.34138427685537115,0.000981090448701688,interpolado
0.3414840968193638,0.0005004747569807066,interpolado
0.34158391678335676,6.414177797241856e-05,interpolado
0.3416837367473495,-0.0002724925039656219,interpolado
0.34178355671134225,-0.0004540121044766751,interpolado
0.3418833766753351,-0.0004250010392034694,interpolado
0.342,-5.03e-05,original
0.3420830166033207,0.0004746153460295136,interpolado
0.3421828365673134,0.0013547939598844466,interpolado
0.3422826565313063,0.002444367082394555,interpolado
0.34238247649529907,0.0036771125718934403,interpolado
0.3424822964592918,0.004986808286716496,interpolado
0.3425821164232846,0.006307232085199294,interpolado
0.3426819363872775,0.007572161825675177,interpolado
0.34278175635127034,0.008715375366480316,interpolado
0.34288157631526306,0.009670650565948251,interpolado
0.343,0.010469,original
0.3430812162432487,0.010762860279436641,interpolado
0.3431810362072415,0.010861400191673417,interpolado
0.3432808561712343,0.010716478323581937,interpolado
0.3433806761352271,0.010377312532068321,interpolado
0.3434804960992199,0.009893120674038466,interpolado
0.3435803160632127,0.009313120606397957,interpolado
0.34368013602720554,0.008686530186053382,interpolado
0.34377995599119826,0.008062567269910365,interpolado
0.3438797759551911,0.007490449714874528,interpolado
0.344,0.00694,original
0.3440794158831766,0.0066910950644218274,interpolado
0.3441792358471695,0.006490815657030714,interpolado
0.34427905581116214,0.006378220474141447,interpolado
0.3443788757751551,0.006312845174500968,interpolado
0.3444786957391478,0.0062542254168562956,interpolado
0.3445785157031407,0.006161896859954292,interpolado
0.34467833566713346,0.005995395162542006,interpolado
0.34477815563112624,0.005714255983366371,interpolado
0.34487797559511907,0.005278014981174062,interpolado
0.345,0.004475,original
0.34507761552310473,0.003788375011100615,interpolado
0.34517743548709745,0.002753570415499822,interpolado
0.3452772554510902,0.0016287890215486555,interpolado
0.34537707541508306,0.0005012600758732481,interpolado
0.3454768953790759,-0.0005417871748983659,interpolado
0.3455767153430686,-0.001413123484140502,interpolado
0.34567653530706144,-0.0020255196052254088,interpolado
0.3457763552710542,-0.002291746291526883,interpolado
0.345876175235047,-0.002124574296417955,interpolado
0.346,-0.001184,original
0.3460758151630326,-0.00015794428198458033,interpolado
0.3461756351270254,0.001640420896352642,interpolado
0.34627545509101815,0.0038156528760103035,interpolado
0.34637527505501103,0.006224549258477916,interpolado
0.34647509501900375,0.008723907645240852,interpolado
0.3465749149829966,0.011170525637789846,interpolado
0.34667473494698936,0.013421200837610236,interpolado
0.3467745549109822,0.015332730846191541,interpolado
0.346874374874975,0.01676191326502251,interpolado
0.347,0.017654,original
0.3470740148029606,0.017618672245772977,interpolado
0.34717383476695335,0.016959743599731163,interpolado
0.34727365473094607,0.015713335477705027,interpolado
0.347373474694939,0.014004796892227932,interpolado
0.3474732946589318,0.011959476855836247,interpolado
0.3475731146229246,0.00970272438106227,interpolado
0.3476729345869174,0.007359888480442983,interpolado
0.3477727545509101,0.005056318166511597,interpolado
0.347872574514903,0.0029173624518014037,interpolado
0.348,0.000625,original
0.34807221444288855,-0.00037626696490531146,interpolado
0.3481720344068813,-0.0014064758979664663,interpolado
0.34827185437087416,-0.002069937817165341,interpolado
0.34837167433486693,-0.002414946214750597,interpolado
0.3484714942988597,-0.002489794582970424,interpolado
0.34857131426285254,-0.002342776414073512,interpolado
0.3486711342268453,-0.002022185200308597,interpolado
0.34877095419083814,-0.001576314433924203,interpolado
0.34887077415483103,-0.0010534576071685785,interpolado
0.349,-0.000341,original
0.3490704140828166,3.249633238902694e-05,interpolado
0.34917023404680936,0.0005288001180372406,interpolado
0.3492700540108021,0.0009805130809581878,interpolado
0.34936987397479496,0.001381324038964767,interpolado
0.34946969393878774,0.0017249218098692207,interpolado
0.34956951390278057,0.0020049952114844765,interpolado
0.34966933386677346,0.002215233061623322,interpolado
0.3497691538307661,0.002349324178098209,interpolado
0.34986897379475895,0.0024009573787219718,interpolado
0.35,0.002333,original
0.3500686137227445,0.0022331050887929864,interpolado
0.3501684336867373,0.002020183865297589,interpolado
0.35026825365073017,0.0017463131728693365,interpolado
0.35036807361472294,0.001432889471432317,interpolado
0.3504678935787158,0.0011013092209112576,interpolado
0.3505677135427085,0.0007729688812303596,interpolado
0.35066753350670127,0.0004692649123138328,interpolado
0.3507673534706941,0.00021159377408639252,interpolado
0.3508671734346869,2.1351926472145332e-05,interpolado
0.351,-9.04e-05,original
0.3510668133626724,-7.364090902564781e-05,interpolado
0.35116663332666526,3.220156253487234e-05,interpolado
0.35126645329065803,0.00021146981101608024,interpolado
0.3513662732546509,0.0004378831206623014,interpolado
0.3514660932186437,0.0006851607757174303,interpolado
0.35156591318263647,0.0009270220604257406,interpolado
0.35166573314662936,0.001137186259031493,interpolado
0.3517655531106221,0.0012893726557786003,interpolado
0.35186537307461496,0.0013573005349113592,interpolado
0.352,0.001269,original
0.35206501300260046,0.0011375583364272822,interpolado
0.3521648329665933,0.0008302185533688162,interpolado
0.35226465293058606,0.00041599549792161253,interpolado
0.35236447289457884,-8.143213302962143e-05,interpolado
0.3524642928585717,-0.0006383856425991788,interpolado
0.3525641128225644,-0.0012311863339021752,interpolado
0.35266393278655733,-0.0018361555100538047,interpolado
0.35276375275055005,-0.002429614474168242,interpolado
0.35286357271454294,-0.0029878845293609783,interpolado
0.353,-0.003651,original
0.3530632126425285,-0.0039048076693977956,interpolado
0.3531630326065213,-0.004226175071647915,interpolado
0.3532628525705141,-0.00444328198907252,interpolado
0.353362672534507,-0.00454815029240265,interpolado
0.35346249249849976,-0.004532801852368984,interpolado
0.3535623124624926,-0.0043892585397024226,interpolado
0.3536621324264853,-0.004109542225133573,interpolado
0.3537619523904782,-0.00368567477939355,interpolado
0.353861772354471,-0.0031096780732126758,interpolado
0.354,-0.002046,original
0.3540614122824566,-0.0014715935757721665,interpolado
0.35416123224644935,-0.0004291097057992889,interpolado
0.35426105221044213,0.0007054747962970331,interpolado
0.3543608721744349,0.001883216680691383,interpolado
0.3544606921384277,0.0030551726975558084,interpolado
0.35456051210242046,0.0041723995970643435,interpolado
0.35466033206641323,0.00518595412939089,interpolado
0.354760152030406,0.006046893044707682,interpolado
0.35485997199439884,0.006706273093189001,interpolado
0.355,0.007198,original
0.3550596119223844,0.0072279772487445545,interpolado
0.3551594318863772,0.007050549899235824,interpolado
0.35525925185037,0.006628487504950431,interpolado
0.35535907181436277,0.006008449970216561,interpolado
0.35545889177835566,0.005237097199361969,interpolado
0.3555587117423485,0.004361089096715747,interpolado
0.35565853170634126,0.0034270855666051884,interpolado
0.35575835167033415,0.0024817465133595688,interpolado
0.35585817163432687,0.0015717318413065943,interpolado
0.356,0.000431,original
0.3560578115623125,4.242567870362044e-05,interpolado
0.3561576315263053,-0.0005180713858016878,interpolado
0.3562574514902981,-0.0009487660874062457,interpolado
0.3563572714542908,-0.0012613597605727273,interpolado
0.35645709141828363,-0.0014675537397635444,interpolado
0.3565569113822764,-0.0015790493594407984,interpolado
0.3566567313462693,-0.0016075479540669521,interpolado
0.356756551310262,-0.0015647508581043035,interpolado
0.3568563712742547,-0.0014623594060152155,interpolado
0.357,-0.001234,original
0.35705601120224034,-0.0011255045557997656,interpolado
0.35715583116623323,-0.0009126033574860191,interpolado
0.35725565113022595,-0.0006819181109581047,interpolado
0.3573554710942188,-0.00044195051019217993,interpolado
0.35745529105821156,-0.00020120224916438085,interpolado
0.3575551110222043,3.182497814875203e-05,interpolado
0.3576549309861972,0.0002486294777711985,interpolado
0.35775475095019,0.0004407095557264452,interpolado
0.3578545709141827,0.0005995635180383486,interpolado
0.358,0.000754,original
0.35805421084216843,0.0007839379202785113,interpolado
0.3581540308061612,0.000799816945082212,interpolado
0.358253850770154,0.0007687859286411114,interpolado
0.35835367073414676,0.0006955134397082026,interpolado
0.3584534906981396,0.0005846680470363869,interpolado
0.3585533106621324,0.0004409183193787608,interpolado
0.35865313062612525,0.0002689328254881413,interpolado
0.358752950590118,7.338013411769336e-05,interpolado
0.3588527705541108,-0.0001410711859796997,interpolado
0.359,-0.000482,original
0.3590524104820964,-0.0006079582849267785,interpolado
0.3591522304460892,-0.0008502208207956609,interpolado
0.35925205041008196,-0.0010903590501456302,interpolado
0.35935187037407484,-0.0013221643497472622,interpolado
0.35945169033806756,-0.0015394280963711142,interpolado
0.35955151030206045,-0.0017359416667873855,interpolado
0.3596513302660533,-0.0019054964377667276,interpolado
0.35975115023004595,-0.002041883786079392,interpolado
0.3598509701940388,-0.0021388950884959237,interpolado
0.36,-0.002197,original
0.3600506101220244,-0.0021902629659653486,interpolado
0.3601504300860172,-0.0021396719757846446,interpolado
0.36025025005001,-0.0020462315108210464,interpolado
0.3603500700140028,-0.0019179073773020199,interpolado
0.36044988997799565,-0.0017626653814549547,interpolado
0.36054970994198837,-0.001588471329507507,interpolado
0.3606495299059812,-0.0014032910276870797,interpolado
0.36074934986997403,-0.00121509028222105,interpolado
0.36084916983396675,-0.001031834899337111,interpolado
0.3609489897979596,-0.0008614906852625505,interpolado
0.361,-0.000782,original
0.36114862972594514,-0.0005755345853292327,interpolado
0.36124844968993797,-0.00043348245696715894,interpolado
0.36134826965393074,-0.00026443665795764166,interpolado
0.36144808961792363,-4.7528643385373105e-05,interpolado
0.3615479095819164,0.00023811013166451147,interpolado
0.3616477295459091,0.0006133482121072125,interpolado
0.361747549509902,0.0010990541428581298,interpolado
0.36184736947389473,0.001716096468831829,interpolado
0.3619471894378875,0.0024853437349441156,interpolado
0.362,0.002961,original
0.3621468293658732,0.004518882919656129,interpolado
0.362246649329866,0.005701479251398661,interpolado
0.3623464692938588,0.006909924722790982,interpolado
0.36244628925785155,0.008080168851909333,interpolado
0.3625461092218443,0.009148161156827372,interpolado
0.3626459291858371,0.010049851155620744,interpolado
0.3627457491498298,0.010721188366364725,interpolado
0.36284556911382276,0.011098122307133527,interpolado
0.3629453890778155,0.011116602496002461,interpolado
0.363,0.010952,original
0.3631450290058011,0.009904821931017391,interpolado
0.36324484896979403,0.008779360589226164,interpolado
0.3633446689337867,0.007436679121486024,interpolado
0.3634444888977797,0.005974753468478037,interpolado
0.36354430886177236,0.004491559570886278,interpolado
0.36364412882576513,0.0030850733693923867,interpolado
0.363743948789758,0.0018532708046781617,interpolado
0.36384376875375074,0.0008941278174274378,interpolado
0.36394358871774357,0.00030562034832168567,interpolado
0.364,0.000174,original
0.3641432286457291,0.0005393457453913653,interpolado
0.364243048609722,0.0012888925102717687,interpolado
0.36434286857371484,0.0023407228493193986,interpolado
0.36444268853770756,0.0036037858738787016,interpolado
0.3645425085017003,0.004987030695291626,interpolado
0.36464232846569306,0.006399406424902212,interpolado
0.3647421484296859,0.00774986217405457,interpolado
0.36484196839367866,0.008947347054090548,interpolado
0.3649417883576715,0.009900810176354753,interpolado
0.365,0.010308,original
0.3651414282856571,0.010777323603569507,interpolado
0.36524124824964993,0.010713433149024705,interpolado
0.3653410682136427,0.010377083467094218,interpolado
0.36544088817763554,0.009816151759022848,interpolado
0.3655407081416282,0.009078515226056346,interpolado
0.36564052810562103,0.008212051069439582,interpolado
0.3657403480696139,0.00726463649041713,interpolado
0.36584016803360664,0.006284148690235177,interpolado
0.3659399879975995,0.00531846487013781,interpolado
0.366,0.004765,original
0.366139627925585,0.00360272540141822,interpolado
0.36623944788957785,0.0028866674402463753,interpolado
0.3663392678535706,0.00227020925722924,interpolado
0.3664390878175635,0.0017567420131363704,interpolado
0.36653890778155623,0.0013496568687375488,interpolado
0.36663872774554906,0.001052344984803211,interpolado
0.3667385477095419,0.0008681975221030097,interpolado
0.3668383676735346,0.0008006056414071307,interpolado
0.36693818763752745,0.0008529605034854209,interpolado
0.367,0.000947,original
0.367137827565513,0.0013159991235774302,interpolado
0.3672376475295059,0.0016863353808594709,interpolado
0.3673374674934987,0.002108374880225656,interpolado
0.3674372874574914,0.002551146607579908,interpolado
0.36753710742148415,0.0029836795488261967,interpolado
0.367636927385477,0.003375002689867767,interpolado
0.3677367473494698,0.00369414501660875,interpolado
0.36783656731346265,0.003910135514952519,interpolado
0.36793638727745537,0.00399200317080301,interpolado
0.368,0.00396,original
0.3681360272054411,0.003658724791914394,interpolado
0.3682358471694339,0.003275555657993851,interpolado
0.3683356671334267,0.002798174511410913,interpolado
0.3684354870974194,0.002264934891268158,interpolado
0.3685353070614123,0.0017141903366680435,interpolado
0.3686351270254051,0.0011842943867139547,interpolado
0.3687349469893979,0.000713600580508109,interpolado
0.3688347669533906,0.000340462457153804,interpolado
0.3689345869173835,0.00010323355575351796,interpolado
0.369,3.99e-05,original
0.369134226845369,0.0001596630816062712,interpolado
0.3692340468093619,0.00043014660458816855,interpolado
0.36933386677335467,0.0008149041443290136,interpolado
0.36943368673734744,0.0012776314352809272,interpolado
0.3695335067013403,0.001782024211896203,interpolado
0.36963332666533305,0.002291778208626274,interpolado
0.36973314662932577,0.002770589159923671,interpolado
0.36983296659331855,0.003182152800239854,interpolado
0.3699327865573113,0.003490164864027113,interpolado
0.37,0.003621,original
0.37013242648529704,0.003673936120320448,interpolado
0.3702322464492898,0.003557252844455034,interpolado
0.3703320664132827,0.003333012615554253,interpolado
0.3704318863772754,0.0030256042181622915,interpolado
0.37053170634126825,0.002659416436823148,interpolado
0.370631526305261,0.002258838056081457,interpolado
0.37073134626925386,0.0018482578604810207,interpolado
0.37083116623324675,0.0014520646345665199,interpolado
0.3709309861972394,0.0010946471628819434,interpolado
0.371,0.000883,original
0.371130626125225,0.0005808170620778952,interpolado
0.37123044608921785,0.00042823190837185923,interpolado
0.37133026605321073,0.00033238026179883035,interpolado
0.3714300860172035,0.0002831725256080744,interpolado
0.37152990598119623,0.00027051910304896063,interpolado
0.37162972594518895,0.00028433039737086637,interpolado
0.3717295459091819,0.00031451681182316293,interpolado
0.37182936587317456,0.00035098874965517983,interpolado
0.37192918583716733,0.00038365661411629857,interpolado
0.372,0.000399,original
0.372128825765153,0.00040174861943136135,interpolado
0.37222864572914566,0.00038324911574744944,interpolado
0.3723284656931386,0.0003495299347067277,interpolado
0.3724282856571313,0.00030313704274784366,interpolado
0.3725281056211242,0.0002466164063093587,interpolado
0.3726279255851169,0.0001825139918299458,interpolado
0.37272774554910976,0.00011337576574818588,interpolado
0.3728275655131026,4.174769450264822e-05,interpolado
0.37292738547709536,-2.982425546797706e-05,interpolado
0.373,-8.04e-05,original
0.37312702540508097,-0.00016635282961794748,interpolado
0.3732268453690738,-0.00024002656922766547,interpolado
0.3733266653330666,-0.00032818645115197613,interpolado
0.37342648529705935,-0.0004391668780373428,interpolado
0.3735263052610522,-0.000581302252530456,interpolado
0.3736261252250449,-0.0007629269772777192,interpolado
0.37372594518903773,-0.0009923754549257594,interpolado
0.37382576515303056,-0.001277982088121309,interpolado
0.37392558511702334,-0.0016280812795106132,interpolado
0.374,-0.001936,original
0.374125225045009,-0.0025430022207096974,interpolado
0.37422504500900183,-0.0030784908854916185,interpolado
0.37432486497299466,-0.003628957126235843,interpolado
0.3744246849369874,-0.004165985617751648,interpolado
0.37452450490098016,-0.004661161034849495,interpolado
0.374624324864973,-0.005086068052338723,interpolado
0.37472414482896577,-0.0054122913450295185,interpolado
0.37482396479295865,-0.0056114155877318534,interpolado
0.3749237847569513,-0.005655025455255392,interpolado
0.375,-0.005566,original
0.37512342468493703,-0.005184362222053923,interpolado
0.37522324464892975,-0.004700702425517126,interpolado
0.3753230646129227,-0.004106313800857106,interpolado
0.3754228845769153,-0.0034436277765226664,interpolado
0.3755227045409082,-0.0027550757809612523,interpolado
0.37562252450490097,-0.002083089242621779,interpolado
0.3757223444688937,-0.0014700995899519943,interpolado
0.3758221644328865,-0.0009585382513997804,interpolado
0.37592198439687924,-0.000590836655413853,interpolado
0.376,-0.000431,original
0.37612162432486496,-0.00043070032749790413,interpolado
0.37622144428885773,-0.0006180449623707522,interpolado
0.3763212642528505,-0.000927373891471496,interpolado
0.3764210842168433,-0.001314750901058871,interpolado
0.3765209041808361,-0.001736239777392352,interpolado
0.37662072414482894,-0.002147904306730551,interpolado
0.3767205441088217,-0.0025058082753327948,interpolado
0.37682036407281444,-0.0027660154694582892,interpolado
0.3769201840368073,-0.002884589675365829,interpolado
0.377,-0.002848,original
0.37711982396479293,-0.0025467949711229527,interpolado
0.37721964392878565,-0.0021094488185815327,interpolado
0.37731946389277854,-0.0015508887859341405,interpolado
0.37741928385677137,-0.0009163278557745709,interpolado
0.37751910382076415,-0.0002509790106953284,interpolado
0.3776189237847569,0.00039994476670967595,interpolado
0.3777187437487496,0.0009912304938476501,interpolado
0.3778185637127426,0.0014776651881256756,interpolado
0.3779183836767353,0.001814035866950036,interpolado
0.378,0.001946,original
0.37811802360472085,0.001878815796136535,interpolado
0.37821784356871374,0.0016157820852797902,interpolado
0.3783176635327065,0.0012046878911853394,interpolado
0.37841748349669935,0.0006841079960278801,interpolado
0.37851730346069207,9.261718198144299e-05,interpolado
0.378617123424685,-0.0005312097687800965,interpolado
0.37871694338867773,-0.0011487980740818068,interpolado
0.37881676335267056,-0.0017215729517501038,interpolado
0.3789165833166634,-0.002210959619610113,interpolado
0.379,-0.002528,original
0.379116223244649,-0.002801248770029735,interpolado
0.3792160432086418,-0.002895680508020949,interpolado
0.37931586317263466,-0.0028838907306952205,interpolado
0.3794156831366274,-0.0027880467352957364,interpolado
0.3795155031006201,-0.0026303158190656793,interpolado
0.37961532306461293,-0.0024328652792480975,interpolado
0.3797151430286058,-0.002217862413086382,interpolado
0.3798149629925985,-0.0020074745178234837,interpolado
0.3799147829565913,-0.00182386889070281,interpolado
0.38,-0.001705,original
0.380114422884577,-0.0016156200786161647,interpolado
0.38021424284856964,-0.001589425294241041,interpolado
0.3803140628125625,-0.0015927265558336587,interpolado
0.3804138827765553,-0.0016076428411578388,interpolado
0.380513702740548,-0.0016162931279774106,interpolado
0.38061352270454085,-0.0016007963940561903,interpolado
0.38071334266853374,-0.0015432716171580208,interpolado
0.3808131626325265,-0.0014258377750466507,interpolado
0.3809129825965193,-0.0012306138454860355,interpolado
0.381,-0.000983,original
0.3811126225245049,-0.0005447325604020233,interpolado
0.3812124424884977,-6.289251679002769e-05,interpolado
0.3813122624524905,0.00048414441010628855,interpolado
0.3814120824164833,0.0010747352036694963,interpolado
0.381511902380476,0.001687236847283073,interpolado
0.38161172234446883,0.002300006324330541,interpolado
0.3817115423084616,0.0028914006181944003,interpolado
0.38181136227245444,0.0034397767122584686,interpolado
0.38191118223644727,0.003923491589905317,interpolado
0.382,0.004282,original
0.3821108221644329,0.004619438901212962,interpolado
0.3822106421284256,0.00483254330434839,interpolado
0.3823104620924186,0.004978363387683737,interpolado
0.38241028205641137,0.005075038216823226,interpolado
0.38251010202040414,0.005140706857371335,interpolado
0.38260992198439703,0.005193508374932473,interpolado
0.3827097419483898,0.00525158183511097,interpolado
0.3828095619123827,0.005333066303511287,interpolado
0.38290938187637547,0.005456100845737722,interpolado
0.383,0.005619,original
0.3831090218043611,0.005893981839428405,interpolado
0.38320884176835396,0.006217975495593863,interpolado
0.3833086617323467,0.006604097371121217,interpolado
0.3834084816963395,0.007045642584944602,interpolado
0.3835083016603323,0.007535906255997397,interpolado
0.38360812162432495,0.008068183503214017,interpolado
0.38370794158831784,0.008635769445527745,interpolado
0.3838077615523106,0.009231959201872737,interpolado
0.38390758151630344,0.00985004789118322,interpolado
0.384,0.010436,original
0.38410722144428894,0.01112339545529892,interpolado
0.38420704140828177,0.011756367869067624,interpolado
0.38430686137227443,0.012367277966646181,interpolado
0.38440668133626726,0.012941156402504518,interpolado
0.38450650130026004,0.013463033831111625,interpolado
0.3846063212642528,0.01391794090693768,interpolado
0.3847061412282456,0.014290908284451806,interpolado
0.3848059611922384,0.0145669666181239,interpolado
0.3849057811562312,0.014731146562423643,interpolado
0.385,0.01477,original
0.38510542108421686,0.01466998153504271,interpolado
0.38520524104820963,0.01444690665170662,interpolado
0.3853050610122025,0.014114784021663437,interpolado
0.38540488097619535,0.01368914264672033,interpolado
0.38550470094018807,0.013185511528685233,interpolado
0.3856045209041809,0.01261941966936506,interpolado
0.38570434086817373,0.012006396070567889,interpolado
0.38580416083216656,0.01136196973410087,interpolado
0.3859039807961594,0.010701669661771081,interpolado
0.386,0.010066,original
0.38610362072414495,0.00939409505109127,interpolado
0.3862034406881377,0.008769697838289982,interpolado
0.38630326065213044,0.008175481461853127,interpolado
0.3864030806161233,0.007619094239156707,interpolado
0.3865029005801161,0.007108184487577638,interpolado
0.3866027205441089,0.006650400524491662,interpolado
0.38670254050810166,0.006253390667275587,interpolado
0.3868023604720944,0.005924803233305444,interpolado
0.38690218043608726,0.005672286539957408,interpolado
0.387,0.005506,original
0.3871018203640727,0.005421277420222153,interpolado
0.38720164032806553,0.005410510449826478,interpolado
0.3873014602920583,0.005451806733688727,interpolado
0.3874012802560511,0.005525785048333195,interpolado
0.38750110022004397,0.005613064170284034,interpolado
0.3876009201840367,0.005694262876065567,interpolado
0.3877007401480295,0.0057499999422019376,interpolado
0.3878005601120224,0.005760894145217445,interpolado
0.3879003800760151,0.005707564261636278,interpolado
0.388,0.005571,original
0.38810002000400073,0.005336804936878391,interpolado
0.3881998399679936,0.005017052429322321,interpolado
0.3882996599319863,0.0046283568237470265,interpolado
0.3883994798959792,0.004187703398536078,interpolado
0.388499299859972,0.0037120774320737937,interpolado
0.3885991198239649,0.00321846420274349,interpolado
0.3886989397879576,0.002723848988929544,interpolado
0.38879875975195044,0.0022452170690155098,interpolado
0.38889857971594327,0.001799553721384975,interpolado
0.389,0.001398,original
0.38909821964392877,0.0010714273547086542,interpolado
0.3891980396079216,0.0008003370959464131,interpolado
0.38929785957191443,0.0005845927696346518,interpolado
0.3893976795359072,0.00041821368149938586,interpolado
0.38949749949990004,0.00029521913726705926,interpolado
0.38959731946389276,0.0002096284426638288,interpolado
0.38969713942788564,0.00015546090341593403,interpolado
0.3897969593918785,0.00012673582524969445,interpolado
0.38989677935587125,0.00011747251389133303,interpolado
0.39,0.000122,original
0.3900964192838568,0.00013427405033005553,interpolado
0.39019623924784963,0.00015394419206772957,interpolado
0.39029605921184235,0.0001804829464718812,interpolado
0.39039587917583524,0.00021367259771306905,interpolado
0.39049569913982796,0.0002532954299617854,interpolado
0.3905955191038208,0.0002991337273885765,interpolado
0.3906953390678137,0.0003509697741640021,interpolado
0.39079515903180634,0.00040858585445853365,interpolado
0.3908949789957993,0.0004717642524427648,interpolado
0.391,0.000544,original
0.3910946189237848,0.0006126837868930734,interpolado
0.3911944388877776,0.0006816197189439118,interpolado
0.3912942588517703,0.0007380479155525166,interpolado
0.3913940788157632,0.000772921035666045,interpolado
0.391493898779756,0.0007771917382315592,interpolado
0.39159371874374876,0.0007418126821961911,interpolado
0.39169353870774154,0.000657736526506984,interpolado
0.3917933586717343,0.0005159159301111324,interpolado
0.39189317863572726,0.0003073035519555739,interpolado
0.392,-1.8e-07,original
0.39209281856371275,-0.0003420987142708031,interpolado
0.3921926385277056,-0.0007705372572177941,interpolado
0.3922924584916983,-0.0012387722242679664,interpolado
0.39239227845569113,-0.0017231103788921593,interpolado
0.39249209841968385,-0.0021998584845601722,interpolado
0.3925919183836767,-0.0026453233047426194,interpolado
0.39269173834766946,-0.003035811602910044,interpolado
0.3927915583116623,-0.003347630142532352,interpolado
0.39289137827565507,-0.0035570856870802076,interpolado
0.393,-0.003641,original
0.39309101820364073,-0.003577828704042564,interpolado
0.3931908381676335,-0.0033683899588117443,interpolado
0.3932906581316262,-0.003017706913885635,interpolado
0.3933904780956191,-0.0025313210592618632,interpolado
0.39349029805961194,-0.00191477388493898,interpolado
0.3935901180236047,-0.0011736068809147632,interpolado
0.3936899379875976,-0.0003133615371867114,interpolado
0.3937897579515903,0.0006604206562462068,interpolado
0.3938895779155832,0.0017421982093870567,interpolado
0.394,0.003058,original
0.3940892178435688,0.004202392007752771,interpolado
0.3941890378075616,0.00553080023588563,interpolado
0.39428885777155437,0.006862580591920625,interpolado
0.3943886777355472,0.00814865065608935,interpolado
0.3944884976995401,0.009339928008620536,interpolado
0.39458831766353275,0.010387330229745088,interpolado
0.3946881376275256,0.011241774899693599,interpolado
0.39478795759151836,0.011854179598695275,interpolado
0.3948877775555112,0.012175461906980831,interpolado
0.395,0.012128,original
0.3950874174834968,0.011761308339360366,interpolado
0.3951872374474895,0.01102928057365463,interpolado
0.39528705741148235,0.010027278057076067,interpolado
0.3953868773754751,0.008822159803767108,interpolado
0.39548669733946795,0.00748078482786974,interpolado
0.3955865173034608,0.006070012143528239,interpolado
0.39568633726745367,0.004656700764883882,interpolado
0.3957861572314464,0.0033077097060810147,interpolado
0.39588597719543916,0.0020898979812616087,interpolado
0.396,0.000945,original
0.3960856171234247,0.0003044337426307845,interpolado
0.39618543708741755,-0.00021775348816058495,interpolado
0.39628525705141027,-0.0005323639470061445,interpolado
0.39638507701540304,-0.0006753738632218381,interpolado
0.3964848969793959,-0.0006827594661232285,interpolado
0.3965847169433887,-0.0005904969850259129,interpolado
0.39668453690738154,-0.00043456264924542147,interpolado
0.39678435687137426,-0.0002509326880975332,interpolado
0.3968841768353671,-7.558333089776576e-05,interpolado
0.397,7e-05,original
0.3970838167633527,0.00011097988753098825,interpolado
0.3971836367273454,8.95145040046616e-05,interpolado
0.39728345669133824,1.8381735233729167e-06,interpolado
0.397383276655331,-0.00014129187728782587,interpolado
0.3974830966193239,-0.0003291184218040055,interpolado
0.39758291658331674,-0.0005508842333999097,interpolado
0.39768273654730946,-0.0007958320854507272,interpolado
0.3977825565113023,-0.0010532047513311384,interpolado
0.3978823764752951,-0.0013122450044162298,interpolado
0.398,-0.001605,original
0.3980820164032808,-0.0017930063167787128,interpolado
0.3981818363672735,-0.0019995032542173647,interpolado
0.39828165633126633,-0.0021785689653626484,interpolado
0.3983814762952591,-0.002327093216337852,interpolado
0.39848129625925194,-0.002441965773266197,interpolado
0.39858111622324466,-0.00252007640227072,interpolado
0.3986809361872376,-0.002558314869474673,interpolado
0.3987807561512303,-0.002553570941001176,interpolado
0.39888057611522315,-0.0025027343829734303,interpolado
0.399,-0.002377,original
0.39908021604320876,-0.002251626905273912,interpolado
0.3991800360072015,-0.0020570882389044894,interpolado
0.3992798559711943,-0.0018308004845300988,interpolado
0.39937967593518703,-0.0015845039127751358,interpolado
0.3994794958991799,-0.0013299387942639546,interpolado
0.3995793158631727,-0.0010788453996213383,interpolado
0.39967913582716547,-0.0008429639994715164,interpolado
0.39977895579115824,-0.0006340348644392509,interpolado
0.39987877575515096,-0.00046379826514889966,interpolado
0.4,-0.000326,original
0.4000784156831367,-0.00028401245143782315,interpolado
0.4001782356471294,-0.0002750352789076861,interpolado
0.4002780556111222,-0.00029975033164775716,interpolado
0.40037787557511495,-0.00034079716749702395,interpolado
0.40047769553910784,-0.00038081534429450887,interpolado
0.40057751550310067,-0.00040244441987916465,interpolado
0.40067733546709344,-0.00038832395209001895,interpolado
0.4007771554310863,-0.0003210934987660218,interpolado
0.40087697539507905,-0.0001833926177462437,interpolado
0.401,0.000109,original
0.40107661532306454,0.0003703306332360328,interpolado
0.4011764352870573,0.0007952199567920573,interpolado
0.40127625525105026,0.0013006451524924917,interpolado
0.40137607521504304,0.0018703739348632537,interpolado
0.40147589517903587,0.0024881740184314436,interpolado
0.4015757151430287,0.003137813117722854,interpolado
0.40167553510702136,0.0038030589472643024,interpolado
0.40177535507101425,0.004467679221582642,interpolado
0.4018751750350071,0.005115441655203616,interpolado
0.402,0.005877,original
0.4020748149629926,0.006295926227226637,interpolado
0.4021746349269854,0.006801139586382303,interpolado
0.4022744548909782,0.007236093599287851,interpolado
0.402374274854971,0.0075911450876101905,interpolado
0.4024740948189638,0.007856650873017105,interpolado
0.4025739147829567,0.008022967777175696,interpolado
0.40267373474694934,0.00808045262175353,interpolado
0.4027735547109422,0.008019462228417948,interpolado
0.40287337467493495,0.007830353418836408,interpolado
0.403,0.007391,original
0.4030730146029205,0.007031312354450608,interpolado
0.4031728345669134,0.006425798257211033,interpolado
0.40327265453090616,0.005709458042498986,interpolado
0.403372474494899,0.004904913162816062,interpolado
0.40347229445889177,0.004034785070662181,interpolado
0.4035721144228846,0.0031216952185391046,interpolado
0.40367193438687743,0.0021882650589471536,interpolado
0.4037717543508702,0.0012571160443866011,interpolado
0.4038715743148631,0.0003508696273592784,interpolado
0.404,-0.000742,original
0.40407121424284864,-0.0012979361814889666,interpolado
0.4041710342068414,-0.0020131103471902104,interpolado
0.40427085417083425,-0.002655550119554999,interpolado
0.4043706741348269,-0.0032275280262985973,interpolado
0.4044704940988199,-0.0037313165951376186,interpolado
0.40457031406281274,-0.004169188353787481,interpolado
0.4046701340268054,-0.004543415829964458,interpolado
0.4047699539907982,-0.004856271551384682,interpolado
0.404869773954791,-0.005110028045763786,interpolado
0.405,-0.005356,original
0.4050694138827766,-0.005448729316475144,interpolado
0.4051692338467694,-0.005530672248187769,interpolado
0.4052690538107622,-0.005544330218557544,interpolado
0.40536887377475495,-0.005481196031024136,interpolado
0.4054686937387478,-0.005332762489027161,interpolado
0.4055685137027405,-0.005090522396006468,interpolado
0.4056683336667333,-0.0047459685554016905,interpolado
0.40576815363072616,-0.004290593770652234,interpolado
0.4058679735947188,-0.003715890845198291,interpolado
0.406,-0.002758,original
0.40606761352270454,-0.0021772839735351257,interpolado
0.40616743348669726,-0.0012334454562277827,interpolado
0.40626725345069015,-0.00022731930975424008,interpolado
0.40636707341468287,0.0007953082579137771,interpolado
0.4064668933786757,0.0017886510388062252,interpolado
0.4065667133426686,0.0027069228249529966,interpolado
0.4066665333066613,0.0035043374083824604,interpolado
0.4067663532706541,0.004135108581124861,interpolado
0.4068661732346469,0.004553450135208887,interpolado
0.407,0.004701,original
0.4070658131626326,0.004574690535859189,interpolado
0.40716563312662524,0.004155593980125991,interpolado
0.4072654530906181,0.0035142957261136724,interpolado
0.40736527305461084,0.002709493869449636,interpolado
0.4074650930186036,0.0017998865057602502,interpolado
0.40756491298259645,0.0008441717306716466,interpolado
0.40766473294658917,-9.89523601884224e-05,interpolado
0.4077645529105821,-0.0009707876711942679,interpolado
0.4078643728745747,-0.0017126361067182276,interpolado
0.408,-0.002407,original
0.40806401280256027,-0.0025760206857444296,interpolado
0.4081638327665532,-0.0026457275170388107,interpolado
0.408263652730546,-0.0025164760402331655,interpolado
0.4083634726945388,-0.0022305994832591907,interpolado
0.4084632926585316,-0.001830431074048399,interpolado
0.4085631126225244,-0.001358304040532047,interpolado
0.40866293258651726,-0.0008565516106422114,interpolado
0.4087627525505101,-0.0003675070123099168,interpolado
0.4088625725145028,6.649652653274105e-05,interpolado
0.409,0.000496,original
0.40906221244248847,0.0006029566627100834,interpolado
0.40916203240648125,0.0006663257479713594,interpolado
0.4092618523704741,0.0006223575739202251,interpolado
0.40936167233446685,0.0005008193067482329,interpolado
0.4094614922984596,0.00033147811264687605,interpolado
0.40956131226245235,0.00014410115780754228,interpolado
0.4096611322264452,-3.1544391578056054e-05,interpolado
0.40976095219043807,-0.00016569136931858834,interpolado
0.4098607721544308,-0.0002285726092224002,interpolado
0.41,-0.000141,original
0.4100604120824164,-2.3777791811021694e-05,interpolado
0.41016023204640917,0.00026497510109260453,interpolado
0.41026005201040205,0.0006437604973545491,interpolado
0.4103598719743947,0.0010798603600160597,interpolado
0.41045969193838755,0.0015405566521190064,interpolado
0.41055951190238044,0.001993131336705312,interpolado
0.4106593318663732,0.0024048663768161446,interpolado
0.4107591518303661,0.0027430437354936006,interpolado
0.4108589717943588,0.002974945375778974,interpolado
0.411,0.003058,original
0.4110586117223445,0.0029912778513692478,interpolado
0.4111584316863372,0.0027498290186421465,interpolado
0.41125825165033014,0.002376062640864207,interpolado
0.41135807161432286,0.001903309077878152,interpolado
0.4114578915783157,0.0013648986895261031,interpolado
0.41155771154230847,0.0007941618356500356,interpolado
0.41165753150630124,0.0002244288760928929,interpolado
0.4117573514702941,-0.0003109698293033406,interpolado
0.41185717143428685,-0.0007787039206966059,interpolado
0.412,-0.001264,original
0.41205681136227257,-0.0013792207107949615,interpolado
0.4121566313262652,-0.0014711980035944385,interpolado
0.41225645129025806,-0.0014318419519973706,interpolado
0.41235627125425084,-0.0012722113427500363,interpolado
0.41245609121824367,-0.001003364962599017,interpolado
0.41255591118223645,-0.0006363615982904274,interpolado
0.4126557311462292,-0.0001822600365710781,interpolado
0.4127555511102219,0.00034788093581280904,interpolado
0.4128553710742148,0.0009430025321151812,interpolado
0.413,0.001898,original
0.41305501100220043,0.0022837770579340693,interpolado
0.4131548309661932,0.0030037526863747237,interpolado
0.413254650930186,0.0037347215625871994,interpolado
0.41335447089417876,0.004459337609966076,interpolado
0.4134542908581716,0.005160254751904719,interpolado
0.4135541108221644,0.005820126911798067,interpolado
0.4136539307861573,0.0064216080130395595,interpolado
0.4137537507501499,0.006947351979023754,interpolado
0.4138535707141428,0.007380012733145047,interpolado
0.414,0.00781,original
0.4140532106421284,0.007897351981645578,interpolado
0.4141530306061212,0.007961536514565748,interpolado
0.4142528505701139,0.007902827057523541,interpolado
0.4143526705341068,0.0077296908550028055,interpolado
0.41445249049809957,0.0074505951514877,interpolado
0.41455231046209245,0.007074007191461895,interpolado
0.4146521304260852,0.006608394219409781,interpolado
0.4147519503900779,0.006062223479815144,interpolado
0.41485177035407084,0.005443962217161588,interpolado
0.415,0.004411,original
0.41505141028205633,0.00402533404879272,interpolado
0.41515123024604916,0.003248866428245902,interpolado
0.41525105021004205,0.002453935829020044,interpolado
0.41535087017403477,0.0016620511948782688,interpolado
0.4154506901380276,0.0008947214695850224,interpolado
0.4155505101020204,0.00017345559690303607,interpolado
0.4156503300660131,-0.00048023747940332195,interpolado
0.4157501500300059,-0.0010448488155709102,interpolado
0.4158499699939987,-0.0014988694678363882,interpolado
0.41594978995799153,-0.0018207904924356845,interpolado
0.416,-0.001926,original
0.41614942988597714,-0.0020098231410392666,interpolado
0.41624924984996986,-0.001906605421244248,interpolado
0.4163490698139628,-0.0017081772283561573,interpolado
0.4164488897779555,-0.0014422587838475874,interpolado
0.4165487097419484,-0.0011365703091906394,interpolado
0.41664852970594124,-0.0008188320258580269,interpolado
0.416748349669934,-0.0005167641553219498,interpolado
0.4168481696339267,-0.00025808691905464335,interpolado
0.41694798959791957,-7.052053852876956e-05,interpolado
0.417,-1.02e-05,original
0.4171476295259051,3.0363382734684896e-06,interpolado
0.41724744948989795,-0.00010508565501110882,interpolado
0.4173472694538908,-0.00029111568561742757,interpolado
0.4174470894178835,-0.0005407870967231852,interpolado
0.4175469093818763,-0.0008398332315063758,interpolado
0.41764672934586905,-0.0011739874331451019,interpolado
0.4177465493098619,-0.0015289830448168978,interpolado
0.4178463692738547,-0.0018905534097000507,interpolado
0.41794618923784743,-0.0022444318709720634,interpolado
0.418,-0.002427,original
0.4181458291658331,-0.002876455916149217,interpolado
0.41824564912982587,-0.0031383257408402363,interpolado
0.4183454690938187,-0.0033563181457784822,interpolado
0.41844528905781153,-0.0035246515510651234,interpolado
0.4185451090218043,-0.0036375443768017083,interpolado
0.4186449289857972,-0.003689215043089661,interpolado
0.41874474894979,-0.0036738819700303377,interpolado
0.4188445689137828,-0.003585763577725126,interpolado
0.41894438887777563,-0.003419078286275538,interpolado
0.419,-0.00329,original
0.4191440288057612,-0.002839682007013428,interpolado
0.41924384876975385,-0.0024519305045046826,interpolado
0.4193436687337468,-0.002024947416286879,interpolado
0.4194434886977395,-0.0015785199523568494,interpolado
0.41954330866173234,-0.0011324353227107214,interpolado
0.4196431286257251,-0.0007064807373446178,interpolado
0.4197429485897177,-0.00032044340625537516,interpolado
0.41984276855371067,5.88946056105896e-06,interpolado
0.4199425885177034,0.00025273065310796203,interpolado
0.42,0.000351,original
0.420142228445689,0.000446514892332031,interpolado
0.42024204840968177,0.0004057998284911233,interpolado
0.4203418683736747,0.00029559658475066853,interpolado
0.4204416883376675,0.00013288407908409187,interpolado
0.4205415083016603,-6.535877053535361e-05,interpolado
0.42064132826565304,-0.0002821530461344955,interpolado
0.4207411482296459,-0.0005005198297397895,interpolado
0.4208409681936387,-0.0007034802033781617,interpolado
0.42094078815763153,-0.0008740552490760835,interpolado
0.421,-0.000953,original
0.4211404280856173,-0.0010610972779810772,interpolado
0.4212402480496099,-0.0010765790182223954,interpolado
0.4213400680136028,-0.0010486236958177889,interpolado
0.4214398879775956,-0.000983878624814493,interpolado
0.4215397079415883,-0.000888991119259705,interpolado
0.4216395279055811,-0.0007706084932005554,interpolado
0.42173934786957384,-0.0006353780606843799,interpolado
0.4218391678335668,-0.0004899471357582383,interpolado
0.4219389877975595,-0.00034096303246949596,interpolado
0.422,-0.000251,original
0.422138627725545,-5.165609644168386e-05,interpolado
0.4222384476895378,9.782406335569487e-05,interpolado
0.4223382676535306,0.00026316108172196886,interpolado
0.42243808761752344,0.00045398916747977725,interpolado
0.42253790758151627,0.000679942529452025,interpolado
0.42263772754550916,0.000950655376461694,interpolado
0.42273754750950193,0.0012757619173313075,interpolado
0.42283736747349476,0.0016648963608840554,interpolado
0.4229371874374875,0.0021276929159423285,interpolado
0.423,0.002461,original
0.42313682736547326,0.0032974184873222736,interpolado
0.423236647329466,0.003974773237237425,interpolado
0.42333646729345864,0.004679325276307603,interpolado
0.4234362872574516,0.005384854352524798,interpolado
0.4235361072214443,0.006065140213879809,interpolado
0.4236359271854372,0.006693962608364963,interpolado
0.42373574714942985,0.0072451012839711455,interpolado
0.42383556711342263,0.007692335988690326,interpolado
0.4239353870774155,0.008009446470514233,interpolado
0.424,0.008133,original
0.42413502700540107,0.008170886145560257,interpolado
0.4242348469693938,0.008036064008603383,interpolado
0.4243346669333867,0.007794398366536775,interpolado
0.42443448689737945,0.00747414315916087,interpolado
0.4245343068613722,0.007103552326276681,interpolado
0.424634126825365,0.0067108798076844665,interpolado
0.4247339467893577,0.0063243795431853125,interpolado
0.42483376675335055,0.005972305472579644,interpolado
0.4249335867173434,0.005682911535667963,interpolado
0.425,0.005539,original
0.425133226645329,0.005388889869496533,interpolado
0.4252330466093219,0.0053861582723296825,interpolado
0.42533286657331465,0.0054631437492227205,interpolado
0.4254326865373075,0.005606989999118389,interpolado
0.42553250650130026,0.0058048407209591694,interpolado
0.42563232646529303,0.006043839613687912,interpolado
0.4257321464292858,0.006311130376246994,interpolado
0.42583196639327864,0.0065938567075791875,interpolado
0.4259317863572715,0.006879162306627295,interpolado
0.426,0.007069,original
0.4261314262852572,0.007406333869392304,interpolado
0.42623124624924985,0.007623341341747465,interpolado
0.4263310662132426,0.007793011759806603,interpolado
0.4264308861772354,0.007903140147967946,interpolado
0.42653070614122807,0.007941521530629554,interpolado
0.42663052610522106,0.007895950932189645,interpolado
0.4267303460692138,0.0077542233770464455,interpolado
0.42683016603320645,0.0075041338895981465,interpolado
0.42692998599719933,0.007133477494242693,interpolado
0.427,0.006795,original
0.42712962592518494,0.006002608785355502,interpolado
0.4272294458891777,0.005292323458535171,interpolado
0.42732926585317055,0.004544683429878791,interpolado
0.4274290858171633,0.003804924022067125,interpolado
0.4275289057811562,0.003118280557782172,interpolado
0.42762872574514893,0.002529988359704384,interpolado
0.42772854570914176,0.0020852827505155914,interpolado
0.42782836567313454,0.0018293990528965947,interpolado
0.4279281856371274,0.0018075725895286155,interpolado
0.428,0.001962,original
0.42812782556511303,0.0026063317872413363,interpolado
0.42822764552910575,0.003368895695623498,interpolado
0.4283274654930986,0.0042812445773744235,interpolado
0.4284272854570914,0.005272320642476546,interpolado
0.42852710542108424,0.006271066100910606,interpolado
0.42862692538507696,0.007206423162659491,interpolado
0.4287267453490698,0.008007334037704011,interpolado
0.4288265653130625,0.008602740936026572,interpolado
0.42892638527705534,0.00892158606760914,interpolado
0.429,0.008938,original
0.429126025205041,0.0084932109976472,interpolado
0.4292258451690337,0.007783565614672951,interpolado
0.4293256651330266,0.006835914878679571,interpolado
0.42942548509701933,0.0057218679609613195,interpolado
0.42952530506101216,0.004513034032814681,interpolado
0.42962512502500494,0.0032810222655343013,interpolado
0.4297249449889977,0.002097441830414775,interpolado
0.42982476495299055,0.0010339018987526598,interpolado
0.4299245849169833,0.00016201164184209053,interpolado
0.43,-0.000326,original
0.430124224844969,-0.000758617284449581,interpolado
0.4302240448089618,-0.0008119699430066564,interpolado
0.4303238647729546,-0.0006543810166022916,interpolado
0.43042368473694753,-0.00033326387207576873,interpolado
0.43052350470094025,0.0001039681237331364,interpolado
0.43062332466493286,0.0006099016039851586,interpolado
0.43072314462892586,0.0011371232018411895,interpolado
0.4308229645929185,0.0016382195504612215,interpolado
0.43092278455691146,0.002065777283006356,interpolado
0.431,0.002316,original
0.4311224244848969,0.0025299092850331537,interpolado
0.4312222444488898,0.002548464110796526,interpolado
0.43132206441288257,0.0024434800801276446,interpolado
0.4314218843768754,0.00223026836288661,interpolado
0.4315217043408681,0.0019241401289338627,interpolado
0.43162152430486084,0.0015404065481295142,interpolado
0.43172134426885367,0.0010943787903334979,interpolado
0.4318211642328465,0.0006013680254065147,interpolado
0.43192098419683933,7.668542320823349e-05,interpolado
0.432,-0.000351,original
0.43212062412482494,-0.0010073253718841503,interpolado
0.43222044408881777,-0.0015396209667050973,interpolado
0.43232026405281054,-0.0020489122780303066,interpolado
0.4324200840168033,-0.0025228624652002306,interpolado
0.43251990398079615,-0.0029491346875542414,interpolado
0.4326197239447888,-0.0033153921044325103,interpolado
0.4327195439087818,-0.003609297875175084,interpolado
0.4328193638727746,-0.003818515159121528,interpolado
0.43291918383676725,-0.003930707115611965,interpolado
0.433,-0.003942,original
0.4331188237647528,-0.0038268864544841992,interpolado
0.43321864372874574,-0.0036378878533941932,interpolado
0.4333184636927385,-0.003397717382521095,interpolado
0.43341828365673135,-0.003137501338749234,interpolado
0.433518103620724,-0.002888366018963468,interpolado
0.4336179235847168,-0.0026814377200482125,interpolado
0.4337177435487097,-0.0025478427388879745,interpolado
0.4338175635127024,-0.002518707372367474,interpolado
0.43391738347669534,-0.0026251579173712713,interpolado
0.434,-0.002838,original
0.43411702340468084,-0.003348974207262225,interpolado
0.4342168433686737,-0.003939827857424095,interpolado
0.4343166633326666,-0.004626172608530865,interpolado
0.4344164832966593,-0.00536336409412787,interpolado
0.43451630326065216,-0.0061067579477588965,interpolado
0.4346161232246449,-0.00681170980296897,interpolado
0.43471594318863777,-0.007433575293303028,interpolado
0.43481576315263065,-0.00792771005230499,interpolado
0.43491558311662337,-0.008249469713519846,interpolado
0.435,-0.008354,original
0.43511522304460903,-0.008220583424976264,interpolado
0.4352150430086019,-0.007885501456410652,interpolado
0.43531486297259464,-0.007395259454169414,interpolado
0.43541468293658747,-0.00679609721220307,interpolado
0.4355145029005802,-0.00613425452446189,interpolado
0.435614322864573,-0.0054559711848972845,interpolado
0.4357141428285659,-0.004807486987459207,interpolado
0.43581396279255863,-0.004235041726099051,interpolado
0.43591378275655135,-0.003784875194767092,interpolado
0.436,-0.00353,original
0.43611342268453696,-0.003416655070719033,interpolado
0.4362132426485298,-0.0034996479236405406,interpolado
0.4363130626125225,-0.0037179140938158723,interpolado
0.43641288257651534,-0.004037195880167647,interpolado
0.4365127025405081,-0.0044232355816187065,interpolado
0.4366125225045009,-0.004841775497091223,interpolado
0.4367123424684938,-0.00525855792550824,interpolado
0.4368121624324865,-0.005639325165791893,interpolado
0.4369119823964793,-0.005949819516865034,interpolado
0.437,-0.006138,original
0.43711162232446477,-0.006235167457120907,interpolado
0.4372114422884577,-0.006200071799827791,interpolado
0.43731126225245043,-0.006068639619374375,interpolado
0.4374110822164433,-0.005858999797473737,interpolado
0.4375109021804361,-0.00558928121583878,interpolado
0.43761072214442887,-0.005277612756182872,interpolado
0.43771054210842175,-0.004942123300218758,interpolado
0.4378103620724146,-0.004600941729659881,interpolado
0.4379101820364073,-0.004272196926219125,interpolado
0.438,-0.004002,original
0.438109821964393,-0.0037190710753874302,interpolado
0.4382096419283858,-0.0035038771283084,interpolado
0.4383094618923786,-0.003321951724375251,interpolado
0.4384092818563714,-0.0031668147837918678,interpolado
0.4385091018203642,-0.003031986226762196,interpolado
0.4386089217843569,-0.002910985973490398,interpolado
0.43870874174834973,-0.0027973339441803476,interpolado
0.4388085617123426,-0.0026845500590361826,interpolado
0.4389083816763354,-0.0025661542382618536,interpolado
0.439,-0.002447,original
0.4391080216043209,-0.0022885229866449796,interpolado
0.4392078415683136,-0.0021261457837438032,interpolado
0.4393076615323065,-0.0019511292449344631,interpolado
0.4394074814962992,-0.0017660669829464098,interpolado
0.43950730146029193,-0.0015735526105090725,interpolado
0.43960712142428476,-0.0013761797403522042,interpolado
0.43970694138827754,-0.0011765419852051257,interpolado
0.4398067613522703,-0.0009772329577975981,interpolado
0.43990658131626315,-0.000780846270859048,interpolado
0.44,-0.000602,original
0.44010622124424886,-0.000407700845586934,interpolado
0.4402060412082416,-0.0002387068823053648,interpolado
0.4403058611722345,-8.800968356507735e-05,interpolado
0.4404056811362273,3.9374820812998014e-05,interpolado
0.4405055011002201,0.0001384307010082356,interpolado
0.44060532106421285,0.00020414202719976228,interpolado
0.44070514102820557,0.0002314928695668807,interpolado
0.44080496099219846,0.00021546729828880766,interpolado
0.4409047809561913,0.0001510493835447983,interpolado
0.441,3.99e-05,original
0.44110442088417684,-0.00013701151556669663,interpolado
0.4412042408481696,-0.0003377034252239141,interpolado
0.44130406081216245,-0.0005423377934848291,interpolado
0.44140388077615517,-0.0007244003949608159,interpolado
0.441503700740148,-0.0008573770042636614,interpolado
0.44160352070414083,-0.0009147533960048189,interpolado
0.44170334066813366,-0.000870015344795994,interpolado
0.4418031606321264,-0.0006966486252486638,interpolado
0.44190298059611915,-0.00036813901197462503,interpolado
0.442,0.000125,original
0.4421026205241047,0.0008458037318929035,interpolado
0.44220244048809754,0.0017015970080645959,interpolado
0.4423022604520905,0.002655508940360702,interpolado
0.44240208041608314,0.0036536412161852806,interpolado
0.44250190038007603,0.004642095522944522,interpolado
0.4426017203440689,0.005566973548042446,interpolado
0.44270154030806164,0.006374376978884754,interpolado
0.4428013602720545,0.007010407502876884,interpolado
0.44290118023604724,0.007421166807423249,interpolado
0.443,0.007553,original
0.44310082016403285,0.007372335054994217,interpolado
0.4432006401280257,0.0069287923378101935,interpolado
0.44330046009201846,0.0062908465009931065,interpolado
0.44340028005601123,0.005527215596600711,interpolado
0.443500100020004,0.004706617676689262,interpolado
0.4435999199839968,0.0038977707933167257,interpolado
0.4436997399479896,0.0031693929985396724,interpolado
0.44379955991198244,0.0025902023444148523,interpolado
0.4438993798759753,0.0022289168829999605,interpolado
0.444,0.002155,original
0.4440990198039609,0.002410830928089082,interpolado
0.4441988397679535,0.002944502928954174,interpolado
0.4442986597319464,0.003675837552065893,interpolado
0.44439847969593915,0.004525401667823475,interpolado
0.444498299659932,0.00541376214662785,interpolado
0.44459811962392476,0.006261485858878079,interpolado
0.44469793958791753,0.006989139674974731,interpolado
0.4447977595519104,0.007517290465318117,interpolado
0.44489757951590314,0.007766505100307692,interpolado
0.445,0.007649,original
0.4450972194438888,0.007137563782097978,interpolado
0.4451970394078815,0.006272402472838456,interpolado
0.44529685937187435,0.0051588903445081045,interpolado
0.44539667933586713,0.0038940517390684297,interpolado
0.44549649929986007,0.0025749109984783782,interpolado
0.44559631926385285,0.001298492464699693,interpolado
0.4456961392278456,0.00016182047969187738,interpolado
0.4457959591918384,-0.000738080614585252,interpolado
0.4458957791558312,-0.0013041864761704196,interpolado
0.446,-0.001434,original
0.44609541908381684,-0.0010753737309741793,interpolado
0.44619523904780967,-0.0002732747109832794,interpolado
0.4462950590118025,0.0008683674186541335,interpolado
0.4463948789757953,0.002251092987650752,interpolado
0.446494698939788,0.003776442325721129,interpolado
0.4465945189037809,0.005345955762580141,interpolado
0.4466943388677736,0.00686117362794,interpolado
0.44679415883176643,0.00822363625151628,interpolado
0.44689397879575926,0.009334883963021423,interpolado
0.447,0.01013,original
0.4470936187237449,0.010433055176823545,interpolado
0.4471934386877376,0.010381039606229282,interpolado
0.4472932586517304,0.0100103815751039,interpolado
0.4473930786157231,0.009391059009034678,interpolado
0.4474928985797159,0.008593049833608304,interpolado
0.44759271854370875,0.007686331974411077,interpolado
0.44769253850770147,0.006740883357030855,interpolado
0.4477923584716943,0.005826681907053494,interpolado
0.44789217843568707,0.005013705550066859,interpolado
0.448,0.00433,original
0.44809181836367273,0.003957019134724684,interpolado
0.4481916383276655,0.003751702932671455,interpolado
0.44829145829165834,0.0037155685991706964,interpolado
0.44839127825565117,0.003808191650137326,interpolado
0.4484910982196439,0.003989147601486175,interpolado
0.4485909181836368,0.004218011969132271,interpolado
0.44869073814762966,0.004454360268990236,interpolado
0.4487905581116224,0.004657768016975179,interpolado
0.4488903780756152,0.004787810729001749,interpolado
0.449,0.004798,original
0.4490900180036009,0.0046745328293142105,interpolado
0.44918983796759354,0.00441256698697169,interpolado
0.4492896579315863,0.004046695991436083,interpolado
0.44938947789557904,0.0036054603235687274,interpolado
0.44948929785957187,0.0031174004642303688,interpolado
0.4495891178235647,0.002611056894281649,interpolado
0.44968893778755736,0.0021149700945840614,interpolado
0.4497887577515502,0.0016576805459980139,interpolado
0.44988857771554297,0.0012677287293849481,interpolado
0.45,0.000947,original
0.45008821764352863,0.0007983961743714703,interpolado
0.4501880376075214,0.0007330333195432948,interpolado
0.45028785757151424,0.0007574075133681113,interpolado
0.45038767753550707,0.0008513469592866513,interpolado
0.4504874974994998,0.0009946798607396714,interpolado
0.45058731746349273,0.0011672344211680395,interpolado
0.4506871374274855,0.001348838844012321,interpolado
0.4507869573914784,0.0015193213327134609,interpolado
0.45088677735547117,0.001658510090712027,interpolado
0.451,0.001753,original
0.4510864172834568,0.0017654570435759332,interpolado
0.4511862372474495,0.0017180029217539327,interpolado
0.4512860572114423,0.0016127028836217469,interpolado
0.4513858771754352,0.0014584005626030886,interpolado
0.4514856971394278,0.0012639395921215067,interpolado
0.4515855171034207,0.0010381636056004623,interpolado
0.45168533706741354,0.0007899162364638021,interpolado
0.4517851570314063,0.0005280411181350007,interpolado
0.4518849769953991,0.0002613818840375036,interpolado
0.452,-4.03e-05,original
0.4520846169233847,-0.0002521525029081173,interpolado
0.4521844368873774,-0.000491685393762235,interpolado
0.4522842568513703,-0.0007231609014668886,interpolado
0.452384076815363,-0.0009499306033940571,interpolado
0.45248389677935585,-0.0011753460769153453,interpolado
0.4525837167433487,-0.0014027588994028617,interpolado
0.45268353670734146,-0.0016355206482282095,interpolado
0.4527833566713344,-0.0018769829007633696,interpolado
0.45288317663532707,-0.0021304972343803388,interpolado
0.453,-0.002447,original
0.4530828165633128,-0.002686556636351245,interpolado
0.4531826365273055,-0.0029911645634592933,interpolado
0.4532824564912982,-0.0033110077219233197,interpolado
0.4533822764552911,-0.003643850223127042,interpolado
0.4534820964192839,-0.003987456178453619,interpolado
0.4535819163832767,-0.004339589699286962,interpolado
0.45368173634726955,-0.0046980148970102095,interpolado
0.45378155631126227,-0.005060495883007083,interpolado
0.4538813762752551,-0.005424796768661319,interpolado
0.454,-0.005857,original
0.4540810162032408,-0.0061481962575107825,interpolado
0.45418083616723354,-0.006487149470378661,interpolado
0.45428065613122626,-0.006784041934211278,interpolado
0.4543804760952191,-0.007017352793557057,interpolado
0.45448029605921186,-0.007165561192964045,interpolado
0.4545801160232047,-0.007207146276980694,interpolado
0.45467993598719747,-0.007120587190155263,interpolado
0.45477975595119025,-0.006884363077036123,interpolado
0.454879575915183,-0.00647695308217131,interpolado
0.455,-0.005727,original
0.4550792158431687,-0.005069355328622371,interpolado
0.4551790358071614,-0.004091634192845403,interpolado
0.4552788557711542,-0.003004426252383218,interpolado
0.4553786757351471,-0.0018686055869059166,interpolado
0.45547849569913984,-0.0007450462760855234,interpolado
0.45557831566313267,0.00030537760040840096,interpolado
0.45567813562712545,0.0012217919629039246,interpolado
0.4557779555911182,0.0019433227317309201,interpolado
0.45587777555511105,0.0024090958272188286,interpolado
0.456,0.002542,original
0.4560774154830966,0.002340791182464794,interpolado
0.4561772354470893,0.0017941463981053947,interpolado
0.4562770554110821,0.0009976015791104654,interpolado
0.456376875375075,3.0720145510650896e-05,interpolado
0.45647669533906776,-0.0010269344826617317,interpolado
0.45657651530306065,-0.0020957988853765484,interpolado
0.4566763352670533,-0.0030963096426013604,interpolado
0.45677615523104614,-0.003948903334305562,interpolado
0.456875975195039,-0.004574016540458205,interpolado
0.457,-0.004914,original
0.4570756151230245,-0.004834566696253607,interpolado
0.45717543508701736,-0.004426452483215771,interpolado
0.45727525505101013,-0.003739913362037764,interpolado
0.4573750750150029,-0.0028474809178311578,interpolado
0.4574748949789958,-0.001821686735709086,interpolado
0.4575747149429886,-0.0007350624007832108,interpolado
0.4576745349069814,0.00033986050183494034,interpolado
0.4577743548709742,0.0013305503870320282,interpolado
0.4578741748349669,0.002164475669696961,interpolado
0.458,0.00288,original
0.4580738147629525,0.003080199686764702,interpolado
0.45817363472694533,0.003108298176813446,interpolado
0.4582734546909381,0.0029035659809316097,interpolado
0.45837327465493105,0.002516531500491009,interpolado
0.4584730946189238,0.0019977231368640755,interpolado
0.45857291458291655,0.0013976692914226207,interpolado
0.4586727345469095,0.0007668983655382753,interpolado
0.4587725545109022,0.0001559387605837439,interpolado
0.4588723744748951,-0.00038468112206961136,interpolado
0.459,-0.000893,original
0.45907201440288065,-0.0010579636983264196,interpolado
0.4591718343668735,-0.0011495307210764546,interpolado
0.4592716543308662,-0.001111007474506994,interpolado
0.459371474294859,-0.0009745654014561885,interpolado
0.45947129425885186,-0.0007723759447623565,interpolado
0.45957111422284463,-0.0005366105472636002,interpolado
0.45967093418683747,-0.00029944065179794693,interpolado
0.45977075415083024,-9.303770120382788e-05,interpolado
0.459870574114823,5.042686168079487e-05,interpolado
0.46,9.01e-05,original
0.4600702140428085,2.4007717587354974e-05,interpolado
0.4601700340068014,-0.00015954997346404154,interpolado
0.4602698539707942,-0.00041278323572793496,interpolado
0.46036967393478695,-0.0006962725175286719,interpolado
0.4604694938987798,-0.000970598267190033,interpolado
0.46056931386277256,-0.001196340933036285,interpolado
0.4606691338267654,-0.0013340809633915862,interpolado
0.4607689537907582,-0.001344398806579879,interpolado
0.46086877375475105,-0.0011878749109252404,interpolado
0.461,-0.000662,original
0.4610684136827365,-0.00022224247796058847,interpolado
0.4611682336467294,0.0005933916937752675,interpolado
0.4612680536107222,0.0015570590353159164,interpolado
0.461367873574715,0.0026034622123753287,interpolado
0.4614676935387078,0.003667303890665291,interpolado
0.46156751350270053,0.004683286735899343,interpolado
0.46166733346669336,0.005586113413790925,interpolado
0.4617671534306861,0.006310486590051982,interpolado
0.4618669733946789,0.006791108930396217,interpolado
0.462,0.00694,original
0.4620666133226644,0.006766930081585475,interpolado
0.4621664332866573,0.006226961302129871,interpolado
0.4622662532506501,0.005418304542743391,interpolado
0.4623660732146429,0.004417356993625985,interpolado
0.46246589317863573,0.003300515844979571,interpolado
0.46256571314262857,0.002144178287004406,interpolado
0.4626655331066214,0.0010247415099006558,interpolado
0.4627653530706143,1.8602703870365905e-05,interpolado
0.46286517303460684,-0.0007978409408863338,interpolado
0.463,-0.001464,original
0.4630648129625925,-0.001561927894783274,interpolado
0.4631646329265854,-0.001441299164619499,interpolado
0.4632644528905782,-0.0010377326474702313,interpolado
0.46336427285457094,-0.0004035805108631371,interpolado
0.4634640928185637,0.0004088050776746289,interpolado
0.4635639127825566,0.001347071950614496,interpolado
0.46366373274654943,0.0023588679404297976,interpolado
0.46376355271054215,0.0033918408795917407,interpolado
0.4638633726745349,0.004393638600573228,interpolado
0.464,0.005619,original
0.4640630126025205,0.006096613641766486,interpolado
0.46416283256651336,0.0067283879803301146,interpolado
0.4642626525305061,0.007209609861707699,interpolado
0.4643624724944989,0.007543118376506619,interpolado
0.46446229245849174,0.007731752615333935,interpolado
0.4645621124224845,0.007778351668796422,interpolado
0.4646619323864773,0.007685754627501124,interpolado
0.46476175235047007,0.007456800582055138,interpolado
0.46486157231446285,0.007094328623065437,interpolado
0.465,0.006376,original
0.4650612122424484,0.005981369882044156,interpolado
0.4651610322064413,0.005255726207583328,interpolado
0.46526085217043406,0.004457557962031862,interpolado
0.4653606721344269,0.0036204729975272206,interpolado
0.4654604920984197,0.0027780791662067768,interpolado
0.4655603120624125,0.001963984320209318,interpolado
0.4656601320264053,0.001211796311671819,interpolado
0.4657599519903981,0.0005551229927329665,interpolado
0.4658597719543908,2.7572215530159813e-05,interpolado
0.466,-0.000431,original
0.46605941188237654,-0.0005082365753247587,interpolado
0.4661592318463693,-0.0004925163919893629,interpolado
0.46625905181036204,-0.00032701126163171596,interpolado
0.46635887177435487,-4.943334797998917e-05,interpolado
0.4664586917383477,0.0003025051852378937,interpolado
0.4665585117023404,0.0006910921742933938,interpolado
0.46665833166633325,0.0010786154554587642,interpolado
0.4667581516303259,0.001427362865005426,interpolado
0.4668579715943188,0.0016996222392054664,interpolado
0.467,0.001881,original
0.46705761152230435,0.0018659831512306943,interpolado
0.4671574314862972,0.0017243227745740264,interpolado
0.46725725145028996,0.0014613930495100535,interpolado
0.46735707141428273,0.0011067341675635167,interpolado
0.4674568913782756,0.0006898863202589501,interpolado
0.46755671134226834,0.0002403896991216098,interpolado
0.4676565313062612,-0.00021221550432418883,interpolado
0.467756351270254,-0.0006383890985531509,interpolado
0.4678561712342467,-0.0010085908920407505,interpolado
0.468,-0.001384,original
0.4680558111622323,-0.0014643312796644892,interpolado
0.4681556311262252,-0.0015186014395318832,interpolado
0.46825545109021804,-0.001474361693315405,interpolado
0.4683552710542108,-0.001350575329847111,interpolado
0.46845509101820354,-0.0011662056379588815,interpolado
0.46855491098219637,-0.0009402159064829255,interpolado
0.4686547309461892,-0.0006915694242511507,interpolado
0.4687545509101821,-0.00043922948009541505,interpolado
0.46885437087417486,-0.00020215936284800282,interpolado
0.469,7.71e-05,original
0.4690540108021604,0.00015112005845163058,interpolado
0.4691538307661532,0.0002463244779247828,interpolado
0.469253650730146,0.00029720806700911357,interpolado
0.46935347069413874,0.000315177203675976,interpolado
0.4694532906581316,0.00031163826589680814,interpolado
0.4695531106221244,0.0002979976316430236,interpolado
0.4696529305861172,0.0002856616788860299,interpolado
0.46975275055011,0.00028603678559723715,interpolado
0.4698525705141028,0.0003105293297480546,interpolado
0.47,0.000415,original
0.47005221044208834,0.00047697591799027964,interpolado
0.4701520304060811,0.0006300273743426807,interpolado
0.470251850370074,0.0008198481358910787,interpolado
0.4703516703340668,0.0010361947800533212,interpolado
0.47045149029805955,0.0012688238842476984,interpolado
0.4705513102620523,0.0015074920258920108,interpolado
0.4706511302260451,0.0017419557824044458,interpolado
0.470750950190038,0.0019619717312031834,interpolado
0.4708507701540307,0.002157296449706037,interpolado
0.471,0.002381,original
0.47105041008201637,0.0024329954636331725,interpolado
0.47115023004600914,0.0024952552682181548,interpolado
0.471250050010002,0.002498648054435493,interpolado
0.47134986997399475,0.0024374472482061537,interpolado
0.4714496899379875,0.002305926275451034,interpolado
0.47154950990198036,0.002098358562091251,interpolado
0.4716493298659732,0.0018090175340477225,interpolado
0.47174914982996596,0.0014321766172411855,interpolado
0.47184896979395885,0.0009621092375930312,interpolado
0.4719487897579516,0.0003930888210236993,interpolado
0.472,6.09e-05,original
0.4721484296859371,-0.0010334885129696509,interpolado
0.47224824964993,-0.0018188529642172593,interpolado
0.4723480696139228,-0.002584344335774604,interpolado
0.4724478895779156,-0.0032786992951538696,interpolado
0.47254770954190833,-0.0038506545098656525,interpolado
0.4726475295059011,-0.004248946647421755,interpolado
0.47274734946989394,-0.0044223123753335935,interpolado
0.4728471694338867,-0.004319488361112349,interpolado
0.4729469893978796,-0.0038892112722692346,interpolado
0.473,-0.00351,original
0.4731466293258651,-0.0019130871623490792,interpolado
0.4732464492898579,-0.0004621444536736646,interpolado
0.47334626925385076,0.00118554130348408,interpolado
0.47344608921784354,0.002945238380989232,interpolado
0.4735459091818363,0.004732215050703144,interpolado
0.4736457291458292,0.006461739584490126,interpolado
0.47374554910982203,0.00804908025421435,interpolado
0.47384536907381475,0.009409505331737364,interpolado
0.4739451890378076,0.010458283088923926,interpolado
0.474,0.010871,original
0.47414482896579324,0.011355061664835787,interpolado
0.47424464892978596,0.011239731778380552,interpolado
0.4743444688937788,0.010825738430380028,interpolado
0.4744442888577715,0.010171934091305759,interpolado
0.4745441088217644,0.009337171231628742,interpolado
0.4746439287857571,0.00838030232182144,interpolado
0.47474374874974995,0.0073601798323543735,interpolado
0.47484356871374267,0.006335656233700206,interpolado
0.47494338867773545,0.00536558399632989,interpolado
0.475,0.004862,original
0.47514302860572105,0.0037916870725325435,interpolado
0.4752428485697139,0.0032114377161171267,interpolado
0.4753426685337067,0.002759704585575988,interpolado
0.47544248849769954,0.002429021235704258,interpolado
0.4755423084616923,0.002211921221297337,interpolado
0.4756421284256851,0.0021009380971509515,interpolado
0.4757419483896779,0.0020886054180604594,interpolado
0.4758417683536707,0.00216745673882136,interpolado
0.4759415883176635,0.0023300256142291097,interpolado
0.476,0.002461,original
0.47614122824564914,0.0028706076671691718,interpolado
0.476241048209642,0.003216322738841427,interpolado
0.4763408681736347,0.0035859993013178395,interpolado
0.47644068813762736,0.0039597931075441226,interpolado
0.4765405081016203,0.004317859910466,interpolado
0.476640328065613,0.004640355463028593,interpolado
0.4767401480296058,0.004907435518177771,interpolado
0.4768399679935986,0.005099255828858758,interpolado
0.4769397879575914,0.0051959721480172505,interpolado
0.477,0.0052,original
0.47713942788557695,0.005041381761446162,interpolado
0.47723924784957,0.004801257181508228,interpolado
0.4773390678135626,0.004474597389903124,interpolado
0.4774388877775555,0.004078251231773993,interpolado
0.4775387077415484,0.003629067552263817,interpolado
0.47763852770554105,0.003143895196516351,interpolado
0.477738347669534,0.0026395830096743213,interpolado
0.47783816763352677,0.002132979836881543,interpolado
0.4779379875975196,0.0016409345232809838,interpolado
0.478,0.00135,original
0.4781376275255052,0.0007603881561480783,interpolado
0.478237447489498,0.00038199073648763425,interpolado
0.47833726745349087,4.457081474815594e-05,interpolado
0.47843708741748353,-0.0002522484548964866,interpolado
0.47853690738147636,-0.0005088439182723324,interpolado
0.47863672734546914,-0.0007255924212050064,interpolado
0.4787365473094619,-0.0009028708095206566,interpolado
0.4788363672734547,-0.001041055929044996,interpolado
0.4789361872374474,-0.0011405246256040416,interpolado
0.479,-0.001184,original
0.47913582716543307,-0.0012264931127922223,interpolado
0.47923564712942585,-0.0012191367279703752,interpolado
0.4793354670934186,-0.0011839767403125933,interpolado
0.47943528705741145,-0.0011253741322967742,interpolado
0.4795351070214042,-0.0010476898864007613,interpolado
0.4796349269853969,-0.0009552849851025363,interpolado
0.4797347469493897,-0.0008525204108798934,interpolado
0.47983456691338255,-0.0007437571462108418,interpolado
0.47993438687737544,-0.0006333561735732187,interpolado
0.48,-0.000562,original
0.480134026805361,-0.0004246637148244792,interpolado
0.4802338467693537,-0.0003336989842192633,interpolado
0.48033366673334654,-0.0002560939261900652,interpolado
0.48043348669733943,-0.00019516518777080603,interpolado
0.4805333066613322,-0.00015422941599525574,interpolado
0.4806331266253249,-0.000136603257897295,interpolado
0.48073294658931776,-0.00014560336051072873,interpolado
0.48083276655331053,-0.00018454637086942093,interpolado
0.4809325865173033,-0.0002567489360071637,interpolado
0.481,-0.000326,original
0.4811322264452889,-0.0005068878839353783,interpolado
0.48123204640928174,-0.0006665645009354343,interpolado
0.48133186637327463,-0.000828893126066048,interpolado
0.48143168633726735,-0.0009783169638977805,interpolado
0.4815315063012601,-0.0010992792190015308,interpolado
0.48163132626525296,-0.0011762230959479064,interpolado
0.4817311462292457,-0.0011935917993077336,interpolado
0.4818309661932385,-0.0011358285336517072,interpolado
0.4819307861572313,-0.0009873765035506334,interpolado
0.482,-0.000823,original
0.48213042608521695,-0.0003742067941108927,interpolado
0.4822302460492097,5.849957208985545e-05,interpolado
0.48233006601320255,0.0005322738822334588,interpolado
0.4824298859771954,0.001014182790039235,interpolado
0.4825297059411882,0.001471292949227539,interpolado
0.48262952590518093,0.0018706710135177078,interpolado
0.48272934586917376,0.0021793836366298643,interpolado
0.48282916583316654,0.00236449747228393,interpolado
0.48292898579715937,0.0023930791741995435,interpolado
0.483,0.0023,original
0.48312862572514503,0.0018776976874217658,interpolado
0.4832284456891378,0.001371559276468498,interpolado
0.48332826565313075,0.0007618907730499664,interpolado
0.48342808561712347,9.647947692051398e-05,interpolado
0.4835279055811163,-0.000576887312166898,interpolado
0.4836277255451091,-0.0012104222944578575,interpolado
0.4837275455091018,-0.0017563381701990969,interpolado
0.48382736547309463,-0.0021668476396371535,interpolado
0.48392718543708735,-0.002394163403017909,interpolado
0.484,-0.002417,original
0.484126825365073,-0.0021389717480672483,interpolado
0.4842266453290657,-0.001675468201439194,interpolado
0.4843264652930586,-0.0010429143207127184,interpolado
0.4844262852570513,-0.00028393851038539006,interpolado
0.4845261052210441,0.000558830825046735,interpolado
0.48462592518503694,0.0014427652810858546,interpolado
0.48472574514902966,0.0023252364532355715,interpolado
0.48482556511302244,0.003163615936999482,interpolado
0.48492538507701516,0.003915275327879789,interpolado
0.485,0.004395,original
0.4851250250050009,0.0050016618685584735,interpolado
0.48522484496899376,0.005303576713129303,interpolado
0.48532466493298654,0.005442776529305135,interpolado
0.4854244848969793,0.005418594498492233,interpolado
0.4855243048609722,0.005230363802097134,interpolado
0.48562412482496503,0.004877417621526011,interpolado
0.485723944788958,0.004359089138185674,interpolado
0.48582376475295075,0.0036747115334819593,interpolado
0.4859235847169434,0.0028236179888220425,interpolado
0.486,0.002059,original
0.4861232246449293,0.0006427807121202987,interpolado
0.486223044608922,-0.0005933194092202739,interpolado
0.4863228645729149,-0.001826588053350215,interpolado
0.48642268453690757,-0.0029806201724226667,interpolado
0.48652250450090034,-0.003979010718592871,interpolado
0.4866223244648931,-0.00474535464401572,interpolado
0.48672214442888584,-0.005203246900844876,interpolado
0.4868219643928787,-0.005276282441235306,interpolado
0.4869217843568715,-0.0048880562173414365,interpolado
0.487,-0.004212,original
0.4871214242848571,-0.0024853001396077205,interpolado
0.48722124424884977,-0.000573473417502808,interpolado
0.48732106421284266,0.0016390231861555047,interpolado
0.48742088417683543,0.004018251296983458,interpolado
0.4875207041408281,0.0064302725406009745,interpolado
0.48762052410482093,0.008741148542628044,interpolado
0.48772034406881376,0.010816940928680806,interpolado
0.4878201640328066,0.012523711324380158,interpolado
0.4879199839967994,0.013727521355342921,interpolado
0.488,0.014239,original
0.4881196239247851,0.014163287838196342,interpolado
0.48821944388877775,0.013431103453259017,interpolado
0.4883192638527706,0.012217998785836574,interpolado
0.4884190838167633,0.010643762896652358,interpolado
0.48851890378075613,0.008828184846427778,interpolado
0.488618723744749,0.0068910536958837025,interpolado
0.4887185437087418,0.004952158505744291,interpolado
0.4888183636727346,0.0031312883367294853,interpolado
0.4889181836367275,0.0015482322495633223,interpolado
0.489,0.000512,original
0.489117823564713,-0.0004750668338979159,interpolado
0.48921764352870584,-0.0008899535740352487,interpolado
0.48931746349269867,-0.0009839084212271876,interpolado
0.48941728345669144,-0.0008187812646259326,interpolado
0.48951710342068416,-0.00045642199338389694,interpolado
0.489616923384677,4.1319503346941305e-05,interpolado
0.48971674334866977,0.0006125933364137271,interpolado
0.4898165633126626,0.00119554961666474,interpolado
0.48991638327665543,0.0017283384549470282,interpolado
0.49,0.002091,original
0.4901160232046409,0.0024180453004429333,interpolado
0.4902158431686338,0.0025490469315137014,interpolado
0.4903156631326266,0.0025645040452819,interpolado
0.4904154830966195,0.0024867458241023617,interpolado
0.4905153030606121,0.0023381014503299604,interpolado
0.49061512302460486,0.0021409001063194166,interpolado
0.49071494298859775,0.001917470974425798,interpolado
0.49081476295259047,0.0016901432370037203,interpolado
0.49091458291658335,0.0014812460764082845,interpolado
0.491,0.001334,original
0.49111422284456885,0.0011978574852862913,interpolado
0.4912140428085617,0.0011212932711767622,interpolado
0.49131386277255445,0.00106486827954957,interpolado
0.4914136827365473,0.0010100552125744862,interpolado
0.4915135027005401,0.0009383267724213684,interpolado
0.4916133226645329,0.0008311556612599189,interpolado
0.49171314262852567,0.000670014581260053,interpolado
0.49181296259251844,0.000436376234591528,interpolado
0.49191278255651133,0.0001117133234239398,interpolado
0.492,-0.000261,original
0.492112422484497,-0.0008721219211194969,interpolado
0.49221224244848977,-0.0015084186616523098,interpolado
0.4923120624124826,-0.0021966732293664426,interpolado
0.4924118823764753,-0.0029021850348252796,interpolado
0.49251170234046804,-0.0035902534885910134,interpolado
0.4926115223044609,-0.004226178001227362,interpolado
0.49271134226845376,-0.004775257983296593,interpolado
0.49281116223244653,-0.005202792845362075,interpolado
0.4929109821964394,-0.005474081997986901,interpolado
0.493,-0.005556,original
0.49311062212442497,-0.005425311587102108,interpolado
0.49321044208841763,-0.005114934511937157,interpolado
0.49331026205241063,-0.004659982927269664,interpolado
0.49341008201640335,-0.004097131058572371,interpolado
0.4935099019803961,-0.003463053131319008,interpolado
0.4936097219443889,-0.0027944233709819933,interpolado
0.49370954190838173,-0.0021279160030351716,interpolado
0.4938093618723746,-0.0015002052529512599,interpolado
0.49390918183636734,-0.0009479653462030613,interpolado
0.494,-0.000542,original
0.49410882176435283,-0.00020401643486950166,interpolado
0.4942086417283458,-2.216143688921107e-05,interpolado
0.49430846169233844,5.9276057497095734e-05,interpolado
0.49440828165633127,6.187050026169344e-05,interpolado
0.494508101620324,7.19634337688019e-06,interpolado
0.4946079215843169,-8.317196118508837e-05,interpolado
0.49470774154830965,-0.00018765996145181057,interpolado
0.49480756151230243,-0.0002846932054510377,interpolado
0.49490738147629526,-0.00035269724121050455,interpolado
0.495,-0.000371,original
0.4951070214042809,-0.0003240457811549311,interpolado
0.4952068413682737,-0.00022978522814760873,interpolado
0.49530666133226653,-0.00010822585818136393,interpolado
0.4954064812962593,1.972508691942037e-05,interpolado
0.495506301260252,0.00013316036533014025,interpolado
0.49560612122424497,0.00021117273522644405,interpolado
0.4957059411882377,0.00023285495478378383,interpolado
0.4958057611522305,0.0001772997821777616,interpolado
0.49590558111622335,2.35999755838095e-05,interpolado
0.496,-0.000231,original
0.49610522104420907,-0.0006521154633055041,interpolado
0.49620504100820173,-0.0011633144264750262,interpolado
0.4963048609721946,-0.001753723715590281,interpolado
0.4964046809361874,-0.0023943197681886796,interpolado
0.4965045009001801,-0.0030560790218065455,interpolado
0.49660432086417294,-0.003709977913981625,interpolado
0.49670414082816566,-0.004326992882250229,interpolado
0.4968039607921586,-0.004878100364149771,interpolado
0.49690378075615144,-0.005334276797217521,interpolado
0.497,-0.005657,original
0.4971034206841369,-0.005854021931038369,interpolado
0.4972032406481296,-0.005905822157861718,interpolado
0.4973030606121225,-0.005837543825713708,interpolado
0.49740288057611537,-0.005664831111419264,interpolado
0.49750270054010803,-0.005403328191803569,interpolado
0.49760252050410086,-0.005068679243691538,interpolado
0.49770234046809375,-0.004676528443907926,interpolado
0.4978021604320865,-0.004242519969278157,interpolado
0.49790198039607936,-0.003782297996626753,interpolado
0.498,-0.00332,original
0.4981016203240649,-0.0028457902645602786,interpolado
0.4982014402880577,-0.0024007928587946883,interpolado
0.49830126025205046,-0.0019921586623079285,interpolado
0.49840108021604335,-0.001635531851924549,interpolado
0.49850090018003607,-0.0013465566044699364,interpolado
0.4986007201440289,-0.0011408770967688605,interpolado
0.4987005401080217,-0.0010341375056462758,interpolado
0.49880036007201445,-0.0010419820079272926,interpolado
0.4989001800360072,-0.001180054780436921,interpolado
0.499,-0.001464,original
