Time - Voltage_1,Amplitude - Voltage_1,tipo_valor
0.0,-0.008914,original
9.981996399279867e-05,-0.0034877384399296385,interpolado
0.00019963992798559732,0.0009340408943371585,interpolado
0.000299459891978396,0.0044244645593509,interpolado
0.00039927985597119453,0.007056659111662086,interpolado
0.0004990998199639931,0.008903751107821222,interpolado
0.0005989197839567919,0.01003886710437881,interpolado
0.0006987397479495905,0.01053513365788535,interpolado
0.0007985597119423888,0.010465677324891343,interpolado
0.0008983796759351872,0.009903624661947294,interpolado
0.001,0.008901,original
0.0010980196039207845,0.007594236572411091,interpolado
0.0011978395679135832,0.005993154258919934,interpolado
0.0012976595319063818,0.004191981841680747,interpolado
0.0013974794958991803,0.0022638458772440365,interpolado
0.0014972994598919786,0.0002818729221603014,interpolado
0.0015971194238847772,-0.0016808104670199603,interpolado
0.0016969393878775757,-0.0035510777337462436,interpolado
0.0017967593518703746,-0.005255802321468041,interpolado
0.001896579315863173,-0.0067218576736348505,interpolado
0.002,-0.007911,original
0.00209621924384877,-0.008663143240556706,interpolado
0.0021960392078415694,-0.009106346080407278,interpolado
0.002295859171834368,-0.009251097606049499,interpolado
0.002395679135827166,-0.00914277059728672,interpolado
0.0024954990998199648,-0.008826737833922295,interpolado
0.0025953190638127637,-0.008348372095759575,interpolado
0.0026951390278055617,-0.007753046162601911,interpolado
0.002794958991798361,-0.007086132814252646,interpolado
0.0028947789557911595,-0.006393004830515135,interpolado
0.003,-0.005684,original
0.003094418883776757,-0.00510234216773386,interpolado
0.0031942388477695545,-0.004546906443949571,interpolado
0.0032940588117623534,-0.004046674037904364,interpolado
0.0033938787757551514,-0.003595589809857869,interpolado
0.0034936987397479503,-0.0031875986200697185,interpolado
0.0035935187037407475,-0.00281664532879954,interpolado
0.003693338667733547,-0.0024766747963069703,interpolado
0.0037931586317263444,-0.002161631882851639,interpolado
0.003892978595719143,-0.001865461448693177,interpolado
0.004,-0.001562,original
0.004092618523704739,-0.0013072043250113513,interpolado
0.004192438487697538,-0.0010447644546059214,interpolado
0.004292258451690337,-0.0008014032130356012,interpolado
0.0043920784156831335,-0.0005837358634096629,interpolado
0.004491898379675935,-0.00039837766883737914,interpolado
0.004591718343668733,-0.00025194389242802733,interpolado
0.00469153830766153,-0.0001510497972908787,interpolado
0.00479135827165433,-0.00010231064653520898,interpolado
0.004891178235647129,-0.0001123417032702913,interpolado
0.005,-0.000198,original
0.005090818163632725,-0.0003317163644286386,interpolado
0.005190638127625526,-0.0005292140763310824,interpolado
0.005290458091618324,-0.0007593117334513057,interpolado
0.005390278055611122,-0.001001066334428149,interpolado
0.0054900980196039215,-0.0012335348779004545,interpolado
0.00558991798359672,-0.0014357743625070586,interpolado
0.005689737947589518,-0.001586841786886803,interpolado
0.005789557911582318,-0.0016657941496785278,interpolado
0.005889377875575115,-0.001651688449521072,interpolado
0.006,-0.001502,original
0.006089017803560713,-0.0012666463111634513,interpolado
0.006188837767553511,-0.0008999730549093166,interpolado
0.00628865773154631,-0.00045434504384819394,interpolado
0.006388477695539108,3.9443666728705037e-05,interpolado
0.006488297659531905,0.0005505990215301802,interpolado
0.006588117623524705,0.0010483269652650335,interpolado
0.006687937587517502,0.001501833442642052,interpolado
0.006787757551510303,0.0018803243983700406,interpolado
0.006887577515503101,0.0021530057771577886,interpolado
0.007,0.002295,original
0.007087217443488696,0.002265837401421746,interpolado
0.007187037407481496,0.002107877799379349,interpolado
0.007286857371474294,0.001857009007622868,interpolado
0.007386677335467093,0.001555059674162801,interpolado
0.007486497299459892,0.0012438584470096513,interpolado
0.0075863172634526915,0.0009652339741739157,interpolado
0.00768613722744549,0.0007610149036660932,interpolado
0.007785957191438287,0.0006730298834966859,interpolado
0.007885777155431088,0.0007431075616761923,interpolado
0.008,0.001071,original
0.008085417083416686,0.0015166389564697021,interpolado
0.008185237047409484,0.0022371211525595413,interpolado
0.008285057011402286,0.0031385726609860763,interpolado
0.008384876975395084,0.004185004007676575,interpolado
0.008484696939387882,0.0053404257185582955,interpolado
0.00858451690338068,0.006568848319558559,interpolado
0.00868433686737348,0.00783428233660463,interpolado
0.00878415683136628,0.00910073829562376,interpolado
0.008883976795359077,0.010332226722543279,interpolado
0.009,0.011672,original
0.009083616723344675,0.01254668776149979,interpolado
0.00918343668733747,0.013460631156295394,interpolado
0.009283256651330271,0.014202114680930545,interpolado
0.009383076615323067,0.014738667196727015,interpolado
0.009482896579315865,0.015037817565006623,interpolado
0.009582716543308663,0.015067094647091201,interpolado
0.009682536507301462,0.014794027304302536,interpolado
0.009782356471294258,0.014186144397962468,interpolado
0.00988217643528706,0.01321097478939278,interpolado
0.01,0.011543,original
0.010081816363272652,0.01004146366241402,interpolado
0.010181636327265452,0.007894602532065313,interpolado
0.01028145629125825,0.005499856552924752,interpolado
0.01038127625525105,0.00296175229299599,interpolado
0.010481096219243848,0.00038481632028271534,interpolado
0.010580916183236646,-0.0021264247972115117,interpolado
0.010680736147229445,-0.004467444491483008,interpolado
0.010780556111222242,-0.006533716194528083,interpolado
0.01088037607521504,-0.008220713338343176,interpolado
0.011,-0.009596,original
0.01108001600320064,-0.01005496271678514,interpolado
0.011179835967193439,-0.010144535618300952,interpolado
0.011279655931186237,-0.009776388818728408,interpolado
0.011379475895179035,-0.00903452845745873,interpolado
0.011479295859171835,-0.008002960673883088,interpolado
0.011579115823164633,-0.006765691607392706,interpolado
0.011678935787157431,-0.005406727397378809,interpolado
0.01177875575115023,-0.00401007418323255,interpolado
0.01187857571514303,-0.00265973810434516,interpolado
0.012,-0.001201,original
0.012078215643128627,-0.0004252738700962792,interpolado
0.012178035607121426,0.0003767110987749789,interpolado
0.012277855571114226,0.0009913902885762887,interpolado
0.01237767553510702,0.0014441091565042068,interpolado
0.012477495499099822,0.0017602131597553128,interpolado
0.01257731546309262,0.001965047755526161,interpolado
0.012677135427085416,0.002083958401013313,interpolado
0.012776955391078218,0.0021422905534133384,interpolado
0.012876775355071018,0.0021653896699227954,interpolado
0.013,0.002183,original
0.013076415283056614,0.0022051543384762223,interpolado
0.013176235247049412,0.002250782944426288,interpolado
0.01327605521104221,0.002312589988354215,interpolado
0.013375875175035011,0.0023876176276790492,interpolado
0.01347569513902781,0.002472908019819833,interpolado
0.013575515103020611,0.0025655033221956116,interpolado
0.01367533506701341,0.0026624456922254265,interpolado
0.013775155031006209,0.0027607772873283255,interpolado
0.01387497499499901,0.002857540264923352,interpolado
0.014,0.002972,original
0.014074614922984603,0.0030344575837413,interpolado
0.014174434886977401,0.0031079266287172757,interpolado
0.014274254850970199,0.0031662029231951236,interpolado
0.014374074814962995,0.0032053027202698643,interpolado
0.014473894778955797,0.003221242273036519,interpolado
0.014573714742948593,0.003210037834590105,interpolado
0.01467353470694139,0.0031677056580256447,interpolado
0.014773354670934187,0.0030902619964381568,interpolado
0.014873174634926982,0.002973723102922664,interpolado
0.015,0.002763,original
0.01507281456291258,0.0026083316920035033,interpolado
0.01517263452690538,0.002361785828091574,interpolado
0.015272454490898178,0.0020844587969304084,interpolado
0.015372274454890979,0.0017863880301747625,interpolado
0.015472094418883775,0.0014776109594793882,interpolado
0.015571914382876577,0.0011681650164990442,interpolado
0.015671734346869373,0.0008680876328884702,interpolado
0.015771554310862173,0.0005874162403024295,interpolado
0.015871374274854976,0.0003361882703956596,interpolado
0.016,7.21e-05,original
0.016071014202840572,-3.8747312380239026e-05,interpolado
0.016170834166833372,-0.00015382045937301832,interpolado
0.016270654130826165,-0.00022666778635876573,interpolado
0.01637047409481896,-0.0002632428421468309,interpolado
0.016470294058811764,-0.00026949917554655784,interpolado
0.016570114022804557,-0.0002513903353672907,interpolado
0.016669933986797354,-0.00021486987041837466,interpolado
0.016769753950790153,-0.00016589132950915237,interpolado
0.016869573914782953,-0.00011040826144897178,interpolado
0.017,-3.8e-05,original
0.017069213842768553,-3.462390877104448e-06,interpolado
0.017169033806761345,3.961618428729906e-05,interpolado
0.01726885377075415,7.392943255230161e-05,interpolado
0.017368673734746952,9.856951664976842e-05,interpolado
0.01746849369873975,0.00011262859931156205,interpolado
0.017568313662732548,0.0001151988432695481,interpolado
0.01766813362672535,0.00010537241125559045,interpolado
0.017767953590718144,8.224146600155423e-05,interpolado
0.017867773554710947,4.489817023930223e-05,interpolado
0.018,-2.8e-05,original
0.018067413482696543,-7.645810941913737e-05,interpolado
0.01816723344668934,-0.00016761030292709435,interpolado
0.018267053410682136,-0.00028970177149379545,interpolado
0.01836687337467494,-0.00045145696980785385,interpolado
0.01846669333866774,-0.000661600352557888,interpolado
0.018566513302660535,-0.0009288563744324942,interpolado
0.018666333266653328,-0.001261949490120289,interpolado
0.01876615323064613,-0.0016696041543098985,interpolado
0.018865973194638928,-0.0021605448216899053,interpolado
0.019,-0.002966,original
0.019065613122624524,-0.0034247629368687085,interpolado
0.01916543308661732,-0.0041815534915680365,interpolado
0.019265253050610116,-0.004971828379391936,interpolado
0.019365073014602913,-0.005753205592004472,interpolado
0.019464892978595716,-0.006483303121069634,interpolado
0.019564712942588512,-0.007119738958251487,interpolado
0.019664532906581312,-0.007620131095214085,interpolado
0.01976435287057411,-0.007942097523621442,interpolado
0.019864172834566908,-0.008043256235137606,interpolado
0.02,-0.00775,original
0.02006381276255251,-0.007418534373253196,interpolado
0.020163632726545307,-0.006680886380245136,interpolado
0.02026345269053811,-0.005737822274392765,interpolado
0.02036327265453091,-0.004659765547431075,interpolado
0.02046309261852371,-0.0035171396910949632,interpolado
0.02056291258251651,-0.0023803681971193147,interpolado
0.020662732546509306,-0.0013198745572391359,interpolado
0.02076255251050211,-0.00040608226318928145,interpolado
0.02086237247449491,0.0002905851932952545,interpolado
0.021,0.000765,original
0.02106201240248051,0.0007565437875316891,interpolado
0.021161832366473305,0.0004747703357394274,interpolado
0.021261652330466105,-7.488522368933009e-05,interpolado
0.0213614722944589,-0.0008204021158178787,interpolado
0.021461292258451697,-0.0016897595657094306,interpolado
0.021561112222444494,-0.0026109367984272778,interpolado
0.02166093218643729,-0.003511913039034713,interpolado
0.02176075215043009,-0.00432066751259494,interpolado
0.021860572114422883,-0.004965179444171258,interpolado
0.022,-0.005454,original
0.02206021204240848,-0.005478241610309215,interpolado
0.022160032006401275,-0.005284090765700076,interpolado
0.022259851970394078,-0.004850133196811254,interpolado
0.02235967193438687,-0.004236906803466217,interpolado
0.022459491898379667,-0.003504949485488385,interpolado
0.022559311862372467,-0.002714799142701174,interpolado
0.022659131826365267,-0.001926993674928074,interpolado
0.02275895179035806,-0.001202070981992496,interpolado
0.022858771754350866,-0.0006005689637178578,interpolado
0.023,-7.81e-05,original
0.02305841168233646,-6.572680901465727e-06,interpolado
0.023158231646329266,-7.426280045749963e-05,interpolado
0.023258051610322066,-0.0003458630702245252,interpolado
0.023357871574314865,-0.0007799273195479555,interpolado
0.02345769153830767,-0.001335009377773228,interpolado
0.023557511502300465,-0.001969663074245718,interpolado
0.02365733146629326,-0.002642442238310859,interpolado
0.02375715143028606,-0.00331190069931409,interpolado
0.023856971394278864,-0.003936592286600779,interpolado
0.024,-0.004671,original
0.024056611322264457,-0.004887477065485872,interpolado
0.024156431286257257,-0.005161086202296027,interpolado
0.024256251250250056,-0.005305943454242499,interpolado
0.024356071214242853,-0.005332799627734775,interpolado
0.024455891178235652,-0.005252405529182362,interpolado
0.02455571114222845,-0.0050755119649947495,interpolado
0.02465553110622125,-0.00481286974158145,interpolado
0.024755351070214045,-0.004475229665351956,interpolado
0.024855171034206848,-0.004073342542715752,interpolado
0.025,-0.003398,original
0.02505481096219244,-0.003120144478193674,interpolado
0.025154630926185237,-0.002596759522144457,interpolado
0.02525445089017804,-0.0020697643153608073,interpolado
0.025354270854170833,-0.0015612927838474036,interpolado
0.025454090818163633,-0.00109347885360893,interpolado
0.025553910782156432,-0.0006884564506501197,interpolado
0.02565373074614923,-0.0003683595009756525,interpolado
0.02575355071014203,-0.00015532193059022276,interpolado
0.02585337067413483,-7.14776654985442e-05,interpolado
0.026,-0.000229,original
0.02605301060212042,-0.0003777656825127915,interpolado
0.026152830566113224,-0.0007651852134225718,interpolado
0.026252650530106014,-0.0012391338174170964,interpolado
0.02635247049409882,-0.0017360533155564909,interpolado
0.026452290458091617,-0.002192385528900829,interpolado
0.026552110422084416,-0.0025445722785102367,interpolado
0.026651930386077216,-0.0027290553854448225,interpolado
0.026751750350070016,-0.0026822766707646824,interpolado
0.026851570314062816,-0.0023406779555299345,interpolado
0.027,-0.001151,original
0.02705121024204842,-0.0005227668332757127,interpolado
0.02715103020604122,0.0009865500812123653,interpolado
0.02725085017003401,0.00277739978649862,interpolado
0.02735067013402681,0.0047365292789634484,interpolado
0.027450490098019614,0.006750685554987258,interpolado
0.02755031006201241,0.00870661561095026,interpolado
0.027650130026005214,0.010491066443232867,interpolado
0.027749949989998014,0.011990785048215468,interpolado
0.02784976995399081,0.013092518422278302,interpolado
0.027949589917983606,0.013683013561801774,interpolado
0.028,0.013751,original
0.028149229845969206,0.013011370297707565,interpolado
0.028249049809962005,0.011877841142610238,interpolado
0.028348869773954805,0.010380836783208227,interpolado
0.028448689737947598,0.008647896784004037,interpolado
0.0285485097019404,0.006806560709500026,interpolado
0.028648329665933194,0.004984368124198527,interpolado
0.028748149629925987,0.0033088585926020816,interpolado
0.028847969593918794,0.00190757167921301,interpolado
0.028947789557911587,0.0009080469485336969,interpolado
0.029,0.000588,original
0.02914742948589718,0.0005039574377453741,interpolado
0.029247249449889975,0.001027131351096928,interpolado
0.02934706941388278,0.001906448398031276,interpolado
0.029446889377875568,0.0030450687933249758,interpolado
0.029546709341868368,0.004346152751754625,interpolado
0.029646529305861168,0.005712860488096684,interpolado
0.029746349269853964,0.007048352217127743,interpolado
0.02984616923384676,0.008255788153624386,interpolado
0.02994598919783956,0.009238328512363083,interpolado
0.03,0.009642,original
0.03014562912582516,0.010213894580590858,interpolado
0.030245449089817963,0.010215446106950125,interpolado
0.03034526905381076,0.009949352837358217,interpolado
0.030445089017803562,0.009458921972270209,interpolado
0.030544908981796355,0.00878746071214122,interpolado
0.030644728945789155,0.00797827625742629,interpolado
0.030744548909781958,0.00707467580858057,interpolado
0.03084436887377475,0.0061199665660591155,interpolado
0.030944188837767558,0.005157455730316986,interpolado
0.031,0.004632,original
0.03114382876575315,0.003365620826821136,interpolado
0.03124364872974596,0.0025753064686299637,interpolado
0.03134346869373875,0.0018689686585782721,interpolado
0.03144328865773155,0.0012565452378685202,interpolado
0.03154310862172435,0.0007479740477031963,interpolado
0.031642928585717156,0.000353192929284789,interpolado
0.03174274854970995,8.213972381577138e-05,interpolado
0.03184256851370275,-5.5247727501329925e-05,interpolado
0.03194238847769555,-4.9031583464050456e-05,interpolado
0.032,2.38e-05,original
0.03214202840568114,0.00041069093090154694,interpolado
0.03224184836967394,0.000815712565637635,interpolado
0.03234166833366674,0.0012866437914289977,interpolado
0.03244148829765954,0.001784948306231327,interpolado
0.03254130826165234,0.00227208980800029,interpolado
0.032641128225645126,0.0027095319946915533,interpolado
0.03274094818963792,0.0030587385642607857,interpolado
0.03284076815363072,0.0032811732146636637,interpolado
0.03294058811762353,0.0033382996438558227,interpolado
0.033,0.003278,original
0.03314022804560912,0.0028423682470623225,interpolado
0.03324004800960192,0.0023325476507817067,interpolado
0.033339867973594714,0.0017108585658557347,interpolado
0.03343968793758752,0.0010250854280988559,interpolado
0.03353950790158032,0.0003230126733256601,interpolado
0.03363932786557312,-0.00034757526264940177,interpolado
0.03373914782956591,-0.0009388939440118343,interpolado
0.033838967793558716,-0.001403158934947143,interpolado
0.033938787757551506,-0.0016925857996408326,interpolado
0.034,-0.001763,original
0.03413842768553711,-0.0015981185918453491,interpolado
0.03423824764952991,-0.0012498061902882942,interpolado
0.034338067613522705,-0.0007628214824419727,interpolado
0.0344378875775155,-0.0001846146907974782,interpolado
0.0345377075415083,0.0004373639621540981,interpolado
0.0346375275055011,0.0010556642539217016,interpolado
0.03473734746949389,0.0016228359620141521,interpolado
0.03483716743348669,0.0020914288639404,interpolado
0.03493698739747949,0.00241399273720935,interpolado
0.035,0.002521,original
0.035136627325465096,0.0024714168887004094,interpolado
0.03523644728945789,0.0022392879751425717,interpolado
0.035336267253450696,0.001894052102458346,interpolado
0.03543608721744349,0.0014822850691279797,interpolado
0.03553590718143629,0.0010505626736317317,interpolado
0.03563572714542908,0.0006454607144498626,interpolado
0.03573554710942189,0.0003135549900626115,interpolado
0.03583536707341469,0.00010142129895028898,interpolado
0.03593518703740749,5.5635439593125415e-05,interpolado
0.036,0.000137,original
0.036134826965393094,0.0006038885758510941,interpolado
0.03623464692938588,0.0011421654634109683,interpolado
0.036334466893378686,0.0017725437729466807,interpolado
0.03643428685737148,0.00243076021321419,interpolado
0.036534106821364286,0.003052551492969585,interpolado
0.036633926785357075,0.0035736543209689137,interpolado
0.03673374674934987,0.0039298054059682275,interpolado
0.036833566713342675,0.0040567414567235765,interpolado
0.03693338667733548,0.0038901991819909817,interpolado
0.037,0.003584,original
0.037133026605321064,0.002480046267137907,interpolado
0.03723284656931387,0.001311090461263501,interpolado
0.037332666533306656,-5.110795713213144e-05,interpolado
0.03743248649729945,-0.0015176446245736082,interpolado
0.03753230646129226,-0.002999615177585647,interpolado
0.03763212642528505,-0.00440811525269266,interpolado
0.03773194638927785,-0.005654240486419366,interpolado
0.03783176635327065,-0.006649086515290385,interpolado
0.03793158631726345,-0.007303748975830334,interpolado
0.038,-0.00751,original
0.03813122624524904,-0.007303286062043544,interpolado
0.038231046209241844,-0.006699895874756998,interpolado
0.03833086617323465,-0.005806458072801987,interpolado
0.03843068613722745,-0.004709367816836903,interpolado
0.03853050610122025,-0.0034950202675201178,interpolado
0.03863032606521305,-0.002249810585509941,interpolado
0.038730146029205846,-0.0010601339314649256,interpolado
0.038829965993198635,-1.2385466043377349e-05,interpolado
0.03892978595719144,0.0008070396500963293,interpolado
0.039,0.0012,original
0.039129425885177045,0.0014687755148768285,interpolado
0.03922924584916984,0.0013283693629297171,interpolado
0.03932906581316264,0.000951860026572863,interpolado
0.039428885777155434,0.0003999401313130765,interpolado
0.03952870574114822,-0.0002666976973428344,interpolado
0.039628525705141034,-0.0009873608338880613,interpolado
0.03972834566913384,-0.0017013566528157956,interpolado
0.03982816563312663,-0.002347992528619268,interpolado
0.03992798559711943,-0.002866575835791578,interpolado
0.04,-0.003127,original
0.040127625525105015,-0.0033100773234861366,interpolado
0.040227445489097825,-0.0032353543991946033,interpolado
0.04032726545309062,-0.0030073855358751286,interpolado
0.040427085417083425,-0.0026609671042245446,interpolado
0.04052690538107623,-0.002230895474939762,interpolado
0.04062672534506901,-0.0017519670187176235,interpolado
0.04072654530906182,-0.0012589781062549883,interpolado
0.04082636527305462,-0.0007867251082487173,interpolado
0.040926185237047406,-0.0003700043953956724,interpolado
0.041,-0.000118,original
0.04112582516503301,0.00017248535746466857,interpolado
0.0412256451290258,0.0002845337771841216,interpolado
0.041325465093018605,0.00030229597349049135,interpolado
0.04142528505701141,0.00023540406923236397,interpolado
0.04152510502100421,9.349018725831487e-05,interpolado
0.041624924984997015,-0.00011381354958304836,interpolado
0.041724744948989805,-0.0003768750184431467,interpolado
0.04182456491298261,-0.0006860620964733925,interpolado
0.0419243848769754,-0.0010317426608251986,interpolado
0.042,-0.001312,original
0.04212402480496101,-0.001795416849903454,interpolado
0.0422238447689538,-0.0021994261240649853,interpolado
0.0423236647329466,-0.0026109480125407814,interpolado
0.0424234846969394,-0.003024607999340288,interpolado
0.042523304660932196,-0.0034350315684729517,interpolado
0.04262312462492499,-0.0038368442039482197,interpolado
0.04272294458891779,-0.004224671389775563,interpolado
0.042822764552910585,-0.004593138609964376,interpolado
0.04292258451690339,-0.004936871348524131,interpolado
0.043,-0.005183,original
0.04312222444488898,-0.005528471163253176,interpolado
0.04322204440888176,-0.005764933286874099,interpolado
0.04332186437287459,-0.005953969421178751,interpolado
0.04342168433686737,-0.006089668538087557,interpolado
0.043521504300860166,-0.006166119609520985,interpolado
0.043621324264852976,-0.006177411607399494,interpolado
0.04372114422884576,-0.006117633503643532,interpolado
0.04382096419283857,-0.005980874270173561,interpolado
0.04392078415683137,-0.00576122287891001,interpolado
0.044,-0.005524,original
0.044120424084816964,-0.005057439324018362,interpolado
0.044220244048809754,-0.004593765370552389,interpolado
0.04432006401280256,-0.004082664459610222,interpolado
0.04441988397679535,-0.0035450153424085333,interpolado
0.044519703940788156,-0.003001696770163959,interpolado
0.04461952390478095,-0.0024735874940932504,interpolado
0.04471934386877376,-0.001981566265413042,interpolado
0.044819163832766545,-0.0015465118353400074,interpolado
0.044918983796759356,-0.00118930295509082,interpolado
0.045,-0.000971,original
0.04511862372474495,-0.0007812308449901403,interpolado
0.04521844368873775,-0.000726682534812099,interpolado
0.04531826365273055,-0.0007497344649292279,interpolado
0.045418083616723344,-0.0008329902978372385,interpolado
0.04551790358071613,-0.0009590536960318436,interpolado
0.04561772354470895,-0.001110528322008767,interpolado
0.04571754350870173,-0.0012700178382636976,interpolado
0.045817363472694536,-0.0014201259072923592,interpolado
0.045917183436687325,-0.001543456191590463,interpolado
0.046,-0.001613,original
0.046116823364672925,-0.001646280379265257,interpolado
0.04621664332866572,-0.0016176066528226073,interpolado
0.046316463292658525,-0.001541979439291707,interpolado
0.04641628325665133,-0.0014247682499051743,interpolado
0.04651610322064412,-0.0012713425958956262,interpolado
0.04661592318463692,-0.0010870719884956822,interpolado
0.046715743148629724,-0.0008773259389379599,interpolado
0.04681556311262252,-0.0006474739584550604,interpolado
0.046915383076615316,-0.0004028855582796345,interpolado
0.047,-0.000188,original
0.04711502300460093,0.00011254652379446293,interpolado
0.04721484296859371,0.00038856736531090624,interpolado
0.04731466293258652,0.0006875904407900276,interpolado
0.047414482896579326,0.0010180657787954189,interpolado
0.047514302860572115,0.001388443407890602,interpolado
0.04761412282456492,0.0018071733566391666,interpolado
0.047713942788557714,0.0022827056536046803,interpolado
0.04781376275255052,0.0028234903273507105,interpolado
0.047913582716543314,0.0034379774064408238,interpolado
0.048,0.004036,original
0.048113222644528914,0.004909078810152172,interpolado
0.04821304260852171,0.005723013436314914,interpolado
0.048312862572514506,0.006532303910177832,interpolado
0.04841268253650731,0.007292854542673337,interpolado
0.04851250250050011,0.007960569644733871,interpolado
0.04861232246449291,0.008491353527291752,interpolado
0.048712142428485705,0.008841110501279425,interpolado
0.0488119623924785,0.008965744877629309,interpolado
0.0489117823564713,0.008821160967273799,interpolado
0.049,0.008434,original
0.049111422284456904,0.007574079999683339,interpolado
0.0492112422484497,0.006509164614437689,interpolado
0.049311062212442504,0.005237153552292941,interpolado
0.0494108821764353,0.0038266539439468926,interpolado
0.04951070214042809,0.0023462729200973403,interpolado
0.049610522104420886,0.0008646176114420809,interpolado
0.04971034206841369,-0.000549704851321182,interpolado
0.04981016203240649,-0.0018280873374944514,interpolado
0.049909981996399296,-0.0029019227163800307,interpolado
0.05,-0.003638,original
0.05010962192438488,-0.004185872235673838,interpolado
0.05020944188837768,-0.004379888504636106,interpolado
0.05030926185237049,-0.004326365430507592,interpolado
0.05040908181636328,-0.004066998372759627,interpolado
0.05050890178035608,-0.0036434826908635287,interpolado
0.05060872174434887,-0.0030975137442906175,interpolado
0.05070854170834167,-0.002470786892512214,interpolado
0.05080836167233446,-0.0018049974949996329,interpolado
0.050908181636327265,-0.0011418409112241466,interpolado
0.051,-0.00057,original
0.051107821564312865,2.102977893271973e-05,interpolado
0.051207641528305654,0.000495136979786325,interpolado
0.05130746149229845,0.0009111181770202625,interpolado
0.051407281456291254,0.001280777852929492,interpolado
0.05150710142028405,0.0016159204898088969,interpolado
0.05160692138427685,0.0019283505699534385,interpolado
0.05170674134826966,0.0022298725756580524,interpolado
0.05180656131226244,0.002532290989217671,interpolado
0.051906381276255235,0.002847410292927231,interpolado
0.052,0.003165,original
0.05210602120424085,0.0035590445392791998,interpolado
0.052205841168233645,0.0039582937786194275,interpolado
0.05230566113222645,0.004376931947778001,interpolado
0.05240548109621924,0.004807109092833958,interpolado
0.05250530106021204,0.005240975259866341,interpolado
0.05260512102420484,0.0056706804949542165,interpolado
0.05270494098819765,0.0060883748441765695,interpolado
0.052804760952190444,0.006486208353612465,interpolado
0.052904580916183254,0.006856331069340947,interpolado
0.053,0.007177,original
0.05310422084416883,0.0074817941327359645,interpolado
0.05320404080816165,0.007720057653656025,interpolado
0.05330386077215444,0.007896514832947683,interpolado
0.053403680736147235,0.008001996922193602,interpolado
0.05350350070014003,0.008027335172976425,interpolado
0.05360332066413282,0.00796336083687879,interpolado
0.05370314062812563,0.007800905165483346,interpolado
0.053802960592118435,0.007530799410372702,interpolado
0.053902780556111224,0.007143874823129545,interpolado
0.054,0.006646,original
0.05410242048409682,0.005990647422260263,interpolado
0.05420224044808961,0.00525019423488513,interpolado
0.05430206041208242,0.004443499779810101,interpolado
0.05440188037607522,0.00360446061672175,interpolado
0.054501700340068016,0.0027669733053064804,interpolado
0.05460152030406081,0.0019649344052507533,interpolado
0.054701340268053615,0.001232240476241027,interpolado
0.05480116023204642,0.0006027880779637606,interpolado
0.054900980196039215,0.0001104737701053838,interpolado
0.055,-0.000209,original
0.055100620124024814,-0.00033872478776221905,interpolado
0.05520044008801761,-0.00029613887713877577,interpolado
0.055300260052010414,-0.00011693124269456693,interpolado
0.05540008001600321,0.00016501503447178802,interpolado
0.05549989997999602,0.000515816873261695,interpolado
0.05559971994398881,0.0009015911925764832,interpolado
0.05569953990798162,0.0012884549113175562,interpolado
0.05579935987197441,0.0016425249483862916,interpolado
0.055899179835967205,0.0019299182226840722,interpolado
0.056,0.002118,original
0.056098819763952805,0.0021778696109504662,interpolado
0.056198639727945615,0.0021240916649447688,interpolado
0.056298459691938404,0.0019755056085375756,interpolado
0.056398279655931194,0.001752199244220601,interpolado
0.056498099619924,0.0014742603744855637,interpolado
0.05659791958391678,0.0011617768018241787,interpolado
0.05669773954790959,0.0008348363287281407,interpolado
0.056797559511902386,0.0005135267576892121,interpolado
0.05689737947589518,0.0002179358911990867,interpolado
0.057,-3.8e-05,original
0.05709701940388077,-0.00022042862298919655,interpolado
0.05719683936787358,-0.00035281546910074726,interpolado
0.057296659331866374,-0.00043956966160180845,interpolado
0.057396479295859164,-0.0004912519683174019,interpolado
0.057496299259851974,-0.0005184231570725683,interpolado
0.05759611922384477,-0.0005316439956923407,interpolado
0.05769593918783757,-0.0005414752520017521,interpolado
0.05779575915183038,-0.0005584776938258376,interpolado
0.05789557911582317,-0.0005932120889896282,interpolado
0.058,-0.00066,original
0.058095219043808766,-0.0007552559824372769,interpolado
0.05819503900780156,-0.0008848030669915469,interpolado
0.058294858971794365,-0.0010356454794577172,interpolado
0.05839467893578716,-0.0011985479172328937,interpolado
0.05849449889977996,-0.0013642750777141475,interpolado
0.05859431886377275,-0.0015235916582985835,interpolado
0.058694138827765543,-0.001667262356383296,interpolado
0.05879395879175835,-0.001786051869365379,interpolado
0.05889377875575114,-0.0018707248946419272,interpolado
0.059,-0.001913,original
0.059093418683736736,-0.001903987651313917,interpolado
0.05919323864772953,-0.001856079777010021,interpolado
0.059293058611722335,-0.0017825637135401356,interpolado
0.05939287857571514,-0.0016976816996746823,interpolado
0.059492698539707935,-0.0016156759741840802,interpolado
0.05959251850370074,-0.0015507887758387472,interpolado
0.05969233846769355,-0.0015172623434091131,interpolado
0.05979215843168634,-0.0015293389156655936,interpolado
0.05989197839567914,-0.001601260731378609,interpolado
0.06,-0.001763,original
0.06009161832366474,-0.001973852309404853,interpolado
0.060191438287657544,-0.0022477550206952053,interpolado
0.06029125825165034,-0.0025230344032116476,interpolado
0.06039107821564312,-0.0027537411323717,interpolado
0.06049089817963593,-0.0028939258835928685,interpolado
0.060590718143628736,-0.002897639332292656,interpolado
0.06069053810762152,-0.0027189321538885654,interpolado
0.06079035807161433,-0.0023118550237980666,interpolado
0.06089017803560712,-0.0016304586174387173,interpolado
0.061,-0.000509,original
0.06108981796359272,0.000721114465269555,interpolado
0.06118963792758553,0.0023499585639394993,interpolado
0.06128945789157832,0.00415567275210785,interpolado
0.06138927785557113,0.006036166274119312,interpolado
0.061489097819563916,0.007889348374318969,interpolado
0.06158891778355671,0.009613128297051778,interpolado
0.06168873774754952,0.011105415286662708,interpolado
0.06178855771154231,0.012264118587496714,interpolado
0.06188837767553511,0.012987147443898788,interpolado
0.062,0.013154,original
0.0620880176035207,0.01274210335105805,interpolado
0.06218783756751352,0.011757310662835665,interpolado
0.062287657531506314,0.010328416020333889,interpolado
0.062387477495499104,0.008565860958497883,interpolado
0.06248729745949191,0.006580087012272673,interpolado
0.0625871174234847,0.004481535716603842,interpolado
0.06268693738747752,0.002380648606435974,interpolado
0.06278675735147032,0.00038786721671453913,interpolado
0.0628865773154631,-0.0013863669176150553,interpolado
0.063,-0.002997,original
0.0630862172434487,-0.00385565936031381,interpolado
0.0631860372074415,-0.004476539978001038,interpolado
0.06328585717143427,-0.004753509548277319,interpolado
0.06338567713542709,-0.004745895107738329,interpolado
0.06348549709941989,-0.0045130236929796135,interpolado
0.06358531706341268,-0.004114222340596839,interpolado
0.06368513702740548,-0.0036088180871854964,interpolado
0.06378495699139829,-0.003056137969341311,interpolado
0.06388477695539109,-0.0025155090236597295,interpolado
0.064,-0.001984,original
0.06408441688337667,-0.0016998902550829746,interpolado
0.06418423684736949,-0.0014778810900630387,interpolado
0.06428405681136226,-0.001362005061212934,interpolado
0.06438387677535506,-0.0013339889173917955,interpolado
0.06448369673934787,-0.0013755594074588142,interpolado
0.06458351670334066,-0.0014684432802731394,interpolado
0.06468333666733346,-0.0015943672846939652,interpolado
0.06478315663132625,-0.001735058169580429,interpolado
0.06488297659531905,-0.0018722426837917375,interpolado
0.065,-0.002004,original
0.06508261652330465,-0.002065467110078359,interpolado
0.06518243648729745,-0.002106595644572382,interpolado
0.06528225645129025,-0.002118850989900093,interpolado
0.06538207641528304,-0.0021100732357649866,interpolado
0.06548189637927584,-0.002088102471870556,interpolado
0.06558171634326866,-0.002060778787920287,interpolado
0.06568153630726145,-0.0020359422736176726,interpolado
0.06578135627125424,-0.0020214330186662066,interpolado
0.06588117623524704,-0.002025091112769377,interpolado
0.066,-0.002064,original
0.06608081616323264,-0.0021153831206738153,interpolado
0.06618063612722544,-0.0021912371659749703,interpolado
0.06628045609121826,-0.002257560673802234,interpolado
0.06638027605521105,-0.002289558003597836,interpolado
0.06648009601920384,-0.0022624335148040244,interpolado
0.06657991598319665,-0.0021513915668630325,interpolado
0.06667973594718946,-0.001931636519217136,interpolado
0.06677955591118223,-0.001578372731308514,interpolado
0.06687937587517505,-0.001066804562579429,interpolado
0.067,-0.000202,original
0.06707901580316065,0.0005238161623678595,interpolado
0.06717883576715343,0.0015890331450689784,interpolado
0.06727865573114623,0.0027684567424568177,interpolado
0.06737847569513902,0.004006908452075468,interpolado
0.06747829565913181,0.005249209771468986,interpolado
0.06757811562312463,0.006440182198181953,interpolado
0.06767793558711742,0.007524647229758276,interpolado
0.06777775555111022,0.008447426363742495,interpolado
0.067877575515103,0.009153341097678593,interpolado
0.068,0.009642,original
0.0680772154430886,0.009701749283673749,interpolado
0.06817703540708141,0.009513157000342227,interpolado
0.06827685537107421,0.009068281592729066,interpolado
0.06837667533506701,0.008414166419970868,interpolado
0.06847649529905982,0.007597854841203935,interpolado
0.06857631526305262,0.0066663902155648415,interpolado
0.06867613522704541,0.005666815902190222,interpolado
0.06877595519103821,0.0046461752602162875,interpolado
0.06887577515503102,0.0036515116487797986,interpolado
0.069,0.002521,original
0.06907541508301662,0.0019234550293546855,interpolado
0.06917523504700944,0.0012331725456811763,interpolado
0.06927505501100223,0.0006389725094103887,interpolado
0.069374874974995,0.00012064263833116625,interpolado
0.06947469493898781,-0.0003420293497678548,interpolado
0.0695745149029806,-0.0007692557370977634,interpolado
0.06967433486697341,-0.0011812488058698988,interpolado
0.06977415483096622,-0.0015982208382954223,interpolado
0.069873974794959,-0.0020403841165854936,interpolado
0.07,-0.002666,original
0.0700736147229446,-0.0030753703087778883,interpolado
0.07017343468693742,-0.0036447774878763926,interpolado
0.07027325465093019,-0.004170431186839814,interpolado
0.07037307461492301,-0.004586330154353094,interpolado
0.07047289457891581,-0.00482647313910095,interpolado
0.07057271454290859,-0.004824858889768186,interpolado
0.0706725345069014,-0.004515486155039608,interpolado
0.0707723544708942,-0.003832353683600107,interpolado
0.070872174434887,-0.002709460224134294,interpolado
0.071,-0.000524,original
0.07107181436287258,0.0011059979930883215,interpolado
0.07117163432686538,0.003771911405,interpolado
0.07127145429085818,0.006764342563831881,interpolado
0.07137127425485096,0.009929890768759185,interpolado
0.07147109421884378,0.013115155318955875,interpolado
0.07157091418283656,0.01616673551359591,interpolado
0.07167073414682937,0.018931230651854522,interpolado
0.07177055411082216,0.021255240032905347,interpolado
0.07187037407481495,0.022985362955923416,interpolado
0.072,0.024094,original
0.07207001400280055,0.024068267468411182,interpolado
0.07216983396679336,0.023334192335465794,interpolado
0.07226965393078615,0.021922796971098956,interpolado
0.07236947389477896,0.019992287677932277,interpolado
0.07246929385877175,0.01770087075858825,interpolado
0.07256911382276457,0.015206752515688236,interpolado
0.07266893378675736,0.012668139251854534,interpolado
0.07276875375075015,0.010243237269709486,interpolado
0.07286857371474297,0.00809025287187441,interpolado
0.073,0.005937,original
0.07306821364272856,0.0052188864264780515,interpolado
0.07316803360672133,0.0046359647703373185,interpolado
0.07326785357071416,0.004515463073180159,interpolado
0.07336767353470694,0.004752826810162619,interpolado
0.07346749349869973,0.005243501456440553,interpolado
0.07356731346269255,0.0058829324871700365,interpolado
0.07366713342668534,0.006566565377506856,interpolado
0.07376695339067814,0.007189845602607143,interpolado
0.07386677335467094,0.007648218637626734,interpolado
0.074,0.007822,original
0.07406641328265653,0.0076607805640774435,interpolado
0.07416623324664931,0.007125649520214942,interpolado
0.07426605321064211,0.006304437579039445,interpolado
0.07436587317463492,0.005270959832650209,interpolado
0.0744656931386277,0.004099031373146608,interpolado
0.07456551310262051,0.002862467292627514,interpolado
0.07466533306661333,0.0016350826831924474,interpolado
0.07476515303060613,0.0004906926369402686,interpolado
0.07486497299459892,-0.0004968877540295226,interpolado
0.075,-0.001452,original
0.07506461292258453,-0.0017120497503223923,interpolado
0.07516443288657731,-0.0018744112590755274,interpolado
0.07526425285057012,-0.001792084586654088,interpolado
0.07536407281456291,-0.001517147024669,interpolado
0.07546389277855571,-0.0011016758647310976,interpolado
0.07556371274254853,-0.000597748398451325,interpolado
0.07566353270654129,-5.744191744067815e-05,interpolado
0.0757633526705341,0.0004671662866900852,interpolado
0.0758631726345269,0.0009239989223299148,interpolado
0.076,0.001345,original
0.0760628125625125,0.0014294977730908156,interpolado
0.0761626325265053,0.0014272908834246398,interpolado
0.07626245249049812,0.0012851170054641132,interpolado
0.0763622724544909,0.001034444672411954,interpolado
0.0764620924184837,0.0007067424174707678,interpolado
0.07656191238247648,0.0003334787738433128,interpolado
0.0766617323464693,-5.387772526784151e-05,interpolado
0.07676155231046208,-0.00042385854665996723,interpolado
0.07686137227445489,-0.0007449951571303474,interpolado
0.077,-0.001051,original
0.07706101220244047,-0.0011171396731829992,interpolado
0.07716083216643328,-0.0011423830009200159,interpolado
0.07726065213042609,-0.0010893517511913605,interpolado
0.07736047209441889,-0.0009864349024449937,interpolado
0.07746029205841168,-0.0008620214331288291,interpolado
0.07756011202240448,-0.0007445003216908393,interpolado
0.07765993198639728,-0.000662260546578932,interpolado
0.07775975195039009,-0.000643691086241068,interpolado
0.07785957191438288,-0.0007171809191251844,interpolado
0.078,-0.001031,original
0.07805921184236847,-0.0012516291523163162,interpolado
0.07815903180636126,-0.0017300087693242782,interpolado
0.07825885177035408,-0.00231026129111675,interpolado
0.07835867173434687,-0.002955659458642021,interpolado
0.07845849169833968,-0.0036294760128481444,interpolado
0.07855831166233247,-0.004294983694683156,interpolado
0.07865813162632526,-0.004915455245095372,interpolado
0.07875795159031806,-0.005454163405032755,interpolado
0.07885777155431087,-0.005874380915443588,interpolado
0.079,-0.006196,original
0.07905741148229646,-0.006214712141959789,interpolado
0.07915723144628925,-0.0061035927680347,interpolado
0.07925705141028205,-0.005840190885172252,interpolado
0.07935687137427486,-0.005459592810938256,interpolado
0.07945669133826766,-0.004996884862898694,interpolado
0.07955651130226044,-0.004487153358619323,interpolado
0.07965633126625327,-0.003965484615666096,interpolado
0.07975615123024606,-0.003466964951604963,interpolado
0.07985597119423883,-0.0030266806840016742,interpolado
0.08,-0.002565,original
0.08005561112222444,-0.0024595518377216064,interpolado
0.08015543108621725,-0.0023709124096640863,interpolado
0.08025525105021003,-0.0023937688737160883,interpolado
0.08035507101420285,-0.002507280517158626,interpolado
0.08045489097819564,-0.002690606627272679,interpolado
0.08055471094218844,-0.0029229064913393046,interpolado
0.08065453090618122,-0.0031833393966394508,interpolado
0.08075435087017403,-0.003451064630454197,interpolado
0.08085417083416682,-0.003705241480064513,interpolado
0.081,-0.004009,original
0.08105381076215243,-0.004090213546906412,interpolado
0.08115363072614523,-0.004192651273767668,interpolado
0.08125345069013802,-0.004235100039531037,interpolado
0.08135327065413084,-0.004220708994390616,interpolado
0.08145309061812363,-0.004152627288540531,interpolado
0.08155291058211642,-0.004034004072174877,interpolado
0.08165273054610922,-0.0038679884954878037,interpolado
0.08175255051010202,-0.0036577297086733767,interpolado
0.0818523704740948,-0.0034063768619257686,interpolado
0.082,-0.002966,original
0.0820520104020804,-0.00279343872631246,interpolado
0.08215183036607318,-0.0024485183397162254,interpolado
0.082251650330066,-0.0021043355215380373,interpolado
0.08235147029405879,-0.001783259815595091,interpolado
0.08245129025805162,-0.0015076607657044053,interpolado
0.08255111022204441,-0.0012999079156831338,interpolado
0.08265093018603718,-0.0011823708093483963,interpolado
0.08275075015003001,-0.0011774189905172656,interpolado
0.08285057011402278,-0.001307422003006845,interpolado
0.083,-0.001803,original
0.08305021004200841,-0.002060230190346584,interpolado
0.08315003000600119,-0.002689756938772142,interpolado
0.083249849969994,-0.0034345585655688616,interpolado
0.08334966993398678,-0.004244378073245892,interpolado
0.0834494898979796,-0.005068958464312803,interpolado
0.08354930986197237,-0.005858042741278718,interpolado
0.0836491298259652,-0.00656137390665321,interpolado
0.08374894978995802,-0.007128694962945498,interpolado
0.0838487697539508,-0.007509748912664886,interpolado
0.08394858971794358,-0.007654278758320825,interpolado
0.084,-0.00762,original
0.08414822964592919,-0.00709130703215426,interpolado
0.08424804960992202,-0.00644061263833948,interpolado
0.0843478695739148,-0.005619043639186994,interpolado
0.08444768953790761,-0.0046836592201538714,interpolado
0.08454750950190039,-0.0036915185666976497,interpolado
0.08464732946589319,-0.002699680864275349,interpolado
0.084747149429886,-0.0017652052983445287,interpolado
0.08484696939387879,-0.0009451510543622187,interpolado
0.0849467893578716,-0.0002965773177858558,interpolado
0.085,-4.06e-05,original
0.0851464292858572,0.00030754354395258417,interpolado
0.08524624924984998,0.0002858117470000585,interpolado
0.08534606921384277,9.717764816174056e-05,interpolado
0.08544588917783558,-0.0002210437229690544,interpolado
0.08554570914182837,-0.0006315373367989403,interpolado
0.08564552910582116,-0.0010969881637347132,interpolado
0.08574534906981393,-0.00158008117418293,interpolado
0.08584516903380673,-0.0020435013385504052,interpolado
0.08594498899779954,-0.002449933627243699,interpolado
0.086,-0.002636,original
0.08614462892578514,-0.0029654116954782542,interpolado
0.08624444888977793,-0.0030644191083667445,interpolado
0.08634426885377072,-0.0030674980057118135,interpolado
0.08644408881776354,-0.002982381982939353,interpolado
0.0865439087817563,-0.002816804635475229,interpolado
0.08664372874574912,-0.0025784995587453444,interpolado
0.08674354870974194,-0.00227520034817564,interpolado
0.08684336867373474,-0.0019146405991919235,interpolado
0.08694318863772751,-0.001504553907220188,interpolado
0.087,-0.001252,original
0.08714282856571313,-0.000568079293034177,interpolado
0.08724264852970592,-6.106411963440413e-05,interpolado
0.08734246849369873,0.0004578461437680705,interpolado
0.08744228845769153,0.0009781627177656348,interpolado
0.08754210842168433,0.0014893968229509618,interpolado
0.08764192838567711,0.00198105967991644,interpolado
0.08774174834966993,0.0024426625092547364,interpolado
0.08784156831366274,0.0028637165315583083,interpolado
0.0879413882776555,0.0032337329674196357,interpolado
0.088,0.003423,original
0.08814102820564113,0.0037859512978810042,interpolado
0.08824084816963391,0.003968797458682831,interpolado
0.08834066813362672,0.004095885735118601,interpolado
0.08844048809761951,0.004172159386845043,interpolado
0.08854030806161234,0.004202561673518913,interpolado
0.0886401280256051,0.004192035854796936,interpolado
0.08873994798959792,0.0041455251903358475,interpolado
0.0888397679535907,0.004067972939792392,interpolado
0.08893958791758352,0.003964322362823285,interpolado
0.089,0.003891,original
0.08913922784556912,0.0036985448605938915,interpolado
0.0892390478095619,0.003546444033929675,interpolado
0.0893388677735547,0.0033882593457729474,interpolado
0.0894386877375475,0.0032290348689408845,interpolado
0.08953850770154032,0.003073814676250726,interpolado
0.08963832766553308,0.00292764284051971,interpolado
0.08973814762952591,0.002795563434565016,interpolado
0.0898379675935187,0.002682620531203897,interpolado
0.0899377875575115,0.0025938582032535404,interpolado
0.09,0.002553,original
0.09013742748549709,0.002515217116316735,interpolado
0.0902372474494899,0.0025548170510579795,interpolado
0.09033706741348267,0.0026724667799091664,interpolado
0.0904368873774755,0.002887386405019524,interpolado
0.09053670734146826,0.0032187960285381817,interpolado
0.09063652730546108,0.003685915752614426,interpolado
0.09073634726945387,0.004307965679397417,interpolado
0.09083616723344669,0.005104165911036227,interpolado
0.09093598719743949,0.006093736549680271,interpolado
0.091,0.006839,original
0.09113562712542508,0.0086910380222704,interpolado
0.0912354470894179,0.010211718695615787,interpolado
0.09133526705341068,0.011783559881972655,interpolado
0.09143508701740347,0.013332896330056052,interpolado
0.09153490698139627,0.014786062788580169,interpolado
0.09163472694538909,0.016069394006260018,interpolado
0.09173454690938186,0.017109224731809865,interpolado
0.09183436687337468,0.01783188971394461,interpolado
0.09193418683736748,0.01816372370137868,interpolado
0.092,0.018133,original
0.09213382676535305,0.017419744453036606,interpolado
0.09223364672934586,0.016394264183806944,interpolado
0.09233346669333865,0.015030095181522726,interpolado
0.09243328665733146,0.013401735576856835,interpolado
0.09253310662132426,0.011583683500482285,interpolado
0.09263292658531705,0.009650437083071324,interpolado
0.09273274654930984,0.007676494455297216,interpolado
0.09283256651330266,0.005736353747832172,interpolado
0.09293238647729546,0.003904513091349215,interpolado
0.093,0.002763,original
0.09313202640528107,0.000833028602791065,interpolado
0.09323184636927385,-0.00036245297011400706,interpolado
0.09333166633326664,-0.0013365192958910202,interpolado
0.09343148629725945,-0.0020942699884276793,interpolado
0.09353130626125225,-0.0026408046616121683,interpolado
0.09363112622524505,-0.0029812229293323432,interpolado
0.09373094618923784,-0.003120624405476174,interpolado
0.09383076615323063,-0.0030641087039316745,interpolado
0.09393058611722344,-0.002816775438586835,interpolado
0.094,-0.002535,original
0.09413022604520904,-0.0017855735426836508,interpolado
0.09423004600920182,-0.0010664145576908916,interpolado
0.09432986597319462,-0.000273478780461836,interpolado
0.09442968593718742,0.0005461998136456533,interpolado
0.09452950590118023,0.001345587249274154,interpolado
0.09462932586517303,0.002077649551065804,interpolado
0.09472914582916582,0.002695352743663154,interpolado
0.09482896579315865,0.003151662851708443,interpolado
0.09492878575715143,0.0033995458998439944,interpolado
0.095,0.003423,original
0.09512842568513703,0.003120046903513711,interpolado
0.09522824564912984,0.002636468055814966,interpolado
0.09532806561312265,0.002002108250815804,interpolado
0.09542788557711544,0.0012774227506835828,interpolado
0.09552770554110825,0.0005228668175853459,interpolado
0.09562752550510104,-0.00020110428631146213,interpolado
0.09572734546909382,-0.0008340352988397943,interpolado
0.09582716543308661,-0.0013154709578322417,interpolado
0.09592698539707945,-0.0015849560011216913,interpolado
0.096,-0.001613,original
0.09612662532506505,-0.001289961607507182,interpolado
0.09622644528905783,-0.0007671278795168278,interpolado
0.0963262652530506,-8.196486538241806e-05,interpolado
0.09642608521704342,0.0006975111893464247,interpolado
0.09652590518103622,0.0015032840391197909,interpolado
0.096625725145029,0.0022673374383877613,interpolado
0.09672554510902182,0.0029216551416007307,interpolado
0.09682536507301459,0.0033982209032087153,interpolado
0.09692518503700741,0.003629018477662036,interpolado
0.097,0.0036,original
0.097124824964993,0.003126471428572382,interpolado
0.0972246449289858,0.0024302646270369563,interpolado
0.09732446489297861,0.001528530009831211,interpolado
0.0974242848569714,0.0004920228109136107,interpolado
0.0975241048209642,-0.0006085017357568539,interpolado
0.09762392478495698,-0.0017022883962217715,interpolado
0.09772374474894979,-0.002718581936522269,interpolado
0.09782356471294258,-0.0035866271226995157,interpolado
0.0979233846769354,-0.004235668720795035,interpolado
0.098,-0.004541,original
0.09812302460492098,-0.004635227225433208,interpolado
0.0982228445689138,-0.0044079097120188855,interpolado
0.09832266453290657,-0.003975552062448736,interpolado
0.09842248449689937,-0.0034004288537986087,interpolado
0.09852230446089218,-0.0027448146631446264,interpolado
0.09862212442488498,-0.002070984067562576,interpolado
0.09872194438887777,-0.001441211644128605,interpolado
0.09882176435287057,-0.0009177719699185093,interpolado
0.09892158431686335,-0.000562939622008359,interpolado
0.099,-0.000443,original
0.09912122424484898,-0.0005780065453704245,interpolado
0.09922104420884174,-0.0009498062542578888,interpolado
0.09932086417283456,-0.0015153669441100586,interpolado
0.09942068413682738,-0.002235833434386634,interpolado
0.09952050410082017,-0.0030723505445472243,interpolado
0.09962032406481298,-0.003986063094051803,interpolado
0.09972014402880577,-0.004938115902359859,interpolado
0.09981996399279859,-0.0058896537889313975,interpolado
0.09991978395679138,-0.0068018215732260235,interpolado
0.1,-0.00748,original
0.10011942388477699,-0.008358187971524683,interpolado
0.10021924384876978,-0.008947965989298036,interpolado
0.10031906381276257,-0.009385754767832174,interpolado
0.10041888377675537,-0.00965218634466531,interpolado
0.10051870374074814,-0.009727892757335835,interpolado
0.10061852370474098,-0.009593506043382032,interpolado
0.10071834366873375,-0.009229658240342284,interpolado
0.10081816363272657,-0.008616981385754816,interpolado
0.10091798359671933,-0.007736107517158126,interpolado
0.101,-0.006798,original
0.10111762352470495,-0.0051198356949488525,interpolado
0.10121744348869774,-0.0034646051832534605,interpolado
0.10131726345269051,-0.0016836917999206908,interpolado
0.1014170834166833,0.00014128528768799636,interpolado
0.10151690338067614,0.0019287069122121332,interpolado
0.10161672334466891,0.0035969539062902585,interpolado
0.10171654330866171,0.005064407102561859,interpolado
0.1018163632726545,0.006249447333665706,interpolado
0.1019161832366473,0.007070455432240723,interpolado
0.102,0.007419,original
0.10211582316463289,0.007337645172166776,interpolado
0.1022156431286257,0.006815430437671256,interpolado
0.1023154630926185,0.00596568449204065,interpolado
0.10241528305661132,0.00487480840708664,interpolado
0.10251510302060411,0.0036292032546204277,interpolado
0.1026149229845969,0.0023152701064538487,interpolado
0.10271474294858972,0.0010194100343980431,interpolado
0.10281456291258251,-0.00017197588973529569,interpolado
0.10291438287657531,-0.0011724865941345277,interpolado
0.103,-0.001813,original
0.1031140228045609,-0.0022906463179558374,interpolado
0.1032138427685537,-0.0023980607118181457,interpolado
0.1033136627325465,-0.0022740091904180806,interpolado
0.1034134826965393,-0.0019744684015578317,interpolado
0.10351330266053212,-0.0015554149930396312,interpolado
0.10361312262452489,-0.0010728256126657765,interpolado
0.10371294258851771,-0.0005826769082383563,interpolado
0.10381276255251048,-0.00014094552755971885,interpolado
0.10391258251650332,0.00019639188156803566,interpolado
0.104,0.000362,original
0.10411222244448887,0.00035520594891012245,interpolado
0.10421204240848168,0.00016547052400301654,interpolado
0.10431186237247447,-0.00016216250672591105,interpolado
0.10441168233646726,-0.000594036700973273,interpolado
0.10451150230046007,-0.0010964956164354782,interpolado
0.10461132226445288,-0.0016358828108091867,interpolado
0.10471114222844567,-0.002178541841790851,interpolado
0.10481096219243846,-0.0026908162670769217,interpolado
0.10491078215643128,-0.0031390496443640635,interpolado
0.105,-0.003458,original
0.10511042208441687,-0.0037195803408646227,interpolado
0.10521024204840967,-0.003837572134003335,interpolado
0.10531006201240249,-0.003857840575122075,interpolado
0.10540988197639527,-0.0037946557577225805,interpolado
0.10550970194038807,-0.0036622877753066012,interpolado
0.1056095219043809,-0.003475006721375833,interpolado
0.10570934186837369,-0.0032470826894320224,interpolado
0.1058091618323665,-0.0029927857729769424,interpolado
0.1059089817963593,-0.0027263860655122553,interpolado
0.106,-0.002485,original
0.10610862172434489,-0.0022110695825591016,interpolado
0.10620844168833767,-0.0019740289631788037,interpolado
0.10630826165233048,-0.001749984815072985,interpolado
0.10640808161632326,-0.0015378919008895728,interpolado
0.10650790158031605,-0.001336704983276488,interpolado
0.10660772154430888,-0.0011453788248815683,interpolado
0.10670754150830164,-0.0009628681883527611,interpolado
0.10680736147229446,-0.0007881278363379093,interpolado
0.10690718143628726,-0.0006201125314849326,interpolado
0.107,-0.000469,original
0.10710682136427284,-0.00029903943862314016,interpolado
0.10720664132826564,-0.00013846005826462248,interpolado
0.10730646129225846,3.0082052154786987e-05,interpolado
0.10740628125625123,0.0002127075482633759,interpolado
0.10750610122024404,0.00041553708568953094,interpolado
0.10760592118423686,0.0006446913200615645,interpolado
0.10770574114822967,0.0009062909070077741,interpolado
0.10780556111222246,0.0012064565021565683,interpolado
0.10790538107621526,0.0015513087611361983,interpolado
0.108,0.001925,original
0.10810502100420086,0.0023927584727754035,interpolado
0.10820484096819366,0.002864753121726997,interpolado
0.10830466093218646,0.0033340518776507747,interpolado
0.10840448089617927,0.0037717551573988946,interpolado
0.10850430086017206,0.004148963377823757,interpolado
0.10860412082416487,0.004436776955777576,interpolado
0.10870394078815766,0.004606296308112615,interpolado
0.10880376075215044,0.004628621851681198,interpolado
0.10890358071614323,0.004474854003335608,interpolado
0.109,0.004132,original
0.1091032206441288,0.0035420344965171875,interpolado
0.10920304060812164,0.0028095209022420227,interpolado
0.10930286057211444,0.0019905538855381137,interpolado
0.1094026805361072,0.0011571342698943985,interpolado
0.10950250050010003,0.0003812628787994665,interpolado
0.10960232046409281,-0.00026505946425766746,interpolado
0.10970214042808561,-0.0007098319357883654,interpolado
0.10980196039207842,-0.000881053712303701,interpolado
0.10990178035607122,-0.0007067239703149003,interpolado
0.11,-0.000128,original
0.11010142028405681,0.0009347176528331985,interpolado
0.11020124024804961,0.0023605650634279914,interpolado
0.11030106021204243,0.004052358134158159,interpolado
0.11040088017603521,0.005899754778960731,interpolado
0.11050070014002804,0.007792412911772035,interpolado
0.11060052010402084,0.009619990446528375,interpolado
0.11070034006801363,0.011272145297166815,interpolado
0.1108001600320064,0.012638535377623474,interpolado
0.11089997999599922,0.01360881860183529,interpolado
0.111,0.014073,original
0.1110996199239848,0.013954484422718197,interpolado
0.11119943988797762,0.013318751673810145,interpolado
0.11129925985197038,0.012265102197871778,interpolado
0.1113990798159632,0.010893183556041656,interpolado
0.11149889977995597,0.009302643309458996,interpolado
0.11159871974394879,0.007593129019262204,interpolado
0.1116985397079416,0.005864288246590351,interpolado
0.11179835967193437,0.004215768552582521,interpolado
0.11189817963592717,0.002747217498377107,interpolado
0.112,0.001538,original
0.11209781956391278,0.0007253137658636161,interpolado
0.11219763952790558,0.00022569357501100093,interpolado
0.11229745949189837,1.0530660439048244e-05,interpolado
0.11239727945589116,3.093341078592224e-05,interpolado
0.11249709941988396,0.00023801021468984872,interpolado
0.11259691938387677,0.0005828694607891088,interpolado
0.11269673934786958,0.0010166195377219038,interpolado
0.11279655931186239,0.0014903688341263842,interpolado
0.11289637927585519,0.001955225738640906,interpolado
0.113,0.002376,original
0.11309601920384078,0.0026715688776003384,interpolado
0.11319583916783359,0.0028828082126447292,interpolado
0.11329565913182639,0.0030069377140655505,interpolado
0.11339547909581918,0.003054879001198689,interpolado
0.11349529905981197,0.0030375536933800766,interpolado
0.11359511902380481,0.0029658834099456316,interpolado
0.11369493898779758,0.0028507897702312926,interpolado
0.11379475895179039,0.002703194393572953,interpolado
0.11389457891578318,0.0025340188993065466,interpolado
0.114,0.002344,original
0.11409421884376877,0.0021729638944027055,interpolado
0.11419403880776156,0.0019918142696312077,interpolado
0.11429385877175437,0.0018098843465500193,interpolado
0.11439367873574717,0.0016263220925728447,interpolado
0.11449349869973997,0.0014402754751132868,interpolado
0.11459331866373275,0.001250892461585025,interpolado
0.11469313862772557,0.0010573210194017408,interpolado
0.11479295859171834,0.0008587091159770331,interpolado
0.11489277855571114,0.0006542047187246131,interpolado
0.115,0.000427,original
0.11509241848369674,0.0002251236479558791,interpolado
0.11519223844768953,5.936294484617673e-06,interpolado
0.11529205841168236,-0.000207797910475583,interpolado
0.11539187837567515,-0.0004092700915303414,interpolado
0.11549169833966791,-0.0005916713732853896,interpolado
0.11559151830366074,-0.0007481928803463742,interpolado
0.11569133826765354,-0.0008720257373189558,interpolado
0.11579115823164633,-0.000956361068808845,interpolado
0.11589097819563912,-0.0009943899994216956,interpolado
0.116,-0.000975,original
0.11609061812362471,-0.0009063335769354042,interpolado
0.11619043808761752,-0.0007814877107358672,interpolado
0.1162902580516103,-0.0006143186095246305,interpolado
0.11639007801560312,-0.00041438096414046083,interpolado
0.11648989797959591,-0.00019122946542203873,interpolado
0.11658971794358872,4.558119579184027e-05,interpolado
0.11668953790758153,0.0002864963286625061,interpolado
0.11678935787157434,0.0005219612423511895,interpolado
0.11688917783556708,0.0007424212460191244,interpolado
0.117,0.000958,original
0.11708881776355269,0.0011016550965604079,interpolado
0.1171886377275455,0.0012330490785040914,interpolado
0.1172884576915383,0.001336125154516663,interpolado
0.11738827765553113,0.0014145078256521375,interpolado
0.1174880976195239,0.0014718215929644847,interpolado
0.11758791758351668,0.0015116909575076858,interpolado
0.11768773754750952,0.0015377404203357386,interpolado
0.1177875575115023,0.0015535944825026198,interpolado
0.11788737747549512,0.0015628776450623207,interpolado
0.118,0.00157,original
0.11808701740348071,0.0015739971196803864,interpolado
0.11818683736747351,0.001565451573944476,interpolado
0.11828665733146627,0.001526992710923723,interpolado
0.11838647729545909,0.0014420283608745552,interpolado
0.11848629725945188,0.0012939663540534104,interpolado
0.11858611722344467,0.0010662145207167642,interpolado
0.11868593718743749,0.0007421806911209901,interpolado
0.11878575715143025,0.0003052726955226192,interpolado
0.11888557711542305,-0.0002611016358220323,interpolado
0.119,-0.001091,original
0.11908521704340864,-0.0018415784161122499,interpolado
0.11918503700740145,-0.0028308763455489436,interpolado
0.11928485697139425,-0.003890171429942068,interpolado
0.11938467693538708,-0.004968171415227716,interpolado
0.11948449689937987,-0.006013584047341399,interpolado
0.11958431686337266,-0.006975117072219207,interpolado
0.11968413682736548,-0.007801478235796786,interpolado
0.11978395679135825,-0.008441375284009857,interpolado
0.11988377675535104,-0.008843515962794398,interpolado
0.12,-0.008944,original
0.12008341668333666,-0.008740315552472533,interpolado
0.12018323664732943,-0.008226607239534542,interpolado
0.12028305661132226,-0.007476752246020876,interpolado
0.12038287657531507,-0.006552103049144466,interpolado
0.12048269653930785,-0.005514012126118326,interpolado
0.12058251650330064,-0.004423831954155047,interpolado
0.12068233646729346,-0.0033429150104677817,interpolado
0.12078215643128627,-0.0023326137722691023,interpolado
0.12088197639527908,-0.0014542807167720342,interpolado
0.121,-0.00067,original
0.12108161632326465,-0.0003285004035468385,interpolado
0.12118143628725746,-0.00011004569994345281,interpolado
0.12128125625125029,-6.089997564725967e-05,interpolado
0.12138107621524306,-0.0001279432855881525,interpolado
0.12148089617923587,-0.00025805568469602094,interpolado
0.12158071614322867,-0.0003981172279007286,interpolado
0.12168053610722147,-0.0004950079701321328,interpolado
0.12178035607121429,-0.0004956079663201312,interpolado
0.12188017603520707,-0.00034679727139460604,interpolado
0.122,0.000104,original
0.12207981596319266,0.0006012644129736413,interpolado
0.12217963592718545,0.001410201161699004,interpolado
0.12227945589117825,0.002364085022550322,interpolado
0.12237927585517104,0.0033954850093337405,interpolado
0.12247909581916386,0.004436970135855941,interpolado
0.1225789157831566,0.005421109415923175,interpolado
0.12267873574714942,0.006280471863341728,interpolado
0.12277855571114227,0.006947626491918236,interpolado
0.122878375675135,0.007355142315458918,interpolado
0.123,0.007403,original
0.12307801560312064,0.007132317513203017,interpolado
0.12317783556711343,0.006473275572295307,interpolado
0.12327765553110624,0.005526326078956385,interpolado
0.12337747549509903,0.004359568017175161,interpolado
0.12347729545909181,0.003041100370940057,interpolado
0.12357711542308461,0.0016390221242401604,interpolado
0.12367693538707741,0.0002214322610638215,interpolado
0.12377675535107023,-0.0011435702346000278,interpolado
0.12387657531506302,-0.0023878863787624768,interpolado
0.124,-0.003658,original
0.12407621524304864,-0.004249482871444562,interpolado
0.1241760352070414,-0.004807144472668126,interpolado
0.12427585517103422,-0.0051480905972731165,interpolado
0.124375675135027,-0.0053042302596890386,interpolado
0.12447549509901981,-0.005307472474345261,interpolado
0.12457531506301257,-0.0051897262556712224,interpolado
0.1246751350270054,-0.004982900618096313,interpolado
0.12477495499099822,-0.0047189045760500006,interpolado
0.12487477495499101,-0.0044296471439616274,interpolado
0.125,-0.00408,original
0.12507441488297663,-0.003900234935581988,interpolado
0.1251742348469694,-0.003694107842570681,interpolado
0.12527405481096218,-0.003520860501155089,interpolado
0.125373874774955,-0.003372587961213771,interpolado
0.12547369473894782,-0.003241385272625216,interpolado
0.12557351470294065,-0.0031193474852679206,interpolado
0.1256733346669334,-0.0029985696490204086,interpolado
0.1257731546309262,-0.0028711468137611108,interpolado
0.125872974594919,-0.0027291740293685527,interpolado
0.126,-0.002515,original
0.1260726145229046,-0.002370978122483717,interpolado
0.1261724344868974,-0.002150555709048251,interpolado
0.1262722544508902,-0.001911407452182098,interpolado
0.126372074414883,-0.0016615153033741812,interpolado
0.1264718943788758,-0.0014088612141133648,interpolado
0.12657171434286857,-0.0011614271358885812,interpolado
0.12667153430686137,-0.0009271950201885558,interpolado
0.12677135427085418,-0.000714146818502223,interpolado
0.12687117423484698,-0.0005302644823184472,interpolado
0.127,-0.000349,original
0.12707081416283256,-0.00028100830643730014,interpolado
0.1271706341268254,-0.00022060408833778907,interpolado
0.12727045409081816,-0.00019495350410941368,interpolado
0.12737027405481097,-0.00019662973764918352,interpolado
0.1274700940188038,-0.00021820597285410797,interpolado
0.12756991398279655,-0.00025225539362118616,interpolado
0.12766973394678935,-0.00029135118384744787,interpolado
0.12776955391078218,-0.00032806652742989496,interpolado
0.12786937387477496,-0.00035497460826553655,interpolado
0.128,-0.000363,original
0.12806901380276056,-0.00034992140342401744,interpolado
0.1281688337667533,-0.00030638917202572706,interpolado
0.12826865373074614,-0.00023131659785040456,interpolado
0.12836847369473897,-0.00012199145958947244,interpolado
0.12846829365873175,2.429846406564609e-05,interpolado
0.12856811362272455,0.00021026539442347102,interpolado
0.12866793358671735,0.00043862155279268173,interpolado
0.12876775355071016,0.0007120791604818098,interpolado
0.12886757351470296,0.0010333504387994318,interpolado
0.129,0.001538,original
0.12906721344268854,0.0018290767237061785,interpolado
0.12916703340668137,0.002294191429715142,interpolado
0.12926685337067417,0.0027815903908694154,interpolado
0.12936667333466698,0.003272245981701497,interpolado
0.12946649329865975,0.0037471305767437526,interpolado
0.12956631326265253,0.004187216550528947,interpolado
0.12966613322664536,0.004573476277589442,interpolado
0.12976595319063816,0.004886882132457729,interpolado
0.12986577315463096,0.005108406489666308,interpolado
0.13,0.005228,original
0.13006541308261654,0.005201423746603701,interpolado
0.13016523304660935,0.005059193383364488,interpolado
0.13026505301060212,0.004809799902685295,interpolado
0.13036487297459495,0.0044709633935814,interpolado
0.13046469293858773,0.0040604039450682075,interpolado
0.13056451290258048,0.003595841646160767,interpolado
0.13066433286657328,0.003094996585874463,interpolado
0.1307641528305661,0.002575588853224577,interpolado
0.13086397279455894,0.0020553385372263913,interpolado
0.131,0.001377,original
0.1310636127225445,0.0010825329927644828,interpolado
0.13116343268653727,0.0006555825195449892,interpolado
0.1312632526505301,0.0002737123234553377,interpolado
0.1313630726145229,-6.060082386483972e-05,interpolado
0.13146289257851568,-0.00034488015077583956,interpolado
0.13156271254250848,-0.0005766488856381872,interpolado
0.13166253250650128,-0.000753430256812165,interpolado
0.1317623524704941,-0.0008727474926581404,interpolado
0.13186217243448692,-0.0009321238215364816,interpolado
0.132,-0.000911,original
0.13206181236247247,-0.000861958277511902,interpolado
0.1321616323264653,-0.0007403508631376236,interpolado
0.1322614522904581,-0.000582102738133117,interpolado
0.13236127225445085,-0.00040524509393438234,interpolado
0.13246109221844365,-0.00022780912197726866,interpolado
0.1325609121824365,-6.782601369777382e-05,interpolado
0.1326607321464293,5.667303946815095e-05,interpolado
0.1327605521104221,0.00012765684608455547,interpolado
0.13286037207441484,0.0001270942147155005,interpolado
0.133,-2.8e-05,original
0.13306001200240045,-0.00015897911784136016,interpolado
0.13315983196639328,-0.00044987627066661254,interpolado
0.13325965193038608,-0.0008041560865739375,interpolado
0.13335947189437886,-0.0011897071014510545,interpolado
0.13345929185837166,-0.0015744178511860117,interpolado
0.13355911182236446,-0.0019261768716665319,interpolado
0.13365893178635727,-0.0022128726987804435,interpolado
0.13375875175035007,-0.002402393868415572,interpolado
0.1338585717143429,-0.0024626289164597515,interpolado
0.134,-0.002264,original
0.13405821164232848,-0.0020693309309883783,interpolado
0.1341580316063213,-0.001597245611994558,interpolado
0.13425785157031406,-0.0009888996016610857,interpolado
0.13435767153430683,-0.000288908235956108,interpolado
0.13445749149829964,0.0004581131491528294,interpolado
0.13455731146229247,0.0012075492176976015,interpolado
0.13465713142628524,0.0019147846337102632,interpolado
0.13475695139027807,0.002535204061222873,interpolado
0.13485677135427082,0.0030241921642673725,interpolado
0.135,0.003407,original
0.13505641128225646,0.0034320619699145035,interpolado
0.13515623124624926,0.0033126848021527953,interpolado
0.13525605121024206,0.00302123881489515,interpolado
0.13535587117423484,0.0026011676997957393,interpolado
0.13545569113822764,0.0020959151485089793,interpolado
0.13555551110222047,0.001548924852689219,interpolado
0.13565533106621325,0.001003640503990809,interpolado
0.13575515103020602,0.000503505794068231,interpolado
0.13585497099419885,9.1964414575547e-05,interpolado
0.136,-0.000259,original
0.13605461092218443,-0.0002937377451714492,interpolado
0.13615443088617726,-0.0002258277287702219,interpolado
0.13625425085017004,-1.8795644665848348e-05,interpolado
0.13635407081416284,0.00029113928604644737,interpolado
0.13645389077815565,0.0006677578422712795,interpolado
0.13655371074214845,0.0010748408029132989,interpolado
0.13665353070614122,0.0014761689468771576,interpolado
0.13675335067013403,0.0018355230530674217,interpolado
0.13685317063412686,0.0021166839003889477,interpolado
0.137,0.002312,original
0.13705281056211244,0.002301167231792648,interpolado
0.13715263052610524,0.002167882595797973,interpolado
0.13725245049009802,0.001911786853565269,interpolado
0.13735227045409082,0.0015622299314027694,interpolado
0.13745209041808362,0.001148561755618911,interpolado
0.13755191038207643,0.0007001322525220748,interpolado
0.1376517303460692,0.0002462913484206447,interpolado
0.137751550310062,-0.00018361103037688607,interpolado
0.1378513702740548,-0.0005602249575623804,interpolado
0.138,-0.000959,original
0.13805101020204044,-0.0010376430889423231,interpolado
0.13815083016603322,-0.0011144600841355718,interpolado
0.13825065013002602,-0.0011194594247970885,interpolado
0.1383504700940188,-0.0010887240502081774,interpolado
0.13845029005801163,-0.0010583368996501773,interpolado
0.1385501100220044,-0.0010643809124044272,interpolado
0.1386499299859972,-0.0011429390277522312,interpolado
0.13874974994999,-0.0013300941849749624,interpolado
0.1388495699139828,-0.0016619293233539499,interpolado
0.13894938987797562,-0.002174527382170533,interpolado
0.139,-0.002515,original
0.13914902980596117,-0.0038286090338981345,interpolado
0.139248849769954,-0.004888927167598128,interpolado
0.1393486697339468,-0.0060148366363474036,interpolado
0.13944848969793958,-0.00713832699685952,interpolado
0.1395483096619324,-0.00819138780584803,interpolado
0.13964812962592518,-0.009106008620026262,interpolado
0.13974794958991799,-0.009814178996108284,interpolado
0.13984776955391082,-0.010247888490807388,interpolado
0.13994758951790356,-0.010339126660837115,interpolado
0.14,-0.010227,original
0.14014722944588917,-0.009309145892414593,interpolado
0.14024704940988197,-0.00828894481478142,interpolado
0.14034686937387478,-0.007056853391498095,interpolado
0.14044668933786755,-0.0057075403317723835,interpolado
0.14054650930186036,-0.004335674344812415,interpolado
0.14064632926585316,-0.003035924139825167,interpolado
0.1407461492298459,-0.0019029584260187814,interpolado
0.14084596919383874,-0.0010314459126010151,interpolado
0.14094578915783154,-0.000516055308779633,interpolado
0.141,-0.000419,original
0.14114542908581712,-0.0008285883066801934,interpolado
0.14124524904980995,-0.0015558430200034697,interpolado
0.14134506901380273,-0.0025234372659848348,interpolado
0.14144488897779556,-0.0036247884082603755,interpolado
0.14154470894178833,-0.004753313810465868,interpolado
0.14164452890578116,-0.005802430836238052,interpolado
0.14174434886977394,-0.006665556849212693,interpolado
0.14184416883376677,-0.007236109213025887,interpolado
0.14194398879775955,-0.00740750529131371,interpolado
0.142,-0.007289,original
0.14214362872574518,-0.006232647614314819,interpolado
0.14224344868973796,-0.004977841473833977,interpolado
0.14234326865373076,-0.0034189686641562995,interpolado
0.14244308861772356,-0.0016632416686633803,interpolado
0.14254290858171637,0.00018212702926266952,interpolado
0.14264272854570914,0.0020099249462413055,interpolado
0.14274254850970194,0.0037129395988904313,interpolado
0.14284236847369475,0.005183958503828454,interpolado
0.14294218843768755,0.0063157691776737765,interpolado
0.143,0.006774,original
0.14314182836567316,0.007215096966646173,interpolado
0.14324164832966593,0.007010302015293924,interpolado
0.14334146829365874,0.00645360124962766,interpolado
0.14344128825765154,0.0056096861786519864,interpolado
0.14354110822164431,0.004543248311370746,interpolado
0.14364092818563715,0.0033189791567884742,interpolado
0.14374074814962995,0.002001570223909503,interpolado
0.14384056811362275,0.000655713021738165,interpolado
0.14394038807761556,-0.000653900940720855,interpolado
0.144,-0.001392,original
0.14414002800560116,-0.002934861089352377,interpolado
0.14423984796959394,-0.003865248147606444,interpolado
0.14433966793358677,-0.004653268682832285,interpolado
0.14443948789757952,-0.005297758069760034,interpolado
0.1445393078615723,-0.005797551683120349,interpolado
0.14463912782556507,-0.006151484897643328,interpolado
0.1447389477895579,-0.006358393088059268,interpolado
0.14483876775355073,-0.006417111629098464,interpolado
0.14493858771754345,-0.006326475895491258,interpolado
0.145,-0.006196,original
0.14513822764552908,-0.00570504983499244,interpolado
0.1452380476095219,-0.0052109811350457905,interpolado
0.14533786757351466,-0.00463061506823492,interpolado
0.14543768753750744,-0.003991181958048002,interpolado
0.14553750750150027,-0.0033199121279726684,interpolado
0.14563732746549307,-0.0026440359014970796,interpolado
0.14573714742948587,-0.0019907836021092243,interpolado
0.14583696739347865,-0.0013873855532970955,interpolado
0.14593678735747145,-0.0008610720785488164,interpolado
0.146,-0.00058,original
0.14613642728545706,-0.00013218165665240212,interpolado
0.14623624724944986,6.841846162391357e-05,interpolado
0.14633606721344267,0.00017444740225657366,interpolado
0.14643588717743547,0.00019730812752872016,interpolado
0.14653570714142825,0.0001484035997233973,interpolado
0.14663552710542108,3.9136781123691255e-05,interpolado
0.14673534706941385,-0.00011908936598731187,interpolado
0.14683516703340668,-0.00031487187932646737,interpolado
0.14693498699739949,-0.0005368077966108006,interpolado
0.147,-0.00069,original
0.1471346269253851,-0.0010126641965466185,interpolado
0.1472344468893779,-0.001240944410000818,interpolado
0.14733426685337067,-0.0014448042941091167,interpolado
0.14743408681736345,-0.0016107282755005272,interpolado
0.14753390678135628,-0.0017252007808038843,interpolado
0.14763372674534908,-0.0017747062366480848,interpolado
0.14773354670934186,-0.001745729069662023,interpolado
0.14783336667333463,-0.0016247537064746432,interpolado
0.14793318663732744,-0.0013982645737147768,interpolado
0.148,-0.001181,original
0.148132826565313,-0.0005895420833860978,interpolado
0.14823264652930587,-3.040158020159041e-05,interpolado
0.14833246649329865,0.0006001231404558283,interpolado
0.14843228645729142,0.0012777078145145325,interpolado
0.14853210642128423,0.001978028177902377,interpolado
0.14863192638527706,0.002676759966547379,interpolado
0.14873174634926986,0.0033495789163775604,interpolado
0.14883156631326264,0.003972160763320775,interpolado
0.14893138627725544,0.0045201812433053965,interpolado
0.149,0.004841,original
0.14913102620524105,0.005308155737079934,interpolado
0.14923084616923382,0.005544259944334062,interpolado
0.14933066613322665,0.0056877409485148606,interpolado
0.14943048609721943,0.005748536508831437,interpolado
0.14953030606121223,0.005736584384492985,interpolado
0.14963012602520506,0.005661822334708693,interpolado
0.14972994598919784,0.005534188118687786,interpolado
0.14982976595319059,0.0053636194956393855,interpolado
0.14992958591718342,0.005160054224772708,interpolado
0.15,0.005002,original
0.15012922584516902,0.004688852323636592,interpolado
0.1502290458091618,0.004423847800965211,interpolado
0.1503288657731546,0.0041349337317380126,interpolado
0.1504286857371474,0.0038186842910144453,interpolado
0.15052850570114024,0.0034716736538538857,interpolado
0.150628325665133,0.0030904759953157062,interpolado
0.15072814562912576,0.002671665490459406,interpolado
0.1508279655931186,0.0022118163143441285,interpolado
0.1509277855571114,0.0017075026420293596,interpolado
0.151,0.001313,original
0.15112742548509703,0.0005664026033863388,interpolado
0.1512272454490898,-2.3539467473795953e-05,interpolado
0.15132706541308263,-0.0005756249886748867,interpolado
0.15142688537707538,-0.0010511000770016003,interpolado
0.1515267053410682,-0.0014112108492387715,interpolado
0.15162652530506102,-0.0016172034221712327,interpolado
0.15172634526905382,-0.0016303239125838437,interpolado
0.1518261652330466,-0.001411818437261453,interpolado
0.15192598519703943,-0.0009229331129888621,interpolado
0.152,-0.000363,original
0.15212562512502495,0.0009802469534844352,interpolado
0.15222544508901778,0.002318049851324275,interpolado
0.1523252650530106,0.003804248811319238,interpolado
0.15242508501700336,0.005354951167875071,interpolado
0.1525249049809962,0.006886264255397526,interpolado
0.15262472494498897,0.008314295408291974,interpolado
0.1527245449089818,0.009555151960964976,interpolado
0.1528243648729746,0.010524941247821867,interpolado
0.15292418483696738,0.011139770603268394,interpolado
0.153,0.011318,original
0.15312382476495298,0.011020445795033501,interpolado
0.15322364472894576,0.010318809144991989,interpolado
0.15332346469293856,0.009289093921273263,interpolado
0.15342328465693136,0.008009181660461037,interpolado
0.1535231046209242,0.006556953899139011,interpolado
0.15362292458491694,0.005010292173891338,interpolado
0.1537227445489098,0.00344707802130085,interpolado
0.15382256451290258,0.001945192977951671,interpolado
0.1539223844768954,0.0005825185804275175,interpolado
0.154,-0.000331,original
0.154122024404881,-0.0014438972229642326,interpolado
0.15422184436887376,-0.002073049175192468,interpolado
0.15432166433286656,-0.0024720930405356437,interpolado
0.15442148429685937,-0.0026624202525923034,interpolado
0.15452130426085214,-0.002665422244960987,interpolado
0.15462112422484495,-0.0025024904512403025,interpolado
0.15472094418883775,-0.0021950163050286973,interpolado
0.15482076415283055,-0.0017643912399247362,interpolado
0.15492058411682336,-0.0012320066895269606,interpolado
0.155,-0.00075,original
0.15512022404480894,5.0890711914117164e-05,interpolado
0.15522004400880174,0.0007520749315651244,interpolado
0.15531986397279454,0.0014574581256941912,interpolado
0.15541968393678737,0.0021402075939442513,interpolado
0.15551950390078015,0.002773490635958074,interpolado
0.15561932386477295,0.0033304745513789507,interpolado
0.15571914382876575,0.0037843266398496357,interpolado
0.15581896379275853,0.004108214201013059,interpolado
0.15591878375675133,0.00427530453451216,interpolado
0.156,0.004277,original
0.15611842368473697,0.004051506824348374,interpolado
0.15621824364872974,0.0036910447222237726,interpolado
0.15631806361272255,0.0032215680468147853,interpolado
0.15641788357671535,0.002687189665544626,interpolado
0.15651770354070813,0.0021320224458366683,interpolado
0.15661752350470093,0.0016001792551138087,interpolado
0.1567173434686937,0.0011357729607994168,interpolado
0.15681716343268653,0.0007829164303167117,interpolado
0.15691698339667934,0.0005857225310889065,interpolado
0.157,0.000572,original
0.15711662332466492,0.0008072494626856848,interpolado
0.15721644328865772,0.001193291895902561,interpolado
0.15731626325265052,0.001686907518442175,interpolado
0.1574160832166433,0.002228654747726925,interpolado
0.1575159031806361,0.0027590920011790728,interpolado
0.1576157231446289,0.003218777696221322,interpolado
0.1577155431086217,0.003548270250275922,interpolado
0.1578153630726145,0.0036881280807652727,interpolado
0.1579151830366073,0.0035789096051118425,interpolado
0.158,0.003246,original
0.1581148229645929,0.0024106053017340684,interpolado
0.1582146429285857,0.001391845083706906,interpolado
0.15831446289257853,0.00018400372195430325,interpolado
0.1584142828565713,-0.0011338860092778857,interpolado
0.15851410282056413,-0.002482791335744923,interpolado
0.1586139227845569,-0.003783679483200971,interpolado
0.15871374274854974,-0.004957517677400546,interpolado
0.1588135627125425,-0.005925273144098167,interpolado
0.1589133826765353,-0.0066079131090482,interpolado
0.159,-0.006908,original
0.15911302260452093,-0.006839492965745303,interpolado
0.15921284256851373,-0.006407109832959845,interpolado
0.1593126625325065,-0.005706432520050673,interpolado
0.15941248249649928,-0.004814577930295328,interpolado
0.15951230246049208,-0.003808662966970569,interpolado
0.1596121224244849,-0.0027658045333538977,interpolado
0.15971194238847772,-0.0017631195327225853,interpolado
0.1598117623524705,-0.0008777248683539032,interpolado
0.15991158231646324,-0.00018673744352528656,interpolado
0.16,0.000201,original
0.16011122224444888,0.0003352712008383736,interpolado
0.16021104220844165,0.0001653373483032084,interpolado
0.16031086217243448,-0.00021656285845833242,interpolado
0.16041068213642726,-0.0007499507391092548,interpolado
0.16051050210042006,-0.001374347613313041,interpolado
0.16061032206441286,-0.0020292748007327338,interpolado
0.16071014202840567,-0.0026542536210315036,interpolado
0.16080996199239847,-0.00318880539387239,interpolado
0.16090978195639127,-0.003572451438918879,interpolado
0.161,-0.003739,original
0.16110942188437688,-0.0036688191195761452,interpolado
0.16120924184836968,-0.003378943293629529,interpolado
0.16130906181236243,-0.00292261120649873,interpolado
0.16140888177635526,-0.0023473324472451434,interpolado
0.16150870174034807,-0.0017006166049305296,interpolado
0.16160852170434087,-0.0010299732686165476,interpolado
0.1617083416683337,-0.00038291202736485415,interpolado
0.16180816163232645,0.00019305752976274876,interpolado
0.16190798159631928,0.0006504258137049358,interpolado
0.162,0.000926,original
0.16210762152430486,0.0010343750050022002,interpolado
0.16220744148829772,0.000943638467351218,interpolado
0.16230726145229044,0.0006940441669607709,interpolado
0.16240708141628327,0.00031015691349580636,interpolado
0.1625069013802761,-0.00018345848337853715,interpolado
0.16260672134426885,-0.0007622372139971672,interpolado
0.1627065413082617,-0.0014016144686949958,interpolado
0.16280636127225448,-0.002077025437806739,interpolado
0.16290618123624725,-0.0027639053116676887,interpolado
0.163,-0.003398,original
0.1631058211642329,-0.004078505661722578,interpolado
0.1632056411282257,-0.0046821511745586296,interpolado
0.16330546109221844,-0.005247696459868188,interpolado
0.16340528105621127,-0.0057742113024282235,interpolado
0.16350510102020407,-0.0062607654870152265,interpolado
0.16360492098419685,-0.0067064287984058505,interpolado
0.16370474094818963,-0.007110271021376647,interpolado
0.16380456091218243,-0.007471361940704493,interpolado
0.16390438087617523,-0.007788771341165924,interpolado
0.164,-0.008051,original
0.16410402080416084,-0.0082881186838089,interpolado
0.1642038407681536,-0.00846429524658623,interpolado
0.1643036607321464,-0.008585424978884848,interpolado
0.1644034806961392,-0.008646834210222496,interpolado
0.16450330066013202,-0.008643849270116986,interpolado
0.16460312062412483,-0.008571796488086116,interpolado
0.1647029405881176,-0.008426002193647746,interpolado
0.1648027605521104,-0.008201792716319595,interpolado
0.1649025805161032,-0.007894494385619498,interpolado
0.165,-0.00751,original
0.16510222044408876,-0.007016818476565316,interpolado
0.16520204040808162,-0.0064650258660332765,interpolado
0.1653018603720744,-0.005866658518106112,interpolado
0.1654016803360672,-0.005244319188197785,interpolado
0.16550150030006006,-0.004620610631722116,interpolado
0.16560132026405278,-0.004018135604092914,interpolado
0.1657011402280456,-0.003459496860724146,interpolado
0.1658009601920384,-0.00296729715702931,interpolado
0.1659007801560312,-0.0025641392484223842,interpolado
0.166,-0.002274,original
0.16610042008401682,-0.002107754225686856,interpolado
0.16620024004800957,-0.002054642742022995,interpolado
0.16630006001200237,-0.002091073772576128,interpolado
0.16639987997599523,-0.0021948296522200906,interpolado
0.166499699939988,-0.002343692715828689,interpolado
0.16659951990398078,-0.0025154452982756783,interpolado
0.16669933986797358,-0.0026878697344349676,interpolado
0.1667991598319664,-0.002838748359180316,interpolado
0.16689897979595922,-0.002945863507385529,interpolado
0.167,-0.002987,original
0.1670986197239448,-0.0029458042497068787,interpolado
0.16719843968793757,-0.0028302864647394713,interpolado
0.1672982596519304,-0.0026547576767226902,interpolado
0.1673980796159232,-0.0024335314139413977,interpolado
0.16749789957991598,-0.0021809212046804563,interpolado
0.16759771954390879,-0.0019112405772248047,interpolado
0.16769753950790156,-0.0016388030598591533,interpolado
0.1677973594718944,-0.001377922180868438,interpolado
0.16789717943588717,-0.0011429114685375208,interpolado
0.168,-0.000943,original
0.16809681936387277,-0.0008034222334036257,interpolado
0.16819663932786558,-0.000699939897310006,interpolado
0.16829645929185838,-0.0006234640346085142,interpolado
0.16839627925585118,-0.0005598211080731783,interpolado
0.16849609921984396,-0.0004948375804780266,interpolado
0.1685959191838368,-0.00041433991459711344,interpolado
0.16869573914782957,-0.00030415457320442544,interpolado
0.1687955591118224,-0.00015010801907401053,interpolado
0.1688953790758152,6.197328502010257e-05,interpolado
0.169,0.000362,original
0.1690950190038008,0.0007107096286375402,interpolado
0.16919483896779358,0.0011344935018433558,interpolado
0.16929465893178638,0.001588488832923555,interpolado
0.1693944788957792,0.0020435691559669415,interpolado
0.16949429885977196,0.0024706080050622046,interpolado
0.16959411882376477,0.0028404789142983914,interpolado
0.1696939387877576,0.0031240554177641793,interpolado
0.1697937587517504,0.003292211049548373,interpolado
0.16989357871574312,0.0033158193437397713,interpolado
0.17,0.003149,original
0.17009321864372873,0.0028233518433450687,interpolado
0.17019303860772153,0.002321016377411923,interpolado
0.17029285857171436,0.0017067047712738493,interpolado
0.17039267853570716,0.0010283780755536256,interpolado
0.17049249849969994,0.000333997340874222,interpolado
0.17059231846369274,-0.00032847638214198273,interpolado
0.17069213842768555,-0.0009110820428720179,interpolado
0.17079195839167835,-0.0013658585906931042,interpolado
0.17089177835567113,-0.001644844974982465,interpolado
0.171,-0.001693,original
0.17109141828365676,-0.001496166026393729,interpolado
0.17119123824764956,-0.0010624578738897715,interpolado
0.17129105821164234,-0.0004491137587701943,interpolado
0.17139087817563514,0.00029369849584281305,interpolado
0.17149069813962792,0.0011158110668268255,interpolado
0.17159051810362075,0.0019670561310601237,interpolado
0.1716903380676135,0.0027972658654202985,interpolado
0.1717901580316063,0.003556272446785162,interpolado
0.1718899779955991,0.004193908052032368,interpolado
0.172,0.004696,original
0.1720896179235847,0.0049133526053464745,interpolado
0.17218943788757748,0.0049615176828822815,interpolado
0.1722892578515703,0.004828588253012913,interpolado
0.17238907781556306,0.004538665693080192,interpolado
0.1724888977795559,0.0041158513804256764,interpolado
0.17258871774354867,0.0035842466923911506,interpolado
0.17268853770754145,0.002967953006318339,interpolado
0.1727883576715343,0.0022910716995489656,interpolado
0.17288817763552702,0.0015777041494249573,interpolado
0.173,0.000765,original
0.17308781756351269,0.00013753337359460573,interpolado
0.17318763752750552,-0.0005440329292271822,interpolado
0.1732874574914983,-0.0011720148961911448,interpolado
0.1733872774554911,-0.0017256812247389557,interpolado
0.1734870974194839,-0.0021843006123127414,interpolado
0.17358691738347673,-0.0025271417563541535,interpolado
0.1736867373474695,-0.0027334733543050056,interpolado
0.1737865573114623,-0.0027825641036071137,interpolado
0.17388637727545506,-0.0026536827017023543,interpolado
0.174,-0.002264,original
0.17408601720344072,-0.0017866018210470447,interpolado
0.17418583716743352,-0.0010677619760069994,interpolado
0.1742856571314263,-0.00021936193427718334,interpolado
0.17438547709541907,0.0007087835946333801,interpolado
0.17448529705941188,0.0016668599012164558,interpolado
0.17458511702340473,0.002605052275963042,interpolado
0.17468493698739748,0.003473546009364374,interpolado
0.17478475695139026,0.004222526391911511,interpolado
0.17488457691538306,0.004802178714096119,interpolado
0.175,0.005196,original
0.17508421684336867,0.0052635734440834485,interpolado
0.17518403680736147,0.005124416719741845,interpolado
0.1752838567713543,0.004788590570933141,interpolado
0.17538367673534705,0.004299526831073754,interpolado
0.17548349669933988,0.0037006573335803777,interpolado
0.1755833166633327,0.003035413911869627,interpolado
0.1756831366273255,0.0023472283993581193,interpolado
0.17578295659131826,0.0016795326294626535,interpolado
0.17588277655531107,0.0010757584355994669,interpolado
0.176,0.000507,original
0.1760824164832967,0.00022765562055169128,interpolado
0.17618223644728948,1.6915409780394557e-05,interpolado
0.17628205641128225,-7.385038643981586e-05,interpolado
0.17638187637527503,-6.566610711693127e-05,interpolado
0.17648169633926786,2.0443908741141728e-05,interpolado
0.17658151630326066,0.0001634553221264558,interpolado
0.17668133626725346,0.0003423437940310643,interpolado
0.17678115623124624,0.0005360849854469665,interpolado
0.17688097619523904,0.0007236545573663276,interpolado
0.177,0.00091,original
0.17708061612322462,0.0009982204695647234,interpolado
0.17718043608721745,0.0010619523678608673,interpolado
0.17728025605121023,0.0010773967295788632,interpolado
0.177380076015203,0.001046753980717605,interpolado
0.17747989597919578,0.0009722245472759687,interpolado
0.1775797159431886,0.0008560088552528396,interpolado
0.17767953590718139,0.0007003073306471521,interpolado
0.1777793558711742,0.0005073203994577053,interpolado
0.177879175835167,0.0002792484876834231,interpolado
0.178,-4.06e-05,original
0.17807881576315263,-0.00027259986997978824,interpolado
0.17817863572714537,-0.0005847556982955374,interpolado
0.1782784556911382,-0.0009068633405469079,interpolado
0.178378275655131,-0.0012275965030258307,interpolado
0.17847809561912384,-0.001535628892024323,interpolado
0.17857791558311664,-0.0018196342138344002,interpolado
0.1786777355471094,-0.002068286174748016,interpolado
0.17877755551110222,-0.0022702584810573266,interpolado
0.17887737547509502,-0.0024142248390542744,interpolado
0.179,-0.002495,original
0.1790770154030806,-0.0024848245083555136,interpolado
0.17917683536707338,-0.002408914454460958,interpolado
0.1792766553310662,-0.0022757475173019077,interpolado
0.179376475295059,-0.0020999940838265273,interpolado
0.17947629525905184,-0.001896324540982972,interpolado
0.17957611522304462,-0.0016794092757193965,interpolado
0.1796759351870374,-0.0014639186749840125,interpolado
0.1797757551510302,-0.0012645231257248537,interpolado
0.179875575115023,-0.0010958930148901335,interpolado
0.18,-0.000951,original
0.1800752150430086,-0.0009081863567545161,interpolado
0.18017503500700136,-0.0009033492856187447,interpolado
0.1802748549709942,-0.0009529325838684063,interpolado
0.18037467493498696,-0.0010516314592528366,interpolado
0.18047449489897982,-0.0011941411195213634,interpolado
0.18057431486297257,-0.0013751567724232573,interpolado
0.1806741348269654,-0.0015893736257079473,interpolado
0.1807739547909582,-0.0018314868871247148,interpolado
0.18087377475495103,-0.0020961917644228873,interpolado
0.181,-0.002455,original
0.18107341468293658,-0.002672717607110271,interpolado
0.18117323464692933,-0.0029801712730706284,interpolado
0.18127305461092216,-0.0033036656084617162,interpolado
0.181372874574915,-0.003646347833796666,interpolado
0.1814726945389078,-0.004011365169588612,interpolado
0.18157251450290057,-0.004401864836350574,interpolado
0.1816723344668934,-0.004820994054595902,interpolado
0.18177215443088618,-0.0052719000448376244,interpolado
0.18187197439487898,-0.005757730027588874,interpolado
0.182,-0.006437,original
0.18207161432286456,-0.0068450620988680525,interpolado
0.18217143428685736,-0.007433069673329792,interpolado
0.18227125425085017,-0.008021465224267681,interpolado
0.18237107421484292,-0.008585956854172828,interpolado
0.18247089417883575,-0.009102252665536355,interpolado
0.1825707141428285,-0.00954606076084926,interpolado
0.18267053410682133,-0.009893089242602914,interpolado
0.1827703540708141,-0.010119046213288291,interpolado
0.18287017403480693,-0.010199639775396509,interpolado
0.183,-0.010047,original
0.1830698139627925,-0.009830602816848942,interpolado
0.1831696339267853,-0.009369841009649292,interpolado
0.18326945389077812,-0.008756965032268752,interpolado
0.1833692738547709,-0.00802088817279687,interpolado
0.18346909381876367,-0.007190523719323432,interpolado
0.1835689137827565,-0.006294784959937526,interpolado
0.18366873374674933,-0.0053625851827289114,interpolado
0.18376855371074213,-0.004422837675787138,interpolado
0.1838683736747349,-0.0035044557272017546,interpolado
0.184,-0.002375,original
0.18406801360272054,-0.0018462289779762515,interpolado
0.18416783356671332,-0.001148414149455747,interpolado
0.18426765353070615,-0.0005489436319808213,interpolado
0.18436747349469892,-5.372889548270384e-05,interpolado
0.18446729345869176,0.0003313185901072834,interpolado
0.18456711342268456,0.0006002873548581254,interpolado
0.18466693338667733,0.0007472659288384687,interpolado
0.18476675335067017,0.0007663428421170832,interpolado
0.18486657331466294,0.0006516066247627383,interpolado
0.185,0.000279,original
0.18506621324264852,-8.604211557870226e-07,interpolado
0.18516603320664132,-0.0005216319744450212,interpolado
0.18526585317063415,-0.0011283750645645337,interpolado
0.18536567313462696,-0.001784022547842815,interpolado
0.18546549309861976,-0.0024515072806081746,interpolado
0.18556531306261254,-0.0030937621191894807,interpolado
0.18566513302660534,-0.003673719919915043,interpolado
0.18576495299059811,-0.004154313539113349,interpolado
0.18586477295459095,-0.004498475833112894,interpolado
0.186,-0.004681,original
0.1860644128825765,-0.004633006938947512,interpolado
0.1861642328465693,-0.004404176827965779,interpolado
0.18626405281056213,-0.004029118786874269,interpolado
0.18636387277455488,-0.0035549282943130958,interpolado
0.18646369273854768,-0.003028700828921963,interpolado
0.1865635127025405,-0.0024975318693409624,interpolado
0.1866633326665333,-0.0020085168942100716,interpolado
0.1867631526305261,-0.001608751382169263,interpolado
0.18686297259451887,-0.0013453308118585646,interpolado
0.187,-0.001292,original
0.1870626125225045,-0.0014113772451804245,interpolado
0.18716243248649728,-0.0017650159713997401,interpolado
0.18726225245049008,-0.0022641998846631233,interpolado
0.18736207241448286,-0.002845911590514705,interpolado
0.18746189237847566,-0.003447133694499117,interpolado
0.18756171234246843,-0.004004848802160503,interpolado
0.18766153230646127,-0.004456039519043159,interpolado
0.187761352270454,-0.004737688450691384,interpolado
0.18786117223444687,-0.004786778202649498,interpolado
0.188,-0.00435,original
0.18806081216243245,-0.003940500098177896,interpolado
0.18816063212642525,-0.00300600420098899,interpolado
0.18826045209041806,-0.0018127515767143692,interpolado
0.18836027205441086,-0.0004380861549126526,interpolado
0.18846009201840364,0.001040648134858722,interpolado
0.18855991198239644,0.0025461073630411754,interpolado
0.18865973194638924,0.004000947600076491,interpolado
0.18875955191038207,0.00532782491640645,interpolado
0.1888593718743748,0.0064493953824725555,interpolado
0.189,0.007532,original
0.18905901180236043,0.007771706189208212,interpolado
0.1891588317663532,0.007895908333355638,interpolado
0.18925865173034603,0.007711794543468388,interpolado
0.18935847169433884,0.007271714782426881,interpolado
0.18945829165833164,0.006628019013111659,interpolado
0.1895581116223244,0.005833057198403249,interpolado
0.18965793158631722,0.004939179301182184,interpolado
0.18975775155031005,0.00399873528432926,interpolado
0.18985757151430283,0.0030640751107244703,interpolado
0.19,0.001844,original
0.19005721144228843,0.0014202861520234025,interpolado
0.19015703140628126,0.0007930701320229968,interpolado
0.190256851370274,0.0003198758809383222,interpolado
0.1903566713342668,1.417463425908063e-05,interpolado
0.19045649129825962,-0.00011056237252460429,interpolado
0.1905563112622524,-4.0863903922764254e-05,interpolado
0.19065613122624522,0.00023674127555456967,interpolado
0.19075595119023803,0.0007357244013971964,interpolado
0.19085577115423086,0.001469556709095358,interpolado
0.191,0.002972,original
0.1910554110822164,0.0036926657280802353,interpolado
0.1911552310462092,0.005149165120294123,interpolado
0.19125505101020196,0.006731406163490767,interpolado
0.19135487097419485,0.008348049211790928,interpolado
0.1914546909381876,0.00990775461931402,interpolado
0.19155451090218045,0.011319182740179899,interpolado
0.19165433086617326,0.012490993928508134,interpolado
0.191754150830166,0.013331848538419242,interpolado
0.19185397079415886,0.013750406924032722,interpolado
0.192,0.013412,original
0.1920536107221444,0.012961122442196953,interpolado
0.19215343068613722,0.01169594619992916,interpolado
0.19225325065013008,0.009991133692004826,interpolado
0.19235307061412282,0.007981761507927128,interpolado
0.19245289057811563,0.005802906237198978,interpolado
0.19255271054210846,0.0035896444693232746,interpolado
0.19265253050610123,0.0014770527938034778,interpolado
0.19275235047009406,-0.00039979219985871134,interpolado
0.1928521704340868,-0.0019058139221597814,interpolado
0.193,-0.003167,original
0.19305181036207245,-0.0032709795424005015,interpolado
0.19315163032606528,-0.0029960294788113832,interpolado
0.193251450290058,-0.0021944110835876943,interpolado
0.19335127025405083,-0.0009841430014894703,interpolado
0.19345109021804363,0.000516756122723249,interpolado
0.19355091018203638,0.002190267644290431,interpolado
0.1936507301460292,0.003918372918451562,interpolado
0.193750550110022,0.005583053300447586,interpolado
0.1938503700740148,0.007066290145517994,interpolado
0.194,0.008692,original
0.1940500100020004,0.009020123552069744,interpolado
0.1941498299659932,0.00934839941176224,interpolado
0.194249649929986,0.009292787208479933,interpolado
0.19434946989397883,0.008914901670549957,interpolado
0.1944492898579716,0.00827635752629957,interpolado
0.19454910982196438,0.007438769504056299,interpolado
0.19464892978595721,0.006463752332146936,interpolado
0.19474874974995002,0.005412920738898959,interpolado
0.1948485697139428,0.004347889452639637,interpolado
0.19494838967793562,0.003330273201696242,interpolado
0.195,0.002843,original
0.1951480296059212,0.001643994221941157,interpolado
0.19524784956991403,0.0009914835612880042,interpolado
0.19534766953390686,0.00045126557762496306,interpolado
0.1954474894978996,1.1824204649926644e-05,interpolado
0.19554730946189236,-0.0003383566239391271,interpolado
0.19564712942588516,-0.0006107929744444978,interpolado
0.195746949389878,-0.0008170009131681845,interpolado
0.1958467693538708,-0.0009684965064122943,interpolado
0.1959465893178636,-0.001076795820478935,interpolado
0.196,-0.001121,original
0.19614622924584918,-0.0012024719613240285,interpolado
0.19624604920984193,-0.0012224337775330878,interpolado
0.19634586917383476,-0.0012104607419964842,interpolado
0.1964456891378276,-0.0011639497209752412,interpolado
0.19654550910182036,-0.0010802975807304113,interpolado
0.19664532906581317,-0.0009569011875229724,interpolado
0.19674514902980603,-0.0007911574076139662,interpolado
0.1968449689937988,-0.000580463107264416,interpolado
0.1969447889577916,-0.0003222151527353459,interpolado
0.197,-0.000158,original
0.1971444288857772,0.00033551631470740673,interpolado
0.19724424884977002,0.0007066272261895461,interpolado
0.1973440688137628,0.001078328029979135,interpolado
0.1974438887777556,0.001429773234002478,interpolado
0.19754370874174837,0.0017401173461861746,interpolado
0.19764352870574114,0.001988514874456521,interpolado
0.19774334866973398,0.0021541203267399153,interpolado
0.19784316863372675,0.0022160882109627557,interpolado
0.19794298859771955,0.0021535730350514763,interpolado
0.198,0.002054,original
0.19814262852570516,0.0016039330156063418,interpolado
0.198242448489698,0.0011689391845675766,interpolado
0.19834226845369077,0.0006870454796760953,interpolado
0.19844208841768354,0.00020367836606415452,interpolado
0.19854190838167632,-0.00023573569113640006,interpolado
0.19864172834566915,-0.0005857702267933092,interpolado
0.19874154830966195,-0.000800998775774446,interpolado
0.1988413682736547,-0.0008359948729476873,interpolado
0.19894118823764753,-0.000645332053180998,interpolado
0.199,-0.000409,original
0.1991408281656331,0.0005372286769070264,interpolado
0.19924064812962589,0.0014482257144765084,interpolado
0.19934046809361874,0.002470669598012373,interpolado
0.19944028805761152,0.00352724111698598,interpolado
0.19954010802160432,0.0045406210608695844,interpolado
0.1996399279855971,0.005433490219134542,interpolado
0.1997397479495899,0.00612852938125251,interpolado
0.19983956791358273,0.006548419336695136,interpolado
0.1999393878775755,0.006615840874934106,interpolado
0.2,0.006452,original
0.2001390278055611,0.005453788766509144,interpolado
0.20023884776955392,0.004283963741010221,interpolado
0.20033866773354672,0.002823224613518599,interpolado
0.20043848769753958,0.0011492310240114824,interpolado
0.20053830766153233,-0.000660357387532723,interpolado
0.20063812762552516,-0.0025278809811359734,interpolado
0.20073794758951796,-0.004375680116820239,interpolado
0.20083776755351074,-0.006126095154607014,interpolado
0.2009375875175035,-0.007701466454519246,interpolado
0.201,-0.008563,original
0.20113722744548912,-0.010056235099488473,interpolado
0.20123704740948192,-0.010805847260887121,interpolado
0.2013368673734747,-0.011288017845782537,interpolado
0.2014366873374675,-0.0115169877373368,interpolado
0.2015365073014603,-0.011506997818711565,interpolado
0.20163632726545314,-0.011272288973068654,interpolado
0.20173614722944594,-0.010827102083569892,interpolado
0.20183596719343871,-0.010185678033377304,interpolado
0.2019357871574315,-0.009362257705652355,interpolado
0.202,-0.008743,original
0.20213542708541707,-0.00724182285987682,interpolado
0.20223524704940987,-0.006023310118723009,interpolado
0.20233506701340265,-0.0047671403620141665,interpolado
0.20243488697739548,-0.0035246297186048055,interpolado
0.20253470694138828,-0.0023470943173504876,interpolado
0.20263452690538108,-0.0012858502871064392,interpolado
0.2027343468693739,-0.0003922137567278801,interpolado
0.20283416683336672,0.0002824991449298191,interpolado
0.2029339867973595,0.0006869722890118213,interpolado
0.203,0.000781,original
0.20313362672534507,0.0005255479740828028,interpolado
0.20323344668933782,8.997492306265207e-06,interpolado
0.20333326665333062,-0.0007162582552153752,interpolado
0.2034330866173234,-0.0015874542451361597,interpolado
0.20353290658131623,-0.0025418254541102413,interpolado
0.203632726545309,-0.0035166068587917684,interpolado
0.20373254650930178,-0.004449033435834648,interpolado
0.20383236647329459,-0.005276340161893561,interpolado
0.20393218643728733,-0.005935762013622392,interpolado
0.204,-0.006256,original
0.204131826365273,-0.006537758852523406,interpolado
0.20423164632926571,-0.006484534154272132,interpolado
0.20433146629325855,-0.006241280054840265,interpolado
0.20443128625725135,-0.005843874767237637,interpolado
0.2045311062212442,-0.005328196504474091,interpolado
0.20463092618523698,-0.004730123479559478,interpolado
0.20473074614922976,-0.004085533905503827,interpolado
0.20483056611322262,-0.003430305995316615,interpolado
0.2049303860772154,-0.0028003179620078654,interpolado
0.205,-0.002395,original
0.20513002600520103,-0.001745595187480941,interpolado
0.2052298459691938,-0.0013433601883428036,interpolado
0.2053296659331866,-0.0010224974582060938,interpolado
0.2054294858971794,-0.0007809366900649176,interpolado
0.20552930586117227,-0.0006166075769132566,interpolado
0.20562912582516507,-0.0005274398117450926,interpolado
0.2057289457891578,-0.0005113630875544019,interpolado
0.20582876575315065,-0.000566307097335158,interpolado
0.20592858571714343,-0.0006902015340813571,interpolado
0.206,-0.00082,original
0.20612822564512903,-0.001130801724795704,interpolado
0.20622804560912178,-0.001422490109993782,interpolado
0.20632786557311455,-0.0017376076448127964,interpolado
0.2064276855371074,-0.0020577833339915576,interpolado
0.2065275055011002,-0.0023646461822688742,interpolado
0.20662732546509296,-0.0026398251943834843,interpolado
0.20672714542908577,-0.0028649493750743547,interpolado
0.20682696539307854,-0.0030216477290802117,interpolado
0.20692678535707132,-0.0030915492611398665,interpolado
0.207,-0.003077,original
0.20712642528505693,-0.0029128232128177636,interpolado
0.20722624524904976,-0.002684708334440778,interpolado
0.20732606521304253,-0.002399029119272287,interpolado
0.20742588517703534,-0.002082733331231941,interpolado
0.2075257051410282,-0.0017627687342393883,interpolado
0.207625525105021,-0.001466083092214354,interpolado
0.20772534506901377,-0.001219624169076316,interpolado
0.20782516503300655,-0.0010503397287450105,interpolado
0.2079249849969994,-0.0009851775351400862,interpolado
0.208,-0.001021,original
0.20812462492498496,-0.0012494015219401662,interpolado
0.2082244448889778,-0.0015343080635874047,interpolado
0.2083242648529706,-0.0018535941960814968,interpolado
0.20842408481696337,-0.002155251068308668,interpolado
0.2085239047809562,-0.0023872698291551465,interpolado
0.20862372474494895,-0.002497641627507147,interpolado
0.2087235447089417,-0.0024343576122509676,interpolado
0.20882336467293455,-0.002145408932272789,interpolado
0.20892318463692733,-0.0015787867364588314,interpolado
0.209,-0.000921,original
0.2091228245649129,0.0005505396294072387,interpolado
0.20922264452890574,0.0020393285999051303,interpolado
0.20932246449289854,0.003690751237772302,interpolado
0.20942228445689137,0.005411969537691373,interpolado
0.2095221044208841,0.00711014549434451,interpolado
0.20962192438487698,0.008692441102415304,interpolado
0.20972174434886978,0.010066018356585894,interpolado
0.20982156431286259,0.011138039251538907,interpolado
0.20992138427685536,0.011815665781956967,interpolado
0.21,0.012011,original
0.21012102420484097,0.01167122028774578,interpolado
0.21022084416883377,0.010887003970180541,interpolado
0.21032066413282655,0.009745478657059766,interpolado
0.21042048409681935,0.008338417083767346,interpolado
0.21052030406081212,0.006757591985687629,interpolado
0.21062012402480496,0.005094776098203608,interpolado
0.21071994398879773,0.0034417421566995915,interpolado
0.21081976395279056,0.00189026289655947,interpolado
0.2109195839167834,0.0005321110531671351,interpolado
0.211,-0.000359,original
0.21111922384476897,-0.0012793967139620246,interpolado
0.21121904380876175,-0.0017268392492091429,interpolado
0.21131886377275455,-0.0019405525220199356,interpolado
0.21141868373674735,-0.0019776385539307423,interpolado
0.21151850370074013,-0.0018951993664779372,interpolado
0.21161832366473296,-0.0017503369811977998,interpolado
0.21171814362872574,-0.001600153419626679,interpolado
0.21181796359271857,-0.0015017507033009139,interpolado
0.21191778355671134,-0.001512230853756821,interpolado
0.212,-0.001643,original
0.21211742348469695,-0.002053422367326704,interpolado
0.21221724344868975,-0.002547456421564563,interpolado
0.21231706341268256,-0.003099420994391694,interpolado
0.21241688337667528,-0.00363805636081157,interpolado
0.2125167033406681,-0.004092102795828117,interpolado
0.21261652330466088,-0.004390300574444792,interpolado
0.21271634326865368,-0.0044613899716652045,interpolado
0.2128161632326465,-0.00423411126249297,interpolado
0.2129159831966392,-0.0036372047219319185,interpolado
0.213,-0.002796,original
0.21311562312462484,-0.0010952528975855446,interpolado
0.21321544308861767,0.0007876866660589681,interpolado
0.21331526305261045,0.002943792601738163,interpolado
0.21341508301660325,0.005267566343537268,interpolado
0.21351490298059606,0.007653509325543497,interpolado
0.21361472294458886,0.00999612298184211,interpolado
0.2137145429085817,0.012189908746519004,interpolado
0.2138143628725745,0.01412936805366007,interpolado
0.21391418283656732,0.015709002337350828,interpolado
0.214,0.016699,original
0.21411382276455287,0.01740653885920811,interpolado
0.21421364272854573,0.01749673902981205,interpolado
0.2143134626925385,0.017149299433127273,interpolado
0.21441328265653128,0.016419531971768937,interpolado
0.21451310262052412,0.015362748548351542,interpolado
0.21461292258451692,0.014034261065490139,interpolado
0.2147127425485097,0.012489381425799634,interpolado
0.21481256251250247,0.010783421531895435,interpolado
0.2149123824764953,0.008971693286391486,interpolado
0.215,0.007338,original
0.2151120224044809,0.005248654098881301,interpolado
0.21521184236847374,0.003431177041766762,interpolado
0.21531166233246643,0.0016974196885193758,interpolado
0.21541148229645926,8.772886343219007e-05,interpolado
0.21551130226045204,-0.0013575486092002923,interpolado
0.21561112222444484,-0.0025980659050840542,interpolado
0.21571094218843767,-0.003593476199925088,interpolado
0.21581076215243045,-0.004303432669429228,interpolado
0.21591058211642322,-0.004687588489302859,interpolado
0.216,-0.004722,original
0.2161102220444088,-0.0043433209316661265,interpolado
0.2162100420084017,-0.003663160271102346,interpolado
0.21630986197239443,-0.0027415962658509647,interpolado
0.21640968193638727,-0.0016550882977672868,interpolado
0.21650950190038004,-0.0004800957487073647,interpolado
0.21660932186437284,0.0007069219994729736,interpolado
0.2167091418283657,0.001829505564917896,interpolado
0.21680896179235848,0.002811195565771329,interpolado
0.21690878175635125,0.0035755326201780072,interpolado
0.217,0.004019,original
0.21710842168433686,0.004175598454718249,interpolado
0.21720824164832966,0.004007345337417964,interpolado
0.2173080616123224,0.0036019875442465923,interpolado
0.2174078815763153,0.003020199999977817,interpolado
0.21750770154030805,0.0023226576293856366,interpolado
0.21760752150430082,0.0015700353572439684,interpolado
0.2177073414682936,0.0008230081083269359,interpolado
0.21780716143228643,0.0001422508074080255,interpolado
0.2179069813962792,-0.00041156162073863157,interpolado
0.218,-0.00076,original
0.2181066213242649,-0.0009144518144186867,interpolado
0.21820644128825759,-0.0008410410406305634,interpolado
0.21830626125225044,-0.0005894114138142981,interpolado
0.21840608121624325,-0.00019144753797603525,interpolado
0.21850590118023605,0.00032096598287806826,interpolado
0.21860572114422885,0.0009159445447418582,interpolado
0.21870554110822166,0.001561603543608996,interpolado
0.2188053610722144,0.0022260583754736924,interpolado
0.21890518103620726,0.002877424436329619,interpolado
0.219,0.003455,original
0.21910482096419284,0.004018570505338813,interpolado
0.21920464092818565,0.004472976278682745,interpolado
0.21930446089217845,0.0048421911958432965,interpolado
0.21940428085617125,0.0051213714437174755,interpolado
0.21950410082016406,0.005305673209202433,interpolado
0.21960392078415683,0.005390252679195315,interpolado
0.21970374074814966,0.005370266040593294,interpolado
0.2198035607121424,0.005240869480293504,interpolado
0.2199033806761352,0.004997219185193089,interpolado
0.22,0.004648,original
0.22010302060412076,0.004152382325189768,interpolado
0.22020284056811365,0.0035674207381263196,interpolado
0.2203026605321064,0.002899850591774424,interpolado
0.22040248049609926,0.002169935758962065,interpolado
0.22050230046009206,0.0013979401125172259,interpolado
0.2206021204240848,0.0006041275252681117,interpolado
0.22070194038807767,-0.00019123812995773754,interpolado
0.22080176035207044,-0.0009678929803321205,interpolado
0.22090158031606327,-0.0017055731530270539,interpolado
0.221,-0.002375,original
0.22110122024404882,-0.0029867033639068247,interpolado
0.22120104020804165,-0.003511503862532797,interpolado
0.22130086017203446,-0.003959727961147021,interpolado
0.22140068013602723,-0.00433268733987757,interpolado
0.22150050010002004,-0.004631693678852514,interpolado
0.2216003200640128,-0.004858058658199875,interpolado
0.22170014002800562,-0.005013093958047846,interpolado
0.22179995999199842,-0.0050981112585244265,interpolado
0.22189977995599125,-0.0051144222397576915,interpolado
0.222,-0.005063,original
0.2220994198839768,-0.004948076066106551,interpolado
0.2221992398479696,-0.004779559011753284,interpolado
0.2222990598119624,-0.004570662184001645,interpolado
0.2223988797759552,-0.004334260348161429,interpolado
0.222498699739948,-0.004083228269542432,interpolado
0.2225985197039408,-0.003830440713454517,interpolado
0.22269833966793356,-0.0035887724452073346,interpolado
0.2227981596319264,-0.0033710982301107537,interpolado
0.2228979795959192,-0.0031902928334745667,interpolado
0.223,-0.003057,original
0.22309761952390475,-0.0029843547924873924,interpolado
0.2231974394878976,-0.0029446153982767803,interpolado
0.22329725945189036,-0.0029116218015600363,interpolado
0.22339707941588313,-0.002856982892246104,interpolado
0.2234968993798759,-0.002752307560243963,interpolado
0.22359671934386877,-0.0025692046954625047,interpolado
0.22369653930786154,-0.002279283187810689,interpolado
0.22379635927185434,-0.0018541519271974578,interpolado
0.22389617923584715,-0.0012654198035317544,interpolado
0.224,-0.000449,original
0.2240958191638327,0.0005028413264204772,interpolado
0.22419563912782553,0.0016507894986334374,interpolado
0.2242954590918183,0.002895489402246043,interpolado
0.2243952790558112,0.004173280641790559,interpolado
0.2244950990198039,0.0054205028217989065,interpolado
0.22459491898379677,0.0065734955468040625,interpolado
0.22469473894778955,0.007568598421337927,interpolado
0.22479455891178235,0.008342151049932765,interpolado
0.22489437887577518,0.008830493037120845,interpolado
0.225,0.008966,original
0.22509401880376073,0.008714754653579935,interpolado
0.22519383876775353,0.008104089792510994,interpolado
0.22529365873174637,0.007202486350440516,interpolado
0.22539347869573917,0.006074465466984145,interpolado
0.2254932986597319,0.00478454828175789,interpolado
0.22559311862372475,0.003397255934376668,interpolado
0.22569293858771755,0.0019771095644564537,interpolado
0.22579275855171033,0.0005886303116128872,interpolado
0.2258925785157031,-0.0007036606845380487,interpolado
0.226,-0.001913,original
0.22609221844368874,-0.002752631237306209,interpolado
0.22619203840768157,-0.0034578701927411417,interpolado
0.22629185837167434,-0.003970423482996445,interpolado
0.22639167833566715,-0.0043097616224539335,interpolado
0.22649149829965998,-0.004495355125495669,interpolado
0.22659131826365272,-0.004546674506503417,interpolado
0.22669113822764558,-0.004483190279859061,interpolado
0.22679095819163833,-0.004324372959944481,interpolado
0.22689077815563113,-0.004089693061141633,interpolado
0.227,-0.003769,original
0.22709041808361677,-0.0034697682075870663,interpolado
0.22719023804760957,-0.0031171789836683655,interpolado
0.22729005801160235,-0.0027533871156303243,interpolado
0.22738987797559512,-0.002390925326838627,interpolado
0.22748969793958793,-0.0020423263406586494,interpolado
0.22758951790358076,-0.0017201228804560773,interpolado
0.2276893378675735,-0.0014368476695964924,interpolado
0.22778915783156636,-0.0012050334314454773,interpolado
0.2278889777955591,-0.0010372128893686508,interpolado
0.228,-0.000941,original
0.22808861772354472,-0.0009398776227814906,interpolado
0.22818843768753755,-0.0010064450590453575,interpolado
0.22828825765153035,-0.0011255230604109052,interpolado
0.22838807761552307,-0.0012770059232872363,interpolado
0.22848789757951588,-0.0014407879440835876,interpolado
0.2285877175435087,-0.0015967634192090693,interpolado
0.2286875375075015,-0.0017248266450728283,interpolado
0.2287873574714943,-0.0018048719180839999,interpolado
0.2288871774354871,-0.0018167935346517805,interpolado
0.229,-0.001723,original
0.22908681736347272,-0.0015591452112854469,interpolado
0.2291866373274655,-0.0012755676315549577,interpolado
0.22928645729145827,-0.0008997517941853291,interpolado
0.22938627725545108,-0.0004417075351038437,interpolado
0.22948609721944388,8.855530976191315e-05,interpolado
0.22958591718343668,0.0006810269044844491,interpolado
0.22968573714742951,0.0013256974131362702,interpolado
0.22978555711142226,0.0020125569997896872,interpolado
0.22988537707541506,0.002731595828517592,interpolado
0.23,0.003584,original
0.23008501700340067,0.00422649978146047,interpolado
0.2301848369673935,0.004985059235788316,interpolado
0.23028465693138625,0.005741655384742616,interpolado
0.23038447689537903,0.006489462917650526,interpolado
0.23048429685937188,0.00722165652383857,interpolado
0.2305841168233647,0.007931410892633477,interpolado
0.2306839367873575,0.008611900713361983,interpolado
0.23078375675135032,0.009256300675350645,interpolado
0.23088357671534304,0.009857785467926556,interpolado
0.231,0.010496,original
0.2310832166433287,0.010904414942516233,interpolado
0.23118303660732156,0.011333374076529222,interpolado
0.2312828565713143,0.011686546303376167,interpolado
0.23138267653530709,0.011954068413985176,interpolado
0.2314824964992999,0.012126077199284059,interpolado
0.23158231646329266,0.012192709450200729,interpolado
0.2316821364272855,0.012144101957663134,interpolado
0.23178195639127827,0.011970391512599158,interpolado
0.23188177635527107,0.01166171490593672,interpolado
0.232,0.011108,original
0.2320814162832567,0.010603870471174361,interpolado
0.23218123624724943,0.009869835459352012,interpolado
0.2322810562112423,0.009038880401254603,interpolado
0.232380876175235,0.008143826388973985,interpolado
0.23248069613922784,0.007217494514601822,interpolado
0.2325805161032206,0.006292705870229773,interpolado
0.23268033606721336,0.00540228154794974,interpolado
0.23278015603120622,0.004579042639852881,interpolado
0.23287997599519897,0.0038558102380311142,interpolado
0.233,0.003165,original
0.23307961592318466,0.00283566357846344,interpolado
0.23317943588717743,0.002557286402106743,interpolado
0.23327925585117018,0.002404219721767056,interpolado
0.23337907581516304,0.0023503278748720513,interpolado
0.23347889577915582,0.0023694751988493023,interpolado
0.2335787157431486,0.0024355260311263818,interpolado
0.23367853570714142,0.0025223447091308414,interpolado
0.23377835567113422,0.002603795570290306,interpolado
0.23387817563512708,0.00265374295203233,interpolado
0.234,0.002634,original
0.23407781556311266,0.002557819344754967,interpolado
0.23417763552710544,0.002391686835330087,interpolado
0.2342774554910982,0.0021624124550401933,interpolado
0.23437727545509104,0.0018848281372163204,interpolado
0.23447709541908385,0.0015737658151894647,interpolado
0.2345769153830766,0.0012440574222907167,interpolado
0.23467673534706934,0.0009105348918508858,interpolado
0.2347765553110622,0.0005880301572010602,interpolado
0.23487637527505498,0.00029137515167223615,interpolado
0.235,-1.8e-05,original
0.23507601520304058,-0.0001666617720913614,interpolado
0.23517583516703336,-0.00031502282309715427,interpolado
0.23527565513102616,-0.0004165903628527199,interpolado
0.235375475095019,-0.00047832266467801076,interpolado
0.2354752950590118,-0.0005071780018929791,interpolado
0.23557511502300457,-0.00051011464781758,interpolado
0.2356749349869974,-0.0004940908757717654,interpolado
0.2357747549509902,-0.00046606495907548415,interpolado
0.235874574914983,-0.00043299517104868827,interpolado
0.236,-0.000395,original
0.23607421484296856,-0.0003789923246491292,interpolado
0.23617403480696142,-0.0003658226194436427,interpolado
0.23627385477095422,-0.0003610672033675876,interpolado
0.23637367473494703,-0.00036343941700860464,interpolado
0.23647349469893983,-0.00037165260095433424,interpolado
0.2365733146629326,-0.0003844200957924133,interpolado
0.2366731346269254,-0.0004004552421104897,interpolado
0.2367729545909182,-0.0004184713804962014,interpolado
0.236872774554911,-0.00043718185153718866,interpolado
0.237,-0.00046,original
0.23707241448289654,-0.00047141582850553684,interpolado
0.23717223444688937,-0.00048295332265202955,interpolado
0.23727205441088212,-0.0004866943874406433,interpolado
0.23737187437487497,-0.00047941424724822314,interpolado
0.23747169433886778,-0.00045788812645162184,interpolado
0.23757151430286058,-0.00041889124942767335,interpolado
0.23767133426685336,-0.0003591988405532262,interpolado
0.23777115423084616,-0.00027558612420512554,interpolado
0.23787097419483894,-0.00016482832476021585,interpolado
0.238,2.38e-05,original
0.23807061412282451,0.0001503001989166764,interpolado
0.23817043408681737,0.00035241984650530045,interpolado
0.23827025405081015,0.0005737070585434634,interpolado
0.23837007401480295,0.00080515957550314,interpolado
0.23846989397879576,0.0010377751378562426,interpolado
0.23856971394278853,0.001262551486074878,interpolado
0.2386695339067813,0.0014704863606309565,interpolado
0.23876935387077416,0.0016525775019964543,interpolado
0.23886917383476694,0.0017998226506433462,interpolado
0.239,0.001925,original
0.23906881376275255,0.0019542311146429443,interpolado
0.23916863372674535,0.0019493054553298863,interpolado
0.23926845369073813,0.0018879170054060192,interpolado
0.23936827365473093,0.0017695827554853431,interpolado
0.23946809361872373,0.0015938196961819133,interpolado
0.23956791358271656,0.0013601448181096319,interpolado
0.23966773354670937,0.0010680751118825385,interpolado
0.23976755351070214,0.0007171275681146324,interpolado
0.23986737347469492,0.000306819177419913,interpolado
0.24,-0.000331,original
0.24006701340268055,-0.0006919245443492216,interpolado
0.24016683336667333,-0.001255975063826158,interpolado
0.24026665333066613,-0.0018187576135690914,interpolado
0.24036647329465888,-0.0023433237086614824,interpolado
0.2404662932586517,-0.002792724864187226,interpolado
0.2405661132226445,-0.003130012595229771,interpolado
0.24066593318663732,-0.0033182384168727102,interpolado
0.24076575315063006,-0.003320453844199642,interpolado
0.2408655731146229,-0.0030997103922942625,interpolado
0.241,-0.002385,original
0.24106521304260844,-0.0018470755686708135,interpolado
0.2411650330066013,-0.000819748944696304,interpolado
0.24126485297059408,0.0003818580737704743,interpolado
0.24136467293458683,0.0016758579234292385,interpolado
0.24146449289857963,0.002980363040980813,interpolado
0.24156431286257246,0.004213485863124929,interpolado
0.24166413282656526,0.005293338826561674,interpolado
0.24176395279055807,0.00613803436799113,interpolado
0.24186377275455082,0.006665684924113288,interpolado
0.242,0.006726,original
0.24206341268253645,0.006449076776860003,interpolado
0.24216323264652928,0.0056430657698097455,interpolado
0.24226305261052206,0.004451778849110801,interpolado
0.24236287257451483,0.0029519073033071105,interpolado
0.24246269253850763,0.001220142420941307,interpolado
0.24256251250250047,-0.0006668245094427479,interpolado
0.24266233246649324,-0.002632302199301566,interpolado
0.24276215243048604,-0.004599599360091125,interpolado
0.24286197239447888,-0.0064920247032690444,interpolado
0.243,-0.008843,original
0.2430616123224644,-0.00974801768509005,interpolado
0.24316143228645726,-0.010998537404179947,interpolado
0.24326125225045006,-0.011971525775039968,interpolado
0.24336107221444292,-0.012654664131375852,interpolado
0.2434608921784357,-0.013035633806892481,interpolado
0.2435607121424285,-0.013102116135295043,interpolado
0.24366053210642136,-0.012841792450288742,interpolado
0.24376035207041413,-0.012242344085578975,interpolado
0.24386017203440696,-0.011291452374870612,interpolado
0.244,-0.009345,original
0.2440598119623926,-0.008289862608888558,interpolado
0.24415963192638537,-0.006279139461117671,interpolado
0.24425945189037815,-0.0040371077522932865,interpolado
0.24435927185437095,-0.0016573827955825356,interpolado
0.2444590918183637,0.000766420095845585,interpolado
0.2445589117823565,0.0031406856088226753,interpolado
0.2446587317463493,0.005371798430180338,interpolado
0.24475855171034205,0.007366143246749657,interpolado
0.2448583716743349,0.009030104745363364,interpolado
0.245,0.010641,original
0.24505801160232052,0.010997748320420464,interpolado
0.2451578315663133,0.0112109127881973,interpolado
0.24525765153030607,0.01097692883432902,interpolado
0.24535747149429887,0.010365160078908508,interpolado
0.24545729145829165,0.009444970142028804,interpolado
0.2455571114222845,0.008285722643782939,interpolado
0.24565693138627728,0.006956781204264331,interpolado
0.24575675135027006,0.005527509443565257,interpolado
0.24585657131426286,0.004067270981779095,interpolado
0.246,0.002054,original
0.2460562112422485,0.0013293428150056672,interpolado
0.2461560312062413,0.00015149590975952956,interpolado
0.24625585117023407,-0.0008851991874238399,interpolado
0.2463556711342269,-0.0017787668688096889,interpolado
0.24645549109821968,-0.0025272315266636107,interpolado
0.24655531106221248,-0.0031286175532512,interpolado
0.24665513102620526,-0.003580949340837944,interpolado
0.2467549509901981,-0.0038822512816896896,interpolado
0.24685477095419087,-0.004030547768071883,interpolado
0.247,-0.003969,original
0.24705441088217647,-0.0038613207986210626,interpolado
0.24715423084616928,-0.0035626746671898473,interpolado
0.24725405081016205,-0.0031660190017296324,interpolado
0.24735387077415483,-0.0027100867254240277,interpolado
0.24745369073814766,-0.0022336107614565784,interpolado
0.24755351070214046,-0.0017753240330108302,interpolado
0.2476533306661332,-0.0013739594632704271,interpolado
0.24775315063012604,-0.001068249975418684,interpolado
0.24785297059411882,-0.0008969284926392648,interpolado
0.248,-0.000971,original
0.24805261052210442,-0.0011098541137616361,interpolado
0.24815243048609725,-0.0015151568916927094,interpolado
0.24825225045009003,-0.0020516304765204247,interpolado
0.24835207041408286,-0.0026544430977746216,interpolado
0.24845189037807566,-0.003258762984985232,interpolado
0.24855171034206844,-0.0037997583676820513,interpolado
0.24865153030606116,-0.004212597475395322,interpolado
0.248751350270054,-0.004432448537654815,interpolado
0.24885117023404685,-0.00439447978399046,interpolado
0.249,-0.003719,original
0.24905081016203237,-0.003289247348955922,interpolado
0.2491506301260252,-0.002176309082557585,interpolado
0.24925045009001792,-0.0007859254973062524,interpolado
0.2493502700540108,0.0007878891110044029,interpolado
0.2494500900180036,0.002451120446580713,interpolado
0.2495499099819964,0.004109754213628552,interpolado
0.24964972994598925,0.0056697761163556105,interpolado
0.249749549909982,0.007037171858966513,interpolado
0.24984936987397474,0.008117927145668573,interpolado
0.2499491898379676,0.008818027680668467,interpolado
0.25,0.008998,original
0.2501488297659532,0.008800085314963619,interpolado
0.250248649729946,0.008160020219461534,interpolado
0.25034846969393876,0.007213618434839818,interpolado
0.2504482896579316,0.006047667956239667,interpolado
0.25054810962192436,0.004748956778804309,interpolado
0.2506479295859172,0.0034042728976742954,interpolado
0.25074774954991,0.0021004043079930466,interpolado
0.2508475695139027,0.0009241390049017137,interpolado
0.2509473894778956,-3.7735016458271165e-05,interpolado
0.251,-0.000429,original
0.2511470294058812,-0.0010416115115549109,interpolado
0.251246849369874,-0.0011025488124494446,interpolado
0.25134666933386673,-0.0009290671866954928,interpolado
0.25144648929785957,-0.0005666598737455556,interpolado
0.2515463092618524,-6.0820113052806134e-05,interpolado
0.2516461292258452,0.0005429588559305178,interpolado
0.25174594918983795,0.0011991837937509779,interpolado
0.2518457691538308,0.0018623614609561369,interpolado
0.2519455891178236,0.002486998618093577,interpolado
0.252,0.002795,original
0.2521452290458092,0.0034648264316687626,interpolado
0.252245049009802,0.0038003482366669485,interpolado
0.25234486897379477,0.004040416115787446,interpolado
0.2524446889377876,0.004190479451176485,interpolado
0.2525445089017804,0.004255987624980072,interpolado
0.2526443288657732,0.004242390019344458,interpolado
0.252744148829766,0.004155136016415833,interpolado
0.25284396879375876,0.00399967499834038,interpolado
0.25294378875775153,0.0037814563472641357,interpolado
0.253,0.003633,original
0.25314342868573714,0.0031839566372920953,interpolado
0.25324324864972997,0.002831152937921053,interpolado
0.25334306861372274,0.0024640677611753883,interpolado
0.2534428885777156,0.002099098379738326,interpolado
0.25354270854170835,0.0017526420662938944,interpolado
0.2536425285057011,0.0014410960935255005,interpolado
0.25374234846969396,0.0011808577341166323,interpolado
0.25384216843368673,0.0009883242607511993,interpolado
0.25394198839767956,0.0008798929461126221,interpolado
0.254,0.000862,original
0.2541416283256651,0.0009595324306008,interpolado
0.2542414482896579,0.0011171853984027601,interpolado
0.2543412682536507,0.001315826816140622,interpolado
0.2544410882176435,0.001526913859594168,interpolado
0.2545409081816364,0.0017219037045427463,interpolado
0.25464072814562905,0.001872253526766067,interpolado
0.25474054810962193,0.0019494205020437459,interpolado
0.2548403680736147,0.0019248618061552761,interpolado
0.25494018803760754,0.0017700346148801943,interpolado
0.255,0.001603,original
0.2551398279655931,0.0009913731289468229,interpolado
0.255239647929586,0.0004195959159551104,interpolado
0.25533946789357875,-0.0002081198531797496,interpolado
0.25543928785757153,-0.0008418010453948341,interpolado
0.2555391078215643,-0.0014314745276258558,interpolado
0.25563892778555714,-0.0019271671668096109,interpolado
0.2557387477495499,-0.0022789058298826837,interpolado
0.25583856771354274,-0.0024367173837811025,interpolado
0.2559383876775355,-0.00235062869544142,interpolado
0.256,-0.002154,original
0.25613802760552107,-0.0013000035126431843,interpolado
0.2562378475695139,-0.00040116440531096147,interpolado
0.25633766753350673,0.0006540897954268961,interpolado
0.25643748749749956,0.0017951254414222875,interpolado
0.25653730746149234,0.0029513088845247227,interpolado
0.2566371274254851,0.004052006476585633,interpolado
0.25673694738947794,0.005026584569456321,interpolado
0.25683676735347066,0.005804409514986485,interpolado
0.2569365873174635,0.006314847665027712,interpolado
0.257,0.006468,original
0.25713622724544904,0.006309069892138468,interpolado
0.25723604720944193,0.0058374575277390225,interpolado
0.2573358671734347,0.005139910486139904,interpolado
0.2574356871374275,0.0042828030587947095,interpolado
0.25753550710142026,0.0033325095371587107,interpolado
0.25763532706541303,0.0023554042126857615,interpolado
0.25773514702940586,0.0014178613768296554,interpolado
0.25783496699339864,0.000586255321045753,interpolado
0.25793478695739147,-7.303966321249578e-05,interpolado
0.258,-0.000379,original
0.258134426885377,-0.0006552627932234067,interpolado
0.25823424684936985,-0.0005970515612715687,interpolado
0.2583340668133627,-0.00036658969867046925,interpolado
0.25843388677735546,-1.066537830421818e-05,interpolado
0.2585337067413483,0.00042393322694335764,interpolado
0.25863352670534107,0.0008904179441876689,interpolado
0.25873334666933395,0.0013420006005450957,interpolado
0.2588331666333267,0.001731893023131031,interpolado
0.2589329865973195,0.0020133070390616513,interpolado
0.259,0.002118,original
0.25913262652530505,0.002096528966932122,interpolado
0.25923244648929794,0.001916359827182757,interpolado
0.25933226645329066,0.0016370278213363764,interpolado
0.25943208641728344,0.001296114525058897,interpolado
0.25953190638127627,0.0009312015140161007,interpolado
0.259631726345269,0.0005798703638743931,interpolado
0.2597315463092619,0.0002797026502994114,interpolado
0.2598313662732546,6.827994895749155e-05,interpolado
0.2599311862372474,-1.681616448556862e-05,interpolado
0.26,1.77e-05,original
0.260130826165233,0.00031943694309526674,interpolado
0.2602306461292258,0.0007364014340505193,interpolado
0.26033046609321864,0.001289239602152931,interpolado
0.26043028605721136,0.0019546060261091775,interpolado
0.2605301060212042,0.0027091552846261833,interpolado
0.26062992598519696,0.003529541956409588,interpolado
0.2607297459491898,0.004392420620166757,interpolado
0.2608295659131826,0.00527444585460321,interpolado
0.2609293858771754,0.006152272238425903,interpolado
0.261,0.006758,original
0.261129025805161,0.0078002552890192,interpolado
0.26122884576915384,0.008517666381144796,interpolado
0.26132866573314667,0.009126723207202158,interpolado
0.2614284856971395,0.009599380965295308,interpolado
0.2615283056611323,0.009907594853527962,interpolado
0.26162812562512505,0.010023320070003372,interpolado
0.2617279455891179,0.009918511812825225,interpolado
0.26182776555311066,0.00956512528009723,interpolado
0.2619275855171034,0.008935115669922987,interpolado
0.262,0.008289,original
0.26212722544508904,0.006766700539789838,interpolado
0.2622270454090819,0.005296164675217388,interpolado
0.2623268653730747,0.003658643398333905,interpolado
0.2624266853370675,0.0019236131578918238,interpolado
0.26252650530106025,0.00016055040264335412,interpolado
0.26262632526505303,-0.001561068418656327,interpolado
0.26272614522904586,-0.0031717668572558604,interpolado
0.26282596519303864,-0.004602068464400242,interpolado
0.2629257851570314,-0.00578249679133721,interpolado
0.263,-0.006457,original
0.2631254250850171,-0.007151729506071087,interpolado
0.2632252450490099,-0.007337712566741053,interpolado
0.2633250650130026,-0.0072409374240137115,interpolado
0.26342488497699534,-0.006900511479082488,interpolado
0.2635247049409882,-0.006355542133140276,interpolado
0.263624524904981,-0.005645136787380946,interpolado
0.26372434486897384,-0.004808402842997001,interpolado
0.2638241648329666,-0.003884447701182632,interpolado
0.26392398479695933,-0.002912378763130651,interpolado
0.264,-0.002164,original
0.26412362472494494,-0.0009729398320204466,interpolado
0.26422344468893777,-5.4932130681327964e-05,interpolado
0.26432326465293055,0.0008070043957367163,interpolado
0.2644230846169234,0.0015971017123539914,interpolado
0.26452290458091615,0.0022995917842926206,interpolado
0.2646227245449089,0.002898706576673084,interpolado
0.26472254450890176,0.003378678054617066,interpolado
0.2648223644728946,0.003723738183245983,interpolado
0.2649221844368873,0.003918118927680712,interpolado
0.265,0.003955,original
0.26512182436487297,0.0038019862996048087,interpolado
0.2652216443288658,0.0035010300894275093,interpolado
0.26532146429285863,0.0030611959278295394,interpolado
0.26542128425685135,0.0025004359176329875,interpolado
0.2655211042208442,0.0018367021616588442,interpolado
0.265620924184837,0.0010879467627294445,interpolado
0.2657207441488297,0.00027212182366603886,interpolado
0.2658205641128226,-0.0005928205527102721,interpolado
0.2659203840768154,-0.0014889282635769305,interpolado
0.266,-0.002214,original
0.266120024004801,-0.0033021205169425573,interpolado
0.2662198439687938,-0.004180354575916947,interpolado
0.26631966393278655,-0.005012542749275092,interpolado
0.26641948389677933,-0.005778279793519536,interpolado
0.2665193038607722,-0.006457160465154592,interpolado
0.26661912382476494,-0.007028779520682976,interpolado
0.2667189437887577,-0.007472731716608577,interpolado
0.26681876375275054,-0.007768611809434991,interpolado
0.2669185837167433,-0.007896014555665364,interpolado
0.267,-0.007861,original
0.267118223644729,-0.007579504048493749,interpolado
0.2672180436087217,-0.007162034063160351,interpolado
0.2673178635727146,-0.006618613472658524,interpolado
0.2674176835367073,-0.005985671629814834,interpolado
0.2675175035007002,-0.005299637887454567,interpolado
0.26761732346469297,-0.004596941598404447,interpolado
0.26771714342868574,-0.003914012115490046,interpolado
0.2678169633926786,-0.003287278791536989,interpolado
0.2679167833566714,-0.00275317097937193,interpolado
0.268,-0.002405,original
0.26811642328465696,-0.002091482671793751,interpolado
0.26821624324864973,-0.0019615347972278623,interpolado
0.2683160632126425,-0.001930113852373977,interpolado
0.26841588317663534,-0.001969108782383388,interpolado
0.26851570314062817,-0.0020504085324073718,interpolado
0.26861552310462095,-0.002145902047597095,interpolado
0.2687153430686137,-0.0022274782731038626,interpolado
0.26881516303260655,-0.0022670261540789494,interpolado
0.2689149829965994,-0.0022364346356735683,interpolado
0.269,-0.002134,original
0.2691146229245849,-0.0018616589754509348,interpolado
0.26921444288857765,-0.0015034133995643737,interpolado
0.26931426285257054,-0.0010414980763396129,interpolado
0.2694140828165633,-0.0004845351802635913,interpolado
0.2695139027805562,0.00015885311417787834,interpolado
0.269613722744549,0.0008800446324976558,interpolado
0.26971354270854175,0.001670417200209654,interpolado
0.26981336267253453,0.002521348642827938,interpolado
0.26991318263652736,0.00342421678586514,interpolado
0.27,0.004245,original
0.27011282256451297,0.005345397222446343,interpolado
0.27021264252850574,0.006318870386881659,interpolado
0.2703124624924986,0.007257765286696475,interpolado
0.27041228245649135,0.008129037257017385,interpolado
0.270512102420484,0.008899641632972572,interpolado
0.27061192238447684,0.009536533749689997,interpolado
0.2707117423484696,0.010006668942296588,interpolado
0.27081156231246245,0.01027700254592047,interpolado
0.2709113822764553,0.010314489895688986,interpolado
0.271,0.010126,original
0.27111102220444083,0.009576815265135255,interpolado
0.27121084216843366,0.008823180606670675,interpolado
0.27131066213242644,0.007870948987840794,interpolado
0.27141048209641927,0.006765868484321701,interpolado
0.271510302060412,0.005553687171787948,interpolado
0.2716101220244048,0.004280153125913838,interpolado
0.27170994198839765,0.00299101442237583,interpolado
0.2718097619523905,0.0017320191368475687,interpolado
0.27190958191638326,0.0005489153450054943,interpolado
0.272,-0.000419,original
0.27210922184436886,-0.001415844819473864,interpolado
0.2722090418083617,-0.0021522019334970933,interpolado
0.27230886177235447,-0.002718103635871017,interpolado
0.2724086817363473,-0.003110027462387229,interpolado
0.2725085017003401,-0.003324450948838303,interpolado
0.27260832166433285,-0.0033578516310164273,interpolado
0.27270814162832563,-0.0032067070447137813,interpolado
0.27280796159231846,-0.00286749472572241,interpolado
0.2729077815563113,-0.002336692209834906,interpolado
0.273,-0.001673,original
0.2731074214842969,-0.0006985794951938419,interpolado
0.2732072414482896,0.0003517817828648295,interpolado
0.2733070614122825,0.0014843554006620735,interpolado
0.2734068813762753,0.002643194334681673,interpolado
0.27350670134026805,0.0037723515614093072,interpolado
0.2736065213042609,0.004815880057330591,interpolado
0.27370634126825366,0.0057178327989294,interpolado
0.2738061612322465,0.006422262762691745,interpolado
0.27390598119623927,0.006873222925101878,interpolado
0.274,0.007016,original
0.2741056211242249,0.0068147966850684695,interpolado
0.27420544108821765,0.006321329652767569,interpolado
0.2743052610522105,0.005599219190887043,interpolado
0.2744050810162033,0.00471331537274855,interpolado
0.27450490098019603,0.003728468271672562,interpolado
0.2746047209441888,0.002709527960979339,interpolado
0.2747045409081816,0.0017213445139908612,interpolado
0.2748043608721744,0.0008287680040269282,interpolado
0.27490418083616724,9.66485044093825e-05,interpolado
0.275,-0.000395,original
0.2751038207641528,-0.0006480629427342103,interpolado
0.2752036407281456,-0.0006487817331091947,interpolado
0.27530346069213846,-0.00046075904425690184,interpolado
0.2754032806561312,-0.00013243242208719477,interpolado
0.27550310062012395,0.00028776058749035397,interpolado
0.27560292058411684,0.0007513824385663769,interpolado
0.2757027405481096,0.0012099955852307054,interpolado
0.27580256051210245,0.0016151624815739607,interpolado
0.2759023804760952,0.0019184455816866437,interpolado
0.276,0.00207,original
0.27610202040408083,0.0020410871187515386,interpolado
0.27620184036807366,0.0018524691750372807,interpolado
0.2763016603320664,0.0015440975578137456,interpolado
0.2764014802960592,0.001154516161085462,interpolado
0.27650130026005204,0.0007222688788576441,interpolado
0.27660112022404487,0.0002858996051346182,interpolado
0.27670094018803765,-0.00011604776607835303,interpolado
0.2768007601520304,-0.000445029340776751,interpolado
0.27690058011602325,-0.0006625012249558979,interpolado
0.277,-0.00073,original
0.27710022004400886,-0.0006217028764750761,interpolado
0.2772000400080016,-0.000363500319295516,interpolado
0.27729985997199436,6.384581639204121e-06,interpolado
0.27739967993598724,0.0004496482618652733,interpolado
0.27749949989998,0.0009279871569181134,interpolado
0.27759931986397285,0.0014030977023341382,interpolado
0.27769913982796557,0.0018366763336487336,interpolado
0.27779895979195834,0.002190419486398097,interpolado
0.2778987797559512,0.002426023596118251,interpolado
0.278,0.002505,original
0.2780984196839368,0.002402097570334391,interpolado
0.27819823964792956,0.0021430920290242007,interpolado
0.27829805961192233,0.0017680939631400468,interpolado
0.27839787957591516,0.0013170288973997344,interpolado
0.27849769953990794,0.0008298223565218537,interpolado
0.2785975195039008,0.0003463998652239814,interpolado
0.27869733946789355,-9.3313051775258e-05,interpolado
0.2787971594318864,-0.0004493908697580663,interpolado
0.27889697939587926,-0.0006819080640064611,interpolado
0.279,-0.00075,original
0.2790966193238648,-0.0006290562552507016,interpolado
0.2791964392878576,-0.0003438736395117811,interpolado
0.2792962592518504,6.184640543996806e-05,interpolado
0.2793960792158432,0.0005453410933212857,interpolado
0.2794958991798359,0.0010638476378480673,interpolado
0.27959571914382875,0.0015746032527372952,interpolado
0.27969553910782163,0.0020348451517048375,interpolado
0.27979535907181435,0.0024018105484674363,interpolado
0.2798951790358072,0.0026327366567416334,interpolado
0.28,0.002682,original
0.28009481896379285,0.0025264420364913016,interpolado
0.2801946389277856,0.002176990422544345,interpolado
0.28029445889177834,0.0016709001831973558,interpolado
0.28039427885577123,0.0010425672704018711,interpolado
0.28049409881976406,0.00032638763611051596,interpolado
0.2805939187837569,-0.00044324276772555007,interpolado
0.28069373874774967,-0.0012319279891535447,interpolado
0.2807935587117424,-0.002005272076221969,interpolado
0.2808933786757353,-0.0027288790769792936,interpolado
0.281,-0.003408,original
0.2810930186037209,-0.0038960891702664955,interpolado
0.2811928385677137,-0.004317826503372414,interpolado
0.2812926585317065,-0.004649520886681522,interpolado
0.2813924784956993,-0.004907130822824222,interpolado
0.28149229845969204,-0.005106614814430244,interpolado
0.28159211842368476,-0.005263931364129773,interpolado
0.2816919383876776,-0.005395038974552883,interpolado
0.2817917583516704,-0.005515896148329454,interpolado
0.2818915783156632,-0.005642461388089651,interpolado
0.282,-0.005805,original
0.28209121824364874,-0.00597309196486709,interpolado
0.2821910382076416,-0.006184225113887029,interpolado
0.28229085817163435,-0.006412864790357181,interpolado
0.2823906781356271,-0.00664778024143389,interpolado
0.28249049809961985,-0.006877740714272991,interpolado
0.2825903180636126,-0.0070915154560307215,interpolado
0.2826901380276055,-0.007277873713863276,interpolado
0.28278995799159823,-0.007425584734926546,interpolado
0.2828897779555911,-0.007523417766376788,interpolado
0.283,-0.00756,original
0.2830894178835766,-0.007527205410845282,interpolado
0.2831892378475695,-0.00743073079871157,interpolado
0.2832890578115623,-0.007281841199544086,interpolado
0.2833888777755551,-0.007091663810777286,interpolado
0.2834886977395479,-0.006871325829845991,interpolado
0.28358851770354077,-0.006631954454184711,interpolado
0.2836883376675336,-0.006384676881227914,interpolado
0.28378815763152637,-0.006140620308410484,interpolado
0.2838879775955192,-0.005910911933166771,interpolado
0.284,-0.005684,original
0.2840876175235047,-0.0055372957118191325,interpolado
0.2841874374874976,-0.005401986989926571,interpolado
0.28428725745149036,-0.005296333081864354,interpolado
0.2843870774154831,-0.005215909547321484,interpolado
0.28448689737947597,-0.005156291945987172,interpolado
0.2845867173434687,-0.005113055837550492,interpolado
0.2846865373074616,-0.005081776781700555,interpolado
0.28478635727145435,-0.0050580303381265145,interpolado
0.28488617723544707,-0.005037392066517466,interpolado
0.285,-0.005012,original
0.2850858171634327,-0.004987917618360578,interpolado
0.28518563712742545,-0.0049516566993704466,interpolado
0.2852854570914183,-0.004903885196556196,interpolado
0.2853852770554111,-0.004841834298617376,interpolado
0.2854850970194039,-0.004762735194253662,interpolado
0.28558491698339666,-0.004663819072164631,interpolado
0.2856847369473895,-0.004542317121049814,interpolado
0.2857845569113824,-0.004395460529608955,interpolado
0.28588437687537516,-0.004220480486541493,interpolado
0.286,-0.003979,original
0.2860840168033607,-0.003776218370068624,interpolado
0.2861838367673535,-0.0035110916587369136,interpolado
0.28628365673134626,-0.0032279587723450286,interpolado
0.2863834766953391,-0.0029355580468850982,interpolado
0.28648329665933187,-0.0026426278183498816,interpolado
0.28658311662332464,-0.0023579064227316486,interpolado
0.28668293658731747,-0.0020901321960226874,interpolado
0.2867827565513102,-0.0018480434742157309,interpolado
0.2868825765153029,-0.0016403785933030563,interpolado
0.287,-0.001452,original
0.2870822164432886,-0.0013616528942905345,interpolado
0.2871820364072814,-0.0012937177906974218,interpolado
0.2872818563712742,-0.0012634204710496447,interpolado
0.287381676335267,-0.0012620949185281147,interpolado
0.28748149629925984,-0.0012810751163138082,interpolado
0.2875813162632526,-0.0013116950475876613,interpolado
0.28768113622724545,-0.0013452886955306602,interpolado
0.28778095619123817,-0.001373190043323724,interpolado
0.287880776155231,-0.0013867330741478344,interpolado
0.288,-0.001372,original
0.2880804160832166,-0.0013376602522027293,interpolado
0.28818023604720944,-0.0012723426842661805,interpolado
0.28828005601120227,-0.0011907438160360967,interpolado
0.288379875975195,-0.001102330595057244,interpolado
0.2884796959391879,-0.0010165699688743741,interpolado
0.2885795159031807,-0.0009429288850323829,interpolado
0.2886793358671735,-0.0008908742910759957,interpolado
0.28877915583116626,-0.0008698731345500718,interpolado
0.2888789757951591,-0.0008893923629993711,interpolado
0.289,-0.000981,original
0.28907861572314464,-0.0010846817650392762,interpolado
0.2891784356871374,-0.0012485822533718804,interpolado
0.2892782556511302,-0.001421096947082384,interpolado
0.289378075615123,-0.0015726600460492755,interpolado
0.2894778955791158,-0.0016737057501509949,interpolado
0.28957771554310857,-0.0016946682592658222,interpolado
0.2896775355071014,-0.0016059817732721497,interpolado
0.2897773554710942,-0.0013780804920484663,interpolado
0.28987717543508695,-0.000981398615473161,interpolado
0.29,-0.000218,original
0.2900768153630725,0.0004297602397260185,interpolado
0.2901766353270653,0.0014341889981570848,interpolado
0.29027645529105817,0.0025670045963894703,interpolado
0.29037627525505094,0.0037681127880424183,interpolado
0.2904760952190438,0.0049774193267353335,interpolado
0.2905759151830366,0.00613482996608559,interpolado
0.29067573514702943,0.007180250459713133,interpolado
0.29077555511102215,0.008053586561235518,interpolado
0.290875375075015,0.0086947440242721,interpolado
0.291,0.009078,original
0.29107501500300054,0.009049443275668992,interpolado
0.2911748349669934,0.008741906843677113,interpolado
0.29127465493098614,0.00819202435756939,interpolado
0.2913744748949789,0.0074711370118998475,interpolado
0.2914742948589718,0.006650586001222142,interpolado
0.2915741148229645,0.005801712520091333,interpolado
0.29167393478695736,0.004995857763060683,interpolado
0.29177375475095013,0.004304362924685244,interpolado
0.2918735747149429,0.0037985691995186662,interpolado
0.292,0.003536,original
0.29207321464292846,0.0036212929071044713,interpolado
0.2921730346069213,0.004001127058433214,interpolado
0.2922728545709142,0.004637019644731813,interpolado
0.2923726745349069,0.0054762786573508155,interpolado
0.2924724944988997,0.00646621208764123,interpolado
0.29257231446289256,0.007554127926952357,interpolado
0.29267213442688533,0.008687334166635129,interpolado
0.29277195439087816,0.009813138798040586,interpolado
0.292871774354871,0.010878849812517875,interpolado
0.293,0.012075,original
0.2930714142828566,0.012623009084747576,interpolado
0.2931712342468493,0.013240694038189279,interpolado
0.2932710542108422,0.013693935764730807,interpolado
0.29337087417483493,0.01399207822989042,interpolado
0.29347069413882776,0.014144465399187232,interpolado
0.29357051410282053,0.014160441238139846,interpolado
0.29367033406681337,0.01404934971226715,interpolado
0.2937701540308062,0.01382053478708775,interpolado
0.29386997399479897,0.013483340428120673,interpolado
0.294,0.012897,original
0.2940696139227845,0.012521401723805503,interpolado
0.2941694338867773,0.011917983602444945,interpolado
0.29426925385077013,0.011249941028303262,interpolado
0.29436907381476296,0.010530376149127888,interpolado
0.29446889377875574,0.009772391112664725,interpolado
0.29456871374274857,0.008989088066661313,interpolado
0.2946685337067414,0.008193569158863922,interpolado
0.2947683536707342,0.007398936537018798,interpolado
0.29486817363472695,0.006618292348873524,interpolado
0.295,0.005631,original
0.29506781356271256,0.00515122430518347,interpolado
0.29516763352670533,0.004488992282764741,interpolado
0.29526745349069816,0.003888222435558849,interpolado
0.2953672734546909,0.003359078379228391,interpolado
0.29546709341868377,0.0029117237294347185,interpolado
0.29556691338267654,0.0025563221018402578,interpolado
0.2956667333466692,0.002303037112106663,interpolado
0.2957665533106621,0.0021620323758958153,interpolado
0.29586637327465487,0.002143471508869801,interpolado
0.296,0.002328,original
0.2960660132026405,0.002511940682437193,interpolado
0.29616583316663325,0.0028861168654704364,interpolado
0.2962656531306261,0.0033408446166567685,interpolado
0.29636547309461886,0.0038366001752087224,interpolado
0.29646529305861175,0.004333859780339859,interpolado
0.2965651130226046,0.004793099671262664,interpolado
0.29666493298659724,0.005174796087190474,interpolado
0.29676475295059007,0.005439425267336451,interpolado
0.2968645729145829,0.005547463450913343,interpolado
0.297,0.005373,original
0.2970642128425685,0.005139896394634752,interpolado
0.2971640328065613,0.004607217171342336,interpolado
0.29726385277055406,0.003916324278152818,interpolado
0.2973636727345469,0.003122913115914387,interpolado
0.2974634926985397,0.0022826790854736287,interpolado
0.2975633126625325,0.0014513175876788996,interpolado
0.2976631326265253,0.0006845240233771408,interpolado
0.29776295259051805,3.7993793415435186e-05,interpolado
0.2978627725545109,-0.00043257770135807553,interpolado
0.298,-0.00069,original
0.2980624124824965,-0.0006277840622910566,interpolado
0.2981622324464892,-0.0003145038715031304,interpolado
0.2982620524104821,0.00020916909557637843,interpolado
0.2983618723744748,0.0008830419123210557,interpolado
0.29846169233846753,0.0016469216521053298,interpolado
0.2985615123024605,0.002440615388303829,interpolado
0.29866133226645325,0.003203930194289836,interpolado
0.29876115223044614,0.0038766731434383174,interpolado
0.29886097219443886,0.004398651309122692,interpolado
0.299,0.004761,original
0.2990606121224245,0.0047534205978127676,interpolado
0.29916043208641724,0.004529998920714145,interpolado
0.29926025205041007,0.004082119110538588,interpolado
0.2993600720144028,0.0034535434776785698,interpolado
0.2994598919783957,0.0026880343325258607,interpolado
0.29955971194238845,0.0018293539854719227,interpolado
0.2996595319063812,0.00092126474690969,interpolado
0.29975935187037406,7.528927230165559e-06,interpolado
0.29985917183436683,-0.0008680911631736577,interpolado
0.3,-0.001954,original
0.3000588117623524,-0.0023316580279831777,interpolado
0.30015863172634527,-0.0028624475562467177,interpolado
0.3002584516903381,-0.0032604057445090417,interpolado
0.3003582716543308,-0.0035323207007762003,interpolado
0.30045809161832365,-0.0036849805330549422,interpolado
0.3005579115823165,-0.003725173349351748,interpolado
0.3006577315463093,-0.003659687257673065,interpolado
0.3007575515103021,-0.0034953103660253196,interpolado
0.3008573714742948,-0.0032388307824151854,interpolado
0.301,-0.002726,original
0.30105701140228047,-0.0024775720459820523,interpolado
0.30115683136627325,-0.0020024776797830735,interpolado
0.3012566513302661,-0.001505748765960311,interpolado
0.30135647129425885,-0.0010217429794138941,interpolado
0.30145629125825163,-0.0005848179950431148,interpolado
0.3015561112222444,-0.0002293314877473669,interpolado
0.30165593118623724,1.0358867573374386e-05,interpolado
0.30175575115023,9.98953960197719e-05,interpolado
0.3018555711142228,4.920422692145663e-06,interpolado
0.302,-0.000529,original
0.3020552110422084,-0.0008731057196265207,interpolado
0.30215503100620117,-0.0016666875559290639,interpolado
0.30225485097019394,-0.002623109559769141,interpolado
0.3023546709341868,-0.00367428822555006,interpolado
0.30245449089817955,-0.0047521400476767135,interpolado
0.3025543108621723,-0.005788581520554049,interpolado
0.30265413082616516,-0.006715529138585291,interpolado
0.30275395079015793,-0.007464899396175784,interpolado
0.30285377075415076,-0.007968608787729065,interpolado
0.303,-0.008121,original
0.30305341068213637,-0.007970850162964926,interpolado
0.3031532306461292,-0.0074226762434104416,interpolado
0.30325305061012203,-0.006605373146286411,interpolado
0.3033528705741147,-0.005612977457008847,interpolado
0.3034526905381076,-0.004539525760992441,interpolado
0.30355251050210047,-0.0034790546436516863,interpolado
0.30365233046609313,-0.0025256006904028766,interpolado
0.303752150430086,-0.001773200486660135,interpolado
0.3038519703940788,-0.0013158906178394104,interpolado
0.304,-0.001382,original
0.3040516103220644,-0.001658019198543658,interpolado
0.3041514302860572,-0.002536930536232732,interpolado
0.30425125025005,-0.0037795994591264255,interpolado
0.30435107021404284,-0.005277378184612702,interpolado
0.3044508901780356,-0.0069216189300769304,interpolado
0.30455071014202845,-0.00860367391290789,interpolado
0.3046505301060213,-0.010214895350490747,interpolado
0.304750350070014,-0.011646635460213516,interpolado
0.30485017003400683,-0.012790246459463805,interpolado
0.30494998999799966,-0.013537080565627392,interpolado
0.305,-0.013728,original
0.30514962992598527,-0.013514295500875042,interpolado
0.30524944988997793,-0.012813015749197888,interpolado
0.3053492698539709,-0.011763224123189255,interpolado
0.3054490898179636,-0.01044949274276685,interpolado
0.3055489097819565,-0.008956393727845813,interpolado
0.3056487297459492,-0.007368499198344344,interpolado
0.30574854970994203,-0.005770381274178163,interpolado
0.30584836967393486,-0.004246612075262958,interpolado
0.3059481896379276,-0.0028817637215169598,interpolado
0.306,-0.002264,original
0.30614782956591324,-0.0009041384365058527,interpolado
0.306247649529906,-0.00029037170806435367,interpolado
0.3063474694938988,0.00011481439914867588,interpolado
0.3064472894578916,0.0003431851829055029,interpolado
0.3065471094218844,0.00042650594097911986,interpolado
0.3066469293858771,0.0003965419711421505,interpolado
0.30674674934986995,0.00028505857116737976,interpolado
0.3068465693138627,0.0001238210388274111,interpolado
0.30694638927785556,-5.540532810486023e-05,interpolado
0.307,-0.000148,original
0.30714602920584116,-0.0003602066299517446,interpolado
0.30724584916983394,-0.0004761448173666285,interpolado
0.30734566913382677,-0.0005747814705044338,interpolado
0.30744548909781955,-0.0006616121868636489,interpolado
0.3075453090618124,-0.0007421325639429721,interpolado
0.3076451290258052,-0.0008218381992409116,interpolado
0.3077449489897978,-0.0009062246902561085,interpolado
0.30784476895379076,-0.0010007876344872153,interpolado
0.30794458891778353,-0.0011110226294327235,interpolado
0.308,-0.001181,original
0.3081442288457691,-0.0013948549805890035,interpolado
0.30824404880976186,-0.00156340985998429,interpolado
0.3083438687737547,-0.0017422102994304662,interpolado
0.30844368873774747,-0.0019255412149108758,interpolado
0.30854350870174035,-0.0021076875224092604,interpolado
0.3086433286657331,-0.0022829341379089593,interpolado
0.30874314862972585,-0.00244556597739362,interpolado
0.3088429685937187,-0.0025898679568468605,interpolado
0.30894278855771146,-0.002710124992252062,interpolado
0.309,-0.002766,original
0.30914242848569706,-0.0028541659906302723,interpolado
0.3092422484496899,-0.002862203847382737,interpolado
0.30934206841368267,-0.002815928392973982,interpolado
0.3094418883776755,-0.0027065720186207516,interpolado
0.30954170834166833,-0.002525367115539736,interpolado
0.30964152830566116,-0.002263546074947462,interpolado
0.3097413482696539,-0.0019123412880609142,interpolado
0.3098411682336467,-0.0014629851460963904,interpolado
0.3099409881976395,-0.0009067100402710821,interpolado
0.31,-0.000524,original
0.3101406281256252,0.0005492982163316904,interpolado
0.3102404480896179,0.001429476192608645,interpolado
0.31034026805361076,0.0023877090614464022,interpolado
0.3104400880176035,0.0034062225691392244,interpolado
0.31053990798159625,0.004467242461982952,interpolado
0.31063972794558903,0.005552994486273523,interpolado
0.3107395479095818,0.006645704388305058,interpolado
0.3108393678735747,0.007727597914374081,interpolado
0.3109391878375674,0.008780900810774707,interpolado
0.311,0.009401,original
0.31113882776555307,0.010719999264134725,interpolado
0.31123864772954585,0.011537482519332544,interpolado
0.3113384676935387,0.012198550826081893,interpolado
0.3114382876575315,0.012661702416279046,interpolado
0.31153810762152423,0.012885435521821429,interpolado
0.31163792758551706,0.012828248374605949,interpolado
0.3117377475495099,0.012448639206529674,interpolado
0.31183756751350267,0.011705106249489141,interpolado
0.3119373874774955,0.010556147735382184,interpolado
0.312,0.00961,original
0.31213702740548105,0.006944560219695979,interpolado
0.3122368473694739,0.004616017706594437,interpolado
0.31233666733346666,0.0020936498447353216,interpolado
0.31243648729745943,-0.000504901524960809,interpolado
0.3125363072614522,-0.0030619945615776006,interpolado
0.31263612722544504,-0.005459987424198615,interpolado
0.3127359471894378,-0.007581238271903425,interpolado
0.3128357671534307,-0.009308105263776538,interpolado
0.3129355871174234,-0.01052294655889827,interpolado
0.313,-0.01098,original
0.313135227045409,-0.011031172537204047,interpolado
0.31323504700940186,-0.010366251652400212,interpolado
0.31333486697339463,-0.009202829519259662,interpolado
0.3134346869373874,-0.007628848819615358,interpolado
0.3135345069013803,-0.005732252235298422,interpolado
0.31363432686537307,-0.0036009824481392535,interpolado
0.31373414682936585,-0.0013229821399718925,interpolado
0.3138339667933587,0.0010138060073744547,interpolado
0.31393378675735145,0.003321439312065518,interpolado
0.314,0.004793,original
0.31413342668533706,0.007525705447636736,interpolado
0.3142332466493299,0.009340818509143636,interpolado
0.31433306661332266,0.010940757635714804,interpolado
0.31443288657731544,0.012308515021920725,interpolado
0.3145327065413082,0.013427082862334613,interpolado
0.31463252650530105,0.014279453351529124,interpolado
0.31473234646929377,0.014848618684075568,interpolado
0.3148321664332866,0.015117571054546825,interpolado
0.3149319863972794,0.015069302657514843,interpolado
0.315,0.014846,original
0.31513162632526504,0.013980195494310295,interpolado
0.31523144628925787,0.012998550859538958,interpolado
0.31533126625325064,0.01179622331008021,interpolado
0.3154310862172434,0.010427181676796547,interpolado
0.31553090618123625,0.008945394790552811,interpolado
0.31563072614522897,0.007404831482210716,interpolado
0.31573054610922185,0.005859460582635292,interpolado
0.31583036607321463,0.004363250922688991,interpolado
0.31593018603720746,0.002970171333234369,interpolado
0.316,0.002086,original
0.3161298259651931,0.0006852408534535802,interpolado
0.3162296459291859,-0.00018363460922771898,interpolado
0.3163294658931787,-0.0008843172115872651,interpolado
0.31642928585717145,-0.0014283916543633356,interpolado
0.3165291058211642,-0.001827442638293349,interpolado
0.3166289257851571,-0.0020930548641157785,interpolado
0.31672874574914983,-0.0022368130325683515,interpolado
0.3168285657131426,-0.0022703018443892666,interpolado
0.31692838567713544,-0.002205106000316481,interpolado
0.317,-0.002104,original
0.31712802560512104,-0.0018242443807395853,interpolado
0.31722784556911376,-0.0015290030846437305,interpolado
0.31732766553310654,-0.001176516468163175,interpolado
0.31742748549709937,-0.0007762227577125008,interpolado
0.31752730546109215,-0.00033756017970697325,interpolado
0.31762712542508503,0.0001300330394390687,interpolado
0.31772694538907775,0.0006171186733102856,interpolado
0.31782676535307053,0.0011142584954921138,interpolado
0.31792658531706336,0.0016120142795700127,interpolado
0.318,0.001973,original
0.31812622524504897,0.0025705892664731416,interpolado
0.3182260452090418,0.003008670767512487,interpolado
0.3183258651730345,0.0034026836570047046,interpolado
0.3184256851370274,0.003740128733115644,interpolado
0.3185255051010202,0.004008506794010606,interpolado
0.3186253250650129,0.004195318637855549,interpolado
0.3187251450290058,0.004288065062815945,interpolado
0.31882496499299856,0.0042742468670575965,interpolado
0.3189247849569914,0.004141364848746078,interpolado
0.319,0.003955,original
0.31912442488497705,0.0034833856436343818,interpolado
0.31922424484896983,0.0029909949859267264,interpolado
0.3193240648129626,0.0024337511352162068,interpolado
0.31942388477695544,0.0018455416077831123,interpolado
0.3195237047409482,0.001260253919908726,interpolado
0.3196235247049411,0.0007117755878730574,interpolado
0.3197233446689338,0.00023399412795734715,interpolado
0.3198231646329266,-0.00013920294355810583,interpolado
0.3199229845969194,-0.0003739281103927708,interpolado
0.32,-0.000439,original
0.3201226245249051,-0.00031543749167589933,interpolado
0.3202224444888978,-4.58421352518761e-05,interpolado
0.3203222644528905,0.00033171249781601433,interpolado
0.32042208441688336,0.0007765947836228832,interpolado
0.32052190438087613,0.0012481730982630682,interpolado
0.320621724344869,0.0017058158178318969,interpolado
0.32072154430886174,0.0021088913184236914,interpolado
0.32082136427285446,0.002416767976133568,interpolado
0.32092118423684735,0.002588814167056427,interpolado
0.321,0.002602,original
0.32112082416483284,0.0023860350993844563,interpolado
0.3212206441288257,0.0020246150490527384,interpolado
0.3213204640928185,0.0015379397486776894,interpolado
0.32142028405681144,0.000963689228451328,interpolado
0.3215201040208041,0.0003395435185668172,interpolado
0.3216199239847969,-0.0002968173507836287,interpolado
0.32171974394878977,-0.0009077133494078238,interpolado
0.32181956391278255,-0.0014554644471125627,interpolado
0.32191938387677543,-0.0019023906137058972,interpolado
0.322,-0.002164,original
0.322119023804761,-0.0023612428014605103,interpolado
0.32221884376875376,-0.0023745153192105246,interpolado
0.3223186637327466,-0.002277420225840362,interpolado
0.32241848369673937,-0.0020966719545395186,interpolado
0.32251830366073214,-0.0018589849384977812,interpolado
0.32261812362472486,-0.0015910736109046428,interpolado
0.3227179435887177,-0.001319652404949532,interpolado
0.3228177635527104,-0.0010714357538223346,interpolado
0.3229175835167033,-0.000873138090712381,interpolado
0.323,-0.000766,original
0.3231172234446888,-0.0007177152135322705,interpolado
0.3232170434086817,-0.0007468851252640251,interpolado
0.3233168633726745,-0.0008084376675415926,interpolado
0.32341668333666734,-0.0008718774569419768,interpolado
0.3235165033006601,-0.000906709110042065,interpolado
0.32361632326465284,-0.0008824372434188667,interpolado
0.3237161432286457,-0.0007685664736492609,interpolado
0.32381596319263856,-0.000534601417310331,interpolado
0.32391578315663144,-0.00015004669097875298,interpolado
0.324,0.000314,original
0.32411542308461694,0.0011739269462069013,interpolado
0.3242152430486098,0.002089631474008127,interpolado
0.3243150630126025,0.0031198605108417967,interpolado
0.3244148829765953,0.004221814551069641,interpolado
0.3245147029405881,0.0053526940890510554,interpolado
0.32461452290458087,0.006469699619147267,interpolado
0.32471434286857376,0.007530031635719485,interpolado
0.3248141628325665,0.008490890633127145,interpolado
0.32491398279655936,0.0093094771057319,interpolado
0.325,0.009868,original
0.32511362272454486,0.010361150596091127,interpolado
0.3252134426885377,0.010566575868778193,interpolado
0.3253132626525305,0.010567409121859314,interpolado
0.32541308261652324,0.010371769673827974,interpolado
0.3255129025805161,0.009987776843177884,interpolado
0.3256127225445089,0.009423549948402464,interpolado
0.32571254250850173,0.008687208307994743,interpolado
0.32581236247249445,0.007786871240449021,interpolado
0.32591218243648734,0.006730658064257793,interpolado
0.326,0.005679,original
0.3261118223644728,0.0041911543765294264,interpolado
0.3262116423284658,0.0027626938446336353,interpolado
0.32631146229245855,0.0012838938757274837,interpolado
0.3264112822564514,-0.00020266814040012518,interpolado
0.32651110222044416,-0.0016544148139570345,interpolado
0.3266109221844369,-0.0030287687551535793,interpolado
0.32671074214842977,-0.004283152574199922,interpolado
0.3268105621124225,-0.0053749888813041605,interpolado
0.3269103820764153,-0.00626170028667654,interpolado
0.327,-0.006848,original
0.32711002200440087,-0.007268006829322069,interpolado
0.3272098419683937,-0.007394137168901162,interpolado
0.3273096619323865,-0.007319739085216985,interpolado
0.32740948189637925,-0.007085436439935534,interpolado
0.32750930186037197,-0.006731853094722437,interpolado
0.32760912182436486,-0.006299612911243968,interpolado
0.3277089417883576,-0.005829339751165548,interpolado
0.32780876175235046,-0.005361657476153578,interpolado
0.32790858171634324,-0.004937189947873658,interpolado
0.328,-0.004621,original
0.3281082216443288,-0.004366815993564279,interpolado
0.3282080416083216,-0.004232851024524867,interpolado
0.3283078615723144,-0.004171352025964033,interpolado
0.32840768153630717,-0.004159011256436395,interpolado
0.3285075015003,-0.004172520974496688,interpolado
0.3286073214642928,-0.004188573438699604,interpolado
0.3287071414282856,-0.004183860907599855,interpolado
0.32880696139227844,-0.0041350756397521525,interpolado
0.32890678135627116,-0.004018909893711224,interpolado
0.329,-0.003829,original
0.32910642128425677,-0.00350080848257612,interpolado
0.32920624124824965,-0.0031029439054610594,interpolado
0.32930606121224243,-0.0026427013758886972,interpolado
0.32940588117623515,-0.0021443177811884383,interpolado
0.32950570114022804,-0.0016320300086895985,interpolado
0.3296055211042208,-0.0011300749457223594,interpolado
0.3297053410682137,-0.000662689479615794,interpolado
0.3298051610322064,-0.0002541104977000325,interpolado
0.32990498099619925,7.142511269559403e-05,interpolado
0.33,0.000282,original
0.3301046209241848,0.00038587998996917364,interpolado
0.33020444088817763,0.0003780019746425746,interpolado
0.3303042608521704,0.00029111642219728815,interpolado
0.33040408081616324,0.00015029242228633058,interpolado
0.330503900780156,-1.9400935437401405e-05,interpolado
0.3306037207441488,-0.00019289456132071348,interpolado
0.3307035407081417,-0.0003451193657107736,interpolado
0.33080336067213445,-0.000451006258954407,interpolado
0.3309031806361272,-0.0004854861513987122,interpolado
0.331,-0.000427,original
0.33110282056411283,-0.00024771512786164377,interpolado
0.33120264052810566,3.075496348896688e-05,interpolado
0.33130246049209844,0.00039435170895504976,interpolado
0.3314022804560912,0.0008255066898555156,interpolado
0.33150210042008404,0.0013066514875094241,interpolado
0.3316019203840768,0.0018202176832350183,interpolado
0.33170174034806965,0.0023486368583516297,interpolado
0.3318015603120625,0.0028743405941774472,interpolado
0.33190138027605526,0.0033797604720315452,interpolado
0.332,0.003842,original
0.3321010202040409,0.004261883081498104,interpolado
0.3322008401680338,0.004617556292291496,interpolado
0.3323006601320266,0.004910718999822906,interpolado
0.33240048009601936,0.0051377424942639005,interpolado
0.3325003000600122,0.005294998065785896,interpolado
0.33260012002400496,0.005378857004560071,interpolado
0.3326999399879977,0.005385690600757884,interpolado
0.3327997599519906,0.005311870144550623,interpolado
0.33289957991598335,0.005153766926109716,interpolado
0.333,0.004906,original
0.3330992198439689,0.0045765916002656415,interpolado
0.33319903980796167,0.0041890929983136194,interpolado
0.3332988597719545,0.0037806935066578076,interpolado
0.3333986797359472,0.003386830203621266,interpolado
0.33349849969994005,0.003042940167526195,interpolado
0.3335983196639327,0.002784460476695585,interpolado
0.3336981396279256,0.0026468282094518234,interpolado
0.3337979595919184,0.0026654804441175626,interpolado
0.33389777955591116,0.002875854259015392,interpolado
0.334,0.003327,original
0.33409741948389676,0.003997500634619578,interpolado
0.33419723944788954,0.004878767686722425,interpolado
0.3342970594118824,0.005889260045692997,interpolado
0.33439687937587514,0.006961049628857846,interpolado
0.334496699339868,0.008026208353545786,interpolado
0.33459651930386075,0.009016808137083315,interpolado
0.3346963392678536,0.009864920896798728,interpolado
0.33479615923184647,0.010502618550020023,interpolado
0.33489597919583924,0.010861973014074157,interpolado
0.335,0.010867,original
0.33509561912382485,0.010494231657361795,interpolado
0.3351954390878176,0.009763963733427854,interpolado
0.33529525905181046,0.008754834113233034,interpolado
0.33539507901580323,0.00753742619616781,interpolado
0.335494898979796,0.0061823233816202415,interpolado
0.33559471894378884,0.004760109068981189,interpolado
0.3356945389077816,0.003341366657639253,interpolado
0.33579435887177445,0.0019966795469830464,interpolado
0.33589417883576717,0.0007966311364034191,interpolado
0.336,-0.000239,original
0.33609381876375277,-0.0009020121614880741,interpolado
0.33619363872774555,-0.001359941817617966,interpolado
0.33629345869173843,-0.0015983229902426148,interpolado
0.3363932786557312,-0.0016534983990320956,interpolado
0.336493098619724,-0.0015618107636568381,interpolado
0.3365929185837169,-0.0013596028037872866,interpolado
0.33669273854770965,-0.0010832172390937511,interpolado
0.3367925585117024,-0.0007689967892463785,interpolado
0.3368923784756953,-0.0004532841739158609,interpolado
0.337,-0.000153,original
0.3370920184036809,4.287848633679001e-05,interpolado
0.33719183836767364,0.0001904100432454581,interpolado
0.33729165833166647,0.00027696118016131647,interpolado
0.33739147829565924,0.00030932395145916186,interpolado
0.3374912982596521,0.00029429041151392754,interpolado
0.33759111822364474,0.00023865261470052307,interpolado
0.33769093818763757,0.0001492026153938417,interpolado
0.33779075815163034,3.273246796870217e-05,interpolado
0.3378905781156232,-0.00010396577319987373,interpolado
0.338,-0.000269,original
0.3380902180436087,-0.00041061012894506096,interpolado
0.33819003800760156,-0.0005650019196992142,interpolado
0.3382898579715943,-0.000708304147314465,interpolado
0.3383896779355871,-0.0008315452097820025,interpolado
0.33848949789957994,-0.000925753505093261,interpolado
0.3385893178635727,-0.000981957431239611,interpolado
0.33868913782756555,-0.000991185386212338,interpolado
0.3387889577915583,-0.0009444657680027922,interpolado
0.33888877775555115,-0.0008328269746023739,interpolado
0.339,-0.000621,original
0.33908841768353676,-0.0003821092714091363,interpolado
0.3391882376475296,-4.95945617539398e-05,interpolado
0.33928805761152236,0.0003315650939863223,interpolado
0.33938787757551514,0.0007426811937463621,interpolado
0.3394876975395079,0.0011650652354615238,interpolado
0.3395875175035007,0.0015800287170671776,interpolado
0.3396873374674935,0.0019688831364979976,interpolado
0.3397871574314863,0.002312939991689536,interpolado
0.33988697739547913,0.0025935107805765494,interpolado
0.34,0.002811,original
0.3400866173234648,0.0028917716881483174,interpolado
0.3401864372874575,0.0028906719106239955,interpolado
0.34028625725145034,0.0027913216411415563,interpolado
0.3403860772154432,0.002596443109095747,interpolado
0.340485897179436,0.002308758543881174,interpolado
0.3405857171434288,0.0019309901748922388,interpolado
0.3406855371074216,0.0014658602315239973,interpolado
0.3407853570714145,0.0009160909431705714,interpolado
0.3408851770354072,0.00028440453922720763,interpolado
0.341,-0.00054,original
0.3410848169633928,-0.0012090306343798113,interpolado
0.3411846369273856,-0.0020254180507043988,interpolado
0.34128445689137843,-0.002825996936611819,interpolado
0.34138427685537115,-0.0035610986623964627,interpolado
0.3414840968193638,-0.004181054598354081,interpolado
0.34158391678335676,-0.004636196114780175,interpolado
0.3416837367473495,-0.004876854581969514,interpolado
0.34178355671134225,-0.004853361370217609,interpolado
0.3418833766753351,-0.004516047849819761,interpolado
0.342,-0.003658,original
0.3420830166033207,-0.0027160864013466134,interpolado
0.3421828365673134,-0.0012826190079114781,interpolado
0.3422826565313063,0.0003805647081574286,interpolado
0.34238247649529907,0.002168749925894358,interpolado
0.3424822964592918,0.00397722182433632,interpolado
0.3425821164232846,0.00570126558252038,interpolado
0.3426819363872775,0.007236166379480723,interpolado
0.34278175635127034,0.00847720939425507,interpolado
0.34288157631526306,0.009319679805878143,interpolado
0.343,0.009658,original
0.3430812162432487,0.009407961591542507,interpolado
0.3431810362072415,0.008606960601216415,interpolado
0.3432808561712343,0.007350532002022761,interpolado
0.3433806761352271,0.005733563331884647,interpolado
0.3434804960992199,0.0038509421287231515,interpolado
0.3435803160632127,0.001797555930458766,interpolado
0.34368013602720554,-0.0003317077249845331,interpolado
0.34377995599119826,-0.0024419612996861837,interpolado
0.3438797759551911,-0.0044383172557255855,interpolado
0.344,-0.006557,original
0.3440794158831766,-0.00771963745432884,interpolado
0.3441792358471695,-0.008908376011160624,interpolado
0.34427905581116214,-0.009814423852080026,interpolado
0.3443788757751551,-0.010460268182652683,interpolado
0.3444786957391478,-0.010868396208443218,interpolado
0.3445785157031407,-0.011061295135017456,interpolado
0.34467833566713346,-0.01106145216794053,interpolado
0.34477815563112624,-0.010891354512777946,interpolado
0.34487797559511907,-0.010573489375094825,interpolado
0.345,-0.010017,original
0.34507761552310473,-0.009584586609669273,interpolado
0.34517743548709745,-0.008960325229101224,interpolado
0.3452772554510902,-0.00828235463861068,interpolado
0.34537707541508306,-0.007575473899137879,interpolado
0.3454768953790759,-0.006864482071624251,interpolado
0.3455767153430686,-0.0061741782170096635,interpolado
0.34567653530706144,-0.005529361396235533,interpolado
0.3457763552710542,-0.004954830670242099,interpolado
0.345876175235047,-0.00447538509996976,interpolado
0.346,-0.00405,original
0.3460758151630326,-0.0038972807141506812,interpolado
0.3461756351270254,-0.003809984583289628,interpolado
0.34627545509101815,-0.003828662265178187,interpolado
0.34637527505501103,-0.003927924340369389,interpolado
0.34647509501900375,-0.00408238138941606,interpolado
0.3465749149829966,-0.004266643992871298,interpolado
0.34667473494698936,-0.004455322731287837,interpolado
0.3467745549109822,-0.004623028185218729,interpolado
0.346874374874975,-0.004744370935216976,interpolado
0.347,-0.004792,original
0.3470740148029606,-0.004749349859922007,interpolado
0.34717383476695335,-0.004614407756058521,interpolado
0.34727365473094607,-0.004406880514099339,interpolado
0.347373474694939,-0.004144637962662803,interpolado
0.3474732946589318,-0.003845549930367718,interpolado
0.3475731146229246,-0.0035274862458322745,interpolado
0.3476729345869174,-0.0032083167376753393,interpolado
0.3477727545509101,-0.0029059112345152416,interpolado
0.347872574514903,-0.0026381395649703486,interpolado
0.348,-0.002375,original
0.34807221444288855,-0.002276025635479423,interpolado
0.3481720344068813,-0.002194943017679107,interpolado
0.34827185437087416,-0.0021666797389646806,interpolado
0.34837167433486693,-0.002178182824823584,interpolado
0.3484714942988597,-0.0022163993007432267,interpolado
0.34857131426285254,-0.0022682761922110605,interpolado
0.3486711342268453,-0.0023207605247144484,interpolado
0.34877095419083814,-0.0023607993237408434,interpolado
0.34887077415483103,-0.002375339614777671,interpolado
0.349,-0.002335,original
0.3490704140828166,-0.0022772562452977145,interpolado
0.34917023404680936,-0.002157249862952777,interpolado
0.3492700540108021,-0.0020045268291252402,interpolado
0.34936987397479496,-0.0018324171111638514,interpolado
0.34946969393878774,-0.0016542506764176546,interpolado
0.34956951390278057,-0.0014833574922354057,interpolado
0.34966933386677346,-0.001333067525965877,interpolado
0.3497691538307661,-0.0012167107449580878,interpolado
0.34986897379475895,-0.0011476171165607728,interpolado
0.35,-0.001151,original
0.3500686137227445,-0.00120220818092773,interpolado
0.3501684336867373,-0.0013227324338168274,interpolado
0.35026825365073017,-0.0014711746754665093,interpolado
0.35036807361472294,-0.0016178009164687836,interpolado
0.3504678935787158,-0.0017328771674153523,interpolado
0.3505677135427085,-0.001786669438898179,interpolado
0.35066753350670127,-0.0017494437415090894,interpolado
0.3507673534706941,-0.0015914660858399922,interpolado
0.3508671734346869,-0.0012830024824825534,interpolado
0.351,-0.000588,original
0.3510668133626724,-0.00010015560178340519,interpolado
0.35116663332666526,0.0007732368102690577,interpolado
0.35126645329065803,0.0017666113467059397,interpolado
0.3513662732546509,0.0028201816479725074,interpolado
0.3514660932186437,0.003874161354511795,interpolado
0.35156591318263647,0.004868764106768615,interpolado
0.35166573314662936,0.005744203545187641,interpolado
0.3517655531106221,0.006440693310212109,interpolado
0.35186537307461496,0.006898447042286958,interpolado
0.352,0.007032,original
0.35206501300260046,0.006865507125882386,interpolado
0.3521648329665933,0.006353984268549093,interpolado
0.35226465293058606,0.005612245653320891,interpolado
0.35236447289457884,0.004730486948463599,interpolado
0.3524642928585717,0.0037989038222447603,interpolado
0.3525641128225644,0.0029076919429304395,interpolado
0.35266393278655733,0.002147046978786794,interpolado
0.35276375275055005,0.0016071645980812346,interpolado
0.35286357271454294,0.001378240469079799,interpolado
0.353,0.001732,original
0.3530632126425285,0.0022057892507046,interpolado
0.3531630326065213,0.0033174605040594734,interpolado
0.3532628525705141,0.004782123427008709,interpolado
0.353362672534507,0.006494813100909307,interpolado
0.35346249249849976,0.008350564607114818,interpolado
0.3535623124624926,0.01024441302698164,interpolado
0.3536621324264853,0.012071393441866236,interpolado
0.3537619523904782,0.013726540933122044,interpolado
0.353861772354471,0.015104890582106269,interpolado
0.354,0.016361,original
0.3540614122824566,0.016617909854086413,interpolado
0.35416123224644935,0.016648453501079963,interpolado
0.35426105221044213,0.016255896408529716,interpolado
0.3543608721744349,0.015504634491383845,interpolado
0.3544606921384277,0.014459063664591739,interpolado
0.35456051210242046,0.013183579843101595,interpolado
0.35466033206641323,0.011742578941861112,interpolado
0.354760152030406,0.01020045687582044,interpolado
0.35485997199439884,0.008621609559926474,interpolado
0.355,0.006468,original
0.3550596119223844,0.005609321166383638,interpolado
0.3551594318863772,0.004270382289686695,interpolado
0.35525925185037,0.0030622370862608056,interpolado
0.35535907181436277,0.0019928921315317044,interpolado
0.35545889177835566,0.001070354000925435,interpolado
0.3555587117423485,0.0003026292698695399,interpolado
0.35565853170634126,-0.0003022754862103114,interpolado
0.35575835167033415,-0.0007363536918869309,interpolado
0.35585817163432687,-0.000991598771734184,interpolado
0.356,-0.001031,original
0.3560578115623125,-0.0009350848594566772,interpolado
0.3561576315263053,-0.0006351147087537943,interpolado
0.3562574514902981,-0.000198499429889382,interpolado
0.3563572714542908,0.00033577144166535827,interpolado
0.35645709141828363,0.0009287083704394426,interpolado
0.3565569113822764,0.0015413218209608722,interpolado
0.3566567313462693,0.0021346222577589584,interpolado
0.356756551310262,0.002669620145361701,interpolado
0.3568563712742547,0.0031073259482981173,interpolado
0.357,0.003488,original
0.35705601120224034,0.003536881805759944,interpolado
0.35715583116623323,0.0034894050204716176,interpolado
0.35725565113022595,0.003293580096022097,interpolado
0.3573554710942188,0.002977614084369887,interpolado
0.35745529105821156,0.002569714037473228,interpolado
0.3575551110222043,0.002098087007291074,interpolado
0.3576549309861972,0.0015909400457814241,interpolado
0.35775475095019,0.0010764802049033392,interpolado
0.3578545709141827,0.0005829145366150331,interpolado
0.358,-4.06e-05,original
0.35805421084216843,-0.0002296783797326681,interpolado
0.3581540308061612,-0.0005126501033822237,interpolado
0.358253850770154,-0.0007180996491058379,interpolado
0.35835367073414676,-0.000854240615654925,interpolado
0.3584534906981396,-0.0009292866017807449,interpolado
0.3585533106621324,-0.0009514512062344514,interpolado
0.35865313062612525,-0.0009289480277673129,interpolado
0.358752950590118,-0.0008699906651305914,interpolado
0.3588527705541108,-0.0007827927170755201,interpolado
0.359,-0.00062,original
0.3590524104820964,-0.0005564050301347403,interpolado
0.3591522304460892,-0.0004308422334131259,interpolado
0.35925205041008196,-0.0003020271952169785,interpolado
0.35935187037407484,-0.00017301561747810258,interpolado
0.35945169033806756,-4.68632021283015e-05,interpolado
0.35955151030206045,7.337434890041071e-05,interpolado
0.3596513302660533,0.00018464133367629166,interpolado
0.35975115023004595,0.000283882050267344,interpolado
0.3598509701940388,0.00036804079674176017,interpolado
0.36,0.000459,original
0.3600506101220244,0.0004789558362277943,interpolado
0.3601504300860172,0.0005012082938527616,interpolado
0.36025025005001,0.0005007531407867318,interpolado
0.3603500700140028,0.00047758518894016624,interpolado
0.36044988997799565,0.0004316992502234755,interpolado
0.36054970994198837,0.0003630901365471532,interpolado
0.3606495299059812,0.00027175265982162285,interpolado
0.36074934986997403,0.0001576816319572573,interpolado
0.36084916983396675,2.0871864864625822e-05,interpolado
0.3609489897979596,-0.00013868182954598093,interpolado
0.361,-0.000229,original
0.36114862972594514,-0.0005241525429115578,interpolado
0.36124844968993797,-0.0007450340928521844,interpolado
0.36134826965393074,-0.0009801338346409093,interpolado
0.36144808961792363,-0.001226023222530093,interpolado
0.3615479095819164,-0.0014792737107715644,interpolado
0.3616477295459091,-0.0017364567536175609,interpolado
0.361747549509902,-0.0019941438053203294,interpolado
0.36184736947389473,-0.0022489063201316852,interpolado
0.3619471894378875,-0.002497315752304011,interpolado
0.362,-0.002625,original
0.3621468293658732,-0.0029642884242726143,interpolado
0.362246649329866,-0.003184015931674599,interpolado
0.3623464692938588,-0.003397312121933015,interpolado
0.36244628925785155,-0.003606266971842916,interpolado
0.3625461092218443,-0.0038129704581988887,interpolado
0.3626459291858371,-0.004019512557795867,interpolado
0.3627457491498298,-0.004227983247428782,interpolado
0.36284556911382276,-0.004440472503892224,interpolado
0.3629453890778155,-0.00465907030398124,interpolado
0.363,-0.004782,original
0.3631450290058011,-0.005114765344126427,interpolado
0.36324484896979403,-0.005333022811350695,interpolado
0.3633446689337867,-0.005526466449651855,interpolado
0.3634444888977797,-0.005681171646295418,interpolado
0.36354430886177236,-0.00578321378854651,interpolado
0.36364412882576513,-0.005818668263670539,interpolado
0.363743948789758,-0.005773610458932769,interpolado
0.36384376875375074,-0.005634115761598546,interpolado
0.36394358871774357,-0.00538625955893301,interpolado
0.364,-0.005193,original
0.3641432286457291,-0.004539923993423659,interpolado
0.364243048609722,-0.004000648926338172,interpolado
0.36434286857371484,-0.003446462134135976,interpolado
0.36444268853770756,-0.0029246941212384353,interpolado
0.3645425085017003,-0.0024826753920680726,interpolado
0.36464232846569306,-0.0021677364510465057,interpolado
0.3647421484296859,-0.002027207802595632,interpolado
0.36484196839367866,-0.0021084199511375544,interpolado
0.3649417883576715,-0.002458703401094337,interpolado
0.365,-0.002806,original
0.3651414282856571,-0.004094483874539517,interpolado
0.36524124824964993,-0.00529291617198516,interpolado
0.3653410682136427,-0.006637090526350761,interpolado
0.36544088817763554,-0.008044973445518473,interpolado
0.3655407081416282,-0.009434531437367461,interpolado
0.36564052810562103,-0.010723731009779261,interpolado
0.3657403480696139,-0.011830538670635184,interpolado
0.36584016803360664,-0.012672920927814725,interpolado
0.3659399879975995,-0.013168844289199485,interpolado
0.366,-0.013266,original
0.366139627925585,-0.012867263465044815,interpolado
0.36623944788957785,-0.012131150608323316,interpolado
0.3663392678535706,-0.011110027372477705,interpolado
0.3664390878175635,-0.009884267667300339,interpolado
0.36653890778155623,-0.008534245402583112,interpolado
0.36663872774554906,-0.007140334488120251,interpolado
0.3667385477095419,-0.0057829088337029615,interpolado
0.3668383676735346,-0.004542342349125466,interpolado
0.36693818763752745,-0.0034990089441796633,interpolado
0.367,-0.002987,original
0.367137827565513,-0.00226834182386572,interpolado
0.3672376475295059,-0.002062954956026616,interpolado
0.3673374674934987,-0.002065933327496286,interpolado
0.3674372874574914,-0.002227287736731039,interpolado
0.36753710742148415,-0.002497028982187535,interpolado
0.367636927385477,-0.002825167862321942,interpolado
0.3677367473494698,-0.0031617151755910533,interpolado
0.36783656731346265,-0.003456681720450961,interpolado
0.36793638727745537,-0.003660078295358345,interpolado
0.368,-0.003719,original
0.3681360272054411,-0.003625534927468458,interpolado
0.3682358471694339,-0.00339467728669063,interpolado
0.3683356671334267,-0.0030590070518551862,interpolado
0.3684354870974194,-0.002647559938172003,interpolado
0.3685353070614123,-0.0021893716608507854,interpolado
0.3686351270254051,-0.0017134779351020233,interpolado
0.3687349469893979,-0.0012489144761351908,interpolado
0.3688347669533906,-0.0008247169991607839,interpolado
0.3689345869173835,-0.000469921219388508,interpolado
0.369,-0.000289,original
0.369134226845369,-6.742056588844437e-05,interpolado
0.3692340468093619,-2.081482524349101e-05,interpolado
0.36933386677335467,-5.990616233632752e-05,interpolado
0.36943368673734744,-0.00017114576872573887,interpolado
0.3695335067013403,-0.00034098483597066906,interpolado
0.36963332666533305,-0.0005558745556297604,interpolado
0.36973314662932577,-0.0008022661192620712,interpolado
0.36983296659331855,-0.0010666107184261584,interpolado
0.3699327865573113,-0.001335359544680988,interpolado
0.37,-0.001512,original
0.37013242648529704,-0.0018313831417460773,interpolado
0.3702322464492898,-0.0020298920629321314,interpolado
0.3703320664132827,-0.0021756714028206277,interpolado
0.3704318863772754,-0.002253909348028981,interpolado
0.37053170634126825,-0.0022497940851744593,interpolado
0.370631526305261,-0.0021485138008743533,interpolado
0.37073134626925386,-0.001935256681745827,interpolado
0.37083116623324675,-0.001595210914406405,interpolado
0.3709309861972394,-0.0011135646854732947,interpolado
0.371,-0.00069,original
0.371130626125225,0.00031410313389728777,interpolado
0.37123044608921785,0.001221077286701619,interpolado
0.37133026605321073,0.0022072968013707893,interpolado
0.3714300860172035,0.0032349002497286737,interpolado
0.37152990598119623,0.004266026203599237,interpolado
0.37162972594518895,0.005262813234804715,interpolado
0.3717295459091819,0.006187399915169569,interpolado
0.37182936587317456,0.007001924816516148,interpolado
0.37192918583716733,0.007668526510668394,interpolado
0.372,0.008031,original
0.372128825765153,0.008426263718655678,interpolado
0.37222864572914566,0.008512593451606203,interpolado
0.3723284656931386,0.008425821149403417,interpolado
0.3724282856571313,0.008183209771875201,interpolado
0.3725281056211242,0.007802022278849097,interpolado
0.3726279255851169,0.007299521630153312,interpolado
0.37272774554910976,0.006692970785615462,interpolado
0.3728275655131026,0.00599963270506292,interpolado
0.37292738547709536,0.005236770348324248,interpolado
0.373,0.004648,original
0.37312702540508097,0.0035807800068532575,interpolado
0.3732268453690738,0.002756379445999925,interpolado
0.3733266653330666,0.0019927467885413304,interpolado
0.37342648529705935,0.0013340929041782302,interpolado
0.3735263052610522,0.000824628662609832,interpolado
0.3736261252250449,0.0005085649335366106,interpolado
0.37372594518903773,0.000430112586658126,interpolado
0.37382576515303056,0.0006334824916744647,interpolado
0.37392558511702334,0.0011628855182853099,interpolado
0.374,0.001796,original
0.374125225045009,0.0033269434494438686,interpolado
0.37422504500900183,0.004860990902595822,interpolado
0.37432486497299466,0.006557460282074394,interpolado
0.3744246849369874,0.008309551895479647,interpolado
0.37452450490098016,0.01001046605041539,interpolado
0.374624324864973,0.01155340305448168,interpolado
0.37472414482896577,0.012831563215281479,interpolado
0.37482396479295865,0.01373814684041716,interpolado
0.3749237847569513,0.014166354237489659,interpolado
0.375,0.014105,original
0.37512342468493703,0.013232669337864964,interpolado
0.37522324464892975,0.011940128749949638,interpolado
0.3753230646129227,0.010254715375581964,interpolado
0.3754228845769153,0.008298875403540056,interpolado
0.3755227045409082,0.00619505502259808,interpolado
0.37562252450490097,0.004065700421534626,interpolado
0.3757223444688937,0.002033257789124743,interpolado
0.3758221644328865,0.00022017331414370817,interpolado
0.37592198439687924,-0.0012511068146302212,interpolado
0.376,-0.002084,original
0.37612162432486496,-0.0027418743355706178,interpolado
0.37622144428885773,-0.002772357086442204,interpolado
0.3763212642528505,-0.002437816774097215,interpolado
0.3764210842168433,-0.0018261201754411242,interpolado
0.3765209041808361,-0.0010251340673784108,interpolado
0.37662072414482894,-0.00012272522681506046,interpolado
0.3767205441088217,0.0007932395693442717,interpolado
0.37682036407281444,0.0016348935441949557,interpolado
0.3769201840368073,0.0023143699208309663,interpolado
0.377,0.002682,original
0.37711982396479293,0.002876966761533949,interpolado
0.37721964392878565,0.002757560680539367,interpolado
0.37731946389277854,0.0024423630621182076,interpolado
0.37741928385677137,0.0019879595255730856,interpolado
0.37751910382076415,0.0014509356902058016,interpolado
0.3776189237847569,0.0008878771753192138,interpolado
0.3777187437487496,0.0003553696002152839,interpolado
0.3778185637127426,-9.00014158039666e-05,interpolado
0.3779183836767353,-0.00039165025343577855,interpolado
0.378,-0.000492,original
0.37811802360472085,-0.00036636121533517384,interpolado
0.37821784356871374,-5.027723044819196e-05,interpolado
0.3783176635327065,0.0004067545767490952,interpolado
0.37841748349669935,0.0009563342426293287,interpolado
0.37851730346069207,0.001550061803565901,interpolado
0.378617123424685,0.0021395372959323007,interpolado
0.37871694338867773,0.0026763607561010225,interpolado
0.37881676335267056,0.0031121322204457767,interpolado
0.3789165833166634,0.0033984517253392295,interpolado
0.379,0.003488,original
0.379116223244649,0.0033538579902310916,interpolado
0.3792160432086418,0.0030354964076830635,interpolado
0.37931586317263466,0.0025774819381129714,interpolado
0.3794156831366274,0.0020253924554327935,interpolado
0.3795155031006201,0.0014248058335537559,interpolado
0.37961532306461293,0.0008212999463869787,interpolado
0.3797151430286058,0.00026045266784459933,interpolado
0.3798149629925985,-0.00021215812816250236,interpolado
0.3799147829565913,-0.0005509545677223348,interpolado
0.38,-0.0007,original
0.380114422884577,-0.0006691459619698355,interpolado
0.38021424284856964,-0.0004685369528108241,interpolado
0.3803140628125625,-0.00016001498699215466,interpolado
0.3804138827765553,0.00020498731936811757,interpolado
0.380513702740548,0.0005750373501524448,interpolado
0.38061352270454085,0.0008987024892432948,interpolado
0.38071334266853374,0.0011245501205225921,interpolado
0.3808131626325265,0.0012011476278728352,interpolado
0.3809129825965193,0.0010770623951762228,interpolado
0.381,0.000765,original
0.3811126225245049,5.222187480644187e-05,interpolado
0.3812124424884977,-0.0008048165044837401,interpolado
0.3813122624524905,-0.0017916805848527135,interpolado
0.3814120824164833,-0.0028298433174300305,interpolado
0.381511902380476,-0.0038407776533469005,interpolado
0.38161172234446883,-0.00474595654373446,interpolado
0.3817115423084616,-0.00546685293972236,interpolado
0.38181136227245444,-0.005924939792441988,interpolado
0.38191118223644727,-0.006041690053023487,interpolado
0.382,-0.005795,original
0.3821108221644329,-0.004980608216350705,interpolado
0.3822106421284256,-0.0038576021259340695,interpolado
0.3823104620924186,-0.002481957398232285,interpolado
0.38241028205641137,-0.0009660304307356415,interpolado
0.38251010202040414,0.0005778223790678483,interpolado
0.38260992198439703,0.0020372446336902332,interpolado
0.3827097419483898,0.0032998799356411283,interpolado
0.3828095619123827,0.004253371887433082,interpolado
0.38290938187637547,0.004785364091576273,interpolado
0.383,0.004809,original
0.3831090218043611,0.004189387621665609,interpolado
0.38320884176835396,0.003108106991777061,interpolado
0.3833086617323467,0.0016758576330251173,interpolado
0.3834084816963395,2.8806469530297545e-05,interpolado
0.3835083016603323,-0.0016968795745840317,interpolado
0.38360812162432495,-0.0033650335751981546,interpolado
0.38370794158831784,-0.004839488608188683,interpolado
0.3838077615523106,-0.005984077749435098,interpolado
0.38390758151630344,-0.006662634074816152,interpolado
0.384,-0.006757,original
0.38410722144428894,-0.0061344313252300175,interpolado
0.38420704140828177,-0.0049540767298906765,interpolado
0.38430686137227443,-0.003339912906439988,interpolado
0.38440668133626726,-0.0014339069895338786,interpolado
0.38450650130026004,0.000621973886168438,interpolado
0.3846063212642528,0.0026857625860120405,interpolado
0.3847061412282456,0.004615491975337529,interpolado
0.3848059611922384,0.0062691949194890306,interpolado
0.3849057811562312,0.007504904283810054,interpolado
0.385,0.00816,original
0.38510542108421686,0.00820331542241629,interpolado
0.38520524104820963,0.007644812928825903,interpolado
0.3853050610122025,0.0066119634920375845,interpolado
0.38540488097619535,0.005211577825790424,interpolado
0.38550470094018807,0.003550466643825975,interpolado
0.3856045209041809,0.0017354406598824746,interpolado
0.38570434086817373,-0.00012668941229806882,interpolado
0.38580416083216656,-0.0019291128589766767,interpolado
0.3859039807961594,-0.003565018966414241,interpolado
0.386,-0.004882,original
0.38610362072414495,-0.005938634590372517,interpolado
0.3862034406881377,-0.006621954152839783,interpolado
0.38630326065213044,-0.007024138702071355,interpolado
0.3864030806161233,-0.0071917698205928166,interpolado
0.3865029005801161,-0.007171429090929548,interpolado
0.3866027205441089,-0.007009698095607126,interpolado
0.38670254050810166,-0.006753158417151299,interpolado
0.3868023604720944,-0.006448391638087559,interpolado
0.38690218043608726,-0.006141979340941286,interpolado
0.387,-0.005885,original
0.3871018203640727,-0.005699973506615365,interpolado
0.38720164032806553,-0.005596584822623903,interpolado
0.3873014602920583,-0.005557157777449772,interpolado
0.3874012802560511,-0.0055685131724399345,interpolado
0.38750110022004397,-0.005617471808941313,interpolado
0.3876009201840367,-0.005690854488300887,interpolado
0.3877007401480295,-0.005775482011865512,interpolado
0.3878005601120224,-0.005858175180982168,interpolado
0.3879003800760151,-0.005925754796997822,interpolado
0.388,-0.005965,original
0.38810002000400073,-0.005964258934056455,interpolado
0.3881998399679936,-0.005917205588480687,interpolado
0.3882996599319863,-0.005819066195527366,interpolado
0.3883994798959792,-0.0056650253261804956,interpolado
0.388499299859972,-0.00545026755142434,interpolado
0.3885991198239649,-0.005169977442242761,interpolado
0.3886989397879576,-0.004819339569620167,interpolado
0.38879875975195044,-0.004393538504540521,interpolado
0.38889857971594327,-0.0038877588179876232,interpolado
0.389,-0.003287,original
0.38909821964392877,-0.0026239994538184933,interpolado
0.3891980396079216,-0.001899753795011153,interpolado
0.38929785957191443,-0.0011637040473607277,interpolado
0.3893976795359072,-0.00045510618396955974,interpolado
0.38949749949990004,0.00018678382205843585,interpolado
0.38959731946389276,0.000722709997620551,interpolado
0.38969713942788564,0.0011134163696138429,interpolado
0.3897969593918785,0.0013196469649347491,interpolado
0.38989677935587125,0.0013021458104803395,interpolado
0.39,0.001007,original
0.3900964192838568,0.0004580062212855733,interpolado
0.39019623924784963,-0.0003244335916555732,interpolado
0.39029605921184235,-0.001237881648597549,interpolado
0.39039587917583524,-0.0021945562552692414,interpolado
0.39049569913982796,-0.0031066757173975248,interpolado
0.3905955191038208,-0.0038864583407109076,interpolado
0.3906953390678137,-0.004446122430937604,interpolado
0.39079515903180634,-0.004697886293804927,interpolado
0.3908949789957993,-0.004553968235041034,interpolado
0.391,-0.003879,original
0.3910946189237848,-0.0027588505611164265,interpolado
0.3911944388877776,-0.0011383749214706196,interpolado
0.3912942588517703,0.000805005968858933,interpolado
0.3913940788157632,0.002941452589568901,interpolado
0.391493898779756,0.005141125420351531,interpolado
0.39159371874374876,0.00727418494090264,interpolado
0.39169353870774154,0.009210791630917895,interpolado
0.3917933586717343,0.01082110597008977,interpolado
0.39189317863572726,0.011975288438114563,interpolado
0.392,0.012558,original
0.39209281856371275,0.012430636457545672,interpolado
0.3921926385277056,0.01171318719901196,interpolado
0.3922924584916983,0.01052052923177145,interpolado
0.39239227845569113,0.008982054957207357,interpolado
0.39249209841968385,0.007227156776705831,interpolado
0.3925919183836767,0.005385227091650478,interpolado
0.39269173834766946,0.0035856583034247253,interpolado
0.3927915583116623,0.0019578428134150064,interpolado
0.39289137827565507,0.0006311730230040536,interpolado
0.393,-0.000319,original
0.39309101820364073,-0.0006269325709706452,interpolado
0.3931908381676335,-0.0004855969502121657,interpolado
0.3932906581316262,8.448797946727788e-05,interpolado
0.3933904780956191,0.0010087386948071664,interpolado
0.39349029805961194,0.0022125716725453774,interpolado
0.3935901180236047,0.0036214033894212717,interpolado
0.3936899379875976,0.005160650322174663,interpolado
0.3937897579515903,0.006755728947542745,interpolado
0.3938895779155832,0.008332055742266139,interpolado
0.394,0.009964,original
0.3940892178435688,0.011137478083228571,interpolado
0.3941890378075616,0.012272685470153956,interpolado
0.39428885777155437,0.013207907559819064,interpolado
0.3943886777355472,0.013930394916359265,interpolado
0.3944884976995401,0.014427398103908126,interpolado
0.39458831766353275,0.014686167686600454,interpolado
0.3946881376275256,0.01469395422857055,interpolado
0.39478795759151836,0.014438008293952757,interpolado
0.3948877775555112,0.013905580446881515,interpolado
0.395,0.012961,original
0.3950874174834968,0.011969623040205263,interpolado
0.3951872374474895,0.010613704656173844,interpolado
0.39528705741148235,0.009086842161516045,interpolado
0.3953868773754751,0.007459738296753493,interpolado
0.39548669733946795,0.005803095802407602,interpolado
0.3955865173034608,0.004187617419002574,interpolado
0.39568633726745367,0.0026840058870590297,interpolado
0.3957861572314464,0.0013629639471009975,interpolado
0.39588597719543916,0.0002951943396499358,interpolado
0.396,-0.000524,original
0.3960856171234247,-0.0008123405264602468,interpolado
0.39618543708741755,-0.0008300338220776044,interpolado
0.39628525705141027,-0.0005699622512047812,interpolado
0.39638507701540304,-0.00010047474066038955,interpolado
0.3964848969793959,0.0005100797827374257,interpolado
0.3965847169433887,0.0011933523921694423,interpolado
0.39668453690738154,0.001880994160817826,interpolado
0.39678435687137426,0.00250465616186327,interpolado
0.3968841768353671,0.00299598946848765,interpolado
0.397,0.00331,original
0.3970838167633527,0.0033199240813425327,interpolado
0.3971836367273454,0.0031150471323436882,interpolado
0.39728345669133824,0.0027216514006722274,interpolado
0.397383276655331,0.002189455066145941,interpolado
0.3974830966193239,0.0015681763085823078,interpolado
0.39758291658331674,0.000907533307799883,interpolado
0.39768273654730946,0.000257244243615835,interpolado
0.3977825565113023,-0.0003329727041512523,interpolado
0.3978823764752951,-0.0008133993556839036,interpolado
0.398,-0.001171,original
0.3980820164032808,-0.0012539491930905378,interpolado
0.3981818363672735,-0.0011852860659207856,interpolado
0.39828165633126633,-0.0009644161821097742,interpolado
0.3983814762952591,-0.0006275087910733262,interpolado
0.39848129625925194,-0.00021073314222700757,interpolado
0.39858111622324466,0.00024974151501289,interpolado
0.3986809361872376,0.0007177459312310212,interpolado
0.3987807561512303,0.0011571108570110368,interpolado
0.39888057611522315,0.0015316670429373859,interpolado
0.399,0.001844,original
0.39908021604320876,0.0019466422704349706,interpolado
0.3991800360072015,0.0019609352036022514,interpolado
0.3992798559711943,0.0018692982929553298,interpolado
0.39937967593518703,0.001692978279031389,interpolado
0.3994794958991799,0.0014532219023674308,interpolado
0.3995793158631727,0.001171275903500876,interpolado
0.39967913582716547,0.0008683870229685833,interpolado
0.39977895579115824,0.0005658020013080443,interpolado
0.39987877575515096,0.00028476757905624057,interpolado
0.4,3.06e-06,original
0.4000784156831367,-0.00012991374706002403,interpolado
0.4001782356471294,-0.00024300076792603878,interpolado
0.4002780556111222,-0.0002993003348706421,interpolado
0.40037787557511495,-0.0003054280010833148,interpolado
0.40047769553910784,-0.00026799931975342756,interpolado
0.40057751550310067,-0.0001936298440704258,interpolado
0.40067733546709344,-8.89351272237021e-05,interpolado
0.4007771554310863,3.946927759741859e-05,interpolado
0.40087697539507905,0.00018496781720338894,interpolado
0.401,0.000378,original
0.40107661532306454,0.0004999093414959655,interpolado
0.4011764352870573,0.000647177538898363,interpolado
0.40127625525105026,0.0007645375361116192,interpolado
0.40137607521504304,0.0008337530078531891,interpolado
0.40147589517903587,0.0008365876288407214,interpolado
0.4015757151430287,0.0007548050737917986,interpolado
0.40167553510702136,0.0005701690174240348,interpolado
0.40177535507101425,0.00026444313445481886,interpolado
0.4018751750350071,-0.000180608900397926,interpolado
0.402,-0.000961,original
0.4020748149629926,-0.001556867959894481,interpolado
0.4021746349269854,-0.0024734347191361556,interpolado
0.4022744548909782,-0.003483379494554997,interpolado
0.402374274854971,-0.004536980049025053,interpolado
0.4024740948189638,-0.005584514145422622,interpolado
0.4025739147829567,-0.006576259546621718,interpolado
0.40267373474694934,-0.00746249401549811,interpolado
0.4027735547109422,-0.00819349531492735,interpolado
0.40287337467493495,-0.008719541207783796,interpolado
0.403,-0.009014,original
0.4030730146029205,-0.008963820099282862,interpolado
0.4031728345669134,-0.008649540242173761,interpolado
0.40327265453090616,-0.008089155422638524,interpolado
0.403372474494899,-0.0073240452055555825,interpolado
0.40347229445889177,-0.006395589155801931,interpolado
0.4035721144228846,-0.005345166838256411,interpolado
0.40367193438687743,-0.004214157817796342,interpolado
0.4037717543508702,-0.003043941659298862,interpolado
0.4038715743148631,-0.0018758979276430846,interpolado
0.404,-0.000443,original
0.40407121424284864,0.00028949748792542906,interpolado
0.4041710342068414,0.0012200146497373563,interpolado
0.40427085417083425,0.0020208778961307004,interpolado
0.4043706741348269,0.0026729069004673475,interpolado
0.4044704940988199,0.003156921336110781,interpolado
0.40457031406281274,0.003453740876423239,interpolado
0.4046701340268054,0.0035441851947678187,interpolado
0.4047699539907982,0.0034090739645071646,interpolado
0.404869773954791,0.0030292268590042,interpolado
0.405,0.002134,original
0.4050694138827766,0.0014638627769849146,interpolado
0.4051692338467694,0.00030568034711763494,interpolado
0.4052690538107622,-0.0010148694006585214,interpolado
0.40536887377475495,-0.0024231301002161166,interpolado
0.4054686937387478,-0.003844445385430678,interpolado
0.4055685137027405,-0.005204158890174655,interpolado
0.4056683336667333,-0.006427614248322895,interpolado
0.40576815363072616,-0.007440155093749953,interpolado
0.4058679735947188,-0.00816712506032872,interpolado
0.406,-0.008563,original
0.40606761352270454,-0.008473845071832712,interpolado
0.40616743348669726,-0.008011323837568031,interpolado
0.40626725345069015,-0.007227503691280652,interpolado
0.40636707341468287,-0.00620446162196294,interpolado
0.4064668933786757,-0.005024274618606003,interpolado
0.4065667133426686,-0.0037690196702005884,interpolado
0.4066665333066613,-0.0025207737657395924,interpolado
0.4067663532706541,-0.0013616138942131831,interpolado
0.4068661732346469,-0.0003736170446141439,interpolado
0.407,0.000539,original
0.4070658131626326,0.0007670556759574193,interpolado
0.40716563312662524,0.0008458571753320242,interpolado
0.4072654530906181,0.0006501473927376425,interpolado
0.40736527305461084,0.00023342287573609242,interpolado
0.4074650930186036,-0.00035081982811108236,interpolado
0.40756491298259645,-0.0010490841712427145,interpolado
0.40766473294658917,-0.0018078736060964235,interpolado
0.4077645529105821,-0.0025736915851114115,interpolado
0.4078643728745747,-0.003293041560725222,interpolado
0.408,-0.0041,original
0.40806401280256027,-0.004381555705303076,interpolado
0.4081638327665532,-0.004691039432475722,interpolado
0.408263652730546,-0.004859724335166971,interpolado
0.4083634726945388,-0.00490701744238849,interpolado
0.4084632926585316,-0.0048523257831522525,interpolado
0.4085631126225244,-0.004715056386470003,interpolado
0.40866293258651726,-0.004514616281353749,interpolado
0.4087627525505101,-0.004270412496815132,interpolado
0.4088625725145028,-0.004001852061866274,interpolado
0.409,-0.003628,original
0.40906221244248847,-0.0034684134323523727,interpolado
0.40916203240648125,-0.0032286257928994403,interpolado
0.4092618523704741,-0.003006870679278474,interpolado
0.40936167233446685,-0.0028008461933871705,interpolado
0.4094614922984596,-0.002608250437122856,interpolado
0.40956131226245235,-0.0024267815123828872,interpolado
0.4096611322264452,-0.0022541375210649167,interpolado
0.40976095219043807,-0.0020880165650662046,interpolado
0.4098607721544308,-0.0019261167462843874,interpolado
0.41,-0.001703,original
0.4100604120824164,-0.0016059626759366702,interpolado
0.41016023204640917,-0.0014462655447593268,interpolado
0.41026005201040205,-0.001289826019081852,interpolado
0.4103598719743947,-0.001139478013892979,interpolado
0.41045969193838755,-0.0009980554441811785,interpolado
0.41055951190238044,-0.0008683922249349404,interpolado
0.4106593318663732,-0.0007533222711429678,interpolado
0.4107591518303661,-0.0006556794977936952,interpolado
0.4108589717943588,-0.0005782978198757901,interpolado
0.411,-0.000509,original
0.4110586117223445,-0.0004952401643092007,interpolado
0.4111584316863372,-0.0004878967955768316,interpolado
0.41125825165033014,-0.0004927107624319902,interpolado
0.41135807161432286,-0.0005002681636015987,interpolado
0.4114578915783157,-0.0005011550978125896,interpolado
0.41155771154230847,-0.0004859576637918796,interpolado
0.41165753150630124,-0.0004452619602664139,interpolado
0.4117573514702941,-0.0003696540859631205,interpolado
0.41185717143428685,-0.00024972013960885143,interpolado
0.412,1.77e-05,original
0.41205681136227257,0.00016059552541983563,interpolado
0.4121566313262652,0.00046627810682338107,interpolado
0.41225645129025806,0.0008444409949846345,interpolado
0.41235627125425084,0.0012984429394242577,interpolado
0.41245609121824367,0.0018316426896621367,interpolado
0.41255591118223645,0.0024473989952192568,interpolado
0.4126557311462292,0.0031490706056153243,interpolado
0.4127555511102219,0.003940016270371048,interpolado
0.4128553710742148,0.004823594739007331,interpolado
0.413,0.006275,original
0.41305501100220043,0.006880541111822572,interpolado
0.4131548309661932,0.00802929018593884,interpolado
0.413254650930186,0.009198258059432647,interpolado
0.41335447089417876,0.010335456385843817,interpolado
0.4134542908581716,0.01138889681871028,interpolado
0.4135541108221644,0.012306591011572342,interpolado
0.4136539307861573,0.013036550617968191,interpolado
0.4137537507501499,0.01352678729143757,interpolado
0.4138535707141428,0.013725312685519733,interpolado
0.414,0.01338,original
0.4140532106421284,0.013042393678998522,interpolado
0.4141530306061212,0.012124891970776997,interpolado
0.4142528505701139,0.010897032078382888,interpolado
0.4143526705341068,0.009430307922083759,interpolado
0.41445249049809957,0.007796213422149674,interpolado
0.41455231046209245,0.006066242498847331,interpolado
0.4146521304260852,0.004311889072447099,interpolado
0.4147519503900779,0.0026046470632164497,interpolado
0.41485177035407084,0.0010160103914229745,interpolado
0.415,-0.000971,original
0.41505141028205633,-0.0015213889797478465,interpolado
0.41515123024604916,-0.002372143187662592,interpolado
0.41525105021004205,-0.0029459191714172116,interpolado
0.41535087017403477,-0.003255447606486028,interpolado
0.4154506901380276,-0.003313459168342925,interpolado
0.4155505101020204,-0.003132684532462202,interpolado
0.4156503300660131,-0.002725854374318288,interpolado
0.4157501500300059,-0.002105699369385369,interpolado
0.4158499699939987,-0.0012849501931371575,interpolado
0.41594978995799153,-0.0002763375210487907,interpolado
0.416,0.000298,original
0.41614942988597714,0.0022251277688070427,interpolado
0.41624924984996986,0.0036174469571799957,interpolado
0.4163490698139628,0.00501975117058816,interpolado
0.4164488897779555,0.006368466291592895,interpolado
0.4165487097419484,0.007600018202758575,interpolado
0.41664852970594124,0.008650832786646747,interpolado
0.416748349669934,0.009457335925821084,interpolado
0.4168481696339267,0.009955953502844716,interpolado
0.41694798959791957,0.010083111400280011,interpolado
0.417,0.009981,original
0.4171476295259051,0.009049015281446665,interpolado
0.41724744948989795,0.00797805696301898,interpolado
0.4173472694538908,0.006650380898588157,interpolado
0.4174470894178835,0.005151281332289844,interpolado
0.4175469093818763,0.0035660525082575013,interpolado
0.41764672934586905,0.001979988670624392,interpolado
0.4177465493098619,0.00047838406352645064,interpolado
0.4178463692738547,-0.0008534670689037598,interpolado
0.41794618923784743,-0.0019302704825305856,interpolado
0.418,-0.002375,original
0.4181458291658331,-0.003053009042567548,interpolado
0.41824564912982587,-0.003138099114378845,interpolado
0.4183454690938187,-0.0029842686788920663,interpolado
0.41844528905781153,-0.002651414688905307,interpolado
0.4185451090218043,-0.002199434097216433,interpolado
0.4186449289857972,-0.001688223856623049,interpolado
0.41874474894979,-0.0011776809199236411,interpolado
0.4188445689137828,-0.0007277022399156089,interpolado
0.41894438887777563,-0.00039818476939737057,interpolado
0.419,-0.000289,original
0.4191440288057612,-0.00028999556496498466,interpolado
0.41924384876975385,-0.00048810723709909307,interpolado
0.4193436687337468,-0.0008016890031276323,interpolado
0.4194434886977395,-0.0011905189606663197,interpolado
0.41954330866173234,-0.0016143752073313833,interpolado
0.4196431286257251,-0.0020330358407391284,interpolado
0.4197429485897177,-0.002406278958505154,interpolado
0.41984276855371067,-0.0026938826582459108,interpolado
0.4199425885177034,-0.002855625037577142,interpolado
0.42,-0.002876,original
0.420142228445689,-0.0026725829997065204,interpolado
0.42024204840968177,-0.002340916848721298,interpolado
0.4203418683736747,-0.0018831695255681685,interpolado
0.4204416883376675,-0.0013253779800380346,interpolado
0.4205415083016603,-0.0006935791619210594,interpolado
0.42064132826565304,-1.3810021007239844e-05,interpolado
0.4207411482296459,0.0006878924929122741,interpolado
0.4208409681936387,0.0013854914300478458,interpolado
0.42094078815763153,0.002052949840608307,interpolado
0.421,0.002424,original
0.4211404280856173,0.0031981243127751553,interpolado
0.4212402480496099,0.0036382835852031355,interpolado
0.4213400680136028,0.003969190477795977,interpolado
0.4214398879775956,0.004175210153173067,interpolado
0.4215397079415883,0.004240707773954378,interpolado
0.4216395279055811,0.004150048502759579,interpolado
0.42173934786957384,0.0038875975022085235,interpolado
0.4218391678335668,0.0034377199349206657,interpolado
0.4219389877975595,0.002784780963516256,interpolado
0.422,0.002279,original
0.422138627725545,0.0008440390488151077,interpolado
0.4222384476895378,-0.000361175759332621,interpolado
0.4223382676535306,-0.0016347584062693368,interpolado
0.42243808761752344,-0.0029097772658588645,interpolado
0.42253790758151627,-0.004119300711967172,interpolado
0.42263772754550916,-0.005196397118460078,interpolado
0.42273754750950193,-0.006074134859201628,interpolado
0.42283736747349476,-0.006685582308057988,interpolado
0.4229371874374875,-0.006963807838893719,interpolado
0.423,-0.006938,original
0.42313682736547326,-0.006315675005229694,interpolado
0.423236647329466,-0.005454776833101787,interpolado
0.42333646729345864,-0.004339815826918112,interpolado
0.4234362872574516,-0.0030501798099625875,interpolado
0.4235361072214443,-0.0016652566055213413,interpolado
0.4236359271854372,-0.0002644340368776005,interpolado
0.42373574714942985,0.001072900072682377,interpolado
0.42383556711342263,0.0022673578998747114,interpolado
0.4239353870774155,0.0032395516214151977,interpolado
0.424,0.003713,original
0.42413502700540107,0.004250674909608171,interpolado
0.4242348469693938,0.00429741419892731,interpolado
0.4243346669333867,0.004095648078360204,interpolado
0.42443448689737945,0.0036898078766350786,interpolado
0.4245343068613722,0.0031243249224809097,interpolado
0.424634126825365,0.0024436305446256254,interpolado
0.4247339467893577,0.0016921560717985042,interpolado
0.42483376675335055,0.0009143328327276966,interpolado
0.4249335867173434,0.0001545921561412997,interpolado
0.425,-0.000319,original
0.425133226645329,-0.0011506389999778556,interpolado
0.4252330466093219,-0.0016666821801464152,interpolado
0.42533286657331465,-0.002091338530597168,interpolado
0.4254326865373075,-0.0024249029910934777,interpolado
0.42553250650130026,-0.002667670501398178,interpolado
0.42563232646529303,-0.002819936001274743,interpolado
0.4257321464292858,-0.0028819944304862084,interpolado
0.42583196639327864,-0.0028541407287958885,interpolado
0.4259317863572715,-0.002736669835966898,interpolado
0.426,-0.002605,original
0.4261314262852572,-0.0022399840503560284,interpolado
0.42623124624924985,-0.0018817937017217917,interpolado
0.4263310662132426,-0.0014712660426352976,interpolado
0.4264308861772354,-0.001024279023841426,interpolado
0.42653070614122807,-0.0005567105960858174,interpolado
0.42663052610522106,-8.443871011310933e-05,interpolado
0.4267303460692138,0.0003766586833310301,interpolado
0.42683016603320645,0.0008107036335017273,interpolado
0.42692998599719933,0.0012018181896540467,interpolado
0.427,0.001442,original
0.42712962592518494,0.0017965334376030117,interpolado
0.4272294458891777,0.0019853595551736956,interpolado
0.42732926585317055,0.0020979045303480483,interpolado
0.4274290858171633,0.002131411917391217,interpolado
0.4275289057811562,0.0020831252705683133,interpolado
0.42762872574514893,0.0019502881441444291,interpolado
0.42772854570914176,0.0017301440923848635,interpolado
0.42782836567313454,0.0014199366695547147,interpolado
0.4279281856371274,0.0010169094299188836,interpolado
0.428,0.000668,original
0.42812782556511303,-6.922294157053758e-05,interpolado
0.42822764552910575,-0.0007235193723024249,interpolado
0.4283274654930986,-0.0014203616218689545,interpolado
0.4284272854570914,-0.00213562688233738,interpolado
0.42852710542108424,-0.0028451923457737545,interpolado
0.42862692538507696,-0.0035249352042456897,interpolado
0.4287267453490698,-0.004150732649819281,interpolado
0.4288265653130625,-0.004698461874561769,interpolado
0.42892638527705534,-0.005144000070540224,interpolado
0.429,-0.005393,original
0.429126025205041,-0.0056444927929478125,interpolado
0.4292258451690337,-0.005698068994470074,interpolado
0.4293256651330266,-0.005637153183033766,interpolado
0.42942548509701933,-0.00547483329784619,interpolado
0.42952530506101216,-0.005224197278114883,interpolado
0.42962512502500494,-0.004898333063047137,interpolado
0.4297249449889977,-0.004510328591850072,interpolado
0.42982476495299055,-0.0040732718037314744,interpolado
0.4299245849169833,-0.0036002506378982287,interpolado
0.43,-0.003227,original
0.430124224844969,-0.002599223870588057,interpolado
0.4302240448089618,-0.0020995475600720055,interpolado
0.4303238647729546,-0.0016201500163219838,interpolado
0.43042368473694753,-0.001175852930721348,interpolado
0.43052350470094025,-0.0007814779946544686,interpolado
0.43062332466493286,-0.0004518468995049597,interpolado
0.43072314462892586,-0.00020178133665657843,interpolado
0.4308229645929185,-4.6102997493479214e-05,interpolado
0.43092278455691146,3.66426600621598e-07,interpolado
0.431,-4.8e-05,original
0.4311224244848969,-0.0002739448558741926,interpolado
0.4312222444488898,-0.0005460581246858627,interpolado
0.43132206441288257,-0.0008442800845199439,interpolado
0.4314218843768754,-0.0011194800345001225,interpolado
0.4315217043408681,-0.0013225272737494847,interpolado
0.43162152430486084,-0.0014042911013916076,interpolado
0.43172134426885367,-0.0013156408165498025,interpolado
0.4318211642328465,-0.0010074457183475564,interpolado
0.43192098419683933,-0.00043057510590788434,interpolado
0.432,0.000249,original
0.43212062412482494,0.0016825829229776147,interpolado
0.43222044408881777,0.003140128929296027,interpolado
0.43232026405281054,0.004738991071904565,interpolado
0.4324200840168033,0.0063816419677025565,interpolado
0.43251990398079615,0.007970554233585806,interpolado
0.4326197239447888,0.009408200486452885,interpolado
0.4327195439087818,0.010597053343202044,interpolado
0.4328193638727746,0.011439585420729583,interpolado
0.43291918383676725,0.011838269335933991,interpolado
0.433,0.011769,original
0.4331188237647528,0.010979426928715761,interpolado
0.43321864372874574,0.009803685339327134,interpolado
0.4333184636927385,0.008303881997950149,interpolado
0.43341828365673135,0.006615278245569766,interpolado
0.433518103620724,0.004873135423174378,interpolado
0.4336179235847168,0.0032127148717495443,interpolado
0.4337177435487097,0.001769277932281002,interpolado
0.4338175635127024,0.0006780859457568731,interpolado
0.43391738347669534,7.440025316256564e-05,interpolado
0.434,3.99e-05,original
0.43411702340468084,0.0007938637647351406,interpolado
0.4342168433686737,0.0020528123494606408,interpolado
0.4343166633326666,0.0037196214623236813,interpolado
0.4344164832966593,0.005643828391047542,interpolado
0.43451630326065216,0.007674970423351632,interpolado
0.4346161232246449,0.009662584846958571,interpolado
0.43471594318863777,0.011456208949590886,interpolado
0.43481576315263065,0.012905380018968135,interpolado
0.43491558311662337,0.013859635342812978,interpolado
0.435,0.014169,original
0.43511522304460903,0.013758023047637215,interpolado
0.4352150430086019,0.012745419181923005,interpolado
0.43531486297259464,0.011278756642721627,interpolado
0.43541468293658747,0.009505908766738463,interpolado
0.4355145029005802,0.007574748890678222,interpolado
0.435614322864573,0.005633150351248912,interpolado
0.4357141428285659,0.003828986485154354,interpolado
0.43581396279255863,0.002310130629102415,interpolado
0.43591378275655135,0.0012244561197978332,interpolado
0.436,0.000749,original
0.43611342268453696,0.0008763398633775377,interpolado
0.4362132426485298,0.0015946638258412804,interpolado
0.4363130626125225,0.002745256156182658,interpolado
0.43641288257651534,0.004198681789118477,interpolado
0.4365127025405081,0.005825505659366217,interpolado
0.4366125225045009,0.007496292701640561,interpolado
0.4367123424684938,0.009081607850659763,interpolado
0.4368121624324865,0.010452016041138552,interpolado
0.4369119823964793,0.011478082207794395,interpolado
0.437,0.011994,original
0.43711162232446477,0.012030519930001501,interpolado
0.4372114422884577,0.011543016475653386,interpolado
0.43731126225245043,0.010657630835830503,interpolado
0.4374110822164433,0.009464072552289367,interpolado
0.4375109021804361,0.008052051166785774,interpolado
0.43761072214442887,0.006511276221077969,interpolado
0.43771054210842175,0.004931457256920987,interpolado
0.4378103620724146,0.003402303816073249,interpolado
0.4379101820364073,0.002013525440290521,interpolado
0.438,0.000958,original
0.438109821964393,-1.0509547486066262e-05,interpolado
0.4382096419283858,-0.0005973947045643101,interpolado
0.4383094618923786,-0.0009352648959922828,interpolado
0.4384092818563714,-0.001053541243138146,interpolado
0.4385091018203642,-0.0009816448673695718,interpolado
0.4386089217843569,-0.000748996890054417,interpolado
0.43870874174834973,-0.0003850184325602183,interpolado
0.4388085617123426,8.086938374484494e-05,interpolado
0.4389083816763354,0.0006192454374931812,interpolado
0.439,0.001152,original
0.4391080216043209,0.0017978674568821461,interpolado
0.4392078415683136,0.002389976719115419,interpolado
0.4393076615323065,0.002957489743829792,interpolado
0.4394074814962992,0.0034808789661969104,interpolado
0.43950730146029193,0.003940616821388327,interpolado
0.43960712142428476,0.004317175744574841,interpolado
0.43970694138827754,0.004591028170928161,interpolado
0.4398067613522703,0.0047426465356192925,interpolado
0.43990658131626315,0.004752503273819734,interpolado
0.44,0.004616,original
0.44010622124424886,0.004280702571124513,interpolado
0.4402060412082416,0.0038229401670492086,interpolado
0.4403058611722345,0.003267417646935771,interpolado
0.4404056811362273,0.002653766448979473,interpolado
0.4405055011002201,0.00202161801137432,interpolado
0.44060532106421285,0.0014106037723156746,interpolado
0.44070514102820557,0.0008603551699978273,interpolado
0.44080496099219846,0.0004105036426152012,interpolado
0.4409047809561913,0.00010068062836295587,interpolado
0.441,-2.8e-05,original
0.44110442088417684,4.2821169936805176e-05,interpolado
0.4412042408481696,0.0002818005579446331,interpolado
0.44130406081216245,0.0006389018334037565,interpolado
0.44140388077615517,0.0010655725394542197,interpolado
0.441503700740148,0.0015132602192369047,interpolado
0.44160352070414083,0.001933412415891757,interpolado
0.44170334066813366,0.0022774766725594912,interpolado
0.4418031606321264,0.0024969005323806476,interpolado
0.44190298059611915,0.0025431315384954307,interpolado
0.442,0.002376,original
0.4421026205241047,0.0019409762992491475,interpolado
0.44220244048809754,0.0013043189742497799,interpolado
0.4423022604520905,0.0005149572808152593,interpolado
0.44240208041608314,-0.0003697971489386412,interpolado
0.44250190038007603,-0.0012926326828979651,interpolado
0.4426017203440689,-0.0021962376889467935,interpolado
0.44270154030806164,-0.00302330053497076,interpolado
0.4428013602720545,-0.003716509588855335,interpolado
0.44290118023604724,-0.00421855321848485,interpolado
0.443,-0.004471,original
0.44310082016403285,-0.004439708880812055,interpolado
0.4432006401280257,-0.004160718077778275,interpolado
0.44330046009201846,-0.00369320026088935,interpolado
0.44340028005601123,-0.0030952082890486417,interpolado
0.443500100020004,-0.0024247950211583784,interpolado
0.4435999199839968,-0.0017400133161221513,interpolado
0.4436997399479896,-0.0010989160328424216,interpolado
0.44379955991198244,-0.0005595560302217501,interpolado
0.4438993798759753,-0.00017998616716358184,interpolado
0.444,-1.8e-05,original
0.4440990198039609,-0.00011474087446536986,interpolado
0.4441988397679535,-0.00043732455430212655,interpolado
0.4442986597319464,-0.0009353451236526641,interpolado
0.44439847969593915,-0.0015581373547549364,interpolado
0.444498299659932,-0.002255036019848103,interpolado
0.44459811962392476,-0.002975375891169896,interpolado
0.44469793958791753,-0.003668491740959216,interpolado
0.4447977595519104,-0.004283718341454905,interpolado
0.44489757951590314,-0.004770390464894782,interpolado
0.445,-0.005083,original
0.4450972194438888,-0.0051693957080739955,interpolado
0.4451970394078815,-0.005068859831714886,interpolado
0.44529685937187435,-0.004816397196640249,interpolado
0.44539667933586713,-0.004452170012716912,interpolado
0.44549649929986007,-0.004016340489811045,interpolado
0.44559631926385285,-0.0035490708377896784,interpolado
0.4456961392278456,-0.0030905232665191127,interpolado
0.4457959591918384,-0.0026808599858656667,interpolado
0.4458957791558312,-0.0023602432056963442,interpolado
0.446,-0.002164,original
0.44609541908381684,-0.0021371129614349963,interpolado
0.44619523904780967,-0.0022513289405273044,interpolado
0.4462950590118025,-0.002485119149047012,interpolado
0.4463948789757953,-0.0028121187126894406,interpolado
0.446494698939788,-0.003205962757150279,interpolado
0.4465945189037809,-0.003640286408125368,interpolado
0.4466943388677736,-0.0040887247913098035,interpolado
0.44679415883176643,-0.004524913032399644,interpolado
0.44689397879575926,-0.004922486257089985,interpolado
0.447,-0.005273,original
0.4470936187237449,-0.005500858106885448,interpolado
0.4471934386877376,-0.005659827962735467,interpolado
0.4472932586517304,-0.005738569403092031,interpolado
0.4473930786157231,-0.005743663988980098,interpolado
0.4474928985797159,-0.005681693281424774,interpolado
0.44759271854370875,-0.0055592388414510115,interpolado
0.44769253850770147,-0.00538288223008399,interpolado
0.4477923584716943,-0.00515920500834856,interpolado
0.44789217843568707,-0.004894788737270012,interpolado
0.448,-0.004571,original
0.44809181836367273,-0.004270955953715568,interpolado
0.4481916383276655,-0.003931019124135836,interpolado
0.44829145829165834,-0.0035898518435322525,interpolado
0.44839127825565117,-0.003260902055764773,interpolado
0.4484910982196439,-0.0029576177046927773,interpolado
0.4485909181836368,-0.0026934467341757024,interpolado
0.44869073814762966,-0.002481837088073418,interpolado
0.4487905581116224,-0.0023362367102452747,interpolado
0.4488903780756152,-0.002270093544551011,interpolado
0.449,-0.002305,original
0.4490900180036009,-0.0024248527165236953,interpolado
0.44918983796759354,-0.0026348853912347057,interpolado
0.4492896579315863,-0.0028985376379938085,interpolado
0.44938947789557904,-0.003187386928219255,interpolado
0.44948929785957187,-0.0034730107333297345,interpolado
0.4495891178235647,-0.0037269865247439287,interpolado
0.44968893778755736,-0.003920891773880098,interpolado
0.4497887577515502,-0.0040263039521569784,interpolado
0.44988857771554297,-0.004014800530992996,interpolado
0.45,-0.003829,original
0.45008821764352863,-0.0035357994129020572,interpolado
0.4501880376075214,-0.0030763323301913844,interpolado
0.45028785757151424,-0.0025245023388511785,interpolado
0.45038767753550707,-0.0019252732504745798,interpolado
0.4504874974994998,-0.0013236088766538075,interpolado
0.45058731746349273,-0.0007644730289810797,interpolado
0.4506871374274855,-0.0002928295190495426,interpolado
0.4507869573914784,4.6357841548767646e-05,interpolado
0.45088677735547117,0.00020812524122094706,interpolado
0.451,0.00012,original
0.4510864172834568,-0.00016711409343286997,interpolado
0.4511862372474495,-0.0006871982337014575,interpolado
0.4512860572114423,-0.0013343927269861599,interpolado
0.4513858771754352,-0.0020302969785567374,interpolado
0.4514856971394278,-0.002696510393684034,interpolado
0.4515855171034207,-0.0032546323776388307,interpolado
0.45168533706741354,-0.0036262623356909844,interpolado
0.4517851570314063,-0.003732999673111354,interpolado
0.4518849769953991,-0.003496443795170214,interpolado
0.452,-0.002696,original
0.4520846169233847,-0.001702105273549462,interpolado
0.4521844368873774,-0.00017347557124073974,interpolado
0.4522842568513703,0.0016070126126289616,interpolado
0.452384076815363,0.0034985478128700606,interpolado
0.45248389677935585,0.005360318564289766,interpolado
0.4525837167433487,0.007051513401699339,interpolado
0.45268353670734146,0.008431320859906203,interpolado
0.4527833566713344,0.00935892947372073,interpolado
0.45288317663532707,0.009693527777952267,interpolado
0.453,0.009143,original
0.4530828165633128,0.008052550835425968,interpolado
0.4531826365273055,0.006075464520388237,interpolado
0.4532824564912982,0.003559243910455625,interpolado
0.4533822764552911,0.0007003654000741892,interpolado
0.4534820964192839,-0.002304694616305112,interpolado
0.4535819163832767,-0.005259459744237676,interpolado
0.45368173634726955,-0.007967453589272434,interpolado
0.45378155631126227,-0.010232199756963364,interpolado
0.4538813762752551,-0.011857221852863444,interpolado
0.454,-0.012685,original
0.4540810162032408,-0.012435127088412448,interpolado
0.45418083616723354,-0.011295489518223466,interpolado
0.45428065613122626,-0.009399897107409773,interpolado
0.4543804760952191,-0.006921528029740974,interpolado
0.45448029605921186,-0.004033560458991002,interpolado
0.4545801160232047,-0.0009091725689279695,interpolado
0.45467993598719747,0.0022784574666734722,interpolado
0.45477975595119025,0.005356151474043896,interpolado
0.454879575915183,0.008150731279413634,interpolado
0.455,0.010899,original
0.4550792158431687,0.012218433982545398,interpolado
0.4551790358071614,0.013341806509863002,interpolado
0.4552788557711542,0.013932882312480058,interpolado
0.4553786757351471,0.014065769871397044,interpolado
0.45547849569913984,0.013814577667614354,interpolado
0.45557831566313267,0.013253414182132318,interpolado
0.45567813562712545,0.01245638789595211,interpolado
0.4557779555911182,0.011497607290074013,interpolado
0.45587777555511105,0.010451180845497954,interpolado
0.456,0.009159,original
0.4560774154830966,0.008384768438933442,interpolado
0.4561772354470893,0.00744244271540161,interpolado
0.4562770554110821,0.006547763672820798,interpolado
0.456376875375075,0.0056840840802582235,interpolado
0.45647669533906776,0.004834756706782529,interpolado
0.45657651530306065,0.00398313432146044,interpolado
0.4566763352670533,0.003112569693360584,interpolado
0.45677615523104614,0.0022064155915501827,interpolado
0.456875975195039,0.0012480247850963748,interpolado
0.457,-4.06e-05,original
0.4570756151230245,-0.0008878767209507529,interpolado
0.45717543508701736,-0.002054847350529534,interpolado
0.45727525505101013,-0.0032392608916620527,interpolado
0.4573750750150029,-0.0044000793122341035,interpolado
0.4574748949789958,-0.0054962645801295475,interpolado
0.4575747149429886,-0.006486778663234206,interpolado
0.4576745349069814,-0.007330583529433662,interpolado
0.4577743548709742,-0.00798664114661213,interpolado
0.4578741748349669,-0.00841391348265545,interpolado
0.458,-0.008563,original
0.4580738147629525,-0.008423937948579357,interpolado
0.45817363472694533,-0.007990575696520088,interpolado
0.4582734546909381,-0.0073188220340453004,interpolado
0.45837327465493105,-0.006456485073728737,interpolado
0.4584730946189238,-0.005451372928145811,interpolado
0.45857291458291655,-0.0043512937098705235,interpolado
0.4586727345469095,-0.003204055531476672,interpolado
0.4587725545109022,-0.00205746650553998,interpolado
0.4588723744748951,-0.0009593347446336701,interpolado
0.459,0.000298,original
0.45907201440288065,0.000903876961751639,interpolado
0.4591718343668735,0.0016144969552062151,interpolado
0.4592716543308662,0.0021831427489061314,interpolado
0.459371474294859,0.0026187699581840733,interpolado
0.45947129425885186,0.0029303341983716092,interpolado
0.45957111422284463,0.003126791084801059,interpolado
0.45967093418683747,0.0032170962328044927,interpolado
0.45977075415083024,0.0032102052577138566,interpolado
0.459870574114823,0.0031150737748612016,interpolado
0.46,0.002875,original
0.4600702140428085,0.002696272352994253,interpolado
0.4601700340068014,0.002394913590526568,interpolado
0.4602698539707942,0.002051726456357475,interpolado
0.46036967393478695,0.0016818833278084944,interpolado
0.4604694938987798,0.0013005565822019269,interpolado
0.46056931386277256,0.0009229185968594551,interpolado
0.4606691338267654,0.0005641417491027707,interpolado
0.4607689537907582,0.00023939841625416234,interpolado
0.46086877375475105,-3.6139024364830914e-05,interpolado
0.461,-0.000298,original
0.4610684136827365,-0.0003802810026573275,interpolado
0.4611682336467294,-0.0004362277471667792,interpolado
0.4612680536107222,-0.00042544552720749754,interpolado
0.461367873574715,-0.00035837439362317513,interpolado
0.4614676935387078,-0.0002454543972575842,interpolado
0.46156751350270053,-9.712558895439452e-05,interpolado
0.46166733346669336,7.617198044280285e-05,interpolado
0.4617671534306861,0.00026399826009011783,interpolado
0.4618669733946789,0.00045591319914405423,interpolado
0.462,0.0007,original
0.4620666133226644,0.0008100885752177467,interpolado
0.4621664332866573,0.0009492896476676035,interpolado
0.4622662532506501,0.0010454238979454185,interpolado
0.4623660732146429,0.001084815405227252,interpolado
0.46246589317863573,0.0010537882486890266,interpolado
0.46256571314262857,0.0009386665075067521,interpolado
0.4626655331066214,0.0007257742608562522,interpolado
0.4627653530706143,0.000401435587913728,interpolado
0.46286517303460684,-4.802543214493934e-05,interpolado
0.463,-0.000878,original
0.4630648129625925,-0.001374214229419221,interpolado
0.4631646329265854,-0.002237946288224534,interpolado
0.4632644528905782,-0.0031801388884183644,interpolado
0.46336427285457094,-0.0041530081950261625,interpolado
0.4634640928185637,-0.005108770373073444,interpolado
0.4635639127825566,-0.0059996415875841255,interpolado
0.46366373274654943,-0.006777838003584137,interpolado
0.46376355271054215,-0.007395575786097592,interpolado
0.4638633726745349,-0.007805071100149957,interpolado
0.464,-0.007941,original
0.4640630126025205,-0.007813087842606793,interpolado
0.46416283256651336,-0.007390626319731731,interpolado
0.4642626525305061,-0.00675900544508133,interpolado
0.4643624724944989,-0.005987049503872295,interpolado
0.46446229245849174,-0.005143582781321023,interpolado
0.4645621124224845,-0.004297429562645347,interpolado
0.4646619323864773,-0.003517414133061286,interpolado
0.46476175235047007,-0.002872360777786604,interpolado
0.46486157231446285,-0.0024310937820377124,interpolado
0.465,-0.002285,original
0.4650612122424484,-0.0024300560582692916,interpolado
0.4651610322064413,-0.0029243098146031162,interpolado
0.46526085217043406,-0.0036810614704734903,interpolado
0.4653606721344269,-0.004634879143610035,interpolado
0.4654604920984197,-0.005720330951742814,interpolado
0.4655603120624125,-0.006871985012600024,interpolado
0.4656601320264053,-0.008024409443912297,interpolado
0.4657599519903981,-0.00911217236340776,interpolado
0.4658597719543908,-0.010069841888816492,interpolado
0.466,-0.01107,original
0.46605941188237654,-0.011336078816497858,interpolado
0.4661592318463693,-0.011563908889440236,interpolado
0.46625905181036204,-0.011531813583819602,interpolado
0.46635887177435487,-0.011257044279624996,interpolado
0.4664586917383477,-0.010756852356844909,interpolado
0.4665585117023404,-0.010048489195468743,interpolado
0.46665833166633325,-0.00914920617548457,interpolado
0.4667581516303259,-0.008076254676882232,interpolado
0.4668579715943188,-0.006846886079650116,interpolado
0.467,-0.004862,original
0.46705761152230435,-0.003989323541084218,interpolado
0.4671574314862972,-0.0024217760839937838,interpolado
0.46725725145028996,-0.0008367319911444357,interpolado
0.46735707141428273,0.0007042275525020313,interpolado
0.4674568913782756,0.002139521361983729,interpolado
0.46755671134226834,0.003407568252336386,interpolado
0.4676565313062612,0.00444678703859869,interpolado
0.467756351270254,0.005195596535806811,interpolado
0.4678561712342467,0.005592415558998748,interpolado
0.468,0.005421,original
0.4680558111622323,0.005088433474659067,interpolado
0.4681556311262252,0.00415650990902632,interpolado
0.46825545109021804,0.002876534175918214,interpolado
0.4683552710542108,0.0013474408489180661,interpolado
0.46845509101820354,-0.0003318354983913612,interpolado
0.46855491098219637,-0.0020623602924244337,interpolado
0.4686547309461892,-0.0037451989595983382,interpolado
0.4687545509101821,-0.005281416926330143,interpolado
0.46885437087417486,-0.0065720796190343825,interpolado
0.469,-0.00781,original
0.4690540108021604,-0.008025546170080802,interpolado
0.4691538307661532,-0.008086404646937821,interpolado
0.469253650730146,-0.007771276261132712,interpolado
0.46935347069413874,-0.007153382545901569,interpolado
0.4694532906581316,-0.006305945034479489,interpolado
0.4695531106221244,-0.005302185260103154,interpolado
0.4696529305861172,-0.004215324756007852,interpolado
0.46975275055011,-0.0031185850554286856,interpolado
0.4698525705141028,-0.0020851876916026116,interpolado
0.47,-0.00083,original
0.47005221044208834,-0.0004988356499677262,interpolado
0.4701520304060811,-3.626962289137327e-05,interpolado
0.470251850370074,0.000227836960023815,interpolado
0.4703516703340668,0.0003238503862543296,interpolado
0.47045149029805955,0.0002821369432770844,interpolado
0.4705513102620523,0.00013306291856890872,interpolado
0.4706511302260451,-9.300540039341349e-05,interpolado
0.470750950190038,-0.00036570172613327136,interpolado
0.4708507701540307,-0.0006546597711735773,interpolado
0.471,-0.001051,original
0.47105041008201637,-0.0011605837287711443,interpolado
0.47115023004600914,-0.001333647490027135,interpolado
0.471250050010002,-0.0014497348387595755,interpolado
0.47134986997399475,-0.0015105238044334655,interpolado
0.4714496899379875,-0.0015176924165140014,interpolado
0.47154950990198036,-0.001472918704466305,interpolado
0.4716493298659732,-0.0013778806977555224,interpolado
0.47174914982996596,-0.0012342564258466875,interpolado
0.47184896979395885,-0.0010437239182050895,interpolado
0.4719487897579516,-0.0008079612042956454,interpolado
0.472,-0.00067,original
0.4721484296859371,-0.00020795938108670578,interpolado
0.47224824964993,0.00015157879581584907,interpolado
0.4723480696139228,0.0005473562547220307,interpolado
0.4724478895779156,0.000976778669313577,interpolado
0.47254770954190833,0.0014372517132713097,interpolado
0.4726475295059011,0.0019261810602767587,interpolado
0.47274734946989394,0.002440972384011516,interpolado
0.4728471694338867,0.0029790313581563106,interpolado
0.4729469893978796,0.0035377636563930365,interpolado
0.473,0.003842,original
0.4731466293258651,0.004695338389664212,interpolado
0.4732464492898579,0.005257299582632959,interpolado
0.47334626925385076,0.0057756584126589265,interpolado
0.47344608921784354,0.006225989958863999,interpolado
0.4735459091818363,0.00658386930036901,interpolado
0.4736457291458292,0.006824871516295573,interpolado
0.47374554910982203,0.00692457168576504,interpolado
0.47384536907381475,0.006858544887898631,interpolado
0.4739451890378076,0.006602366201817584,interpolado
0.474,0.006372,original
0.47414482896579324,0.005461895875302986,interpolado
0.47424464892978596,0.004641681336205613,interpolado
0.4743444688937788,0.0037264046168690116,interpolado
0.4744442888577715,0.0027703013903251387,interpolado
0.4745441088217644,0.0018276073296058602,interpolado
0.4746439287857571,0.0009525581077446238,interpolado
0.47474374874974995,0.00019938939777290274,interpolado
0.47484356871374267,-0.00037766312727606683,interpolado
0.47494338867773545,-0.000724363794370364,interpolado
0.475,-0.000798,original
0.47514302860572105,-0.0005654552350636339,interpolado
0.4752428485697139,-0.00011258323586445826,interpolado
0.4753426685337067,0.0005112600631195543,interpolado
0.47544248849769954,0.0012467310088095686,interpolado
0.4755423084616923,0.002034485948126992,interpolado
0.4756421284256851,0.002815181227991893,interpolado
0.4757419483896779,0.003529473195326036,interpolado
0.4758417683536707,0.004118018197049567,interpolado
0.4759415883176635,0.004521472580083879,interpolado
0.476,0.004648,original
0.47614122824564914,0.00458914763293868,interpolado
0.476241048209642,0.004293433438657155,interpolado
0.4763408681736347,0.003848510365256944,interpolado
0.47644068813762736,0.0033081923692782934,interpolado
0.4765405081016203,0.002726293407261239,interpolado
0.476640328065613,0.0021566274357468092,interpolado
0.4767401480296058,0.0016530084112747964,interpolado
0.4768399679935986,0.0012692502903861405,interpolado
0.4769397879575914,0.001059167029620901,interpolado
0.477,0.001039,original
0.47713942788557695,0.0013253540267674907,interpolado
0.47723924784957,0.0017568568300033438,interpolado
0.4773390678135626,0.002313827289304745,interpolado
0.4774388877775555,0.002940156240744598,interpolado
0.4775387077415484,0.0035797345203959605,interpolado
0.47763852770554105,0.004176452964330801,interpolado
0.477738347669534,0.004674202408622427,interpolado
0.47783816763352677,0.005016873689342966,interpolado
0.4779379875975196,0.005148357642565439,interpolado
0.478,0.005099,original
0.4781376275255052,0.004606416646701653,interpolado
0.478237447489498,0.0039872388159784295,interpolado
0.47833726745349087,0.0032215371478805247,interpolado
0.47843708741748353,0.002374736575169712,interpolado
0.47853690738147636,0.001512262030607592,interpolado
0.47863672734546914,0.0006995384469572163,interpolado
0.4787365473094619,1.99075697983179e-06,interpolado
0.4788363672734547,-0.0005149561065616905,interpolado
0.4789361872374474,-0.000785877210905708,interpolado
0.479,-0.0008,original
0.47913582716543307,-0.00038569060310584635,interpolado
0.47923564712942585,0.00023020946454655855,interpolado
0.4793354670934186,0.001029176578994177,interpolado
0.47943528705741145,0.00193911057683496,interpolado
0.4795351070214042,0.0028879112946671014,interpolado
0.4796349269853969,0.003803478569087187,interpolado
0.4797347469493897,0.004613712236693818,interpolado
0.47983456691338255,0.005246512134083733,interpolado
0.47993438687737544,0.005629778097855088,interpolado
0.48,0.005711,original
0.480134026805361,0.005417459237771186,interpolado
0.4802338467693537,0.004870244711282662,interpolado
0.48033366673334654,0.00412277503249007,interpolado
0.48043348669733943,0.0032470920722324757,interpolado
0.4805333066613322,0.002315237701347209,interpolado
0.4806331266253249,0.0013992537906735508,interpolado
0.48073294658931776,0.0005711822110492033,interpolado
0.48083276655331053,-9.693516668793194e-05,interpolado
0.4809325865173033,-0.0005330564716988706,interpolado
0.481,-0.00066,original
0.4811322264452889,-0.0004734795978706574,interpolado
0.48123204640928174,-1.1885492955166628e-05,interpolado
0.48133186637327463,0.0006558153070876086,interpolado
0.48143168633726735,0.0014665660751512135,interpolado
0.4815315063012601,0.002357310084130794,interpolado
0.48163132626525296,0.0032649906069196506,interpolado
0.4817311462292457,0.004126550916412577,interpolado
0.4818309661932385,0.0048789342855042744,interpolado
0.4819307861572313,0.00545908398708819,interpolado
0.482,0.005727,original
0.48213042608521695,0.005888831975836801,interpolado
0.4822302460492097,0.005746693115937104,interpolado
0.48233006601320255,0.005418188640234545,interpolado
0.4824298859771954,0.004943484571496605,interpolado
0.4825297059411882,0.004362746932489899,interpolado
0.48262952590518093,0.0037161417459821993,interpolado
0.48272934586917376,0.0030438350347403056,interpolado
0.48282916583316654,0.0023859928215309656,interpolado
0.48292898579715937,0.0017827811291220266,interpolado
0.483,0.001409,original
0.48312862572514503,0.0008757859247955059,interpolado
0.4832284456891378,0.0005618180763958035,interpolado
0.48332826565313075,0.0003018819859473815,interpolado
0.48342808561712347,6.567943444477388e-05,interpolado
0.4835279055811163,-0.00017708779711805953,interpolado
0.4836277255451091,-0.00045671792774660435,interpolado
0.4837275455091018,-0.000803509176446732,interpolado
0.48382736547309463,-0.0012477597622244626,interpolado
0.48392718543708735,-0.0018197679040850587,interpolado
0.484,-0.002335,original
0.484126825365073,-0.003436657614146481,interpolado
0.4842266453290657,-0.004425017792402691,interpolado
0.4843264652930586,-0.005452486014803588,interpolado
0.4844262852570513,-0.006456940949080142,interpolado
0.4845261052210441,-0.007376261262965535,interpolado
0.48462592518503694,-0.008148325624190857,interpolado
0.48472574514902966,-0.008711012700488787,interpolado
0.48482556511302244,-0.009002201159591541,interpolado
0.48492538507701516,-0.008959769669230906,interpolado
0.485,-0.008673,original
0.4851250250050009,-0.007674624757722947,interpolado
0.48522484496899376,-0.006494916679735055,interpolado
0.48532466493298654,-0.005070573100069291,interpolado
0.4854244848969793,-0.0034892924539433193,interpolado
0.4855243048609722,-0.0018387731765724489,interpolado
0.48562412482496503,-0.00020671370317183293,interpolado
0.485723944788958,0.0013191875310406365,interpolado
0.48582376475295075,0.002651232090850509,interpolado
0.4859235847169434,0.003701721541040221,interpolado
0.486,0.004261,original
0.4861232246449293,0.004653209167014021,interpolado
0.486223044608922,0.004559481340060005,interpolado
0.4863228645729149,0.004161000781088113,interpolado
0.48642268453690757,0.003516679335702942,interpolado
0.48652250450090034,0.0026854288495084784,interpolado
0.4866223244648931,0.0017261611681082965,interpolado
0.48672214442888584,0.000697788137107613,interpolado
0.4868219643928787,-0.00034077839789050984,interpolado
0.4869217843568715,-0.001330626591280764,interpolado
0.487,-0.002034,original
0.4871214242848571,-0.0029458336303688788,interpolado
0.48722124424884977,-0.003523473154546284,interpolado
0.48732106421284266,-0.003944660111784599,interpolado
0.48742088417683543,-0.004208193927171056,interpolado
0.4875207041408281,-0.0043128740257936315,interpolado
0.48762052410482093,-0.004257499832739956,interpolado
0.48772034406881376,-0.0040408707730977865,interpolado
0.4878201640328066,-0.003661786271954585,interpolado
0.4879199839967994,-0.003119045754398471,interpolado
0.488,-0.002565,original
0.4881196239247851,-0.0015527500049998598,interpolado
0.48821944388877775,-0.000589207749608235,interpolado
0.4883192638527706,0.0004281728590574933,interpolado
0.4884190838167633,0.0014484544183045044,interpolado
0.48851890378075613,0.002420699525441683,interpolado
0.488618723744749,0.0032939707777778077,interpolado
0.4887185437087418,0.004017330772620215,interpolado
0.4888183636727346,0.0045398421072779796,interpolado
0.4889181836367275,0.004810567379058825,interpolado
0.489,0.004809,original
0.489117823564713,0.00442451418278971,interpolado
0.48921764352870584,0.0038018501938206157,interpolado
0.48931746349269867,0.00297505802823111,interpolado
0.48941728345669144,0.002008505743821832,interpolado
0.48951710342068416,0.0009665613983920591,interpolado
0.489616923384677,-8.640695025909e-05,interpolado
0.48971674334866977,-0.0010860312443307309,interpolado
0.4898165633126626,-0.0019679434260242035,interpolado
0.48991638327665543,-0.00266777543753881,interpolado
0.49,-0.003067,original
0.4901160232046409,-0.0032937297526403992,interpolado
0.4902158431686338,-0.003224282472783388,interpolado
0.4903156631326266,-0.0029631704909932437,interpolado
0.4904154830966195,-0.002560665195274656,interpolado
0.4905153030606121,-0.0020670379736319063,interpolado
0.49061512302460486,-0.0015325602140690772,interpolado
0.49071494298859775,-0.0010075033045911603,interpolado
0.49081476295259047,-0.0005421386332020118,interpolado
0.49091458291658335,-0.00018673758790655002,interpolado
0.491,-7.92e-06,original
0.49111422284456885,1.5730182356408924e-05,interpolado
0.4912140428085617,-0.00013403913369404774,interpolado
0.49131386277255445,-0.00040043594857186,interpolado
0.4914136827365473,-0.0007430621007839776,interpolado
0.4915135027005401,-0.0011215194288367496,interpolado
0.4916133226645329,-0.0014954097712372963,interpolado
0.49171314262852567,-0.0018243349664919307,interpolado
0.49181296259251844,-0.002067896853107613,interpolado
0.49191278255651133,-0.0021856972695911145,interpolado
0.492,-0.002154,original
0.492112422484497,-0.0019006785885092492,interpolado
0.49221224244848977,-0.0015033993167009783,interpolado
0.4923120624124826,-0.0009818085297389817,interpolado
0.4924118823764753,-0.00037218879928212445,interpolado
0.49251170234046804,0.0002891773030096785,interpolado
0.4926115223044609,0.0009660072054778979,interpolado
0.49271134226845376,0.0016220183364625432,interpolado
0.49281116223244653,0.0022209281243047705,interpolado
0.4929109821964394,0.002726453997345607,interpolado
0.493,0.003069,original
0.49311062212442497,0.0033253327344315415,interpolado
0.49321044208841763,0.0034101513530815386,interpolado
0.49331026205241063,0.0033782882213063323,interpolado
0.49341008201640335,0.0032512501144576662,interpolado
0.4935099019803961,0.0030505438078875314,interpolado
0.4936097219443889,0.00279767607694757,interpolado
0.49370954190838173,0.002514153696989911,interpolado
0.4938093618723746,0.0022214834433662662,interpolado
0.49390918183636734,0.001941172091428324,interpolado
0.494,0.001715,original
0.49410882176435283,0.0014961123311802284,interpolado
0.4942086417283458,0.001336312381255146,interpolado
0.49430846169233844,0.001201908832959372,interpolado
0.49440828165633127,0.0010794882208676132,interpolado
0.494508101620324,0.0009556370795547734,interpolado
0.4946079215843169,0.0008169419435954725,interpolado
0.49470774154830965,0.0006499893475646319,interpolado
0.49480756151230243,0.0004413658260369542,interpolado
0.49490738147629526,0.0001776579135870487,interpolado
0.495,-0.000128,original
0.4951070214042809,-0.0005563212525411755,interpolado
0.4952068413682737,-0.0009889929358963294,interpolado
0.49530666133226653,-0.0014058778420063247,interpolado
0.4954064812962593,-0.0017602946684975558,interpolado
0.495506301260252,-0.00200556211299583,interpolado
0.49560612122424497,-0.0020949988731275852,interpolado
0.4957059411882377,-0.0019819236465189244,interpolado
0.4958057611522305,-0.0016196551307961658,interpolado
0.49590558111622335,-0.0009615120235850756,interpolado
0.496,-2.45e-05,original
0.49610522104420907,0.0014002874157266123,interpolado
0.49620504100820173,0.003041601781068374,interpolado
0.4963048609721946,0.004862091644538897,interpolado
0.4964046809361874,0.006760722477172325,interpolado
0.4965045009001801,0.008636459749999595,interpolado
0.49660432086417294,0.010388268934055754,interpolado
0.49670414082816566,0.01191511550037191,interpolado
0.4968039607921586,0.013115964919982166,interpolado
0.49690378075615144,0.013889782663919902,interpolado
0.497,0.014137,original
0.4971034206841369,0.013787114499195554,interpolado
0.4972032406481296,0.012903795677916486,interpolado
0.4973030606121225,0.011572984862710647,interpolado
0.49740288057611537,0.009882087702768218,interpolado
0.49750270054010803,0.007918509847282677,interpolado
0.49760252050410086,0.00576965694544473,interpolado
0.49770234046809375,0.003522934646444684,interpolado
0.4978021604320865,0.0012657485994766239,interpolado
0.49790198039607936,-0.0009144955462702881,interpolado
0.498,-0.002896,original
0.4981016203240649,-0.004694535537328302,interpolado
0.4982014402880577,-0.006119520084258208,interpolado
0.49830126025205046,-0.007117940133198578,interpolado
0.49840108021604335,-0.007602390034958857,interpolado
0.49850090018003607,-0.007485464140346906,interpolado
0.4986007201440289,-0.006679756800171591,interpolado
0.4987005401080217,-0.005097862365240246,interpolado
0.49880036007201445,-0.0026523751863630233,interpolado
0.4989001800360072,0.0007441103856544486,interpolado
0.499,0.005179,original
