Time - Voltage_1,Amplitude - Voltage_1,tipo_valor
0.0,-0.001342,original
9.981996399279867e-05,0.003219359660281341,interpolado
0.00019963992798559732,0.006786724189040226,interpolado
0.000299459891978396,0.009438744093485657,interpolado
0.00039927985597119453,0.011254069880826617,interpolado
0.0004990998199639931,0.012311352058272114,interpolado
0.0005989197839567919,0.01268924113303114,interpolado
0.0006987397479495905,0.012466387612312693,interpolado
0.0007985597119423888,0.011721442003325758,interpolado
0.0008983796759351872,0.010533054813279338,interpolado
0.001,0.008949,original
0.0010980196039207845,0.007140557718844035,interpolado
0.0011978395679135832,0.005093748828873137,interpolado
0.0012976595319063818,0.0029181003866787358,interpolado
0.0013974794958991803,0.0006922628994698339,interpolado
0.0014972994598919786,-0.0015051131255445775,interpolado
0.0015971194238847772,-0.0035953771811555076,interpolado
0.0016969393878775757,-0.005499878760153958,interpolado
0.0017967593518703746,-0.0071399673553309275,interpolado
0.001896579315863173,-0.008436992459477426,interpolado
0.002,-0.009335,original
0.00209621924384877,-0.009708195673487968,interpolado
0.0021960392078415694,-0.009660328788978165,interpolado
0.002295859171834368,-0.009230367744109664,interpolado
0.002395679135827166,-0.00847997846881059,interpolado
0.0024954990998199648,-0.007470826893009067,interpolado
0.0025953190638127637,-0.006264578946633214,interpolado
0.0026951390278055617,-0.004922900559611157,interpolado
0.002794958991798361,-0.003507457661871002,interpolado
0.0028947789557911595,-0.0020799161833408783,interpolado
0.003,-0.00063,original
0.003094418883776757,0.0005725691735794836,interpolado
0.0031942388477695545,0.0017262913714697033,interpolado
0.0032940588117623534,0.0027526466758949616,interpolado
0.0033938787757551514,0.0036450586775072773,interpolado
0.0034936987397479503,0.0043969509669586695,interpolado
0.0035935187037407475,0.005001747134901164,interpolado
0.003693338667733547,0.005452870771986782,interpolado
0.0037931586317263444,0.005743745468867538,interpolado
0.003892978595719143,0.005867794816195459,interpolado
0.004,0.005808,original
0.004092618523704739,0.00559381558981061,interpolado
0.004192438487697538,0.0052154184485778765,interpolado
0.004292258451690337,0.004712003328055861,interpolado
0.0043920784156831335,0.004112324786485021,interpolado
0.004491898379675935,0.0034451373821058127,interpolado
0.004591718343668733,0.0027391956731587053,interpolado
0.00469153830766153,0.002023254217884149,interpolado
0.00479135827165433,0.0013260675745226144,interpolado
0.004891178235647129,0.0006763903013145572,interpolado
0.005,5.6e-05,original
0.005090818163632725,-0.00036974224874223465,interpolado
0.005190638127625526,-0.0007400371080133467,interpolado
0.005290458091618324,-0.0010136001723696274,interpolado
0.005390278055611122,-0.0011961282039190406,interpolado
0.0054900980196039215,-0.001293317964769547,interpolado
0.00558991798359672,-0.001310866217029104,interpolado
0.005689737947589518,-0.001254469722805673,interpolado
0.005789557911582318,-0.0011298252442072123,interpolado
0.005889377875575115,-0.0009426295433416837,interpolado
0.006,-0.000669,original
0.006089017803560713,-0.0004061764228761868,interpolado
0.006188837767553511,-8.947919534945593e-05,interpolado
0.00628865773154631,0.0002220909632091646,interpolado
0.006388477695539108,0.0004991077036590099,interpolado
0.006488297659531905,0.0007121446768594243,interpolado
0.006588117623524705,0.0008317755336697495,interpolado
0.006687937587517502,0.0008285739249493244,interpolado
0.006787757551510303,0.0006731135015574901,interpolado
0.006887577515503101,0.00033596791435358975,interpolado
0.007,-0.000298,original
0.007087217443488696,-0.000991394759015892,interpolado
0.007187037407481496,-0.0019642842858840484,interpolado
0.007286857371474294,-0.0030732588480963017,interpolado
0.007386677335467093,-0.004260590295338484,interpolado
0.007486497299459892,-0.005468550477296396,interpolado
0.0075863172634526915,-0.0066394112436558754,interpolado
0.00768613722744549,-0.007715444444102752,interpolado
0.007785957191438287,-0.008638921928322824,interpolado
0.007885777155431088,-0.009352115546001936,interpolado
0.008,-0.009836,original
0.008085417083416686,-0.009929020537512816,interpolado
0.008185237047409484,-0.009777972994931423,interpolado
0.008285057011402286,-0.009403975479145451,interpolado
0.008384876975395084,-0.008866907832067448,interpolado
0.008484696939387882,-0.008226649895610002,interpolado
0.00858451690338068,-0.007543081511685631,interpolado
0.00868433686737348,-0.006876082522206916,interpolado
0.00878415683136628,-0.006285532769086419,interpolado
0.008883976795359077,-0.005831312094236676,interpolado
0.009,-0.005554,original
0.009083616723344675,-0.005560043844969505,interpolado
0.00918343668733747,-0.005765764531706189,interpolado
0.009283256651330271,-0.006134736749090481,interpolado
0.009383076615323067,-0.006611152377506662,interpolado
0.009482896579315865,-0.007139203297339016,interpolado
0.009582716543308663,-0.007663081388971847,interpolado
0.009682536507301462,-0.008126978532789434,interpolado
0.009782356471294258,-0.008475086609176062,interpolado
0.00988217643528706,-0.008651597498516033,interpolado
0.01,-0.008563,original
0.010081816363272652,-0.008276320681051014,interpolado
0.010181636327265452,-0.0076998794233720256,interpolado
0.01028145629125825,-0.006921439866913433,interpolado
0.01038127625525105,-0.0059911661960223295,interpolado
0.010481096219243848,-0.004959222595045822,interpolado
0.010580916183236646,-0.003875773248330971,interpolado
0.010680736147229445,-0.002790982340224879,interpolado
0.010780556111222242,-0.0017550140550746595,interpolado
0.01088037607521504,-0.000818032577227366,interpolado
0.011,0.000104,original
0.01108001600320064,0.0005639487607474794,interpolado
0.011179835967193439,0.0009613277729988484,interpolado
0.011279655931186237,0.001177331367184796,interpolado
0.011379475895179035,0.0012274414047717106,interpolado
0.011479295859171835,0.001127139747225982,interpolado
0.011579115823164633,0.000891908256013996,interpolado
0.011678935787157431,0.0005372287926021485,interpolado
0.01177875575115023,7.85832184568144e-05,interpolado
0.01187857571514303,-0.00046854660495561243,interpolado
0.012,-0.001231,original
0.012078215643128627,-0.0017657599715384163,interpolado
0.012178035607121426,-0.002479282047718355,interpolado
0.012277855571114226,-0.003206646677060257,interpolado
0.01237767553510702,-0.003925243446558901,interpolado
0.012477495499099822,-0.004612461943209106,interpolado
0.01257731546309262,-0.00524569175400565,interpolado
0.012677135427085416,-0.005802322465943318,interpolado
0.012776955391078218,-0.006259743666016923,interpolado
0.012876775355071018,-0.0065953449412212446,interpolado
0.013,-0.006808,original
0.013076415283056614,-0.006814134297155395,interpolado
0.013176235247049412,-0.006687915159597346,interpolado
0.01327605521104221,-0.006431799604381101,interpolado
0.013375875175035011,-0.006069828994275243,interpolado
0.01347569513902781,-0.005626044692048377,interpolado
0.013575515103020611,-0.005124488060469096,interpolado
0.01367533506701341,-0.0045892004623060085,interpolado
0.013775155031006209,-0.004044223260327692,interpolado
0.01387497499499901,-0.0035135978173027557,interpolado
0.014,-0.002906,original
0.014074614922984603,-0.002589832807429565,interpolado
0.014174434886977401,-0.0022260797716634785,interpolado
0.014274254850970199,-0.0019292922870743398,interpolado
0.014374074814962995,-0.0016985893795424783,interpolado
0.014473894778955797,-0.0015330900749482392,interpolado
0.014573714742948593,-0.0014319133991719634,interpolado
0.01467353470694139,-0.0013941783780939876,interpolado
0.014773354670934187,-0.0014190040375946533,interpolado
0.014873174634926982,-0.001505509403554298,interpolado
0.015,-0.001703,original
0.01507281456291258,-0.001858698630104414,interpolado
0.01517263452690538,-0.0021084795920728702,interpolado
0.015272454490898178,-0.0023806806784313684,interpolado
0.015372274454890979,-0.002653757986775699,interpolado
0.015472094418883775,-0.0029061676147016558,interpolado
0.015571914382876577,-0.0031163656598050342,interpolado
0.015671734346869373,-0.003262808219681635,interpolado
0.015771554310862173,-0.003323951391927251,interpolado
0.015871374274854976,-0.0032782512741376772,interpolado
0.016,-0.003027,original
0.016071014202840572,-0.0027826564485525034,interpolado
0.016170834166833372,-0.0023196077106259236,interpolado
0.016270654130826165,-0.0017351466298401188,interpolado
0.01637047409481896,-0.0010495696689426183,interpolado
0.016470294058811764,-0.0002831732906809296,interpolado
0.016570114022804557,0.000543746042197352,interpolado
0.016669933986797354,0.001410891866944714,interpolado
0.016769753950790153,0.002297967720813649,interpolado
0.016869573914782953,0.003184677141056555,interpolado
0.017,0.004309,original
0.017069213842768553,0.0048755682136850075,interpolado
0.017169033806761345,0.005636108215646667,interpolado
0.01726885377075415,0.006307701580100934,interpolado
0.017368673734746952,0.006865685238273387,interpolado
0.01746849369873975,0.007285396121389546,interpolado
0.017568313662732548,0.0075421711606750005,interpolado
0.01766813362672535,0.007611347287355312,interpolado
0.017767953590718144,0.007468261432656035,interpolado
0.017867773554710947,0.007088250527802726,interpolado
0.018,0.006178,original
0.018067413482696543,0.00552437961477029,interpolado
0.01816723344668934,0.004365196250975641,interpolado
0.018267053410682136,0.0030524779459179373,interpolado
0.01836687337467494,0.0016702209006915398,interpolado
0.01846669333866774,0.0003024213163907987,interpolado
0.018566513302660535,-0.0009669246058897923,interpolado
0.018666333266653328,-0.0020538206650558854,interpolado
0.01876615323064613,-0.0028742706600131044,interpolado
0.018865973194638928,-0.0033442783896669944,interpolado
0.019,-0.003277,original
0.019065613122624524,-0.0029060024902870444,interpolado
0.01916543308661732,-0.001956267622779089,interpolado
0.019265253050610116,-0.000635936492559539,interpolado
0.019365073014602913,0.0009484192989537526,interpolado
0.019464892978595716,0.0026902281503427697,interpolado
0.019564712942588512,0.004482918460189664,interpolado
0.019664532906581312,0.00621991862707658,interpolado
0.01976435287057411,0.007794657049585496,interpolado
0.019864172834566908,0.009100562126298563,interpolado
0.02,0.010254,original
0.02006381276255251,0.01048734334946787,interpolado
0.020163632726545307,0.010470362056221223,interpolado
0.02026345269053811,0.010050310262735132,interpolado
0.02036327265453091,0.00929877355140932,interpolado
0.02046309261852371,0.008287337504643479,interpolado
0.02056291258251651,0.007087587704837249,interpolado
0.020662732546509306,0.005771109734390414,interpolado
0.02076255251050211,0.004409489175702579,interpolado
0.02086237247449491,0.003074311611173535,interpolado
0.021,0.001409,original
0.02106201240248051,0.0007661263710325777,interpolado
0.021161832366473305,-0.00011893805034312284,interpolado
0.021261652330466105,-0.0008332734095817311,interpolado
0.0213614722944589,-0.0013929159716860294,interpolado
0.021461292258451697,-0.001813902001658748,interpolado
0.021561112222444494,-0.002112267764502674,interpolado
0.02166093218643729,-0.0023040495252205787,interpolado
0.02176075215043009,-0.0024052835488152166,interpolado
0.021860572114422883,-0.0024320061002893623,interpolado
0.022,-0.002375,original
0.02206021204240848,-0.002325678430305173,interpolado
0.022160032006401275,-0.002218269082680995,interpolado
0.022259851970394078,-0.002083689281918962,interpolado
0.02235967193438687,-0.0019274937724303694,interpolado
0.022459491898379667,-0.0017552372986265,interpolado
0.022559311862372467,-0.0015724746049186355,interpolado
0.022659131826365267,-0.001384760435718073,interpolado
0.02275895179035806,-0.0011976495354360946,interpolado
0.022858771754350866,-0.0010166966484839808,interpolado
0.023,-0.000782,original
0.02305841168233646,-0.0006952108077500673,interpolado
0.023158231646329266,-0.000560905036116581,interpolado
0.023258051610322066,-0.00044201409882880925,interpolado
0.023357871574314865,-0.0003359156022980035,interpolado
0.02345769153830767,-0.00023998715293541595,interpolado
0.023557511502300465,-0.00015160635715230907,interpolado
0.02365733146629326,-6.815082135993517e-05,interpolado
0.02375715143028606,1.3001848030452846e-05,interpolado
0.023856971394278864,9.447404460759353e-05,interpolado
0.024,0.000217,original
0.024056611322264457,0.0002685312261146464,interpolado
0.024156431286257257,0.0003599558281280724,interpolado
0.024256251250250056,0.0004449024835011494,interpolado
0.024356071214242853,0.0005149625921616697,interpolado
0.024455891178235652,0.0005617275540374351,interpolado
0.02455571114222845,0.0005767887690562431,interpolado
0.02465553110622125,0.0005517376371458914,interpolado
0.024755351070214045,0.0004781655582341792,interpolado
0.024855171034206848,0.00034766393224889907,interpolado
0.025,3.99e-05,original
0.02505481096219244,-0.00011657693276348271,interpolado
0.025154630926185237,-0.00044288704248346433,interpolado
0.02525445089017804,-0.0007932099595121807,interpolado
0.025354270854170833,-0.001132993069320605,interpolado
0.025454090818163633,-0.0014276837573797103,interpolado
0.025553910782156432,-0.0016427294091604383,interpolado
0.02565373074614923,-0.0017435774101337632,interpolado
0.02575355071014203,-0.0016956751457706438,interpolado
0.02585337067413483,-0.001464470001542045,interpolado
0.026,-0.00072,original
0.02605301060212042,-0.00031669562832364293,interpolado
0.026152830566113224,0.0006084702877989625,interpolado
0.026252650530106014,0.0016861709358368079,interpolado
0.02635247049409882,0.002840592013529537,interpolado
0.026452290458091617,0.003995919218616682,interpolado
0.026552110422084416,0.005076338248837881,interpolado
0.026651930386077216,0.006006034801932771,interpolado
0.026751750350070016,0.006709194575640895,interpolado
0.026851570314062816,0.007110003267701892,interpolado
0.027,0.006984,original
0.02705121024204842,0.0067051921121255445,interpolado
0.02715103020604122,0.0058397586341939435,interpolado
0.02725085017003401,0.004629707749920498,interpolado
0.02735067013402681,0.0031717211190170646,interpolado
0.027450490098019614,0.001562480401195477,interpolado
0.02755031006201241,-0.00010133274383227676,interpolado
0.027650130026005214,-0.001723036656354363,interpolado
0.027749949989998014,-0.003205949676658949,interpolado
0.02784976995399081,-0.004453390145034046,interpolado
0.027949589917983606,-0.005368676401767824,interpolado
0.028,-0.005674,original
0.028149229845969206,-0.005916142130842783,interpolado
0.028249049809962005,-0.005620003979222464,interpolado
0.028348869773954805,-0.0050533826084732825,interpolado
0.028448689737947598,-0.0042993155701674425,interpolado
0.0285485097019404,-0.003440840415877098,interpolado
0.028648329665933194,-0.0025609946971743808,interpolado
0.028748149629925987,-0.001742815965631526,interpolado
0.028847969593918794,-0.001069341772820663,interpolado
0.028947789557911587,-0.0006236096703139508,interpolado
0.029,-0.000509,original
0.02914742948589718,-0.0006699868359270791,interpolado
0.029247249449889975,-0.0011175192091762015,interpolado
0.02934706941388278,-0.0017672868727729386,interpolado
0.029446889377875568,-0.002557933489845816,interpolado
0.029546709341868368,-0.0034281027235233807,interpolado
0.029646529305861168,-0.004316438236934084,interpolado
0.029746349269853964,-0.005161583693206476,interpolado
0.02984616923384676,-0.005902182755469085,interpolado
0.02994598919783956,-0.006476879086850381,interpolado
0.03,-0.006697,original
0.03014562912582516,-0.006936583811032648,interpolado
0.030245449089817963,-0.006847877269670293,interpolado
0.03034526905381076,-0.006601773072865471,interpolado
0.030445089017803562,-0.006240184061447953,interpolado
0.030544908981796355,-0.005805023076247548,interpolado
0.030644728945789155,-0.005338202958094009,interpolado
0.030744548909781958,-0.004881636547817154,interpolado
0.03084436887377475,-0.004477236686246749,interpolado
0.030944188837767558,-0.00416691621421257,interpolado
0.031,-0.00405,original
0.03114382876575315,-0.003962280963336387,interpolado
0.03124364872974596,-0.0040548389875001666,interpolado
0.03134346869373875,-0.004243243357408747,interpolado
0.03144328865773155,-0.0045014460607325,interpolado
0.03154310862172435,-0.004803399085141791,interpolado
0.031642928585717156,-0.005123054418306986,interpolado
0.03174274854970995,-0.005434364047898475,interpolado
0.03184256851370275,-0.005711279961586579,interpolado
0.03194238847769555,-0.005927754147041688,interpolado
0.032,-0.006015,original
0.03214202840568114,-0.006093432514294624,interpolado
0.03224184836967394,-0.006044141235938243,interpolado
0.03234166833366674,-0.005922303652096467,interpolado
0.03244148829765954,-0.005739879731052567,interpolado
0.03254130826165234,-0.005508829441089814,interpolado
0.032641128225645126,-0.0052411127504914745,interpolado
0.03274094818963792,-0.0049486896275408206,interpolado
0.03284076815363072,-0.0046435200405211,interpolado
0.03294058811762353,-0.004337563957715627,interpolado
0.033,-0.00416,original
0.03314022804560912,-0.0037653228298319915,interpolado
0.03324004800960192,-0.003505434569939427,interpolado
0.033339867973594714,-0.0032623648992115535,interpolado
0.03343968793758752,-0.0030355011531790262,interpolado
0.03353950790158032,-0.002824230667372543,interpolado
0.03363932786557312,-0.0026279407773227535,interpolado
0.03373914782956591,-0.002446018818560326,interpolado
0.033838967793558716,-0.0022778521266159286,interpolado
0.033938787757551506,-0.002122828037020226,interpolado
0.034,-0.002034,original
0.03413842768553711,-0.0018516806283289217,interpolado
0.03423824764952991,-0.0017402917468941727,interpolado
0.034338067613522705,-0.001649923979429567,interpolado
0.0344378875775155,-0.0015842923319778547,interpolado
0.0345377075415083,-0.0015471118105817852,interpolado
0.0346375275055011,-0.0015420974212841095,interpolado
0.03473734746949389,-0.0015729641701275779,interpolado
0.03483716743348669,-0.001643427063154939,interpolado
0.03493698739747949,-0.0017572011064089423,interpolado
0.035,-0.001853,original
0.035136627325465096,-0.0021157041709210503,interpolado
0.03523644728945789,-0.0023238137642848933,interpolado
0.035336267253450696,-0.002513394309112176,interpolado
0.03543608721744349,-0.0026557805988871525,interpolado
0.03553590718143629,-0.0027223074270940626,interpolado
0.03563572714542908,-0.002684309587217146,interpolado
0.03573554710942189,-0.002513121872740627,interpolado
0.03583536707341469,-0.0021800790771487636,interpolado
0.03593518703740749,-0.0016565159939257918,interpolado
0.036,-0.001201,original
0.036134826965393094,3.857869998427655e-05,interpolado
0.03623464692938588,0.0011423047289718948,interpolado
0.036334466893378686,0.0023322653762162457,interpolado
0.03643428685737148,0.0035439849264739193,interpolado
0.036534106821364286,0.004712987664501752,interpolado
0.036633926785357075,0.0057747978750565,interpolado
0.03673374674934987,0.006664939842894925,interpolado
0.036833566713342675,0.007318937852773782,interpolado
0.03693338667733548,0.007672316189449841,interpolado
0.037,0.007709,original
0.037133026605321064,0.007275505850217858,interpolado
0.03723284656931387,0.006585339514317326,interpolado
0.037332666533306656,0.005668955770889236,interpolado
0.03743248649729945,0.004604336171183011,interpolado
0.03753230646129226,0.003469462266447993,interpolado
0.03763212642528505,0.0023423156079337613,interpolado
0.03773194638927785,0.0013008777468896632,interpolado
0.03783176635327065,0.0004231302345651201,interpolado
0.03793158631726345,-0.00021294537779044712,interpolado
0.038,-0.000469,original
0.03813122624524904,-0.000496137692780523,interpolado
0.038231046209241844,-0.00015321703492953478,interpolado
0.03833086617323465,0.00045000301195187637,interpolado
0.03843068613722745,0.0012647887962973872,interpolado
0.03853050610122025,0.0022424066665406787,interpolado
0.03863032606521305,0.0033341229711155067,interpolado
0.038730146029205846,0.0044912040584554015,interpolado
0.038829965993198635,0.005664916276994108,interpolado
0.03892978595719144,0.006806525975165312,interpolado
0.039,0.007564,original
0.039129425885177045,0.008806345233501909,interpolado
0.03922924584916984,0.009594981650595871,interpolado
0.03932906581316264,0.010206154783402845,interpolado
0.039428885777155434,0.010612716798271572,interpolado
0.03952870574114822,0.010787519861550722,interpolado
0.039628525705141034,0.010703416139588973,interpolado
0.03972834566913384,0.010333257798735002,interpolado
0.03982816563312663,0.00964989700533742,interpolado
0.03992798559711943,0.008626185925745003,interpolado
0.04,0.007661,original
0.040127625525105015,0.005492782868524054,interpolado
0.040227445489097825,0.0034885972292233816,interpolado
0.04032726545309062,0.0013210628546876592,interpolado
0.040427085417083425,-0.0009116287308656505,interpolado
0.04052690538107623,-0.0031112860032186072,interpolado
0.04062672534506901,-0.005179717438153743,interpolado
0.04072654530906182,-0.007018731511453435,interpolado
0.04082636527305462,-0.008530136698900057,interpolado
0.040926185237047406,-0.009615741476275988,interpolado
0.041,-0.010087,original
0.04112582516503301,-0.010178060782876136,interpolado
0.0412256451290258,-0.00968924369766258,interpolado
0.041325465093018605,-0.00879682137087368,interpolado
0.04142528505701141,-0.007586171135931469,interpolado
0.04152510502100421,-0.006142670326257897,interpolado
0.041624924984997015,-0.00455169627527522,interpolado
0.041724744948989805,-0.002898626316405387,interpolado
0.04182456491298261,-0.0012688377830704508,interpolado
0.0419243848769754,0.0002522919913075434,interpolado
0.042,0.00128,original
0.04212402480496101,0.0026608782198619782,interpolado
0.0422238447689538,0.0035087432509551845,interpolado
0.0423236647329466,0.004143622310946502,interpolado
0.0424234846969394,0.004585905607656132,interpolado
0.042523304660932196,0.004855983348904277,interpolado
0.04262312462492499,0.004974245742511138,interpolado
0.04272294458891779,0.00496108299629691,interpolado
0.042822764552910585,0.004836885318081801,interpolado
0.04292258451690339,0.004622042915686013,interpolado
0.043,0.004406,original
0.04312222444488898,0.003998781691315336,interpolado
0.04322204440888176,0.0036183445056585033,interpolado
0.04332186437287459,0.003205536121241043,interpolado
0.04342168433686737,0.0027702779480233,interpolado
0.043521504300860166,0.0023224913959655345,interpolado
0.043621324264852976,0.001872097875028038,interpolado
0.04372114422884576,0.0014290187951710974,interpolado
0.04382096419283857,0.0010031755663550029,interpolado
0.04392078415683137,0.000604489598540016,interpolado
0.044,0.000314,original
0.044120424084816964,-7.333062348441448e-05,interpolado
0.044220244048809754,-0.0003392335317538359,interpolado
0.04432006401280256,-0.0005503999969966422,interpolado
0.04441988397679535,-0.0007023955506240452,interpolado
0.044519703940788156,-0.00079078572404726,interpolado
0.04461952390478095,-0.0008111360486774864,interpolado
0.04471934386877376,-0.0007590120559259441,interpolado
0.044819163832766545,-0.0006299792772038443,interpolado
0.044918983796759356,-0.0004196032439223996,interpolado
0.045,-0.000186,original
0.04511862372474495,0.00025372745944034214,interpolado
0.04521844368873775,0.0006865475364046388,interpolado
0.04531826365273055,0.001146556966737543,interpolado
0.045418083616723344,0.0016053385743415786,interpolado
0.04551790358071613,0.002034475183119272,interpolado
0.04561772354470895,0.0024055496169731712,interpolado
0.04571754350870173,0.0026901446998057483,interpolado
0.045817363472694536,0.0028598432555195577,interpolado
0.045917183436687325,0.002886228108017124,interpolado
0.046,0.002779,original
0.046116823364672925,0.002411840719059938,interpolado
0.04621664332866572,0.0019262550284573391,interpolado
0.046316463292658525,0.0013173403163136159,interpolado
0.04641628325665133,0.0006182611605907576,interpolado
0.04651610322064412,-0.00013781786074922085,interpolado
0.04661592318463692,-0.0009177321697443027,interpolado
0.046715743148629724,-0.0016883171884324736,interpolado
0.04681556311262252,-0.002416408338851763,interpolado
0.046915383076615316,-0.0030688410430400556,interpolado
0.047,-0.003538,original
0.04711502300460093,-0.00402331323219869,interpolado
0.04721484296859371,-0.004300757263645991,interpolado
0.04731466293258652,-0.004447875688514147,interpolado
0.047414482896579326,-0.004467740041130176,interpolado
0.047514302860572115,-0.004363421855821102,interpolado
0.04761412282456492,-0.004137992666913956,interpolado
0.047713942788557714,-0.003794524008735765,interpolado
0.04781376275255052,-0.0033360874156135524,interpolado
0.047913582716543314,-0.002765754421874345,interpolado
0.048,-0.002184,original
0.048113222644528914,-0.0013115376247872991,interpolado
0.04821304260852171,-0.00047972733204170646,interpolado
0.048312862572514506,0.0003652385859789239,interpolado
0.04841268253650731,0.0011797807410706739,interpolado
0.04851250250050011,0.0019203197450296697,interpolado
0.04861232246449291,0.002543276209651889,interpolado
0.048712142428485705,0.003005070746733466,interpolado
0.0488119623924785,0.0032621239680704836,interpolado
0.0489117823564713,0.0032708564854590214,interpolado
0.049,0.003037,original
0.049111422284456904,0.002392463477777259,interpolado
0.0492112422484497,0.0015309397000081953,interpolado
0.049311062212442504,0.00046060717791513784,interpolado
0.0494108821764353,-0.0007610709324751198,interpolado
0.04951070214042809,-0.002076631475135776,interpolado
0.049610522104420886,-0.003428611294040038,interpolado
0.04971034206841369,-0.0047595472331611955,interpolado
0.04981016203240649,-0.006011976136472266,interpolado
0.049909981996399296,-0.0071284348479465475,interpolado
0.05,-0.007971,original
0.05010962192438488,-0.008741446610614828,interpolado
0.05020944188837768,-0.009211901460990875,interpolado
0.05030926185237049,-0.00948627144957676,interpolado
0.05040908181636328,-0.009587990496871666,interpolado
0.05050890178035608,-0.009540492523374841,interpolado
0.05060872174434887,-0.009367211449585508,interpolado
0.05070854170834167,-0.009091581196002903,interpolado
0.05080836167233446,-0.008737035683126235,interpolado
0.050908181636327265,-0.008327008831454706,interpolado
0.051,-0.007921,original
0.051107821564312865,-0.007430475058060171,interpolado
0.051207641528305654,-0.006971441345407229,interpolado
0.05130746149229845,-0.006513309048200084,interpolado
0.051407281456291254,-0.00606155533265048,interpolado
0.05150710142028405,-0.005621657364970247,interpolado
0.05160692138427685,-0.005199092311371126,interpolado
0.05170674134826966,-0.004799337338064887,interpolado
0.05180656131226244,-0.004427869611263298,interpolado
0.051906381276255235,-0.004090166297178133,interpolado
0.052,-0.003809,original
0.05210602120424085,-0.003537506484849613,interpolado
0.052205841168233645,-0.0033310839653124934,interpolado
0.05230566113222645,-0.0031756352069593884,interpolado
0.05240548109621924,-0.003074358504405016,interpolado
0.05250530106021204,-0.0030304521522640953,interpolado
0.05260512102420484,-0.003047114445151348,interpolado
0.05270494098819765,-0.003127543677681491,interpolado
0.052804760952190444,-0.003274938144469243,interpolado
0.052904580916183254,-0.0034924961401293217,interpolado
0.053,-0.003769,original
0.05310422084416883,-0.004145290572574607,interpolado
0.05320404080816165,-0.004556072426309317,interpolado
0.05330386077215444,-0.004989410553194157,interpolado
0.053403680736147235,-0.005418954407984716,interpolado
0.05350350070014003,-0.005818353445436555,interpolado
0.05360332066413282,-0.006161257120305237,interpolado
0.05370314062812563,-0.006421314887346327,interpolado
0.053802960592118435,-0.006572176201315384,interpolado
0.053902780556111224,-0.006587490516967956,interpolado
0.054,-0.006447,original
0.05410242048409682,-0.006117312848584333,interpolado
0.05420224044808961,-0.0056431605772202156,interpolado
0.05430206041208242,-0.005054515060066928,interpolado
0.05440188037607522,-0.004387440698288659,interpolado
0.054501700340068016,-0.003678001893049482,interpolado
0.05460152030406081,-0.002962263045513511,interpolado
0.054701340268053615,-0.002276288556844853,interpolado
0.05480116023204642,-0.0016561428282076181,interpolado
0.054900980196039215,-0.0011378902607658869,interpolado
0.055,-0.00076,original
0.055100620124024814,-0.0005391291495829876,interpolado
0.05520044008801761,-0.00045874995347242416,interpolado
0.055300260052010414,-0.00048109516187975533,interpolado
0.05540008001600321,-0.0005708022754643961,interpolado
0.05549989997999602,-0.0006925087948857708,interpolado
0.05559971994398881,-0.0008108522208032758,interpolado
0.05569953990798162,-0.0008904700538763339,interpolado
0.05579935987197441,-0.0008959997947643599,interpolado
0.055899179835967205,-0.0007920789441267695,interpolado
0.056,-0.00054,original
0.056098819763952805,-0.0001251047783090075,interpolado
0.056198639727945615,0.00044335525478164726,interpolado
0.056298459691938404,0.001131418221254392,interpolado
0.056398279655931194,0.0019084672346518007,interpolado
0.056498099619924,0.002743885408516447,interpolado
0.05659791958391678,0.003607055856390906,interpolado
0.05669773954790959,0.00446736169181781,interpolado
0.056797559511902386,0.005294186028339611,interpolado
0.05689737947589518,0.006056911979498944,interpolado
0.057,0.006742,original
0.05709701940388077,0.007271678414818958,interpolado
0.05719683936787358,0.007688381338199927,interpolado
0.057296659331866374,0.007971058075218961,interpolado
0.057396479295859164,0.00811573537018108,interpolado
0.057496299259851974,0.008118439967391368,interpolado
0.05759611922384477,0.007975198611154876,interpolado
0.05769593918783757,0.0076820380457766615,interpolado
0.05779575915183038,0.007234985015561743,interpolado
0.05789557911582317,0.006630066264815241,interpolado
0.058,0.005824,original
0.058095219043808766,0.004938722960592191,interpolado
0.05819503900780156,0.003897000535349751,interpolado
0.058294858971794365,0.0027893587478942795,interpolado
0.05839467893578716,0.0016670159847544232,interpolado
0.05849449889977996,0.0005811906324590689,interpolado
0.05859431886377275,-0.0004168989224631398,interpolado
0.058694138827765543,-0.0012760342934834742,interpolado
0.05879395879175835,-0.0019449970940732103,interpolado
0.05889377875575114,-0.0023725689377036246,interpolado
0.059,-0.002505,original
0.059093418683736736,-0.0023164289355394182,interpolado
0.05919323864772953,-0.0018519685628642871,interpolado
0.059293058611722335,-0.0011929467389554917,interpolado
0.05939287857571514,-0.00041816559785204984,interpolado
0.059492698539707935,0.0003935727264070262,interpolado
0.05959251850370074,0.0011634660997827668,interpolado
0.05969233846769355,0.0018127123882360505,interpolado
0.05979215843168634,0.0022625094577279114,interpolado
0.05989197839567914,0.0024340551742193365,interpolado
0.06,0.002215,original
0.06009161832366474,0.0016501072531288656,interpolado
0.060191438287657544,0.0007002924144698349,interpolado
0.06029125825165034,-0.0005018334981633439,interpolado
0.06039107821564312,-0.00185719042573141,interpolado
0.06049089817963593,-0.0032666983091950504,interpolado
0.060590718143628736,-0.004631277089514945,interpolado
0.06069053810762152,-0.005851846707651785,interpolado
0.06079035807161433,-0.00682932710456631,interpolado
0.06089017803560712,-0.007464638221219068,interpolado
0.061,-0.00765,original
0.06108981796359272,-0.007336738882627655,interpolado
0.06118963792758553,-0.006555530268924397,interpolado
0.06128945789157832,-0.00541614776819406,interpolado
0.06138927785557113,-0.004019698556699795,interpolado
0.061489097819563916,-0.0024672898107045206,interpolado
0.06158891778355671,-0.0008600287064712206,interpolado
0.06168873774754952,0.0007009775797371177,interpolado
0.06178855771154231,0.0021146218716575093,interpolado
0.06188837767553511,0.0032797969930270345,interpolado
0.062,0.004164,original
0.0620880176035207,0.00447997636062543,interpolado
0.06218783756751352,0.004464570580203974,interpolado
0.062287657531506314,0.004120129971858193,interpolado
0.062387477495499104,0.0035176534943534296,interpolado
0.06248729745949191,0.0027281401064549607,interpolado
0.0625871174234847,0.0018225887669283028,interpolado
0.06268693738747752,0.0008719984345385469,interpolado
0.06278675735147032,-5.263193194883606e-05,interpolado
0.0628865773154631,-0.0008803033737683875,interpolado
0.063,-0.001613,original
0.0630862172434487,-0.0019721897757570593,interpolado
0.0631860372074415,-0.0021862672809340473,interpolado
0.06328585717143427,-0.0022175072745051413,interpolado
0.06338567713542709,-0.0021012124179345506,interpolado
0.06348549709941989,-0.0018726853726864585,interpolado
0.06358531706341268,-0.001567228800225114,interpolado
0.06368513702740548,-0.0012201453620146305,interpolado
0.06378495699139829,-0.000866737719519295,interpolado
0.06388477695539109,-0.0005423085342032076,interpolado
0.064,-0.00025,original
0.06408441688337667,-0.00011589083790065515,interpolado
0.06418423684736949,-3.6608967239961044e-05,interpolado
0.06428405681136226,-2.3054669527816706e-05,interpolado
0.06438387677535506,-5.393309969890229e-05,interpolado
0.06448369673934787,-0.0001079494126879062,interpolado
0.06458351670334066,-0.00016380876342950376,interpolado
0.06468333666733346,-0.00020021630685839473,interpolado
0.06478315663132625,-0.00019587719790925778,interpolado
0.06488297659531905,-0.00012949659151677599,interpolado
0.065,5.6e-05,original
0.06508261652330465,0.0002692479865040808,interpolado
0.06518243648729745,0.000597551530380747,interpolado
0.06528225645129025,0.0009701677303926923,interpolado
0.06538207641528304,0.0013520852884440794,interpolado
0.06548189637927584,0.001708292906438866,interpolado
0.06558171634326866,0.002003779286281209,interpolado
0.06568153630726145,0.0022035331298751104,interpolado
0.06578135627125424,0.0022725431391246264,interpolado
0.06588117623524704,0.0021757980159338346,interpolado
0.066,0.001796,original
0.06608081616323264,0.0013527456581268176,interpolado
0.06618063612722544,0.0006274426689248418,interpolado
0.06628045609121826,-0.00024513029579116807,interpolado
0.06638027605521105,-0.001212380276857077,interpolado
0.06648009601920384,-0.002221714315108696,interpolado
0.06657991598319665,-0.0032205394513822685,interpolado
0.06667973594718946,-0.00415626272651348,interpolado
0.06677955591118223,-0.004976291181338551,interpolado
0.06687937587517505,-0.005628031856693302,interpolado
0.067,-0.006116,original
0.06707901580316065,-0.006222101451670812,interpolado
0.06717883576715343,-0.006115112468413109,interpolado
0.06727865573114623,-0.005755668891251673,interpolado
0.06737847569513902,-0.005161621056424198,interpolado
0.06747829565913181,-0.004350819300168511,interpolado
0.06757811562312463,-0.0033411139587220806,interpolado
0.06767793558711742,-0.002150355368322883,interpolado
0.06777775555111022,-0.0007963938652082809,interpolado
0.067877575515103,0.0007029202143836524,interpolado
0.068,0.002714,original
0.0680772154430886,0.0040614361418800995,interpolado
0.06817703540708141,0.005837002026329765,interpolado
0.06827685537107421,0.007576889987628305,interpolado
0.06837667533506701,0.009201436188764246,interpolado
0.06847649529905982,0.010630976792727023,interpolado
0.06857631526305262,0.011785847962505374,interpolado
0.06867613522704541,0.01258638586108821,interpolado
0.06877595519103821,0.012952926651464731,interpolado
0.06887577515503102,0.012805806496623842,interpolado
0.069,0.011785,original
0.06907541508301662,0.010667479110787683,interpolado
0.06917523504700944,0.008680938542027684,interpolado
0.06927505501100223,0.006241915579271814,interpolado
0.069374874974995,0.0034871129559815705,interpolado
0.06947469493898781,0.0005532334056172776,interpolado
0.0695745149029806,-0.002423020338359199,interpolado
0.06967433486697341,-0.005304945542487597,interpolado
0.06977415483096622,-0.00795583947330641,interpolado
0.069873974794959,-0.010238999397354254,interpolado
0.07,-0.012384,original
0.0700736147229446,-0.013170057904628541,interpolado
0.07017343468693742,-0.0137079571793341,interpolado
0.07027325465093019,-0.013714725104352952,interpolado
0.07037307461492301,-0.0132743318203569,interpolado
0.07047289457891581,-0.012470747468017726,interpolado
0.07057271454290859,-0.011387942188007405,interpolado
0.0706725345069014,-0.010109886120997441,interpolado
0.0707723544708942,-0.008720549407659973,interpolado
0.070872174434887,-0.0073039021886664255,interpolado
0.071,-0.005584,original
0.07107181436287258,-0.004719260108530873,interpolado
0.07117163432686538,-0.0036574914789852513,interpolado
0.07127145429085818,-0.002757548801194639,interpolado
0.07137127425485096,-0.0020180580333912694,interpolado
0.07147109421884378,-0.0014376451338077635,interpolado
0.07157091418283656,-0.0010149360606766498,interpolado
0.07167073414682937,-0.0007485567722302958,interpolado
0.07177055411082216,-0.0006371332267012592,interpolado
0.07187037407481495,-0.0006792913823219924,interpolado
0.072,-0.000961,original
0.07207001400280055,-0.0012170518326928056,interpolado
0.07216983396679336,-0.0016877555494632624,interpolado
0.07226965393078615,-0.0022531518007981683,interpolado
0.07236947389477896,-0.0028804847937427894,interpolado
0.07246929385877175,-0.0035369987353420698,interpolado
0.07256911382276457,-0.0041899378326413035,interpolado
0.07266893378675736,-0.0048065462926855035,interpolado
0.07276875375075015,-0.005354068322519711,interpolado
0.07286857371474297,-0.005799748129189189,interpolado
0.073,-0.006176,original
0.07306821364272856,-0.006257462698034498,interpolado
0.07316803360672133,-0.006241596346906531,interpolado
0.07326785357071416,-0.00608480031436127,interpolado
0.07336767353470694,-0.005808932999193776,interpolado
0.07346749349869973,-0.0054358528001991835,interpolado
0.07356731346269255,-0.004987418116172454,interpolado
0.07366713342668534,-0.004485487345908782,interpolado
0.07376695339067814,-0.003951918888203095,interpolado
0.07386677335467094,-0.003408571141850532,interpolado
0.074,-0.002706,original
0.07406641328265653,-0.0023792020901101754,interpolado
0.07416623324664931,-0.0019263725309498284,interpolado
0.07426605321064211,-0.001525098016297907,interpolado
0.07436587317463492,-0.0011815648249129274,interpolado
0.0744656931386277,-0.0009019592355533735,interpolado
0.07456551310262051,-0.0006924675269776176,interpolado
0.07466533306661333,-0.0005592759779441648,interpolado
0.07476515303060613,-0.0005085708672114277,interpolado
0.07486497299459892,-0.0005465384735378687,interpolado
0.075,-0.00075,original
0.07506461292258453,-0.0009112702225886799,interpolado
0.07516443288657731,-0.0012219248927555467,interpolado
0.07526425285057012,-0.0015743234526007029,interpolado
0.07536407281456291,-0.0019311420868862164,interpolado
0.07546389277855571,-0.0022550569803743443,interpolado
0.07556371274254853,-0.0025087443178271936,interpolado
0.07566353270654129,-0.0026548802840069045,interpolado
0.0757633526705341,-0.00265614106367568,interpolado
0.0758631726345269,-0.002475202841595684,interpolado
0.076,-0.001863,original
0.0760628125625125,-0.0014212389746366206,interpolado
0.0761626325265053,-0.000531997900304694,interpolado
0.07626245249049812,0.0005394611822364277,interpolado
0.0763622724544909,0.0017388398852834516,interpolado
0.0764620924184837,0.003011839821133597,interpolado
0.07656191238247648,0.004304162602083408,interpolado
0.0766617323464693,0.005561509840430134,interpolado
0.07676155231046208,0.006729583148470474,interpolado
0.07686137227445489,0.007754084138501177,interpolado
0.077,0.008837,original
0.07706101220244047,0.00915807784851645,interpolado
0.07716083216643328,0.009476331306565295,interpolado
0.07726065213042609,0.009556687639237803,interpolado
0.07736047209441889,0.009421106547113676,interpolado
0.07746029205841168,0.009091547730772549,interpolado
0.07756011202240448,0.008589970890794189,interpolado
0.07765993198639728,0.007938335727758128,interpolado
0.07775975195039009,0.007158601942244214,interpolado
0.07785957191438288,0.006272729234831904,interpolado
0.078,0.004889,original
0.07805921184236847,0.004270700614367872,interpolado
0.07815903180636126,0.003203585314876418,interpolado
0.07825885177035408,0.0021316691430007485,interpolado
0.07835867173434687,0.0010853849117107052,interpolado
0.07845849169833968,9.516543397657644e-05,interpolado
0.07855831166233247,-0.0008085564772313754,interpolado
0.07865813162632526,-0.001595348008943265,interpolado
0.07875795159031806,-0.0022347763481887412,interpolado
0.07885777155431087,-0.0026964086819978427,interpolado
0.079,-0.002987,original
0.07905741148229646,-0.0029673615263342908,interpolado
0.07915723144628925,-0.002767869295474832,interpolado
0.07925705141028205,-0.002408306846378062,interpolado
0.07935687137427486,-0.0019467770690008972,interpolado
0.07945669133826766,-0.0014413828533004734,interpolado
0.07955651130226044,-0.0009502270892336673,interpolado
0.07965633126625327,-0.000531412666757574,interpolado
0.07975615123024606,-0.00024304247582924488,interpolado
0.07985597119423883,-0.00014321940640561965,interpolado
0.08,-0.000449,original
0.08005561112222444,-0.0007377037968083738,interpolado
0.08015543108621725,-0.0014704211667498888,interpolado
0.08025525105021003,-0.002412168256752952,interpolado
0.08035507101420285,-0.0034849442866663554,interpolado
0.08045489097819564,-0.004610748476338348,interpolado
0.08055471094218844,-0.005711580045617775,interpolado
0.08065453090618122,-0.00670943821435288,interpolado
0.08075435087017403,-0.0075263222023924685,interpolado
0.08085417083416682,-0.00808423122958492,interpolado
0.081,-0.008272,original
0.08105381076215243,-0.008115397712141571,interpolado
0.08115363072614523,-0.007523620275773435,interpolado
0.08125345069013802,-0.006612944661012624,interpolado
0.08135327065413084,-0.005469156378888909,interpolado
0.08145309061812363,-0.004178040940432183,interpolado
0.08155291058211642,-0.002825383856671793,interpolado
0.08165273054610922,-0.0014969706386377987,interpolado
0.08175255051010202,-0.00027858679735953316,interpolado
0.0818523704740948,0.0007439821561329789,interpolado
0.082,0.001715,original
0.0820520104020804,0.001862176561946887,interpolado
0.08215183036607318,0.0018695781415939874,interpolado
0.082251650330066,0.0015730714811353441,interpolado
0.08235147029405879,0.0010414024229109364,interpolado
0.08245129025805162,0.00034331680926052847,interpolado
0.08255111022204441,-0.0004524395174759037,interpolado
0.08265093018603718,-0.0012771207149583237,interpolado
0.08275075015003001,-0.002061980940847052,interpolado
0.08285057011402278,-0.0027382743528019736,interpolado
0.083,-0.003398,original
0.08305021004200841,-0.003492563137833632,interpolado
0.08315003000600119,-0.0034919442860133418,interpolado
0.083249849969994,-0.0032768276853700376,interpolado
0.08334966993398678,-0.002890943713298122,interpolado
0.0834494898979796,-0.0023780227471918466,interpolado
0.08354930986197237,-0.0017817951644456991,interpolado
0.0836491298259652,-0.00114599134245387,interpolado
0.08374894978995802,-0.000514341658610797,interpolado
0.0838487697539508,6.942350968908316e-05,interpolado
0.08394858971794358,0.0005615737850515779,interpolado
0.084,0.000765,original
0.08414822964592919,0.0011319985033443225,interpolado
0.08424804960992202,0.0012192168426861704,interpolado
0.0843478695739148,0.0012033157550638124,interpolado
0.08444768953790761,0.001106327016953685,interpolado
0.08454750950190039,0.0009502824048322483,interpolado
0.08464732946589319,0.0007572136951758983,interpolado
0.084747149429886,0.0005491526644611235,interpolado
0.08484696939387879,0.0003481310891643047,interpolado
0.0849467893578716,0.00017618074576191165,interpolado
0.085,0.000104,original
0.0851464292858572,-1.2838574580005556e-05,interpolado
0.08524624924984998,-4.2229993331663694e-05,interpolado
0.08534606921384277,-5.035668493109886e-05,interpolado
0.08544588917783558,-5.407466470798207e-05,interpolado
0.08554570914182837,-7.023994799198587e-05,interpolado
0.08564552910582116,-0.0001157085501127897,interpolado
0.08574534906981393,-0.00020733648640005258,interpolado
0.08584516903380673,-0.0003619797721834749,interpolado
0.08594498899779954,-0.0005964944227926854,interpolado
0.086,-0.000766,original
0.08614462892578514,-0.0013545011020793115,interpolado
0.08624444888977793,-0.0018606229643631875,interpolado
0.08634426885377072,-0.0024267943374328103,interpolado
0.08644408881776354,-0.0030342446312461293,interpolado
0.0865439087817563,-0.003664203255761414,interpolado
0.08664372874574912,-0.004297899620936685,interpolado
0.08674354870974194,-0.00491656313672996,interpolado
0.08684336867373474,-0.005501423213099509,interpolado
0.08694318863772751,-0.0060337092600032775,interpolado
0.087,-0.006306,original
0.08714282856571313,-0.006879868801089088,interpolado
0.08724264852970592,-0.007197984992913946,interpolado
0.08734246849369873,-0.00746009814753321,interpolado
0.08744228845769153,-0.007676914198286112,interpolado
0.08754210842168433,-0.00785913907851202,interpolado
0.08764192838567711,-0.008017478721550184,interpolado
0.08774174834966993,-0.008162639060739958,interpolado
0.08784156831366274,-0.008305326029420624,interpolado
0.0879413882776555,-0.008456245560931464,interpolado
0.088,-0.008553,original
0.08814102820564113,-0.008813243203514114,interpolado
0.08824084816963391,-0.009003880176816284,interpolado
0.08834066813362672,-0.0091821091006647,interpolado
0.08844048809761951,-0.009332332994382906,interpolado
0.08854030806161234,-0.009438954877294514,interpolado
0.0886401280256051,-0.009486377768723062,interpolado
0.08873994798959792,-0.009459004687992137,interpolado
0.0888397679535907,-0.009341238654425318,interpolado
0.08893958791758352,-0.00911748268734614,interpolado
0.089,-0.008924,original
0.08913922784556912,-0.00830899869765269,interpolado
0.0892390478095619,-0.0077524252024181355,interpolado
0.0893388677735547,-0.007130127240084022,interpolado
0.0894386877375475,-0.006469373136392233,interpolado
0.08953850770154032,-0.0057974312170849035,interpolado
0.08963832766553308,-0.005141569807904181,interpolado
0.08973814762952591,-0.0045290572345919435,interpolado
0.0898379675935187,-0.003987161822890405,interpolado
0.0899377875575115,-0.0035431518985414717,interpolado
0.09,-0.003328,original
0.09013742748549709,-0.0030408763723888408,interpolado
0.0902372474494899,-0.002983728511967289,interpolado
0.09033706741348267,-0.003040718988684286,interpolado
0.0904368873774755,-0.00320006266610822,interpolado
0.09053670734146826,-0.0034499744078074174,interpolado
0.09063652730546108,-0.003778669077350323,interpolado
0.09073634726945387,-0.004174361538305277,interpolado
0.09083616723344669,-0.004625266654240586,interpolado
0.09093598719743949,-0.005119599288724744,interpolado
0.091,-0.005454,original
0.09113562712542508,-0.006187626478030612,interpolado
0.0912354470894179,-0.006725534759487085,interpolado
0.09133526705341068,-0.007238402422212532,interpolado
0.09143508701740347,-0.007705402300731239,interpolado
0.09153490698139627,-0.008105707229567218,interpolado
0.09163472694538909,-0.008418490043244723,interpolado
0.09173454690938186,-0.008622923576287807,interpolado
0.09183436687337468,-0.008698180663220667,interpolado
0.09193418683736748,-0.008623434138567409,interpolado
0.092,-0.008482,original
0.09213382676535305,-0.007961871211535538,interpolado
0.09223364672934586,-0.0074039852818566215,interpolado
0.09233346669333865,-0.006736629084503332,interpolado
0.09243328665733146,-0.005991883982169243,interpolado
0.09253310662132426,-0.005201831337547971,interpolado
0.09263292658531705,-0.0043985525133327956,interpolado
0.09273274654930984,-0.003614128872217431,interpolado
0.09283256651330266,-0.002880641776895165,interpolado
0.09293238647729546,-0.002230172590059608,interpolado
0.093,-0.001853,original
0.09313202640528107,-0.0012886735172085875,interpolado
0.09323184636927385,-0.0010005371992561265,interpolado
0.09333166633326664,-0.0008156945832902716,interpolado
0.09343148629725945,-0.0007197069466035821,interpolado
0.09353130626125225,-0.0006981355664885352,interpolado
0.09363112622524505,-0.0007365417202376533,interpolado
0.09373094618923784,-0.0008204866851434252,interpolado
0.09383076615323063,-0.000935531738498379,interpolado
0.09393058611722344,-0.0010672381575949903,interpolado
0.094,-0.001161,original
0.09413022604520904,-0.0013277799673339545,interpolado
0.09423004600920182,-0.0014449484591081952,interpolado
0.09432986597319462,-0.0015515362551867518,interpolado
0.09442968593718742,-0.001646344547528979,interpolado
0.09452950590118023,-0.0017281745280942858,interpolado
0.09462932586517303,-0.0017958273888420333,interpolado
0.09472914582916582,-0.0018481043217316226,interpolado
0.09482896579315865,-0.0018838065187224274,interpolado
0.09492878575715143,-0.0019017351717738283,interpolado
0.095,-0.001903,original
0.09512842568513703,-0.0018783114648948842,interpolado
0.09522824564912984,-0.001830350950040156,interpolado
0.09532806561312265,-0.0017523155586858107,interpolado
0.09542788557711544,-0.0016397237973412278,interpolado
0.09552770554110825,-0.0014880941725157369,interpolado
0.09562752550510104,-0.0012929451907187414,interpolado
0.09572734546909382,-0.0010497953584595486,interpolado
0.09582716543308661,-0.0007541631822475874,interpolado
0.09592698539707945,-0.00040156716859213724,interpolado
0.096,-0.000105,original
0.09612662532506505,0.0004866606277008242,interpolado
0.09622644528905783,0.0010097525774353984,interpolado
0.0963262652530506,0.0015691825535076862,interpolado
0.09642608521704342,0.0021524379321390175,interpolado
0.09652590518103622,0.0027470060895504844,interpolado
0.096625725145029,0.0033403744019631773,interpolado
0.09672554510902182,0.003920030245598433,interpolado
0.09682536507301459,0.004473460996677263,interpolado
0.09692518503700741,0.004988154031420994,interpolado
0.097,0.005341,original
0.097124824964993,0.00585399108287518,interpolado
0.0972246449289858,0.006190503843597279,interpolado
0.09732446489297861,0.006456973518144484,interpolado
0.0974242848569714,0.006649216794859629,interpolado
0.0975241048209642,0.00676305036208542,interpolado
0.09762392478495698,0.006794290908164641,interpolado
0.09772374474894979,0.006738755121440033,interpolado
0.09782356471294258,0.006592259690254376,interpolado
0.0979233846769354,0.006350621302950388,interpolado
0.098,0.006098,original
0.09812302460492098,0.005568764370207774,interpolado
0.0982228445689138,0.005034304057999144,interpolado
0.09832266453290657,0.004413596594608044,interpolado
0.09842248449689937,0.0037139388270222987,interpolado
0.09852230446089218,0.002942627602230098,interpolado
0.09862212442488498,0.0021069597672192246,interpolado
0.09872194438887777,0.0012142321689779076,interpolado
0.09882176435287057,0.0002717416544938951,interpolado
0.09892158431686335,-0.0007132149292446943,interpolado
0.099,-0.001512,original
0.09912122424484898,-0.0027675571936760456,interpolado
0.09922104420884174,-0.0037663576202838648,interpolado
0.09932086417283456,-0.004676201573278856,interpolado
0.09942068413682738,-0.005443624475082052,interpolado
0.09952050410082017,-0.0060151617481145605,interpolado
0.09962032406481298,-0.0063373488147977245,interpolado
0.09972014402880577,-0.006356721097552639,interpolado
0.09981996399279859,-0.006019814018800496,interpolado
0.09991978395679138,-0.005273163000962444,interpolado
0.1,-0.00434,original
0.10011942388477699,-0.0023875561750398406,interpolado
0.10021924384876978,-0.00035433007777533617,interpolado
0.10031906381276257,0.0019116769519263441,interpolado
0.10041888377675537,0.004285991684010963,interpolado
0.10051870374074814,0.006644140888425555,interpolado
0.10061852370474098,0.008861651335116157,interpolado
0.10071834366873375,0.010814049794028878,interpolado
0.10081816363272657,0.012376863035110635,interpolado
0.10091798359671933,0.013425617828307384,interpolado
0.101,0.013815,original
0.10111762352470495,0.013549398142424564,interpolado
0.10121744348869774,0.012661906803964085,interpolado
0.10131726345269051,0.011292394423105836,interpolado
0.1014170834166833,0.009559658452892363,interpolado
0.10151690338067614,0.00758249634636537,interpolado
0.10161672334466891,0.005479705556567555,interpolado
0.10171654330866171,0.003370083536540527,interpolado
0.1018163632726545,0.0013724277393267668,interpolado
0.1019161832366473,-0.00039446438203130695,interpolado
0.102,-0.001613,original
0.10211582316463289,-0.0028050432119096696,interpolado
0.1022156431286257,-0.003408332258770513,interpolado
0.1023154630926185,-0.003673033148536368,interpolado
0.10241528305661132,-0.0036503997269903728,interpolado
0.10251510302060411,-0.0033916858399156286,interpolado
0.1026149229845969,-0.002948145333095311,interpolado
0.10271474294858972,-0.002371032052312407,interpolado
0.10281456291258251,-0.0017115998433500834,interpolado
0.10291438287657531,-0.001021102551991553,interpolado
0.103,-0.000443,original
0.1031140228045609,0.0002595105855766657,interpolado
0.1032138427685537,0.0007996958105948672,interpolado
0.1033136627325465,0.0012645772619816432,interpolado
0.1034134826965393,0.0016489484438373437,interpolado
0.10351330266053212,0.001947602860262119,interpolado
0.10361312262452489,0.002155334015356167,interpolado
0.10371294258851771,0.002266935413219766,interpolado
0.10381276255251048,0.0022772005579531074,interpolado
0.10391258251650332,0.0021809229536564143,interpolado
0.104,0.002005,original
0.10411222244448887,0.0016571041324401755,interpolado
0.10421204240848168,0.0012627661238196928,interpolado
0.10431186237247447,0.0008234948949537342,interpolado
0.10441168233646726,0.0003728908562437406,interpolado
0.10451150230046007,-5.5445581908606664e-05,interpolado
0.10461132226445288,-0.00042791400910186265,interpolado
0.10471114222844567,-0.0007109140149343982,interpolado
0.10481096219243846,-0.0008708451890046347,interpolado
0.10491078215643128,-0.0008741071209110536,interpolado
0.105,-0.000717,original
0.10511042208441687,-0.0002950368365361069,interpolado
0.10521024204840967,0.00026225922012360097,interpolado
0.10531006201240249,0.0009349765775363148,interpolado
0.10540988197639527,0.0016733196975543278,interpolado
0.10550970194038807,0.002427493042029554,interpolado
0.1056095219043809,0.0031477010728143103,interpolado
0.10570934186837369,0.0037841482517605943,interpolado
0.1058091618323665,0.004287039040720451,interpolado
0.1059089817963593,0.0046065779015461265,interpolado
0.106,0.004696,original
0.10610862172434489,0.004516889583841459,interpolado
0.10620844168833767,0.004111791966837046,interpolado
0.10630826165233048,0.0035232178276879767,interpolado
0.10640808161632326,0.0027966976567800187,interpolado
0.10650790158031605,0.001977761944499017,interpolado
0.10660772154430888,0.0011119411812304644,interpolado
0.10670754150830164,0.00024476585736031304,interpolado
0.10680736147229446,-0.0005782335367259551,interpolado
0.10690718143628726,-0.0013115265106424941,interpolado
0.107,-0.001873,original
0.10710682136427284,-0.002340318945767806,interpolado
0.10720664132826564,-0.002615209665423846,interpolado
0.10730646129225846,-0.0027545661503406314,interpolado
0.10740628125625123,-0.0027786960314680033,interpolado
0.10750610122024404,-0.0027079069397558555,interpolado
0.10760592118423686,-0.0025625065061540666,interpolado
0.10770574114822967,-0.002362802361612554,interpolado
0.10780556111222246,-0.002129102137081147,interpolado
0.10790538107621526,-0.0018817134635097947,interpolado
0.108,-0.001653,original
0.10810502100420086,-0.0014224550291100284,interpolado
0.10820484096819366,-0.0012260163464144127,interpolado
0.10830466093218646,-0.0010479974869193002,interpolado
0.10840448089617927,-0.0008847685781293567,interpolado
0.10850430086017206,-0.0007326997475491526,interpolado
0.10860412082416487,-0.0005881611226833266,interpolado
0.10870394078815766,-0.00044752283103651353,interpolado
0.10880376075215044,-0.00030715500011328995,interpolado
0.10890358071614323,-0.00016342775741831132,interpolado
0.109,-1.8e-05,original
0.1091032206441288,0.00014514662540083843,interpolado
0.10920304060812164,0.00029773897342445674,interpolado
0.10930286057211444,0.0004298238251774198,interpolado
0.1094026805361072,0.0005261593165896245,interpolado
0.10950250050010003,0.000571503583591006,interpolado
0.10960232046409281,0.0005506147621114635,interpolado
0.10970214042808561,0.00044825098808090006,interpolado
0.10980196039207842,0.00024917039742922034,interpolado
0.10990178035607122,-6.186887391361712e-05,interpolado
0.11,-0.000492,original
0.11010142028405681,-0.0010737334035553299,interpolado
0.11020124024804961,-0.0017640231397873807,interpolado
0.11030106021204243,-0.0025458477041125646,interpolado
0.11040088017603521,-0.00339407692965658,interpolado
0.11050070014002804,-0.0042835806495447985,interpolado
0.11060052010402084,-0.00518922869690257,interpolado
0.11070034006801363,-0.006085890904855626,interpolado
0.1108001600320064,-0.006948437106529197,interpolado
0.11089997999599922,-0.007751737135049007,interpolado
0.111,-0.008472,original
0.1110996199239848,-0.009083872648492298,interpolado
0.11119943988797762,-0.009585307188872487,interpolado
0.11129925985197038,-0.009972739569338421,interpolado
0.1113990798159632,-0.010243944914578517,interpolado
0.11149889977995597,-0.010396698349281011,interpolado
0.11159871974394879,-0.010428774998134263,interpolado
0.1116985397079416,-0.010337949985826543,interpolado
0.11179835967193437,-0.010121998437046208,interpolado
0.11189817963592717,-0.00977869547648151,interpolado
0.112,-0.009295,original
0.11209781956391278,-0.008704894036195331,interpolado
0.11219763952790558,-0.00799342683467905,interpolado
0.11229745949189837,-0.007193150897489025,interpolado
0.11239727945589116,-0.0063258025299826395,interpolado
0.11249709941988396,-0.005413118037517733,interpolado
0.11259691938387677,-0.0044768337254516575,interpolado
0.11269673934786958,-0.00353868589914214,interpolado
0.11279655931186239,-0.002620410863946912,interpolado
0.11289637927585519,-0.0017437449252233218,interpolado
0.113,-0.000901,original
0.11309601920384078,-0.00020093648974937848,interpolado
0.11319583916783359,0.0004298329372524585,interpolado
0.11329565913182639,0.0009485675771126121,interpolado
0.11339547909581918,0.001341951191735326,interpolado
0.11349529905981197,0.0015966675430249123,interpolado
0.11359511902380481,0.0016994003928857818,interpolado
0.11369493898779758,0.0016368335032222463,interpolado
0.11379475895179039,0.001395650635938629,interpolado
0.11389457891578318,0.0009625355529392636,interpolado
0.114,0.000282,original
0.11409421884376877,-0.000519437090208697,interpolado
0.11419403880776156,-0.0015052256307994233,interpolado
0.11429385877175437,-0.002551481537851236,interpolado
0.11439367873574717,-0.00357648994531821,interpolado
0.11449349869973997,-0.00449853598715498,interpolado
0.11459331866373275,-0.005235904797315737,interpolado
0.11469313862772557,-0.005706881509754784,interpolado
0.11479295859171834,-0.005829751258426595,interpolado
0.11489277855571114,-0.00552279917728551,interpolado
0.115,-0.004621,original
0.11509241848369674,-0.003321727090831824,interpolado
0.11519223844768953,-0.0014682776030222038,interpolado
0.11529205841168236,0.0007173381419015881,interpolado
0.11539187837567515,0.0030964052457765883,interpolado
0.11549169833966791,0.005530208810441074,interpolado
0.11559151830366074,0.007880033937732317,interpolado
0.11569133826765354,0.010007165729487653,interpolado
0.11579115823164633,0.011772889287545274,interpolado
0.11589097819563912,0.01303848971374234,interpolado
0.116,0.013686,original
0.11609061812362471,0.013547157170107125,interpolado
0.11619043808761752,0.012750866010047752,interpolado
0.1162902580516103,0.011399838433321492,interpolado
0.11639007801560312,0.00961756847833523,interpolado
0.11648989797959591,0.007527550183495083,interpolado
0.11658971794358872,0.00525327758720821,interpolado
0.11668953790758153,0.0029182447278805887,interpolado
0.11678935787157434,0.0006459456439191446,interpolado
0.11688917783556708,-0.0014401256262692303,interpolado
0.117,-0.003388,original
0.11708881776355269,-0.004577653094253427,interpolado
0.1171886377275455,-0.005518906919396467,interpolado
0.1172884576915383,-0.006070399513257016,interpolado
0.11738827765553113,-0.006262328168629329,interpolado
0.1174880976195239,-0.0061248901783074105,interpolado
0.11758791758351668,-0.005688282835085443,interpolado
0.11768773754750952,-0.004982703431757418,interpolado
0.1177875575115023,-0.004038349261117622,interpolado
0.11788737747549512,-0.0028854176159598998,interpolado
0.118,-0.001372,original
0.11808701740348071,-7.717424782792103e-05,interpolado
0.11818683736747351,0.0014974974525512154,interpolado
0.11828665733146627,0.0031165054702641986,interpolado
0.11838647729545909,0.004726437800507049,interpolado
0.11848629725945188,0.0062738824384751014,interpolado
0.11858611722344467,0.007705427379363731,interpolado
0.11868593718743749,0.008967660618368905,interpolado
0.11878575715143025,0.010007170150685843,interpolado
0.11888557711542305,0.010770543971510406,interpolado
0.119,0.011237,original
0.11908521704340864,0.011267825202835735,interpolado
0.11918503700740145,0.010998609115017184,interpolado
0.11928485697139425,0.01046464304647086,interpolado
0.11938467693538708,0.009733911577517814,interpolado
0.11948449689937987,0.008874399288479436,interpolado
0.11958431686337266,0.007954090759676695,interpolado
0.11968413682736548,0.007040970571430914,interpolado
0.11978395679135825,0.00620302330406341,interpolado
0.11988377675535104,0.005508233537895155,interpolado
0.12,0.00497,original
0.12008341668333666,0.0048078484677230885,interpolado
0.12018323664732943,0.004833169836941647,interpolado
0.12028305661132226,0.0050430282996446,interpolado
0.12038287657531507,0.005379809303215503,interpolado
0.12048269653930785,0.00578589829503784,interpolado
0.12058251650330064,0.006203680722495274,interpolado
0.12068233646729346,0.006575542032971254,interpolado
0.12078215643128627,0.00684386767384943,interpolado
0.12088197639527908,0.006951043092513289,interpolado
0.121,0.006791,original
0.12108161632326465,0.006462157840883095,interpolado
0.12118143628725746,0.005846774219497174,interpolado
0.12128125625125029,0.005052722056917605,interpolado
0.12138107621524306,0.0041395389569248205,interpolado
0.12148089617923587,0.0031667625232987915,interpolado
0.12158071614322867,0.0021939303598198672,interpolado
0.12168053610722147,0.0012805800702683954,interpolado
0.12178035607121429,0.00048624925842434715,interpolado
0.12188017603520707,-0.00012952447193184712,interpolado
0.122,-0.000549,original
0.12207981596319266,-0.0005970415285049996,interpolado
0.12217963592718545,-0.0004217488546375949,interpolado
0.12227945589117825,-3.6547654613958174e-05,interpolado
0.12237927585517104,0.000503185770829597,interpolado
0.12247909581916386,0.0011420751209569998,interpolado
0.1225789157831566,0.00182474409503196,interpolado
0.12267873574714942,0.0024958163923181646,interpolado
0.12277855571114227,0.003099915712079581,interpolado
0.122878375675135,0.0035816657535798317,interpolado
0.123,0.003923,original
0.12307801560312064,0.003963848523455369,interpolado
0.12317783556711343,0.0038247597011516494,interpolado
0.12327765553110624,0.003503826579852011,interpolado
0.12337747549509903,0.0030366099577211103,interpolado
0.12347729545909181,0.0024586706329234077,interpolado
0.12357711542308461,0.0018055694036236388,interpolado
0.12367693538707741,0.0011128670679862091,interpolado
0.12377675535107023,0.00041612442417579256,interpolado
0.12387657531506302,-0.0002490977296429336,interpolado
0.124,-0.000975,original
0.12407621524304864,-0.0013450507532779827,interpolado
0.1241760352070414,-0.001728538188355061,interpolado
0.12427585517103422,-0.0019932548640687877,interpolado
0.124375675135027,-0.0021348234694364933,interpolado
0.12447549509901981,-0.0021488666934753897,interpolado
0.12457531506301257,-0.002031007225202759,interpolado
0.1246751350270054,-0.001776867753635827,interpolado
0.12477495499099822,-0.0013820709677919215,interpolado
0.12487477495499101,-0.0008422395566881904,interpolado
0.125,4.68e-05,original
0.12507441488297663,0.0006854965803889535,interpolado
0.1251742348469694,0.0016329631482449806,interpolado
0.12527405481096218,0.002628216671361026,interpolado
0.125373874774955,0.0036098896845409827,interpolado
0.12547369473894782,0.0045166147225889864,interpolado
0.12557351470294065,0.005287024320309187,interpolado
0.1256733346669334,0.00585975101250559,interpolado
0.1257731546309262,0.006173427333982674,interpolado
0.125872974594919,0.00616668581954439,interpolado
0.126,0.005598,original
0.1260726145229046,0.004956803451117842,interpolado
0.1261724344868974,0.0037485251513468235,interpolado
0.1262722544508902,0.002252323407423451,interpolado
0.126372074414883,0.0005677404548723679,interpolado
0.1264718943788758,-0.0012056814707820799,interpolado
0.12657171434286857,-0.002968400134015061,interpolado
0.12667153430686137,-0.004620873299303234,interpolado
0.12677135427085418,-0.006063558731121747,interpolado
0.12687117423484698,-0.007196914193946256,interpolado
0.127,-0.008041,original
0.12707081416283256,-0.008147902522871375,interpolado
0.1271706341268254,-0.00789158817065948,interpolado
0.12727045409081816,-0.007227578034701297,interpolado
0.12737027405481097,-0.00623171295162395,interpolado
0.1274700940188038,-0.004979833758054563,interpolado
0.12756991398279655,-0.0035477812906206676,interpolado
0.12766973394678935,-0.0020113963859485794,interpolado
0.12776955391078218,-0.000446519880665794,interpolado
0.12786937387477496,0.00107100738860057,interpolado
0.128,0.002859,original
0.12806901380276056,0.003665263928557779,interpolado
0.1281688337667533,0.004648625059989909,interpolado
0.12826865373074614,0.005422926756151331,interpolado
0.12836847369473897,0.00599607808619672,interpolado
0.12846829365873175,0.006375988119280751,interpolado
0.12856811362272455,0.006570565924558077,interpolado
0.12866793358671735,0.006587720571183472,interpolado
0.12876775355071016,0.006435361128311538,interpolado
0.12886757351470296,0.006121396665096954,interpolado
0.129,0.005469,original
0.12906721344268854,0.005040747776097725,interpolado
0.12916703340668137,0.004296005677201194,interpolado
0.12926685337067417,0.0034363839946693997,interpolado
0.12936667333466698,0.0024788091520094174,interpolado
0.12946649329865975,0.0014402075727286232,interpolado
0.12956631326265253,0.0003375056803335131,interpolado
0.12966613322664536,-0.0008123701016685586,interpolado
0.12976595319063816,-0.0019924933497705143,interpolado
0.12986577315463096,-0.003185937640465278,interpolado
0.13,-0.004782,original
0.13006541308261654,-0.005544807717937568,interpolado
0.13016523304660935,-0.006672485115827182,interpolado
0.13026505301060212,-0.007736039181756865,interpolado
0.13036487297459495,-0.008712660197326449,interpolado
0.13046469293858773,-0.009579538444135543,interpolado
0.13056451290258048,-0.010313864203784459,interpolado
0.13066433286657328,-0.01089282775787278,interpolado
0.1307641528305661,-0.01129361938800033,interpolado
0.13086397279455894,-0.011493429375766943,interpolado
0.131,-0.011401,original
0.1310636127225445,-0.011201887459793378,interpolado
0.13116343268653727,-0.010710119037790183,interpolado
0.1312632526505301,-0.010040833012375058,interpolado
0.1313630726145229,-0.009241276890805455,interpolado
0.13146289257851568,-0.008358698180339092,interpolado
0.13156271254250848,-0.007440344388232933,interpolado
0.13166253250650128,-0.006533463021744673,interpolado
0.1317623524704941,-0.005685301588131776,interpolado
0.13186217243448692,-0.004943107594651702,interpolado
0.132,-0.00418,original
0.13206181236247247,-0.0039622483855111,interpolado
0.1321616323264653,-0.0037646658955696236,interpolado
0.1322614522904581,-0.0037244185334384507,interpolado
0.13236127225445085,-0.003803761791109135,interpolado
0.13246109221844365,-0.003964951160573318,interpolado
0.1325609121824365,-0.00417024213382258,interpolado
0.1326607321464293,-0.004381890202848507,interpolado
0.1327605521104221,-0.004562150859642693,interpolado
0.13286037207441484,-0.004673279596196702,interpolado
0.133,-0.004641,original
0.13306001200240045,-0.004539709929012406,interpolado
0.13315983196639328,-0.004262540411632917,interpolado
0.13325965193038608,-0.0038778522950195238,interpolado
0.13335947189437886,-0.003418217823563079,interpolado
0.13345929185837166,-0.0029162092416540404,interpolado
0.13355911182236446,-0.0024043987936832414,interpolado
0.13365893178635727,-0.0019153587240413991,interpolado
0.13375875175035007,-0.001481661277119233,interpolado
0.1338585717143429,-0.0011358786973075402,interpolado
0.134,-0.00086,original
0.13405821164232848,-0.0008357901264767952,interpolado
0.1341580316063213,-0.0009005825080975726,interpolado
0.13425785157031406,-0.0010611087922371928,interpolado
0.13435767153430683,-0.0012725836269128319,interpolado
0.13445749149829964,-0.0014902216601418543,interpolado
0.13455731146229247,-0.0016692375399414432,interpolado
0.13465713142628524,-0.0017648459143288346,interpolado
0.13475695139027807,-0.0017322614313212675,interpolado
0.13485677135427082,-0.0015266987389360616,interpolado
0.135,-0.00084,original
0.13505641128225646,-0.00042080437482512004,interpolado
0.13515623124624926,0.000505461937637174,interpolado
0.13525605121024206,0.0016117808246698532,interpolado
0.13535587117423484,0.00283299979660934,interpolado
0.13545569113822764,0.004103966363791138,interpolado
0.13555551110222047,0.0053595280365510405,interpolado
0.13565533106621325,0.006534532325224833,interpolado
0.13575515103020602,0.007563826740148056,interpolado
0.13585497099419885,0.00838225879165708,interpolado
0.136,0.009062,original
0.13605461092218443,0.009128842563056426,interpolado
0.13615443088617726,0.008986812474318857,interpolado
0.13625425085017004,0.008538649341080952,interpolado
0.13635407081416284,0.007826071527963016,interpolado
0.13645389077815565,0.0068907973995857045,interpolado
0.13655371074214845,0.0057745453205695855,interpolado
0.13665353070614122,0.004519033655535223,interpolado
0.13675335067013403,0.003165980769103572,interpolado
0.13685317063412686,0.0017571050258944397,interpolado
0.137,-0.000329,original
0.13705281056211244,-0.0010608568816218049,interpolado
0.13715263052610524,-0.0023779887381214265,interpolado
0.13725245049009802,-0.003560237095485112,interpolado
0.13735227045409082,-0.004550296936644982,interpolado
0.13745209041808362,-0.005290863244532143,interpolado
0.13755191038207643,-0.005724631002078043,interpolado
0.1376517303460692,-0.005794295192214133,interpolado
0.137751550310062,-0.0054425507978720315,interpolado
0.1378513702740548,-0.004612092801983004,interpolado
0.138,-0.002365,original
0.13805101020204044,-0.0012907191109418216,interpolado
0.13815083016603322,0.001197856310395249,interpolado
0.13825065013002602,0.0040612609621175,interpolado
0.1383504700940188,0.007136350106281136,interpolado
0.13845029005801163,0.010259979004942976,interpolado
0.1385501100220044,0.01326900292015985,interpolado
0.1386499299859972,0.016000277113987875,interpolado
0.13874974994999,0.01829065684848543,interpolado
0.1388495699139828,0.019976997385708534,interpolado
0.13894938987797562,0.020896153987714012,interpolado
0.139,0.021017,original
0.13914902980596117,0.019964164543652674,interpolado
0.139248849769954,0.018274935786593862,interpolado
0.1393486697339468,0.015992202421949358,interpolado
0.13944848969793958,0.01328425289619952,interpolado
0.1395483096619324,0.010319375655824775,interpolado
0.13964812962592518,0.0072658591473063255,interpolado
0.13974794958991799,0.00429199181712285,interpolado
0.13984776955391082,0.0015660621117555673,interpolado
0.13994758951790356,-0.0007436415223151245,interpolado
0.14,-0.001733,original
0.14014722944588917,-0.0035768278358732837,interpolado
0.14024704940988197,-0.0041332229935476085,interpolado
0.14034686937387478,-0.004227835381584269,interpolado
0.14044668933786755,-0.003945956267432158,interpolado
0.14054650930186036,-0.0033728769185403557,interpolado
0.14064632926585316,-0.0025938886023574156,interpolado
0.1407461492298459,-0.0016942825863323538,interpolado
0.14084596919383874,-0.0007593501379140605,interpolado
0.14094578915783154,0.00012561747544857218,interpolado
0.141,0.000555,original
0.14114542908581712,0.0014570248715322259,interpolado
0.14124524904980995,0.0018797544973104961,interpolado
0.14134506901380273,0.0021617698301633404,interpolado
0.14144488897779556,0.002319702433270709,interpolado
0.14154470894178833,0.0023701838698125476,interpolado
0.14164452890578116,0.0023298457029688295,interpolado
0.14174434886977394,0.0022153194959194738,interpolado
0.14184416883376677,0.0020432368118444297,interpolado
0.14194398879775955,0.0018302292139236447,interpolado
0.142,0.001699,original
0.14214362872574518,0.0013419759393152103,interpolado
0.14224344868973796,0.0010828053182661771,interpolado
0.14234326865373076,0.0008198144095514633,interpolado
0.14244308861772356,0.0005575711842036674,interpolado
0.14254290858171637,0.0003006436132554595,interpolado
0.14264272854570914,5.359966773929418e-05,interpolado
0.14274254850970194,-0.0001789926813121568,interpolado
0.14284236847369475,-0.0003925654628662945,interpolado
0.14294218843768755,-0.0005825507058905199,interpolado
0.143,-0.00068,original
0.14314182836567316,-0.0008753503022445382,interpolado
0.14324164832966593,-0.0009745190781252052,interpolado
0.14334146829365874,-0.0010412654672751467,interpolado
0.14344128825765154,-0.0010749197444637959,interpolado
0.14354110822164431,-0.0010748121844606094,interpolado
0.14364092818563715,-0.0010402730620350119,interpolado
0.14374074814962995,-0.0009706326519564418,interpolado
0.14384056811362275,-0.0008652212289943365,interpolado
0.14394038807761556,-0.0007233690679181797,interpolado
0.144,-0.000621,original
0.14414002800560116,-0.00033307416131233707,interpolado
0.14423984796959394,-9.966053408114666e-05,interpolado
0.14433966793358677,0.0001446163029490034,interpolado
0.14443948789757952,0.0003886663100465945,interpolado
0.1445393078615723,0.0006213994474803125,interpolado
0.14463912782556507,0.0008317256755186384,interpolado
0.1447389477895579,0.0010085549544301203,interpolado
0.14483876775355073,0.0011407972444833065,interpolado
0.14493858771754345,0.0012173625059467331,interpolado
0.145,0.001232,original
0.14513822764552908,0.0011678690963341635,interpolado
0.1452380476095219,0.0010468745999185583,interpolado
0.14533786757351466,0.0008730852809717345,interpolado
0.14543768753750744,0.000655221133482625,interpolado
0.14553750750150027,0.00040200215143997513,interpolado
0.14563732746549307,0.00012214832883270706,interpolado
0.14573714742948587,-0.00017562034035031187,interpolado
0.14583696739347865,-0.0004825838621202134,interpolado
0.14593678735747145,-0.0007900222424880456,interpolado
0.146,-0.000981,original
0.14613642728545706,-0.0013729231982365574,interpolado
0.14623624724944986,-0.001635669748173065,interpolado
0.14633606721344267,-0.0018722410326796506,interpolado
0.14643588717743547,-0.002077394361841981,interpolado
0.14653570714142825,-0.00224588704574552,interpolado
0.14663552710542108,-0.0023724763944758032,interpolado
0.14673534706941385,-0.0024519197181183637,interpolado
0.14683516703340668,-0.002478974326758736,interpolado
0.14693498699739949,-0.0024483975304824706,interpolado
0.147,-0.002395,original
0.1471346269253851,-0.0021995127209898657,interpolado
0.1472344468893779,-0.0019908457879659067,interpolado
0.14733426685337067,-0.0017388106425315637,interpolado
0.14743408681736345,-0.0014531660812311554,interpolado
0.14753390678135628,-0.0011436709006092105,interpolado
0.14763372674534908,-0.0008200838972101889,interpolado
0.14773354670934186,-0.000492163867578553,interpolado
0.14783336667333463,-0.0001696696082588534,interpolado
0.14793318663732744,0.00013764008420463026,interpolado
0.148,0.00033,original
0.148132826565313,0.000667450051038828,interpolado
0.14823264652930587,0.0008696888308001749,interpolado
0.14833246649329865,0.0010163989826062194,interpolado
0.14843228645729142,0.0010972601204150448,interpolado
0.14853210642128423,0.0011019518581846031,interpolado
0.14863192638527706,0.0010201538098728931,interpolado
0.14873174634926986,0.0008415455894379163,interpolado
0.14883156631326264,0.0005558068108377663,interpolado
0.14893138627725544,0.000152617088030288,interpolado
0.149,-0.000198,original
0.14913102620524105,-0.0010340368062916165,interpolado
0.14923084616923382,-0.0017917985814546952,interpolado
0.14933066613322665,-0.0026263259713266702,interpolado
0.14943048609721943,-0.0035124961470796587,interpolado
0.14953030606121223,-0.00442518627988598,interpolado
0.14963012602520506,-0.005339273540917946,interpolado
0.14972994598919784,-0.00622963510134763,interpolado
0.14982976595319059,-0.007071148132347849,interpolado
0.14992958591718342,-0.007838689805090667,interpolado
0.15,-0.008322,original
0.15012922584516902,-0.009059394998426706,interpolado
0.1502290458091618,-0.009490956071677152,interpolado
0.1503288657731546,-0.009798990655900787,interpolado
0.1504286857371474,-0.009980574311864597,interpolado
0.15052850570114024,-0.010032782600335707,interpolado
0.150628325665133,-0.009952691082081229,interpolado
0.15072814562912576,-0.009737375317868373,interpolado
0.1508279655931186,-0.00938391086846414,interpolado
0.1509277855571114,-0.008889373294635692,interpolado
0.151,-0.008442,original
0.15112742548509703,-0.00748051206710477,interpolado
0.1512272454490898,-0.006615896893382226,interpolado
0.15132706541308263,-0.005697863945032182,interpolado
0.15142688537707538,-0.004767130684457113,interpolado
0.1515267053410682,-0.0038644145740592676,interpolado
0.15162652530506102,-0.0030304330762408902,interpolado
0.15172634526905382,-0.002305903653404412,interpolado
0.1518261652330466,-0.0017315437679516666,interpolado
0.15192598519703943,-0.0013480708822851187,interpolado
0.152,-0.001211,original
0.15212562512502495,-0.0012869151667835527,interpolado
0.15222544508901778,-0.0015782609252947655,interpolado
0.1523252650530106,-0.0020211780954334443,interpolado
0.15242508501700336,-0.0025668628144500274,interpolado
0.1525249049809962,-0.003166511219594954,interpolado
0.15262472494498897,-0.0037713194481184954,interpolado
0.1527245449089818,-0.004332483637271439,interpolado
0.1528243648729746,-0.0048011999243040525,interpolado
0.15292418483696738,-0.005128664446466774,interpolado
0.153,-0.005253,original
0.15312382476495298,-0.005191199269182163,interpolado
0.15322364472894576,-0.004932094331635654,interpolado
0.15332346469293856,-0.004523685341256648,interpolado
0.15342328465693136,-0.004000705482124547,interpolado
0.1535231046209242,-0.0033978879383187513,interpolado
0.15362292458491694,-0.0027499658939188452,interpolado
0.1537227445489098,-0.002091672533003864,interpolado
0.15382256451290258,-0.001457741039653381,interpolado
0.1539223844768954,-0.0008829045979468009,interpolado
0.154,-0.000499,original
0.154122024404881,-3.527013629292429e-05,interpolado
0.15422184436887376,0.00022490758340414985,interpolado
0.15432166433286656,0.00039056085531792036,interpolado
0.15442148429685937,0.00047352833193248375,interpolado
0.15452130426085214,0.0004856486657319369,interpolado
0.15462112422484495,0.00043876050920039664,interpolado
0.15472094418883775,0.00034470251482193043,interpolado
0.15482076415283055,0.0002153133350806408,interpolado
0.15492058411682336,6.24316224606243e-05,interpolado
0.155,-6.81e-05,original
0.15512022404480894,-0.000267197618150386,interpolado
0.15522004400880174,-0.0004233367027410571,interpolado
0.15531986397279454,-0.0005612372413509667,interpolado
0.15541968393678737,-0.0006716116196845369,interpolado
0.15551950390078015,-0.0007451722234461756,interpolado
0.15561932386477295,-0.0007726314383403476,interpolado
0.15571914382876575,-0.0007447016500714491,interpolado
0.15581896379275853,-0.0006520952443439026,interpolado
0.15591878375675133,-0.00048552460686212954,interpolado
0.156,-0.000289,original
0.15611842368473697,0.00010097203974636856,interpolado
0.15621824364872974,0.0005152486763909152,interpolado
0.15631806361272255,0.000995955715963196,interpolado
0.15641788357671535,0.0015319431387364297,interpolado
0.15651770354070813,0.0021120609249836724,interpolado
0.15661752350470093,0.002725159054978467,interpolado
0.1567173434686937,0.0033600875089938803,interpolado
0.15681716343268653,0.0040056962673031314,interpolado
0.15691698339667934,0.004650835310179442,interpolado
0.157,0.005179,original
0.15711662332466492,0.005899391371937565,interpolado
0.15721644328865772,0.00649934022227661,interpolado
0.15731626325265052,0.007089193479537717,interpolado
0.1574160832166433,0.007673930630860834,interpolado
0.1575159031806361,0.008258531163385744,interpolado
0.1576157231446289,0.008847974564252716,interpolado
0.1577155431086217,0.009447240320601537,interpolado
0.1578153630726145,0.010061307919572151,interpolado
0.1579151830366073,0.01069515684830433,interpolado
0.158,0.011253,original
0.1581148229645929,0.012030200043533836,interpolado
0.1582146429285857,0.012687344149716034,interpolado
0.15831446289257853,0.013283176515494145,interpolado
0.1584142828565713,0.013775701326662145,interpolado
0.15851410282056413,0.014122922769014437,interpolado
0.1586139227845569,0.014282845028344966,interpolado
0.15871374274854974,0.01421347229044785,interpolado
0.1588135627125425,0.013872808741117189,interpolado
0.1589133826765353,0.013218858566147329,interpolado
0.159,0.012365,original
0.15911302260452093,0.01083459893574847,interpolado
0.15921284256851373,0.009167595354878957,interpolado
0.1593126625325065,0.007296804971284944,interpolado
0.15941248249649928,0.005310367362480565,interpolado
0.15951230246049208,0.0032964221059782646,interpolado
0.1596121224244849,0.0013431087792921566,interpolado
0.15971194238847772,-0.0004614330400641941,interpolado
0.1598117623524705,-0.00202906377457722,interpolado
0.15991158231646324,-0.003271643846733052,interpolado
0.16,-0.00403,original
0.16011122224444888,-0.004463273615091968,interpolado
0.16021104220844165,-0.0044011935488630725,interpolado
0.16031086217243448,-0.003974942391719999,interpolado
0.16041068213642726,-0.003244632227634718,interpolado
0.16051050210042006,-0.002270375140578537,interpolado
0.16061032206441286,-0.0011122832145233474,interpolado
0.16071014202840567,0.00016953146655912282,interpolado
0.16080996199239847,0.0015149568186967684,interpolado
0.16090978195639127,0.0028638807579186255,interpolado
0.161,0.004036,original
0.16110942188437688,0.005342845803211734,interpolado
0.16120924184836968,0.006407928532561359,interpolado
0.16130906181236243,0.007341757750137007,interpolado
0.16140888177635526,0.008134644337816079,interpolado
0.16150870174034807,0.008776899177475168,interpolado
0.16160852170434087,0.009258833150991144,interpolado
0.1617083416683337,0.009570757140240891,interpolado
0.16180816163232645,0.009702982027101258,interpolado
0.16190798159631928,0.009645818693449206,interpolado
0.162,0.009417,original
0.16210762152430486,0.008933702884173337,interpolado
0.16220744148829772,0.00830650475770281,interpolado
0.16230726145229044,0.007542017139778066,interpolado
0.16240708141628327,0.006674270049762257,interpolado
0.1625069013802761,0.00573729350701917,interpolado
0.16260672134426885,0.004765117530912385,interpolado
0.1627065413082617,0.00379177214080549,interpolado
0.16280636127225448,0.0028512873560623264,interpolado
0.16290618123624725,0.0019776931960459473,interpolado
0.163,0.001248,original
0.1631058211642329,0.0005589562646127936,interpolado
0.1632056411282257,3.734672734774758e-05,interpolado
0.16330546109221844,-0.0003677835234598879,interpolado
0.16340528105621127,-0.0006644075583750731,interpolado
0.16350510102020407,-0.0008604984479624174,interpolado
0.16360492098419685,-0.0009640292627866577,interpolado
0.16370474094818963,-0.000982973073412538,interpolado
0.16380456091218243,-0.0009253029504048039,interpolado
0.16390438087617523,-0.0007989919643281757,interpolado
0.164,-0.000621,original
0.16410402080416084,-0.0003731255058506879,interpolado
0.1642038407681536,-9.385791544945511e-05,interpolado
0.1643036607321464,0.00021365001213247107,interpolado
0.1644034806961392,0.0005372587553282853,interpolado
0.16450330066013202,0.0008648287925712535,interpolado
0.16460312062412483,0.0011842206022946433,interpolado
0.1647029405881176,0.0014832946629316421,interpolado
0.1648027605521104,0.0017499114529156857,interpolado
0.1649025805161032,0.0019719314506799544,interpolado
0.165,0.002134,original
0.16510222044408876,0.002235562821687155,interpolado
0.16520204040808162,0.0022639939284412225,interpolado
0.1653018603720744,0.002221207123017447,interpolado
0.1654016803360672,0.0021059010483917644,interpolado
0.16550150030006006,0.0019167743475401308,interpolado
0.16560132026405278,0.0016525256634384966,interpolado
0.1657011402280456,0.001311853639062924,interpolado
0.1658009601920384,0.0008934569173891769,interpolado
0.1659007801560312,0.0003960341413932931,interpolado
0.166,-0.000178,original
0.16610042008401682,-0.0008359227992748834,interpolado
0.16620024004800957,-0.0015423962713825307,interpolado
0.16630006001200237,-0.0022719576579323065,interpolado
0.16639987997599523,-0.0029954281556881105,interpolado
0.166499699939988,-0.0036836289614140287,interpolado
0.16659951990398078,-0.004307381271873989,interpolado
0.16669933986797358,-0.004837506283832436,interpolado
0.1667991598319664,-0.0052448251940532715,interpolado
0.16689897979595922,-0.005500159199300586,interpolado
0.167,-0.005574,original
0.1670986197239448,-0.005448713234191299,interpolado
0.16719843968793757,-0.005148462411216665,interpolado
0.1672982596519304,-0.004710074636544808,interpolado
0.1673980796159232,-0.004170047538334715,interpolado
0.16749789957991598,-0.0035648787447453817,interpolado
0.16759771954390879,-0.002931065883935978,interpolado
0.16769753950790156,-0.002305106584065133,interpolado
0.1677973594718944,-0.0017234984732920136,interpolado
0.16789717943588717,-0.0012227391797756096,interpolado
0.168,-0.00083,original
0.16809681936387277,-0.0006028353613996577,interpolado
0.16819663932786558,-0.0005125384498858846,interpolado
0.16829645929185838,-0.0005594177887394581,interpolado
0.16839627925585118,-0.0007344553635119064,interpolado
0.16849609921984396,-0.001028633159754759,interpolado
0.1685959191838368,-0.0014329331630194176,interpolado
0.16869573914782957,-0.0019383373588576372,interpolado
0.1687955591118224,-0.00253582773282085,interpolado
0.1688953790758152,-0.0032163862704605852,interpolado
0.169,-0.004009,original
0.1690950190038008,-0.004786597552385447,interpolado
0.16919483896779358,-0.00563147409146343,interpolado
0.16929465893178638,-0.00646851636930333,interpolado
0.1693944788957792,-0.007260615659759311,interpolado
0.16949429885977196,-0.007970663236685346,interpolado
0.16959411882376477,-0.008561550373936,interpolado
0.1696939387877576,-0.008996168345365221,interpolado
0.1697937587517504,-0.009237408424827166,interpolado
0.16989357871574312,-0.009248161886175995,interpolado
0.17,-0.008964,original
0.17009321864372873,-0.008442602477058978,interpolado
0.17019303860772153,-0.007640334676969861,interpolado
0.17029285857171436,-0.006641911315773756,interpolado
0.17039267853570716,-0.0055047316619705605,interpolado
0.17049249849969994,-0.0042861949840605285,interpolado
0.17059231846369274,-0.0030437005505428707,interpolado
0.17069213842768555,-0.0018346476299178197,interpolado
0.17079195839167835,-0.0007164354906852761,interpolado
0.17089177835567113,0.00025353659865485334,interpolado
0.171,0.001071,original
0.17109141828365676,0.0015307594662748146,interpolado
0.17119123824764956,0.001806172329500948,interpolado
0.17129105821164234,0.0018772748726817309,interpolado
0.17139087817563514,0.0017772430104966294,interpolado
0.17149069813962792,0.0015392526576251911,interpolado
0.17159051810362075,0.0011964797287467408,interpolado
0.1716903380676135,0.0007821001385407925,interpolado
0.1717901580316063,0.0003292898016868122,interpolado
0.1718899779955991,-0.00012877536713561013,interpolado
0.172,-0.0006,original
0.1720896179235847,-0.0009324686486835806,interpolado
0.17218943788757748,-0.001245264480741472,interpolado
0.1722892578515703,-0.0015014523850062035,interpolado
0.17238907781556306,-0.0017051844389620434,interpolado
0.1724888977795559,-0.0018606127200934224,interpolado
0.17258871774354867,-0.0019718893058845955,interpolado
0.17268853770754145,-0.0020431662738198807,interpolado
0.1727883576715343,-0.002078595701383598,interpolado
0.17288817763552702,-0.002082329666060067,interpolado
0.173,-0.002054,original
0.17308781756351269,-0.0020106412388474154,interpolado
0.17318763752750552,-0.0019382631449547146,interpolado
0.1732874574914983,-0.0018395629971475142,interpolado
0.1733872774554911,-0.0017127160972371476,interpolado
0.1734870974194839,-0.00155589774703484,interpolado
0.17358691738347673,-0.001367283248351916,interpolado
0.1736867373474695,-0.0011450479029996717,interpolado
0.1737865573114623,-0.0008873670127894007,interpolado
0.17388637727545506,-0.0005924158795324855,interpolado
0.174,-0.000209,original
0.17408601720344072,0.00011547255784510516,interpolado
0.17418583716743352,0.0005229778554632844,interpolado
0.1742856571314263,0.00095544216253092,interpolado
0.17438547709541907,0.0014041569122745937,interpolado
0.17448529705941188,0.001860413537921264,interpolado
0.17458511702340473,0.0023155034726975183,interpolado
0.17468493698739748,0.0027607181498300625,interpolado
0.17478475695139026,0.003187349002545491,interpolado
0.17488457691538306,0.0035866874640707513,interpolado
0.175,0.004003,original
0.17508421684336867,0.004270198005098834,interpolado
0.17518403680736147,0.004549986439209274,interpolado
0.1752838567713543,0.004796108474092319,interpolado
0.17538367673534705,0.005015292140006338,interpolado
0.17548349669933988,0.0052142654672094986,interpolado
0.1755833166633327,0.005399756485960034,interpolado
0.1756831366273255,0.005578493226516179,interpolado
0.17578295659131826,0.005757203719136124,interpolado
0.17588277655531107,0.005942615994078198,interpolado
0.176,0.006178,original
0.1760824164832967,0.006360829285996248,interpolado
0.17618223644728948,0.006610357636970244,interpolado
0.17628205641128225,0.006900725486843901,interpolado
0.17638187637527503,0.007242618683852366,interpolado
0.17648169633926786,0.007646723076230549,interpolado
0.17658151630326066,0.00812372451221343,interpolado
0.17668133626725346,0.008684308840035994,interpolado
0.17678115623124624,0.009339161907933031,interpolado
0.17688097619523904,0.010098969564139887,interpolado
0.177,0.011157,original
0.17708061612322462,0.011969871683217807,interpolado
0.17718043608721745,0.013044111277769105,interpolado
0.17728025605121023,0.014135916599550538,interpolado
0.177380076015203,0.015183982371791556,interpolado
0.17747989597919578,0.016127003317720705,interpolado
0.1775797159431886,0.01690367416056681,interpolado
0.17767953590718139,0.017452689623558584,interpolado
0.1777793558711742,0.017712744429925195,interpolado
0.177879175835167,0.017622533302895274,interpolado
0.178,0.016957,original
0.17807881576315263,0.016159912025670888,interpolado
0.17817863572714537,0.014798156765888726,interpolado
0.1782784556911382,0.013142367414238054,interpolado
0.178378275655131,0.01129968776601735,interpolado
0.17847809561912384,0.00937726161652475,interpolado
0.17857791558311664,0.007482232761058393,interpolado
0.1786777355471094,0.005721744994916873,interpolado
0.17877755551110222,0.004202942113397337,interpolado
0.17887737547509502,0.0030329679117984277,interpolado
0.179,0.002231,original
0.1790770154030806,0.002151931436190991,interpolado
0.17917683536707338,0.002491963726318237,interpolado
0.1792766553310662,0.003235654403657188,interpolado
0.179376475295059,0.004279175553690521,interpolado
0.17947629525905184,0.0055186992619009395,interpolado
0.17957611522304462,0.006850397613771151,interpolado
0.1796759351870374,0.008170442694783502,interpolado
0.1797757551510302,0.009375006590421453,interpolado
0.179875575115023,0.010360261386167339,interpolado
0.18,0.011124,original
0.1800752150430086,0.011269920941228756,interpolado
0.18017503500700136,0.011118024818364738,interpolado
0.1802748549709942,0.010636178401914668,interpolado
0.18037467493498696,0.009894302990759182,interpolado
0.18047449489897982,0.008962319883778942,interpolado
0.18057431486297257,0.007910150379854895,interpolado
0.1806741348269654,0.006807715777867097,interpolado
0.1807739547909582,0.005724937376696484,interpolado
0.18087377475495103,0.0047317364752237035,interpolado
0.181,0.003713,original
0.18107341468293658,0.003286622872114494,interpolado
0.18117323464692933,0.0028951387989175357,interpolado
0.18127305461092216,0.0026863091897826835,interpolado
0.181372874574915,0.002622529353581351,interpolado
0.1814726945389078,0.002666194599184947,interpolado
0.18157251450290057,0.0027797002354648464,interpolado
0.1816723344668934,0.00292544157129253,interpolado
0.18177215443088618,0.0030658139155393875,interpolado
0.18187197439487898,0.0031632125770768285,interpolado
0.182,0.003165,original
0.18207161432286456,0.0030827022527600808,interpolado
0.18217143428685736,0.002876833126589467,interpolado
0.18227125425085017,0.002590089657393868,interpolado
0.18237107421484292,0.0022503823629072255,interpolado
0.18247089417883575,0.0018856217608634843,interpolado
0.1825707141428285,0.0015237183689966825,interpolado
0.18267053410682133,0.001192582705040556,interpolado
0.1827703540708141,0.0009201252867291512,interpolado
0.18287017403480693,0.0007342566317964098,interpolado
0.183,0.000668,original
0.1830698139627925,0.0007304060601207995,interpolado
0.1831696339267853,0.000924769497005041,interpolado
0.18326945389077812,0.0012124059582699187,interpolado
0.1833692738547709,0.0015594642315114472,interpolado
0.18346909381876367,0.0019320931043255395,interpolado
0.1835689137827565,0.0022964413643084256,interpolado
0.18366873374674933,0.002618657799056021,interpolado
0.18376855371074213,0.0028648911961643396,interpolado
0.1838683736747349,0.003001290343229399,interpolado
0.184,0.002956,original
0.18406801360272054,0.0028123424369492097,interpolado
0.18416783356671332,0.0024604739751339345,interpolado
0.18426765353070615,0.0019641887852690186,interpolado
0.18436747349469892,0.0013496003312712908,interpolado
0.18446729345869176,0.0006428220770577887,interpolado
0.18456711342268456,-0.0001300325134550571,interpolado
0.18466693338667733,-0.0009428499763502296,interpolado
0.18476675335067017,-0.0017695168477109004,interpolado
0.18486657331466294,-0.00258391966362024,interpolado
0.185,-0.003608,original
0.18506621324264852,-0.004072110578701157,interpolado
0.18516603320664132,-0.004702362958029784,interpolado
0.18526585317063415,-0.0052374841073960015,interpolado
0.18536567313462696,-0.005664338579626305,interpolado
0.18546549309861976,-0.0059697909275471285,interpolado
0.18556531306261254,-0.006140705703985138,interpolado
0.18566513302660534,-0.006163947461766732,interpolado
0.18576495299059811,-0.006026380753718405,interpolado
0.18586477295459095,-0.005714870132666656,interpolado
0.186,-0.004992,original
0.1860644128825765,-0.004520665897594959,interpolado
0.1861642328465693,-0.003658204446023227,interpolado
0.18626405281056213,-0.002686474497564756,interpolado
0.18636387277455488,-0.0016635846795902197,interpolado
0.18646369273854768,-0.000647643619469427,interpolado
0.1865635127025405,0.00030324005542695456,interpolado
0.1866633326665333,0.0011309577177285373,interpolado
0.1867631526305261,0.0017774007400649335,interpolado
0.18686297259451887,0.00218446049506568,interpolado
0.187,0.002247,original
0.1870626125225045,0.002053152163263116,interpolado
0.18716243248649728,0.0014782839432380163,interpolado
0.18726225245049008,0.0006355968470385211,interpolado
0.18736207241448286,-0.00040765389627599337,interpolado
0.18746189237847566,-0.0015842130576470593,interpolado
0.18756171234246843,-0.0028268254080153505,interpolado
0.18766153230646127,-0.004068235718321803,interpolado
0.187761352270454,-0.005241188759507353,interpolado
0.18786117223444687,-0.0062784293025126775,interpolado
0.188,-0.007369,original
0.18806081216243245,-0.0076805169971341765,interpolado
0.18816063212642525,-0.007972713046991955,interpolado
0.18826045209041806,-0.008020949140410393,interpolado
0.18836027205441086,-0.007857877838530303,interpolado
0.18846009201840364,-0.0075161517024923356,interpolado
0.18855991198239644,-0.007028423293437259,interpolado
0.18865973194638924,-0.006427345172505817,interpolado
0.18875955191038207,-0.005745569900838759,interpolado
0.1888593718743748,-0.005015750039577039,interpolado
0.189,-0.003969,original
0.18905901180236043,-0.0035414793412672217,interpolado
0.1891588317663532,-0.0028429551708723465,interpolado
0.18925865173034603,-0.0021758247560883107,interpolado
0.18935847169433884,-0.0015405809883081772,interpolado
0.18945829165833164,-0.0009377167589255671,interpolado
0.1895581116223244,-0.000367724959333915,interpolado
0.18965793158631722,0.00016890151907334767,interpolado
0.18975775155031005,0.0006716697849026527,interpolado
0.18985757151430283,0.0011400869467608464,interpolado
0.19,0.001748,original
0.19005721144228843,0.0019713551250252095,interpolado
0.19015703140628126,0.002323110495301721,interpolado
0.190256851370274,0.0026114077963552483,interpolado
0.1903566713342668,0.0028185050101182762,interpolado
0.19045649129825962,0.002926660118523033,interpolado
0.1905563112622524,0.0029181311035018373,interpolado
0.19065613122624522,0.0027751759469870105,interpolado
0.19075595119023803,0.0024800526309109736,interpolado
0.19085577115423086,0.0020150191372058875,interpolado
0.191,0.001007,original
0.1910554110822164,0.000506354141124721,interpolado
0.1911552310462092,-0.0005307789150365681,interpolado
0.19125505101020196,-0.0016942079593740237,interpolado
0.19135487097419485,-0.002927993890626247,interpolado
0.1914546909381876,-0.004176197607530871,interpolado
0.19155451090218045,-0.005382880008825834,interpolado
0.19165433086617326,-0.006492101993248785,interpolado
0.191754150830166,-0.007447924459538293,interpolado
0.19185397079415886,-0.00819440830643198,interpolado
0.192,-0.008793,original
0.1920536107221444,-0.008838342651940206,interpolado
0.19215343068613722,-0.0086826408477704,interpolado
0.19225325065013008,-0.008256894420105153,interpolado
0.19235307061412282,-0.007611242690203079,interpolado
0.19245289057811563,-0.006795824979322789,interpolado
0.19255271054210846,-0.005860780608722894,interpolado
0.19265253050610123,-0.004856248899662281,interpolado
0.19275235047009406,-0.0038323691733989965,interpolado
0.1928521704340868,-0.0028392807511919186,interpolado
0.193,-0.001532,original
0.19305181036207245,-0.0011446725093661552,interpolado
0.19315163032606528,-0.0005119998932609621,interpolado
0.193251450290058,-2.186033391182023e-05,interpolado
0.19335127025405083,0.0003340751200278154,interpolado
0.19345109021804363,0.0005641354199046849,interpolado
0.19355091018203638,0.0006766495170655283,interpolado
0.1936507301460292,0.0006799463628571014,interpolado
0.193750550110022,0.0005823549086261433,interpolado
0.1938503700740148,0.0003922041057193794,interpolado
0.194,-4.8e-05,original
0.1940500100020004,-0.00023191911204628523,interpolado
0.1941498299659932,-0.0006357762170860862,interpolado
0.194249649929986,-0.0010601588381775188,interpolado
0.19434946989397883,-0.0014709432368022787,interpolado
0.1944492898579716,-0.0018340056744421689,interpolado
0.19454910982196438,-0.0021152224125789276,interpolado
0.19464892978595721,-0.0022804697126945217,interpolado
0.19474874974995002,-0.002295623836270662,interpolado
0.1948485697139428,-0.002126561044789151,interpolado
0.19494838967793562,-0.0017391575997317914,interpolado
0.195,-0.001442,original
0.1951480296059212,-0.00022650881446947222,interpolado
0.19524784956991403,0.000822397611469336,interpolado
0.19534766953390686,0.001980950803951516,interpolado
0.1954474894978996,0.0031845261304609494,interpolado
0.19554730946189236,0.004368498958481195,interpolado
0.19564712942588516,0.0054682446554968085,interpolado
0.195746949389878,0.006419138588991336,interpolado
0.1958467693538708,0.007156556126448656,interpolado
0.1959465893178636,0.007615872635352654,interpolado
0.196,0.007725,original
0.19614622924584918,0.0075061342088609765,interpolado
0.19624604920984193,0.006985908959893876,interpolado
0.19634586917383476,0.00623219020514459,interpolado
0.1964456891378276,0.005303320727027864,interpolado
0.19654550910182036,0.004257643307958735,interpolado
0.19664532906581317,0.003153500730351351,interpolado
0.19674514902980603,0.002049235776620728,interpolado
0.1968449689937988,0.0010031912291816067,interpolado
0.1969447889577916,7.370987044872545e-05,interpolado
0.197,-0.000369,original
0.1971444288857772,-0.0012377617260635346,interpolado
0.19724424884977002,-0.0016039611644894293,interpolado
0.1973440688137628,-0.0017926254212785203,interpolado
0.1974438887777556,-0.0018158680360696939,interpolado
0.19754370874174837,-0.0016858025485018283,interpolado
0.19764352870574114,-0.0014145424982137645,interpolado
0.19774334866973398,-0.0010142014248443734,interpolado
0.19784316863372675,-0.0004968928680325222,interpolado
0.19794298859771955,0.00012526963258273067,interpolado
0.198,0.000523,original
0.19814262852570516,0.0016230368630686808,interpolado
0.198242448489698,0.002437535476220921,interpolado
0.19834226845369077,0.0032451625717853285,interpolado
0.19844208841768354,0.004007754791545986,interpolado
0.19854190838167632,0.004687148777287611,interpolado
0.19864172834566915,0.005245181170794275,interpolado
0.19874154830966195,0.005643688613850256,interpolado
0.1988413682736547,0.005844507748239842,interpolado
0.19894118823764753,0.005809475215747369,interpolado
0.199,0.005663,original
0.1991408281656331,0.004928168480806784,interpolado
0.19924064812962589,0.004151966009509785,interpolado
0.19934046809361874,0.0032394911402945166,interpolado
0.19944028805761152,0.002257205717116369,interpolado
0.19954010802160432,0.0012715715839298992,interpolado
0.1996399279855971,0.00034905058469048564,interpolado
0.1997397479495899,-0.0004438954366467559,interpolado
0.19983956791358273,-0.0010408046361267108,interpolado
0.1999393878775755,-0.0013752151697942134,interpolado
0.2,-0.001422,original
0.2001390278055611,-0.0010538187441159412,interpolado
0.20023884776955392,-0.00045892184581943017,interpolado
0.20033866773354672,0.00032888507002783586,interpolado
0.20043848769753958,0.0012358774353070296,interpolado
0.20053830766153233,0.002188330681898675,interpolado
0.20063812762552516,0.003112520241683486,interpolado
0.20073794758951796,0.003934721546542185,interpolado
0.20083776755351074,0.004581210028355339,interpolado
0.2009375875175035,0.00497826111900404,interpolado
0.201,0.005067,original
0.20113722744548912,0.004792574207371406,interpolado
0.20123704740948192,0.004262446836527125,interpolado
0.2013368673734747,0.0035357872218699164,interpolado
0.2014366873374675,0.002685329788102414,interpolado
0.2015365073014603,0.0017838089599278586,interpolado
0.20163632726545314,0.0009039591620493088,interpolado
0.20173614722944594,0.00011851481916982595,interpolado
0.20183596719343871,-0.0004997896440073904,interpolado
0.2019357871574315,-0.0008782198027796383,interpolado
0.202,-0.000961,original
0.20213542708541707,-0.0006841245949475594,interpolado
0.20223524704940987,-0.00015934053278910908,interpolado
0.20233506701340265,0.0005587530428177675,interpolado
0.20243488697739548,0.0013996815919552867,interpolado
0.20253470694138828,0.0022929705747050787,interpolado
0.20263452690538108,0.0031681454511489435,interpolado
0.2027343468693739,0.003954731681368688,interpolado
0.20283416683336672,0.00458225472544597,interpolado
0.2029339867973595,0.004980240043462952,interpolado
0.203,0.005083,original
0.20313362672534507,0.0048590705929081775,interpolado
0.20323344668933782,0.004376795193127289,interpolado
0.20333326665333062,0.003695261117691,interpolado
0.2034330866173234,0.0028774783406734323,interpolado
0.20353290658131623,0.001986456836148599,interpolado
0.203632726545309,0.0010852065781905128,interpolado
0.20373254650930178,0.00023673754087341126,interpolado
0.20383236647329459,-0.0004959403017291764,interpolado
0.20393218643728733,-0.0010498169755429904,interpolado
0.204,-0.001292,original
0.204131826365273,-0.0014122222830108733,interpolado
0.20423164632926571,-0.0012423701050983346,interpolado
0.20433146629325855,-0.0009021933384489303,interpolado
0.20443128625725135,-0.0004409425631317034,interpolado
0.2045311062212442,9.213164078432281e-05,interpolado
0.20463092618523698,0.0006477786932301225,interpolado
0.20473074614922976,0.001176748014136532,interpolado
0.20483056611322262,0.0016297890234348346,interpolado
0.2049303860772154,0.001957651141055849,interpolado
0.205,0.002086,original
0.20513002600520103,0.0020731055786797365,interpolado
0.2052298459691938,0.0018758995786355968,interpolado
0.2053296659331866,0.0015582191334412813,interpolado
0.2054294858971794,0.0011584130334671508,interpolado
0.20552930586117227,0.0007148300690835306,interpolado
0.20562912582516507,0.00026581903066074725,interpolado
0.2057289457891578,-0.00015027129143076597,interpolado
0.20582876575315065,-0.0004950921068209233,interpolado
0.20592858571714343,-0.0007302946251392763,interpolado
0.206,-0.00081,original
0.20612822564512903,-0.0007494571497541856,interpolado
0.20622804560912178,-0.0005691291147712738,interpolado
0.20632786557311455,-0.00032630426484808283,interpolado
0.2064276855371074,-7.040381414305633e-05,interpolado
0.2065275055011002,0.00014915102318536154,interpolado
0.20662732546509296,0.00028293903297870533,interpolado
0.20672714542908577,0.0002815390010786176,interpolado
0.20682696539307854,9.552971332660071e-05,interpolado
0.20692678535707132,-0.00032451004443578716,interpolado
0.207,-0.00081,original
0.20712642528505693,-0.0020245186792079927,interpolado
0.20722624524904976,-0.0032546570323688656,interpolado
0.20732606521304253,-0.004649787416809217,interpolado
0.20742588517703534,-0.006141652068449677,interpolado
0.2075257051410282,-0.007661993223210878,interpolado
0.207625525105021,-0.009142553117013051,interpolado
0.20772534506901377,-0.010515073985777664,interpolado
0.20782516503300655,-0.01171129806542493,interpolado
0.2079249849969994,-0.012662967591875482,interpolado
0.208,-0.013176,original
0.20812462492498496,-0.013593498957484965,interpolado
0.2082244448889778,-0.013566017753651242,interpolado
0.2083242648529706,-0.013255867995426635,interpolado
0.20842408481696337,-0.0126992692899497,interpolado
0.2085239047809562,-0.011932441244359004,interpolado
0.20862372474494895,-0.01099160346579339,interpolado
0.2087235447089417,-0.009912975561390893,interpolado
0.20882336467293455,-0.008732777138290316,interpolado
0.20892318463692733,-0.007487227803630217,interpolado
0.209,-0.006507,original
0.2091228245649129,-0.0049415349840906545,interpolado
0.20922264452890574,-0.003700300605315736,interpolado
0.20932246449289854,-0.002514026937306816,interpolado
0.20942228445689137,-0.0014079193587135672,interpolado
0.2095221044208841,-0.0004071832481859235,interpolado
0.20962192438487698,0.0004629760156270017,interpolado
0.20972174434886978,0.0011773530540752427,interpolado
0.20982156431286259,0.0017107424885091246,interpolado
0.20992138427685536,0.0020379389402789736,interpolado
0.21,0.002134,original
0.21012102420484097,0.001991617787979515,interpolado
0.21022084416883377,0.001643861320179324,interpolado
0.21032066413282655,0.0011282717193528142,interpolado
0.21042048409681935,0.0004825525749245581,interpolado
0.21052030406081212,-0.0002555925236806597,interpolado
0.21062012402480496,-0.0010484599870386898,interpolado
0.21071994398879773,-0.0018583462257247651,interpolado
0.21081976395279056,-0.00264754765031432,interpolado
0.2109195839167834,-0.003378360671382781,interpolado
0.211,-0.003899,original
0.21111922384476897,-0.004526295830641366,interpolado
0.21121904380876175,-0.004919642900179224,interpolado
0.21131886377275455,-0.005198745546994563,interpolado
0.21141868373674735,-0.005369173433635343,interpolado
0.21151850370074013,-0.005436496222649527,interpolado
0.21161832366473296,-0.0054062835765851126,interpolado
0.21171814362872574,-0.00528410515799003,interpolado
0.21181796359271857,-0.005075530629412242,interpolado
0.21191778355671134,-0.004786129653399806,interpolado
0.212,-0.004491,original
0.21211742348469695,-0.0039917728413183026,interpolado
0.21221724344868975,-0.0035180843959358166,interpolado
0.21231706341268256,-0.0030231157484978915,interpolado
0.21241688337667528,-0.002529560438162697,interpolado
0.2125167033406681,-0.0020601120040879906,interpolado
0.21261652330466088,-0.0016374639854319433,interpolado
0.21271634326865368,-0.0012843099213525916,interpolado
0.2128161632326465,-0.00102334335100797,interpolado
0.2129159831966392,-0.0008772578135561354,interpolado
0.213,-0.00086,original
0.21311562312462484,-0.0010043694894828602,interpolado
0.21321544308861767,-0.0012508423252918588,interpolado
0.21331526305261045,-0.0015685267417824855,interpolado
0.21341508301660325,-0.0019178253209977346,interpolado
0.21351490298059606,-0.0022591406449809057,interpolado
0.21361472294458886,-0.002552875295774997,interpolado
0.2137145429085817,-0.002759431855423103,interpolado
0.2138143628725745,-0.0028392129059683175,interpolado
0.21391418283656732,-0.002752621029453786,interpolado
0.214,-0.002515,original
0.21411382276455287,-0.001941429461890957,interpolado
0.21421364272854573,-0.0012275849772900075,interpolado
0.2143134626925385,-0.0003578802181026019,interpolado
0.21441328265653128,0.0006283662600078698,interpolado
0.21451310262052412,0.001691835901378854,interpolado
0.21461292258451692,0.002793210150346987,interpolado
0.2147127425485097,0.003893170451249161,interpolado
0.21481256251250247,0.0049523982484219855,interpolado
0.2149123824764953,0.005931574986202949,interpolado
0.215,0.006694,original
0.2151120224044809,0.00750183218825019,interpolado
0.21521184236847374,0.008058717435551536,interpolado
0.21531166233246643,0.00846234300443015,interpolado
0.21541148229645926,0.008713001988144162,interpolado
0.21551130226045204,0.008810987479951345,interpolado
0.21561112222444484,0.008756592573109607,interpolado
0.21571094218843767,0.00855011036087685,interpolado
0.21581076215243045,0.0081918339365111,interpolado
0.21591058211642322,0.007682056393270064,interpolado
0.216,0.007097,original
0.2161102220444088,0.006216461656145111,interpolado
0.2162100420084017,0.0052971048208781775,interpolado
0.21630986197239443,0.00429579367851455,interpolado
0.21640968193638727,0.00324531546034448,interpolado
0.21650950190038004,0.0021784573976590554,interpolado
0.21660932186437284,0.0011280067217490873,interpolado
0.2167091418283657,0.00012675066390539452,interpolado
0.21680896179235848,-0.0007925235445809665,interpolado
0.21690878175635125,-0.0015970286724196973,interpolado
0.217,-0.002204,original
0.21710842168433686,-0.002739745210241662,interpolado
0.21720824164832966,-0.0030589753756667336,interpolado
0.2173080616123224,-0.003221786249015668,interpolado
0.2174078815763153,-0.003238291519414441,interpolado
0.21750770154030805,-0.003118604875988871,interpolado
0.21760752150430082,-0.0028728400078648453,interpolado
0.2177073414682936,-0.0025111106041683677,interpolado
0.21780716143228643,-0.0020435303540251213,interpolado
0.2179069813962792,-0.0014802129465610765,interpolado
0.218,-0.000878,original
0.2181066213242649,-0.00011254293109204202,interpolado
0.21820644128825759,0.0006414947003882726,interpolado
0.21830626125225044,0.0013925559445481007,interpolado
0.21840608121624325,0.0021023574075318607,interpolado
0.21850590118023605,0.0027326156954841758,interpolado
0.21860572114422885,0.0032450474145496707,interpolado
0.21870554110822166,0.003601369170872894,interpolado
0.2188053610722144,0.0037632975705986756,interpolado
0.21890518103620726,0.0036925492198715175,interpolado
0.219,0.003375,original
0.21910482096419284,0.0027199060617773955,interpolado
0.21920464092818565,0.001850359572907834,interpolado
0.21930446089217845,0.0008076408831973651,interpolado
0.21940428085617125,-0.0003428125562513813,interpolado
0.21950410082016406,-0.001535563294335982,interpolado
0.21960392078415683,-0.002705173879954012,interpolado
0.21970374074814966,-0.0037862068620027668,interpolado
0.2198035607121424,-0.004713224789380435,interpolado
0.2199033806761352,-0.005420790210984285,interpolado
0.22,-0.005835,original
0.22010302060412076,-0.0059379554450385875,interpolado
0.22020284056811365,-0.005741403421886415,interpolado
0.2203026605321064,-0.005309221637680257,interpolado
0.22040248049609926,-0.004696821459873536,interpolado
0.22050230046009206,-0.003959614255919666,interpolado
0.2206021204240848,-0.0031530113932722904,interpolado
0.22070194038807767,-0.0023324242393843687,interpolado
0.22080176035207044,-0.0015532641617095324,interpolado
0.22090158031606327,-0.0008709425277011985,interpolado
0.221,-0.000347,original
0.22110122024404882,-2.870952919462878e-06,interpolado
0.22120104020804165,0.00016302084265062966,interpolado
0.22130086017203446,0.00019109958270707543,interpolado
0.22140068013602723,0.00011566012678679019,interpolado
0.22150050010002004,-2.90026655733134e-05,interpolado
0.2216003200640128,-0.00020859393483626878,interpolado
0.22170014002800562,-0.00038881882146527024,interpolado
0.22179995999199842,-0.000535382465923357,interpolado
0.22189977995599125,-0.0006139900086736148,interpolado
0.222,-0.00059,original
0.2220994198839768,-0.00044089594898802766,interpolado
0.2221992398479696,-0.00018555582416910146,interpolado
0.2222990598119624,0.00014475607550127175,interpolado
0.2223988797759552,0.0005191220405469463,interpolado
0.222498699739948,0.0009066243614917789,interpolado
0.2225985197039408,0.0012763453288595276,interpolado
0.22269833966793356,0.00159736723317426,interpolado
0.2227981596319264,0.0018387723649597246,interpolado
0.2228979795959192,0.001969643014739777,interpolado
0.223,0.001957,original
0.22309761952390475,0.0017873417884331447,interpolado
0.2231974394878976,0.0014827975097093916,interpolado
0.22329725945189036,0.0010865619892278927,interpolado
0.22339707941588313,0.0006397687079866267,interpolado
0.2234968993798759,0.0001835511469836996,interpolado
0.22359671934386877,-0.00024095721278317279,interpolado
0.22369653930786154,-0.0005926228903158843,interpolado
0.22379635927185434,-0.0008303124046164538,interpolado
0.22389617923584715,-0.0009128922746869023,interpolado
0.224,-0.00079,original
0.2240958191638327,-0.0004603347714194361,interpolado
0.22419563912782553,7.798246982843493e-05,interpolado
0.2242954590918183,0.0007744687211284834,interpolado
0.2243952790558112,0.0015878691152918266,interpolado
0.2244950990198039,0.0024769287851293285,interpolado
0.22459491898379677,0.003400392863452615,interpolado
0.22469473894778955,0.004317006483072564,interpolado
0.22479455891178235,0.005185514776800291,interpolado
0.22489437887577518,0.00596466287744692,interpolado
0.225,0.006646,original
0.22509401880376073,0.007093875377787421,interpolado
0.22519383876775353,0.007388594619832038,interpolado
0.22529365873174637,0.007484937520507791,interpolado
0.22539347869573917,0.007370488899842935,interpolado
0.2254932986597319,0.00703283357786585,interpolado
0.22559311862372475,0.006459556374604609,interpolado
0.22569293858771755,0.005638242110087522,interpolado
0.22579275855171033,0.004556475604342849,interpolado
0.2258925785157031,0.003201841677399259,interpolado
0.226,0.001425,original
0.22609221844368874,-0.00036215920008072323,interpolado
0.22619203840768157,-0.00250123437342361,interpolado
0.22629185837167434,-0.004764768323557786,interpolado
0.22639167833566715,-0.007062221425471863,interpolado
0.22649149829965998,-0.009303054054156377,interpolado
0.22659131826365272,-0.011396726584599927,interpolado
0.22669113822764558,-0.01325269939179176,interpolado
0.22679095819163833,-0.01478043285072111,interpolado
0.22689077815563113,-0.01588938733637698,interpolado
0.227,-0.016516,original
0.22709041808361677,-0.016511161340619075,interpolado
0.22719023804760957,-0.016006441171605844,interpolado
0.22729005801160235,-0.015064814980773255,interpolado
0.22738987797559512,-0.01377626017181436,interpolado
0.22748969793958793,-0.012230754148421074,interpolado
0.22758951790358076,-0.010518274314286353,interpolado
0.2276893378675735,-0.008728798073102841,interpolado
0.22778915783156636,-0.006952302828563189,interpolado
0.2278889777955591,-0.005278765984360482,interpolado
0.228,-0.003648,original
0.22808861772354472,-0.0025871112818038867,interpolado
0.22818843768753755,-0.0016471697318289984,interpolado
0.22828825765153035,-0.000953730705000047,interpolado
0.22838807761552307,-0.0004821576129836776,interpolado
0.22848789757951588,-0.0002078138674461743,interpolado
0.2285877175435087,-0.00010606288005423847,interpolado
0.2286875375075015,-0.00015226806247441112,interpolado
0.2287873574714943,-0.00032179282637317106,interpolado
0.2288871774354871,-0.000590000583417159,interpolado
0.229,-0.000981,original
0.22908681736347272,-0.0013249069811337724,interpolado
0.2291866373274655,-0.0017501744465668004,interpolado
0.22928645729145827,-0.0021924299106838812,interpolado
0.22938627725545108,-0.0026360494626196888,interpolado
0.22948609721944388,-0.003065409191508526,interpolado
0.22958591718343668,-0.003464885186484816,interpolado
0.22968573714742951,-0.0038188535366829833,interpolado
0.22978555711142226,-0.004111690331237379,interpolado
0.22988537707541506,-0.004327771659282593,interpolado
0.23,-0.004461,original
0.23008501700340067,-0.004470228675708628,interpolado
0.2301848369673935,-0.004390653146319745,interpolado
0.23028465693138625,-0.0042267892230723825,interpolado
0.23038447689537903,-0.003992695241140264,interpolado
0.23048429685937188,-0.003702429535697251,interpolado
0.2305841168233647,-0.0033700504419171594,interpolado
0.2306839367873575,-0.003009616294973814,interpolado
0.23078375675135032,-0.0026351854300411402,interpolado
0.23088357671534304,-0.002260816182292748,interpolado
0.231,-0.001843,original
0.2310832166433287,-0.0015672380512333317,interpolado
0.23118303660732156,-0.001265276922046785,interpolado
0.2312828565713143,-0.0009957263341920741,interpolado
0.23138267653530709,-0.0007596191322883321,interpolado
0.2314824964992999,-0.0005579881609549214,interpolado
0.23158231646329266,-0.00039186626481112435,interpolado
0.2316821364272855,-0.0002622862884762539,interpolado
0.23178195639127827,-0.00017028107656952114,interpolado
0.23188177635527107,-0.00011688347371024949,interpolado
0.232,-0.000105,original
0.2320814162832567,-0.00012958637866086027,interpolado
0.23218123624724943,-0.0001936337388267922,interpolado
0.2322810562112423,-0.00029126309998131147,interpolado
0.232380876175235,-0.0004184638892144687,interpolado
0.23248069613922784,-0.0005712255336163272,interpolado
0.2325805161032206,-0.0007455374602769502,interpolado
0.23268033606721336,-0.0009373890962863465,interpolado
0.23278015603120622,-0.0011427698687346867,interpolado
0.23287997599519897,-0.0013576692047119825,interpolado
0.233,-0.001623,original
0.23307961592318466,-0.0017985849725964634,interpolado
0.23317943588717743,-0.002003388043275196,interpolado
0.23327925585117018,-0.0021719866102804697,interpolado
0.23337907581516304,-0.0022838587216545726,interpolado
0.23347889577915582,-0.0023184824254398493,interpolado
0.2335787157431486,-0.002255335769678647,interpolado
0.23367853570714142,-0.00207389680241338,interpolado
0.23377835567113422,-0.0017536435716863003,interpolado
0.23387817563512708,-0.001274054125539786,interpolado
0.234,-0.000443,original
0.23407781556311266,0.0002391200271066639,interpolado
0.23417763552710544,0.0012533730395885053,interpolado
0.2342774554910982,0.002371541013478081,interpolado
0.23437727545509104,0.0035368744797198955,interpolado
0.23447709541908385,0.004692623969258715,interpolado
0.2345769153830766,0.005782040013039018,interpolado
0.23467673534706934,0.006748373142006189,interpolado
0.2347765553110622,0.007534873887104682,interpolado
0.23487637527505498,0.008084792779279258,interpolado
0.235,0.008353,original
0.23507601520304058,0.008255697555640179,interpolado
0.23517583516703336,0.007844233401665969,interpolado
0.23527565513102616,0.007156113578275395,interpolado
0.235375475095019,0.006240703640081608,interpolado
0.2354752950590118,0.005147369141697752,interpolado
0.23557511502300457,0.003925475637737329,interpolado
0.2356749349869974,0.002624388682812797,interpolado
0.2357747549509902,0.001293473831537625,interpolado
0.235874574914983,-1.7903361475037072e-05,interpolado
0.236,-0.001562,original
0.23607421484296856,-0.002385564993273503,interpolado
0.23617403480696142,-0.0033538224241889416,interpolado
0.23627385477095422,-0.004130086625517854,interpolado
0.23637367473494703,-0.0046793349356553165,interpolado
0.23647349469893983,-0.004966544692996399,interpolado
0.2365733146629326,-0.0049566932359362235,interpolado
0.2366731346269254,-0.0046147579028698645,interpolado
0.2367729545909182,-0.0039057160321923565,interpolado
0.236872774554911,-0.002794544962298769,interpolado
0.237,-0.00074,original
0.23707241448289654,0.0007636129696111149,interpolado
0.23717223444688937,0.003158506754380307,interpolado
0.23727205441088212,0.005806494570902089,interpolado
0.23737187437487497,0.00857503371361795,interpolado
0.23747169433886778,0.011331581476968644,interpolado
0.23757151430286058,0.013943595155397228,interpolado
0.23767133426685336,0.016278532043344424,interpolado
0.23777115423084616,0.018203849435251735,interpolado
0.23787097419483894,0.01958700462556065,interpolado
0.238,0.020356,original
0.23807061412282451,0.020211995439118315,interpolado
0.23817043408681737,0.019373724884031863,interpolado
0.23827025405081015,0.01790696758959755,interpolado
0.23837007401480295,0.015939133075559418,interpolado
0.23846989397879576,0.013597630861662189,interpolado
0.23856971394278853,0.011009870467648574,interpolado
0.2386695339067813,0.008303261413263211,interpolado
0.23876935387077416,0.005605213218250141,interpolado
0.23886917383476694,0.003043135402353395,interpolado
0.239,0.000104,original
0.23906881376275255,-0.001171812583190214,interpolado
0.23916863372674535,-0.002675940098027745,interpolado
0.23926845369073813,-0.003792537990671418,interpolado
0.23936827365473093,-0.0045469622682020976,interpolado
0.23946809361872373,-0.0049645689377005725,interpolado
0.23956791358271656,-0.005070714006247933,interpolado
0.23966773354670937,-0.00489075348092488,interpolado
0.23976755351070214,-0.004450043368812277,interpolado
0.23986737347469492,-0.003773939676990986,interpolado
0.24,-0.002555,original
0.24006701340268055,-0.0018184371096090233,interpolado
0.24016683336667333,-0.0006093784426729064,interpolado
0.24026665333066613,0.0006852112592682546,interpolado
0.24036647329465888,0.0020109941909633037,interpolado
0.2404662932586517,0.0033136325471621974,interpolado
0.2405661132226445,0.004538788522613783,interpolado
0.24066593318663732,0.005632124312067267,interpolado
0.24076575315063006,0.006539302110271863,interpolado
0.2408655731146229,0.007205984111976634,interpolado
0.241,0.007628,original
0.24106521304260844,0.007605727232692635,interpolado
0.2411650330066013,0.007304242248953538,interpolado
0.24126485297059408,0.0067305345822001785,interpolado
0.24136467293458683,0.0059425410246484135,interpolado
0.24146449289857963,0.004998198368513414,interpolado
0.24156431286257246,0.003955443406010992,interpolado
0.24166413282656526,0.0028722129293567633,interpolado
0.24176395279055807,0.0018064437307663492,interpolado
0.24186377275455082,0.0008160726024556283,interpolado
0.242,-0.000309,original
0.24206341268253645,-0.0007102851672647324,interpolado
0.24216323264652928,-0.0011839529677668845,interpolado
0.24226305261052206,-0.0014865997759908752,interpolado
0.24236287257451483,-0.0016435314457811055,interpolado
0.24246269253850763,-0.0016800538309820867,interpolado
0.24256251250250047,-0.001621472785438184,interpolado
0.24266233246649324,-0.001493094162993826,interpolado
0.24276215243048604,-0.0013202238174934938,interpolado
0.24286197239447888,-0.0011281676027815142,interpolado
0.243,-0.000878,original
0.2430616123224644,-0.0007866268548947806,interpolado
0.24316143228645726,-0.0006702617932918688,interpolado
0.24326125225045006,-0.0005907860043923919,interpolado
0.24336107221444292,-0.0005455883798872254,interpolado
0.2434608921784357,-0.000532057811467315,interpolado
0.2435607121424285,-0.0005475831908235795,interpolado
0.24366053210642136,-0.0005895534096469378,interpolado
0.24376035207041413,-0.0006553573596282876,interpolado
0.24386017203440696,-0.0007423839324585846,interpolado
0.244,-0.000895,original
0.2440598119623926,-0.0009698475738462689,interpolado
0.24415963192638537,-0.001108244429854457,interpolado
0.24425945189037815,-0.0012657625008654885,interpolado
0.24435927185437095,-0.001445007683169053,interpolado
0.2444590918183637,-0.001648585873054712,interpolado
0.2445589117823565,-0.0018791029668120689,interpolado
0.2446587317463493,-0.002139164860730727,interpolado
0.24475855171034205,-0.0024313774511002025,interpolado
0.2448583716743349,-0.002758346634210261,interpolado
0.245,-0.003287,original
0.24505801160232052,-0.0035268210466663885,interpolado
0.2451578315663133,-0.003970684499381381,interpolado
0.24525765153030607,-0.0044521246675651195,interpolado
0.24535747149429887,-0.004968938667085944,interpolado
0.24545729145829165,-0.005518923613811802,interpolado
0.2455571114222845,-0.006099876623610768,interpolado
0.24565693138627728,-0.006709594812350741,interpolado
0.24575675135027006,-0.007345875295900138,interpolado
0.24585657131426286,-0.008006515190126864,interpolado
0.246,-0.008994,original
0.2460562112422485,-0.009391007023783374,interpolado
0.2461560312062413,-0.010090005911590361,interpolado
0.24625585117023407,-0.010749162023025229,interpolado
0.2463556711342269,-0.011330836660352712,interpolado
0.24645549109821968,-0.011797391125837744,interpolado
0.24655531106221248,-0.012111186721745262,interpolado
0.24665513102620526,-0.012234584750340198,interpolado
0.2467549509901981,-0.012129946513887558,interpolado
0.24685477095419087,-0.011759633314652216,interpolado
0.247,-0.010669,original
0.24705441088217647,-0.010074546460562137,interpolado
0.24715423084616928,-0.008749296960763564,interpolado
0.24725405081016205,-0.007186362227300874,interpolado
0.24735387077415483,-0.005463659613683849,interpolado
0.24745369073814766,-0.0036591064734219293,interpolado
0.24755351070214046,-0.001850620160024566,interpolado
0.2476533306661332,-0.00011611802700166893,interpolado
0.24775315063012604,0.0014664825721382956,interpolado
0.24785297059411882,0.0028192642838853867,interpolado
0.248,0.004229,original
0.24805261052210442,0.004526954025952056,interpolado
0.24815243048609725,0.004798627011458731,interpolado
0.24825225045009003,0.004732348674461113,interpolado
0.24835207041408286,0.004383489000667719,interpolado
0.24845189037807566,0.0038074179757871763,interpolado
0.24855171034206844,0.0030595055855283486,interpolado
0.24865153030606116,0.002195121815599442,interpolado
0.248751350270054,0.0012696366517092788,interpolado
0.24885117023404685,0.00033842007956649226,interpolado
0.249,-0.000941,original
0.24905081016203237,-0.0013212525405219405,interpolado
0.2491506301260252,-0.001975656487979815,interpolado
0.24925045009001792,-0.0025190178171824317,interpolado
0.2493502700540108,-0.002965353331593786,interpolado
0.2494500900180036,-0.003328679834677873,interpolado
0.2495499099819964,-0.0036230141298986126,interpolado
0.24964972994598925,-0.003862373020720221,interpolado
0.249749549909982,-0.00406077331060642,interpolado
0.24984936987397474,-0.004232231803021342,interpolado
0.2499491898379676,-0.004390765301429057,interpolado
0.25,-0.004471,original
0.2501488297659532,-0.004713211745577594,interpolado
0.250248649729946,-0.004873430822736301,interpolado
0.25034846969393876,-0.005023074352980969,interpolado
0.2504482896579316,-0.005154594243866902,interpolado
0.25054810962192436,-0.005260442402949185,interpolado
0.2506479295859172,-0.00533307073778316,interpolado
0.25074774954991,-0.005364931155923984,interpolado
0.2508475695139027,-0.0053484755649269335,interpolado
0.2509473894778956,-0.005276155872347193,interpolado
0.251,-0.005213,original
0.2511470294058812,-0.004944485634765186,interpolado
0.251246849369874,-0.004699422884648548,interpolado
0.25134666933386673,-0.004418234441037464,interpolado
0.25144648929785957,-0.004113563020365244,interpolado
0.2515463092618524,-0.003798051339065707,interpolado
0.2516461292258452,-0.0034843421135719987,interpolado
0.25174594918983795,-0.0031850780603179508,interpolado
0.2518457691538308,-0.0029129018957368695,interpolado
0.2519455891178236,-0.0026804563362621157,interpolado
0.252,-0.002575,original
0.2521452290458092,-0.0023728553693856073,interpolado
0.252245049009802,-0.002288013057504208,interpolado
0.25234486897379477,-0.002233819106529776,interpolado
0.2524446889377876,-0.0021986167211759684,interpolado
0.2525445089017804,-0.002170749106156494,interpolado
0.2526443288657732,-0.0021385594661849834,interpolado
0.252744148829766,-0.002090391005975142,interpolado
0.25284396879375876,-0.0020145869302406272,interpolado
0.25294378875775153,-0.0018994904436950384,interpolado
0.253,-0.001813,original
0.25314342868573714,-0.0015143739306419845,interpolado
0.25324324864972997,-0.0012486142251407512,interpolado
0.25334306861372274,-0.0009441557516469406,interpolado
0.2534428885777156,-0.000608719339181323,interpolado
0.25354270854170835,-0.0002500258167653736,interpolado
0.2536425285057011,0.0001242039865799879,interpolado
0.25374234846969396,0.0005062492418338748,interpolado
0.25384216843368673,0.0008883891199747608,interpolado
0.25394198839767956,0.001262902791981962,interpolado
0.254,0.001474,original
0.2541416283256651,0.001958101640201807,interpolado
0.2542414482896579,0.002263148486126737,interpolado
0.2543412682536507,0.002529347603538236,interpolado
0.2544410882176435,0.002748838341591806,interpolado
0.2545409081816364,0.00291376004944242,interpolado
0.25464072814562905,0.003016252076245428,interpolado
0.25474054810962193,0.00304845377115605,interpolado
0.2548403680736147,0.0030025044833294615,interpolado
0.25494018803760754,0.0028705435619208216,interpolado
0.255,0.002747,original
0.2551398279655931,0.002331152238047764,interpolado
0.255239647929586,0.0019505050514683395,interpolado
0.25533946789357875,0.001525813502280879,interpolado
0.25543928785757153,0.001079794174449893,interpolado
0.2555391078215643,0.0006351636519408418,interpolado
0.25563892778555714,0.00021463851871843421,interpolado
0.2557387477495499,-0.00015906464125256498,interpolado
0.25583856771354274,-0.0004632292440067769,interpolado
0.2559383876775355,-0.0006751387055795577,interpolado
0.256,-0.00075,original
0.25613802760552107,-0.0007429538925251719,interpolado
0.2562378475695139,-0.0005896686520849184,interpolado
0.25633766753350673,-0.0003161390795900831,interpolado
0.25643748749749956,7.396310333302695e-05,interpolado
0.25653730746149234,0.0005769661750573701,interpolado
0.2566371274254851,0.0011891984139565243,interpolado
0.25673694738947794,0.0019069880984043104,interpolado
0.25683676735347066,0.0027266635067733232,interpolado
0.2569365873174635,0.003644552917437862,interpolado
0.257,0.004277,original
0.25713622724544904,0.005736443802010667,interpolado
0.25723604720944193,0.006826746556543258,interpolado
0.2573358671734347,0.007867483507090147,interpolado
0.2574356871374275,0.008798700417646974,interpolado
0.25753550710142026,0.009560443052207226,interpolado
0.25763532706541303,0.010092757174766022,interpolado
0.25773514702940586,0.010335688549317953,interpolado
0.25783496699339864,0.010229282939857285,interpolado
0.25793478695739147,0.009713586110378371,interpolado
0.258,0.009127,original
0.258134426885377,0.007286133189557351,interpolado
0.25823424684936985,0.005490229282347449,interpolado
0.2583340668133627,0.0034581739013877975,interpolado
0.25843388677735546,0.0013059866693006907,interpolado
0.2585337067413483,-0.0008503127912918541,interpolado
0.25863352670534107,-0.002894704857764182,interpolado
0.25873334666933395,-0.0047111699074952286,interpolado
0.2588331666333267,-0.006183688317859724,interpolado
0.2589329865973195,-0.007196240466235552,interpolado
0.259,-0.00756,original
0.25913262652530505,-0.007460381761493859,interpolado
0.25923244648929794,-0.006760823924155677,interpolado
0.25933226645329066,-0.005631726307582531,interpolado
0.25943208641728344,-0.004169425555631048,interpolado
0.25953190638127627,-0.0024702583121571134,interpolado
0.259631726345269,-0.0006305612210195329,interpolado
0.2597315463092619,0.001253329073926741,interpolado
0.2598313662732546,0.0030850759288226924,interpolado
0.2599311862372474,0.004768342699812489,interpolado
0.26,0.005792,original
0.260130826165233,0.007348821618171348,interpolado
0.2602306461292258,0.00820901393797435,interpolado
0.26033046609321864,0.008810846038267288,interpolado
0.26043028605721136,0.0091771987543545,interpolado
0.2605301060212042,0.009330952921539813,interpolado
0.26062992598519696,0.009294989375126857,interpolado
0.2607297459491898,0.009092188950419413,interpolado
0.2608295659131826,0.008745432482721508,interpolado
0.2609293858771754,0.008277600807336865,interpolado
0.261,0.007886,original
0.261129025805161,0.007068174022280721,interpolado
0.26122884576915384,0.006364962591464451,interpolado
0.26132866573314667,0.005619070968697513,interpolado
0.2614284856971395,0.004847653560599522,interpolado
0.2615283056611323,0.004067864773790033,interpolado
0.26162812562512505,0.003296859014889913,interpolado
0.2617279455891179,0.0025517906905183187,interpolado
0.26182776555311066,0.0018498142072960733,interpolado
0.2619275855171034,0.0012080839718427473,interpolado
0.262,0.00079,original
0.26212722544508904,0.00016784318209489294,interpolado
0.2622270454090819,-0.00021896308150002043,interpolado
0.2623268653730747,-0.0005173547646899635,interpolado
0.2624266853370675,-0.0007279608948888708,interpolado
0.26252650530106025,-0.0008514104995104813,interpolado
0.26262632526505303,-0.0008883326059683535,interpolado
0.26272614522904586,-0.0008393562416762236,interpolado
0.26282596519303864,-0.000705110434047841,interpolado
0.2629257851570314,-0.0004862242104968972,interpolado
0.263,-0.000269,original
0.2631254250850171,0.0001925105756021076,interpolado
0.2632252450490099,0.0006115042179481589,interpolado
0.2633250650130026,0.0010413524497099554,interpolado
0.26342488497699534,0.0014498422392919298,interpolado
0.2635247049409882,0.0018047605550984677,interpolado
0.263624524904981,0.0020738943655333694,interpolado
0.26372434486897384,0.002225030639001104,interpolado
0.2638241648329666,0.0022259563439056967,interpolado
0.26392398479695933,0.0020444584486514774,interpolado
0.264,0.001764,original
0.26412362472494494,0.0010322086088572452,interpolado
0.26422344468893777,0.00024194413994935786,interpolado
0.26432326465293055,-0.0006696240471706735,interpolado
0.2644230846169234,-0.0016498423483260335,interpolado
0.26452290458091615,-0.0026460571593419635,interpolado
0.2646227245449089,-0.003605614876041557,interpolado
0.26472254450890176,-0.004475861894249588,interpolado
0.2648223644728946,-0.005204144609790627,interpolado
0.2649221844368873,-0.005737809418488065,interpolado
0.265,-0.005985,original
0.26512182436487297,-0.006040399951413922,interpolado
0.2652216443288658,-0.005823599704586413,interpolado
0.26532146429285863,-0.005419449105511984,interpolado
0.26542128425685135,-0.004873420094851523,interpolado
0.2655211042208442,-0.004230984613264897,interpolado
0.265620924184837,-0.0035376146014132583,interpolado
0.2657207441488297,-0.00283878199995669,interpolado
0.2658205641128226,-0.0021799587495552664,interpolado
0.2659203840768154,-0.0016066167908701551,interpolado
0.266,-0.001241,original
0.266120024004801,-0.0008768961735594688,interpolado
0.2662198439687938,-0.0007228843636285427,interpolado
0.26631966393278655,-0.0006738113171688972,interpolado
0.26641948389677933,-0.0007013976416724085,interpolado
0.2665193038607722,-0.0007773639446309085,interpolado
0.26661912382476494,-0.0008734308335361341,interpolado
0.2667189437887577,-0.0009613189158799519,interpolado
0.26681876375275054,-0.0010127487991542093,interpolado
0.2669185837167433,-0.0009994410908506705,interpolado
0.267,-0.000921,original
0.267118223644729,-0.0006845774231687391,interpolado
0.2672180436087217,-0.0004080119767310765,interpolado
0.2673178635727146,-0.00010412807887387288,interpolado
0.2674176835367073,0.00018643823319937415,interpolado
0.2675175035007002,0.00042305092228579565,interpolado
0.26761732346469297,0.0005650739511819679,interpolado
0.26771714342868574,0.0005718712826848983,interpolado
0.2678169633926786,0.0004028068795912938,interpolado
0.2679167833566714,1.7244704698182647e-05,interpolado
0.268,-0.000499,original
0.26811642328465696,-0.001533963038547165,interpolado
0.26821624324864973,-0.00264003391493582,interpolado
0.2683160632126425,-0.003863367428789597,interpolado
0.26841588317663534,-0.005123759781703689,interpolado
0.26851570314062817,-0.006341007175275982,interpolado
0.26861552310462095,-0.007434905811101677,interpolado
0.2687153430686137,-0.008325251890778049,interpolado
0.26881516303260655,-0.008931841615901935,interpolado
0.2689149829965994,-0.009174471188069211,interpolado
0.269,-0.009034,original
0.2691146229245849,-0.008290983826592758,interpolado
0.26921444288857765,-0.007204347847286815,interpolado
0.26931426285257054,-0.005807076147776285,interpolado
0.2694140828165633,-0.00419312134155924,interpolado
0.2695139027805562,-0.002456436042130468,interpolado
0.269613722744549,-0.0006909728629884136,interpolado
0.26971354270854175,0.0010093155823713926,interpolado
0.26981336267253453,0.002550476680453273,interpolado
0.26991318263652736,0.003838557817759003,interpolado
0.27,0.00468,original
0.27011282256451297,0.005314547835435081,interpolado
0.27021264252850574,0.005478310470034066,interpolado
0.2703124624924986,0.005321928345913764,interpolado
0.27041228245649135,0.00489638213496357,interpolado
0.270512102420484,0.004252652509072669,interpolado
0.27061192238447684,0.003441720140129771,interpolado
0.2707117423484696,0.0025145657000249892,interpolado
0.27081156231246245,0.0015221698606465456,interpolado
0.2709113822764553,0.0005155132938847597,interpolado
0.271,-0.000349,original
0.27111102220444083,-0.0013474735695365584,interpolado
0.27121084216843366,-0.002154283429909648,interpolado
0.27131066213242644,-0.0028710429076674823,interpolado
0.27141048209641927,-0.003493930891831909,interpolado
0.271510302060412,-0.004019126271425998,interpolado
0.2716101220244048,-0.0044428079354726,interpolado
0.27170994198839765,-0.004761154772993895,interpolado
0.2718097619523905,-0.004970345673012873,interpolado
0.27190958191638326,-0.005066559524551945,interpolado
0.272,-0.005053,original
0.27210922184436886,-0.004908958487715031,interpolado
0.2722090418083617,-0.004668481069977995,interpolado
0.27230886177235447,-0.004339900712048824,interpolado
0.2724086817363473,-0.003938572491990179,interpolado
0.2725085017003401,-0.0034798514878641813,interpolado
0.27260832166433285,-0.00297909277773283,interpolado
0.27270814162832563,-0.0024516514396589724,interpolado
0.27280796159231846,-0.0019128825517043247,interpolado
0.2729077815563113,-0.0013781411919317776,interpolado
0.273,-0.000901,original
0.2731074214842969,-0.00037914925239430317,interpolado
0.2732072414482896,6.999552804685853e-05,interpolado
0.2733070614122825,0.00048379902187928417,interpolado
0.2734068813762753,0.0008614072807286188,interpolado
0.27350670134026805,0.0012019663562212062,interpolado
0.2736065213042609,0.00150462229998331,interpolado
0.27370634126825366,0.001768521163640697,interpolado
0.2738061612322465,0.001992808998819765,interpolado
0.27390598119623927,0.00217663185714637,interpolado
0.274,0.002312,original
0.2741056211242249,0.002420433675937257,interpolado
0.27420544108821765,0.002483885809837646,interpolado
0.2743052610522105,0.002513535058988696,interpolado
0.2744050810162033,0.002513424130239153,interpolado
0.27450490098019603,0.002487595730437816,interpolado
0.2746047209441888,0.0024400925664334293,interpolado
0.2747045409081816,0.002374957345074822,interpolado
0.2748043608721744,0.0022962327732107012,interpolado
0.27490418083616724,0.0022079615576899325,interpolado
0.275,0.002118,original
0.2751038207641528,0.0020220183824450513,interpolado
0.2752036407281456,0.0019494502615615978,interpolado
0.27530346069213846,0.0019168877031138971,interpolado
0.2754032806561312,0.001944736191917343,interpolado
0.27550310062012395,0.002053401212787252,interpolado
0.27560292058411684,0.0022632882505391207,interpolado
0.2757027405481096,0.0025948027899880734,interpolado
0.27580256051210245,0.0030683503159495444,interpolado
0.2759023804760952,0.0037043363132392816,interpolado
0.276,0.004503,original
0.27610202040408083,0.005532904705234851,interpolado
0.27620184036807366,0.006695412141671595,interpolado
0.2763016603320664,0.007961736800085066,interpolado
0.2764014802960592,0.00928292702840568,interpolado
0.27650130026005204,0.010610031174561625,interpolado
0.27660112022404487,0.011894097586483977,interpolado
0.27670094018803765,0.013086174612100966,interpolado
0.2768007601520304,0.014137310599342996,interpolado
0.27690058011602325,0.014998553896140146,interpolado
0.277,0.015619,original
0.27710022004400886,0.015968637605103832,interpolado
0.2772000400080016,0.016057440060253534,interpolado
0.27729985997199436,0.015915963072875766,interpolado
0.27739967993598724,0.015572809499143367,interpolado
0.27749949989998,0.015056582195229769,interpolado
0.27759931986397285,0.01439588401730749,interpolado
0.27769913982796557,0.013619317821550337,interpolado
0.27779895979195834,0.012755486464131032,interpolado
0.2778987797559512,0.011832992801222108,interpolado
0.278,0.010867,original
0.2780984196839368,0.009924947466487883,interpolado
0.27819823964792956,0.008987451486606925,interpolado
0.27829805961192233,0.008087274410508572,interpolado
0.27839787957591516,0.007243738895076977,interpolado
0.27849769953990794,0.0064761675971976955,interpolado
0.2785975195039008,0.005803883173754504,interpolado
0.27869733946789355,0.005246208281632759,interpolado
0.2787971594318864,0.004822465577716668,interpolado
0.27889697939587926,0.0045519777188907295,interpolado
0.279,0.004454,original
0.2790966193238648,0.00453875381406952,interpolado
0.2791964392878576,0.00477508316344041,interpolado
0.2792962592518504,0.0051208251743195005,interpolado
0.2793960792158432,0.005533749272686224,interpolado
0.2794958991798359,0.005971624884519291,interpolado
0.27959571914382875,0.006392221435798333,interpolado
0.27969553910782163,0.006753308352502056,interpolado
0.27979535907181435,0.0070126550606098865,interpolado
0.2798951790358072,0.007128030986101042,interpolado
0.28,0.007048,original
0.28009481896379285,0.006769432421374424,interpolado
0.2801946389277856,0.006287364016113078,interpolado
0.28029445889177834,0.005649161347027946,interpolado
0.28039427885577123,0.004892987106925322,interpolado
0.28049409881976406,0.0040570039886127915,interpolado
0.2805939187837569,0.0031793746848962183,interpolado
0.28069373874774967,0.0022982618885833226,interpolado
0.2807935587117424,0.0014518282924803646,interpolado
0.2808933786757353,0.0006782365893936773,interpolado
0.281,-2.45e-05,original
0.2810930186037209,-0.0005048968603375926,interpolado
0.2811928385677137,-0.0008873564953416865,interpolado
0.2812926585317065,-0.0011464048221754622,interpolado
0.2813924784956993,-0.0012967200159585371,interpolado
0.28149229845969204,-0.001352980251810061,interpolado
0.28159211842368476,-0.0013298637048494595,interpolado
0.2816919383876776,-0.00124204855019598,interpolado
0.2817917583516704,-0.001104212962969038,interpolado
0.2818915783156632,-0.0009310351182878096,interpolado
0.282,-0.00072,original
0.28209121824364874,-0.0005360335370565336,interpolado
0.2821910382076416,-0.00033399599810498485,interpolado
0.28229085817163435,-0.00013528848710231964,interpolado
0.2823906781356271,5.5882200017784634e-05,interpolado
0.28249049809961985,0.0002353092673212206,interpolado
0.2825903180636126,0.000398785918874204,interpolado
0.2826901380276055,0.0005421053587429147,interpolado
0.28278995799159823,0.0006610607909932988,interpolado
0.2828897779555911,0.0007514454196915904,interpolado
0.283,0.000813,original
0.2830894178835766,0.0008295948580977593,interpolado
0.2831892378475695,0.0008083460966245291,interpolado
0.2832890578115623,0.0007404298602731425,interpolado
0.2833888777755551,0.0006209697185349627,interpolado
0.2834886977395479,0.0004450892409015632,interpolado
0.28358851770354077,0.00020791199686433643,interpolado
0.2836883376675336,-9.543844408546186e-05,interpolado
0.28378815763152637,-0.0004698385124560534,interpolado
0.2838879775955192,-0.0009201646387564166,interpolado
0.284,-0.001522,original
0.2840876175235047,-0.0020644977692239356,interpolado
0.2841874374874976,-0.0027401890077912543,interpolado
0.28428725745149036,-0.0034512864929994833,interpolado
0.2843870774154831,-0.0041707000159471675,interpolado
0.28448689737947597,-0.004871339367731283,interpolado
0.2845867173434687,-0.0055261143394500145,interpolado
0.2846865373074616,-0.006107934722201451,interpolado
0.28478635727145435,-0.006589710307082717,interpolado
0.28488617723544707,-0.006944350885192101,interpolado
0.285,-0.007159,original
0.2850858171634327,-0.0071698521850753925,interpolado
0.28518563712742545,-0.007035151575620452,interpolado
0.2852854570914183,-0.0067700702277172795,interpolado
0.2853852770554111,-0.006404039954944392,interpolado
0.2854850970194039,-0.005966492570880996,interpolado
0.28558491698339666,-0.005486859889105694,interpolado
0.2856847369473895,-0.004994573723196994,interpolado
0.2857845569113824,-0.004519065886734242,interpolado
0.28588437687537516,-0.004089768193295724,interpolado
0.286,-0.003689,original
0.2860840168033607,-0.0034832830251661285,interpolado
0.2861838367673535,-0.0033289573422116622,interpolado
0.28628365673134626,-0.0032598554604823314,interpolado
0.2863834766953391,-0.0032626691669396775,interpolado
0.28648329665933187,-0.003324090248545325,interpolado
0.28658311662332464,-0.003430810492260891,interpolado
0.28668293658731747,-0.003569521685048092,interpolado
0.2867827565513102,-0.0037269156138684018,interpolado
0.2868825765153029,-0.003889684065683523,interpolado
0.287,-0.00407,original
0.2870822164432886,-0.004180129265586652,interpolado
0.2871820364072814,-0.004299053684455076,interpolado
0.2872818563712742,-0.004409629035694028,interpolado
0.287381676335267,-0.004520212074949929,interpolado
0.28748149629925984,-0.004639159557869197,interpolado
0.2875813162632526,-0.004774828240098058,interpolado
0.28768113622724545,-0.004935574877283021,interpolado
0.28778095619123817,-0.005129756225070261,interpolado
0.287880776155231,-0.005365729039106213,interpolado
0.288,-0.005714,original
0.2880804160832166,-0.005992942142100733,interpolado
0.28818023604720944,-0.00636817546286861,interpolado
0.28828005601120227,-0.006745402347952046,interpolado
0.288379875975195,-0.0070924254605063105,interpolado
0.2884796959391879,-0.007377047463686613,interpolado
0.2885795159031807,-0.007567071020647697,interpolado
0.2886793358671735,-0.0076302987945448,interpolado
0.28877915583116626,-0.007534533448532917,interpolado
0.2888789757951591,-0.0072475776457671896,interpolado
0.289,-0.006597,original
0.28907861572314464,-0.005978835580307405,interpolado
0.2891784356871374,-0.005005643599608436,interpolado
0.2892782556511302,-0.003877800946342154,interpolado
0.289378075615123,-0.0026555982171287107,interpolado
0.2894778955791158,-0.001399326008588045,interpolado
0.28957771554310857,-0.00016927491734221466,interpolado
0.2896775355071014,0.0009742644599894384,interpolado
0.2897773554710942,0.0019710015267849807,interpolado
0.28987717543508695,0.0027606456864244424,interpolado
0.29,0.003359,original
0.2900768153630725,0.0034858918333586656,interpolado
0.2901766353270653,0.0033862351989860573,interpolado
0.29027645529105817,0.003034002002168254,interpolado
0.29037627525505094,0.002479483398114211,interpolado
0.2904760952190438,0.0017729705420324354,interpolado
0.2905759151830366,0.0009647545891326652,interpolado
0.29067573514702943,0.00010512669462299558,interpolado
0.29077555511102215,-0.0007556219862866638,interpolado
0.290875375075015,-0.00156720029838785,interpolado
0.291,-0.002435,original
0.29107501500300054,-0.0028461766784966002,interpolado
0.2911748349669934,-0.00326091517633649,interpolado
0.29127465493098614,-0.0035366318022631038,interpolado
0.2913744748949789,-0.0036865883138227666,interpolado
0.2914742948589718,-0.0037240464685615315,interpolado
0.2915741148229645,-0.0036622680240254164,interpolado
0.29167393478695736,-0.003514514737760426,interpolado
0.29177375475095013,-0.003294048367312789,interpolado
0.2918735747149429,-0.0030141306702285006,interpolado
0.292,-0.002595,original
0.29207321464292846,-0.002329040728878501,interpolado
0.2921730346069213,-0.0019509789577947872,interpolado
0.2922728545709142,-0.0015678941570434228,interpolado
0.2923726745349069,-0.0011938449074367237,interpolado
0.2924724944988997,-0.0008428897897870243,interpolado
0.29257231446289256,-0.0005290873849072426,interpolado
0.29267213442688533,-0.00026649627360969563,interpolado
0.29277195439087816,-6.91750367068159e-05,interpolado
0.292871774354871,4.881774498864997e-05,interpolado
0.293,6.14e-05,original
0.2930714142828566,-6.437825107668634e-06,interpolado
0.2931712342468493,-0.00017270012967106698,interpolado
0.2932710542108422,-0.0003908056139844236,interpolado
0.29337087417483493,-0.0006260090273704546,interpolado
0.29347069413882776,-0.0008435651191523515,interpolado
0.29357051410282053,-0.0010087286386528302,interpolado
0.29367033406681337,-0.0010867543351949932,interpolado
0.2937701540308062,-0.0010428969581017483,interpolado
0.29386997399479897,-0.000842411256696101,interpolado
0.294,-0.000289,original
0.2940696139227845,0.00016338853575687502,interpolado
0.2941694338867773,0.0009880533827866633,interpolado
0.29426925385077013,0.0019870948487809383,interpolado
0.29436907381476296,0.0031238353729395236,interpolado
0.29446889377875574,0.004361597394464588,interpolado
0.29456871374274857,0.005663703352555689,interpolado
0.2946685337067414,0.006993475686414439,interpolado
0.2947683536707342,0.008314236835242511,interpolado
0.29486817363472695,0.009589309238239373,interpolado
0.295,0.011141,original
0.29506781356271256,0.01185686997872878,interpolado
0.29516763352670533,0.012791630302881891,interpolado
0.29526745349069816,0.01357231157292743,interpolado
0.2953672734546909,0.014185054423202042,interpolado
0.29546709341868377,0.014615999488043905,interpolado
0.29556691338267654,0.014851287401790052,interpolado
0.2956667333466692,0.01487705879877829,interpolado
0.2957665533106621,0.01467945431334596,interpolado
0.29586637327465487,0.014244614579830794,interpolado
0.296,0.013267,original
0.2960660132026405,0.012610531988910214,interpolado
0.29616583316663325,0.011421529801570565,interpolado
0.2962656531306261,0.010034288987530664,interpolado
0.29636547309461886,0.008491792892749187,interpolado
0.29646529305861175,0.006837024863181591,interpolado
0.2965651130226046,0.0051129682447868426,interpolado
0.29666493298659724,0.00336260638352117,interpolado
0.29676475295059007,0.0016289226253407376,interpolado
0.2968645729145829,-4.5099683795393405e-05,interpolado
0.297,-0.002144,original
0.2970642128425685,-0.003043222682291928,interpolado
0.2971640328065613,-0.004295969281318463,interpolado
0.29726385277055406,-0.0053540153166632435,interpolado
0.2973636727345469,-0.00619682895496013,interpolado
0.2974634926985397,-0.0068038783628450745,interpolado
0.2975633126625325,-0.00715463170695244,interpolado
0.2976631326265253,-0.007228557153917675,interpolado
0.29776295259051805,-0.007005122870375609,interpolado
0.2978627725545109,-0.00646379702296153,interpolado
0.298,-0.005163,original
0.2980624124824965,-0.004349940229424895,interpolado
0.2981622324464892,-0.002807887596375381,interpolado
0.2982620524104821,-0.0010492066194771584,interpolado
0.2983618723744748,0.0008337962039439878,interpolado
0.29846169233846753,0.002748814376565175,interpolado
0.2985615123024605,0.004603541401063598,interpolado
0.29866133226645325,0.006305670780113352,interpolado
0.29876115223044614,0.00776289601639241,interpolado
0.29886097219443886,0.008882910612575318,interpolado
0.299,0.009707,original
0.2990606121224245,0.009748867696595415,interpolado
0.29916043208641724,0.009422459109722633,interpolado
0.29926025205041007,0.008681894472372423,interpolado
0.2993600720144028,0.007616722659887468,interpolado
0.2994598919783957,0.0063164925476093025,interpolado
0.29955971194238845,0.004870753010878922,interpolado
0.2996595319063812,0.003369052925039808,interpolado
0.29975935187037406,0.0019009411654322332,interpolado
0.29985917183436683,0.0005559666073996959,interpolado
0.3,-0.000959,original
0.3000588117623524,-0.001411068038223554,interpolado
0.30015863172634527,-0.0019367312729303924,interpolado
0.3002584516903381,-0.0021998381550536105,interpolado
0.3003582716543308,-0.00224850613816478,interpolado
0.30045809161832365,-0.002130852675835957,interpolado
0.3005579115823165,-0.0018949952216388267,interpolado
0.3006577315463093,-0.0015890512291455163,interpolado
0.3007575515103021,-0.001261138151927584,interpolado
0.3008573714742948,-0.0009593734435572577,interpolado
0.301,-0.000669,original
0.30105701140228047,-0.0006242329706133991,interpolado
0.30115683136627325,-0.0006395613523412356,interpolado
0.3012566513302661,-0.0007456983919265065,interpolado
0.30135647129425885,-0.0009094133884595051,interpolado
0.30145629125825163,-0.0010974756410306937,interpolado
0.3015561112222444,-0.0012766544487305877,interpolado
0.30165593118623724,-0.0014137191106493993,interpolado
0.30175575115023,-0.0014754389258776657,interpolado
0.3018555711142228,-0.0014285831935057288,interpolado
0.302,-0.001101,original
0.3020552110422084,-0.0008785140428936542,interpolado
0.30215503100620117,-0.0003549953093283779,interpolado
0.30225485097019394,0.0002838111145059717,interpolado
0.3023546709341868,0.0009898725491003144,interpolado
0.30245449089817955,0.0017151563149466287,interpolado
0.3025543108621723,0.0024116297325369337,interpolado
0.30265413082616516,0.0030312601223620897,interpolado
0.30275395079015793,0.003526014804914375,interpolado
0.30285377075415076,0.0038478611006848703,interpolado
0.303,0.003907,original
0.30305341068213637,0.0037832564335283417,interpolado
0.3031532306461292,0.0033560397476131497,interpolado
0.30325305061012203,0.0027176182156428462,interpolado
0.3033528705741147,0.0019201723371193532,interpolado
0.3034526905381076,0.0010158826115435615,interpolado
0.30355251050210047,5.692953841612143e-05,interpolado
0.30365233046609313,-0.0009045063827606882,interpolado
0.303752150430086,-0.001816244652486684,interpolado
0.3038519703940788,-0.002626104771259639,interpolado
0.304,-0.003528,original
0.3040516103220644,-0.0037329940160083877,interpolado
0.3041514302860572,-0.003961143869419286,interpolado
0.30425125025005,-0.003979152695504737,interpolado
0.30435107021404284,-0.003801060736763763,interpolado
0.3044508901780356,-0.003440908235695747,interpolado
0.30455071014202845,-0.002912735434799479,interpolado
0.3046505301060213,-0.002230582576574729,interpolado
0.304750350070014,-0.0014084899035204214,interpolado
0.30485017003400683,-0.0004604976581351755,interpolado
0.30494998999799966,0.0005993539170807759,interpolado
0.305,0.001168,original
0.30514962992598527,0.00297558878403274,interpolado
0.30524944988997793,0.004203626710237725,interpolado
0.3053492698539709,0.005385487281716344,interpolado
0.3054490898179636,0.006466363630814779,interpolado
0.3055489097819565,0.007391448889881682,interpolado
0.3056487297459492,0.008105936191263522,interpolado
0.30574854970994203,0.008555018667308381,interpolado
0.30584836967393486,0.008683889450363752,interpolado
0.3059481896379276,0.008437741672776982,interpolado
0.306,0.008144,original
0.30614782956591324,0.006684188506469607,interpolado
0.306247649529906,0.005291455852561451,interpolado
0.3063474694938988,0.0036849742992140035,interpolado
0.3064472894578916,0.001963303754846827,interpolado
0.3065471094218844,0.00022500412787586105,interpolado
0.3066469293858771,-0.001431364673279182,interpolado
0.30674674934986995,-0.00290724274020154,interpolado
0.3068465693138627,-0.0041040701644740486,interpolado
0.30694638927785556,-0.004923287037677601,interpolado
0.307,-0.005173,original
0.30714602920584116,-0.005131518300523179,interpolado
0.30724584916983394,-0.004591918968977346,interpolado
0.30734566913382677,-0.003737683514454368,interpolado
0.30744548909781955,-0.0026558906101644174,interpolado
0.3075453090618124,-0.0014336189293155843,interpolado
0.3076451290258052,-0.00015794714511844186,interpolado
0.3077449489897978,0.0010840460692184712,interpolado
0.30784476895379076,0.0022052820404865475,interpolado
0.30794458891778353,0.003118682095475317,interpolado
0.308,0.003504,original
0.3081442288457691,0.004040734735378338,interpolado
0.30824404880976186,0.004066043240119208,interpolado
0.3083438687737547,0.003861388306320049,interpolado
0.30844368873774747,0.0034731071608679626,interpolado
0.30854350870174035,0.0029475370306494266,interpolado
0.3086433286657331,0.002331015142551901,interpolado
0.30874314862972585,0.001669878723461979,interpolado
0.3088429685937187,0.0010104650002661598,interpolado
0.30894278855771146,0.0003991111998520488,interpolado
0.309,8.83e-05,original
0.30914242848569706,-0.0005250547029922678,interpolado
0.3092422484496899,-0.0008356839269679729,interpolado
0.30934206841368267,-0.0010682273049483935,interpolado
0.3094418883776755,-0.001240349401278746,interpolado
0.30954170834166833,-0.0013697147803046455,interpolado
0.30964152830566116,-0.0014739880063716114,interpolado
0.3097413482696539,-0.0015708336438250022,interpolado
0.3098411682336467,-0.0016779162570104123,interpolado
0.3099409881976395,-0.001812900410273197,interpolado
0.31,-0.001913,original
0.3101406281256252,-0.002220357465760629,interpolado
0.3102404480896179,-0.002477560920346688,interpolado
0.31034026805361076,-0.002746104954054909,interpolado
0.3104400880176035,-0.003007445820123716,interpolado
0.31053990798159625,-0.003243039771791986,interpolado
0.31063972794558903,-0.0034343430622985386,interpolado
0.3107395479095818,-0.003562811944881886,interpolado
0.3108393678735747,-0.0036099026727808774,interpolado
0.3109391878375674,-0.0035570714992341802,interpolado
0.311,-0.003468,original
0.31113882776555307,-0.003098982637101708,interpolado
0.31123864772954585,-0.0027228958857016725,interpolado
0.3113384676935387,-0.002287432235153247,interpolado
0.3114382876575315,-0.0018220322427039911,interpolado
0.31153810762152423,-0.0013561364656007344,interpolado
0.31163792758551706,-0.000919185461090309,interpolado
0.3117377475495099,-0.0005406197864202734,interpolado
0.31183756751350267,-0.0002498799988373025,interpolado
0.3119373874774955,-7.64066555887931e-05,interpolado
0.312,-4.06e-05,original
0.31213702740548105,-0.0001717611587137449,interpolado
0.3122368473694739,-0.00041321922225731286,interpolado
0.31233666733346666,-0.0007396807940060486,interpolado
0.31243648729745943,-0.0011173579198944367,interpolado
0.3125363072614522,-0.0015124626458574994,interpolado
0.31263612722544504,-0.0018912070178302978,interpolado
0.3127359471894378,-0.0022198030817472576,interpolado
0.3128357671534307,-0.0024644628835435657,interpolado
0.3129355871174234,-0.0025913984691537956,interpolado
0.313,-0.002595,original
0.313135227045409,-0.002377523147196821,interpolado
0.31323504700940186,-0.0020360431534023637,interpolado
0.31333486697339463,-0.0015586243255770388,interpolado
0.3134346869373874,-0.0009611396986005262,interpolado
0.3135345069013803,-0.0002594623073517375,interpolado
0.31363432686537307,0.0005305348132906465,interpolado
0.31373414682936585,0.0013929786284465986,interpolado
0.3138339667933587,0.0023119961032379175,interpolado
0.31393378675735145,0.003271714202784434,interpolado
0.314,0.003923,original
0.31413342668533706,0.005249619941572834,interpolado
0.3142332466493299,0.006235592954578517,interpolado
0.31433306661332266,0.007197951440974912,interpolado
0.31443288657731544,0.008120470150690883,interpolado
0.3145327065413082,0.008986923833656912,interpolado
0.31463252650530105,0.009781087239803346,interpolado
0.31473234646929377,0.010486735119059237,interpolado
0.3148321664332866,0.011087642221355285,interpolado
0.3149319863972794,0.011567583296620752,interpolado
0.315,0.011817,original
0.31513162632526504,0.012102809291534537,interpolado
0.31523144628925787,0.012136444493568464,interpolado
0.31533126625325064,0.012003282292790596,interpolado
0.3154310862172434,0.011695321935781326,interpolado
0.31553090618123625,0.011204562669121612,interpolado
0.31563072614522897,0.010523003739391523,interpolado
0.31573054610922185,0.009642644393172433,interpolado
0.31583036607321463,0.008555483877044632,interpolado
0.31593018603720746,0.007253521437587957,interpolado
0.316,0.006211,original
0.3161298259651931,0.00400664364567175,interpolado
0.3162296459291859,0.002163982181450662,interpolado
0.3163294658931787,0.00028442546467420595,interpolado
0.31642928585717145,-0.0015487860276418887,interpolado
0.3165291058211642,-0.0032524118184788227,interpolado
0.3166289257851571,-0.004743211430821665,interpolado
0.31672874574914983,-0.005937944387652003,interpolado
0.3168285657131426,-0.006753370211954004,interpolado
0.31692838567713544,-0.0071062484267110015,interpolado
0.317,-0.007028,original
0.31712802560512104,-0.006158692769642435,interpolado
0.31722784556911376,-0.004936506652331167,interpolado
0.31732766553310654,-0.0033556322860180295,interpolado
0.31742748549709937,-0.0015242021638664522,interpolado
0.31752730546109215,0.00044965122095697724,interpolado
0.31762712542508503,0.002457795375289825,interpolado
0.31772694538907775,0.004392097805965312,interpolado
0.31782676535307053,0.006144426019820053,interpolado
0.31792658531706336,0.007606647523690262,interpolado
0.318,0.008434,original
0.31812622524504897,0.009284405562827832,interpolado
0.3182260452090418,0.00949390947429204,interpolado
0.3183258651730345,0.009358183317114408,interpolado
0.3184256851370274,0.008935754686967924,interpolado
0.3185255051010202,0.00828515117952638,interpolado
0.3186253250650129,0.00746490039046241,interpolado
0.3187251450290058,0.006533529915450251,interpolado
0.31882496499299856,0.005549567350162777,interpolado
0.3189247849569914,0.004571540290272753,interpolado
0.319,0.003874,original
0.31912442488497705,0.0028466191630473724,interpolado
0.31922424484896983,0.0021366810827399196,interpolado
0.3193240648129626,0.0015221403764470514,interpolado
0.31942388477695544,0.000997136050614127,interpolado
0.3195237047409482,0.0005558071116873492,interpolado
0.3196235247049411,0.0001922925661118461,interpolado
0.3197233446689338,-9.92685796663574e-05,interpolado
0.3198231646329266,-0.0003247373192018594,interpolado
0.3199229845969194,-0.0004899746460491117,interpolado
0.32,-0.00058,original
0.3201226245249051,-0.000662621604730971,interpolado
0.3202224444888978,-0.0006794611504951755,interpolado
0.3203222644528905,-0.000655348632565086,interpolado
0.32042208441688336,-0.0005942762063776657,interpolado
0.32052190438087613,-0.0005002360273699906,interpolado
0.320621724344869,-0.0003772202509789683,interpolado
0.32072154430886174,-0.00022922103264174344,interpolado
0.32082136427285446,-6.023052779526188e-05,interpolado
0.32092118423684735,0.00012575910812357685,interpolado
0.321,0.000282,original
0.32112082416483284,0.0005307227739591692,interpolado
0.3212206441288257,0.0007333510341893867,interpolado
0.3213204640928185,0.0009217208374039301,interpolado
0.32142028405681144,0.0010849232609823562,interpolado
0.3215201040208041,0.001212049382303839,interpolado
0.3216199239847969,0.0012921902787478374,interpolado
0.32171974394878977,0.0013144370276937066,interpolado
0.32181956391278255,0.001267880706520777,interpolado
0.32191938387677543,0.0011416123926083438,interpolado
0.322,0.000974,original
0.322119023804761,0.0006189217302125037,interpolado
0.32221884376875376,0.000253875687433543,interpolado
0.3223186637327466,-0.00013661488151855305,interpolado
0.32241848369673937,-0.0005188028888742646,interpolado
0.32251830366073214,-0.0008589412468632395,interpolado
0.32261812362472486,-0.001123282867715783,interpolado
0.3227179435887177,-0.0012780806636620325,interpolado
0.3228177635527104,-0.0012895875469318883,interpolado
0.3229175835167033,-0.0011240564297554099,interpolado
0.323,-0.00083,original
0.3231172234446888,-0.00015158873955784576,interpolado
0.3232170434086817,0.0006154745407282334,interpolado
0.3233168633726745,0.0014956198202428282,interpolado
0.32341668333666734,0.0024310981205851842,interpolado
0.3235165033006601,0.0033641604633525735,interpolado
0.32361632326465284,0.004237057870143841,interpolado
0.3237161432286457,0.0049920413625577035,interpolado
0.32381596319263856,0.005571361962191631,interpolado
0.32391578315663144,0.005917270690644537,interpolado
0.324,0.005985,original
0.32411542308461694,0.005704785231289001,interpolado
0.3242152430486098,0.005151667662882012,interpolado
0.3243150630126025,0.004359488969126093,interpolado
0.3244148829765953,0.0033750057320833275,interpolado
0.3245147029405881,0.0022449745338177286,interpolado
0.32461452290458087,0.001016151956391705,interpolado
0.32471434286857376,-0.0002647054181325611,interpolado
0.3248141628325665,-0.001550841007690722,interpolado
0.32491398279655936,-0.002795498230221247,interpolado
0.325,-0.003799,original
0.32511362272454486,-0.0049838042911238565,interpolado
0.3252134426885377,-0.005882327148543623,interpolado
0.3253132626525305,-0.00664327685803705,interpolado
0.32541308261652324,-0.007262422462780789,interpolado
0.3255129025805161,-0.0077355330059499725,interpolado
0.3256127225445089,-0.008058377530720801,interpolado
0.32571254250850173,-0.008226725080269132,interpolado
0.32581236247249445,-0.008236344697770605,interpolado
0.32591218243648734,-0.008083005426401033,interpolado
0.326,-0.00781,original
0.3261118223644728,-0.007278427802197087,interpolado
0.3262116423284658,-0.006656495286268352,interpolado
0.32631146229245855,-0.005926180264234599,interpolado
0.3264112822564514,-0.005116974468137683,interpolado
0.32651110222044416,-0.0042583696300211435,interpolado
0.3266109221844369,-0.003379857481927181,interpolado
0.32671074214842977,-0.002510929755897951,interpolado
0.3268105621124225,-0.0016810781839770566,interpolado
0.3269103820764153,-0.0009197944982066424,interpolado
0.327,-0.000319,original
0.32711002200440087,0.0002848099510490665,interpolado
0.3272098419683937,0.0006973320708442782,interpolado
0.3273096619323865,0.000977084195060837,interpolado
0.32740948189637925,0.0011201500392756054,interpolado
0.32750930186037197,0.001122613319065141,interpolado
0.32760912182436486,0.0009805577500060381,interpolado
0.3277089417883576,0.0006900670476747298,interpolado
0.32780876175235046,0.0002472249276481344,interpolado
0.32790858171634324,-0.0003518848944972712,interpolado
0.328,-0.001041,original
0.3281082216443288,-0.002022854651047544,interpolado
0.3282080416083216,-0.0030427367995143222,interpolado
0.3283078615723144,-0.004119563855728949,interpolado
0.32840768153630717,-0.005202080009788509,interpolado
0.3285075015003,-0.006239029451790099,interpolado
0.3286073214642928,-0.007179156371829088,interpolado
0.3287071414282856,-0.007971204960003,interpolado
0.32880696139227844,-0.008563919406407475,interpolado
0.32890678135627116,-0.00890604390113954,interpolado
0.329,-0.008954,original
0.32910642128425677,-0.008656376426859867,interpolado
0.32920624124824965,-0.008082826832303283,interpolado
0.32930606121224243,-0.007287692237112547,interpolado
0.32940588117623515,-0.006332985567693621,interpolado
0.32950570114022804,-0.005280719750452102,interpolado
0.3296055211042208,-0.004192907711795393,interpolado
0.3297053410682137,-0.003131562378128558,interpolado
0.3298051610322064,-0.002158696675859006,interpolado
0.32990498099619925,-0.0013363235313923378,interpolado
0.33,-0.00075,original
0.3301046209241848,-0.0003712813819462169,interpolado
0.33020444088817763,-0.00024435536832711905,interpolado
0.3303042608521704,-0.0003043731547743737,interpolado
0.33040408081616324,-0.000510031981571383,interpolado
0.330503900780156,-0.0008200290890018726,interpolado
0.3306037207441488,-0.0011930617173490114,interpolado
0.3307035407081417,-0.001587827106896696,interpolado
0.33080336067213445,-0.001963022497928002,interpolado
0.3309031806361272,-0.0022773451307266765,interpolado
0.331,-0.002485,original
0.33110282056411283,-0.002570778221449248,interpolado
0.33120264052810566,-0.002538631696852737,interpolado
0.33130246049209844,-0.0024210169112410473,interpolado
0.3314022804560912,-0.002245897790490597,interpolado
0.33150210042008404,-0.002041238260477678,interpolado
0.3316019203840768,-0.0018350022470789344,interpolado
0.33170174034806965,-0.0016551536761705784,interpolado
0.3318015603120625,-0.0015296564736292286,interpolado
0.33190138027605526,-0.0014864745653311818,interpolado
0.332,-0.001552,original
0.3321010202040409,-0.0017450583433308254,interpolado
0.3322008401680338,-0.0020215914433523528,interpolado
0.3323006601320266,-0.0023309389013013264,interpolado
0.33240048009601936,-0.0026208684644976796,interpolado
0.3325003000600122,-0.0028391478802612963,interpolado
0.33260012002400496,-0.0029335448959117074,interpolado
0.3326999399879977,-0.0028518272587688526,interpolado
0.3327997599519906,-0.0025417627161522832,interpolado
0.33289957991598335,-0.0019511190153821125,interpolado
0.333,-0.001021,original
0.3330992198439689,0.00025421387611431666,interpolado
0.33319903980796167,0.0018117035826887265,interpolado
0.3332988597719545,0.003534395684543647,interpolado
0.3333986797359472,0.005311880644383596,interpolado
0.33349849969994005,0.007033748924916889,interpolado
0.3335983196639327,0.008589590988848048,interpolado
0.3336981396279256,0.009868997298884536,interpolado
0.3337979595919184,0.010761558317733195,interpolado
0.33389777955591116,0.011156864508099464,interpolado
0.334,0.010931,original
0.33409741948389676,0.010055938671733013,interpolado
0.33419723944788954,0.008602606013838304,interpolado
0.3342970594118824,0.006744314192777822,interpolado
0.33439687937587514,0.004640869668654735,interpolado
0.334496699339868,0.00245207890156795,interpolado
0.33459651930386075,0.00033774835162100317,interpolado
0.3346963392678536,-0.001542315521086272,interpolado
0.33479615923184647,-0.0030283062564535183,interpolado
0.33489597919583924,-0.003960417394377978,interpolado
0.335,-0.00417,original
0.33509561912382485,-0.0035689819993733364,interpolado
0.3351954390878176,-0.002221424637184112,interpolado
0.33529525905181046,-0.0002849448866417823,interpolado
0.33539507901580323,0.0020916789204410246,interpolado
0.335494898979796,0.0047596684522563625,interpolado
0.33559471894378884,0.0075702453769907856,interpolado
0.3356945389077816,0.010374631362835304,interpolado
0.33579435887177445,0.013024048077980908,interpolado
0.33589417883576717,0.015369717190614175,interpolado
0.336,0.017359,original
0.33609381876375277,0.018580871189975375,interpolado
0.33619363872774555,0.019326569543144847,interpolado
0.33629345869173843,0.01954030431251689,interpolado
0.3363932786557312,0.01926243123201592,interpolado
0.336493098619724,0.018533306035566313,interpolado
0.3365929185837169,0.01739328445709356,interpolado
0.33669273854770965,0.015882722230522,interpolado
0.3367925585117024,0.014041975089775172,interpolado
0.3368923784756953,0.01191139876877979,interpolado
0.337,0.009336,original
0.3370920184036809,0.006948998140564826,interpolado
0.33719183836767364,0.004246018327945328,interpolado
0.33729165833166647,0.0015149705072018953,interpolado
0.33739147829565924,-0.001151580223840158,interpolado
0.3374912982596521,-0.003661068767361447,interpolado
0.33759111822364474,-0.005920930025536912,interpolado
0.33769093818763757,-0.007838598900545763,interpolado
0.33779075815163034,-0.009321510294566451,interpolado
0.3378905781156232,-0.010277099109775055,interpolado
0.338,-0.010609,original
0.3380902180436087,-0.01026227243091326,interpolado
0.33819003800760156,-0.009299375610051,interpolado
0.3382898579715943,-0.007844630611502711,interpolado
0.3383896779355871,-0.006018589875779426,interpolado
0.33848949789957994,-0.0039418058433898185,interpolado
0.3385893178635727,-0.0017348309548420062,interpolado
0.33868913782756555,0.0004817823493521484,interpolado
0.3387889577915583,0.002587481628685599,interpolado
0.33888877775555115,0.004461714442646603,interpolado
0.339,0.00613,original
0.33908841768353676,0.007054001892066281,interpolado
0.3391882376475296,0.007687237177769532,interpolado
0.33928805761152236,0.007939428482021532,interpolado
0.33938787757551514,0.007866413896440933,interpolado
0.3394876975395079,0.007524031512646877,interpolado
0.3395875175035007,0.006968119422257911,interpolado
0.3396873374674935,0.006254515716893585,interpolado
0.3397871574314863,0.005439058488172074,interpolado
0.33988697739547913,0.004577585827713218,interpolado
0.34,0.003617,original
0.3400866173234648,0.0029338535759699516,interpolado
0.3401864372874575,0.0022146965065097893,interpolado
0.34028625725145034,0.0015683716551919994,interpolado
0.3403860772154432,0.0009947644810386006,interpolado
0.340485897179436,0.0004937604430705183,interpolado
0.3405857171434288,6.5245000308838e-05,interpolado
0.3406855371074216,-0.00029089638822466125,interpolado
0.3407853570714145,-0.0005747782635090721,interpolado
0.3408851770354072,-0.0007865151665227752,interpolado
0.341,-0.000941,original
0.3410848169633928,-0.0009950768536918946,interpolado
0.3411846369273856,-0.0010009841203677445,interpolado
0.34128445689137843,-0.000954464602521136,interpolado
0.34138427685537115,-0.0008660453567243476,interpolado
0.3414840968193638,-0.0007462534395495895,interpolado
0.34158391678335676,-0.0006056159075690022,interpolado
0.3416837367473495,-0.0004546598173549682,interpolado
0.34178355671134225,-0.00030391222547955553,interpolado
0.3418833766753351,-0.0001639001885151586,interpolado
0.342,-2.8e-05,original
0.3420830166033207,4.2883622638036116e-05,interpolado
0.3421828365673134,9.793230899228517e-05,interpolado
0.3422826565313063,0.00012066832740789348,interpolado
0.34238247649529907,0.0001117736207845233,interpolado
0.3424822964592918,7.193013202188299e-05,interpolado
0.3425821164232846,1.8198040196124753e-06,interpolado
0.3426819363872775,-9.787542032252317e-05,interpolado
0.34278175635127034,-0.0002264735981049468,interpolado
0.34288157631526306,-0.0003832927864278284,interpolado
0.343,-0.000605,original
0.3430812162432487,-0.0007786217897378402,interpolado
0.3431810362072415,-0.0010135475220804423,interpolado
0.3432808561712343,-0.0012690240864554729,interpolado
0.3433806761352271,-0.0015416443896338616,interpolado
0.3434804960992199,-0.0018280013383869579,interpolado
0.3435803160632127,-0.0021246878394861426,interpolado
0.34368013602720554,-0.0024282967997022987,interpolado
0.34377995599119826,-0.002735421125806802,interpolado
0.3438797759551911,-0.0030426537245710353,interpolado
0.344,-0.003408,original
0.3440794158831766,-0.0036433710523526347,interpolado
0.3441792358471695,-0.003925822313804998,interpolado
0.34427905581116214,-0.00418524787312675,interpolado
0.3443788757751551,-0.004412946780687844,interpolado
0.3444786957391478,-0.0046002180868578565,interpolado
0.3445785157031407,-0.004738360842006824,interpolado
0.34467833566713346,-0.004818674096504424,interpolado
0.34477815563112624,-0.004832456900720582,interpolado
0.34487797559511907,-0.00477100830502508,interpolado
0.345,-0.004581,original
0.34507761552310473,-0.004389528288468046,interpolado
0.34517743548709745,-0.004071146081186546,interpolado
0.3452772554510902,-0.003686178578892679,interpolado
0.34537707541508306,-0.0032503684642068943,interpolado
0.3454768953790759,-0.00277945841975039,interpolado
0.3455767153430686,-0.0022891911281433647,interpolado
0.34567653530706144,-0.001795309272007077,interpolado
0.3457763552710542,-0.001313555533961962,interpolado
0.345876175235047,-0.0008596725966284835,interpolado
0.346,-0.000359,original
0.3460758151630326,-9.686787999257414e-05,interpolado
0.3461756351270254,0.00019749012987327883,interpolado
0.34627545509101815,0.00044008829294036315,interpolado
0.34637527505501103,0.0006373954989269884,interpolado
0.34647509501900375,0.0007958806375511491,interpolado
0.3465749149829966,0.0009220125985312408,interpolado
0.34667473494698936,0.0010222602715853372,interpolado
0.3467745549109822,0.001103092546431728,interpolado
0.346874374874975,0.0011709783127886596,interpolado
0.347,0.001248,original
0.3470740148029606,0.0012922564729114935,interpolado
0.34717383476695335,0.0013418312397130607,interpolado
0.34727365473094607,0.0013651347258928771,interpolado
0.347373474694939,0.0013461260798900256,interpolado
0.3474732946589318,0.0012687644501436282,interpolado
0.3475731146229246,0.0011170089850926896,interpolado
0.3476729345869174,0.0008748188331764791,interpolado
0.3477727545509101,0.0005261531428340427,interpolado
0.347872574514903,5.497106250419172e-05,interpolado
0.348,-0.00075,original
0.34807221444288855,-0.001315212892133668,interpolado
0.3481720344068813,-0.0022014519750316246,interpolado
0.34827185437087416,-0.003168057138767766,interpolado
0.34837167433486693,-0.00416938255585605,interpolado
0.3484714942988597,-0.005159782398808751,interpolado
0.34857131426285254,-0.006093610840140312,interpolado
0.3486711342268453,-0.006925222052363082,interpolado
0.34877095419083814,-0.007608970207991,interpolado
0.34887077415483103,-0.008099209479537685,interpolado
0.349,-0.008372,original
0.3490704140828166,-0.00832197215604289,interpolado
0.34917023404680936,-0.008028637537421269,interpolado
0.3492700540108021,-0.007516454170023405,interpolado
0.34936987397479496,-0.00683197890460028,interpolado
0.34946969393878774,-0.006021768591904065,interpolado
0.34956951390278057,-0.005132380082685823,interpolado
0.34966933386677346,-0.004210370227696438,interpolado
0.3497691538307661,-0.003302295877688348,interpolado
0.34986897379475895,-0.0024547138834120014,interpolado
0.35,-0.001512,original
0.3500686137227445,-0.0011239476455794878,interpolado
0.3501684336867373,-0.000691574505066271,interpolado
0.35026825365073017,-0.0004028399324133825,interpolado
0.35036807361472294,-0.00024321109399185134,interpolado
0.3504678935787158,-0.0001981551561732139,interpolado
0.3505677135427085,-0.000253139285328714,interpolado
0.35066753350670127,-0.0003936306478298166,interpolado
0.3507673534706941,-0.0006050964100477263,interpolado
0.3508671734346869,-0.0008730037383540262,interpolado
0.351,-0.001292,original
0.3510668133626724,-0.001519832448586763,interpolado
0.35116663332666526,-0.0018672651466819924,interpolado
0.35126645329065803,-0.0022070189597637826,interpolado
0.3513662732546509,-0.0025209733361043684,interpolado
0.3514660932186437,-0.00279100772397527,interpolado
0.35156591318263647,-0.002999001571648547,interpolado
0.35166573314662936,-0.0031268343273961243,interpolado
0.3517655531106221,-0.003156385439489728,interpolado
0.35186537307461496,-0.003069534356201248,interpolado
0.352,-0.002736,original
0.35206501300260046,-0.002476380345654048,interpolado
0.3521648329665933,-0.0019658199811988584,interpolado
0.35226465293058606,-0.0013465957524561752,interpolado
0.35236447289457884,-0.0006491672636017854,interpolado
0.3524642928585717,9.600588118708599e-05,interpolado
0.3525641128225644,0.0008584640777343699,interpolado
0.35266393278655733,0.0016077477218640354,interpolado
0.35276375275055005,0.0023133972093987995,interpolado
0.35286357271454294,0.0029449529361629725,interpolado
0.353,0.003633,original
0.3530632126425285,0.0038655451182559534,interpolado
0.3531630326065213,0.004117918163776478,interpolado
0.3532628525705141,0.004236115824150465,interpolado
0.353362672534507,0.0042274903226529326,interpolado
0.35346249249849976,0.00409939388255877,interpolado
0.3535623124624926,0.0038591787271428884,interpolado
0.3536621324264853,0.0035141970796799455,interpolado
0.3537619523904782,0.0030718011634452086,interpolado
0.353861772354471,0.0025393432017130745,interpolado
0.354,0.001667,original
0.3540614122824566,0.001235398736953953,interpolado
0.35416123224644935,0.0005067643294486697,interpolado
0.35426105221044213,-0.00020974724621151456,interpolado
0.3543608721744349,-0.000861727667327063,interpolado
0.3544606921384277,-0.001396768611196955,interpolado
0.35456051210242046,-0.0017624617551213074,interpolado
0.35466033206641323,-0.001906398776399854,interpolado
0.354760152030406,-0.001776171352332143,interpolado
0.35485997199439884,-0.0013193711602176956,interpolado
0.355,-2.8e-05,original
0.3550596119223844,0.0007780028957101575,interpolado
0.3551594318863772,0.002427840827468397,interpolado
0.35525925185037,0.004362907540334274,interpolado
0.35535907181436277,0.006478475018750755,interpolado
0.35545889177835566,0.0086698152471612,interpolado
0.3555587117423485,0.010832200210005274,interpolado
0.35565853170634126,0.012860901891727387,interpolado
0.35575835167033415,0.014651192276767403,interpolado
0.35585817163432687,0.016098343349568618,interpolado
0.356,0.017359,original
0.3560578115623125,0.017550907723230893,interpolado
0.3561576315263053,0.017467314634419775,interpolado
0.3562574514902981,0.01694319697616537,interpolado
0.3563572714542908,0.016077433174164327,interpolado
0.35645709141828363,0.014968901654112498,interpolado
0.3565569113822764,0.013716480841707696,interpolado
0.3566567313462693,0.012419049162645183,interpolado
0.356756551310262,0.01117548504262297,interpolado
0.3568563712742547,0.010084666907336887,interpolado
0.357,0.008982,original
0.35705601120224034,0.008751556681016215,interpolado
0.35715583116623323,0.008604940805860897,interpolado
0.35725565113022595,0.008729537952750598,interpolado
0.3573554710942188,0.00904676019812211,interpolado
0.35745529105821156,0.009478019618412652,interpolado
0.3575551110222043,0.009944728290058675,interpolado
0.3576549309861972,0.010368298289497573,interpolado
0.35775475095019,0.010670141693165798,interpolado
0.3578545709141827,0.010771670577500572,interpolado
0.358,0.010399,original
0.35805421084216843,0.010063759766692005,interpolado
0.3581540308061612,0.009187738099582224,interpolado
0.358253850770154,0.008047136141004744,interpolado
0.35835367073414676,0.006725434636404706,interpolado
0.3584534906981396,0.005306114331226858,interpolado
0.3585533106621324,0.0038726559709183496,interpolado
0.35865313062612525,0.0025085403009232304,interpolado
0.358752950590118,0.0012972480666885973,interpolado
0.3588527705541108,0.00032226001365920375,interpolado
0.359,-0.000508,original
0.3590524104820964,-0.0005888330169458967,interpolado
0.3591522304460892,-0.00044692536141315833,interpolado
0.35925205041008196,1.5347864998113454e-05,interpolado
0.35935187037407484,0.0007176291232888711,interpolado
0.35945169033806756,0.0015795608744606036,interpolado
0.35955151030206045,0.0025207855795132917,interpolado
0.3596513302660533,0.003460945699448863,interpolado
0.35975115023004595,0.004319683695267215,interpolado
0.3598509701940388,0.0050166420279698564,interpolado
0.36,0.005582,original
0.3600506101220244,0.005606898735628604,interpolado
0.3601504300860172,0.005414910404145795,interpolado
0.36025025005001,0.004955414935635451,interpolado
0.3603500700140028,0.004291187288917697,interpolado
0.36044988997799565,0.0034850024228122094,interpolado
0.36054970994198837,0.0025996352961400607,interpolado
0.3606495299059812,0.0016978608677209906,interpolado
0.36074934986997403,0.0008424540963746961,interpolado
0.36084916983396675,9.618994092230675e-05,interpolado
0.3609489897979596,-0.000478156639816781,interpolado
0.361,-0.000685,original
0.36114862972594514,-0.0009180715054517897,interpolado
0.36124844968993797,-0.0008131990346552561,interpolado
0.36134826965393074,-0.0005480279876177484,interpolado
0.36144808961792363,-0.00016533630249377713,interpolado
0.3615479095819164,0.00029209808256146425,interpolado
0.3616477295459091,0.0007814972293934103,interpolado
0.361747549509902,0.0012600831998475642,interpolado
0.36184736947389473,0.0016850780557686248,interpolado
0.3619471894378875,0.0020137038590022625,interpolado
0.362,0.002134,original
0.3621468293658732,0.002240173281363461,interpolado
0.362246649329866,0.0021331249509319488,interpolado
0.3623464692938588,0.001895720850498783,interpolado
0.36244628925785155,0.0015406780886381946,interpolado
0.3625461092218443,0.0010807137739250656,interpolado
0.3626459291858371,0.000528545014933712,interpolado
0.3627457491498298,-0.00010311107976175723,interpolado
0.36284556911382276,-0.0008015374015861538,interpolado
0.3629453890778155,-0.0015540168419657563,interpolado
0.363,-0.001984,original
0.3631450290058011,-0.003165900626684341,interpolado
0.36324484896979403,-0.003987593289671899,interpolado
0.3633446689337867,-0.00479151961541605,interpolado
0.3634444888977797,-0.005556421188375543,interpolado
0.36354430886177236,-0.006261039593007395,interpolado
0.36364412882576513,-0.006884116413769929,interpolado
0.363743948789758,-0.007404393235121277,interpolado
0.36384376875375074,-0.0078006116415187355,interpolado
0.36394358871774357,-0.008051513217420597,interpolado
0.364,-0.008121,original
0.3641432286457291,-0.008059303588359037,interpolado
0.364243048609722,-0.007851525950789003,interpolado
0.36434286857371484,-0.007546778401416782,interpolado
0.36444268853770756,-0.007178581874370801,interpolado
0.3645425085017003,-0.006780457303780212,interpolado
0.36464232846569306,-0.006385925623773547,interpolado
0.3647421484296859,-0.00602850776847935,interpolado
0.36484196839367866,-0.005741724672026758,interpolado
0.3649417883576715,-0.005559097268544218,interpolado
0.365,-0.005514,original
0.3651414282856571,-0.005604378552957802,interpolado
0.36524124824964993,-0.005792601262494391,interpolado
0.3653410682136427,-0.006035442760359051,interpolado
0.36544088817763554,-0.006290448275923457,interpolado
0.3655407081416282,-0.0065151630385587725,interpolado
0.36564052810562103,-0.0066671322776366,interpolado
0.3657403480696139,-0.006703901222528379,interpolado
0.36584016803360664,-0.006583015102605512,interpolado
0.3659399879975995,-0.0062620191472392735,interpolado
0.366,-0.005955,original
0.366139627925585,-0.004901830486414738,interpolado
0.36623944788957785,-0.0039358341034088674,interpolado
0.3663392678535706,-0.002873109087082269,interpolado
0.3664390878175635,-0.0017850911781119787,interpolado
0.36653890778155623,-0.0007432161171749731,interpolado
0.36663872774554906,0.0001810803550500251,interpolado
0.3667385477095419,0.0009163624978864239,interpolado
0.3668383676735346,0.0013911945706558489,interpolado
0.36693818763752745,0.0015341408326812324,interpolado
0.367,0.001425,original
0.367137827565513,0.0006072995729101716,interpolado
0.3672376475295059,-0.00039069702347581105,interpolado
0.3673374674934987,-0.0016337104845878007,interpolado
0.3674372874574914,-0.0030366670035826817,interpolado
0.36753710742148415,-0.004514492773617698,interpolado
0.367636927385477,-0.005982113987847586,interpolado
0.3677367473494698,-0.007354456839430291,interpolado
0.36783656731346265,-0.008546447521520666,interpolado
0.36793638727745537,-0.009473012227275923,interpolado
0.368,-0.009886,original
0.3681360272054411,-0.010248945309747634,interpolado
0.3682358471694339,-0.01011889176062665,interpolado
0.3683356671334267,-0.009715743163872682,interpolado
0.3684354870974194,-0.009095206418224984,interpolado
0.3685353070614123,-0.008312988422422327,interpolado
0.3686351270254051,-0.007424796075204837,interpolado
0.3687349469893979,-0.006486336275310839,interpolado
0.3688347669533906,-0.005553315921480634,interpolado
0.3689345869173835,-0.00468144191245295,interpolado
0.369,-0.00417,original
0.369134226845369,-0.0033156871122829983,interpolado
0.3692340468093619,-0.002839878467446292,interpolado
0.36933386677335467,-0.002484456736522274,interpolado
0.36943368673734744,-0.0022353596508159572,interpolado
0.3695335067013403,-0.002078524941632591,interpolado
0.36963332666533305,-0.001999890340277656,interpolado
0.36973314662932577,-0.0019853935780563613,interpolado
0.36983296659331855,-0.0020209723862740286,interpolado
0.3699327865573113,-0.002092564496235947,interpolado
0.37,-0.002154,original
0.37013242648529704,-0.002290686931220242,interpolado
0.3702322464492898,-0.0023997754014847546,interpolado
0.3703320664132827,-0.0025074455330599595,interpolado
0.3704318863772754,-0.002607722826190318,interpolado
0.37053170634126825,-0.0026946327811202763,interpolado
0.370631526305261,-0.002762200898094138,interpolado
0.37073134626925386,-0.0028044526773563735,interpolado
0.37083116623324675,-0.0028154136191513362,interpolado
0.3709309861972394,-0.002789109223723458,interpolado
0.371,-0.002746,original
0.371130626125225,-0.0026051642588007275,interpolado
0.37123044608921785,-0.0024507860489579774,interpolado
0.37133026605321073,-0.0022621806962541467,interpolado
0.3714300860172035,-0.00204504137497753,interpolado
0.37152990598119623,-0.0018050612594163588,interpolado
0.37162972594518895,-0.0015479335238592726,interpolado
0.3717295459091819,-0.0012793513425943628,interpolado
0.37182936587317456,-0.0010050078899103004,interpolado
0.37192918583716733,-0.0007305963400953089,interpolado
0.372,-0.000539,original
0.372128825765153,-0.0002037518112284668,interpolado
0.37222864572914566,3.9412852914408494e-05,interpolado
0.3723284656931386,0.00026364404706622017,interpolado
0.3724282856571313,0.0004648949607928135,interpolado
0.3725281056211242,0.0006391187836605025,interpolado
0.3726279255851169,0.0007822687052351881,interpolado
0.37272774554910976,0.0008902979150830704,interpolado
0.3728275655131026,0.0009591596027702716,interpolado
0.37292738547709536,0.0009848069578628099,interpolado
0.373,0.000974,original
0.37312702540508097,0.0009012299439629717,interpolado
0.3732268453690738,0.000824407154838946,interpolado
0.3733266653330666,0.0007606924639486715,interpolado
0.37342648529705935,0.0007379458744468943,interpolado
0.3735263052610522,0.0007840273894882857,interpolado
0.3736261252250449,0.0009267970122274699,interpolado
0.37372594518903773,0.0011941147458191135,interpolado
0.37382576515303056,0.0016138405934181595,interpolado
0.37392558511702334,0.002213834558178818,interpolado
0.374,0.002795,original
0.374125225045009,0.00404082280702499,interpolado
0.37422504500900183,0.005227506334181389,interpolado
0.37432486497299466,0.006532939930719829,interpolado
0.3744246849369874,0.007908267091225349,interpolado
0.37452450490098016,0.009304631310285926,interpolado
0.374624324864973,0.010673176082486503,interpolado
0.37472414482896577,0.01196504490241436,interpolado
0.37482396479295865,0.013131381264656605,interpolado
0.3749237847569513,0.014123328663798437,interpolado
0.375,0.014733,original
0.37512342468493703,0.015405808032504511,interpolado
0.37522324464892975,0.01566591949954216,interpolado
0.3753230646129227,0.015678148777232448,interpolado
0.3754228845769153,0.015448159490007544,interpolado
0.3755227045409082,0.014981615262299405,interpolado
0.37562252450490097,0.014284179718540744,interpolado
0.3757223444688937,0.013361516483163567,interpolado
0.3758221644328865,0.01221928918059937,interpolado
0.37592198439687924,0.010863161435281623,interpolado
0.376,0.009658,original
0.37612162432486496,0.007550927353844728,interpolado
0.37622144428885773,0.0056831031487682305,interpolado
0.3763212642528505,0.003764346618280602,interpolado
0.3764210842168433,0.0018635702541947028,interpolado
0.3765209041808361,4.9686548319209954e-05,interpolado
0.37662072414482894,-0.0016083920075331307,interpolado
0.3767205441088217,-0.003041752921552655,interpolado
0.37682036407281444,-0.004181483701929195,interpolado
0.3769201840368073,-0.004958671856850757,interpolado
0.377,-0.005273,original
0.37711982396479293,-0.00519249389687723,interpolado
0.37721964392878565,-0.004689000047675456,interpolado
0.37731946389277854,-0.0038734068402250434,interpolado
0.37741928385677137,-0.002824998981249942,interpolado
0.37751910382076415,-0.0016230611774720944,interpolado
0.3776189237847569,-0.0003468781356158805,interpolado
0.3777187437487496,0.0009242654375963207,interpolado
0.3778185637127426,0.002111084835442122,interpolado
0.3779183836767353,0.003134295351197158,interpolado
0.378,0.003794,original
0.37811802360472085,0.0044101524180913485,interpolado
0.37821784356871374,0.004664615386040743,interpolado
0.3783176635327065,0.004734618128805406,interpolado
0.37841748349669935,0.004676640360612588,interpolado
0.37851730346069207,0.004547161795689666,interpolado
0.378617123424685,0.004402662148263874,interpolado
0.37871694338867773,0.0042996211325626935,interpolado
0.37881676335267056,0.00429451846281338,interpolado
0.3789165833166634,0.0044438338532432654,interpolado
0.379,0.004728,original
0.379116223244649,0.005398105935284714,interpolado
0.3792160432086418,0.006167708732392874,interpolado
0.37931586317263466,0.007041778912364381,interpolado
0.3794156831366274,0.007949334247223194,interpolado
0.3795155031006201,0.008819392508994741,interpolado
0.37961532306461293,0.009580971469704373,interpolado
0.3797151430286058,0.010163088901376174,interpolado
0.3798149629925985,0.010494762576035665,interpolado
0.3799147829565913,0.01050501026570742,interpolado
0.38,0.010206,original
0.380114422884577,0.009319076362595094,interpolado
0.38021424284856964,0.008171610630898428,interpolado
0.3803140628125625,0.006775978159733534,interpolado
0.3804138827765553,0.005227617720709289,interpolado
0.380513702740548,0.00362196808543227,interpolado
0.38061352270454085,0.0020544680255089216,interpolado
0.38071334266853374,0.0006205563125483214,interpolado
0.3808131626325265,-0.0005843282818437246,interpolado
0.3809129825965193,-0.001464746986058541,interpolado
0.381,-0.001893,original
0.3811126225245049,-0.0019161616266768868,interpolado
0.3812124424884977,-0.0015117571970457587,interpolado
0.3813122624524905,-0.0008077181200371518,interpolado
0.3814120824164833,0.00010035240016908404,interpolado
0.381511902380476,0.001116851159394244,interpolado
0.38161172234446883,0.002146174953459856,interpolado
0.3817115423084616,0.003092720578185714,interpolado
0.38181136227245444,0.0038608848293937275,interpolado
0.38191118223644727,0.004355064502903975,interpolado
0.382,0.004487,original
0.3821108221644329,0.004178771237896322,interpolado
0.3822106421284256,0.0035103725756400364,interpolado
0.3823104620924186,0.0025530232344635295,interpolado
0.38241028205641137,0.0013852471811588343,interpolado
0.38251010202040414,8.556838251642777e-05,interpolado
0.38260992198439703,-0.0012674891946735027,interpolado
0.3827097419483898,-0.002595401583618484,interpolado
0.3828095619123827,-0.0038196448175289587,interpolado
0.38290938187637547,-0.004861694929612594,interpolado
0.383,-0.005584,original
0.3831090218043611,-0.006108730945193712,interpolado
0.38320884176835396,-0.006275415804158435,interpolado
0.3833086617323467,-0.006173309974888754,interpolado
0.3834084816963395,-0.005832626705226602,interpolado
0.3835083016603323,-0.005283579243014549,interpolado
0.38360812162432495,-0.004556380836094199,interpolado
0.38370794158831784,-0.003681244732308557,interpolado
0.3838077615523106,-0.0026883841794994433,interpolado
0.38390758151630344,-0.0016080124255084193,interpolado
0.384,-0.000556,original
0.38410722144428894,0.0006939789254012553,interpolado
0.38420704140828177,0.0018529216682800194,interpolado
0.38430686137227443,0.002974176971282078,interpolado
0.38440668133626726,0.004025436437585197,interpolado
0.38450650130026004,0.0049743916703654046,interpolado
0.3846063212642528,0.005788734272800925,interpolado
0.3847061412282456,0.006436155848068048,interpolado
0.3848059611922384,0.006884347999344478,interpolado
0.3849057811562312,0.007101002329807469,interpolado
0.385,0.007064,original
0.38510542108421686,0.006726344438721373,interpolado
0.38520524104820963,0.006155840054661748,interpolado
0.3853050610122025,0.005390879471751787,interpolado
0.38540488097619535,0.004480042489481879,interpolado
0.38550470094018807,0.003471908907343985,interpolado
0.3856045209041809,0.00241505852482798,interpolado
0.38570434086817373,0.0013580711414259842,interpolado
0.38580416083216656,0.0003495265566283522,interpolado
0.3859039807961594,-0.0005619954300744568,interpolado
0.386,-0.001302,original
0.38610362072414495,-0.0019121554857957585,interpolado
0.3862034406881377,-0.0023232494313887996,interpolado
0.38630326065213044,-0.0025796802800237256,interpolado
0.3864030806161233,-0.0026999308387497954,interpolado
0.3865029005801161,-0.00270248391461611,interpolado
0.3866027205441089,-0.002605822314671922,interpolado
0.38670254050810166,-0.0024284288459665727,interpolado
0.3868023604720944,-0.0021887863155492624,interpolado
0.38690218043608726,-0.0019053775304690502,interpolado
0.387,-0.001603,original
0.3871018203640727,-0.001278573129195468,interpolado
0.38720164032806553,-0.0009570388246589334,interpolado
0.3873014602920583,-0.0006357575940839939,interpolado
0.3874012802560511,-0.00031840466725113135,interpolado
0.38750110022004397,-8.65527394135646e-06,interpolado
0.3876009201840367,0.0002898153560650133,interpolado
0.3877007401480295,0.0005733319929869879,interpolado
0.3878005601120224,0.0008382194070440797,interpolado
0.3879003800760151,0.0010808023684557599,interpolado
0.388,0.001297,original
0.38810002000400073,0.0014826554541394173,interpolado
0.3881998399679936,0.0016244244830586165,interpolado
0.3882996599319863,0.0017089071698711059,interpolado
0.3883994798959792,0.0017222979502627565,interpolado
0.388499299859972,0.0016507912599194297,interpolado
0.3885991198239649,0.0014805815345269144,interpolado
0.3886989397879576,0.0011978632097712771,interpolado
0.38879875975195044,0.0007888307213383373,interpolado
0.38889857971594327,0.00023967850491363185,interpolado
0.389,-0.000476,original
0.38909821964392877,-0.001323904960829305,interpolado
0.3891980396079216,-0.002302102114090768,interpolado
0.38929785957191443,-0.003346910645017864,interpolado
0.3893976795359072,-0.004407250690467969,interpolado
0.38949749949990004,-0.005432042387296166,interpolado
0.38959731946389276,-0.006370205872359319,interpolado
0.38969713942788564,-0.007170661282514103,interpolado
0.3897969593918785,-0.007782328754615887,interpolado
0.38989677935587125,-0.008154128425521564,interpolado
0.39,-0.008232,original
0.3900964192838568,-0.007990318264923791,interpolado
0.39019623924784963,-0.007458741859411253,interpolado
0.39029605921184235,-0.00669910843175949,interpolado
0.39039587917583524,-0.005770275922681472,interpolado
0.39049569913982796,-0.004731102272892003,interpolado
0.3905955191038208,-0.0036404454231043558,interpolado
0.3906953390678137,-0.002557163314031685,interpolado
0.39079515903180634,-0.0015401138863889658,interpolado
0.3908949789957993,-0.0006481550808888855,interpolado
0.391,9.06e-05,original
0.3910946189237848,0.0005383015072260644,interpolado
0.3911944388877776,0.0008035164032146559,interpolado
0.3912942588517703,0.0008899313943327344,interpolado
0.3913940788157632,0.0008319802246236208,interpolado
0.391493898779756,0.0006640966381305797,interpolado
0.39159371874374876,0.000420714378896799,interpolado
0.39169353870774154,0.00013626719096530046,interpolado
0.3917933586717343,-0.00015481118162040156,interpolado
0.39189317863572726,-0.00041808699481740393,interpolado
0.392,-0.00063,original
0.39209281856371275,-0.0007290221652484706,interpolado
0.3921926385277056,-0.000746164417911648,interpolado
0.3922924584916983,-0.0006773577886538031,interpolado
0.39239227845569113,-0.000529409175349282,interpolado
0.39249209841968385,-0.0003091254758726655,interpolado
0.3925919183836767,-2.3313588098305797e-05,interpolado
0.39269173834766946,0.0003212195900995894,interpolado
0.3927915583116623,0.0007176671608462218,interpolado
0.39289137827565507,0.001159222226267609,interpolado
0.393,0.001683,original
0.39309101820364073,0.002147754611594688,interpolado
0.3931908381676335,0.0026618284961723044,interpolado
0.3932906581316262,0.0031533427006114408,interpolado
0.3933904780956191,0.0035943379663734318,interpolado
0.39349029805961194,0.003956855034918591,interpolado
0.3935901180236047,0.0042129346477080025,interpolado
0.3936899379875976,0.004334617546202507,interpolado
0.3937897579515903,0.0042939444718627755,interpolado
0.3938895779155832,0.004062956166149551,interpolado
0.394,0.003552,original
0.3940892178435688,0.00292997289218125,interpolado
0.3941890378075616,0.0020605261152710926,interpolado
0.39428885777155437,0.001076331477986307,interpolado
0.3943886777355472,4.83871801700839e-05,interpolado
0.3944884976995401,-0.0009523085783322116,interpolado
0.39458831766353275,-0.001854757597676946,interpolado
0.3946881376275256,-0.002587961678020273,interpolado
0.39478795759151836,-0.0030809226195171483,interpolado
0.3948877775555112,-0.00326264222232384,interpolado
0.395,-0.003007,original
0.3950874174834968,-0.0024270385041050544,interpolado
0.3951872374474895,-0.0014138633950993163,interpolado
0.39528705741148235,-0.00011836362255325594,interpolado
0.3953868773754751,0.0013636408212960487,interpolado
0.39548669733946795,0.0029363299442119336,interpolado
0.3955865173034608,0.0045038837539550635,interpolado
0.39568633726745367,0.005970482258289511,interpolado
0.3957861572314464,0.007240305464976062,interpolado
0.39588597719543916,0.008217533381778016,interpolado
0.396,0.008853,original
0.3960856171234247,0.008930036043111938,interpolado
0.39618543708741755,0.00862963650414468,interpolado
0.39628525705141027,0.00799097694964411,interpolado
0.39638507701540304,0.007099974179613571,interpolado
0.3964848969793959,0.006042544994055844,interpolado
0.3965847169433887,0.004904606192975548,interpolado
0.39668453690738154,0.0037720745763749164,interpolado
0.39678435687137426,0.002730866944258649,interpolado
0.3968841768353671,0.0018669000966295088,interpolado
0.397,0.0012,original
0.3970838167633527,0.0009999237188945563,interpolado
0.3971836367273454,0.0010458304969290125,interpolado
0.39728345669133824,0.0013435620652475465,interpolado
0.397383276655331,0.001832768868827244,interpolado
0.3974830966193239,0.002453101352645617,interpolado
0.39758291658331674,0.003144209961679097,interpolado
0.39768273654730946,0.003845745140905516,interpolado
0.3977825565113023,0.004497357335301214,interpolado
0.3978823764752951,0.0050386969898437274,interpolado
0.398,0.005453,original
0.3980820164032808,0.005558190015412863,interpolado
0.3981818363672735,0.005495987743331751,interpolado
0.39828165633126633,0.005260037286982779,interpolado
0.3983814762952591,0.004887660560278967,interpolado
0.39848129625925194,0.00441617947713302,interpolado
0.39858111622324466,0.003882915951458479,interpolado
0.3986809361872376,0.0033251918971677944,interpolado
0.3987807561512303,0.0027803292281745945,interpolado
0.39888057611522315,0.00228564985839157,interpolado
0.399,0.001812,original
0.39908021604320876,0.0015912285644260158,interpolado
0.3991800360072015,0.0014205319246525525,interpolado
0.3992798559711943,0.0013471258965177734,interpolado
0.39937967593518703,0.0013516790703028093,interpolado
0.3994794958991799,0.0014148600362889649,interpolado
0.3995793158631727,0.0015173373847574168,interpolado
0.39967913582716547,0.0016397797059895124,interpolado
0.39977895579115824,0.0017628555902663625,interpolado
0.39987877575515096,0.001867233627869289,interpolado
0.4,0.001941,original
0.4000784156831367,0.0019449485345626977,interpolado
0.4001782356471294,0.001902791272558576,interpolado
0.4002780556111222,0.0018171620824315982,interpolado
0.40037787557511495,0.0016981607858385275,interpolado
0.40047769553910784,0.001555887204436054,interpolado
0.40057751550310067,0.0014004411598811113,interpolado
0.40067733546709344,0.001241922473830399,interpolado
0.4007771554310863,0.00109043096794061,interpolado
0.40087697539507905,0.0009560664638686893,interpolado
0.401,0.000829,original
0.40107661532306454,0.0007775734940828079,interpolado
0.4011764352870573,0.000737873769636311,interpolado
0.40127625525105026,0.000719480765995633,interpolado
0.40137607521504304,0.0007120027353709848,interpolado
0.40147589517903587,0.0007050479299725405,interpolado
0.4015757151430287,0.0006882246020104986,interpolado
0.40167553510702136,0.0006511410036950508,interpolado
0.40177535507101425,0.0005834053872363447,interpolado
0.4018751750350071,0.00047462600484464565,interpolado
0.402,0.000265,original
0.4020748149629926,9.422837320810226e-05,interpolado
0.4021746349269854,-0.00017824358976442192,interpolado
0.4022744548909782,-0.0004869677678647638,interpolado
0.402374274854971,-0.0008158377273928804,interpolado
0.4024740948189638,-0.001148747034649425,interpolado
0.4025739147829567,-0.0014695892559343285,interpolado
0.40267373474694934,-0.001762257957548082,interpolado
0.4027735547109422,-0.0020106467057911166,interpolado
0.40287337467493495,-0.002198649066963456,interpolado
0.403,-0.002325,original
0.4030730146029205,-0.0023310896628244795,interpolado
0.4031728345669134,-0.002266076244924694,interpolado
0.40327265453090616,-0.0021298926203031183,interpolado
0.403372474494899,-0.0019374130446799605,interpolado
0.40347229445889177,-0.0017035117737750737,interpolado
0.4035721144228846,-0.0014430630633087726,interpolado
0.40367193438687743,-0.001170941169000987,interpolado
0.4037717543508702,-0.0009020203465716195,interpolado
0.4038715743148631,-0.0006511748517410251,interpolado
0.404,-0.000379,original
0.40407121424284864,-0.0002627101106923709,interpolado
0.4041710342068414,-0.0001489512428825466,interpolado
0.40427085417083425,-9.870060716266264e-05,interpolado
0.4043706741348269,-0.00011862427787733419,interpolado
0.4044704940988199,-0.00021538832937114717,interpolado
0.40457031406281274,-0.0003956588359885535,interpolado
0.4046701340268054,-0.0006661018720741408,interpolado
0.4047699539907982,-0.0010333835119726972,interpolado
0.404869773954791,-0.001504169830028374,interpolado
0.405,-0.002285,original
0.4050694138827766,-0.0027802017862455708,interpolado
0.4051692338467694,-0.003564814191970695,interpolado
0.4052690538107622,-0.00439734378213798,interpolado
0.40536887377475495,-0.005235941685753204,interpolado
0.4054686937387478,-0.00603875903182397,interpolado
0.4055685137027405,-0.006763946949356089,interpolado
0.4056683336667333,-0.007369656567356742,interpolado
0.40576815363072616,-0.007814039014832847,interpolado
0.4058679735947188,-0.008055245420790608,interpolado
0.406,-0.007991,original
0.40606761352270454,-0.007766095694637743,interpolado
0.40616743348669726,-0.007222729685898624,interpolado
0.40626725345069015,-0.00648240394127978,interpolado
0.40636707341468287,-0.005606772914778397,interpolado
0.4064668933786757,-0.004657491060390455,interpolado
0.4065667133426686,-0.003696212832111773,interpolado
0.4066665333066613,-0.002784592683939785,interpolado
0.4067663532706541,-0.001984285069869893,interpolado
0.4068661732346469,-0.0013569444438993558,interpolado
0.407,-0.000895,original
0.4070658131626326,-0.0008621070870360483,interpolado
0.40716563312662524,-0.0010388082401534375,interpolado
0.4072654530906181,-0.0014379644954003387,interpolado
0.40736527305461084,-0.0020024287110292356,interpolado
0.4074650930186036,-0.0026750537452932444,interpolado
0.40756491298259645,-0.0033986924564457246,interpolado
0.40766473294658917,-0.004116197702738799,interpolado
0.4077645529105821,-0.00477042234242615,interpolado
0.4078643728745747,-0.005304219233759971,interpolado
0.408,-0.005734,original
0.40806401280256027,-0.0057865305121370825,interpolado
0.4081638327665532,-0.005688511428055929,interpolado
0.408263652730546,-0.005412845513285952,interpolado
0.4083634726945388,-0.005006797558732069,interpolado
0.4084632926585316,-0.004517632355298745,interpolado
0.4085631126225244,-0.003992614693890274,interpolado
0.40866293258651726,-0.0034790093654118374,interpolado
0.4087627525505101,-0.003024081160767504,interpolado
0.4088625725145028,-0.002675094870862381,interpolado
0.409,-0.002455,original
0.40906221244248847,-0.002480311448115725,interpolado
0.40916203240648125,-0.00267114090385321,interpolado
0.4092618523704741,-0.0030082892752314873,interpolado
0.40936167233446685,-0.0034474257985922566,interpolado
0.4094614922984596,-0.003944219710277767,interpolado
0.40956131226245235,-0.004454340246630392,interpolado
0.4096611322264452,-0.004933456643991639,interpolado
0.40976095219043807,-0.0053372381387040875,interpolado
0.4098607721544308,-0.005621353967109359,interpolado
0.41,-0.005734,original
0.4100604120824164,-0.005656316452897241,interpolado
0.41016023204640917,-0.00536932470860505,interpolado
0.41026005201040205,-0.004917897229195686,interpolado
0.4103598719743947,-0.004340279955037971,interpolado
0.41045969193838755,-0.003674718826500003,interpolado
0.41055951190238044,-0.002959459783949684,interpolado
0.4106593318663732,-0.0022327487677561287,interpolado
0.4107591518303661,-0.0015328317182868837,interpolado
0.4108589717943588,-0.000897954575911047,interpolado
0.411,-0.000186,original
0.4110586117223445,2.548117501576062e-05,interpolado
0.4111584316863372,0.00026923119953680324,interpolado
0.41125825165033014,0.0003789229738702347,interpolado
0.41135807161432286,0.0003692130119038354,interpolado
0.4114578915783157,0.00025475782752559946,interpolado
0.41155771154230847,5.0213934623286874e-05,interpolado
0.41165753150630124,-0.00022976215291497175,interpolado
0.4117573514702941,-0.0005705139212013699,interpolado
0.41185717143428685,-0.000957384856348236,interpolado
0.412,-0.001562,original
0.41205681136227257,-0.0018101333646574436,interpolado
0.4121566313262652,-0.0022329577031749218,interpolado
0.41225645129025806,-0.0026062598362076995,interpolado
0.41235627125425084,-0.0028917936673905206,interpolado
0.41245609121824367,-0.00305131310035767,interpolado
0.41255591118223645,-0.0030465720387438974,interpolado
0.4126557311462292,-0.0028393243861838087,interpolado
0.4127555511102219,-0.0023913240463120677,interpolado
0.4128553710742148,-0.0016643249227628093,interpolado
0.413,-3.8e-05,original
0.41305501100220043,0.0007757806062430407,interpolado
0.4131548309661932,0.0024867639987264426,interpolado
0.413254650930186,0.004414356354412071,interpolado
0.41335447089417876,0.006457951406924593,interpolado
0.4134542908581716,0.008516942889885202,interpolado
0.4135541108221644,0.010490724536919582,interpolado
0.4136539307861573,0.012278690081649004,interpolado
0.4137537507501499,0.013780233257698112,interpolado
0.4138535707141428,0.014894747798690915,interpolado
0.414,0.015619,original
0.4140532106421284,0.015565018920890874,interpolado
0.4141530306061212,0.015023116745547753,interpolado
0.4142528505701139,0.013980388348904473,interpolado
0.4143526705341068,0.012524495585043822,interpolado
0.41445249049809957,0.010743100308051125,interpolado
0.41455231046209245,0.0087238643720082,interpolado
0.4146521304260852,0.006554449631001011,interpolado
0.4147519503900779,0.004322517939112169,interpolado
0.41485177035407084,0.0021157311504241645,interpolado
0.415,-0.000927,original
0.41505141028205633,-0.0018732540005259697,interpolado
0.41515123024604916,-0.0035151627565136226,interpolado
0.41525105021004205,-0.004880668121242618,interpolado
0.41535087017403477,-0.005947710191966813,interpolado
0.4154506901380276,-0.006694229065938371,interpolado
0.4155505101020204,-0.007098164840411449,interpolado
0.4156503300660131,-0.007137457612638943,interpolado
0.4157501500300059,-0.006790047479874533,interpolado
0.4158499699939987,-0.006033874539371034,interpolado
0.41594978995799153,-0.00484687888838263,interpolado
0.416,-0.00408,original
0.41614942988597714,-0.0011572161038056275,interpolado
0.41624924984996986,0.0012178234492640713,interpolado
0.4163490698139628,0.0038214801689541015,interpolado
0.4164488897779555,0.006559496034836755,interpolado
0.4165487097419484,0.009337613026490181,interpolado
0.41664852970594124,0.01206157312348648,interpolado
0.416748349669934,0.014637118305402413,interpolado
0.4168481696339267,0.016969990551814414,interpolado
0.41694798959791957,0.01896593184229509,interpolado
0.417,0.019841,original
0.4171476295259051,0.021636349129395865,interpolado
0.41724744948989795,0.022302085539581018,interpolado
0.4173472694538908,0.022558969359994456,interpolado
0.4174470894178835,0.022435822694286126,interpolado
0.4175469093818763,0.021961467646106538,interpolado
0.41764672934586905,0.02116472631910538,interpolado
0.4177465493098619,0.02007442081693379,interpolado
0.4178463692738547,0.018719373243240828,interpolado
0.41794618923784743,0.01712840570167824,interpolado
0.418,0.016183,original
0.4181458291658331,0.01336903142126466,interpolado
0.41824564912982587,0.011300056115926245,interpolado
0.4183454690938187,0.009181635048902338,interpolado
0.41844528905781153,0.007071516797787672,interpolado
0.4185451090218043,0.005027449940173439,interpolado
0.4186449289857972,0.003107183053650978,interpolado
0.41874474894979,0.0013684647158147974,interpolado
0.4188445689137828,-0.00013095649574460254,interpolado
0.41894438887777563,-0.0013333320034331776,interpolado
0.419,-0.001853,original
0.4191440288057612,-0.002670518540742562,interpolado
0.41924384876975385,-0.0028455139404587474,interpolado
0.4193436687337468,-0.0027587184509584475,interpolado
0.4194434886977395,-0.0024613730872551963,interpolado
0.41954330866173234,-0.0020047188643624396,interpolado
0.4196431286257251,-0.0014399967972932633,interpolado
0.4197429485897177,-0.0008184479010617394,interpolado
0.41984276855371067,-0.00019131319068066066,interpolado
0.4199425885177034,0.0003901663188358335,interpolado
0.42,0.000684,original
0.420142228445689,0.001240618278272901,interpolado
0.42024204840968177,0.0014932836592180328,interpolado
0.4203418683736747,0.0016433121573932506,interpolado
0.4204416883376675,0.0017004902013352337,interpolado
0.4205415083016603,0.0016746042195809369,interpolado
0.42064132826565304,0.001575440640667129,interpolado
0.4207411482296459,0.0014127858931307674,interpolado
0.4208409681936387,0.001196426405508527,interpolado
0.42094078815763153,0.0009361486063374937,interpolado
0.421,0.000765,original
0.4211404280856173,0.0003270626079392941,interpolado
0.4212402480496099,1.0094164382280847e-05,interpolado
0.4213400680136028,-0.0002904916052372559,interpolado
0.4214398879775956,-0.0005561185301687781,interpolado
0.4215397079415883,-0.0007682104396622638,interpolado
0.4216395279055811,-0.0009081911629675715,interpolado
0.42173934786957384,-0.0009574845293343421,interpolado
0.4218391678335668,-0.0008975143680124132,interpolado
0.4219389877975595,-0.0007097045082516461,interpolado
0.422,-0.000524,original
0.422138627725545,9.443133010902402e-05,interpolado
0.4222384476895378,0.0006573794537628115,interpolado
0.4223382676535306,0.0012656488604562753,interpolado
0.42243808761752344,0.001872165782934108,interpolado
0.42253790758151627,0.0024298564539420326,interpolado
0.42263772754550916,0.0028916471062256604,interpolado
0.42273754750950193,0.0032104639725298494,interpolado
0.42283736747349476,0.0033392332856002904,interpolado
0.4229371874374875,0.003230881278182208,interpolado
0.423,0.00302,original
0.42313682736547326,0.0021566546451410227,interpolado
0.423236647329466,0.001230353129900127,interpolado
0.42333646729345864,0.00011135127459466038,interpolado
0.4234362872574516,-0.0011492629731772303,interpolado
0.4235361072214443,-0.0025004016658152547,interpolado
0.4236359271854372,-0.0038909768557219776,interpolado
0.42373574714942985,-0.0052699005952969585,interpolado
0.42383556711342263,-0.006586084936942096,interpolado
0.4239353870774155,-0.007788441933059143,interpolado
0.424,-0.008482,original
0.42413502700540107,-0.009671824678227022,interpolado
0.4242348469693938,-0.010330584768121888,interpolado
0.4243346669333867,-0.010810905784989208,interpolado
0.42443448689737945,-0.011121095259412036,interpolado
0.4245343068613722,-0.01126946072197297,interpolado
0.424634126825365,-0.01126430970325511,interpolado
0.4247339467893577,-0.011113949733841404,interpolado
0.42483376675335055,-0.01082668834431482,interpolado
0.4249335867173434,-0.01041083306525803,interpolado
0.425,-0.010067,original
0.425133226645329,-0.009231038663664655,interpolado
0.4252330466093219,-0.008498692488452572,interpolado
0.42533286657331465,-0.007697305816908998,interpolado
0.4254326865373075,-0.006846461125678592,interpolado
0.42553250650130026,-0.005965740891407464,interpolado
0.42563232646529303,-0.005074727590739807,interpolado
0.4257321464292858,-0.00419300370032177,interpolado
0.42583196639327864,-0.003340151696798012,interpolado
0.4259317863572715,-0.0025357540568132523,interpolado
0.426,-0.002024,original
0.4261314262852572,-0.001146192641418447,interpolado
0.42623124624924985,-0.0005848220695466945,interpolado
0.4263310662132426,-0.00012307985180354142,interpolado
0.4264308861772354,0.00023117368229382185,interpolado
0.42653070614122807,0.0004700782032276422,interpolado
0.42663052610522106,0.0005857733814808195,interpolado
0.4267303460692138,0.0005703988875358651,interpolado
0.42683016603320645,0.0004160943918755228,interpolado
0.42692998599719933,0.00011499956498222676,interpolado
0.427,-0.000188,original
0.42712962592518494,-0.0009443738795204371,interpolado
0.4272294458891777,-0.0016665031533143113,interpolado
0.42732926585317055,-0.0024747361782865717,interpolado
0.4274290858171633,-0.003336853230630075,interpolado
0.4275289057811562,-0.004220634586536224,interpolado
0.42762872574514893,-0.0050938605221983275,interpolado
0.42772854570914176,-0.0059243113138077765,interpolado
0.42782836567313454,-0.00667976723755743,interpolado
0.4279281856371274,-0.007328008569639983,interpolado
0.428,-0.00771,original
0.42812782556511303,-0.00819020767375015,interpolado
0.42822764552910575,-0.008398972507396556,interpolado
0.4283274654930986,-0.008477460564895562,interpolado
0.4284272854570914,-0.008439851541301105,interpolado
0.42852710542108424,-0.008300325131667226,interpolado
0.42862692538507696,-0.008073061031047773,interpolado
0.4287267453490698,-0.007772238934496999,interpolado
0.4288265653130625,-0.007412038537068784,interpolado
0.42892638527705534,-0.007006639533816883,interpolado
0.429,-0.006687,original
0.429126025205041,-0.00611479197437232,interpolado
0.4292258451690337,-0.005648544584377675,interpolado
0.4293256651330266,-0.005179162310282848,interpolado
0.42942548509701933,-0.004714347544937614,interpolado
0.42952530506101216,-0.004261802681192771,interpolado
0.42962512502500494,-0.003829230111898345,interpolado
0.4297249449889977,-0.0034243322299044032,interpolado
0.42982476495299055,-0.0030548114280616813,interpolado
0.4299245849169833,-0.0027283700992200605,interpolado
0.43,-0.002515,original
0.430124224844969,-0.002231278612176854,interpolado
0.4302240448089618,-0.002059574234985484,interpolado
0.4303238647729546,-0.001932016172364375,interpolado
0.43042368473694753,-0.001843055368783047,interpolado
0.43052350470094025,-0.0017871427687112603,interpolado
0.43062332466493286,-0.0017587293166186214,interpolado
0.43072314462892586,-0.0017522659569747991,interpolado
0.4308229645929185,-0.0017622036342494615,interpolado
0.43092278455691146,-0.0017829932929122809,interpolado
0.431,-0.001803,original
0.4311224244848969,-0.0018353902936499539,interpolado
0.4312222444488898,-0.001857723388640136,interpolado
0.43132206441288257,-0.0018720284449136938,interpolado
0.4314218843768754,-0.0018742458622114807,interpolado
0.4315217043408681,-0.0018603160402743358,interpolado
0.43162152430486084,-0.0018261793788431077,interpolado
0.43172134426885367,-0.0017677762776585997,interpolado
0.4318211642328465,-0.0016810471364617171,interpolado
0.43192098419683933,-0.0015619323549932015,interpolado
0.432,-0.001442,original
0.43212062412482494,-0.0012115363822791166,interpolado
0.43222044408881777,-0.0009771790712500908,interpolado
0.43232026405281054,-0.000703425617455097,interpolado
0.4324200840168033,-0.00039039493367687845,interpolado
0.43251990398079615,-3.820593269882779e-05,interpolado
0.4326197239447888,0.0003530224726961707,interpolado
0.4327195439087818,0.0007831713697253218,interpolado
0.4328193638727746,0.0012521218456051013,interpolado
0.43291918383676725,0.001759754987552984,interpolado
0.433,0.002199,original
0.4331188237647528,0.0028843599580654303,interpolado
0.43321864372874574,0.0034747244055116427,interpolado
0.4333184636927385,0.004054727186670587,interpolado
0.43341828365673135,0.004602075763938197,interpolado
0.433518103620724,0.005094477599709163,interpolado
0.4336179235847168,0.005509640156379118,interpolado
0.4337177435487097,0.005825270896343517,interpolado
0.4338175635127024,0.006019077281997315,interpolado
0.43391738347669534,0.006068766775736012,interpolado
0.434,0.005985,original
0.43411702340468084,0.0056580492725439475,interpolado
0.4342168433686737,0.0052028946008807605,interpolado
0.4343166633326666,0.004606868420175575,interpolado
0.4344164832966593,0.0038902200296427273,interpolado
0.43451630326065216,0.0030731987284980003,interpolado
0.4346161232246449,0.002176053815956004,interpolado
0.43471594318863777,0.001219034591231172,interpolado
0.43481576315263065,0.00022239035353955033,interpolado
0.43491558311662337,-0.0007936295979043991,interpolado
0.435,-0.001653,original
0.43511522304460903,-0.002796471398132155,interpolado
0.4352150430086019,-0.003714314213755814,interpolado
0.43531486297259464,-0.004517353743424781,interpolado
0.43541468293658747,-0.0051606544371149195,interpolado
0.4355145029005802,-0.005599280744801732,interpolado
0.435614322864573,-0.0057882971164600425,interpolado
0.4357141428285659,-0.0056827680020653335,interpolado
0.43581396279255863,-0.005237757851593026,interpolado
0.43591378275655135,-0.0044083311150184806,interpolado
0.436,-0.003348,original
0.43611342268453696,-0.001456869758804081,interpolado
0.4362132426485298,0.0005674349676259481,interpolado
0.4363130626125225,0.00280306441129866,interpolado
0.43641288257651534,0.005129790707221418,interpolado
0.4365127025405081,0.007427385990401786,interpolado
0.4366125225045009,0.009575622395843478,interpolado
0.4367123424684938,0.011454272058555063,interpolado
0.4368121624324865,0.012943107113540719,interpolado
0.4369119823964793,0.013921899695807888,interpolado
0.437,0.014266,original
0.43711162232446477,0.013923142085025979,interpolado
0.4372114422884577,0.012967517728851298,interpolado
0.43731126225245043,0.011518082195756315,interpolado
0.4374110822164433,0.009689304153509916,interpolado
0.4375109021804361,0.007595652269880118,interpolado
0.43761072214442887,0.005351595212638542,interpolado
0.43771054210842175,0.0030716016495520794,interpolado
0.4378103620724146,0.0008701402483925458,interpolado
0.4379101820364073,-0.0011383203230720782,interpolado
0.438,-0.002686,original
0.438109821964393,-0.004151085978976963,interpolado
0.4382096419283858,-0.005088626135091291,interpolado
0.4383094618923786,-0.0056849129910288825,interpolado
0.4384092818563714,-0.00597290295354139,interpolado
0.4385091018203642,-0.005985552429379783,interpolado
0.4386089217843569,-0.0057558178252951,interpolado
0.43870874174834973,-0.0053166555480381565,interpolado
0.4388085617123426,-0.00470102200436049,interpolado
0.4389083816763354,-0.0039418736010129445,interpolado
0.439,-0.003147,original
0.4391080216043209,-0.002124875469131156,interpolado
0.4392078415683136,-0.0011330288569937545,interpolado
0.4393076615323065,-0.0001296667764944116,interpolado
0.4394074814962992,0.000852170911923108,interpolado
0.43950730146029193,0.0017794443478149939,interpolado
0.43960712142428476,0.002619113670735897,interpolado
0.43970694138827754,0.003338139020242404,interpolado
0.4398067613522703,0.003903480535889396,interpolado
0.43990658131626315,0.004282098357233005,interpolado
0.44,0.004438,original
0.44010622124424886,0.004362328523497472,interpolado
0.4402060412082416,0.004079059498895137,interpolado
0.4403058611722345,0.0036344172375856664,interpolado
0.4404056811362273,0.0030716700730936963,interpolado
0.4405055011002201,0.0024340863389427734,interpolado
0.44060532106421285,0.0017649343686577524,interpolado
0.44070514102820557,0.0011074824957624193,interpolado
0.44080496099219846,0.0005049990537805849,interpolado
0.4409047809561913,7.523762370606805e-07,interpolado
0.441,-0.000349,original
0.44110442088417684,-0.0005539776668124075,interpolado
0.4412042408481696,-0.0005947953319953632,interpolado
0.44130406081216245,-0.0005146601429300427,interpolado
0.44140388077615517,-0.0003437888443478832,interpolado
0.441503700740148,-0.00011239818098006288,interpolado
0.44160352070414083,0.00014929510244181393,interpolado
0.44170334066813366,0.0004110742611865303,interpolado
0.4418031606321264,0.0006427225505228673,interpolado
0.44190298059611915,0.000814023225719222,interpolado
0.442,0.000894,original
0.4421026205241047,0.0008638008348118865,interpolado
0.44220244048809754,0.000733425618623305,interpolado
0.4423022604520905,0.0005235911745577358,interpolado
0.44240208041608314,0.00025425459901942503,interpolado
0.44250190038007603,-5.462701158789878e-05,interpolado
0.4426017203440689,-0.00038309656085987984,interpolado
0.44270154030806164,-0.0007111969523926761,interpolado
0.4428013602720545,-0.0010189710897824458,interpolado
0.44290118023604724,-0.001286461876624834,interpolado
0.443,-0.001492,original
0.44310082016403285,-0.001628294928076913,interpolado
0.4432006401280257,-0.00170701051074044,interpolado
0.44330046009201846,-0.0017537500333689802,interpolado
0.44340028005601123,-0.0017924045574727126,interpolado
0.443500100020004,-0.0018468651445619267,interpolado
0.4435999199839968,-0.0019410228561467925,interpolado
0.4436997399479896,-0.0020987687537375524,interpolado
0.44379955991198244,-0.0023439938988445894,interpolado
0.4438993798759753,-0.002700589352977861,interpolado
0.444,-0.003197,original
0.4440990198039609,-0.0038320573594308933,interpolado
0.4441988397679535,-0.004585213845552328,interpolado
0.4442986597319464,-0.0054057469188530565,interpolado
0.44439847969593915,-0.006247487856157977,interpolado
0.444498299659932,-0.0070642679342937924,interpolado
0.44459811962392476,-0.007809918430085406,interpolado
0.44469793958791753,-0.008438270620359106,interpolado
0.4447977595519104,-0.008903155781940926,interpolado
0.44489757951590314,-0.009158405191656152,interpolado
0.445,-0.009154,original
0.4450972194438888,-0.008870260170456461,interpolado
0.4451970394078815,-0.008329017568253196,interpolado
0.44529685937187435,-0.007584969783044058,interpolado
0.44539667933586713,-0.006688964564058986,interpolado
0.44549649929986007,-0.005691849660526117,interpolado
0.44559631926385285,-0.004644472821675661,interpolado
0.4456961392278456,-0.0035976817967361637,interpolado
0.4457959591918384,-0.0026023243349361713,interpolado
0.4458957791558312,-0.0017092481855058921,interpolado
0.446,-0.000941,original
0.44609541908381684,-0.0004241233040191087,interpolado
0.44619523904780967,-7.331056566446277e-05,interpolado
0.4462950590118025,9.553551324579322e-05,interpolado
0.4463948789757953,9.481423191544749e-05,interpolado
0.446494698939788,-6.30751104513873e-05,interpolado
0.4465945189037809,-0.0003657332146509472,interpolado
0.4466943388677736,-0.0008007607814789208,interpolado
0.44679415883176643,-0.0013557585117318065,interpolado
0.44689397879575926,-0.0020183271062050125,interpolado
0.447,-0.002826,original
0.4470936187237449,-0.0036143201455427505,interpolado
0.4471934386877376,-0.004507532529087373,interpolado
0.4472932586517304,-0.005426872033874378,interpolado
0.4473930786157231,-0.0063435056207450415,interpolado
0.4474928985797159,-0.007228600250542175,interpolado
0.44759271854370875,-0.00805332288410852,interpolado
0.44769253850770147,-0.00878884048228546,interpolado
0.4477923584716943,-0.00940632000591608,interpolado
0.44789217843568707,-0.009876928415841988,interpolado
0.448,-0.010187,original
0.44809181836367273,-0.010269163815029153,interpolado
0.4481916383276655,-0.010182513821178815,interpolado
0.44829145829165834,-0.009936733188356459,interpolado
0.44839127825565117,-0.009556677022551087,interpolado
0.4484910982196439,-0.009067200429751315,interpolado
0.4485909181836368,-0.008493158515945518,interpolado
0.44869073814762966,-0.007859406387123059,interpolado
0.4487905581116224,-0.007190799149271969,interpolado
0.4488903780756152,-0.006512191908381719,interpolado
0.449,-0.005785,original
0.4490900180036009,-0.005221442665510954,interpolado
0.44918983796759354,-0.004637204341322754,interpolado
0.4492896579315863,-0.004096406926543518,interpolado
0.44938947789557904,-0.0035997287344949856,interpolado
0.44948929785957187,-0.0031478480784979854,interpolado
0.4495891178235647,-0.002741443271873444,interpolado
0.44968893778755736,-0.0023811926279429505,interpolado
0.4497887577515502,-0.002067774460027248,interpolado
0.44988857771554297,-0.0018018670814478233,interpolado
0.45,-0.001562,original
0.45008821764352863,-0.001414810983772539,interpolado
0.4501880376075214,-0.0012912769354898772,interpolado
0.45028785757151424,-0.001209993240160641,interpolado
0.45038767753550707,-0.0011674053694635846,interpolado
0.4504874974994998,-0.001159958795077316,interpolado
0.45058731746349273,-0.0011840989886805222,interpolado
0.4506871374274855,-0.0012362714219518395,interpolado
0.4507869573914784,-0.0013129215665699866,interpolado
0.45088677735547117,-0.0014104948942135417,interpolado
0.451,-0.001542,original
0.4510864172834568,-0.0016521668774471462,interpolado
0.4511862372474495,-0.0017729290465125027,interpolado
0.4512860572114423,-0.0018654409606540289,interpolado
0.4513858771754352,-0.0019074126382663723,interpolado
0.4514856971394278,-0.0018765540977443563,interpolado
0.4515855171034207,-0.0017505753574826419,interpolado
0.45168533706741354,-0.0015071864358761197,interpolado
0.4517851570314063,-0.0011240973513195092,interpolado
0.4518849769953991,-0.0005790181222072202,interpolado
0.452,0.000279,original
0.4520846169233847,0.0010775170581196454,interpolado
0.4521844368873774,0.0021604118276254574,interpolado
0.4522842568513703,0.003335143841730528,interpolado
0.452384076815363,0.004537780630454958,interpolado
0.45248389677935585,0.00570438972381682,interpolado
0.4525837167433487,0.006771038651836767,interpolado
0.45268353670734146,0.007673794944533024,interpolado
0.4527833566713344,0.008348726131925653,interpolado
0.45288317663532707,0.008731899744034205,interpolado
0.453,0.008724,original
0.4530828165633128,0.00838029182809364,interpolado
0.4531826365273055,0.007631489011317806,interpolado
0.4532824564912982,0.006586010707921355,interpolado
0.4533822764552911,0.005317005688146742,interpolado
0.4534820964192839,0.0038976227222386256,interpolado
0.4535819163832767,0.002401010580438722,interpolado
0.45368173634726955,0.000900318032991942,interpolado
0.45378155631126227,-0.0005313061498593258,interpolado
0.4538813762752551,-0.0018207131978725266,interpolado
0.454,-0.003067,original
0.4540810162032408,-0.0036891997861956145,interpolado
0.45418083616723354,-0.004203330955886646,interpolado
0.45428065613122626,-0.004463980378738784,interpolado
0.4543804760952191,-0.004498092098687281,interpolado
0.45448029605921186,-0.0043326101596673945,interpolado
0.4545801160232047,-0.003994478605614267,interpolado
0.45467993598719747,-0.003510641480463571,interpolado
0.45477975595119025,-0.0029080428281504527,interpolado
0.454879575915183,-0.002213626692609795,interpolado
0.455,-0.001292,original
0.4550792158431687,-0.0006553089670618301,interpolado
0.4551790358071614,0.00017197266355510008,interpolado
0.4552788557711542,0.0010222513654385196,interpolado
0.4553786757351471,0.0018903025651860047,interpolado
0.45547849569913984,0.0027709016893936807,interpolado
0.45557831566313267,0.0036588241646596086,interpolado
0.45567813562712545,0.004548845417579893,interpolado
0.4557779555911182,0.005435740874752113,interpolado
0.45587777555511105,0.006314285962773847,interpolado
0.456,0.007371,original
0.4560774154830966,0.008024736558914131,interpolado
0.4561772354470893,0.008839291379288391,interpolado
0.4562770554110821,0.009608835410441148,interpolado
0.456376875375075,0.010319266763955219,interpolado
0.45647669533906776,0.010956483551412242,interpolado
0.45657651530306065,0.011506383884395352,interpolado
0.4566763352670533,0.011954865874486362,interpolado
0.45677615523104614,0.012287827633268057,interpolado
0.456875975195039,0.012491167272322936,interpolado
0.457,0.012542,original
0.4570756151230245,0.012454679760184778,interpolado
0.45717543508701736,0.012208750181496494,interpolado
0.45727525505101013,0.011827908045195344,interpolado
0.4573750750150029,0.01132713634402234,interpolado
0.4574748949789958,0.010721418070719376,interpolado
0.4575747149429886,0.010025736218027525,interpolado
0.4576745349069814,0.009255073778687664,interpolado
0.4577743548709742,0.008424413745441983,interpolado
0.4578741748349669,0.007548739111030898,interpolado
0.458,0.006404,original
0.4580738147629525,0.005722307187263831,interpolado
0.45817363472694533,0.00480183730586852,interpolado
0.4582734546909381,0.003897037876312857,interpolado
0.45837327465493105,0.0030233248267488477,interpolado
0.4584730946189238,0.0021961140853304587,interpolado
0.45857291458291655,0.0014308215802101827,interpolado
0.4586727345469095,0.0007428632395406546,interpolado
0.4587725545109022,0.00014765499147563422,interpolado
0.4588723744748951,-0.00033938723583253115,interpolado
0.459,-0.00078,original
0.45907201440288065,-0.0009296194459212867,interpolado
0.4591718343668735,-0.0010287343735368882,interpolado
0.4592716543308662,-0.0010215470550935183,interpolado
0.459371474294859,-0.0009295451901073162,interpolado
0.45947129425885186,-0.0007742164780945143,interpolado
0.45957111422284463,-0.0005770486185712055,interpolado
0.45967093418683747,-0.0003595293110533881,interpolado
0.45977075415083024,-0.00014314625505743516,interpolado
0.459870574114823,5.061284990074674e-05,interpolado
0.46,0.000233,original
0.4600702140428085,0.00028627396269423556,interpolado
0.4601700340068014,0.0003091833570517463,interpolado
0.4602698539707942,0.0002812391436484735,interpolado
0.46036967393478695,0.00021483932829705069,interpolado
0.4604694938987798,0.00012238191681020706,interpolado
0.46056931386277256,1.626491500056462e-05,interpolado
0.4606691338267654,-9.111367131928494e-05,interpolado
0.4607689537907582,-0.00018735583633656673,interpolado
0.46086877375475105,-0.0002600635742387235,interpolado
0.461,-0.000299,original
0.4610684136827365,-0.0002865655217979316,interpolado
0.4611682336467294,-0.00023206012444552758,interpolado
0.4612680536107222,-0.00014468906500364131,interpolado
0.461367873574715,-3.594272452023777e-05,interpolado
0.4614676935387078,8.2688515956509e-05,interpolado
0.46156751350270053,0.0001997142753786062,interpolado
0.46166733346669336,0.0003036441726980578,interpolado
0.4617671534306861,0.000382987826866695,interpolado
0.4618669733946789,0.0004262548568365438,interpolado
0.462,0.000408,original
0.4620666133226644,0.0003593839805848285,interpolado
0.4621664332866573,0.00023695870985469277,interpolado
0.4622662532506501,5.896931338867688e-05,interpolado
0.4623660732146429,-0.00017019654021617904,interpolado
0.46246589317863573,-0.0004461511823623849,interpolado
0.46256571314262857,-0.0007645069444528203,interpolado
0.4626655331066214,-0.00112087615789046,interpolado
0.4627653530706143,-0.0015108711540776727,interpolado
0.46286517303460684,-0.001930104264417412,interpolado
0.463,-0.002535,original
0.4630648129625925,-0.0028377436035175816,interpolado
0.4631646329265854,-0.0033031210268843468,interpolado
0.4632644528905782,-0.0037443767909711564,interpolado
0.46336427285457094,-0.004135411513423336,interpolado
0.4634640928185637,-0.004450125811886103,interpolado
0.4635639127825566,-0.004662420304004157,interpolado
0.46366373274654943,-0.004746195607422768,interpolado
0.46376355271054215,-0.004675352339786896,interpolado
0.4638633726745349,-0.004423791118741693,interpolado
0.464,-0.003739,original
0.4640630126025205,-0.003276634925807048,interpolado
0.46416283256651336,-0.00236725042897008,interpolado
0.4642626525305061,-0.0012707081333512013,interpolado
0.4643624724944989,-2.095888305608847e-05,interpolado
0.46446229245849174,0.0013480464778099274,interpolado
0.4645621124224845,0.002802357105139192,interpolado
0.4646619323864773,0.0043080221548271545,interpolado
0.46476175235047007,0.005831090782766012,interpolado
0.46486157231446285,0.007337612144850465,interpolado
0.465,0.009336,original
0.4650612122424484,0.010164996450162542,interpolado
0.4651610322064413,0.011414501779940994,interpolado
0.46526085217043406,0.01250270565339802,interpolado
0.4653606721344269,0.013390108833624695,interpolado
0.4654604920984197,0.01403721208371165,interpolado
0.4655603120624125,0.014404516166748498,interpolado
0.4656601320264053,0.014452521845825943,interpolado
0.4657599519903981,0.014141729884034258,interpolado
0.4658597719543908,0.013432641044463914,interpolado
0.466,0.011688,original
0.46605941188237654,0.010667078920643369,interpolado
0.4661592318463693,0.008626545806805077,interpolado
0.46625905181036204,0.006279526860725281,interpolado
0.46635887177435487,0.003743123584933173,interpolado
0.4664586917383477,0.001134437481957536,interpolado
0.4665585117023404,-0.0014294299456684546,interpolado
0.46665833166633325,-0.0038313771954172756,interpolado
0.4667581516303259,-0.005954302764755984,interpolado
0.4668579715943188,-0.007681105151155742,interpolado
0.467,-0.009225,original
0.46705761152230435,-0.00948517972928198,interpolado
0.4671574314862972,-0.009461603295303782,interpolado
0.46725725145028996,-0.008930121067646356,interpolado
0.46735707141428273,-0.007999749810985427,interpolado
0.4674568913782756,-0.0067795062899958305,interpolado
0.46755671134226834,-0.005378407269354545,interpolado
0.4676565313062612,-0.0039054695137357275,interpolado
0.467756351270254,-0.0024697097878166375,interpolado
0.4678561712342467,-0.0011801448562720439,interpolado
0.468,0.000201,original
0.4680558111622323,0.0005292660873189416,interpolado
0.4681556311262252,0.0008281670843958294,interpolado
0.46825545109021804,0.0008087967831141641,interpolado
0.4683552710542108,0.0005314588388558556,interpolado
0.46845509101820354,5.645690700224446e-05,interpolado
0.46855491098219637,-0.0005559053570644675,interpolado
0.4686547309461892,-0.00124532429796285,interpolado
0.4687545509101821,-0.0019514962603116403,interpolado
0.46885437087417486,-0.0026141175887283833,interpolado
0.469,-0.003378,original
0.4690540108021604,-0.00356982093986639,interpolado
0.4691538307661532,-0.0037914093208227984,interpolado
0.469253650730146,-0.0038640714183852615,interpolado
0.46935347069413874,-0.003815648761905588,interpolado
0.4694532906581316,-0.0036739828807356395,interpolado
0.4695531106221244,-0.003466915304227463,interpolado
0.4696529305861172,-0.0032222875617328828,interpolado
0.46975275055011,-0.0029679411826036384,interpolado
0.4698525705141028,-0.002731717696191904,interpolado
0.47,-0.002475,original
0.47005221044208834,-0.0024238245379521388,interpolado
0.4701520304060811,-0.0023810415896934807,interpolado
0.470251850370074,-0.0023923275151390105,interpolado
0.4703516703340668,-0.0024360045698590908,interpolado
0.47045149029805955,-0.002490395009424131,interpolado
0.4705513102620523,-0.0025338210894044473,interpolado
0.4706511302260451,-0.002544605065370453,interpolado
0.470750950190038,-0.002501069192892494,interpolado
0.4708507701540307,-0.0023815357275409933,interpolado
0.471,-0.002014,original
0.47105041008201637,-0.001828853680579421,interpolado
0.47115023004600914,-0.001378986260725567,interpolado
0.471250050010002,-0.0008427367049206712,interpolado
0.47134986997399475,-0.0002491421700486386,interpolado
0.4714496899379875,0.0003727601870078625,interpolado
0.47154950990198036,0.0009939332093648326,interpolado
0.4716493298659732,0.001585339740139318,interpolado
0.47174914982996596,0.0021179426224482976,interpolado
0.47184896979395885,0.0025627046994078735,interpolado
0.4719487897579516,0.002890588814135208,interpolado
0.472,0.003004,original
0.4721484296859371,0.0031057754789918565,interpolado
0.47224824964993,0.0030051821107338443,interpolado
0.4723480696139228,0.002790475181103544,interpolado
0.4724478895779156,0.0024804318774303592,interpolado
0.47254770954190833,0.0020938293870442614,interpolado
0.4726475295059011,0.0016494448972747238,interpolado
0.47274734946989394,0.0011660555954510906,interpolado
0.4728471694338867,0.0006624386689035258,interpolado
0.4729469893978796,0.00015737130496111312,interpolado
0.473,-0.000105,original
0.4731466293258651,-0.0007965982633831401,interpolado
0.4732464492898579,-0.0012480471858227968,interpolado
0.47334626925385076,-0.0016940361998789418,interpolado
0.47344608921784354,-0.002143410685890302,interpolado
0.4735459091818363,-0.0026050160241946054,interpolado
0.4736457291458292,-0.003087697595130322,interpolado
0.47374554910982203,-0.0036003007790359684,interpolado
0.47384536907381475,-0.004151670956249201,interpolado
0.4739451890378076,-0.004750653507108864,interpolado
0.474,-0.005103,original
0.47414482896579324,-0.006102556899517257,interpolado
0.47424464892978596,-0.006804693427627075,interpolado
0.4743444688937788,-0.007472922892387292,interpolado
0.4744442888577715,-0.008068393553763896,interpolado
0.4745441088217644,-0.008552253671722708,interpolado
0.4746439287857571,-0.008885651506228767,interpolado
0.47474374874974995,-0.009029735317247992,interpolado
0.47484356871374267,-0.008945653364745797,interpolado
0.47494338867773545,-0.008594553908687913,interpolado
0.475,-0.008262,original
0.47514302860572105,-0.006995727731846848,interpolado
0.4752428485697139,-0.005843501813052653,interpolado
0.4753426685337067,-0.004565736200489094,interpolado
0.47544248849769954,-0.003245610043900185,interpolado
0.4755423084616923,-0.0019663024930298475,interpolado
0.4756421284256851,-0.000810992697624146,interpolado
0.4757419483896779,0.00013714019257350207,interpolado
0.4758417683536707,0.0007949170278173951,interpolado
0.4759415883176635,0.001079158658363524,interpolado
0.476,0.001039,original
0.47614122824564914,0.00028092480242269816,interpolado
0.476241048209642,-0.0007105028556178796,interpolado
0.4763408681736347,-0.0019651160024985394,interpolado
0.47644068813762736,-0.0033826165339370063,interpolado
0.4765405081016203,-0.004862706345651369,interpolado
0.476640328065613,-0.006305087333357205,interpolado
0.4767401480296058,-0.00760946139277326,interpolado
0.4768399679935986,-0.00867553041961531,interpolado
0.4769397879575914,-0.009402996309601392,interpolado
0.477,-0.009636,original
0.47713942788557695,-0.009519914147799105,interpolado
0.47723924784957,-0.008949870193132353,interpolado
0.4773390678135626,-0.008056847928061507,interpolado
0.4774388877775555,-0.0069144554393970135,interpolado
0.4775387077415484,-0.005596300813948749,interpolado
0.47763852770554105,-0.004175992138528866,interpolado
0.477738347669534,-0.0027271374999465227,interpolado
0.47783816763352677,-0.0013233449850140176,interpolado
0.4779379875975196,-3.82226805411907e-05,interpolado
0.478,0.000668,original
0.4781376275255052,0.001922278665000998,interpolado
0.478237447489498,0.0025780574668748586,interpolado
0.47833726745349087,0.0030423640018440445,interpolado
0.47843708741748353,0.0033347607939729733,interpolado
0.47853690738147636,0.003474810367325687,interpolado
0.47863672734546914,0.0034820752459660377,interpolado
0.4787365473094619,0.003376117953958057,interpolado
0.4788363672734547,0.0031765010153658726,interpolado
0.4789361872374474,0.0029027869542534545,interpolado
0.479,0.002698,original
0.47913582716543307,0.0022072807015083577,interpolado
0.47923564712942585,0.0018116072984847317,interpolado
0.4793354670934186,0.0013973917790060992,interpolado
0.47943528705741145,0.0009745830423439644,interpolado
0.4795351070214042,0.0005531299877698146,interpolado
0.4796349269853969,0.00014298151455583976,interpolado
0.4797347469493897,-0.00024591347802668616,interpolado
0.47983456691338255,-0.0006036060907056083,interpolado
0.47993438687737544,-0.0009201474242094318,interpolado
0.48,-0.001101,original
0.480134026805361,-0.0013937214669900108,interpolado
0.4802338467693537,-0.0015432441600501448,interpolado
0.48033366673334654,-0.0016335423935156267,interpolado
0.48043348669733943,-0.001663939711157387,interpolado
0.4805333066613322,-0.0016337596567464916,interpolado
0.4806331266253249,-0.0015423257740540062,interpolado
0.48073294658931776,-0.0013889616068509631,interpolado
0.48083276655331053,-0.0011729906989082581,interpolado
0.4809325865173033,-0.0008937365939971624,interpolado
0.481,-0.000669,original
0.4811322264452889,-0.0001490071545086792,interpolado
0.48123204640928174,0.0002962552468340452,interpolado
0.48133186637327463,0.0007694967658537931,interpolado
0.48143168633726735,0.0012550430465379679,interpolado
0.4815315063012601,0.0017372197328750312,interpolado
0.48163132626525296,0.0022003524688523793,interpolado
0.4817311462292457,0.00262876689845822,interpolado
0.4818309661932385,0.003006788665680687,interpolado
0.4819307861572313,0.0033187434145072903,interpolado
0.482,0.003488,original
0.48213042608521695,0.003684639624680365,interpolado
0.4822302460492097,0.003717334948456924,interpolado
0.48233006601320255,0.003639166098913991,interpolado
0.4824298859771954,0.003442219132110056,interpolado
0.4825297059411882,0.0031185801041032977,interpolado
0.48262952590518093,0.002660335070952481,interpolado
0.48272934586917376,0.002059570088715871,interpolado
0.48282916583316654,0.0013083712134514158,interpolado
0.48292898579715937,0.00039882450121835186,interpolado
0.483,-0.000349,original
0.48312862572514503,-0.0018981197094665328,interpolado
0.4832284456891378,-0.0031974245029815973,interpolado
0.48332826565313075,-0.004501589281024974,interpolado
0.48342808561712347,-0.005737628976612386,interpolado
0.4835279055811163,-0.006832558522762323,interpolado
0.4836277255451091,-0.007713392852490741,interpolado
0.4837275455091018,-0.008307146898815497,interpolado
0.48382736547309463,-0.008540835594753812,interpolado
0.48392718543708735,-0.0083414738733226,interpolado
0.484,-0.007881,original
0.484126825365073,-0.006415871129835577,interpolado
0.4842266453290657,-0.004781706554996551,interpolado
0.4843264652930586,-0.002849064182887682,interpolado
0.4844262852570513,-0.0007328053111601726,interpolado
0.4845261052210441,0.0014522087625391854,interpolado
0.48462592518503694,0.0035911167405589116,interpolado
0.48472574514902966,0.005569057325251206,interpolado
0.48482556511302244,0.0072711692189679124,interpolado
0.48492538507701516,0.008582591124058087,interpolado
0.485,0.009239,original
0.4851250250050009,0.009632233039127412,interpolado
0.48522484496899376,0.009363280789388579,interpolado
0.48532466493298654,0.008645287145149219,interpolado
0.4854244848969793,0.0075414564658572705,interpolado
0.4855243048609722,0.006114993110959547,interpolado
0.48562412482496503,0.004429101439902154,interpolado
0.485723944788958,0.0025469858121340942,interpolado
0.48582376475295075,0.0005318505871004511,interpolado
0.4859235847169434,-0.0015530998757494066,interpolado
0.486,-0.003157,original
0.4861232246449293,-0.005686741964934233,interpolado
0.486223044608922,-0.007636981218887508,interpolado
0.4863228645729149,-0.00945490929307357,interpolado
0.48642268453690757,-0.011100007764439031,interpolado
0.48652250450090034,-0.012531758209933604,interpolado
0.4866223244648931,-0.013709642206506513,interpolado
0.48672214442888584,-0.014593141331105097,interpolado
0.4868219643928787,-0.015141737160678934,interpolado
0.4869217843568715,-0.01531491127217606,interpolado
0.487,-0.015162,original
0.4871214242848571,-0.014410123268026166,interpolado
0.48722124424884977,-0.013401765859218331,interpolado
0.48732106421284266,-0.012130775173694935,interpolado
0.48742088417683543,-0.010680643823351675,interpolado
0.4875207041408281,-0.009134864420082153,interpolado
0.48762052410482093,-0.007576929575779771,interpolado
0.48772034406881376,-0.006090331902340538,interpolado
0.4878201640328066,-0.004758564011657158,interpolado
0.4879199839967994,-0.0036651185156253907,interpolado
0.488,-0.003017,original
0.4881196239247851,-0.0024856322444772724,interpolado
0.48821944388877775,-0.0023932480182713364,interpolado
0.4883192638527706,-0.002554848465126005,interpolado
0.4884190838167633,-0.0029091351518902332,interpolado
0.48851890378075613,-0.003394809645413205,interpolado
0.488618723744749,-0.0039505735125444,interpolado
0.4887185437087418,-0.004515128320132331,interpolado
0.4888183636727346,-0.005027175635026716,interpolado
0.4889181836367275,-0.005425417024076117,interpolado
0.489,-0.005624,original
0.489117823564713,-0.005662160856386101,interpolado
0.48921764352870584,-0.005493696540606006,interpolado
0.48931746349269867,-0.005180001437664881,interpolado
0.48941728345669144,-0.004757820006666189,interpolado
0.48951710342068416,-0.004263896706712891,interpolado
0.489616923384677,-0.003734975996907791,interpolado
0.48971674334866977,-0.003207802336354592,interpolado
0.4898165633126626,-0.00271912018415585,interpolado
0.48991638327665543,-0.002305673999415225,interpolado
0.49,-0.002044,original
0.4901160232046409,-0.0018323465065561012,interpolado
0.4902158431686338,-0.001761087402077085,interpolado
0.4903156631326266,-0.0017540638595419887,interpolado
0.4904154830966195,-0.0017749608916023717,interpolado
0.4905153030606121,-0.0017874635109097832,interpolado
0.49061512302460486,-0.0017552567301157545,interpolado
0.49071494298859775,-0.001642025561871873,interpolado
0.49081476295259047,-0.0014114550188295365,interpolado
0.49091458291658335,-0.0010272301136405528,interpolado
0.491,-0.000549,original
0.49111422284456885,0.00032316469846352955,interpolado
0.4912140428085617,0.0012507648883181759,interpolado
0.49131386277255445,0.0022688104719607075,interpolado
0.4914136827365473,0.003316395885377052,interpolado
0.4915135027005401,0.004332615564551369,interpolado
0.4916133226645329,0.005256563945470065,interpolado
0.49171314262852567,0.0060273354641174354,interpolado
0.49181296259251844,0.006584024556479377,interpolado
0.49191278255651133,0.006865725658541304,interpolado
0.492,0.006839,original
0.492112422484497,0.00639489079794631,interpolado
0.49221224244848977,0.005682973804820533,interpolado
0.4923120624124826,0.004759189754190885,interpolado
0.4924118823764753,0.0037068977863196836,interpolado
0.49251170234046804,0.0026094570414710618,interpolado
0.4926115223044609,0.0015502266599068237,interpolado
0.49271134226845376,0.0006125657818911105,interpolado
0.49281116223244653,-0.00012016645231376533,interpolado
0.4929109821964394,-0.0005646109024450281,interpolado
0.493,-0.00065,original
0.49311062212442497,-0.0002927674635231187,interpolado
0.49321044208841763,0.00040674023506394845,interpolado
0.49331026205241063,0.001378827269051459,interpolado
0.49341008201640335,0.0025412412199076416,interpolado
0.4935099019803961,0.003811729669098709,interpolado
0.4936097219443889,0.005108040198093515,interpolado
0.49370954190838173,0.006347920388358134,interpolado
0.4938093618723746,0.007449117821360822,interpolado
0.49390918183636734,0.00832938007856954,interpolado
0.494,0.008869,original
0.49410882176435283,0.009127114129951415,interpolado
0.4942086417283458,0.009026593412444599,interpolado
0.49430846169233844,0.008657064408883534,interpolado
0.49440828165633127,0.008070682510295388,interpolado
0.494508101620324,0.007319603107708387,interpolado
0.4946079215843169,0.006455981592149307,interpolado
0.49470774154830965,0.005531973354646674,interpolado
0.49480756151230243,0.004599733786227583,interpolado
0.49490738147629526,0.0037114182779191093,interpolado
0.495,0.002972,original
0.4951070214042809,0.002261220157958613,interpolado
0.4952068413682737,0.0017307812731787628,interpolado
0.49530666133226653,0.0013120488849667868,interpolado
0.4954064812962593,0.0009892105654922038,interpolado
0.495506301260252,0.0007464538869250409,interpolado
0.49560612122424497,0.0005679664214346849,interpolado
0.4957059411882377,0.0004379357411910015,interpolado
0.4958057611522305,0.0003405494183635504,interpolado
0.49590558111622335,0.00025999502512196403,interpolado
0.496,0.000185,original
0.49610522104420907,9.074874651116837e-05,interpolado
0.49620504100820173,-4.640635360917136e-06,interpolado
0.4963048609721946,-9.7871405216509e-05,interpolado
0.4964046809361874,-0.00018110758065945047,interpolado
0.4965045009001801,-0.0002465131792934465,interpolado
0.49660432086417294,-0.0002862522187223616,interpolado
0.49670414082816566,-0.00029248871654994935,interpolado
0.4968039607921586,-0.00025738669038004097,interpolado
0.49690378075615144,-0.00017311015781637583,interpolado
0.497,-3.8e-05,original
0.4971034206841369,0.00017084395769772755,interpolado
0.4972032406481296,0.00042681829406238613,interpolado
0.4973030606121225,0.0007252349283118298,interpolado
0.49740288057611537,0.0010552290624206374,interpolado
0.49750270054010803,0.001405935898362698,interpolado
0.49760252050410086,0.0017664906381124484,interpolado
0.49770234046809375,0.0021260284836443462,interpolado
0.4978021604320865,0.0024736846369322486,interpolado
0.49790198039607936,0.002798594299950788,interpolado
0.498,0.003085,original
0.4981016203240649,0.0033367149630759148,interpolado
0.4982014402880577,0.0035281963671312993,interpolado
0.49830126025205046,0.003653472088814059,interpolado
0.49840108021604335,0.0037016773300985796,interpolado
0.49850090018003607,0.003661947292959063,interpolado
0.4986007201440289,0.00352341717936982,interpolado
0.4987005401080217,0.003275222191304941,interpolado
0.49880036007201445,0.0029064975307389563,interpolado
0.4989001800360072,0.002406378399645706,interpolado
0.499,0.001764,original
