Time - Voltage_1,Amplitude - Voltage_1,tipo_valor
0.0,-0.007706,original
9.981996399279867e-05,-0.007633258882653972,interpolado
0.00019963992798559732,-0.007335525869497212,interpolado
0.000299459891978396,-0.006841451475808481,interpolado
0.00039927985597119453,-0.006179686216866523,interpolado
0.0004990998199639931,-0.005378880607950102,interpolado
0.0005989197839567919,-0.004467685164337973,interpolado
0.0006987397479495905,-0.003474750401308888,interpolado
0.0007985597119423888,-0.0024287268341416017,interpolado
0.0008983796759351872,-0.00135826497811487,interpolado
0.001,-0.000273,original
0.0010980196039207845,0.0007413715394019031,interpolado
0.0011978395679135832,0.0017132451703344381,interpolado
0.0012976595319063818,0.002594955029011398,interpolado
0.0013974794958991803,0.003357850600154025,interpolado
0.0014972994598919786,0.003973281368483565,interpolado
0.0015971194238847772,0.004412596818721266,interpolado
0.0016969393878775757,0.0046471464355883705,interpolado
0.0017967593518703746,0.004648279703806123,interpolado
0.001896579315863173,0.004387346108095771,interpolado
0.002,0.00381,original
0.00209621924384877,0.0029795143488259446,interpolado
0.0021960392078415694,0.0018711323754223557,interpolado
0.002295859171834368,0.0005813000097080478,interpolado
0.002395679135827166,-0.0008192311739697314,interpolado
0.0024954990998199648,-0.002259709601263741,interpolado
0.0025953190638127637,-0.0036693836978267435,interpolado
0.0026951390278055617,-0.004977501889311493,interpolado
0.002794958991798361,-0.006113312601370758,interpolado
0.0028947789557911595,-0.007006064259657294,interpolado
0.003,-0.007606,original
0.003094418883776757,-0.00779767193118743,interpolado
0.0031942388477695545,-0.007677667651445601,interpolado
0.0032940588117623534,-0.0072838922769107315,interpolado
0.0033938787757551514,-0.006675249057054279,interpolado
0.0034936987397479503,-0.005910641241347708,interpolado
0.0035935187037407475,-0.005048972079262465,interpolado
0.003693338667733547,-0.0041491448202700155,interpolado
0.0037931586317263444,-0.003270062713841818,interpolado
0.003892978595719143,-0.002470629009449323,interpolado
0.004,-0.001769,original
0.004092618523704739,-0.0013351211228632611,interpolado
0.004192438487697538,-0.001038800986733716,interpolado
0.004292258451690337,-0.0008955794092295221,interpolado
0.0043920784156831335,-0.0008802439872163142,interpolado
0.004491898379675935,-0.0009675823175597326,interpolado
0.004591718343668733,-0.0011323819971254142,interpolado
0.00469153830766153,-0.001349430622779,interpolado
0.00479135827165433,-0.0015935157913861255,interpolado
0.004891178235647129,-0.0018394250998124302,interpolado
0.005,-0.00208,original
0.005090818163632725,-0.0022373390317234304,interpolado
0.005190638127625526,-0.002349593573606094,interpolado
0.005290458091618324,-0.0023852271495389877,interpolado
0.005390278055611122,-0.002330758572418689,interpolado
0.0054900980196039215,-0.002172706655141767,interpolado
0.00558991798359672,-0.0018975902106047994,interpolado
0.005689737947589518,-0.0014919280517043574,interpolado
0.005789557911582318,-0.0009422389913370094,interpolado
0.005889377875575115,-0.00023504184239933872,interpolado
0.006,0.000749,original
0.006089017803560713,0.001697098296057593,interpolado
0.006188837767553511,0.0028833267345213854,interpolado
0.00628865773154631,0.004141697365905543,interpolado
0.006388477695539108,0.00541206210677557,interpolado
0.006488297659531905,0.006634272873697002,interpolado
0.006588117623524705,0.007748181583235385,interpolado
0.006687937587517502,0.00869364015195622,interpolado
0.006787757551510303,0.00941050049642505,interpolado
0.006887577515503101,0.009838614533207396,interpolado
0.007,0.0099,original
0.007087217443488696,0.009603320562250972,interpolado
0.007187037407481496,0.008939981018484023,interpolado
0.007286857371474294,0.008005325185268202,interpolado
0.007386677335467093,0.006876908886800876,interpolado
0.007486497299459892,0.005632287947279426,interpolado
0.0075863172634526915,0.004349018190901219,interpolado
0.00768613722744549,0.003104655441863617,interpolado
0.007785957191438287,0.0019767555243640077,interpolado
0.007885777155431088,0.001042874262599756,interpolado
0.008,0.000312,original
0.008085417083416686,5.378311611596554e-05,interpolado
0.008185237047409484,4.211645327377958e-05,interpolado
0.008285057011402286,0.0002928838927877083,interpolado
0.008384876975395084,0.0007533365966151737,interpolado
0.008484696939387882,0.0013707257267135805,interpolado
0.00858451690338068,0.002092302445040373,interpolado
0.00868433686737348,0.0028653179135529603,interpolado
0.00878415683136628,0.003637023294208746,interpolado
0.008883976795359077,0.00435466974896518,interpolado
0.009,0.005051,original
0.009083616723344675,0.005423535731456936,interpolado
0.00918343668733747,0.005726982619783394,interpolado
0.009283256651330271,0.005891903580624878,interpolado
0.009383076615323067,0.005934402171731342,interpolado
0.009482896579315865,0.005870581950852765,interpolado
0.009582716543308663,0.005716546475739111,interpolado
0.009682536507301462,0.005488399304140346,interpolado
0.009782356471294258,0.005202243993806449,interpolado
0.00988217643528706,0.004874184102487376,interpolado
0.01,0.004455,original
0.010081816363272652,0.004155463404684886,interpolado
0.010181636327265452,0.0037853728642192547,interpolado
0.01028145629125825,0.003411988383372755,interpolado
0.01038127625525105,0.0030372329123982316,interpolado
0.010481096219243848,0.0026630294015485326,interpolado
0.010580916183236646,0.0022913008010764903,interpolado
0.010680736147229445,0.001923970061234951,interpolado
0.010780556111222242,0.0015629601322767659,interpolado
0.01088037607521504,0.0012101939644547656,interpolado
0.011,0.000801,original
0.01108001600320064,0.0005373174956598214,interpolado
0.011179835967193439,0.0002232302390499159,interpolado
0.011279655931186237,-7.003625646152406e-05,interpolado
0.011379475895179035,-0.0003378474563318835,interpolado
0.011479295859171835,-0.0005755688260185616,interpolado
0.011579115823164633,-0.0007785658309789434,interpolado
0.011678935787157431,-0.0009422039366704163,interpolado
0.01177875575115023,-0.001061848608550376,interpolado
0.01187857571514303,-0.0011328653120762087,interpolado
0.012,-0.001147,original
0.012078215643128627,-0.0011115658712488893,interpolado
0.012178035607121426,-0.0010206476048511789,interpolado
0.012277855571114226,-0.0008867912481743709,interpolado
0.01237767553510702,-0.0007189462892674191,interpolado
0.012477495499099822,-0.0005260622161792691,interpolado
0.01257731546309262,-0.00031708851695887424,interpolado
0.012677135427085416,-0.00010097467965518932,interpolado
0.012776955391078218,0.0001133298076828421,interpolado
0.012876775355071018,0.0003168754570062656,interpolado
0.013,0.00054,original
0.013076415283056614,0.0006568475046936879,interpolado
0.013176235247049412,0.0007851821025787793,interpolado
0.01327605521104221,0.0008895147332059972,interpolado
0.013375875175035011,0.0009736710012089334,interpolado
0.01347569513902781,0.001041476511221174,interpolado
0.013575515103020611,0.0010967568678763077,interpolado
0.01367533506701341,0.0011433376758079228,interpolado
0.013775155031006209,0.001185044539649608,interpolado
0.01387497499499901,0.0012257030640349523,interpolado
0.014,0.001281,original
0.014074614922984603,0.00131882166512245,interpolado
0.014174434886977401,0.0013750980409663308,interpolado
0.014274254850970199,0.0014366953037400023,interpolado
0.014374074814962995,0.001502327059359208,interpolado
0.014473894778955797,0.00157070691373969,interpolado
0.014573714742948593,0.0016405484727971883,interpolado
0.01467353470694139,0.0017105653424474474,interpolado
0.014773354670934187,0.0017794711286062085,interpolado
0.014873174634926982,0.0018459794371892123,interpolado
0.015,0.001925,original
0.01507281456291258,0.0019657290881586373,interpolado
0.01517263452690538,0.0020058754635689643,interpolado
0.015272454490898178,0.002013644328570135,interpolado
0.015372274454890979,0.0019733896207213583,interpolado
0.015472094418883775,0.0018694652775818428,interpolado
0.015571914382876577,0.0016862252367108015,interpolado
0.015671734346869373,0.0014080234356674372,interpolado
0.015771554310862173,0.0010192138120109695,interpolado
0.015871374274854976,0.0005041503033005827,interpolado
0.016,-0.000371,original
0.016071014202840572,-0.0009630041149141876,interpolado
0.016170834166833372,-0.0018949037532935034,interpolado
0.016270654130826165,-0.0028924846991347022,interpolado
0.01637047409481896,-0.0038994313558034116,interpolado
0.016470294058811764,-0.004859428126665258,interpolado
0.016570114022804557,-0.005716159415085766,interpolado
0.016669933986797354,-0.0064133096244305705,interpolado
0.016769753950790153,-0.006894563158065279,interpolado
0.016869573914782953,-0.0071036044193554465,interpolado
0.017,-0.006873,original
0.017069213842768553,-0.006487379839478922,interpolado
0.017169033806761345,-0.005644885535927456,interpolado
0.01726885377075415,-0.004536305588713141,interpolado
0.017368673734746952,-0.003241967145100247,interpolado
0.01746849369873975,-0.0018421973523531881,interpolado
0.017568313662732548,-0.00041732335773623814,interpolado
0.01766813362672535,0.0009523276914863255,interpolado
0.017767953590718144,0.002186428648050085,interpolado
0.017867773554710947,0.003204652364690803,interpolado
0.018,0.004084,original
0.018067413482696543,0.004279136764994742,interpolado
0.01816723344668934,0.004267304645110572,interpolado
0.018267053410682136,0.003945982386104431,interpolado
0.01836687337467494,0.003370752110137047,interpolado
0.01846669333866774,0.002597195939369111,interpolado
0.018566513302660535,0.0016808959959613982,interpolado
0.018666333266653328,0.0006774344020746069,interpolado
0.01876615323064613,-0.00035760672013057947,interpolado
0.018865973194638928,-0.0013686452484933634,interpolado
0.019,-0.002591,original
0.019065613122624524,-0.0030991895711315553,interpolado
0.01916543308661732,-0.0037468607459609786,interpolado
0.019265253050610116,-0.004246362628489365,interpolado
0.019365073014602913,-0.00460134252013753,interpolado
0.019464892978595716,-0.004815447722326252,interpolado
0.019564712942588512,-0.004892325536476352,interpolado
0.019664532906581312,-0.004835623264008629,interpolado
0.01976435287057411,-0.004648988206343896,interpolado
0.019864172834566908,-0.00433606766490295,interpolado
0.02,-0.003714,original
0.02006381276255251,-0.0033471117730811987,interpolado
0.020163632726545307,-0.002695497590260495,interpolado
0.02026345269053811,-0.0019755732358894443,interpolado
0.02036327265453091,-0.0012174525971649362,interpolado
0.02046309261852371,-0.00045124956128377887,interpolado
0.02056291258251651,0.0002929219845572171,interpolado
0.020662732546509306,0.0009849481531611624,interpolado
0.02076255251050211,0.0015947150573312713,interpolado
0.02086237247449491,0.002092108809870664,interpolado
0.021,0.002538,original
0.02106201240248051,0.0026315171798643347,interpolado
0.021161832366473305,0.0026479394351181457,interpolado
0.021261652330466105,0.002520621588919091,interpolado
0.0213614722944589,0.0022744005709845585,interpolado
0.021461292258451697,0.0019341133110319696,interpolado
0.021561112222444494,0.0015245967387787157,interpolado
0.02166093218643729,0.001070687783942183,interpolado
0.02176075215043009,0.000597223376239804,interpolado
0.021860572114422883,0.00012904044538896334,interpolado
0.022,-0.000469,original
0.02206021204240848,-0.0006933556158000726,interpolado
0.022160032006401275,-0.0010183992891949828,interpolado
0.022259851970394078,-0.0012923857880636001,interpolado
0.02235967193438687,-0.0015238937309087859,interpolado
0.022459491898379667,-0.001721501736233431,interpolado
0.022559311862372467,-0.001893788422540422,interpolado
0.022659131826365267,-0.0020493324083326273,interpolado
0.02275895179035806,-0.0021967123121129336,interpolado
0.022858771754350866,-0.0023445067523842275,interpolado
0.023,-0.002571,original
0.02305841168233646,-0.0026750359631888374,interpolado
0.023158231646329266,-0.002863883546480189,interpolado
0.023258051610322066,-0.003058138025435417,interpolado
0.023357871574314865,-0.003247880249525207,interpolado
0.02345769153830767,-0.0034231910682202427,interpolado
0.023557511502300465,-0.0035741513309911917,interpolado
0.02365733146629326,-0.003690841887308737,interpolado
0.02375715143028606,-0.0037633435866435616,interpolado
0.023856971394278864,-0.003781737278466337,interpolado
0.024,-0.003694,original
0.024056611322264457,-0.003617277380681421,interpolado
0.024156431286257257,-0.0034289735585766256,interpolado
0.024256251250250056,-0.003185717387472769,interpolado
0.024356071214242853,-0.002902368870362936,interpolado
0.024455891178235652,-0.0025937880102401886,interpolado
0.02455571114222845,-0.0022748348100975818,interpolado
0.02465553110622125,-0.001960369272928208,interpolado
0.024755351070214045,-0.0016652514017251232,interpolado
0.024855171034206848,-0.001404341199481388,interpolado
0.025,-0.001117,original
0.02505481096219244,-0.0010435522992821814,interpolado
0.025154630926185237,-0.0009522953777789598,interpolado
0.02525445089017804,-0.0008967758777844463,interpolado
0.025354270854170833,-0.0008544705947211485,interpolado
0.025454090818163633,-0.0008028563240115768,interpolado
0.025553910782156432,-0.0007194098610782465,interpolado
0.02565373074614923,-0.0005816080013436683,interpolado
0.02575355071014203,-0.0003669275402303449,interpolado
0.02585337067413483,-5.284527316080359e-05,interpolado
0.026,0.000636,original
0.02605301060212042,0.0009618573127381259,interpolado
0.026152830566113224,0.0016688649873605342,interpolado
0.026252650530106014,0.0024574064473147353,interpolado
0.02635247049409882,0.003279491207874247,interpolado
0.026452290458091617,0.004087128784312502,interpolado
0.026552110422084416,0.004832328691903015,interpolado
0.026651930386077216,0.0054671004459192945,interpolado
0.026751750350070016,0.005943453561634783,interpolado
0.026851570314062816,0.006213397554322995,interpolado
0.027,0.00613,original
0.02705121024204842,0.005944602054567747,interpolado
0.02715103020604122,0.005369149274564842,interpolado
0.02725085017003401,0.004563798220873696,interpolado
0.02735067013402681,0.0035919066489456426,interpolado
0.027450490098019614,0.002516832314232001,interpolado
0.02755031006201241,0.0014019329721841956,interpolado
0.027650130026005214,0.0003105663782535467,interpolado
0.027749949989998014,-0.0006939097121086309,interpolado
0.02784976995399081,-0.0015481375434509104,interpolado
0.027949589917983606,-0.002188759360321977,interpolado
0.028,-0.002411,original
0.028149229845969206,-0.0026392703246812662,interpolado
0.028249049809962005,-0.0024906526800160967,interpolado
0.028348869773954805,-0.0021595692724531925,interpolado
0.028448689737947598,-0.0016967194271967003,interpolado
0.0285485097019404,-0.0011528024694507364,interpolado
0.028648329665933194,-0.0005785177244194072,interpolado
0.028748149629925987,-2.456451730687895e-05,interpolado
0.028847969593918794,0.0004583578266827449,interpolado
0.028947789557911587,0.0008195499823453471,interpolado
0.029,0.000943,original
0.02914742948589718,0.001015856069741834,interpolado
0.029247249449889975,0.0008634339635768396,interpolado
0.02934706941388278,0.0005798068218746985,interpolado
0.029446889377875568,0.0001923237857335355,interpolado
0.029546709341868368,-0.00027166600374853864,interpolado
0.029646529305861168,-0.0007848134054733642,interpolado
0.029746349269853964,-0.0013197692783428292,interpolado
0.02984616923384676,-0.0018491844812588234,interpolado
0.02994598919783956,-0.0023457098731231828,interpolado
0.03,-0.002591,original
0.03014562912582516,-0.0031455465407821855,interpolado
0.030245449089817963,-0.003435564190788498,interpolado
0.03034526905381076,-0.0036538596359373234,interpolado
0.030445089017803562,-0.003801780981359336,interpolado
0.030544908981796355,-0.003880676332185192,interpolado
0.030644728945789155,-0.0038918937935455665,interpolado
0.030744548909781958,-0.0038367814705711294,interpolado
0.03084436887377475,-0.003716687468392548,interpolado
0.030944188837767558,-0.003532959892140487,interpolado
0.031,-0.003403,original
0.03114382876575315,-0.0029875133117551853,interpolado
0.03124364872974596,-0.0026499987820642473,interpolado
0.03134346869373875,-0.0022910433021912147,interpolado
0.03144328865773155,-0.001927071579467876,interpolado
0.03154310862172435,-0.0015745083212260315,interpolado
0.031642928585717156,-0.00124977823479748,interpolado
0.03174274854970995,-0.0009693060275140044,interpolado
0.03184256851370275,-0.000749516406707444,interpolado
0.03194238847769555,-0.0006068340797095773,interpolado
0.032,-0.000566,original
0.03214202840568114,-0.0005997835018662784,interpolado
0.03224184836967394,-0.0007133146182087392,interpolado
0.03234166833366674,-0.0008752459310204988,interpolado
0.03244148829765954,-0.0010630372531696514,interpolado
0.03254130826165234,-0.001254148397524286,interpolado
0.032641128225645126,-0.0014260391769524907,interpolado
0.03274094818963792,-0.0015561694043223556,interpolado
0.03284076815363072,-0.0016219988925019703,interpolado
0.03294058811762353,-0.0016009874543594144,interpolado
0.033,-0.001538,original
0.03314022804560912,-0.0012300344700861097,interpolado
0.03324004800960192,-0.0009006289424222177,interpolado
0.033339867973594714,-0.0005074375475215634,interpolado
0.03343968793758752,-7.499900491796255e-05,interpolado
0.03353950790158032,0.0003721479658546775,interpolado
0.03363932786557312,0.0008094646452625391,interpolado
0.03373914782956591,0.0012124123137717752,interpolado
0.033838967793558716,0.0015564522518485393,interpolado
0.033938787757551506,0.0018170457399589845,interpolado
0.034,0.001925,original
0.03413842768553711,0.0020109981843338494,interpolado
0.03423824764952991,0.0019611465253143957,interpolado
0.034338067613522705,0.0018438506240202768,interpolado
0.0344378875775155,0.0016824008002356095,interpolado
0.0345377075415083,0.001500087373744508,interpolado
0.0346375275055011,0.0013202006643310775,interpolado
0.03473734746949389,0.0011660309917794589,interpolado
0.03483716743348669,0.0010608686758737552,interpolado
0.03493698739747949,0.001028004036398082,interpolado
0.035,0.001055,original
0.035136627325465096,0.0012517832173581786,interpolado
0.03523644728945789,0.0014896080078014436,interpolado
0.035336267253450696,0.0017790158625981501,interpolado
0.03543608721744349,0.002095222592467025,interpolado
0.03553590718143629,0.002413444008126784,interpolado
0.03563572714542908,0.002708895920296138,interpolado
0.03573554710942189,0.002956794139693818,interpolado
0.03583536707341469,0.0031323544770384994,interpolado
0.03593518703740749,0.0032107927430489167,interpolado
0.036,0.003198,original
0.036134826965393094,0.002999461607251722,interpolado
0.03623464692938588,0.002733057536114453,interpolado
0.036334466893378686,0.002398004442714052,interpolado
0.03643428685737148,0.0020238039803029194,interpolado
0.036534106821364286,0.0016399578021333812,interpolado
0.036633926785357075,0.0012759675614577855,interpolado
0.03673374674934987,0.0009613349115284829,interpolado
0.036833566713342675,0.0007255615055978219,interpolado
0.03693338667733548,0.0005981489969181474,interpolado
0.037,0.000588,original
0.037133026605321064,0.0007551847376964252,interpolado
0.03723284656931387,0.0009936200099122194,interpolado
0.037332666533306656,0.001273754574257376,interpolado
0.03743248649729945,0.0015459238976892437,interpolado
0.03753230646129226,0.001760463447165184,interpolado
0.03763212642528505,0.0018677086896425144,interpolado
0.03773194638927785,0.0018179950920785993,interpolado
0.03783176635327065,0.0015616581214307904,interpolado
0.03793158631726345,0.0010490332446564344,interpolado
0.038,0.000524,original
0.03813122624524904,-0.0008926771671251676,interpolado
0.038231046209241844,-0.002244521585573889,interpolado
0.03833086617323465,-0.003739197675895091,interpolado
0.03843068613722745,-0.00529152575568042,interpolado
0.03853050610122025,-0.006816326142521524,interpolado
0.03863032606521305,-0.008228419154010147,interpolado
0.038730146029205846,-0.009442625107737738,interpolado
0.038829965993198635,-0.010373764321296042,interpolado
0.03892978595719144,-0.010936657112276715,interpolado
0.039,-0.011066,original
0.039129425885177045,-0.010682395070303646,interpolado
0.03922924584916984,-0.009927546084807693,interpolado
0.03932906581316264,-0.008877227407346732,interpolado
0.039428885777155434,-0.007626306680698017,interpolado
0.03952870574114822,-0.006269651547638833,interpolado
0.039628525705141034,-0.004902129650946471,interpolado
0.03972834566913384,-0.0036186086333982207,interpolado
0.03982816563312663,-0.002513956137771305,interpolado
0.03992798559711943,-0.0016830398068431707,interpolado
0.04,-0.001307,original
0.040127625525105015,-0.0011607293119997523,interpolado
0.040227445489097825,-0.0014352338535545954,interpolado
0.04032726545309062,-0.0019629117611912926,interpolado
0.040427085417083425,-0.0026630663404019843,interpolado
0.04052690538107623,-0.003455000896678658,interpolado
0.04062672534506901,-0.004258018735513446,interpolado
0.04072654530906182,-0.0049914231623984385,interpolado
0.04082636527305462,-0.00557451748282572,interpolado
0.040926185237047406,-0.00592660500228738,interpolado
0.041,-0.005991,original
0.04112582516503301,-0.005661616528337393,interpolado
0.0412256451290258,-0.005058869583162543,interpolado
0.041325465093018605,-0.004218194564579202,interpolado
0.04142528505701141,-0.0031986260611368963,interpolado
0.04152510502100421,-0.0020591986613850842,interpolado
0.041624924984997015,-0.0008589469538734583,interpolado
0.041724744948989805,0.0003430944728485244,interpolado
0.04182456491298261,0.0014878910302313316,interpolado
0.0419243848769754,0.002516408129725429,interpolado
0.042,0.003182,original
0.04212402480496101,0.004012726321670393,interpolado
0.0422238447689538,0.004456569425741507,interpolado
0.0423236647329466,0.004718175713265194,interpolado
0.0424234846969394,0.004814400065552662,interpolado
0.042523304660932196,0.0047620973639151114,interpolado
0.04262312462492499,0.004578122489663752,interpolado
0.04272294458891779,0.004279330324109761,interpolado
0.042822764552910585,0.003882575748564389,interpolado
0.04292258451690339,0.003404713644338822,interpolado
0.043,0.002989,original
0.04312222444488898,0.002272848208458796,interpolado
0.04322204440888176,0.0016516029792183874,interpolado
0.04332186437287459,0.001014938206230052,interpolado
0.04342168433686737,0.0003789303576375705,interpolado
0.043521504300860166,-0.00024034409841541165,interpolado
0.043621324264852976,-0.0008268086937852063,interpolado
0.04372114422884576,-0.0013643869603281208,interpolado
0.04382096419283857,-0.0018370024299004671,interpolado
0.04392078415683137,-0.002228578634358577,interpolado
0.044,-0.002471,original
0.044120424084816964,-0.0027118570876642923,interpolado
0.044220244048809754,-0.0028024921816749613,interpolado
0.04432006401280256,-0.002804704195453875,interpolado
0.04441988397679535,-0.0027282151228656772,interpolado
0.044519703940788156,-0.0025827469577749972,interpolado
0.04461952390478095,-0.002378021694046502,interpolado
0.04471934386877376,-0.002123761325544824,interpolado
0.044819163832766545,-0.0018296878461346068,interpolado
0.044918983796759356,-0.0015055232496804937,interpolado
0.045,-0.001227,original
0.04511862372474495,-0.0008044455225633083,interpolado
0.04521844368873775,-0.00044119033238699976,interpolado
0.04531826365273055,-7.606708884641323e-05,interpolado
0.045418083616723344,0.00028607564915506976,interpolado
0.04551790358071613,0.0006403893227140678,interpolado
0.04561772354470895,0.0009820253729272241,interpolado
0.04571754350870173,0.0013061352408911084,interpolado
0.045817363472694536,0.0016078703677023657,interpolado
0.045917183436687325,0.0018823821944576136,interpolado
0.046,0.002086,original
0.046116823364672925,0.0023347652646765254,interpolado
0.04621664332866572,0.0025223032549912326,interpolado
0.046316463292658525,0.0026991583615127274,interpolado
0.04641628325665133,0.002877039173339758,interpolado
0.04651610322064412,0.003067654279571055,interpolado
0.04661592318463692,0.003282712269305356,interpolado
0.046715743148629724,0.003533921731641393,interpolado
0.04681556311262252,0.003832991255677921,interpolado
0.046915383076615316,0.004191629430513635,interpolado
0.047,0.004551,original
0.04711502300460093,0.005124202061776952,interpolado
0.04721484296859371,0.005675287329861511,interpolado
0.04731466293258652,0.00624631389686573,interpolado
0.047414482896579326,0.006808818664338128,interpolado
0.047514302860572115,0.007334338533827113,interpolado
0.04761412282456492,0.007794410406881212,interpolado
0.047713942788557714,0.00816057118504891,interpolado
0.04781376275255052,0.008404357769878693,interpolado
0.047913582716543314,0.008497307062919046,interpolado
0.048,0.008434,original
0.048113222644528914,0.008131068147218756,interpolado
0.04821304260852171,0.007681277818472032,interpolado
0.048312862572514506,0.0070916392778419025,interpolado
0.04841268253650731,0.006392183225357918,interpolado
0.04851250250050011,0.0056129403610495655,interpolado
0.04861232246449291,0.0047839413849465,interpolado
0.048712142428485705,0.003935216997078214,interpolado
0.0488119623924785,0.003096797897474255,interpolado
0.0489117823564713,0.0022987147861641666,interpolado
0.049,0.001651,original
0.049111422284456904,0.0009355169320543644,interpolado
0.0492112422484497,0.00039116673383076485,interpolado
0.049311062212442504,-6.724390639911883e-05,interpolado
0.0494108821764353,-0.0004448974476765261,interpolado
0.04951070214042809,-0.000746976349042696,interpolado
0.049610522104420886,-0.0009786630695388678,interpolado
0.04971034206841369,-0.0011451400682062909,interpolado
0.04981016203240649,-0.0012515898040861813,interpolado
0.049909981996399296,-0.001303194736219792,interpolado
0.05,-0.001307,original
0.05010962192438488,-0.0012610299364840456,interpolado
0.05020944188837768,-0.001169815086196131,interpolado
0.05030926185237049,-0.0010295613934508828,interpolado
0.05040908181636328,-0.0008383386013744457,interpolado
0.05050890178035608,-0.0005942164530929376,interpolado
0.05060872174434887,-0.00029526469173248417,interpolado
0.05070854170834167,6.044693958078874e-05,interpolado
0.05080836167233446,0.00047484869772075535,interpolado
0.050908181636327265,0.0009498708395613253,interpolado
0.051,0.001442,original
0.051107821564312865,0.0020833516954895928,interpolado
0.051207641528305654,0.0027140696172540373,interpolado
0.05130746149229845,0.003352266681364314,interpolado
0.051407281456291254,0.003970614693676746,interpolado
0.05150710142028405,0.004541785460047523,interpolado
0.05160692138427685,0.005038450786332967,interpolado
0.05170674134826966,0.005433282478389356,interpolado
0.05180656131226244,0.005698952342072969,interpolado
0.051906381276255235,0.005808132183240084,interpolado
0.052,0.005744,original
0.05210602120424085,0.00546131559403772,interpolado
0.052205841168233645,0.005023028515031498,interpolado
0.05230566113222645,0.004459442689387303,interpolado
0.05240548109621924,0.0038113655130238414,interpolado
0.05250530106021204,0.0031196043818598348,interpolado
0.05260512102420484,0.0024249666918139488,interpolado
0.05270494098819765,0.0017682598388049982,interpolado
0.052804760952190444,0.0011902912187516516,interpolado
0.052904580916183254,0.0007318682275726227,interpolado
0.053,0.000443,original
0.05310422084416883,0.0003215527766969893,interpolado
0.05320404080816165,0.00036686755369417644,interpolado
0.05330386077215444,0.0005297044069068164,interpolado
0.053403680736147235,0.0007700263057531038,interpolado
0.05350350070014003,0.0010477962196512346,interpolado
0.05360332066413282,0.0013229771180194058,interpolado
0.05370314062812563,0.0015555319702758143,interpolado
0.053802960592118435,0.0017054237458386605,interpolado
0.053902780556111224,0.0017326154141261195,interpolado
0.054,0.001603,original
0.05410242048409682,0.001275471997664285,interpolado
0.05420224044808961,0.0008063625156967098,interpolado
0.05430206041208242,0.00024258495446970795,interpolado
0.05440188037607522,-0.0003630175039166858,interpolado
0.054501700340068016,-0.0009576016773625552,interpolado
0.05460152030406081,-0.0014883243837679441,interpolado
0.054701340268053615,-0.0019023424410328984,interpolado
0.05480116023204642,-0.0021468126670574662,interpolado
0.054900980196039215,-0.002168891879741684,interpolado
0.055,-0.001919,original
0.055100620124024814,-0.0013560847576495488,interpolado
0.05520044008801761,-0.000542942216692259,interpolado
0.055300260052010414,0.0004501170894460479,interpolado
0.05540008001600321,0.0015495195351776876,interpolado
0.05549989997999602,0.002681691494915065,interpolado
0.05559971994398881,0.0037730593430703374,interpolado
0.05569953990798162,0.004750049454055906,interpolado
0.05579935987197441,0.00553908820228409,interpolado
0.055899179835967205,0.006066601962167209,interpolado
0.056,0.006259,original
0.056098819763952805,0.0060655436501874885,interpolado
0.056198639727945615,0.005529307412075373,interpolado
0.056298459691938404,0.004717629577747282,interpolado
0.056398279655931194,0.0036978313547932034,interpolado
0.056498099619924,0.0025372339508031258,interpolado
0.05659791958391678,0.0013031585733670268,interpolado
0.05669773954790959,6.292643007480948e-05,interpolado
0.056797559511902386,-0.0011161412714833653,interpolado
0.05689737947589518,-0.0021667233237176037,interpolado
0.057,-0.003042,original
0.05709701940388077,-0.0036280899305993776,interpolado
0.05719683936787358,-0.0039991494030439815,interpolado
0.057296659331866374,-0.004165012214267252,interpolado
0.057396479295859164,-0.004156014001610894,interpolado
0.057496299259851974,-0.004002490402416653,interpolado
0.05759611922384477,-0.003734777054026255,interpolado
0.05769593918783757,-0.0033832095937814275,interpolado
0.05779575915183038,-0.002978123659023866,interpolado
0.05789557911582317,-0.002549854887095356,interpolado
0.058,-0.00211,original
0.058095219043808766,-0.0017420010944169026,interpolado
0.05819503900780156,-0.0014025782632902494,interpolado
0.058294858971794365,-0.0011193067077583754,interpolado
0.05839467893578716,-0.000901022362738405,interpolado
0.05849449889977996,-0.0007565611631475066,interpolado
0.05859431886377275,-0.0006947590439027999,interpolado
0.058694138827765543,-0.0007244519399214227,interpolado
0.05879395879175835,-0.0008544757861205127,interpolado
0.05889377875575114,-0.0010936665174172068,interpolado
0.059,-0.001478,original
0.059093418683736736,-0.0019271330157946255,interpolado
0.05919323864772953,-0.00248592311785785,interpolado
0.059293058611722335,-0.0030792714526455952,interpolado
0.05939287857571514,-0.0036592166014220223,interpolado
0.059492698539707935,-0.004177797145451292,interpolado
0.05959251850370074,-0.004587051665997594,interpolado
0.05969233846769355,-0.004839018744325031,interpolado
0.05979215843168634,-0.0048857369616977925,interpolado
0.05989197839567914,-0.004679244899380047,interpolado
0.06,-0.004115,original
0.06009161832366474,-0.0033290182517015463,interpolado
0.060191438287657544,-0.0021907500562051443,interpolado
0.06029125825165034,-0.0008192593522078508,interpolado
0.06039107821564312,0.0007229608489109728,interpolado
0.06049089817963593,0.0023734175357718913,interpolado
0.060590718143628736,0.0040696176969954746,interpolado
0.06069053810762152,0.005749068321202288,interpolado
0.06079035807161433,0.007349276397013007,interpolado
0.06089017803560712,0.008807748913047973,interpolado
0.061,0.010174,original
0.06108981796359272,0.011058487689884367,interpolado
0.06118963792758553,0.01179227266419993,interpolado
0.06128945789157832,0.012274739217968065,interpolado
0.06138927785557113,0.012517291178615404,interpolado
0.061489097819563916,0.01253133237356868,interpolado
0.06158891778355671,0.012328266630254589,interpolado
0.06168873774754952,0.011919497776099828,interpolado
0.06178855771154231,0.011316429638531088,interpolado
0.06188837767553511,0.01053046604497501,interpolado
0.062,0.009449,original
0.0620880176035207,0.008458615538201479,interpolado
0.06218783756751352,0.007219834883229004,interpolado
0.062287657531506314,0.005895613314510145,interpolado
0.062387477495499104,0.00452490287782572,interpolado
0.06248729745949191,0.0031466556189564576,interpolado
0.0625871174234847,0.0017998235836834584,interpolado
0.06268693738747752,0.00052335881778717,interpolado
0.06278675735147032,-0.0006437866329513856,interpolado
0.0628865773154631,-0.0016626607227512562,interpolado
0.063,-0.002591,original
0.0630862172434487,-0.0031069401883808577,interpolado
0.0631860372074415,-0.0035120029003382104,interpolado
0.06328585717143427,-0.0037371299200791887,interpolado
0.06338567713542709,-0.0038099797201788387,interpolado
0.06348549709941989,-0.003758210773212103,interpolado
0.06358531706341268,-0.0036094815517539913,interpolado
0.06368513702740548,-0.003391450528379447,interpolado
0.06378495699139829,-0.003131776175663508,interpolado
0.06388477695539109,-0.002858116966181082,interpolado
0.064,-0.002561,original
0.06408441688337667,-0.0023758861989373325,interpolado
0.06418423684736949,-0.00219247806585023,interpolado
0.06428405681136226,-0.0020399575984412217,interpolado
0.06438387677535506,-0.0019103536030964882,interpolado
0.06448369673934787,-0.0017956948862022748,interpolado
0.06458351670334066,-0.001688010254144818,interpolado
0.06468333666733346,-0.0015793285133103112,interpolado
0.06478315663132625,-0.0014616784700850097,interpolado
0.06488297659531905,-0.001327088930855103,interpolado
0.065,-0.001137,original
0.06508261652330465,-0.0009767302066260644,interpolado
0.06518243648729745,-0.0007583776796740994,interpolado
0.06528225645129025,-0.0005206703810224516,interpolado
0.06538207641528304,-0.0002717613274533637,interpolado
0.06548189637927584,-1.9803535749211962e-05,interpolado
0.06558171634326866,0.00022704997730776477,interpolado
0.06568153630726145,0.00046064619493522247,interpolado
0.06578135627125424,0.000672832100350824,interpolado
0.06588117623524704,0.0008554546767723189,interpolado
0.066,0.001023,original
0.06608081616323264,0.0010993757519783577,interpolado
0.06618063612722544,0.0011441663373728454,interpolado
0.06628045609121826,0.0011263309353108334,interpolado
0.06638027605521105,0.0010374675311415253,interpolado
0.06648009601920384,0.0008691741102141633,interpolado
0.06657991598319665,0.0006130486578779144,interpolado
0.06667973594718946,0.0002606891594820657,interpolado
0.06677955591118223,-0.0001963063996242671,interpolado
0.06687937587517505,-0.0007663400340918281,interpolado
0.067,-0.001618,original
0.06707901580316065,-0.002272716315413167,interpolado
0.06717883576715343,-0.0031643361161484357,interpolado
0.06727865573114623,-0.004063613747478535,interpolado
0.06737847569513902,-0.004901372741524527,interpolado
0.06747829565913181,-0.005608436630407505,interpolado
0.06757811562312463,-0.006115628946248861,interpolado
0.06767793558711742,-0.006353773221169652,interpolado
0.06777775555111022,-0.006253692987291134,interpolado
0.067877575515103,-0.00574621177673454,interpolado
0.068,-0.004466,original
0.0680772154430886,-0.0032482712198029255,interpolado
0.06817703540708141,-0.0012795978689984862,interpolado
0.06827685537107421,0.0010069407715573833,interpolado
0.06837667533506701,0.00347401886729919,interpolado
0.06847649529905982,0.005984310583662729,interpolado
0.06857631526305262,0.008400490086082762,interpolado
0.06867613522704541,0.010585231539994109,interpolado
0.06877595519103821,0.012401209110832494,interpolado
0.06887577515503102,0.013711096964032544,interpolado
0.069,0.014427,original
0.06907541508301662,0.01428310574638961,interpolado
0.06917523504700944,0.013479434782291274,interpolado
0.06927505501100223,0.01210411931654803,interpolado
0.069374874974995,0.010295393478718759,interpolado
0.06947469493898781,0.008191491398361546,interpolado
0.0695745149029806,0.005930647205035537,interpolado
0.06967433486697341,0.0036510950282986915,interpolado
0.06977415483096622,0.001491068997709915,interpolado
0.069873974794959,-0.00041119675717194847,interpolado
0.07,-0.00223,original
0.0700736147229446,-0.0029044291487697093,interpolado
0.07017343468693742,-0.003384179295085229,interpolado
0.07027325465093019,-0.0034409767488500415,interpolado
0.07037307461492301,-0.003159752670694455,interpolado
0.07047289457891581,-0.002625438221248737,interpolado
0.07057271454290859,-0.0019229645611432943,interpolado
0.0706725345069014,-0.001137262851008227,interpolado
0.0707723544708942,-0.00035326425147402763,interpolado
0.070872174434887,0.0003441000768292258,interpolado
0.071,0.000975,original
0.07107181436287258,0.0011473289037420742,interpolado
0.07117163432686538,0.001178029647423548,interpolado
0.07127145429085818,0.0010075464001519138,interpolado
0.07137127425485096,0.0006819063771438435,interpolado
0.07147109421884378,0.0002471367936160766,interpolado
0.07157091418283656,-0.00025073513521458744,interpolado
0.07167073414682937,-0.0007656821941315661,interpolado
0.07177055411082216,-0.0012516771679180014,interpolado
0.07187037407481495,-0.001662692841357307,interpolado
0.072,-0.002009,original
0.07207001400280055,-0.0020797952111478255,interpolado
0.07216983396679336,-0.0020443655470860377,interpolado
0.07226965393078615,-0.0018716679888405442,interpolado
0.07236947389477896,-0.0015872752190133558,interpolado
0.07246929385877175,-0.0012167599202066025,interpolado
0.07256911382276457,-0.0007856947750222393,interpolado
0.07266893378675736,-0.00031965246606237226,interpolado
0.07276875375075015,0.00015579432407087358,interpolado
0.07286857371474297,0.0006150729127755728,interpolado
0.073,0.001152,original
0.07306821364272856,0.0013846377108517076,interpolado
0.07316803360672133,0.001667122701753748,interpolado
0.07326785357071416,0.0018882116116413026,interpolado
0.07336767353470694,0.002056229808579333,interpolado
0.07346749349869973,0.002179502660632832,interpolado
0.07356731346269255,0.00226635553586684,interpolado
0.07366713342668534,0.002325113802346337,interpolado
0.07376695339067814,0.0023641028281363454,interpolado
0.07386677335467094,0.0023916479813018625,interpolado
0.074,0.002425,original
0.07406641328265653,0.0024449915759647564,interpolado
0.07416623324664931,0.0024776370236045428,interpolado
0.07426605321064211,0.002507829489491619,interpolado
0.07436587317463492,0.0025292962910138067,interpolado
0.0744656931386277,0.0025357647455589334,interpolado
0.07456551310262051,0.0025209621705148304,interpolado
0.07466533306661333,0.0024786158832693296,interpolado
0.07476515303060613,0.0024024532012102457,interpolado
0.07486497299459892,0.002286201441725431,interpolado
0.075,0.002054,original
0.07506461292258453,0.0019089451361762424,interpolado
0.07516443288657731,0.0016441593393503482,interpolado
0.07526425285057012,0.0013362482944436842,interpolado
0.07536407281456291,0.0009923276708357167,interpolado
0.07546389277855571,0.0006195131379057306,interpolado
0.07556371274254853,0.0002249203650331544,interpolado
0.07566353270654129,-0.00018433497840257177,interpolado
0.0757633526705341,-0.0006011372230221802,interpolado
0.0758631726345269,-0.0010183706994461748,interpolado
0.076,-0.001578,original
0.0760628125625125,-0.0018246805434073822,interpolado
0.0761626325265053,-0.002184350592101121,interpolado
0.07626245249049812,-0.002477221800573855,interpolado
0.0763622724544909,-0.0026723839977740357,interpolado
0.0764620924184837,-0.002738927012650196,interpolado
0.07656191238247648,-0.0026459406741507984,interpolado
0.0766617323464693,-0.0023625148112242957,interpolado
0.07676155231046208,-0.0018577392528191612,interpolado
0.07686137227445489,-0.0011007038278839916,interpolado
0.077,0.000427,original
0.07706101220244047,0.0012887969777605054,interpolado
0.07716083216643328,0.0029016525120221116,interpolado
0.07726065213042609,0.004679138532091357,interpolado
0.07736047209441889,0.006521041126433225,interpolado
0.07746029205841168,0.008327146383513468,interpolado
0.07756011202240448,0.009997240391796848,interpolado
0.07765993198639728,0.011431109239749075,interpolado
0.07775975195039009,0.012528539015835017,interpolado
0.07785957191438288,0.013189315808520213,interpolado
0.078,0.013187,original
0.07805921184236847,0.01280743923774536,interpolado
0.07815903180636126,0.011692657607124835,interpolado
0.07825885177035408,0.010078558244865376,interpolado
0.07835867173434687,0.00807720052000093,interpolado
0.07845849169833968,0.005800643801566097,interpolado
0.07855831166233247,0.00336094745859563,interpolado
0.07865813162632526,0.0008701708601232417,interpolado
0.07875795159031806,-0.001559626624816003,interpolado
0.07885777155431087,-0.0038163856271883822,interpolado
0.079,-0.006512,original
0.07905741148229646,-0.007367298395233051,interpolado
0.07915723144628925,-0.00852536037212321,interpolado
0.07925705141028205,-0.00929798303628904,interpolado
0.07935687137427486,-0.00972283028376542,interpolado
0.07945669133826766,-0.009837566010586902,interpolado
0.07955651130226044,-0.00967985411278819,interpolado
0.07965633126625327,-0.009287358486403934,interpolado
0.07975615123024606,-0.0086977430274689,interpolado
0.07985597119423883,-0.0079486716320176,interpolado
0.08,-0.006663,original
0.08005561112222444,-0.006122657890337378,interpolado
0.08015543108621725,-0.005117895214235893,interpolado
0.08025525105021003,-0.004095756175040793,interpolado
0.08035507101420285,-0.0030883970377087134,interpolado
0.08045489097819564,-0.002127974067196841,interpolado
0.08055471094218844,-0.001246643528461825,interpolado
0.08065453090618122,-0.0004765616864608217,interpolado
0.08075435087017403,0.00015011519384946668,interpolado
0.08085417083416682,0.0006012308475120051,interpolado
0.081,0.000878,original
0.08105381076215243,0.0008499487834915397,interpolado
0.08115363072614523,0.0006214289503616259,interpolado
0.08125345069013802,0.00019455319838354346,interpolado
0.08135327065413084,-0.0003940725584334508,interpolado
0.08145309061812363,-0.0011078424060800118,interpolado
0.08155291058211642,-0.0019101504305471014,interpolado
0.08165273054610922,-0.00276439071782527,interpolado
0.08175255051010202,-0.003633957353905516,interpolado
0.0818523704740948,-0.004482244424778371,interpolado
0.082,-0.00562,original
0.0820520104020804,-0.005969369115071117,interpolado
0.08215183036607318,-0.006553591963353093,interpolado
0.082251650330066,-0.0070225574619458535,interpolado
0.08235147029405879,-0.007374139920694978,interpolado
0.08245129025805162,-0.0076062136494462725,interpolado
0.08255111022204441,-0.007716652958045388,interpolado
0.08265093018603718,-0.007703332156338049,interpolado
0.08275075015003001,-0.00756412555416996,interpolado
0.08285057011402278,-0.007296907461386867,interpolado
0.083,-0.006653,original
0.08305021004200841,-0.006370726454811723,interpolado
0.08315003000600119,-0.00572706774605456,interpolado
0.083249849969994,-0.005003043935875168,interpolado
0.08334966993398678,-0.004233887235126406,interpolado
0.0834494898979796,-0.0034548298546607315,interpolado
0.08354930986197237,-0.0027011040053310192,interpolado
0.0836491298259652,-0.002007941897989731,interpolado
0.08374894978995802,-0.001410575743489643,interpolado
0.0838487697539508,-0.000944237752683482,interpolado
0.08394858971794358,-0.0006441601364237867,interpolado
0.084,-0.000566,original
0.08414822964592919,-0.0006384727902885121,interpolado
0.08424804960992202,-0.0008818032762467685,interpolado
0.0843478695739148,-0.0012263254693318823,interpolado
0.08444768953790761,-0.001624374194989912,interpolado
0.08454750950190039,-0.00202828427866672,interpolado
0.08464732946589319,-0.0023903905458083838,interpolado
0.084747149429886,-0.002663027821860775,interpolado
0.08484696939387879,-0.002798530932269932,interpolado
0.0849467893578716,-0.0027492347024817704,interpolado
0.085,-0.002631,original
0.0851464292858572,-0.001966506990550956,interpolado
0.08524624924984998,-0.0013056496121519505,interpolado
0.08534606921384277,-0.0005550003026958745,interpolado
0.08544588917783558,0.0002173072613794429,interpolado
0.08554570914182837,0.000943139403636161,interpolado
0.08564552910582116,0.0015543624476367446,interpolado
0.08574534906981393,0.0019828427169432984,interpolado
0.08584516903380673,0.002160446535118203,interpolado
0.08594498899779954,0.002019040225723685,interpolado
0.086,0.00178,original
0.08614462892578514,0.0006051552556865817,interpolado
0.08624444888977793,-0.0005250188443589984,interpolado
0.08634426885377072,-0.0017709504587294176,interpolado
0.08644408881776354,-0.003006486952750108,interpolado
0.0865439087817563,-0.004105475691747159,interpolado
0.08664372874574912,-0.004941764041046128,interpolado
0.08674354870974194,-0.0053891993659727295,interpolado
0.08684336867373474,-0.00532162903185283,interpolado
0.08694318863772751,-0.00461290040401222,interpolado
0.087,-0.003875,original
0.08714282856571313,-0.000919831436552511,interpolado
0.08724264852970592,0.001874138457930698,interpolado
0.08734246849369873,0.005054751878451321,interpolado
0.08744228845769153,0.008435874956892991,interpolado
0.08754210842168433,0.01183137382514113,interpolado
0.08764192838567711,0.015055114615079298,interpolado
0.08774174834966993,0.017920963458592887,interpolado
0.08784156831366274,0.020242786487565882,interpolado
0.0879413882776555,0.021834449833882566,interpolado
0.088,0.022354,original
0.08814102820564113,0.022243942827140956,interpolado
0.08824084816963391,0.021169976572521187,interpolado
0.08834066813362672,0.019448732928115112,interpolado
0.08844048809761951,0.017237002830542254,interpolado
0.08854030806161234,0.014691577216421208,interpolado
0.0886401280256051,0.011969247022371832,interpolado
0.08873994798959792,0.009226803185012575,interpolado
0.0888397679535907,0.006621036640963356,interpolado
0.08893958791758352,0.004308738326842641,interpolado
0.089,0.003118,original
0.08913922784556912,0.0010919637289048363,interpolado
0.0892390478095619,0.00019569946779892207,interpolado
0.0893388677735547,-0.0003081223422049323,interpolado
0.0894386877375475,-0.0004832685662671852,interpolado
0.08953850770154032,-0.00039350606954806605,interpolado
0.08963832766553308,-0.00010260171720795122,interpolado
0.08973814762952591,0.00032567762559292275,interpolado
0.0898379675935187,0.0008275650936941311,interpolado
0.0899377875575115,0.0013392938219354954,interpolado
0.09,0.001635,original
0.09013742748549709,0.002164077826074961,interpolado
0.0902372474494899,0.0024341057534569468,interpolado
0.09033706741348267,0.0026057453817648346,interpolado
0.0904368873774755,0.0026770107166748853,interpolado
0.09053670734146826,0.0026459157638632903,interpolado
0.09063652730546108,0.0025104745290062567,interpolado
0.09073634726945387,0.0022687010177799933,interpolado
0.09083616723344669,0.0019186092358607692,interpolado
0.09093598719743949,0.001458213188924698,interpolado
0.091,0.001104,original
0.09113562712542508,0.00021727895046469073,interpolado
0.0912354470894179,-0.0005067517365336856,interpolado
0.09133526705341068,-0.0012434411214158547,interpolado
0.09143508701740347,-0.0019500095377839805,interpolado
0.09153490698139627,-0.002583677319239828,interpolado
0.09163472694538909,-0.0031016647993855305,interpolado
0.09173454690938186,-0.0034611923118229087,interpolado
0.09183436687337468,-0.003619480190154017,interpolado
0.09193418683736748,-0.0035337487679807447,interpolado
0.092,-0.003323,original
0.09213382676535305,-0.0025048571877829334,interpolado
0.09223364672934586,-0.0016280981484039793,interpolado
0.09233346669333865,-0.0006028178385569509,interpolado
0.09243328665733146,0.0004998578164448968,interpolado
0.09253310662132426,0.0016088028912882625,interpolado
0.09263292658531705,0.0026528914606603173,interpolado
0.09273274654930984,0.003560997599247643,interpolado
0.09283256651330266,0.004261995381737355,interpolado
0.09293238647729546,0.004684758882816164,interpolado
0.093,0.004777,original
0.09313202640528107,0.004467529804391915,interpolado
0.09323184636927385,0.003878077817651472,interpolado
0.09333166633326664,0.003065882036890304,interpolado
0.09343148629725945,0.0021061988492482434,interpolado
0.09353130626125225,0.0010742846418646463,interpolado
0.09363112622524505,4.539580187927104e-05,interpolado
0.09373094618923784,-0.0009052112835681286,interpolado
0.09383076615323063,-0.0017022802273381934,interpolado
0.09393058611722344,-0.0022705546422910963,interpolado
0.094,-0.002491,original
0.09413022604520904,-0.0024708869632516753,interpolado
0.09423004600920182,-0.002132247462992345,interpolado
0.09432986597319462,-0.0015825851781320036,interpolado
0.09442968593718742,-0.0008849740250916328,interpolado
0.09452950590118023,-0.0001024879202918749,interpolado
0.09462932586517303,0.0007017992198462256,interpolado
0.09472914582916582,0.0014648134789020527,interpolado
0.09482896579315865,0.0021234809404546543,interpolado
0.09492878575715143,0.002614727688083125,interpolado
0.095,0.002828,original
0.09512842568513703,0.0028807556529041336,interpolado
0.09522824564912984,0.0026670444031051347,interpolado
0.09532806561312265,0.002279014105216619,interpolado
0.09542788557711544,0.0017609118493274163,interpolado
0.09552770554110825,0.0011569847255261268,interpolado
0.09562752550510104,0.0005114798239016548,interpolado
0.09572734546909382,-0.00013135576545743208,interpolado
0.09582716543308661,-0.0007272749524622207,interpolado
0.09592698539707945,-0.0012320306470241303,interpolado
0.096,-0.001518,original
0.09612662532506505,-0.0018187264236267636,interpolado
0.09622644528905783,-0.0019150547938153076,interpolado
0.0963262652530506,-0.001927686318851827,interpolado
0.09642608521704342,-0.0018936840224420216,interpolado
0.09652590518103622,-0.0018501109282915854,interpolado
0.096625725145029,-0.0018340300601062173,interpolado
0.09672554510902182,-0.00188250444159161,interpolado
0.09682536507301459,-0.0020325970964534404,interpolado
0.09692518503700741,-0.0023213710483974454,interpolado
0.097,-0.002651,original
0.097124824964993,-0.003431643283219047,interpolado
0.0972246449289858,-0.004206383371364423,interpolado
0.09732446489297861,-0.005050047220779613,interpolado
0.0974242848569714,-0.0059028262561617644,interpolado
0.0975241048209642,-0.006704911902207566,interpolado
0.09762392478495698,-0.007396495583614151,interpolado
0.09772374474894979,-0.007917768725078315,interpolado
0.09782356471294258,-0.008208922751296937,interpolado
0.0979233846769354,-0.008210149086967013,interpolado
0.098,-0.007977,original
0.09812302460492098,-0.007145503211028663,interpolado
0.0982228445689138,-0.006125313829453245,interpolado
0.09832266453290657,-0.004875893412165655,interpolado
0.09842248449689937,-0.0034717830670475875,interpolado
0.09852230446089218,-0.0019875239019814645,interpolado
0.09862212442488498,-0.0004976570248489161,interpolado
0.09872194438887777,0.0009232764564676114,interpolado
0.09882176435287057,0.002200735434086473,interpolado
0.09892158431686335,0.0032601788001254085,interpolado
0.099,0.003891,original
0.09912122424484898,0.004460546739794066,interpolado
0.09922104420884174,0.004589272867185618,interpolado
0.09932086417283456,0.00445175543038963,interpolado
0.09942068413682738,0.004086320564041067,interpolado
0.09952050410082017,0.003531294402775024,interpolado
0.09962032406481298,0.0028250030812263494,interpolado
0.09972014402880577,0.0020057727340302327,interpolado
0.09981996399279859,0.001111929495821449,interpolado
0.09991978395679138,0.0001817995012351099,interpolado
0.1,-0.000566,original
0.10011942388477699,-0.0016407996939699727,interpolado
0.10021924384876978,-0.002485021796385404,interpolado
0.10031906381276257,-0.0032644287196846667,interpolado
0.10041888377675537,-0.003964461755254476,interpolado
0.10051870374074814,-0.004570562194481954,interpolado
0.10061852370474098,-0.005068171328753928,interpolado
0.10071834366873375,-0.005442730449457281,interpolado
0.10081816363272657,-0.005679680847979044,interpolado
0.10091798359671933,-0.005764463815706084,interpolado
0.101,-0.00571,original
0.10111762352470495,-0.00543318590802548,interpolado
0.10121744348869774,-0.005047994172436593,interpolado
0.10131726345269051,-0.004563382750328175,interpolado
0.1014170834166833,-0.004015740777415737,interpolado
0.10151690338067614,-0.0034414573894145086,interpolado
0.10161672334466891,-0.0028769217220400226,interpolado
0.10171654330866171,-0.002358522911007506,interpolado
0.1018163632726545,-0.0019226500920324257,interpolado
0.1019161832366473,-0.001605692400830202,interpolado
0.102,-0.001458,original
0.10211582316463289,-0.001455567268931245,interpolado
0.1022156431286257,-0.0016127293986922637,interpolado
0.1023154630926185,-0.001880766761135547,interpolado
0.10241528305661132,-0.002224969584241647,interpolado
0.10251510302060411,-0.002610628095991266,interpolado
0.1026149229845969,-0.003003032524364912,interpolado
0.10271474294858972,-0.0033674730973433016,interpolado
0.10281456291258251,-0.003669240042906983,interpolado
0.10291438287657531,-0.0038736235890365414,interpolado
0.103,-0.003945,original
0.1031140228045609,-0.003867782087627575,interpolado
0.1032138427685537,-0.0036634301015552634,interpolado
0.1033136627325465,-0.003364121658900837,interpolado
0.1034134826965393,-0.003001088755122671,interpolado
0.10351330266053212,-0.002605563385679262,interpolado
0.10361312262452489,-0.0022087775460291267,interpolado
0.10371294258851771,-0.001841963231630613,interpolado
0.10381276255251048,-0.0015363524379422742,interpolado
0.10391258251650332,-0.0013231771604224848,interpolado
0.104,-0.001237,original
0.10411222244448887,-0.001283834888526419,interpolado
0.10421204240848168,-0.0014478722133384418,interpolado
0.10431186237247447,-0.001692700775154731,interpolado
0.10441168233646726,-0.0019852605333601694,interpolado
0.10451150230046007,-0.0022924914473394977,interpolado
0.10461132226445288,-0.002581333476477616,interpolado
0.10471114222844567,-0.0028187265801592927,interpolado
0.10481096219243846,-0.0029716107177693253,interpolado
0.10491078215643128,-0.0030069258486925717,interpolado
0.105,-0.002912,original
0.10511042208441687,-0.002604695147269796,interpolado
0.10521024204840967,-0.0021602789461006803,interpolado
0.10531006201240249,-0.0015788845382710165,interpolado
0.10540988197639527,-0.0008810224352881701,interpolado
0.10550970194038807,-8.720314865985884e-05,interpolado
0.1056095219043809,0.0007820628101066123,interpolado
0.10570934186837369,0.001706264929503608,interpolado
0.1058091618323665,0.0026648926980234657,interpolado
0.1059089817963593,0.0036374356041589248,interpolado
0.106,0.004519,original
0.10610862172434489,0.00554320246923882,interpolado
0.10620844168833767,0.006440358840191959,interpolado
0.10630826165233048,0.00727889478768021,interpolado
0.10640808161632326,0.00804285232993667,interpolado
0.10650790158031605,0.008716273485194478,interpolado
0.10660772154430888,0.009283200271687048,interpolado
0.10670754150830164,0.009727674707647446,interpolado
0.10680736147229446,0.010033738811309024,interpolado
0.10690718143628726,0.010185434600904934,interpolado
0.107,0.010174,original
0.10710682136427284,0.009972365117133206,interpolado
0.10720664132826564,0.009630566387921091,interpolado
0.10730646129225846,0.009176740970783137,interpolado
0.10740628125625123,0.008646218979838723,interpolado
0.10750610122024404,0.008074330529206959,interpolado
0.10760592118423686,0.007496405733007182,interpolado
0.10770574114822967,0.006947774705358726,interpolado
0.10780556111222246,0.006463767560380698,interpolado
0.10790538107621526,0.006079714412192486,interpolado
0.108,0.00584,original
0.10810502100420086,0.005739814747659275,interpolado
0.10820484096819366,0.005784295539593388,interpolado
0.10830466093218646,0.0059328650249106845,interpolado
0.10840448089617927,0.006154002053880849,interpolado
0.10850430086017206,0.006416185476773658,interpolado
0.10860412082416487,0.006687894143858812,interpolado
0.10870394078815766,0.006937606905405987,interpolado
0.10880376075215044,0.007133802611684977,interpolado
0.10890358071614323,0.007244960112965454,interpolado
0.109,0.007242,original
0.1091032206441288,0.007093566111678967,interpolado
0.10920304060812164,0.006810000836587317,interpolado
0.10930286057211444,0.0063979856775521985,interpolado
0.1094026805361072,0.005866643610033662,interpolado
0.10950250050010003,0.005225097609491527,interpolado
0.10960232046409281,0.004482470651385934,interpolado
0.10970214042808561,0.003647885711176645,interpolado
0.10980196039207842,0.002730465764323723,interpolado
0.10990178035607122,0.001739333786287277,interpolado
0.11,0.000701,original
0.11010142028405681,-0.00042530921216249196,interpolado
0.11020124024804961,-0.0015674089147066053,interpolado
0.11030106021204243,-0.002720605732583669,interpolado
0.11040088017603521,-0.00386281905217168,interpolado
0.11050070014002804,-0.004971968259848154,interpolado
0.11060052010402084,-0.006025972741990619,interpolado
0.11070034006801363,-0.007002751884977048,interpolado
0.1108001600320064,-0.007880225075184844,interpolado
0.11089997999599922,-0.008636311698991936,interpolado
0.111,-0.00925,original
0.1110996199239848,-0.009700106632622982,interpolado
0.11119943988797762,-0.009988375740476696,interpolado
0.11129925985197038,-0.010116429520543434,interpolado
0.1113990798159632,-0.010086959027062976,interpolado
0.11149889977995597,-0.009902655314275071,interpolado
0.11159871974394879,-0.009566209436419408,interpolado
0.1116985397079416,-0.009080312447735746,interpolado
0.11179835967193437,-0.008447655402463927,interpolado
0.11189817963592717,-0.007670929354843512,interpolado
0.112,-0.006733,original
0.11209781956391278,-0.005701861414311714,interpolado
0.11219763952790558,-0.004551307894499295,interpolado
0.11229745949189837,-0.0033410065222412313,interpolado
0.11239727945589116,-0.002110799069933729,interpolado
0.11249709941988396,-0.00090052730997366,interpolado
0.11259691938387677,0.0002499669852427696,interpolado
0.11269673934786958,0.0013008420433188467,interpolado
0.11279655931186239,0.002212256091857909,interpolado
0.11289637927585519,0.0029443673584636726,interpolado
0.113,0.003472,original
0.11309601920384078,0.0037235421089396106,interpolado
0.11319583916783359,0.003770211809971842,interpolado
0.11329565913182639,0.003639928169716623,interpolado
0.11339547909581918,0.0033752769424227782,interpolado
0.11349529905981197,0.0030188438823392076,interpolado
0.11359511902380481,0.002613214743714655,interpolado
0.11369493898779758,0.002200975280798062,interpolado
0.11379475895179039,0.0018247112478381581,interpolado
0.11389457891578318,0.0015270083990838457,interpolado
0.114,0.001345,original
0.11409421884376877,0.0013272293189352175,interpolado
0.11419403880776156,0.0014402830988524023,interpolado
0.11429385877175437,0.0016579987596666815,interpolado
0.11439367873574717,0.0019487590475529995,interpolado
0.11449349869973997,0.0022809467086864358,interpolado
0.11459331866373275,0.002622944489241948,interpolado
0.11469313862772557,0.002943135135394492,interpolado
0.11479295859171834,0.0032099013933191514,interpolado
0.11489277855571114,0.0033916260091908608,interpolado
0.115,0.003456,original
0.11509241848369674,0.0033797973306656376,interpolado
0.11519223844768953,0.003167221972981474,interpolado
0.11529205841168236,0.002835094921672342,interpolado
0.11539187837567515,0.0023995486865972674,interpolado
0.11549169833966791,0.0018767157776150662,interpolado
0.11559151830366074,0.0012827287045847368,interpolado
0.11569133826765354,0.000633719977365308,interpolado
0.11579115823164633,-5.417789418445953e-05,interpolado
0.11589097819563912,-0.0007648324002054411,interpolado
0.116,-0.001548,original
0.11609061812362471,-0.002185808928470424,interpolado
0.11619043808761752,-0.00283421329877854,interpolado
0.1162902580516103,-0.0033785368767440213,interpolado
0.11639007801560312,-0.0037699881332833953,interpolado
0.11648989797959591,-0.00395977553931334,interpolado
0.11658971794358872,-0.0038991075657503847,interpolado
0.11668953790758153,-0.003539192683511087,interpolado
0.11678935787157434,-0.0028312393635119997,interpolado
0.11688917783556708,-0.0017264560766698722,interpolado
0.117,2.42e-05,original
0.11708881776355269,0.0018459310617104817,interpolado
0.1171886377275455,0.004238014837456507,interpolado
0.1172884576915383,0.0068545376613362045,interpolado
0.11738827765553113,0.009549793755449225,interpolado
0.1174880976195239,0.01217807734189412,interpolado
0.11758791758351668,0.014593682642769487,interpolado
0.11768773754750952,0.016650903880174928,interpolado
0.1177875575115023,0.018204035276208813,interpolado
0.11788737747549512,0.0191073710529705,interpolado
0.118,0.019164,original
0.11808701740348071,0.018416545542730842,interpolado
0.11818683736747351,0.01680515533100448,interpolado
0.11828665733146627,0.014549613796876646,interpolado
0.11838647729545909,0.011818610490956316,interpolado
0.11848629725945188,0.008780834963853392,interpolado
0.11858611722344467,0.005604976766177949,interpolado
0.11868593718743749,0.0024597254485387078,interpolado
0.11878575715143025,-0.00048622943845387544,interpolado
0.11888557711542305,-0.0030641983441910183,interpolado
0.119,-0.005349,original
0.11908521704340864,-0.006470741268195916,interpolado
0.11918503700740145,-0.00720347177246929,interpolado
0.11928485697139425,-0.007417598796613486,interpolado
0.11938467693538708,-0.007227185450644897,interpolado
0.11948449689937987,-0.006746294844579883,interpolado
0.11958431686337266,-0.006088990088434643,interpolado
0.11968413682736548,-0.005369334292225575,interpolado
0.11978395679135825,-0.0047013905659691,interpolado
0.11988377675535104,-0.00419922201968137,interpolado
0.12,-0.003975,original
0.12008341668333666,-0.004127894073068136,interpolado
0.12018323664732943,-0.0046099827805395205,interpolado
0.12028305661132226,-0.005325904656428664,interpolado
0.12038287657531507,-0.00617825006909615,interpolado
0.12048269653930785,-0.007069609386902484,interpolado
0.12058251650330064,-0.00790257297820856,interpolado
0.12068233646729346,-0.008579731211374805,interpolado
0.12078215643128627,-0.009003674454762045,interpolado
0.12088197639527908,-0.009076993076730804,interpolado
0.121,-0.008578,original
0.12108161632326465,-0.007801543687381414,interpolado
0.12118143628725746,-0.006432517143238317,interpolado
0.12128125625125029,-0.004710803653434326,interpolado
0.12138107621524306,-0.002752224595101509,interpolado
0.12148089617923587,-0.0006726013453709385,interpolado
0.12158071614322867,0.001412244718625497,interpolado
0.12168053610722147,0.003386492219755913,interpolado
0.12178035607121429,0.0051343197808892405,interpolado
0.12188017603520707,0.006539906024893404,interpolado
0.122,0.007612,original
0.12207981596319266,0.007878410099729777,interpolado
0.12217963592718545,0.007742693506318204,interpolado
0.12227945589117825,0.007167706552812005,interpolado
0.12237927585517104,0.0062411489938334124,interpolado
0.12247909581916386,0.005050720584004271,interpolado
0.1225789157831566,0.003684121077946793,interpolado
0.12267873574714942,0.0022290502302832866,interpolado
0.12277855571114227,0.000773207795635444,interpolado
0.122878375675135,-0.0005957064713742527,interpolado
0.123,-0.002019,original
0.12307801560312064,-0.002731383207556455,interpolado
0.12317783556711343,-0.0034155954144045957,interpolado
0.12327765553110624,-0.0038732597346592275,interpolado
0.12337747549509903,-0.0041352123759781905,interpolado
0.12347729545909181,-0.0042322895460194165,interpolado
0.12357711542308461,-0.004195327452440736,interpolado
0.12367693538707741,-0.004055162302899998,interpolado
0.12377675535107023,-0.003842630305055062,interpolado
0.12387657531506302,-0.003588567666563829,interpolado
0.124,-0.003263,original
0.12407621524304864,-0.003076897478815842,interpolado
0.1241760352070414,-0.0028572447814829345,interpolado
0.12427585517103422,-0.002664783218702628,interpolado
0.124375675135027,-0.0024993752428363273,interpolado
0.12447549509901981,-0.00236088330624552,interpolado
0.12457531506301257,-0.002249169861291679,interpolado
0.1246751350270054,-0.002164097360336234,interpolado
0.12477495499099822,-0.0021055282557406675,interpolado
0.12487477495499101,-0.0020733249998664224,interpolado
0.125,-0.00207,original
0.12507441488297663,-0.0020860994005692025,interpolado
0.1251742348469694,-0.002115995347894691,interpolado
0.12527405481096218,-0.0021371660853448955,interpolado
0.125373874774955,-0.0021296854393878266,interpolado
0.12547369473894782,-0.0020736272364914976,interpolado
0.12557351470294065,-0.0019490653031239288,interpolado
0.1256733346669334,-0.001736073465753206,interpolado
0.1257731546309262,-0.0014147255508472365,interpolado
0.125872974594919,-0.0009650953848740795,interpolado
0.126,-0.000176,original
0.1260726145229046,0.0003938226396504055,interpolado
0.1261724344868974,0.0012872197579314381,interpolado
0.1262722544508902,0.0022568443228350756,interpolado
0.126372074414883,0.003246348737837614,interpolado
0.1264718943788758,0.004199385406415585,interpolado
0.12657171434286857,0.005059606732045297,interpolado
0.12667153430686137,0.0057706651182037735,interpolado
0.12677135427085418,0.006276212968367286,interpolado
0.12687117423484698,0.0065199026860123695,interpolado
0.127,0.006356,original
0.12707081416283256,0.00600427205027465,interpolado
0.1271706341268254,0.005227638528905244,interpolado
0.12727045409081816,0.004192272208906112,interpolado
0.12737027405481097,0.0029755058504610595,interpolado
0.1274700940188038,0.0016546722137538925,interpolado
0.12756991398279655,0.00030710405896877967,interpolado
0.12766973394678935,-0.0009898658537112318,interpolado
0.12776955391078218,-0.002158904764101972,interpolado
0.12786937387477496,-0.0031226799120196293,interpolado
0.128,-0.003945,original
0.12806901380276056,-0.004132019294934956,interpolado
0.1281688337667533,-0.004110285049713153,interpolado
0.12826865373074614,-0.003786184884620415,interpolado
0.12836847369473897,-0.003207862594905792,interpolado
0.12846829365873175,-0.002423461975818339,interpolado
0.12856811362272455,-0.0014811268226073936,interpolado
0.12866793358671735,-0.0004290009305214736,interpolado
0.12876775355071016,0.0006847719051901244,interpolado
0.12886757351470296,0.0018120478892783422,interpolado
0.129,0.003246,original
0.12906721344268854,0.0039163701645369975,interpolado
0.12916703340668137,0.004821635704905988,interpolado
0.12926685337067417,0.005608210702003942,interpolado
0.12936667333466698,0.006264035627869139,interpolado
0.12946649329865975,0.006777050954539741,interpolado
0.12956631326265253,0.007135197154054315,interpolado
0.12966613322664536,0.007326414698450982,interpolado
0.12976595319063816,0.007338644059768022,interpolado
0.12986577315463096,0.007159825710043718,interpolado
0.13,0.006597,original
0.13006541308261654,0.006183784591756596,interpolado
0.13016523304660935,0.005404468022374214,interpolado
0.13026505301060212,0.004490926889010343,interpolado
0.13036487297459495,0.0034945708745924417,interpolado
0.13046469293858773,0.0024668096620482477,interpolado
0.13056451290258048,0.0014590529343046351,interpolado
0.13066433286657328,0.0005227103742893445,interpolado
0.1307641528305661,-0.0002908083350701689,interpolado
0.13086397279455894,-0.0009300935108464501,interpolado
0.131,-0.001428,original
0.1310636127225445,-0.0014847278031844258,interpolado
0.13116343268653727,-0.0013631234651935592,interpolado
0.1312632526505301,-0.0010287823502490392,interpolado
0.1313630726145229,-0.0005323763037971595,interpolado
0.13146289257851568,7.542282871560613e-05,interpolado
0.13156271254250848,0.0007439432018433107,interpolado
0.13166253250650128,0.0014225129701395038,interpolado
0.1317623524704941,0.0020604602881578913,interpolado
0.13186217243448692,0.0026071133104521777,interpolado
0.132,0.003118,original
0.13206181236247247,0.0032271213976880183,interpolado
0.1321616323264653,0.0032510958849955216,interpolado
0.1322614522904581,0.0031149770839982455,interpolado
0.13236127225445085,0.002850779171790871,interpolado
0.13246109221844365,0.002490516325467839,interpolado
0.1325609121824365,0.002066202722123802,interpolado
0.1326607321464293,0.001609852538853352,interpolado
0.1327605521104221,0.001153479952751085,interpolado
0.13286037207441484,0.0007290991409117051,interpolado
0.133,0.00025,original
0.13306001200240045,0.00010276543243074731,interpolado
0.13315983196639328,-6.225574184548834e-05,interpolado
0.13325965193038608,-0.00013814882409472396,interpolado
0.13335947189437886,-0.00013719159581618946,interpolado
0.13345929185837166,-7.166183850910216e-05,interpolado
0.13355911182236446,4.616266632732762e-05,interpolado
0.13365893178635727,0.00020400413719387977,interpolado
0.13375875175035007,0.0003895847925913337,interpolado
0.1338585717143429,0.0005906268510204126,interpolado
0.134,0.000878,original
0.13405821164232848,0.0009904689698750164,interpolado
0.1341580316063213,0.0011734458561736569,interpolado
0.13425785157031406,0.0013459987603423186,interpolado
0.13435767153430683,0.0015105203371814505,interpolado
0.13445749149829964,0.0016694032414916362,interpolado
0.13455731146229247,0.0018250401280733226,interpolado
0.13465713142628524,0.0019798236517270017,interpolado
0.13475695139027807,0.0021361464672531674,interpolado
0.13485677135427082,0.0022964012294522675,interpolado
0.135,0.002538,original
0.13505641128225646,0.0026377136656709228,interpolado
0.13515623124624926,0.0028127125843087322,interpolado
0.13525605121024206,0.0029718925473735088,interpolado
0.13535587117423484,0.0030989119725307202,interpolado
0.13545569113822764,0.0031774292774456995,interpolado
0.13555551110222047,0.003191102879783826,interpolado
0.13565533106621325,0.003123591197210475,interpolado
0.13575515103020602,0.002958552647391091,interpolado
0.13585497099419885,0.002679645647990962,interpolado
0.136,0.002038,original
0.13605461092218443,0.0017164866851296665,interpolado
0.13615443088617726,0.0010330835024147463,interpolado
0.13625425085017004,0.00026265870196220075,interpolado
0.13635407081416284,-0.0005515251956750846,interpolado
0.13645389077815565,-0.0013662056699435836,interpolado
0.13655371074214845,-0.002138120200289973,interpolado
0.13665353070614122,-0.002824006266160928,interpolado
0.13675335067013403,-0.003380601347002997,interpolado
0.13685317063412686,-0.0037646429222631733,interpolado
0.137,-0.003925,original
0.13705281056211244,-0.0038441452578830437,interpolado
0.13715263052610524,-0.0035002373046529624,interpolado
0.13725245049009802,-0.0029426731132356173,interpolado
0.13735227045409082,-0.0022144833838563284,interpolado
0.13745209041808362,-0.0013586988167408594,interpolado
0.13755191038207643,-0.00041835011211484915,interpolado
0.1376517303460692,0.0005635320297960648,interpolado
0.137751550310062,0.0015439169087659776,interpolado
0.1378513702740548,0.002479773824569804,interpolado
0.138,0.003698,original
0.13805101020204044,0.004046810396400049,interpolado
0.13815083016603322,0.004616482591335232,interpolado
0.13825065013002602,0.00503943993216037,interpolado
0.1383504700940188,0.005318935563569255,interpolado
0.13845029005801163,0.005458222630255851,interpolado
0.1385501100220044,0.005460554276914133,interpolado
0.1386499299859972,0.005329183648238124,interpolado
0.13874974994999,0.005067363888921717,interpolado
0.1388495699139828,0.004678348143658899,interpolado
0.13894938987797562,0.00416538955714364,interpolado
0.139,0.003859,original
0.13914902980596117,0.0027871638028261697,interpolado
0.139248849769954,0.001945685041865639,interpolado
0.1393486697339468,0.0010225248811210645,interpolado
0.13944848969793958,3.266892708992503e-05,interpolado
0.1395483096619324,-0.0010088972137302966,interpolado
0.13964812962592518,-0.0020871879348418184,interpolado
0.13974794958991799,-0.0031872176297477596,interpolado
0.13984776955391082,-0.004294000691950345,interpolado
0.13994758951790356,-0.005392551514952094,interpolado
0.14,-0.005961,original
0.14014722944588917,-0.0074949924064265675,interpolado
0.14024704940988197,-0.00844160612081891,interpolado
0.14034686937387478,-0.009273665954921118,interpolado
0.14044668933786755,-0.009957446846094342,interpolado
0.14054650930186036,-0.010459223731699623,interpolado
0.14064632926585316,-0.010745271549098401,interpolado
0.1407461492298459,-0.010781865235651649,interpolado
0.14084596919383874,-0.010535279728720526,interpolado
0.14094578915783154,-0.009971789965666179,interpolado
0.141,-0.009521,original
0.14114542908581712,-0.007818159003404197,interpolado
0.14124524904980995,-0.0063254171043762,interpolado
0.14134506901380273,-0.004661936957188817,interpolado
0.14144488897779556,-0.0029083915930050762,interpolado
0.14154470894178833,-0.001145454042988471,interpolado
0.14164452890578116,0.0005462026616989715,interpolado
0.14174434886977394,0.0020859054898937413,interpolado
0.14184416883376677,0.0033929814104328247,interpolado
0.14194398879775955,0.004386757392153197,interpolado
0.142,0.004777,original
0.14214362872574518,0.005181641863506627,interpolado
0.14224344868973796,0.00502206349871351,interpolado
0.14234326865373076,0.0045699708447934275,interpolado
0.14244308861772356,0.0038855252250595746,interpolado
0.14254290858171637,0.0030288879628253954,interpolado
0.14264272854570914,0.0020602203814035925,interpolado
0.14274254850970194,0.0010396838041075716,interpolado
0.14284236847369475,2.743955425052588e-05,interpolado
0.14294218843768755,-0.0009163510448543564,interpolado
0.143,-0.001408,original
0.14314182836567316,-0.002393090513066268,interpolado
0.14324164832966593,-0.00290931459617175,interpolado
0.14334146829365874,-0.00329450745960665,interpolado
0.14344128825765154,-0.0035620639012852212,interpolado
0.14354110822164431,-0.0037253787191219223,interpolado
0.14364092818563715,-0.0037978467110309794,interpolado
0.14374074814962995,-0.0037928626749267054,interpolado
0.14384056811362275,-0.0037238214087234136,interpolado
0.14394038807761556,-0.003604117710335457,interpolado
0.144,-0.003514,original
0.14414002800560116,-0.00326269278337058,interpolado
0.14423984796959394,-0.003056841496315123,interpolado
0.14433966793358677,-0.002835056790457021,interpolado
0.14443948789757952,-0.002602888393686201,interpolado
0.1445393078615723,-0.0023658860338923926,interpolado
0.14463912782556507,-0.002129599438965519,interpolado
0.1447389477895579,-0.0018995783367954406,interpolado
0.14483876775355073,-0.0016813724552720173,interpolado
0.14493858771754345,-0.0014805315222851613,interpolado
0.145,-0.001368,original
0.14513822764552908,-0.0011378160318029143,interpolado
0.1452380476095219,-0.0009594113859288239,interpolado
0.14533786757351466,-0.0007379795224509021,interpolado
0.14543768753750744,-0.0004444374400387754,interpolado
0.14553750750150027,-4.970213736181961e-05,interpolado
0.14563732746549307,0.00047530938691036273,interpolado
0.14573714742948587,0.0011596801341082397,interpolado
0.14583696739347865,0.0020324931055622788,interpolado
0.14593678735747145,0.003122831302602613,interpolado
0.146,0.003939,original
0.14613642728545706,0.00601868699875152,interpolado
0.14623624724944986,0.007710829758415193,interpolado
0.14633606721344267,0.009437980023354593,interpolado
0.14643588717743547,0.011102949827000651,interpolado
0.14653570714142825,0.012608551202782843,interpolado
0.14663552710542108,0.013857596184131135,interpolado
0.14673534706941385,0.014752896804475474,interpolado
0.14683516703340668,0.015197265097245765,interpolado
0.14693498699739949,0.015093513095872231,interpolado
0.147,0.014685,original
0.1471346269253851,0.012950877215304968,interpolado
0.1472344468893779,0.011039118227095713,interpolado
0.14733426685337067,0.00875331554635623,interpolado
0.14743408681736345,0.0062359155115311446,interpolado
0.14753390678135628,0.0036293644610669914,interpolado
0.14763372674534908,0.0010761087334096987,interpolado
0.14773354670934186,-0.0012814053329947962,interpolado
0.14783336667333463,-0.0033007313997000538,interpolado
0.14793318663732744,-0.004839423128261292,interpolado
0.148,-0.00553,original
0.148132826565313,-0.006005994018088131,interpolado
0.14823264652930587,-0.005689257125456782,interpolado
0.14833246649329865,-0.004920808200231952,interpolado
0.14843228645729142,-0.0038150840699242264,interpolado
0.14853210642128423,-0.002486521562044796,interpolado
0.14863192638527706,-0.0010495575041047,interpolado
0.14873174634926986,0.00038137127638503186,interpolado
0.14883156631326264,0.0016918279519130223,interpolado
0.14893138627725544,0.002767375694968991,interpolado
0.149,0.003311,original
0.14913102620524105,0.003827842411518396,interpolado
0.14923084616923382,0.0038331061819812788,interpolado
0.14933066613322665,0.003586504835341516,interpolado
0.14943048609721943,0.0031642035991846524,interpolado
0.14953030606121223,0.0026423677010962822,interpolado
0.14963012602520506,0.002097162368661998,interpolado
0.14972994598919784,0.001604752829467514,interpolado
0.14982976595319059,0.001241304311098131,interpolado
0.14992958591718342,0.0010829820411395906,interpolado
0.15,0.001136,original
0.15012922584516902,0.0016315495199285186,interpolado
0.1502290458091618,0.002295130881841373,interpolado
0.1503288657731546,0.003120595098100605,interpolado
0.1504286857371474,0.004032487965812108,interpolado
0.15052850570114024,0.004955355282081923,interpolado
0.150628325665133,0.005813742844016098,interpolado
0.15072814562912576,0.006532196448720501,interpolado
0.1508279655931186,0.007035261893301598,interpolado
0.1509277855571114,0.007247484974865206,interpolado
0.151,0.007177,original
0.15112742548509703,0.006550636028717387,interpolado
0.1512272454490898,0.005685437229804434,interpolado
0.15132706541308263,0.004575906841900972,interpolado
0.15142688537707538,0.003299597233606103,interpolado
0.1515267053410682,0.0019340607735187374,interpolado
0.15162652530506102,0.0005568498302377757,interpolado
0.15172634526905382,-0.000754483227637524,interpolado
0.1518261652330466,-0.001922386031509001,interpolado
0.15192598519703943,-0.002869306212777377,interpolado
0.152,-0.003383,original
0.15212562512502495,-0.0038324687110456164,interpolado
0.15222544508901778,-0.003854158918602655,interpolado
0.1523252650530106,-0.00363344326977853,interpolado
0.15242508501700336,-0.00322063482105699,interpolado
0.1525249049809962,-0.0026660466289217914,interpolado
0.15262472494498897,-0.002019991749856872,interpolado
0.1527245449089818,-0.0013327832403456142,interpolado
0.1528243648729746,-0.0006547341568719403,interpolado
0.15292418483696738,-3.615755591960133e-05,interpolado
0.153,0.000363,original
0.15312382476495298,0.0008445535451380047,interpolado
0.15322364472894576,0.0010964607224208946,interpolado
0.15332346469293856,0.0012512216173633322,interpolado
0.15342328465693136,0.001331533580128994,interpolado
0.1535231046209242,0.001360093960881557,interpolado
0.15362292458491694,0.0013596001097846988,interpolado
0.1537227445489098,0.0013527493770020922,interpolado
0.15382256451290258,0.001362239112697409,interpolado
0.1539223844768954,0.0014107666670343272,interpolado
0.154,0.00149,original
0.154122024404881,0.0017040017084502383,interpolado
0.15422184436887376,0.0019471062190387503,interpolado
0.15432166433286656,0.0022344662161680393,interpolado
0.15442148429685937,0.0025502756283200803,interpolado
0.15452130426085214,0.002878728383976847,interpolado
0.15462112422484495,0.003204018411620227,interpolado
0.15472094418883775,0.003510339639732378,interpolado
0.15482076415283055,0.0037818859967951846,interpolado
0.15492058411682336,0.004002851411290621,interpolado
0.155,0.004132,original
0.15512022404480894,0.004235635937429909,interpolado
0.15522004400880174,0.004239890592565341,interpolado
0.15531986397279454,0.004174406168519908,interpolado
0.15541968393678737,0.004043366601575441,interpolado
0.15551950390078015,0.0038509558280138334,interpolado
0.15561932386477295,0.0036013577841168074,interpolado
0.15571914382876575,0.0032987564061662407,interpolado
0.15581896379275853,0.002947335630443963,interpolado
0.15591878375675133,0.0025512793932318065,interpolado
0.156,0.002199,original
0.15611842368473697,0.0016502854870535744,interpolado
0.15621824364872974,0.001189019925132556,interpolado
0.15631806361272255,0.0007649762356880876,interpolado
0.15641788357671535,0.0004121235729953206,interpolado
0.15651770354070813,0.00016443109132945988,interpolado
0.15661752350470093,5.586794496551114e-05,interpolado
0.1567173434686937,0.00012040328817871206,interpolado
0.15681716343268653,0.00039200627524421465,interpolado
0.15691698339667934,0.0009046460604371712,interpolado
0.157,0.001539,original
0.15711662332466492,0.0027592901949002675,interpolado
0.15721644328865772,0.004039113906102664,interpolado
0.15731626325265052,0.005454196539007538,interpolado
0.1574160832166433,0.0069270603049424746,interpolado
0.1575159031806361,0.008380227415234674,interpolado
0.1576157231446289,0.009736220081212544,interpolado
0.1577155431086217,0.010917560514203268,interpolado
0.1578153630726145,0.011846770925534435,interpolado
0.1579151830366073,0.01244637352653352,interpolado
0.158,0.012639,original
0.1581148229645929,0.012383575865859637,interpolado
0.1582146429285857,0.011732697760319174,interpolado
0.15831446289257853,0.010753657010865513,interpolado
0.1584142828565713,0.009513772477692476,interpolado
0.15851410282056413,0.008080363020992838,interpolado
0.1586139227845569,0.006520747500960361,interpolado
0.15871374274854974,0.004902244777788524,interpolado
0.1588135627125425,0.00329217371167078,interpolado
0.1589133826765353,0.0017578531628010111,interpolado
0.159,0.00054,original
0.15911302260452093,-0.000835604350961086,interpolado
0.15921284256851373,-0.0018599589325592571,interpolado
0.1593126625325065,-0.002727397781401568,interpolado
0.15941248249649928,-0.0034588229042187154,interpolado
0.15951230246049208,-0.004075136307741981,interpolado
0.1596121224244849,-0.004597239998702028,interpolado
0.15971194238847772,-0.0050460359838297355,interpolado
0.1598117623524705,-0.005442426269855987,interpolado
0.15991158231646324,-0.005807312863511564,interpolado
0.16,-0.006121,original
0.16011122224444888,-0.006509040955586937,interpolado
0.16021104220844165,-0.0068048601112198175,interpolado
0.16031086217243448,-0.006995587033942375,interpolado
0.16041068213642726,-0.007027771989097668,interpolado
0.16051050210042006,-0.006847965242028768,interpolado
0.16061032206441286,-0.0064027170580786795,interpolado
0.16071014202840567,-0.005638577702590452,interpolado
0.16080996199239847,-0.004502097440907491,interpolado
0.16090978195639127,-0.002939826538372223,interpolado
0.161,-0.001117,original
0.16110942188437688,0.0016279718157282317,interpolado
0.16120924184836968,0.0045011860706491175,interpolado
0.16130906181236243,0.007556493901055281,interpolado
0.16140888177635526,0.010629094079853156,interpolado
0.16150870174034807,0.013554185379946591,interpolado
0.16160852170434087,0.016166966574240278,interpolado
0.1617083416683337,0.01830263643563891,interpolado
0.16180816163232645,0.01979639373704686,interpolado
0.16190798159631928,0.020483437251369693,interpolado
0.162,0.02026,original
0.16210762152430486,0.018856965484258047,interpolado
0.16220744148829772,0.0166204903866728,interpolado
0.16230726145229044,0.013701961907288715,interpolado
0.16240708141628327,0.010313771481998114,interpolado
0.1625069013802761,0.0066683105466957176,interpolado
0.16260672134426885,0.002977970537275507,interpolado
0.1627065413082617,-0.0005448571103685332,interpolado
0.16280636127225448,-0.003687780960341607,interpolado
0.16290618123624725,-0.0062384095767515245,interpolado
0.163,-0.007906,original
0.1631058211642329,-0.008787246348499323,interpolado
0.1632056411282257,-0.008755892327236852,interpolado
0.16330546109221844,-0.008050731686296924,interpolado
0.16340528105621127,-0.006832193149681699,interpolado
0.16350510102020407,-0.0052607054413938755,interpolado
0.16360492098419685,-0.0034966972854360433,interpolado
0.16370474094818963,-0.0017005974058112799,interpolado
0.16380456091218243,-3.283452652114616e-05,interpolado
0.16390438087617523,0.001346162628431274,interpolado
0.164,0.002248,original
0.16410402080416084,0.002646275069170801,interpolado
0.1642038407681536,0.002523507487462284,interpolado
0.1643036607321464,0.0020130294047257286,interpolado
0.1644034806961392,0.0012202043339955013,interpolado
0.16450330066013202,0.00025039578830600754,interpolado
0.16460312062412483,-0.0007910327193083637,interpolado
0.1647029405881176,-0.0017987176758129462,interpolado
0.1648027605521104,-0.002667295568173926,interpolado
0.1649025805161032,-0.0032914028833566167,interpolado
0.165,-0.003564,original
0.16510222044408876,-0.0034153537613010577,interpolado
0.16520204040808162,-0.002879559681146018,interpolado
0.1653018603720744,-0.002023908833226778,interpolado
0.1654016803360672,-0.0009140157866024518,interpolado
0.16550150030006006,0.00038450488966795403,interpolado
0.16560132026405278,0.0018060386265254269,interpolado
0.1657011402280456,0.0032849708549105485,interpolado
0.1658009601920384,0.004755687005765142,interpolado
0.1659007801560312,0.006152572510029793,interpolado
0.166,0.007403,original
0.16610042008401682,0.008473670664550294,interpolado
0.16620024004800957,0.009333512027679309,interpolado
0.16630006001200237,0.009990380625854521,interpolado
0.16639987997599523,0.01044512019449027,interpolado
0.166499699939988,0.010698574469001146,interpolado
0.16659951990398078,0.01075158718480176,interpolado
0.16669933986797358,0.010605002077306754,interpolado
0.1667991598319664,0.01025966288193067,interpolado
0.16689897979595922,0.009716413334088113,interpolado
0.167,0.008966,original
0.1670986197239448,0.008047141357560392,interpolado
0.16719843968793757,0.006969420052752281,interpolado
0.1672982596519304,0.005790957921848252,interpolado
0.1673980796159232,0.004559779645596935,interpolado
0.16749789957991598,0.0033239099047469695,interpolado
0.16759771954390879,0.002131373380047315,interpolado
0.16769753950790156,0.001030194752245927,interpolado
0.1677973594718944,6.839870209178657e-05,interpolado
0.16789717943588717,-0.0007059900896664758,interpolado
0.168,-0.001257,original
0.16809681936387277,-0.0015138511757724492,interpolado
0.16819663932786558,-0.0015367607174819047,interpolado
0.16829645929185838,-0.0013537860635281557,interpolado
0.16839627925585118,-0.0010050381090301876,interpolado
0.16849609921984396,-0.0005306277491069853,interpolado
0.1685959191838368,2.9334121122303174e-05,interpolado
0.16869573914782957,0.000634736606539012,interpolado
0.1687955591118224,0.001245468812024013,interpolado
0.1688953790758152,0.0018214198424583196,interpolado
0.169,0.002344,original
0.1690950190038008,0.002716121486855152,interpolado
0.16919483896779358,0.0030048875622864317,interpolado
0.16929465893178638,0.0032014396822034425,interpolado
0.1693944788957792,0.0033184414783929096,interpolado
0.16949429885977196,0.0033685565826415504,interpolado
0.16959411882376477,0.003364448626736115,interpolado
0.1696939387877576,0.0033187812424633058,interpolado
0.1697937587517504,0.0032442180616098467,interpolado
0.16989357871574312,0.003153422715962463,interpolado
0.17,0.003053,original
0.17009321864372873,0.0029707120189440056,interpolado
0.17019303860772153,0.002882946319923075,interpolado
0.17029285857171436,0.0027857503223253297,interpolado
0.17039267853570716,0.002669111515135459,interpolado
0.17049249849969994,0.002523017387338202,interpolado
0.17059231846369274,0.0023374554279181705,interpolado
0.17069213842768555,0.002102413125860093,interpolado
0.17079195839167835,0.001807877970148661,interpolado
0.17089177835567113,0.0014438374497685656,interpolado
0.171,0.000959,original
0.17109141828365676,0.00047192708964412944,interpolado
0.17119123824764956,-0.00012207915649355526,interpolado
0.17129105821164234,-0.0007547567820420087,interpolado
0.17139087817563514,-0.0013991192073991349,interpolado
0.17149069813962792,-0.0020281798529626634,interpolado
0.17159051810362075,-0.0026149521391308547,interpolado
0.1716903380676135,-0.0031324494863014304,interpolado
0.1717901580316063,-0.0035536853148722945,interpolado
0.1718899779955991,-0.0038516730452412846,interpolado
0.172,-0.004005,original
0.1720896179235847,-0.003976137652029577,interpolado
0.17218943788757748,-0.003794651548024555,interpolado
0.1722892578515703,-0.0034792098791586014,interpolado
0.17238907781556306,-0.0030540638557166287,interpolado
0.1724888977795559,-0.002543464687983178,interpolado
0.17258871774354867,-0.001971663586243137,interpolado
0.17268853770754145,-0.0013629117607812916,interpolado
0.1727883576715343,-0.000741460421882424,interpolado
0.17288817763552702,-0.00013156077983148402,interpolado
0.173,0.000508,original
0.17308781756351269,0.0009593401941993467,interpolado
0.17318763752750552,0.001413254717036857,interpolado
0.1732874574914983,0.0018043558228035513,interpolado
0.1733872774554911,0.002132726861275458,interpolado
0.1734870974194839,0.0023984511822288694,interpolado
0.17358691738347673,0.0026016121354397975,interpolado
0.1736867373474695,0.0027422930706843514,interpolado
0.1737865573114623,0.0028205773377386425,interpolado
0.17388637727545506,0.002836548286378786,interpolado
0.174,0.002779,original
0.17408601720344072,0.0026836280672338027,interpolado
0.17418583716743352,0.002529006011682071,interpolado
0.1742856571314263,0.002342856235447393,interpolado
0.17438547709541907,0.002141619081970901,interpolado
0.17448529705941188,0.001941734894693558,interpolado
0.17458511702340473,0.0017596440170564935,interpolado
0.17468493698739748,0.0016117867925007833,interpolado
0.17478475695139026,0.0015146035644675246,interpolado
0.17488457691538306,0.0014845346763977343,interpolado
0.175,0.001555,original
0.17508421684336867,0.0016868055628090396,interpolado
0.17518403680736147,0.0019124147407746416,interpolado
0.1752838567713543,0.002184403417969991,interpolado
0.17538367673534705,0.0024722971432336164,interpolado
0.17548349669933988,0.002745621465403819,interpolado
0.1755833166633327,0.002973901933318967,interpolado
0.1756831366273255,0.0031266640958174316,interpolado
0.17578295659131826,0.0031734335017375897,interpolado
0.17588277655531107,0.0030837356999178426,interpolado
0.176,0.002763,original
0.1760824164832967,0.002379533437827693,interpolado
0.17618223644728948,0.0017612874811544015,interpolado
0.17628205641128225,0.0010110363470872228,interpolado
0.17638187637527503,0.00016751914940501148,interpolado
0.17648169633926786,-0.0007305249981127583,interpolado
0.17658151630326066,-0.0016443569816868037,interpolado
0.17668133626725346,-0.0025352376875378423,interpolado
0.17678115623124624,-0.003364428001886375,interpolado
0.17688097619523904,-0.004093188810953589,interpolado
0.177,-0.004777,original
0.17708061612322462,-0.005099893791446251,interpolado
0.17718043608721745,-0.005350368538862956,interpolado
0.17728025605121023,-0.005457223464759979,interpolado
0.177380076015203,-0.005443550168551691,interpolado
0.17747989597919578,-0.005332440249652358,interpolado
0.1775797159431886,-0.005146985307476295,interpolado
0.17767953590718139,-0.0049102769414378885,interpolado
0.1777793558711742,-0.004645406750951315,interpolado
0.177879175835167,-0.004375466335430952,interpolado
0.178,-0.004075,original
0.17807881576315263,-0.003910811335755294,interpolado
0.17817863572714537,-0.0037436699675744978,interpolado
0.1782784556911382,-0.0036217280810928324,interpolado
0.178378275655131,-0.0035445540408184893,interpolado
0.17847809561912384,-0.0035117162112596077,interpolado
0.17857791558311664,-0.0035227829569243257,interpolado
0.1786777355471094,-0.003577322642320758,interpolado
0.17877755551110222,-0.0036749036319570776,interpolado
0.17887737547509502,-0.0038150942903414104,interpolado
0.179,-0.004045,original
0.1790770154030806,-0.004221474003635965,interpolado
0.17917683536707338,-0.004485748154477754,interpolado
0.1792766553310662,-0.004788496976824177,interpolado
0.179376475295059,-0.005127929311220944,interpolado
0.17947629525905184,-0.005502253998213834,interpolado
0.17957611522304462,-0.005909679878348627,interpolado
0.1796759351870374,-0.006348415792170974,interpolado
0.1797757551510302,-0.006816670580226902,interpolado
0.179875575115023,-0.007312653083062069,interpolado
0.18,-0.007967,original
0.1800752150430086,-0.008378126083649988,interpolado
0.18017503500700136,-0.008917416277777056,interpolado
0.1802748549709942,-0.009415530619662518,interpolado
0.18037467493498696,-0.009835469120511591,interpolado
0.18047449489897982,-0.010140231791529657,interpolado
0.18057431486297257,-0.010292818643922069,interpolado
0.1806741348269654,-0.010256229688894296,interpolado
0.1807739547909582,-0.009993464937651644,interpolado
0.18087377475495103,-0.009467524401399492,interpolado
0.181,-0.008368,original
0.18107341468293658,-0.007485935374270111,interpolado
0.18117323464692933,-0.00604338509206209,interpolado
0.18127305461092216,-0.004394323798223025,interpolado
0.181372874574915,-0.002619681872953579,interpolado
0.1814726945389078,-0.0008003896964544114,interpolado
0.18157251450290057,0.0009826223510733315,interpolado
0.1816723344668934,0.002648423889429991,interpolado
0.18177215443088618,0.0041160845384144076,interpolado
0.18187197439487898,0.005304673917825911,interpolado
0.182,0.006291,original
0.18207161432286456,0.006529937965038681,interpolado
0.18217143428685736,0.006510456210335846,interpolado
0.18227125425085017,0.006139903200190765,interpolado
0.18237107421484292,0.005483916869375605,interpolado
0.18247089417883575,0.004608135152662532,interpolado
0.1825707141428285,0.0035781959848240137,interpolado
0.18267053410682133,0.0024597373006316294,interpolado
0.1827703540708141,0.001318397034857814,interpolado
0.18287017403480693,0.0002198131222747335,interpolado
0.183,-0.001037,original
0.1830698139627925,-0.0015912545946613454,interpolado
0.1831696339267853,-0.0022307411249167836,interpolado
0.18326945389077812,-0.002705614164681619,interpolado
0.1833692738547709,-0.003033026588490996,interpolado
0.18346909381876367,-0.0032301312708800226,interpolado
0.1835689137827565,-0.0033140810863839507,interpolado
0.18366873374674933,-0.003302028909537855,interpolado
0.18376855371074213,-0.0032111276148768797,interpolado
0.1838683736747349,-0.003058530076936172,interpolado
0.184,-0.002792,original
0.18406801360272054,-0.0026365530311209134,interpolado
0.18416783356671332,-0.002397509691471072,interpolado
0.18426765353070615,-0.002155662988961323,interpolado
0.18436747349469892,-0.0019223855952154173,interpolado
0.18446729345869176,-0.0017090501818571677,interpolado
0.18456711342268456,-0.0015270294205102061,interpolado
0.18466693338667733,-0.0013876959827983507,interpolado
0.18476675335067017,-0.001302422540345355,interpolado
0.18486657331466294,-0.001282581764774974,interpolado
0.185,-0.001378,original
0.18506621324264852,-0.0014817450798682633,interpolado
0.18516603320664132,-0.0016829668000668512,interpolado
0.18526585317063415,-0.001894451662213043,interpolado
0.18536567313462696,-0.002067054933709407,interpolado
0.18546549309861976,-0.002151631881958509,interpolado
0.18556531306261254,-0.0020990377743629767,interpolado
0.18566513302660534,-0.0018601278783253424,interpolado
0.18576495299059811,-0.001385757461248176,interpolado
0.18586477295459095,-0.0006267817905340491,interpolado
0.186,0.000943,original
0.1860644128825765,0.0019342407237630875,interpolado
0.1861642328465693,0.003727834426130305,interpolado
0.18626405281056213,0.005733553226521327,interpolado
0.18636387277455488,0.007837008990400922,interpolado
0.18646369273854768,0.009923813583235654,interpolado
0.1865635127025405,0.011879578870490308,interpolado
0.1866633326665333,0.013589916717630244,interpolado
0.1867631526305261,0.014940438990120828,interpolado
0.18686297259451887,0.015816757553427253,interpolado
0.187,0.016038,original
0.1870626125225045,0.015699665825274156,interpolado
0.18716243248649728,0.014638797597139545,interpolado
0.18726225245049008,0.01305899237349266,interpolado
0.18736207241448286,0.011099552668387273,interpolado
0.18746189237847566,0.008899780995875422,interpolado
0.18756171234246843,0.006598979870010793,interpolado
0.18766153230646127,0.004336451804846562,interpolado
0.187761352270454,0.002251499314435904,interpolado
0.18786117223444687,0.00048342491283242584,interpolado
0.188,-0.001187,original
0.18806081216243245,-0.0015533769807694697,interpolado
0.18816063212642525,-0.001683112138945262,interpolado
0.18826045209041806,-0.0013016147807134936,interpolado
0.18836027205441086,-0.0004950680192657358,interpolado
0.18846009201840364,0.0006503450322071853,interpolado
0.18855991198239644,0.002048441260513801,interpolado
0.18865973194638924,0.0036130375524628198,interpolado
0.18875955191038207,0.005257950794862943,interpolado
0.1888593718743748,0.006896997874522427,interpolado
0.189,0.00903,original
0.18905901180236043,0.009815491319578587,interpolado
0.1891588317663532,0.010970345626863743,interpolado
0.18925865173034603,0.011900756621085749,interpolado
0.18935847169433884,0.012599825188951513,interpolado
0.18945829165833164,0.013060652217167141,interpolado
0.1895581116223244,0.013276338592439025,interpolado
0.18965793158631722,0.013239985201473566,interpolado
0.18975775155031005,0.012944692930977277,interpolado
0.18985757151430283,0.012383562667656382,interpolado
0.19,0.011109,original
0.19005721144228843,0.010438495052700643,interpolado
0.19015703140628126,0.00908378157788342,interpolado
0.190256851370274,0.007551107222959871,interpolado
0.1903566713342668,0.005906975816521141,interpolado
0.19045649129825962,0.004217891187159641,interpolado
0.1905563112622524,0.002550357163467383,interpolado
0.19065613122624522,0.0009708775740363798,interpolado
0.19075595119023803,-0.0004540437525409951,interpolado
0.19085577115423086,-0.0016579029876735377,interpolado
0.191,-0.002872,original
0.1910554110822164,-0.0031399923636236875,interpolado
0.1911552310462092,-0.00335661465372953,interpolado
0.19125505101020196,-0.0032810301329516053,interpolado
0.19135487097419485,-0.002972044801138314,interpolado
0.1914546909381876,-0.002488464658138089,interpolado
0.19155451090218045,-0.001889095703799387,interpolado
0.19165433086617326,-0.0012327439379708482,interpolado
0.191754150830166,-0.0005782153605005491,interpolado
0.19185397079415886,1.568402876288088e-05,interpolado
0.192,0.000653,original
0.1920536107221444,0.0007886987580875015,interpolado
0.19215343068613722,0.0009001070439030274,interpolado
0.19225325065013008,0.0008542214728598028,interpolado
0.19235307061412282,0.0006823809030495882,interpolado
0.19245289057811563,0.0004159241925642009,interpolado
0.19255271054210846,8.619019949545752e-05,interpolado
0.19265253050610123,-0.00027548221806472536,interpolado
0.19275235047009406,-0.000637754202024738,interpolado
0.1928521704340868,-0.0009692868942926666,interpolado
0.193,-0.001337,original
0.19305181036207245,-0.0014157397242049062,interpolado
0.19315163032606528,-0.001490144161668911,interpolado
0.193251450290058,-0.0014710768828428734,interpolado
0.19335127025405083,-0.0013684244661479532,interpolado
0.19345109021804363,-0.0011920734900053428,interpolado
0.19355091018203638,-0.0009519105328362336,interpolado
0.1936507301460292,-0.0006578221730619084,interpolado
0.193750550110022,-0.0003196949891033937,interpolado
0.1938503700740148,5.258444061804357e-05,interpolado
0.194,0.000653,original
0.1940500100020004,0.000859950163922552,interpolado
0.1941498299659932,0.001272685476650296,interpolado
0.194249649929986,0.0016726101173949986,interpolado
0.19434946989397883,0.002044896405697176,interpolado
0.1944492898579716,0.002374716661097459,interpolado
0.19454910982196438,0.002647243203136413,interpolado
0.19464892978595721,0.002847648351354826,interpolado
0.19474874974995002,0.0029611044252932416,interpolado
0.1948485697139428,0.0029727837444922926,interpolado
0.19494838967793562,0.0028678586284926117,interpolado
0.195,0.002763,original
0.1951480296059212,0.00227194109851297,interpolado
0.19524784956991403,0.0018134020909416797,interpolado
0.19534766953390686,0.0012842716469574906,interpolado
0.1954474894978996,0.0007121405982810397,interpolado
0.19554730946189236,0.00012459977663312698,interpolado
0.19564712942588516,-0.0004507599862659434,interpolado
0.195746949389878,-0.0009863478586953727,interpolado
0.1958467693538708,-0.0014545730089345237,interpolado
0.1959465893178636,-0.0018278446052627604,interpolado
0.196,-0.001979,original
0.19614622924584918,-0.002208994649083755,interpolado
0.19624604920984193,-0.0022441410767063933,interpolado
0.19634586917383476,-0.0022143071754724066,interpolado
0.1964456891378276,-0.0021488353977395943,interpolado
0.19654550910182036,-0.0020770681958657707,interpolado
0.19664532906581317,-0.0020283480222086886,interpolado
0.19674514902980603,-0.002032017329126166,interpolado
0.1968449689937988,-0.0021174185689760002,interpolado
0.1969447889577916,-0.0023138941941159897,interpolado
0.197,-0.002481,original
0.1971444288857772,-0.00312956092107132,interpolado
0.19724424884977002,-0.0037283611250131295,interpolado
0.1973440688137628,-0.004420488503103413,interpolado
0.1974438887777556,-0.005180065693395199,interpolado
0.19754370874174837,-0.005981215333942164,interpolado
0.19764352870574114,-0.006798060062797353,interpolado
0.19774334866973398,-0.007604722518014015,interpolado
0.19784316863372675,-0.008375325337645397,interpolado
0.19794298859771955,-0.009083991159744557,interpolado
0.198,-0.009451,original
0.19814262852570516,-0.010214757150145838,interpolado
0.198242448489698,-0.010593123938364951,interpolado
0.19834226845369077,-0.010819806052412565,interpolado
0.19844208841768354,-0.010874592074073477,interpolado
0.19854190838167632,-0.010737270585132505,interpolado
0.19864172834566915,-0.010387630167374389,interpolado
0.19874154830966195,-0.009805459402583913,interpolado
0.1988413682736547,-0.008970546872545858,interpolado
0.19894118823764753,-0.007862681159045364,interpolado
0.199,-0.007074,original
0.1991408281656331,-0.004799008064920476,interpolado
0.19924064812962589,-0.002957538009825722,interpolado
0.19934046809361874,-0.0010289083588013862,interpolado
0.19944028805761152,0.0008964913163949569,interpolado
0.19954010802160432,0.002728271444007349,interpolado
0.1996399279855971,0.004376042452278199,interpolado
0.1997397479495899,0.005749414769450469,interpolado
0.19983956791358273,0.006757998823767106,interpolado
0.1999393878775755,0.007311405043470978,interpolado
0.2,0.007387,original
0.2001390278055611,0.006776448279888771,interpolado
0.20023884776955392,0.005769296908939278,interpolado
0.20033866773354672,0.004398793504313992,interpolado
0.20043848769753958,0.0027640281089069503,interpolado
0.20053830766153233,0.000964090765613308,interpolado
0.20063812762552516,-0.0009019284826721058,interpolado
0.20073794758951796,-0.0027349395930544745,interpolado
0.20083776755351074,-0.004435852522638527,interpolado
0.2009375875175035,-0.005905577228530403,interpolado
0.201,-0.006663,original
0.20113722744548912,-0.007817980223954558,interpolado
0.20123704740948192,-0.008260825557705274,interpolado
0.2013368673734747,-0.008420948499590467,interpolado
0.2014366873374675,-0.008344464218276412,interpolado
0.2015365073014603,-0.008077487882429213,interpolado
0.20163632726545314,-0.007666134660715067,interpolado
0.20173614722944594,-0.007156519721800168,interpolado
0.20183596719343871,-0.006594758234350865,interpolado
0.2019357871574315,-0.006026965367033031,interpolado
0.202,-0.00568,original
0.20213542708541707,-0.005035801576171371,interpolado
0.20223524704940987,-0.004633527499569614,interpolado
0.20233506701340265,-0.004285425634821045,interpolado
0.20243488697739548,-0.003984886418968623,interpolado
0.20253470694138828,-0.0037253002890555997,interpolado
0.20263452690538108,-0.003500057682125128,interpolado
0.2027343468693739,-0.0033025490352203576,interpolado
0.20283416683336672,-0.0031261647853844847,interpolado
0.2029339867973595,-0.0029642953696605635,interpolado
0.203,-0.002862,original
0.20313362672534507,-0.0026624642472953632,interpolado
0.20323344668933782,-0.0025252814644229973,interpolado
0.20333326665333062,-0.0024042597832422585,interpolado
0.2034330866173234,-0.00230479835989156,interpolado
0.20353290658131623,-0.0022322963505092743,interpolado
0.203632726545309,-0.0021921529112337726,interpolado
0.20373254650930178,-0.002189767198203423,interpolado
0.20383236647329459,-0.0022305383675565948,interpolado
0.20393218643728733,-0.002319865575431666,interpolado
0.204,-0.002411,original
0.204131826365273,-0.002653729719984354,interpolado
0.20423164632926571,-0.0028677660597541945,interpolado
0.20433146629325855,-0.003079081117743931,interpolado
0.20443128625725135,-0.0032616715470841747,interpolado
0.2045311062212442,-0.0033895340009055955,interpolado
0.20463092618523698,-0.003436665132338862,interpolado
0.20473074614922976,-0.003377061594514677,interpolado
0.20483056611322262,-0.0031847200405636833,interpolado
0.2049303860772154,-0.0028336371236165492,interpolado
0.205,-0.002481,original
0.20513002600520103,-0.00157209405483529,interpolado
0.2052298459691938,-0.0006831297715293304,interpolado
0.2053296659331866,0.0003381970559106979,interpolado
0.2054294858971794,0.0014612616534109345,interpolado
0.20552930586117227,0.002655439246897745,interpolado
0.20562912582516507,0.003890105062297495,interpolado
0.2057289457891578,0.005134634325536201,interpolado
0.20582876575315065,0.006358402262540933,interpolado
0.20592858571714343,0.007530784099237706,interpolado
0.206,0.008321,original
0.20612822564512903,0.009602113062368729,interpolado
0.20622804560912178,0.01045149362965428,interpolado
0.20632786557311455,0.01114782916881884,interpolado
0.2064276855371074,0.01166961704971183,interpolado
0.2065275055011002,0.011995354642182652,interpolado
0.20662732546509296,0.012103539316080717,interpolado
0.20672714542908577,0.011972668441255501,interpolado
0.20682696539307854,0.011581239387556352,interpolado
0.20692678535707132,0.010907749524832682,interpolado
0.207,0.010222,original
0.20712642528505693,0.008658781840830097,interpolado
0.20722624524904976,0.0071529960335525895,interpolado
0.20732606521304253,0.005481320853370961,interpolado
0.20742588517703534,0.0037114568499795933,interpolado
0.2075257051410282,0.001911104573072863,interpolado
0.207625525105021,0.00014796457234562664,interpolado
0.20772534506901377,-0.0015102626025087313,interpolado
0.20782516503300655,-0.002995876401795337,interpolado
0.2079249849969994,-0.004241176275819813,interpolado
0.208,-0.004978,original
0.20812462492498496,-0.005772719893910434,interpolado
0.2082244448889778,-0.006049128518870758,interpolado
0.2083242648529706,-0.006041024900589153,interpolado
0.20842408481696337,-0.005781488646695706,interpolado
0.2085239047809562,-0.005303599364820506,interpolado
0.20862372474494895,-0.00464043666259385,interpolado
0.2087235447089417,-0.003825080147645445,interpolado
0.20882336467293455,-0.0028906094276055444,interpolado
0.20892318463692733,-0.0018701041101042337,interpolado
0.209,-0.001047,original
0.2091228245649129,0.00029783175927345577,interpolado
0.20922264452890574,0.0013836128331624119,interpolado
0.20932246449289854,0.0024312984668939876,interpolado
0.20942228445689137,0.0034114802191075218,interpolado
0.2095221044208841,0.004294749648442126,interpolado
0.20962192438487698,0.0050516983135376415,interpolado
0.20972174434886978,0.005652917773033145,interpolado
0.20982156431286259,0.006068999585567976,interpolado
0.20992138427685536,0.006270535309781479,interpolado
0.21,0.006259,original
0.21012102420484097,0.005932835181817978,interpolado
0.21022084416883377,0.005418348989282372,interpolado
0.21032066413282655,0.00472437581729233,interpolado
0.21042048409681935,0.003890523297204993,interpolado
0.21052030406081212,0.002956399060377774,interpolado
0.21062012402480496,0.0019616107381672833,interpolado
0.21071994398879773,0.0009457659619309127,interpolado
0.21081976395279056,-5.152763697419821e-05,interpolado
0.2109195839167834,-0.0009906624271909092,interpolado
0.211,-0.001678,original
0.21111922384476897,-0.002548471338603972,interpolado
0.21121904380876175,-0.0031402244668286413,interpolado
0.21131886377275455,-0.0036115643991713226,interpolado
0.21141868373674735,-0.003966711717041311,interpolado
0.21151850370074013,-0.004209887001847851,interpolado
0.21161832366473296,-0.004345310835000371,interpolado
0.21171814362872574,-0.004377203797908081,interpolado
0.21181796359271857,-0.0043097864719802825,interpolado
0.21191778355671134,-0.004147279438626326,interpolado
0.212,-0.003945,original
0.21211742348469695,-0.003557304260078839,interpolado
0.21221724344868975,-0.0031531190557874066,interpolado
0.21231706341268256,-0.0026982063770526147,interpolado
0.21241688337667528,-0.002209413392544938,interpolado
0.2125167033406681,-0.0017035872709344419,interpolado
0.21261652330466088,-0.0011975751808915938,interpolado
0.21271634326865368,-0.0007082242910867314,interpolado
0.2128161632326465,-0.00025238177019019356,interpolado
0.2129159831966392,0.00015310521312757915,interpolado
0.213,0.000443,original
0.21311562312462484,0.0007538574666391601,interpolado
0.21321544308861767,0.0009522274862046883,interpolado
0.21331526305261045,0.0011014610058216856,interpolado
0.21341508301660325,0.001216498459831324,interpolado
0.21351490298059606,0.0013122802825748636,interpolado
0.21361472294458886,0.0014037469083934696,interpolado
0.2137145429085817,0.0015058387716283417,interpolado
0.2138143628725745,0.0016334963066206806,interpolado
0.21391418283656732,0.0018016599477116326,interpolado
0.214,0.00199,original
0.21411382276455287,0.0023090173717302477,interpolado
0.21421364272854573,0.002630812536366154,interpolado
0.2143134626925385,0.0029640972067119767,interpolado
0.21441328265653128,0.0032823320506865307,interpolado
0.21451310262052412,0.0035589777362088977,interpolado
0.21461292258451692,0.003767494931197882,interpolado
0.2147127425485097,0.003881344303572381,interpolado
0.21481256251250247,0.0038739865212513163,interpolado
0.2149123824764953,0.0037188822521535872,interpolado
0.215,0.00344,original
0.2151120224044809,0.0028751275903192634,interpolado
0.21521184236847374,0.0022088914033018,interpolado
0.21531166233246643,0.001431552552370591,interpolado
0.21541148229645926,0.0005838595000072417,interpolado
0.21551130226045204,-0.00029343929130600237,interpolado
0.21561112222444484,-0.001159595359087098,interpolado
0.21571094218843767,-0.0019738602408540047,interpolado
0.21581076215243045,-0.002695485474124493,interpolado
0.21591058211642322,-0.00328372259641693,interpolado
0.216,-0.003664,original
0.2161102220444088,-0.003915457549161889,interpolado
0.2162100420084017,-0.003968081454711202,interpolado
0.21630986197239443,-0.0038970464589754344,interpolado
0.21640968193638727,-0.0037436886773306354,interpolado
0.21650950190038004,-0.003549344225152897,interpolado
0.21660932186437284,-0.003355349217818312,interpolado
0.2167091418283657,-0.0032030397707029715,interpolado
0.21680896179235848,-0.0031337519991829687,interpolado
0.21690878175635125,-0.0031888220186343475,interpolado
0.217,-0.003383,original
0.21710842168433686,-0.0038163396966815594,interpolado
0.21720824164832966,-0.004364465224722837,interpolado
0.2173080616123224,-0.004996772585743633,interpolado
0.2174078815763153,-0.005656082343411911,interpolado
0.21750770154030805,-0.006285215061395101,interpolado
0.21760752150430082,-0.006826991303360803,interpolado
0.2177073414682936,-0.007224231632976533,interpolado
0.21780716143228643,-0.0074197566139101254,interpolado
0.2179069813962792,-0.007356386809829044,interpolado
0.218,-0.007014,original
0.2181066213242649,-0.006251049243524206,interpolado
0.21820644128825759,-0.005235676931933388,interpolado
0.21830626125225044,-0.004005622750122091,interpolado
0.21840608121624325,-0.002635676641023544,interpolado
0.21850590118023605,-0.0012006285475707407,interpolado
0.21860572114422885,0.00022473158730333404,interpolado
0.21870554110822166,0.0015656138206653347,interpolado
0.2188053610722144,0.002747228209583036,interpolado
0.21890518103620726,0.00369478481112306,interpolado
0.219,0.00431,original
0.21910482096419284,0.004611335668457352,interpolado
0.21920464092818565,0.0045546465736964374,interpolado
0.21930446089217845,0.0042066267239976775,interpolado
0.21940428085617125,0.003610473972402338,interpolado
0.21950410082016406,0.0028093861719517095,interpolado
0.21960392078415683,0.0018465611756870884,interpolado
0.21970374074814966,0.0007651968366500818,interpolado
0.2198035607121424,-0.00039150899211862775,interpolado
0.2199033806761352,-0.0015803584575774627,interpolado
0.22,-0.002721,original
0.22010302060412076,-0.0038875309416337286,interpolado
0.22020284056811365,-0.004952321171004102,interpolado
0.2203026605321064,-0.005941168819245772,interpolado
0.22040248049609926,-0.0068427181358606615,interpolado
0.22050230046009206,-0.007645613370350687,interpolado
0.2206021204240848,-0.008338498772217595,interpolado
0.22070194038807767,-0.008910018590963699,interpolado
0.22080176035207044,-0.009348817076090707,interpolado
0.22090158031606327,-0.009643538477100541,interpolado
0.221,-0.009782,original
0.22110122024404882,-0.009761384560801261,interpolado
0.22120104020804165,-0.009597144299465175,interpolado
0.22130086017203446,-0.009313608113821502,interpolado
0.22140068013602723,-0.008934277842167344,interpolado
0.22150050010002004,-0.008482655322799789,interpolado
0.2216003200640128,-0.007982242394016075,interpolado
0.22170014002800562,-0.007456540894113011,interpolado
0.22179995999199842,-0.006929052661387826,interpolado
0.22189977995599125,-0.006423279534137614,interpolado
0.222,-0.005961,original
0.2220994198839768,-0.005565518316665332,interpolado
0.2221992398479696,-0.005228068384070249,interpolado
0.2222990598119624,-0.004941279226953757,interpolado
0.2223988797759552,-0.004696056519045495,interpolado
0.222498699739948,-0.0044833059340751,interpolado
0.2225985197039408,-0.004293933145772261,interpolado
0.22269833966793356,-0.00411884382786651,interpolado
0.2227981596319264,-0.003948943654087542,interpolado
0.2228979795959192,-0.0037751382981649926,interpolado
0.223,-0.003584,original
0.22309761952390475,-0.0033823283283105927,interpolado
0.2231974394878976,-0.003163288170658413,interpolado
0.22329725945189036,-0.0029406808653228656,interpolado
0.22339707941588313,-0.0027239743498950766,interpolado
0.2234968993798759,-0.0025226365619662222,interpolado
0.22359671934386877,-0.002346135439127314,interpolado
0.22369653930786154,-0.0022039389189695328,interpolado
0.22379635927185434,-0.0021055149390840043,interpolado
0.22389617923584715,-0.0020603314370618527,interpolado
0.224,-0.00208,original
0.2240958191638327,-0.002163480190293833,interpolado
0.22419563912782553,-0.0023041978436100256,interpolado
0.2242954590918183,-0.0024818187974936777,interpolado
0.2243952790558112,-0.0026781522421918,interpolado
0.2244950990198039,-0.0028750073679513505,interpolado
0.22459491898379677,-0.0030541933650194537,interpolado
0.22469473894778955,-0.0031975194236430636,interpolado
0.22479455891178235,-0.00328679473406919,interpolado
0.22489437887577518,-0.003303828486544846,interpolado
0.225,-0.003223,original
0.22509401880376073,-0.0030531042232875985,interpolado
0.22519383876775353,-0.0027807269781844946,interpolado
0.22529365873174637,-0.00242882724903649,interpolado
0.22539347869573917,-0.002012935252040895,interpolado
0.2254932986597319,-0.0015485812033951569,interpolado
0.22559311862372475,-0.001051295319296325,interpolado
0.22569293858771755,-0.0005366078159418346,interpolado
0.22579275855171033,-2.0048909528996004e-05,interpolado
0.2258925785157031,0.000482851183744742,interpolado
0.226,0.000991,original
0.22609221844368874,0.0013877066410754124,interpolado
0.22619203840768157,0.0017737352120776619,interpolado
0.22629185837167434,0.002115496331577543,interpolado
0.22639167833566715,0.0024138395760719303,interpolado
0.22649149829965998,0.002669614522057939,interpolado
0.22659131826365272,0.0028836707460324308,interpolado
0.22669113822764558,0.003056857824492359,interpolado
0.22679095819163833,0.0031900253339346707,interpolado
0.22689077815563113,0.0032840228508562988,interpolado
0.227,0.003343,original
0.22709041808361677,0.003357012203062411,interpolado
0.22719023804760957,0.0033311645932244845,interpolado
0.22729005801160235,0.0032557903169125823,interpolado
0.22738987797559512,0.003124521563672477,interpolado
0.22748969793958793,0.0029309905230498223,interpolado
0.22758951790358076,0.0026688293845903727,interpolado
0.2276893378675735,0.0023316703378398525,interpolado
0.22778915783156636,0.0019131455723439888,interpolado
0.2278889777955591,0.0014068872776486611,interpolado
0.228,0.000733,original
0.22808861772354472,0.00011128497721093178,interpolado
0.22818843768753755,-0.0006482573176130294,interpolado
0.22828825765153035,-0.0014305765345735638,interpolado
0.22838807761552307,-0.0021941386830725247,interpolado
0.22848789757951588,-0.0028974097725124066,interpolado
0.2285877175435087,-0.003498855812295054,interpolado
0.2286875375075015,-0.003956942811822526,interpolado
0.2287873574714943,-0.00423013678049684,interpolado
0.2288871774354871,-0.00427690372772021,interpolado
0.229,-0.004005,original
0.22908681736347272,-0.003535557317529369,interpolado
0.2291866373274655,-0.0027479867661453,interpolado
0.22928645729145827,-0.0017475210611585736,interpolado
0.22938627725545108,-0.0005887186527956257,interpolado
0.22948609721944388,0.0006738620087162917,interpolado
0.22958591718343668,0.0019856624731501736,interpolado
0.22968573714742951,0.0032921242902790183,interpolado
0.22978555711142226,0.004538689009875489,interpolado
0.22988537707541506,0.005670798181713289,interpolado
0.23,0.006759,original
0.23008501700340067,0.0073801576718853495,interpolado
0.2301848369673935,0.007904088486694945,interpolado
0.23028465693138625,0.008216562687948738,interpolado
0.23038447689537903,0.008328492750550347,interpolado
0.23048429685937188,0.0082507911494031,interpolado
0.2305841168233647,0.007994370359410431,interpolado
0.2306839367873575,0.0075701428554757946,interpolado
0.23078375675135032,0.006989021112502803,interpolado
0.23088357671534304,0.006261917605394581,interpolado
0.231,0.005244,original
0.2310832166433287,0.004416137723835846,interpolado
0.23118303660732156,0.003342811698108068,interpolado
0.2312828565713143,0.0022188508138555416,interpolado
0.23138267653530709,0.0010833607765735674,interpolado
0.2314824964992999,-2.4552708241610607e-05,interpolado
0.23158231646329266,-0.0010657839350940597,interpolado
0.2316821364272855,-0.002001227198487607,interpolado
0.23178195639127827,-0.0027917767929268424,interpolado
0.23188177635527107,-0.003398327012915557,interpolado
0.232,-0.003825,original
0.2320814162832567,-0.003910149314058673,interpolado
0.23218123624724943,-0.0038017142170296454,interpolado
0.2322810562112423,-0.00349626255194973,interpolado
0.232380876175235,-0.0030336725079844677,interpolado
0.23248069613922784,-0.0024538222742994027,interpolado
0.2325805161032206,-0.0017965900400600755,interpolado
0.23268033606721336,-0.0011018539944322235,interpolado
0.23278015603120622,-0.00040949232658099187,interpolado
0.23287997599519897,0.0002406167743278839,interpolado
0.233,0.00091,original
0.23307961592318466,0.0012590726627710249,interpolado
0.23317943588717743,0.0015902558383855993,interpolado
0.23327925585117018,0.0018155018967512878,interpolado
0.23337907581516304,0.0019482417623829362,interpolado
0.23347889577915582,0.002001906359795495,interpolado
0.2335787157431486,0.001989926613503918,interpolado
0.23367853570714142,0.0019257334480231834,interpolado
0.23377835567113422,0.0018227577878682027,interpolado
0.23387817563512708,0.0016944305575539416,interpolado
0.234,0.001523,original
0.23407781556311266,0.001414709214558702,interpolado
0.23417763552710544,0.001282895000837087,interpolado
0.2342774554910982,0.0011628678350023573,interpolado
0.23437727545509104,0.0010587388725078054,interpolado
0.23447709541908385,0.0009746192688066858,interpolado
0.2345769153830766,0.0009146201793522659,interpolado
0.23467673534706934,0.0008828527595977658,interpolado
0.2347765553110622,0.0008834281649964604,interpolado
0.23487637527505498,0.0009204575510016041,interpolado
0.235,0.001023,original
0.23507601520304058,0.0011184310141008809,interpolado
0.23517583516703336,0.0012679654167571997,interpolado
0.23527565513102616,0.0014251209362241084,interpolado
0.235375475095019,0.0015683051269095496,interpolado
0.2354752950590118,0.001675925543221465,interpolado
0.23557511502300457,0.0017263897395677936,interpolado
0.2356749349869974,0.0016981052703565098,interpolado
0.2357747549509902,0.0015694796899955342,interpolado
0.235874574914983,0.0013189205528928083,interpolado
0.236,0.000798,original
0.23607421484296856,0.00036980625764851486,interpolado
0.23617403480696142,-0.0003264515400111826,interpolado
0.23627385477095422,-0.0011247582066255056,interpolado
0.23637367473494703,-0.0019857625319158016,interpolado
0.23647349469893983,-0.002870113305603416,interpolado
0.2365733146629326,-0.0037384593174094602,interpolado
0.2366731346269254,-0.004551449357055772,interpolado
0.2367729545909182,-0.005269732214263453,interpolado
0.236872774554911,-0.005853956678753846,interpolado
0.237,-0.006342,original
0.23707241448289654,-0.006467282563082643,interpolado
0.23717223444688937,-0.00646873621218763,interpolado
0.23727205441088212,-0.006299583107712157,interpolado
0.23737187437487497,-0.005990515458245711,interpolado
0.23747169433886778,-0.005572225472377897,interpolado
0.23757151430286058,-0.005075405358697958,interpolado
0.23767133426685336,-0.004530747325795478,interpolado
0.23777115423084616,-0.00396894358225994,interpolado
0.23787097419483894,-0.003420686336680821,interpolado
0.238,-0.002782,original
0.23807061412282451,-0.00248558570011767,interpolado
0.23817043408681737,-0.0021360727707385218,interpolado
0.23827025405081015,-0.0018651591876784194,interpolado
0.23837007401480295,-0.0016697340174943905,interpolado
0.23846989397879576,-0.0015466863267434873,interpolado
0.23856971394278853,-0.0014929051819826688,interpolado
0.2386695339067813,-0.0015052796497690068,interpolado
0.23876935387077416,-0.0015806987966595302,interpolado
0.23886917383476694,-0.0017160516892112646,interpolado
0.239,-0.001979,original
0.23906881376275255,-0.0021537791504137875,interpolado
0.23916863372674535,-0.002445661274138826,interpolado
0.23926845369073813,-0.0027746432950025114,interpolado
0.23936827365473093,-0.003131464021838755,interpolado
0.23946809361872373,-0.0035068622634813608,interpolado
0.23956791358271656,-0.003891576828764451,interpolado
0.23966773354670937,-0.004276346526521834,interpolado
0.23976755351070214,-0.004651910165587421,interpolado
0.23986737347469492,-0.005009006554795121,interpolado
0.24,-0.005439,original
0.24006701340268055,-0.005630323310249608,interpolado
0.24016683336667333,-0.005870253025516199,interpolado
0.24026665333066613,-0.006040435775821191,interpolado
0.24036647329465888,-0.006123093295335132,interpolado
0.2404662932586517,-0.006100447318228617,interpolado
0.2405661132226445,-0.005954719578672171,interpolado
0.24066593318663732,-0.005668131810836342,interpolado
0.24076575315063006,-0.005222905748891685,interpolado
0.2408655731146229,-0.0046012631270089515,interpolado
0.241,-0.003454,original
0.24106521304260844,-0.002761315451215601,interpolado
0.2411650330066013,-0.0015600250711261892,interpolado
0.24126485297059408,-0.00024284623641215378,interpolado
0.24136467293458683,0.0011283763573651621,interpolado
0.24146449289857963,0.0024917980146455776,interpolado
0.24156431286257246,0.003785574039867755,interpolado
0.24166413282656526,0.004947859737470739,interpolado
0.24176395279055807,0.005916810411893569,interpolado
0.24186377275455082,0.006630581367575131,interpolado
0.242,0.007081,original
0.24206341268253645,0.007050540433641121,interpolado
0.24216323264652928,0.006713367563825632,interpolado
0.24226305261052206,0.006077813147651872,interpolado
0.24236287257451483,0.005206890700783044,interpolado
0.24246269253850763,0.0041636137388815836,interpolado
0.24256251250250047,0.003010995777610637,interpolado
0.24266233246649324,0.0018120503326331415,interpolado
0.24276215243048604,0.0006297909196123517,interpolado
0.24286197239447888,-0.00047276894578946924,interpolado
0.243,-0.001749,original
0.2430616123224644,-0.00219024181273766,interpolado
0.24316143228645726,-0.0027351770848450074,interpolado
0.24326125225045006,-0.0030930245968362525,interpolado
0.24336107221444292,-0.0032902234467132732,interpolado
0.2434608921784357,-0.0033532127324776323,interpolado
0.2435607121424285,-0.0033084315521310164,interpolado
0.24366053210642136,-0.0031823190036751143,interpolado
0.24376035207041413,-0.003001314185111667,interpolado
0.24386017203440696,-0.0027918561944422545,interpolado
0.244,-0.002501,original
0.2440598119623926,-0.002392276020364009,interpolado
0.24415963192638537,-0.002236982655555931,interpolado
0.24425945189037815,-0.0021116681167494015,interpolado
0.24435927185437095,-0.0020131789298210375,interpolado
0.2444590918183637,-0.0019383616206475637,interpolado
0.2445589117823565,-0.0018840627151056675,interpolado
0.2446587317463493,-0.0018471287390720355,interpolado
0.24475855171034205,-0.0018244062184233584,interpolado
0.2448583716743349,-0.0018127416790363116,interpolado
0.245,-0.001809,original
0.24505801160232052,-0.0018094970182037351,interpolado
0.2451578315663133,-0.0018029825272701577,interpolado
0.24525765153030607,-0.001771923972424079,interpolado
0.24535747149429887,-0.0016986291137731405,interpolado
0.24545729145829165,-0.0015654057114250013,interpolado
0.2455571114222845,-0.0013545615254873164,interpolado
0.24565693138627728,-0.00104840431606784,interpolado
0.24575675135027006,-0.0006292418432740608,interpolado
0.24585657131426286,-7.938186721370526e-05,interpolado
0.246,0.000975,original
0.2460562112422485,0.0014809803277627185,interpolado
0.2461560312062413,0.0024838412450230813,interpolado
0.24625585117023407,0.0035716139718012627,interpolado
0.2463556711342269,0.004687425655674125,interpolado
0.24645549109821968,0.005774403444218787,interpolado
0.24655531106221248,0.006775674485012372,interpolado
0.24665513102620526,0.007634365925631783,interpolado
0.2467549509901981,0.008293604913654638,interpolado
0.24685477095419087,0.00869651859665779,interpolado
0.247,0.008708,original
0.24705441088217647,0.008509296275961023,interpolado
0.24715423084616928,0.007876415645927495,interpolado
0.24725405081016205,0.006955344075314865,interpolado
0.24735387077415483,0.00581581994554212,interpolado
0.24745369073814766,0.004527581638028111,interpolado
0.24755351070214046,0.0031603675341916907,interpolado
0.2476533306661332,0.0017839160154520897,interpolado
0.24775315063012604,0.00046796546322738205,interpolado
0.24785297059411882,-0.0007177457410631979,interpolado
0.248,-0.00208,original
0.24805261052210442,-0.002422171621389802,interpolado
0.24815243048609725,-0.0028611215627397484,interpolado
0.24825225045009003,-0.003058284448169526,interpolado
0.24835207041408286,-0.0030535485406523867,interpolado
0.24845189037807566,-0.002886802103161734,interpolado
0.24855171034206844,-0.002597933398671072,interpolado
0.24865153030606116,-0.0022268306901536373,interpolado
0.248751350270054,-0.0018133822405829037,interpolado
0.24885117023404685,-0.0013974763129322772,interpolado
0.249,-0.000859,original
0.24905081016203237,-0.0007165886354938518,interpolado
0.2491506301260252,-0.0005011603026417674,interpolado
0.24925045009001792,-0.0003565718344798514,interpolado
0.2493502700540108,-0.0002655513361426638,interpolado
0.2494500900180036,-0.00021082691276476492,interpolado
0.2495499099819964,-0.00017512666948072368,interpolado
0.24964972994598925,-0.00014117871142507412,interpolado
0.249749549909982,-9.171114373242013e-05,interpolado
0.24984936987397474,-9.452071537318838e-06,interpolado
0.2499491898379676,0.00012287040002574568,interpolado
0.25,0.000215,original
0.2501488297659532,0.0005854040138834272,interpolado
0.250248649729946,0.000893193056598586,interpolado
0.25034846969393876,0.001223684170494707,interpolado
0.2504482896579316,0.0015554300188069443,interpolado
0.25054810962192436,0.001866983264769894,interpolado
0.2506479295859172,0.0021368965716188496,interpolado
0.25074774954991,0.0023437226025884777,interpolado
0.2508475695139027,0.002466014020913913,interpolado
0.2509473894778956,0.002482323489830108,interpolado
0.251,0.002441,original
0.2511470294058812,0.0021350690022807935,interpolado
0.251246849369874,0.0017938107966099098,interpolado
0.25134666933386673,0.0013715732269688756,interpolado
0.25144648929785957,0.000891710556525191,interpolado
0.2515463092618524,0.0003775770484471779,interpolado
0.2516461292258452,-0.0001474730340979307,interpolado
0.25174594918983795,-0.0006600854279417632,interpolado
0.2518457691538308,-0.0011369058699168318,interpolado
0.2519455891178236,-0.0015545800968555703,interpolado
0.252,-0.001749,original
0.2521452290458092,-0.0021368034199898737,interpolado
0.252245049009802,-0.0023043595986705725,interpolado
0.25234486897379477,-0.002404153552507683,interpolado
0.2524446889377876,-0.00244737446354908,interpolado
0.2525445089017804,-0.00244521151384259,interpolado
0.2526443288657732,-0.0024088538854360906,interpolado
0.252744148829766,-0.002349490760377495,interpolado
0.25284396879375876,-0.0022783113207146583,interpolado
0.25294378875775153,-0.0022065047484954104,interpolado
0.253,-0.00217,original
0.25314342868573714,-0.002094512267885862,interpolado
0.25324324864972997,-0.0020443136080535223,interpolado
0.25334306861372274,-0.001982774170695689,interpolado
0.2534428885777156,-0.0018983202133476922,interpolado
0.25354270854170835,-0.0017793779935450335,interpolado
0.2536425285057011,-0.0016143737688230871,interpolado
0.25374234846969396,-0.001391733796717124,interpolado
0.25384216843368673,-0.0010998843347627986,interpolado
0.25394198839767956,-0.000727251640495187,interpolado
0.254,-0.000469,original
0.2541416283256651,0.00028408464819708855,interpolado
0.2542414482896579,0.0008792358156574249,interpolado
0.2543412682536507,0.0014867650659388099,interpolado
0.2544410882176435,0.0020708266224048447,interpolado
0.2545409081816364,0.002595574708417834,interpolado
0.25464072814562905,0.0030251635473410774,interpolado
0.25474054810962193,0.003323747362537672,interpolado
0.2548403680736147,0.003455480377370234,interpolado
0.25494018803760754,0.0033845168152018385,interpolado
0.255,0.00323,original
0.2551398279655931,0.002530949697785428,interpolado
0.255239647929586,0.0017975193129663124,interpolado
0.25533946789357875,0.0009267556246777414,interpolado
0.25543928785757153,-3.0238526306293612e-05,interpolado
0.2555391078215643,-0.001022360299209811,interpolado
0.25563892778555714,-0.0019985068532584306,interpolado
0.2557387477495499,-0.002907575347677733,interpolado
0.25583856771354274,-0.003698462941691793,interpolado
0.2559383876775355,-0.00432006679452653,interpolado
0.256,-0.004597,original
0.25613802760552107,-0.004887845045130149,interpolado
0.2562378475695139,-0.004846615200560074,interpolado
0.25633766753350673,-0.004630861006143963,interpolado
0.25643748749749956,-0.00427306768373259,interpolado
0.25653730746149234,-0.0038057204551773306,interpolado
0.2566371274254851,-0.003261304542328997,interpolado
0.25673694738947794,-0.0026723051670382234,interpolado
0.25683676735347066,-0.002071207551156648,interpolado
0.2569365873174635,-0.0014904969165346117,interpolado
0.257,-0.001147,original
0.25713622724544904,-0.0005068052889808515,interpolado
0.25723604720944193,-0.00012597148871163185,interpolado
0.2573358671734347,0.0001791785513864681,interpolado
0.2574356871374275,0.0004077252112746224,interpolado
0.25753550710142026,0.0005587488709134135,interpolado
0.25763532706541303,0.0006313299102638265,interpolado
0.25773514702940586,0.0006245487092866722,interpolado
0.25783496699339864,0.0005374856479427943,interpolado
0.25793478695739147,0.0003692211061929316,interpolado
0.258,0.000215,original
0.258134426885377,-0.0002064724674044765,interpolado
0.25823424684936985,-0.0005890204989233773,interpolado
0.2583340668133627,-0.0010096455077470558,interpolado
0.25843388677735546,-0.0014493228879152932,interpolado
0.2585337067413483,-0.001889028033467916,interpolado
0.25863352670534107,-0.0023097363384440095,interpolado
0.25873334666933395,-0.002692423196883603,interpolado
0.2588331666333267,-0.0030180640028258468,interpolado
0.2589329865973195,-0.0032676341503105493,interpolado
0.259,-0.003383,original
0.25913262652530505,-0.003479325295988447,interpolado
0.25923244648929794,-0.003460449855611984,interpolado
0.25933226645329066,-0.003389845551746906,interpolado
0.25943208641728344,-0.003291620023860072,interpolado
0.25953190638127627,-0.003189880911418275,interpolado
0.259631726345269,-0.003108735853888488,interpolado
0.2597315463092619,-0.003072292490737499,interpolado
0.2598313662732546,-0.003104658461432205,interpolado
0.2599311862372474,-0.003229941405439422,interpolado
0.26,-0.003383,original
0.260130826165233,-0.0038281278335095177,interpolado
0.2602306461292258,-0.004253343533665472,interpolado
0.26033046609321864,-0.004698183102810504,interpolado
0.26043028605721136,-0.005113300487928513,interpolado
0.2605301060212042,-0.005449349636003333,interpolado
0.26062992598519696,-0.005656984494018255,interpolado
0.2607297459491898,-0.005686859008957123,interpolado
0.2608295659131826,-0.005489627127803566,interpolado
0.2609293858771754,-0.005015942797541334,interpolado
0.261,-0.004487,original
0.261129025805161,-0.0030932377505978217,interpolado
0.26122884576915384,-0.0017295321534503887,interpolado
0.26132866573314667,-0.00021941053057144454,interpolado
0.2614284856971395,0.001343655953324038,interpolado
0.2615283056611323,0.0028661961335212085,interpolado
0.26162812562512505,0.004254738845302671,interpolado
0.2617279455891179,0.005415812923954176,interpolado
0.26182776555311066,0.00625594720475873,interpolado
0.2619275855171034,0.006681670523001377,interpolado
0.262,0.006678,original
0.26212722544508904,0.00598457660068987,interpolado
0.2622270454090819,0.004927420700117034,interpolado
0.2623268653730747,0.003533986690629489,interpolado
0.2624266853370675,0.0019095318116892001,interpolado
0.26252650530106025,0.00015931330275762142,interpolado
0.26262632526505303,-0.0016114115967008188,interpolado
0.26272614522904586,-0.003297385647225523,interpolado
0.26282596519303864,-0.004793351609352131,interpolado
0.2629257851570314,-0.00599405224361917,interpolado
0.263,-0.006633,original
0.2631254250850171,-0.007147121393016991,interpolado
0.2632252450490099,-0.007110767726857807,interpolado
0.2633250650130026,-0.006757319916283656,interpolado
0.26342488497699534,-0.006158430908782349,interpolado
0.2635247049409882,-0.005385753651841163,interpolado
0.263624524904981,-0.004510941092948726,interpolado
0.26372434486897384,-0.0036056461795918896,interpolado
0.2638241648329666,-0.0027415218592594325,interpolado
0.26392398479695933,-0.0019902210794385876,interpolado
0.264,-0.001538,original
0.26412362472494494,-0.0010782333057583332,interpolado
0.26422344468893777,-0.0009262643190055489,interpolado
0.26432326465293055,-0.0009300258783550866,interpolado
0.2644230846169234,-0.0010523001278964696,interpolado
0.26452290458091615,-0.0012558692117193332,interpolado
0.2646227245449089,-0.0015035152739129806,interpolado
0.26472254450890176,-0.0017580204585670514,interpolado
0.2648223644728946,-0.0019821669097711985,interpolado
0.2649221844368873,-0.0021387367716147023,interpolado
0.265,-0.00219,original
0.26512182436487297,-0.0021139260246993965,interpolado
0.2652216443288658,-0.0019130179494183022,interpolado
0.26532146429285863,-0.0015957069601553664,interpolado
0.26542128425685135,-0.001169831612924071,interpolado
0.2655211042208442,-0.0006432304637370797,interpolado
0.265620924184837,-2.3742068608105624e-05,interpolado
0.2657207441488297,0.0006807950164499897,interpolado
0.2658205641128226,0.001462542235424534,interpolado
0.2659203840768154,0.002313661032301531,interpolado
0.266,0.003037,original
0.266120024004801,0.00418472620617422,interpolado
0.2662198439687938,0.005156111520721286,interpolado
0.26631966393278655,0.006105212444139341,interpolado
0.26641948389677933,0.006996810465232238,interpolado
0.2665193038607722,0.007795687072805859,interpolado
0.26661912382476494,0.008466623755664225,interpolado
0.2667189437887577,0.008974402002612746,interpolado
0.26681876375275054,0.009283803302456454,interpolado
0.2669185837167433,0.009359609143999918,interpolado
0.267,0.009224,original
0.267118223644729,0.008697231946202642,interpolado
0.2672180436087217,0.008006869063100035,interpolado
0.2673178635727146,0.007160334652167613,interpolado
0.2674176835367073,0.006222346614734428,interpolado
0.2675175035007002,0.005257622852127592,interpolado
0.26761732346469297,0.004330881265676284,interpolado
0.26771714342868574,0.0035068397567080472,interpolado
0.2678169633926786,0.0028502162265506567,interpolado
0.2679167833566714,0.002425728576532947,interpolado
0.268,0.002296,original
0.26811642328465696,0.0024969662097311203,interpolado
0.26821624324864973,0.002967562427737301,interpolado
0.2683160632126425,0.003641890240149389,interpolado
0.26841588317663534,0.004452058233186462,interpolado
0.26851570314062817,0.005330174993069192,interpolado
0.26861552310462095,0.006208349106016425,interpolado
0.2687153430686137,0.0070186891582484905,interpolado
0.26881516303260655,0.007693303735985571,interpolado
0.2689149829965994,0.008164301425446741,interpolado
0.269,0.008354,original
0.2691146229245849,0.008253055620116596,interpolado
0.26921444288857765,0.007867723014141716,interpolado
0.26931426285257054,0.007255576153910009,interpolado
0.2694140828165633,0.006464335357247155,interpolado
0.2695139027805562,0.005541720941977293,interpolado
0.269613722744549,0.004535453225926438,interpolado
0.26971354270854175,0.0034932525269190788,interpolado
0.26981336267253453,0.0024628391627796236,interpolado
0.26991318263652736,0.0014919334513342035,interpolado
0.27,0.000733,original
0.27011282256451297,-9.363701857504585e-05,interpolado
0.27021264252850574,-0.0006746651389448496,interpolado
0.2703124624924986,-0.0011218275063205596,interpolado
0.27041228245649135,-0.001442102826704105,interpolado
0.270512102420484,-0.0016424698060981903,interpolado
0.27061192238447684,-0.0017299071505052558,interpolado
0.2707117423484696,-0.001711393565927628,interpolado
0.27081156231246245,-0.001593907758367716,interpolado
0.2709113822764553,-0.0013844284338280742,interpolado
0.271,-0.001127,original
0.27111102220444083,-0.0007206026582678281,interpolado
0.27121084216843366,-0.00029572442566201646,interpolado
0.27131066213242644,0.00016376970131776804,interpolado
0.27141048209641927,0.0006369523103122416,interpolado
0.271510302060412,0.0011028959889628875,interpolado
0.2716101220244048,0.0015406733249111741,interpolado
0.27170994198839765,0.001929356905797842,interpolado
0.2718097619523905,0.0022480193192645345,interpolado
0.27190958191638326,0.002475733152952123,interpolado
0.272,0.002586,original
0.27210922184436886,0.002584293487958018,interpolado
0.2722090418083617,0.0024718306038853037,interpolado
0.27230886177235447,0.00227763337641971,interpolado
0.2724086817363473,0.002025146660212059,interpolado
0.2725085017003401,0.0017378153099128545,interpolado
0.27260832166433285,0.0014390841801725284,interpolado
0.27270814162832563,0.0011523981256420161,interpolado
0.27280796159231846,0.0009012020009716218,interpolado
0.2729077815563113,0.0007089406608122294,interpolado
0.273,0.000604,original
0.2731074214842969,0.00058673318718317,interpolado
0.2732072414482896,0.0006608412242296665,interpolado
0.2733070614122825,0.0008050179269690329,interpolado
0.2734068813762753,0.0010029010813520757,interpolado
0.27350670134026805,0.0012381284733298337,interpolado
0.2736065213042609,0.0014943378888534265,interpolado
0.27370634126825366,0.0017551671138735373,interpolado
0.2738061612322465,0.0020042539343414134,interpolado
0.27390598119623927,0.0022252361362077432,interpolado
0.274,0.002393,original
0.2741056211242249,0.0025216884311439827,interpolado
0.27420544108821765,0.00258721241319747,interpolado
0.2743052610522105,0.0026034898426773286,interpolado
0.2744050810162033,0.0025756864064008433,interpolado
0.27450490098019603,0.002508967791185332,interpolado
0.2746047209441888,0.002408499683848032,interpolado
0.2747045409081816,0.0022794477712063544,interpolado
0.2748043608721744,0.002126977740077461,interpolado
0.27490418083616724,0.001956255277278823,interpolado
0.275,0.00178,original
0.2751038207641528,0.0015790951218807,interpolado
0.2752036407281456,0.0013739998114108184,interpolado
0.27530346069213846,0.0011536830482057592,interpolado
0.2754032806561312,0.0009146678349977244,interpolado
0.27550310062012395,0.0006534771745185546,interpolado
0.27560292058411684,0.00036663406950004267,interpolado
0.2757027405481096,5.066152267446406e-05,interpolado
0.27580256051210245,-0.0002979174632263743,interpolado
0.2759023804760952,-0.0006825798854707373,interpolado
0.276,-0.001097,original
0.27610202040408083,-0.0015712644408846911,interpolado
0.27620184036807366,-0.002066165602309052,interpolado
0.2763016603320664,-0.002579254915989816,interpolado
0.2764014802960592,-0.003098281100398117,interpolado
0.27650130026005204,-0.0036109928740042196,interpolado
0.27660112022404487,-0.004105138955279523,interpolado
0.27670094018803765,-0.004568468062694319,interpolado
0.2768007601520304,-0.004988728914719734,interpolado
0.27690058011602325,-0.005353670229826799,interpolado
0.277,-0.00565,original
0.27710022004400886,-0.00587072224428491,interpolado
0.2772000400080016,-0.006011027125661642,interpolado
0.27729985997199436,-0.006072350148832799,interpolado
0.27739967993598724,-0.006055086091879165,interpolado
0.27749949989998,-0.0059596297328815655,interpolado
0.27759931986397285,-0.005786375849920707,interpolado
0.27769913982796557,-0.00553571922107759,interpolado
0.27779895979195834,-0.005208054624432952,interpolado
0.2778987797559512,-0.004803776838067357,interpolado
0.278,-0.004316,original
0.2780984196839368,-0.0037695674034257595,interpolado
0.27819823964792956,-0.0031565130826438884,interpolado
0.27829805961192233,-0.002500829103063919,interpolado
0.27839787957591516,-0.0018192268975403291,interpolado
0.27849769953990794,-0.0011284178989287438,interpolado
0.2785975195039008,-0.0004451135400832765,interpolado
0.27869733946789355,0.0002139747461404485,interpolado
0.2787971594318864,0.0008321355268879518,interpolado
0.27889697939587926,0.0013926573693046663,interpolado
0.279,0.001893,original
0.2790966193238648,0.0022750315464292433,interpolado
0.2791964392878576,0.002570460983929293,interpolado
0.2792962592518504,0.0027556374909143066,interpolado
0.2793960792158432,0.0028210814449963406,interpolado
0.2794958991798359,0.0027573132237873775,interpolado
0.27959571914382875,0.002554853204899395,interpolado
0.27969553910782163,0.0022042217659446707,interpolado
0.27979535907181435,0.0016959392845351895,interpolado
0.2798951790358072,0.001020526138282588,interpolado
0.28,0.000121,original
0.28009481896379285,-0.0008584517728261723,interpolado
0.2801946389277856,-0.00200677213001136,interpolado
0.28029445889177834,-0.0032078240027242372,interpolado
0.28039427885577123,-0.004392971389720798,interpolado
0.28049409881976406,-0.00549357828975505,interpolado
0.2805939187837569,-0.006441008701583483,interpolado
0.28069373874774967,-0.007166626623960373,interpolado
0.2807935587117424,-0.00760179605564164,interpolado
0.2808933786757353,-0.007677880995382573,interpolado
0.281,-0.007285,original
0.2810930186037209,-0.0065013572913211245,interpolado
0.2811928385677137,-0.0052711219865724445,interpolado
0.2812926585317065,-0.003738203137199901,interpolado
0.2813924784956993,-0.0020052733842756522,interpolado
0.28149229845969204,-0.0001750053688753835,interpolado
0.28159211842368476,0.0016499282679280853,interpolado
0.2816919383876776,0.0033668548850619377,interpolado
0.2817917583516704,0.004873101841450491,interpolado
0.2818915783156632,0.006065996496021572,interpolado
0.282,0.006887,original
0.28209121824364874,0.007123646069006398,interpolado
0.2821910382076416,0.006945509688526517,interpolado
0.28229085817163435,0.006383517832601568,interpolado
0.2823906781356271,0.005512750224495756,interpolado
0.28249049809961985,0.004408286587474829,interpolado
0.2825903180636126,0.003145206644803133,interpolado
0.2826901380276055,0.0017985901197446572,interpolado
0.28278995799159823,0.00044351673556567334,interpolado
0.2828897779555911,-0.0008449337844704834,interpolado
0.283,-0.0021,original
0.2830894178835766,-0.0029324421053009775,interpolado
0.2831892378475695,-0.003662071763657212,interpolado
0.2832890578115623,-0.004195577868741061,interpolado
0.2833888777755551,-0.004547984591327868,interpolado
0.2834886977395479,-0.0047343161021919915,interpolado
0.28358851770354077,-0.004769596572108406,interpolado
0.2836883376675336,-0.004668850171851761,interpolado
0.28378815763152637,-0.004447101072196907,interpolado
0.2838879775955192,-0.004119373443918355,interpolado
0.284,-0.003644,original
0.2840876175235047,-0.003206921483396063,interpolado
0.2841874374874976,-0.002658806482437028,interpolado
0.28428725745149036,-0.002078840493728681,interpolado
0.2843870774154831,-0.0014895198310864279,interpolado
0.28448689737947597,-0.0009133408083269562,interpolado
0.2845867173434687,-0.00037279973926596154,interpolado
0.2846865373074616,0.0001096070622807831,interpolado
0.28478635727145435,0.0005113832824967097,interpolado
0.28488617723544707,0.0008100326075662146,interpolado
0.285,0.000996,original
0.2850858171634327,0.0010143196181864383,interpolado
0.28518563712742545,0.0009265751573313937,interpolado
0.2852854570914183,0.0007573010845340396,interpolado
0.2853852770554111,0.0005440007483657855,interpolado
0.2854850970194039,0.00032417749739843855,interpolado
0.28558491698339666,0.0001353346802034426,interpolado
0.2856847369473895,1.4975645352309323e-05,interpolado
0.2857845569113824,6.03741416742732e-07,interpolado
0.28588437687537516,0.00012972231696832472,interpolado
0.286,0.000508,original
0.2860840168033607,0.0009591489848681346,interpolado
0.2861838367673535,0.0016556759648605009,interpolado
0.28628365673134626,0.00247344693956043,interpolado
0.2863834766953391,0.0033564313297344667,interpolado
0.28648329665933187,0.004248598556147309,interpolado
0.28658311662332464,0.005093918039565137,interpolado
0.28668293658731747,0.005836359200754026,interpolado
0.2867827565513102,0.006419891460478834,interpolado
0.2868825765153029,0.006788484239505704,interpolado
0.287,0.006871,original
0.2870822164432886,0.006668275658980639,interpolado
0.2871820364072814,0.006169649485093959,interpolado
0.2872818563712742,0.005458073277883053,interpolado
0.287381676335267,0.004601505216784842,interpolado
0.28748149629925984,0.0036679034812359345,interpolado
0.2875813162632526,0.0027252262506745287,interpolado
0.28768113622724545,0.0018414317045367867,interpolado
0.28778095619123817,0.0010844780222608566,interpolado
0.287880776155231,0.0005223233832833522,interpolado
0.288,0.000201,original
0.2880804160832166,0.0002433655696342789,interpolado
0.28818023604720944,0.0005617568193153549,interpolado
0.28828005601120227,0.001121374940837832,interpolado
0.288379875975195,0.0018653423314929965,interpolado
0.2884796959391879,0.0027367813885725467,interpolado
0.2885795159031807,0.003678814509366681,interpolado
0.2886793358671735,0.004634564091167564,interpolado
0.28877915583116626,0.005547152531265298,interpolado
0.2888789757951591,0.006359702226951606,interpolado
0.289,0.007129,original
0.28907861572314464,0.00746412652874877,interpolado
0.2891784356871374,0.0077096256556355176,interpolado
0.2892782556511302,0.0077801991510972465,interpolado
0.289378075615123,0.007704349612410866,interpolado
0.2894778955791158,0.007510579636852948,interpolado
0.28957771554310857,0.007227391821700437,interpolado
0.2896775355071014,0.006883288764229766,interpolado
0.2897773554710942,0.006506773061718039,interpolado
0.28987717543508695,0.006126347311441798,interpolado
0.29,0.005695,original
0.2900768153630725,0.005464463235154037,interpolado
0.2901766353270653,0.00520635602335354,interpolado
0.29027645529105817,0.00498116690651698,interpolado
0.29037627525505094,0.0047737813347602165,interpolado
0.2904760952190438,0.004569084758199155,interpolado
0.2905759151830366,0.004351962626950039,interpolado
0.29067573514702943,0.004107300391128625,interpolado
0.29077555511102215,0.003819983500851199,interpolado
0.290875375075015,0.0034748974062336546,interpolado
0.291,0.00294,original
0.29107501500300054,0.002553704314338037,interpolado
0.2911748349669934,0.001976629500020591,interpolado
0.29127465493098614,0.0013492942760419708,interpolado
0.2913744748949789,0.0006953890468806559,interpolado
0.2914742948589718,3.860421701506918e-05,interpolado
0.2915741148229645,-0.000597369809075268,interpolado
0.29167393478695736,-0.001188842626912252,interpolado
0.29177375475095013,-0.0017121238320164302,interpolado
0.2918735747149429,-0.002143523019909365,interpolado
0.292,-0.002521,original
0.29207321464292846,-0.002638469130174393,interpolado
0.2921730346069213,-0.0026832581870216,interpolado
0.2922728545709142,-0.0026087609238904866,interpolado
0.2923726745349069,-0.0024301439308212942,interpolado
0.2924724944988997,-0.0021625737978540303,interpolado
0.29257231446289256,-0.0018212171150291802,interpolado
0.29267213442688533,-0.0014212404723867949,interpolado
0.29277195439087816,-0.0009778104599667988,interpolado
0.292871774354871,-0.0005060936678098715,interpolado
0.293,0.000117,original
0.2930714142828566,0.00046201011529438884,interpolado
0.2931712342468493,0.000933676325062985,interpolado
0.2932710542108422,0.0013863482772662368,interpolado
0.29337087417483493,0.0018126622745108,interpolado
0.29347069413882776,0.0022052546194043015,interpolado
0.29357051410282053,0.002556761614553464,interpolado
0.29367033406681337,0.002859819562565678,interpolado
0.2937701540308062,0.0031070647660482262,interpolado
0.29386997399479897,0.003291133527607992,interpolado
0.294,0.003424,original
0.2940696139227845,0.0034412700392333797,interpolado
0.2941694338867773,0.003404818822127671,interpolado
0.29426925385077013,0.0033052550862745405,interpolado
0.29436907381476296,0.0031526057336443876,interpolado
0.29446889377875574,0.0029568976662073415,interpolado
0.29456871374274857,0.0027281577859339084,interpolado
0.2946685337067414,0.002476412994794276,interpolado
0.2947683536707342,0.0022116901947585805,interpolado
0.29486817363472695,0.0019440162877974066,interpolado
0.295,0.001603,original
0.29506781356271256,0.001438931346782472,interpolado
0.29516763352670533,0.001208581211843711,interpolado
0.29526745349069816,0.0009835270916421165,interpolado
0.2953672734546909,0.0007548240711757939,interpolado
0.29546709341868377,0.0005135272354423389,interpolado
0.29556691338267654,0.0002506916694398747,interpolado
0.2956667333466692,-4.262754183386857e-05,interpolado
0.2957665533106621,-0.00037537531338122825,interpolado
0.29586637327465487,-0.0007564965602039795,interpolado
0.296,-0.001358,original
0.2960660132026405,-0.0016976463753915932,interpolado
0.29616583316663325,-0.0022479582598541638,interpolado
0.2962656531306261,-0.002813744750472286,interpolado
0.29636547309461886,-0.003362611092723565,interpolado
0.29646529305861175,-0.003862162532086821,interpolado
0.2965651130226046,-0.004280004314039733,interpolado
0.29666493298659724,-0.004583741684060844,interpolado
0.29676475295059007,-0.004740979887628445,interpolado
0.2968645729145829,-0.004719324170220594,interpolado
0.297,-0.004346,original
0.2970642128425685,-0.004013924980737552,interpolado
0.2971640328065613,-0.003326608832121601,interpolado
0.29726385277055406,-0.002485381564576384,interpolado
0.2973636727345469,-0.0015519049458330954,interpolado
0.2974634926985397,-0.0005878407436210098,interpolado
0.2975633126625325,0.0003451492743285413,interpolado
0.2976631326265253,0.0011854033402858555,interpolado
0.29776295259051805,0.001871259686521025,interpolado
0.2978627725545109,0.0023410565453030278,interpolado
0.298,0.002521,original
0.2980624124824965,0.0023910840559246767,interpolado
0.2981622324464892,0.001929842084941655,interpolado
0.2982620524104821,0.0012157100047979995,interpolado
0.2983618723744748,0.0003161239616453262,interpolado
0.29846169233846753,-0.000701479898365899,interpolado
0.2985615123024605,-0.0017696654290854758,interpolado
0.29866133226645325,-0.0028209964843613888,interpolado
0.29876115223044614,-0.0037880369180439276,interpolado
0.29886097219443886,-0.004603350583981197,interpolado
0.299,-0.005359,original
0.2990606121224245,-0.005514036294335183,interpolado
0.29916043208641724,-0.005556977459758266,interpolado
0.29926025205041007,-0.005393088390867899,interpolado
0.2993600720144028,-0.005088481467572397,interpolado
0.2994598919783957,-0.004709269069779823,interpolado
0.29955971194238845,-0.004321563577398071,interpolado
0.2996595319063812,-0.003991477370335707,interpolado
0.29975935187037406,-0.0037851228285005426,interpolado
0.29985917183436683,-0.0037686123318009424,interpolado
0.3,-0.004196,original
0.3000588117623524,-0.004564411832233387,interpolado
0.30015863172634527,-0.005417988607871281,interpolado
0.3002584516903381,-0.006485239369576221,interpolado
0.3003582716543308,-0.007680865186067215,interpolado
0.30045809161832365,-0.008919567126065049,interpolado
0.3005579115823165,-0.01011604625829059,interpolado
0.3006577315463093,-0.011185003651462709,interpolado
0.3007575515103021,-0.012041140374302723,interpolado
0.3008573714742948,-0.01259915749552988,interpolado
0.301,-0.01271,original
0.30105701140228047,-0.012485055185415225,interpolado
0.30115683136627325,-0.011744286794492532,interpolado
0.3012566513302661,-0.01063834219561717,interpolado
0.30135647129425885,-0.009256406411937807,interpolado
0.30145629125825163,-0.007687664466601318,interpolado
0.3015561112222444,-0.006021301382754163,interpolado
0.30165593118623724,-0.00434650218354563,interpolado
0.30175575115023,-0.0027524518921213633,interpolado
0.3018555711142228,-0.0013283355316305728,interpolado
0.302,0.00025,original
0.3020552110422084,0.0006573586259406797,interpolado
0.30215503100620117,0.0011211933312906916,interpolado
0.30225485097019394,0.0012788229046691766,interpolado
0.3023546709341868,0.0011830158414882492,interpolado
0.30245449089817955,0.0008865406371603421,interpolado
0.3025543108621723,0.0004421657870974441,interpolado
0.30265413082616516,-9.734021328766258e-05,interpolado
0.30275395079015793,-0.0006792088685832487,interpolado
0.30285377075415076,-0.001250671683376378,interpolado
0.303,-0.001959,original
0.30305341068213637,-0.0021531738569457617,interpolado
0.3031532306461292,-0.0024190504655972186,interpolado
0.30325305061012203,-0.0025757615788660755,interpolado
0.3033528705741147,-0.0026437043006316717,interpolado
0.3034526905381076,-0.0026432757347736304,interpolado
0.30355251050210047,-0.0025948729851714178,interpolado
0.30365233046609313,-0.002518893155704601,interpolado
0.303752150430086,-0.002435733350252627,interpolado
0.3038519703940788,-0.0023657906726951014,interpolado
0.304,-0.00233,original
0.3040516103220644,-0.00234616614746027,interpolado
0.3041514302860572,-0.002414507955903838,interpolado
0.30425125025005,-0.002513185231292439,interpolado
0.30435107021404284,-0.002620097629477603,interpolado
0.3044508901780356,-0.002713144806310674,interpolado
0.30455071014202845,-0.0027702264176432015,interpolado
0.3046505301060213,-0.0027692421193265845,interpolado
0.304750350070014,-0.00268809156721234,interpolado
0.30485017003400683,-0.0025046744171518063,interpolado
0.30494998999799966,-0.0021968903249966498,interpolado
0.305,-0.001989,original
0.30514962992598527,-0.0011462984448027001,interpolado
0.30524944988997793,-0.00042901699206313515,interpolado
0.3053492698539709,0.0003831616363321566,interpolado
0.3054490898179636,0.0012651704225630771,interpolado
0.3055489097819565,0.002191942348811395,interpolado
0.3056487297459492,0.0031384103972568857,interpolado
0.30574854970994203,0.004079507550080873,interpolado
0.30584836967393486,0.004990166789464666,interpolado
0.3059481896379276,0.00584532109758806,interpolado
0.306,0.006259,original
0.30614782956591324,0.007298945902922816,interpolado
0.306247649529906,0.007874564104152966,interpolado
0.3063474694938988,0.008340692182438953,interpolado
0.3064472894578916,0.00869091833556408,interpolado
0.3065471094218844,0.008918830761312547,interpolado
0.3066469293858771,0.009018017657467924,interpolado
0.30674674934986995,0.008982067221814194,interpolado
0.3068465693138627,0.008804567652135038,interpolado
0.30694638927785556,0.008479107146214476,interpolado
0.307,0.008241,original
0.30714602920584116,0.007380032553204695,interpolado
0.30724584916983394,0.006652847203880724,interpolado
0.30734566913382677,0.00585294901307302,interpolado
0.30744548909781955,0.0050148918063188,interpolado
0.3075453090618124,0.0041732294091535,interpolado
0.3076451290258052,0.0033625156471143785,interpolado
0.3077449489897978,0.0026173043457372886,interpolado
0.30784476895379076,0.0019721493305582217,interpolado
0.30794458891778353,0.0014616044271142286,interpolado
0.308,0.001249,original
0.3081442288457691,0.0009532043432628074,interpolado
0.30824404880976186,0.0009409458148152406,interpolado
0.3083438687737547,0.0010587541958281973,interpolado
0.30844368873774747,0.0012827927432269223,interpolado
0.30854350870174035,0.0015892247139370219,interpolado
0.3086433286657331,0.0019542133648835316,interpolado
0.30874314862972585,0.0023539219529919862,interpolado
0.3088429685937187,0.0027645137351879996,interpolado
0.30894278855771146,0.0031621519683964917,interpolado
0.309,0.003375,original
0.30914242848569706,0.0038357586967321775,interpolado
0.3092422484496899,0.004100668203013902,interpolado
0.30934206841368267,0.0043201236239465615,interpolado
0.3094418883776755,0.004496184477010504,interpolado
0.30954170834166833,0.004630910279686454,interpolado
0.30964152830566116,0.00472636054945504,interpolado
0.3097413482696539,0.0047845948037967476,interpolado
0.3098411682336467,0.0048076725601922336,interpolado
0.3099409881976395,0.00479765333612206,interpolado
0.31,0.004777,original
0.3101406281256252,0.004686639213270818,interpolado
0.3102404480896179,0.00458999483081636,interpolado
0.31034026805361076,0.0044688905534671095,interpolado
0.3104400880176035,0.004325551546631101,interpolado
0.31053990798159625,0.0041622029757161765,interpolado
0.31063972794558903,0.003981070006130132,interpolado
0.3107395479095818,0.003784377803281073,interpolado
0.3108393678735747,0.003574351532576686,interpolado
0.3109391878375674,0.003353216359425105,interpolado
0.311,0.003214,original
0.31113882776555307,0.002889750894227569,interpolado
0.31123864772954585,0.002661821401802451,interpolado
0.3113384676935387,0.0024489119316376652,interpolado
0.3114382876575315,0.0022604537709141883,interpolado
0.31153810762152423,0.002105878206812633,interpolado
0.31163792758551706,0.0019946165265136884,interpolado
0.3117377475495099,0.0019361000171982195,interpolado
0.31183756751350267,0.0019397599660469082,interpolado
0.3119373874774955,0.0020150276602404925,interpolado
0.312,0.002103,original
0.31213702740548105,0.002403821875985904,interpolado
0.3122368473694739,0.0026909992949866695,interpolado
0.31233666733346666,0.003008868231507797,interpolado
0.31243648729745943,0.0033337163520394003,interpolado
0.3125363072614522,0.003641831323072129,interpolado
0.31263612722544504,0.0039095008110965924,interpolado
0.3127359471894378,0.00411301248260296,interpolado
0.3128357671534307,0.0042286540040819085,interpolado
0.3129355871174234,0.004232713042023776,interpolado
0.313,0.004165,original
0.313135227045409,0.003833947060983904,interpolado
0.31323504700940186,0.003457545101833107,interpolado
0.31333486697339463,0.0030037795731808377,interpolado
0.3134346869373874,0.0025037509549554163,interpolado
0.3135345069013803,0.0019885597270844083,interpolado
0.31363432686537307,0.0014893063694953463,interpolado
0.31373414682936585,0.0010370913621166008,interpolado
0.3138339667933587,0.0006630151848755054,interpolado
0.31393378675735145,0.00039817831770029024,interpolado
0.314,0.000298,original
0.31413342668533706,0.00029931971911149776,interpolado
0.3142332466493299,0.0004562948543568252,interpolado
0.31433306661332266,0.0007218423851517235,interpolado
0.31443288657731544,0.0010735384790056008,interpolado
0.3145327065413082,0.001488959303428289,interpolado
0.31463252650530105,0.0019456810259297626,interpolado
0.31473234646929377,0.0024212798140192168,interpolado
0.3148321664332866,0.002893331835206866,interpolado
0.3149319863972794,0.003339413257001889,interpolado
0.315,0.003617,original
0.31513162632526504,0.004072368722672497,interpolado
0.31523144628925787,0.004343261159022341,interpolado
0.31533126625325064,0.004549452943312739,interpolado
0.3154310862172434,0.004690500946052372,interpolado
0.31553090618123625,0.004765962037749706,interpolado
0.31563072614522897,0.004775393088913443,interpolado
0.31573054610922185,0.004718350970052198,interpolado
0.31583036607321463,0.004594392551674612,interpolado
0.31593018603720746,0.004403074704289185,interpolado
0.316,0.004229,original
0.3161298259651931,0.0038173909196429615,interpolado
0.3162296459291859,0.003424976054815228,interpolado
0.3163294658931787,0.002968465658830827,interpolado
0.31642928585717145,0.002449605775971997,interpolado
0.3165291058211642,0.0018701424505218629,interpolado
0.3166289257851571,0.0012318217267623273,interpolado
0.31672874574914983,0.0005363896489766468,interpolado
0.3168285657131426,-0.00021440773855297204,interpolado
0.31692838567713544,-0.0010188243915444446,interpolado
0.317,-0.001628,original
0.31712802560512104,-0.002765861788390456,interpolado
0.31722784556911376,-0.0036480037825856963,interpolado
0.31732766553310654,-0.004475064210205658,interpolado
0.31742748549709937,-0.005200734594309407,interpolado
0.31752730546109215,-0.005778706457954814,interpolado
0.31762712542508503,-0.006162671324201166,interpolado
0.31772694538907775,-0.006306320716106713,interpolado
0.31782676535307053,-0.006163346156730425,interpolado
0.31792658531706336,-0.00568743916913064,interpolado
0.318,-0.005098,original
0.31812622524504897,-0.0036002373689143713,interpolado
0.3182260452090418,-0.002078403153432796,interpolado
0.3183258651730345,-0.0003652660362579934,interpolado
0.3184256851370274,0.0014411418810450615,interpolado
0.3185255051010202,0.0032427884969083243,interpolado
0.3186253250650129,0.004941641709767689,interpolado
0.3187251450290058,0.006439669418055236,interpolado
0.31882496499299856,0.007638839520205955,interpolado
0.3189247849569914,0.008441119914654177,interpolado
0.319,0.008724,original
0.31912442488497705,0.008525544104440006,interpolado
0.31922424484896983,0.007853112980493572,interpolado
0.3193240648129626,0.006827761284011528,interpolado
0.31942388477695544,0.0055455806183103825,interpolado
0.3195237047409482,0.004102662586708883,interpolado
0.3196235247049411,0.002595098792522819,interpolado
0.3197233446689338,0.0011189808390711833,interpolado
0.3198231646329266,-0.0002295996703295741,interpolado
0.3199229845969194,-0.001354551132362724,interpolado
0.32,-0.002009,original
0.3201226245249051,-0.0025965552302126137,interpolado
0.3202224444888978,-0.002709395990343668,interpolado
0.3203222644528905,-0.00255577931456402,interpolado
0.32042208441688336,-0.0021928757167670684,interpolado
0.32052190438087613,-0.0016778557108468944,interpolado
0.320621724344869,-0.0010678898106966498,interpolado
0.32072154430886174,-0.0004201485302106891,interpolado
0.32082136427285446,0.00020819761671765494,interpolado
0.32092118423684735,0.0007599781161950038,interpolado
0.321,0.001104,original
0.32112082416483284,0.001426337353465717,interpolado
0.3212206441288257,0.0015131894931348178,interpolado
0.3213204640928185,0.0014531688173795296,interpolado
0.32142028405681144,0.0012607540134967226,interpolado
0.3215201040208041,0.0009504237687835304,interpolado
0.3216199239847969,0.0005366567705367992,interpolado
0.32171974394878977,3.3931706053144076e-05,interpolado
0.32181956391278255,-0.0005432727373699545,interpolado
0.32191938387677543,-0.0011804778724362037,interpolado
0.322,-0.001729,original
0.322119023804761,-0.002573422549621809,interpolado
0.32221884376875376,-0.0032852261172786087,interpolado
0.3223186637327466,-0.003971547705178569,interpolado
0.32241848369673937,-0.004605334226406165,interpolado
0.32251830366073214,-0.005159532594044424,interpolado
0.32261812362472486,-0.0056070897211774615,interpolado
0.3227179435887177,-0.005920952520889157,interpolado
0.3228177635527104,-0.006074067906262891,interpolado
0.3229175835167033,-0.006039382790382549,interpolado
0.323,-0.00585,original
0.3231172234446888,-0.0053185670338747075,interpolado
0.3232170434086817,-0.0046660101499079445,interpolado
0.3233168633726745,-0.0038799051492331743,interpolado
0.32341668333666734,-0.0030079177480421947,interpolado
0.3235165033006601,-0.0020977136625286177,interpolado
0.32361632326465284,-0.0011969586088845933,interpolado
0.3237161432286457,-0.00035331830330229586,interpolado
0.32381596319263856,0.00038554153802469737,interpolado
0.32391578315663144,0.0009719551989045339,interpolado
0.324,0.001313,original
0.32411542308461694,0.0015183022438764666,interpolado
0.3242152430486098,0.0014794262658998684,interpolado
0.3243150630126025,0.0012775364812178279,interpolado
0.3244148829765953,0.0009484871773714973,interpolado
0.3245147029405881,0.000528132641902589,interpolado
0.32461452290458087,5.2327162352285454e-05,interpolado
0.32471434286857376,-0.0004430749737383561,interpolado
0.3248141628325665,-0.0009222194788274363,interpolado
0.32491398279655936,-0.0013492520653741113,interpolado
0.325,-0.001648,original
0.32511362272454486,-0.001913273903311987,interpolado
0.3252134426885377,-0.002023500216507267,interpolado
0.3253132626525305,-0.0020226614872294576,interpolado
0.32541308261652324,-0.0019144044111530172,interpolado
0.3255129025805161,-0.0017023756839525278,interpolado
0.3256127225445089,-0.0013902220013024148,interpolado
0.32571254250850173,-0.0009815900588768817,interpolado
0.32581236247249445,-0.0004801265523508417,interpolado
0.32591218243648734,0.00011052182260180019,interpolado
0.326,0.000701,original
0.3261118223644728,0.0015383729953424964,interpolado
0.3262116423284658,0.002337627163434862,interpolado
0.32631146229245855,0.0031534442960424575,interpolado
0.3264112822564514,0.003954805745237291,interpolado
0.32651110222044416,0.004710692863089606,interpolado
0.3266109221844369,0.005390087001670996,interpolado
0.32671074214842977,0.005961969513052883,interpolado
0.3268105621124225,0.006395321749305763,interpolado
0.3269103820764153,0.006659125062501129,interpolado
0.327,0.006726,original
0.32711002200440087,0.006570058593520123,interpolado
0.3272098419683937,0.006234398901905814,interpolado
0.3273096619323865,0.005756286478476871,interpolado
0.32740948189637925,0.005176613276539876,interpolado
0.32750930186037197,0.004536271249401178,interpolado
0.32760912182436486,0.0038761523503682313,interpolado
0.3277089417883576,0.003237148532747067,interpolado
0.32780876175235046,0.0026601517498451343,interpolado
0.32790858171634324,0.0021860539549687853,interpolado
0.328,0.001877,original
0.3281082216443288,0.0016987480527103685,interpolado
0.3282080416083216,0.0017092644130029058,interpolado
0.3283078615723144,0.0018746258521155578,interpolado
0.32840768153630717,0.002182167362303309,interpolado
0.3285075015003,0.0026192239358214576,interpolado
0.3286073214642928,0.0031731305649245374,interpolado
0.3287071414282856,0.003831222241868171,interpolado
0.32880696139227844,0.0045808339589066445,interpolado
0.32890678135627116,0.0054093007082953205,interpolado
0.329,0.006243,original
0.32910642128425677,0.0072471556063962396,interpolado
0.32920624124824965,0.008204907520454871,interpolado
0.32930606121224243,0.009139871469138585,interpolado
0.32940588117623515,0.010014706886598588,interpolado
0.32950570114022804,0.01079207320698596,interpolado
0.3296055211042208,0.011434629864450494,interpolado
0.3297053410682137,0.011905036293143541,interpolado
0.3298051610322064,0.012165951927215242,interpolado
0.32990498099619925,0.01218003620081658,interpolado
0.33,0.01193,original
0.3301046209241848,0.011336569848712449,interpolado
0.33020444088817763,0.010503861239775503,interpolado
0.3303042608521704,0.0094694417168707,interpolado
0.33040408081616324,0.00829092851477434,interpolado
0.330503900780156,0.0070259388682624,interpolado
0.3306037207441488,0.005732090012113001,interpolado
0.3307035407081417,0.004466999181101467,interpolado
0.33080336067213445,0.0032882836100059233,interpolado
0.3309031806361272,0.0022535605336023437,interpolado
0.331,0.001442,original
0.33110282056411283,0.0008291341829680582,interpolado
0.33120264052810566,0.00045611974579763594,interpolado
0.33130246049209844,0.00026335046916630046,interpolado
0.3314022804560912,0.00021277338019333054,interpolado
0.33150210042008404,0.00026633550599831934,interpolado
0.3316019203840768,0.0003859838737007333,interpolado
0.33170174034806965,0.0005336655104202014,interpolado
0.3318015603120625,0.0006713274432760855,interpolado
0.33190138027605526,0.0007609166993880051,interpolado
0.332,0.000765,original
0.3321010202040409,0.0006552855829949386,interpolado
0.3322008401680338,0.00045203409150296154,interpolado
0.3323006601320266,0.000183838914217392,interpolado
0.33240048009601936,-0.00012008688553357095,interpolado
0.3325003000600122,-0.00043053024442180966,interpolado
0.33260012002400496,-0.0007182780991186781,interpolado
0.3326999399879977,-0.0009541173862960617,interpolado
0.3327997599519906,-0.00110883504262573,interpolado
0.33289957991598335,-0.0011532180047792106,interpolado
0.333,-0.001057,original
0.3330992198439689,-0.0008050202626105666,interpolado
0.33319903980796167,-0.0004201624381262538,interpolado
0.3332988597719545,5.918423089665646e-05,interpolado
0.3333986797359472,0.0005956837089190772,interpolado
0.33349849969994005,0.001151999960403023,interpolado
0.3335983196639327,0.0016907969498093217,interpolado
0.3336981396279256,0.0021747386415997445,interpolado
0.3337979595919184,0.002566489000235938,interpolado
0.33389777955591116,0.0028287119901789144,interpolado
0.334,0.002924,original
0.33409741948389676,0.0028269476065332574,interpolado
0.33419723944788954,0.002562090571163766,interpolado
0.3342970594118824,0.002167785028520086,interpolado
0.33439687937587514,0.0016823157126209254,interpolado
0.334496699339868,0.0011439673574840511,interpolado
0.33459651930386075,0.0005910246971283318,interpolado
0.3346963392678536,6.177246557173568e-05,interpolado
0.33479615923184647,-0.00040550460316771613,interpolado
0.33489597919583924,-0.0007725217750712326,interpolado
0.335,-0.001007,original
0.33509561912382485,-0.0010633780395055848,interpolado
0.3351954390878176,-0.000980878621368822,interpolado
0.33529525905181046,-0.0007885258840132636,interpolado
0.33539507901580323,-0.0005213505604948844,interpolado
0.335494898979796,-0.00021438338386917577,interpolado
0.33559471894378884,9.734491280775895e-05,interpolado
0.3356945389077816,0.0003788035964803374,interpolado
0.33579435887177445,0.0005949619340929092,interpolado
0.33589417883576717,0.0007107891925894703,interpolado
0.336,0.000685,original
0.33609381876375277,0.000510569060997182,interpolado
0.33619363872774555,0.00018723233180598857,interpolado
0.33629345869173843,-0.0002470038722485308,interpolado
0.3363932786557312,-0.0007603854560176963,interpolado
0.336493098619724,-0.0013211583243538552,interpolado
0.3365929185837169,-0.0018975683821081874,interpolado
0.33669273854770965,-0.002457861534132809,interpolado
0.3367925585117024,-0.002970283685279802,interpolado
0.3368923784756953,-0.0034030807404003983,interpolado
0.337,-0.003744,original
0.3370920184036809,-0.003909570467596043,interpolado
0.33719183836767364,-0.0039676808505941736,interpolado
0.33729165833166647,-0.003919056218967958,interpolado
0.33739147829565924,-0.0037839271746863416,interpolado
0.3374912982596521,-0.0035825243197180777,interpolado
0.33759111822364474,-0.003335078256032279,interpolado
0.33769093818763757,-0.0030618195855977304,interpolado
0.33779075815163034,-0.002782978910383157,interpolado
0.3378905781156232,-0.0025187868323577603,interpolado
0.338,-0.00227,original
0.3380902180436087,-0.0021100497880391727,interpolado
0.33819003800760156,-0.0019676101835045183,interpolado
0.3382898579715943,-0.001839960940175777,interpolado
0.3383896779355871,-0.0017049015639320573,interpolado
0.33848949789957994,-0.0015402315606522616,interpolado
0.3385893178635727,-0.0013237504362152274,interpolado
0.33868913782756555,-0.0010332576965001623,interpolado
0.3387889577915583,-0.0006465528473856923,interpolado
0.33888877775555115,-0.00014143539475121314,interpolado
0.339,0.000588,original
0.33908841768353676,0.001304493727408973,interpolado
0.3391882376475296,0.002225867455880818,interpolado
0.33928805761152236,0.0032185833885890656,interpolado
0.33938787757551514,0.004232790674798743,interpolado
0.3394876975395079,0.005218638463776537,interpolado
0.3395875175035007,0.0061262759047890775,interpolado
0.3396873374674935,0.006905852147101481,interpolado
0.3397871574314863,0.007507516339980704,interpolado
0.33988697739547913,0.007881417632692213,interpolado
0.34,0.007967,original
0.3400866173234648,0.007757453695327732,interpolado
0.3401864372874575,0.007246985938810594,interpolado
0.34028625725145034,0.006496743035978515,interpolado
0.3403860772154432,0.00555720480909991,interpolado
0.340485897179436,0.004478851080441984,interpolado
0.3405857171434288,0.0033121616722716378,interpolado
0.3406855371074216,0.0021076164068577477,interpolado
0.3407853570714145,0.000915695106466598,interpolado
0.3408851770354072,-0.00021312240663290437,interpolado
0.341,-0.001368,original
0.3410848169633928,-0.002087095913250698,interpolado
0.3411846369273856,-0.0027942364753950535,interpolado
0.34128445689137843,-0.0033732851930847376,interpolado
0.34138427685537115,-0.003847791154908771,interpolado
0.3414840968193638,-0.00424130344945716,interpolado
0.34158391678335676,-0.004577371165319735,interpolado
0.3416837367473495,-0.004879543391085784,interpolado
0.34178355671134225,-0.005171369215345321,interpolado
0.3418833766753351,-0.00547639772668769,interpolado
0.342,-0.005881,original
0.3420830166033207,-0.006215082698689175,interpolado
0.3421828365673134,-0.00665088994364431,interpolado
0.3422826565313063,-0.007095198200786936,interpolado
0.34238247649529907,-0.007517562995688791,interpolado
0.3424822964592918,-0.007887539853922368,interpolado
0.3425821164232846,-0.008174684301060046,interpolado
0.3426819363872775,-0.00834855186267374,interpolado
0.34278175635127034,-0.008378698064335856,interpolado
0.34288157631526306,-0.008234678431618585,interpolado
0.343,-0.007796,original
0.3430812162432487,-0.007309935897672995,interpolado
0.3431810362072415,-0.0065370457641111615,interpolado
0.3432808561712343,-0.005621194138446459,interpolado
0.3433806761352271,-0.0046162880796819985,interpolado
0.3434804960992199,-0.003576234646819377,interpolado
0.3435803160632127,-0.0025549408988601104,interpolado
0.34368013602720554,-0.0016063138948074274,interpolado
0.34377995599119826,-0.0007842606936628202,interpolado
0.3438797759551911,-0.0001426883544280626,interpolado
0.344,0.000314,original
0.3440794158831766,0.00039279351697139056,interpolado
0.3441792358471695,0.0002682288712845193,interpolado
0.34427905581116214,-5.117127120178183e-05,interpolado
0.3443788757751551,-0.000507220747438121,interpolado
0.3444786957391478,-0.0010417333943742912,interpolado
0.3445785157031407,-0.0015965230489611436,interpolado
0.34467833566713346,-0.0021134035481483594,interpolado
0.34477815563112624,-0.002534188728886574,interpolado
0.34487797559511907,-0.0028006924281262094,interpolado
0.345,-0.002832,original
0.34507761552310473,-0.002646171664480621,interpolado
0.34517743548709745,-0.002188960721327603,interpolado
0.3452772554510902,-0.0015276036308708861,interpolado
0.34537707541508306,-0.0007067971085388085,interpolado
0.3454768953790759,0.0002287621302388688,interpolado
0.3455767153430686,0.001234377370034303,interpolado
0.34567653530706144,0.0022653518954175275,interpolado
0.3457763552710542,0.0032769889909602546,interpolado
0.345876175235047,0.0042245919412341555,interpolado
0.346,0.005244,original
0.3460758151630326,0.00575238690572163,interpolado
0.3461756351270254,0.006279474236877367,interpolado
0.34627545509101815,0.006647552123798974,interpolado
0.34637527505501103,0.0068595570740787835,interpolado
0.34647509501900375,0.0069184255953088115,interpolado
0.3465749149829966,0.006827094195081388,interpolado
0.34667473494698936,0.006588499380988867,interpolado
0.3467745549109822,0.006205577660623494,interpolado
0.346874374874975,0.005681265541577194,interpolado
0.347,0.004825,original
0.3470740148029606,0.0042232123292645545,interpolado
0.34717383476695335,0.0033281690247205023,interpolado
0.34727365473094607,0.002380276981709069,interpolado
0.347373474694939,0.0014265705436013148,interpolado
0.3474732946589318,0.0005140840537699021,interpolado
0.3475731146229246,-0.00031014814441454526,interpolado
0.3476729345869174,-0.0009990917075795077,interpolado
0.3477727545509101,-0.0015057122923538904,interpolado
0.347872574514903,-0.0017829755553661944,interpolado
0.348,-0.001729,original
0.34807221444288855,-0.0014692112943856584,interpolado
0.3481720344068813,-0.0008753360743940559,interpolado
0.34827185437087416,-8.02255361202525e-05,interpolado
0.34837167433486693,0.0008376739322890809,interpolado
0.3484714942988597,0.0017999159426856925,interpolado
0.34857131426285254,0.0027280541069233575,interpolado
0.3486711342268453,0.003543642036853808,interpolado
0.34877095419083814,0.0041682333443303805,interpolado
0.34887077415483103,0.0045233816412059815,interpolado
0.349,0.004455,original
0.3490704140828166,0.004121358576621043,interpolado
0.34917023404680936,0.003326112796613756,interpolado
0.3492700540108021,0.0022331706412782953,interpolado
0.34936987397479496,0.0009315129395559566,interpolado
0.34946969393878774,-0.0004898794796097156,interpolado
0.34956951390278057,-0.001942025787277328,interpolado
0.34966933386677346,-0.0033359451545055623,interpolado
0.3497691538307661,-0.004582656752350766,interpolado
0.34986897379475895,-0.005593179751872158,interpolado
0.35,-0.006412,original
0.3500686137227445,-0.006558365983695031,interpolado
0.3501684336867373,-0.006445462061147728,interpolado
0.35026825365073017,-0.006009450901612458,interpolado
0.35036807361472294,-0.0053207736878749905,interpolado
0.3504678935787158,-0.004449871602722313,interpolado
0.3505677135427085,-0.003467185828940286,interpolado
0.35066753350670127,-0.002443157549314526,interpolado
0.3507673534706941,-0.0014482279466323839,interpolado
0.3508671734346869,-0.00055283820367902,interpolado
0.351,0.000363,original
0.3510668133626724,0.0006629708213635095,interpolado
0.35116663332666526,0.0009156650492686599,interpolado
0.35126645329065803,0.0009678820366941756,interpolado
0.3513662732546509,0.000857503347368821,interpolado
0.3514660932186437,0.0006224105450213983,interpolado
0.35156591318263647,0.0003004851933805496,interpolado
0.35166573314662936,-7.039114382527436e-05,interpolado
0.3517655531106221,-0.0004523369028669842,interpolado
0.35186537307461496,-0.0008074705200162963,interpolado
0.352,-0.001177,original
0.35206501300260046,-0.0012881358621627157,interpolado
0.3521648329665933,-0.00137165876819076,interpolado
0.35226465293058606,-0.0013615048907779693,interpolado
0.35236447289457884,-0.00127106225972708,interpolado
0.3524642928585717,-0.0011137189048409284,interpolado
0.3525641128225644,-0.0009028628559222151,interpolado
0.35266393278655733,-0.0006518821427735233,interpolado
0.35276375275055005,-0.0003741647951978676,interpolado
0.35286357271454294,-8.309884299768607e-05,interpolado
0.353,0.000312,original
0.3530632126425285,0.00048571780060682545,interpolado
0.3531630326065213,0.0007395878698366103,interpolado
0.3532628525705141,0.000960626390724499,interpolado
0.353362672534507,0.001139958966788446,interpolado
0.35346249249849976,0.001268711201545965,interpolado
0.3535623124624926,0.0013380086985148888,interpolado
0.3536621324264853,0.0013389770612129144,interpolado
0.3537619523904782,0.0012627418931577567,interpolado
0.353861772354471,0.0011004287978670386,interpolado
0.354,0.000717,original
0.3540614122824566,0.00048401306095627805,interpolado
0.35416123224644935,4.341778178202218e-05,interpolado
0.35426105221044213,-0.00043793995665453346,interpolado
0.3543608721744349,-0.0009189026477380125,interpolado
0.3544606921384277,-0.0013583127848519993,interpolado
0.35456051210242046,-0.0017150128613809045,interpolado
0.35466033206641323,-0.0019478453707089513,interpolado
0.354760152030406,-0.002015652806220002,interpolado
0.35485997199439884,-0.001877277661298221,interpolado
0.355,-0.001257,original
0.3550596119223844,-0.0008214805616569126,interpolado
0.3551594318863772,0.00010749105801915905,interpolado
0.35525925185037,0.0012214038519074656,interpolado
0.35535907181436277,0.002445041619084779,interpolado
0.35545889177835566,0.0037031881586281137,interpolado
0.3555587117423485,0.004920627269612356,interpolado
0.35565853170634126,0.0060221427511150845,interpolado
0.35575835167033415,0.006932518402211371,interpolado
0.35585817163432687,0.007576538021978175,interpolado
0.356,0.007886,original
0.3560578115623125,0.007769427275599027,interpolado
0.3561576315263053,0.007255255310010141,interpolado
0.3562574514902981,0.0064071424523601365,interpolado
0.3563572714542908,0.00529759672956585,interpolado
0.35645709141828363,0.003999126168543534,interpolado
0.3565569113822764,0.002584238796211675,interpolado
0.3566567313462693,0.0011254426394858024,interpolado
0.356756551310262,-0.00030475427471541726,interpolado
0.3568563712742547,-0.0016338439194757734,interpolado
0.357,-0.003223,original
0.35705601120224034,-0.0037016242066328126,interpolado
0.35715583116623323,-0.004353022066269804,interpolado
0.35725565113022595,-0.00476994140510111,interpolado
0.3573554710942188,-0.00498022563047912,interpolado
0.35745529105821156,-0.005011718149755752,interpolado
0.3575551110222043,-0.004892262370282939,interpolado
0.3576549309861972,-0.004649701699412537,interpolado
0.35775475095019,-0.0043118795444967726,interpolado
0.3578545709141827,-0.0039066393128875014,interpolado
0.358,-0.003253,original
0.35805421084216843,-0.0030049109570535063,interpolado
0.3581540308061612,-0.0025564191190097555,interpolado
0.358253850770154,-0.0021306529998332438,interpolado
0.35835367073414676,-0.0017416979716940873,interpolado
0.3584534906981396,-0.0014036394067624856,interpolado
0.3585533106621324,-0.0011305626772091905,interpolado
0.35865313062612525,-0.0009365531552042853,interpolado
0.358752950590118,-0.000835696212918362,interpolado
0.3588527705541108,-0.0008420772225216601,interpolado
0.359,-0.001077,original
0.3590524104820964,-0.0012318837907220636,interpolado
0.3591522304460892,-0.0016207324071375638,interpolado
0.35925205041008196,-0.002109261125638954,interpolado
0.35935187037407484,-0.002669655489351033,interpolado
0.35945169033806756,-0.0032741010413987587,interpolado
0.35955151030206045,-0.0038947833249060645,interpolado
0.3596513302660533,-0.00450388788299822,interpolado
0.35975115023004595,-0.005073600258799153,interpolado
0.3598509701940388,-0.005576105995433825,interpolado
0.36,-0.006141,original
0.3600506101220244,-0.006269248010197612,interpolado
0.3601504300860172,-0.0064287162364540145,interpolado
0.36025025005001,-0.006479670777215835,interpolado
0.3603500700140028,-0.006440713983859793,interpolado
0.36044988997799565,-0.006330448207762405,interpolado
0.36054970994198837,-0.006167475800300403,interpolado
0.3606495299059812,-0.0059703991128503405,interpolado
0.36074934986997403,-0.005757820496788696,interpolado
0.36084916983396675,-0.0055483423034923115,interpolado
0.3609489897979596,-0.005360566884337575,interpolado
0.361,-0.005279,original
0.36114862972594514,-0.0051057788979837855,interpolado
0.36124844968993797,-0.005025879083751069,interpolado
0.36134826965393074,-0.004957247340261901,interpolado
0.36144808961792363,-0.004884398087859447,interpolado
0.3615479095819164,-0.004791845746887034,interpolado
0.3616477295459091,-0.004664104737687889,interpolado
0.361747549509902,-0.0044856894806051505,interpolado
0.36184736947389473,-0.004241114395982266,interpolado
0.3619471894378875,-0.003914893904162207,interpolado
0.362,-0.003704,original
0.3621468293658732,-0.0029801270722722827,interpolado
0.362246649329866,-0.0024078900342974236,interpolado
0.3623464692938588,-0.0018064390186874493,interpolado
0.36244628925785155,-0.0012065759562035273,interpolado
0.3625461092218443,-0.0006391027776081325,interpolado
0.3626459291858371,-0.00013482141366272818,interpolado
0.3627457491498298,0.0002754662048710858,interpolado
0.36284556911382276,0.0005609581472310448,interpolado
0.3629453890778155,0.0006908524826556283,interpolado
0.363,0.000685,original
0.3631450290058011,0.0003949261751461937,interpolado
0.36324484896979403,3.914434059210111e-06,interpolado
0.3633446689337867,-0.0005013779562794353,interpolado
0.3634444888977797,-0.001084679547804744,interpolado
0.36354430886177236,-0.001709718892450539,interpolado
0.36364412882576513,-0.0023402245421516106,interpolado
0.363743948789758,-0.002939925048842765,interpolado
0.36384376875375074,-0.0034725489644578025,interpolado
0.36394358871774357,-0.003901824840931759,interpolado
0.364,-0.004085,original
0.3641432286457291,-0.004329785730217516,interpolado
0.364243048609722,-0.004326757556831439,interpolado
0.36434286857371484,-0.004196647632928901,interpolado
0.36444268853770756,-0.0039530237601253845,interpolado
0.3645425085017003,-0.0036094537400367826,interpolado
0.36464232846569306,-0.0031795053742786003,interpolado
0.3647421484296859,-0.002676746464466153,interpolado
0.36484196839367866,-0.0021147448122156164,interpolado
0.3649417883576715,-0.001507068219141997,interpolado
0.365,-0.001137,original
0.3651414282856571,-0.00020762399913619786,interpolado
0.36524124824964993,0.00046097139597273525,interpolado
0.3653410682136427,0.001127789334421755,interpolado
0.36544088817763554,0.0017820833957577597,interpolado
0.3655407081416282,0.002413107159526189,interpolado
0.36564052810562103,0.003010114205273582,interpolado
0.3657403480696139,0.0035623581125464017,interpolado
0.36584016803360664,0.0040590924608902,interpolado
0.3659399879975995,0.004489570829851687,interpolado
0.366,0.004712,original
0.366139627925585,0.005115305686902742,interpolado
0.36623944788957785,0.005308947480372322,interpolado
0.3663392678535706,0.005427696213614784,interpolado
0.3664390878175635,0.005475124557140884,interpolado
0.36653890778155623,0.00545480518146122,interpolado
0.36663872774554906,0.005370310757086448,interpolado
0.3667385477095419,0.005225213954527106,interpolado
0.3668383676735346,0.005023087444293984,interpolado
0.36693818763752745,0.004767503896897652,interpolado
0.367,0.004584,original
0.367137827565513,0.004116368414507114,interpolado
0.3672376475295059,0.003747069005121254,interpolado
0.3673374674934987,0.003371769572003237,interpolado
0.3674372874574914,0.0030079737615580806,interpolado
0.36753710742148415,0.0026731852201908324,interpolado
0.367636927385477,0.002384907594307091,interpolado
0.3677367473494698,0.002160644530311776,interpolado
0.36783656731346265,0.002017899674610364,interpolado
0.36793638727745537,0.0019741766736079314,interpolado
0.368,0.002006,original
0.3681360272054411,0.0022335212788858584,interpolado
0.3682358471694339,0.0025064236669078577,interpolado
0.3683356671334267,0.002834701445796521,interpolado
0.3684354870974194,0.003187752355530509,interpolado
0.3685353070614123,0.003534974136088541,interpolado
0.3686351270254051,0.0038457645274487446,interpolado
0.3687349469893979,0.004089521269589963,interpolado
0.3688347669533906,0.004235642102490439,interpolado
0.3689345869173835,0.004253524766128864,interpolado
0.369,0.004181,original
0.369134226845369,0.0038110924373843907,interpolado
0.3692340468093619,0.003385068670459235,interpolado
0.36933386677335467,0.002875759903780922,interpolado
0.36943368673734744,0.0023239431444967195,interpolado
0.3695335067013403,0.0017703953997538113,interpolado
0.36963332666533305,0.001255893676700309,interpolado
0.36973314662932577,0.0008212149824831706,interpolado
0.36983296659331855,0.0005071363242503766,interpolado
0.3699327865573113,0.0003544347091491392,interpolado
0.37,0.000363,original
0.37013242648529704,0.0006645661150100115,interpolado
0.3702322464492898,0.0011013433764307358,interpolado
0.3703320664132827,0.0016730522122045542,interpolado
0.3704318863772754,0.0023389991771219426,interpolado
0.37053170634126825,0.00305849082597359,interpolado
0.370631526305261,0.003790833713548957,interpolado
0.37073134626925386,0.00449533439463909,interpolado
0.37083116623324675,0.0051312994240334696,interpolado
0.3709309861972394,0.0056580353565227745,interpolado
0.371,0.005937,original
0.371130626125225,0.006243711845932903,interpolado
0.37123044608921785,0.006300381842868238,interpolado
0.37133026605321073,0.006225147736503562,interpolado
0.3714300860172035,0.006038001227851057,interpolado
0.37152990598119623,0.005758934017922666,interpolado
0.37162972594518895,0.005407937807730821,interpolado
0.3717295459091819,0.0050050042982872755,interpolado
0.37182936587317456,0.004570125190604596,interpolado
0.37192918583716733,0.004123292185694691,interpolado
0.372,0.00381,original
0.372128825765153,0.003265406651127559,interpolado
0.37222864572914566,0.002864444652170291,interpolado
0.3723284656931386,0.0024782717107234625,interpolado
0.3724282856571313,0.0021036435690892177,interpolado
0.3725281056211242,0.0017373159695688568,interpolado
0.3726279255851169,0.0013760446544645029,interpolado
0.37272774554910976,0.0010165853660776703,interpolado
0.3728275655131026,0.0006556938467098766,interpolado
0.37292738547709536,0.0002901258386632388,interpolado
0.373,1.94e-05,original
0.37312702540508097,-0.000461570660085946,interpolado
0.3732268453690738,-0.0008303675931553672,interpolado
0.3733266653330666,-0.001174166431075627,interpolado
0.37342648529705935,-0.0014774432166450313,interpolado
0.3735263052610522,-0.0017246739926625935,interpolado
0.3736261252250449,-0.0019003348019267265,interpolado
0.37372594518903773,-0.0019889016872362804,interpolado
0.37382576515303056,-0.0019748506913899104,interpolado
0.37392558511702334,-0.0018426578571863195,interpolado
0.374,-0.001658,original
0.374125225045009,-0.001177670336157426,interpolado
0.37422504500900183,-0.000674387003816508,interpolado
0.37432486497299466,-9.993744488758588e-05,interpolado
0.3744246849369874,0.0005128230544106207,interpolado
0.37452450490098016,0.001131039207860686,interpolado
0.374624324864973,0.001721855729243842,interpolado
0.37472414482896577,0.002252417332342367,interpolado
0.37482396479295865,0.0026898687309384072,interpolado
0.3749237847569513,0.0030013546388133914,interpolado
0.375,0.003134,original
0.37512342468493703,0.0031307293885399186,interpolado
0.37522324464892975,0.002944492664878072,interpolado
0.3753230646129227,0.0026124602128255003,interpolado
0.3754228845769153,0.002151672680478193,interpolado
0.3755227045409082,0.0015791707159312726,interpolado
0.37562252450490097,0.0009119949672809983,interpolado
0.3757223444688937,0.00016718608262269476,interpolado
0.3758221644328865,-0.0006382152899484829,interpolado
0.37592198439687924,-0.00148716850233602,interpolado
0.376,-0.00217,original
0.37612162432486496,-0.003238638710331917,interpolado
0.37622144428885773,-0.004071038508042415,interpolado
0.3763212642528505,-0.00481312245870335,interpolado
0.3764210842168433,-0.0054182321706341225,interpolado
0.3765209041808361,-0.005839709252155594,interpolado
0.37662072414482894,-0.0060308953115875245,interpolado
0.3767205441088217,-0.005945131957250448,interpolado
0.37682036407281444,-0.005535760797464281,interpolado
0.3769201840368073,-0.004756123440549712,interpolado
0.377,-0.003835,original
0.37711982396479293,-0.0019468056098845968,interpolado
0.37721964392878565,-2.0910363081088484e-05,interpolado
0.37731946389277854,0.0021001816256907627,interpolado
0.37741928385677137,0.004298748230878523,interpolado
0.37751910382076415,0.0064570673269344426,interpolado
0.3776189237847569,0.008457416788306051,interpolado
0.3777187437487496,0.01018207448944452,interpolado
0.3778185637127426,0.011513318304800447,interpolado
0.3779183836767353,0.012333426108822241,interpolado
0.378,0.012542,original
0.37811802360472085,0.012036440834204552,interpolado
0.37821784356871374,0.010971624308191257,interpolado
0.3783176635327065,0.009456301999667363,interpolado
0.37841748349669935,0.007616303524848424,interpolado
0.37851730346069207,0.005577458499947525,interpolado
0.378617123424685,0.0034655965411773087,interpolado
0.37871694338867773,0.0014065472647539878,interpolado
0.37881676335267056,-0.0004738597131107537,interpolado
0.3789165833166634,-0.0020497947762009635,interpolado
0.379,-0.003042,original
0.379116223244649,-0.0038382464510187527,interpolado
0.3792160432086418,-0.004034923328140266,interpolado
0.37931586317263466,-0.0038624448297451775,interpolado
0.3794156831366274,-0.0033976469572606464,interpolado
0.3795155031006201,-0.0027173657121136105,interpolado
0.37961532306461293,-0.001898437095730524,interpolado
0.3797151430286058,-0.0010176971095392665,interpolado
0.3798149629925985,-0.00015198175496588723,interpolado
0.3799147829565913,0.0006218729665616832,interpolado
0.38,0.001152,original
0.380114422884577,0.0016113282935601397,interpolado
0.38021424284856964,0.0017858633231518596,interpolado
0.3803140628125625,0.0017721314908404637,interpolado
0.3804138827765553,0.0015915768611636971,interpolado
0.380513702740548,0.0012656434986593255,interpolado
0.38061352270454085,0.0008157754678647909,interpolado
0.38071334266853374,0.0002634168333183238,interpolado
0.3808131626325265,-0.0003699883404429408,interpolado
0.3809129825965193,-0.0010629959888805677,interpolado
0.381,-0.001699,original
0.3811126225245049,-0.002543717355907159,interpolado
0.3812124424884977,-0.00329643500162334,interpolado
0.3813122624524905,-0.00403787047421477,interpolado
0.3814120824164833,-0.0047535768028944755,interpolado
0.381511902380476,-0.005429107016876727,interpolado
0.38161172234446883,-0.006050014145375705,interpolado
0.3817115423084616,-0.006601851217604569,interpolado
0.38181136227245444,-0.0070701712627777675,interpolado
0.38191118223644727,-0.007440527310108632,interpolado
0.382,-0.007676,original
0.3821108221644329,-0.007835136893625524,interpolado
0.3822106421284256,-0.007857640536084056,interpolado
0.3823104620924186,-0.007775995960102126,interpolado
0.38241028205641137,-0.007600210352168668,interpolado
0.38251010202040414,-0.007340290898772521,interpolado
0.38260992198439703,-0.007006244786402331,interpolado
0.3827097419483898,-0.006608079201547323,interpolado
0.3828095619123827,-0.006155801330695918,interpolado
0.38290938187637547,-0.005659418360337472,interpolado
0.383,-0.005179,original
0.3831090218043611,-0.0045758370662319124,interpolado
0.38320884176835396,-0.004016052215355958,interpolado
0.3833086617323467,-0.003466366394100571,interpolado
0.3834084816963395,-0.0029435621876162457,interpolado
0.3835083016603323,-0.0024644221810543416,interpolado
0.38360812162432495,-0.0020457289595651163,interpolado
0.38370794158831784,-0.001704265108299817,interpolado
0.3838077615523106,-0.0014568132124089621,interpolado
0.38390758151630344,-0.0013201558570432818,interpolado
0.384,-0.001307,original
0.38410722144428894,-0.0014354383804392752,interpolado
0.38420704140828177,-0.0016641774962541614,interpolado
0.38430686137227443,-0.0019612212366801676,interpolado
0.38440668133626726,-0.0022905014544991127,interpolado
0.38450650130026004,-0.002615950002492251,interpolado
0.3846063212642528,-0.002901498733441534,interpolado
0.3847061412282456,-0.0031110795001282627,interpolado
0.3848059611922384,-0.003208624155334246,interpolado
0.3849057811562312,-0.003158064551841042,interpolado
0.385,-0.002942,original
0.38510542108421686,-0.002482984528020685,interpolado
0.38520524104820963,-0.0018649964200063364,interpolado
0.3853050610122025,-0.0011077932120261546,interpolado
0.38540488097619535,-0.00024979770428402916,interpolado
0.38550470094018807,0.0006705673030146824,interpolado
0.3856045209041809,0.0016148790096665666,interpolado
0.38570434086817373,0.002544714615466174,interpolado
0.38580416083216656,0.0034216513202096344,interpolado
0.3859039807961594,0.004207266323692964,interpolado
0.386,0.004841,original
0.38610362072414495,0.0053610644152807686,interpolado
0.3862034406881377,0.005709329958082522,interpolado
0.38630326065213044,0.005924351604936634,interpolado
0.3864030806161233,0.006022547002107855,interpolado
0.3865029005801161,0.006020333795860804,interpolado
0.3866027205441089,0.00593412963246022,interpolado
0.38670254050810166,0.005780352158170926,interpolado
0.3868023604720944,0.005575419019257623,interpolado
0.38690218043608726,0.005335747861984887,interpolado
0.387,0.005083,original
0.3871018203640727,0.0048172645798494045,interpolado
0.38720164032806553,0.004567842246756,interpolado
0.3873014602920583,0.004342529161436201,interpolado
0.3874012802560511,0.004154365156519638,interpolado
0.38750110022004397,0.00401639006463625,interpolado
0.3876009201840367,0.003941643718415627,interpolado
0.3877007401480295,0.003943165950487579,interpolado
0.3878005601120224,0.004033996593481773,interpolado
0.3879003800760151,0.004227175480028068,interpolado
0.388,0.004535,original
0.38810002000400073,0.004964340740627351,interpolado
0.3881998399679936,0.0054842286542477366,interpolado
0.3882996599319863,0.006058368246672359,interpolado
0.3883994798959792,0.006649721581023742,interpolado
0.388499299859972,0.007221250720423396,interpolado
0.3885991198239649,0.0077359177279941035,interpolado
0.3886989397879576,0.008156684666857473,interpolado
0.38879875975195044,0.008446513600135992,interpolado
0.38889857971594327,0.008568366590951872,interpolado
0.389,0.008482,original
0.38909821964392877,0.008175587680420194,interpolado
0.3891980396079216,0.007683521971001861,interpolado
0.38929785957191443,0.007070187183116151,interpolado
0.3893976795359072,0.006396761993158991,interpolado
0.38949749949990004,0.005724425077527699,interpolado
0.38959731946389276,0.005114355112618445,interpolado
0.38969713942788564,0.004627730774827551,interpolado
0.3897969593918785,0.0043257307405521195,interpolado
0.38989677935587125,0.004269533686188428,interpolado
0.39,0.004535,original
0.3900964192838568,0.005117075928780297,interpolado
0.39019623924784963,0.006000491768466521,interpolado
0.39029605921184235,0.007084033344012744,interpolado
0.39039587917583524,0.008281167218800267,interpolado
0.39049569913982796,0.009505359956207908,interpolado
0.3905955191038208,0.010670078119616514,interpolado
0.3906953390678137,0.011688788272406785,interpolado
0.39079515903180634,0.012474956977957743,interpolado
0.3908949789957993,0.012942050799650363,interpolado
0.391,0.012994,original
0.3910946189237848,0.012597155661756022,interpolado
0.3911944388877776,0.011774210324949066,interpolado
0.3912942588517703,0.010619180000828425,interpolado
0.3913940788157632,0.00921654843165045,interpolado
0.391493898779756,0.007650799359674269,interpolado
0.39159371874374876,0.0060064165271567,interpolado
0.39169353870774154,0.0043678836763543834,interpolado
0.3917933586717343,0.00281968454952671,interpolado
0.39189317863572726,0.0014463028889295988,interpolado
0.392,0.000266,original
0.39209281856371275,-0.00045507166676969814,interpolado
0.3921926385277056,-0.0009320629682544514,interpolado
0.3922924584916983,-0.0011411167638567233,interpolado
0.39239227845569113,-0.001124605645442038,interpolado
0.39249209841968385,-0.0009249022048756722,interpolado
0.3925919183836767,-0.0005843790340229131,interpolado
0.39269173834766946,-0.0001454087247487384,interpolado
0.3927915583116623,0.000349636131081108,interpolado
0.39289137827565507,0.0008583829416018837,interpolado
0.393,0.001378,original
0.39309101820364073,0.0017532716087105354,interpolado
0.3931908381676335,0.0020963819084198693,interpolado
0.3932906581316262,0.0023711539357024842,interpolado
0.3933904780956191,0.0025809568387684567,interpolado
0.39349029805961194,0.002729159765827317,interpolado
0.3935901180236047,0.0028191318650889665,interpolado
0.3936899379875976,0.0028542422847631726,interpolado
0.3937897579515903,0.0028378601730596623,interpolado
0.3938895779155832,0.0027733546781881883,interpolado
0.394,0.00265,original
0.3940892178435688,0.002514088235206461,interpolado
0.3941890378075616,0.0023308592821066052,interpolado
0.39428885777155437,0.002123138321747733,interpolado
0.3943886777355472,0.0018996566576322982,interpolado
0.3944884976995401,0.0016691455932632262,interpolado
0.39458831766353275,0.0014403364321430717,interpolado
0.3946881376275256,0.001221960477774391,interpolado
0.39478795759151836,0.0010227490336601054,interpolado
0.3948877775555112,0.000851433403302764,interpolado
0.395,0.000703,original
0.3950874174834968,0.0006262136191454756,interpolado
0.3951872374474895,0.0005803714716706396,interpolado
0.39528705741148235,0.0005772227743216511,interpolado
0.3953868773754751,0.000614768423289958,interpolado
0.39548669733946795,0.0006910093147670985,interpolado
0.3955865173034608,0.0008039463449444726,interpolado
0.39568633726745367,0.0009515804100136887,interpolado
0.3957861572314464,0.0011319124061660677,interpolado
0.39588597719543916,0.001342943229593167,interpolado
0.396,0.001619,original
0.3960856171234247,0.0018472101257142575,interpolado
0.39618543708741755,0.0021209856525231945,interpolado
0.39628525705141027,0.0023839926354913693,interpolado
0.39638507701540304,0.0026162147032972086,interpolado
0.3964848969793959,0.0027976354846190737,interpolado
0.3965847169433887,0.002908238608135028,interpolado
0.39668453690738154,0.002928007702523448,interpolado
0.39678435687137426,0.0028369263964625776,interpolado
0.3968841768353671,0.0026149783186307334,interpolado
0.397,0.002167,original
0.3970838167633527,0.0017038746838552508,interpolado
0.3971836367273454,0.001021174128629963,interpolado
0.39728345669133824,0.0002293095098604958,interpolado
0.397383276655331,-0.0006364171030746259,interpolado
0.3974830966193239,-0.0015407036407970418,interpolado
0.39758291658331674,-0.0024482480339268675,interpolado
0.39768273654730946,-0.0033237482130861976,interpolado
0.3977825565113023,-0.0041319021088951835,interpolado
0.3978823764752951,-0.004837407651975451,interpolado
0.398,-0.005489,original
0.3980820164032808,-0.005803804621861193,interpolado
0.3981818363672735,-0.0060344811184672,interpolado
0.39828165633126633,-0.0061107438765799936,interpolado
0.3983814762952591,-0.006046390940114411,interpolado
0.39848129625925194,-0.005855220352984968,interpolado
0.39858111622324466,-0.005551030159106539,interpolado
0.3986809361872376,-0.005147618402393466,interpolado
0.3987807561512303,-0.004658783126760857,interpolado
0.39888057611522315,-0.004098322376123173,interpolado
0.399,-0.003353,original
0.39908021604320876,-0.002818617774170015,interpolado
0.3991800360072015,-0.002135355758475592,interpolado
0.3992798559711943,-0.0014544518021789882,interpolado
0.39937967593518703,-0.000800122713653579,interpolado
0.3994794958991799,-0.00019658530127280197,interpolado
0.3995793158631727,0.0003319436265889089,interpolado
0.39967913582716547,0.0007612472615583575,interpolado
0.39977895579115824,0.0010671087952613045,interpolado
0.39987877575515096,0.0012253114193242634,interpolado
0.4,0.001184,original
0.4000784156831367,0.0010082100894207213,interpolado
0.4001782356471294,0.0006462169436719707,interpolado
0.4002780556111222,0.00017974726166639302,interpolado
0.40037787557511495,-0.00033698169781830344,interpolado
0.40047769553910784,-0.0008497526760045205,interpolado
0.40057751550310067,-0.001304348414113794,interpolado
0.40067733546709344,-0.0016465516533685429,interpolado
0.4007771554310863,-0.0018221451349909373,interpolado
0.40087697539507905,-0.0017769116002028867,interpolado
0.401,-0.001337,original
0.40107661532306454,-0.0008172573037878821,interpolado
0.4011764352870573,0.00010180840514878171,interpolado
0.40127625525105026,0.001220206288338985,interpolado
0.40137607521504304,0.002457296943836916,interpolado
0.40147589517903587,0.003732440969699321,interpolado
0.4015757151430287,0.004964998963980215,interpolado
0.40167553510702136,0.0060743315247357675,interpolado
0.40177535507101425,0.006979799250021885,interpolado
0.4018751750350071,0.0076007627378929885,interpolado
0.402,0.007854,original
0.4020748149629926,0.007677665689216237,interpolado
0.4021746349269854,0.007090723490024744,interpolado
0.4022744548909782,0.006172122301613318,interpolado
0.402374274854971,0.004998640849335876,interpolado
0.4024740948189638,0.0036470578585440635,interpolado
0.4025739147829567,0.002194152054592271,interpolado
0.40267373474694934,0.0007167021628326485,interpolado
0.4027735547109422,-0.0007085130913827097,interpolado
0.40287337467493495,-0.00200471498269933,interpolado
0.403,-0.003343,original
0.4030730146029205,-0.003910437906530018,interpolado
0.4031728345669134,-0.004450587391699769,interpolado
0.40327265453090616,-0.0047530116030102135,interpolado
0.403372474494899,-0.004855518727416636,interpolado
0.40347229445889177,-0.004795916951874796,interpolado
0.4035721144228846,-0.004612014463340383,interpolado
0.40367193438687743,-0.0043416194487690025,interpolado
0.4037717543508702,-0.004022540095116071,interpolado
0.4038715743148631,-0.003692584589337567,interpolado
0.404,-0.003313,original
0.40407121424284864,-0.0031481148991623423,interpolado
0.4041710342068414,-0.002971725948883968,interpolado
0.40427085417083425,-0.002846144016240839,interpolado
0.4043706741348269,-0.0027569138502324154,interpolado
0.4044704940988199,-0.0026895801998579106,interpolado
0.40457031406281274,-0.0026296878141167197,interpolado
0.4046701340268054,-0.0025627814420081277,interpolado
0.4047699539907982,-0.002474405832531405,interpolado
0.404869773954791,-0.0023501057346859726,interpolado
0.405,-0.00211,original
0.4050694138827766,-0.0019374334526500744,interpolado
0.4051692338467694,-0.0016391680843867611,interpolado
0.4052690538107622,-0.001293210246258657,interpolado
0.40536887377475495,-0.0009122683494769631,interpolado
0.4054686937387478,-0.0005090508052520847,interpolado
0.4055685137027405,-9.626602479528597e-05,interpolado
0.4056683336667333,0.0003133775806828398,interpolado
0.40576815363072616,0.000707171599971693,interpolado
0.4058679735947188,0.0010724076218600182,interpolado
0.406,0.00149,original
0.40606761352270454,0.0016672602249306512,interpolado
0.40616743348669726,0.0018831712088338754,interpolado
0.40626725345069015,0.0020484537157876475,interpolado
0.40636707341468287,0.002167547267056139,interpolado
0.4064668933786757,0.0022448913839038112,interpolado
0.4065667133426686,0.002284925587595031,interpolado
0.4066665333066613,0.0022920893993941096,interpolado
0.4067663532706541,0.0022708223405654153,interpolado
0.4068661732346469,0.002225563932373328,interpolado
0.407,0.002135,original
0.4070658131626326,0.0020814038111054587,interpolado
0.40716563312662524,0.001999364310426875,interpolado
0.4072654530906181,0.0019309840941364768,interpolado
0.40736527305461084,0.001892691067313191,interpolado
0.4074650930186036,0.0019009131350358212,interpolado
0.40756491298259645,0.001972078202383273,interpolado
0.40766473294658917,0.00212261417443432,interpolado
0.4077645529105821,0.002368948956267995,interpolado
0.4078643728745747,0.0027275104529628762,interpolado
0.408,0.003424,original
0.40806401280256027,0.0038440268289705384,interpolado
0.4081638327665532,0.004590566610938758,interpolado
0.408263652730546,0.005403082041416327,interpolado
0.4083634726945388,0.006229784443494336,interpolado
0.4084632926585316,0.007018885140265227,interpolado
0.4085631126225244,0.007718595454821364,interpolado
0.40866293258651726,0.008277126710253959,interpolado
0.4087627525505101,0.008642690229655577,interpolado
0.4088625725145028,0.008763497336117794,interpolado
0.409,0.008434,original
0.40906221244248847,0.008068846049795316,interpolado
0.40916203240648125,0.007230630020736064,interpolado
0.4092618523704741,0.00614803014601484,interpolado
0.40936167233446685,0.004897104798329772,interpolado
0.4094614922984596,0.0035539123503772136,interpolado
0.40956131226245235,0.0021945111748533134,interpolado
0.4096611322264452,0.0008949596444565082,interpolado
0.40976095219043807,-0.0002686838681176632,interpolado
0.4098607721544308,-0.0012203609901709784,interpolado
0.41,-0.00205,original
0.4100604120824164,-0.0021887244808628213,interpolado
0.41016023204640917,-0.002138950592415765,interpolado
0.41026005201040205,-0.0017963795185217126,interpolado
0.4103598719743947,-0.0012241263511965587,interpolado
0.41045969193838755,-0.0004853061824556762,interpolado
0.41055951190238044,0.000356965895685928,interpolado
0.4106593318663732,0.0012395747912118062,interpolado
0.4107591518303661,0.0020994054121073733,interpolado
0.4108589717943588,0.002873342666356158,interpolado
0.411,0.003698,original
0.4110586117223445,0.003914252191204055,interpolado
0.4111584316863372,0.004111359931347202,interpolado
0.41125825165033014,0.0041194912483796964,interpolado
0.41135807161432286,0.003969646300901212,interpolado
0.4114578915783157,0.003692825247511477,interpolado
0.41155771154230847,0.003320028246809934,interpolado
0.41165753150630124,0.0028822554573966837,interpolado
0.4117573514702941,0.0024105070378712136,interpolado
0.41185717143428685,0.0019357831468329388,interpolado
0.412,0.001313,original
0.41205681136227257,0.0011002815520280791,interpolado
0.4121566313262652,0.0007801199889148115,interpolado
0.41225645129025806,0.0005233758629263428,interpolado
0.41235627125425084,0.0003243363631157426,interpolado
0.41245609121824367,0.00017728867853639428,interpolado
0.41255591118223645,7.651999824129287e-05,interpolado
0.4126557311462292,1.631751128371285e-05,interpolado
0.4127555511102219,-9.031593283249014e-06,interpolado
0.4128553710742148,-5.2401264064184515e-06,interpolado
0.413,4.03e-05,original
0.41305501100220043,6.69310710306841e-05,interpolado
0.4131548309661932,0.00012424630728586744,interpolado
0.413254650930186,0.00018884021628591682,interpolado
0.41335447089417876,0.00025563782067463553,interpolado
0.4134542908581716,0.0003195641430957138,interpolado
0.4135541108221644,0.0003755442061929832,interpolado
0.4136539307861573,0.00041850303261014573,interpolado
0.4137537507501499,0.0004433656449910017,interpolado
0.4138535707141428,0.0004450570659793118,interpolado
0.414,0.000395,original
0.4140532106421284,0.0003588953913869517,interpolado
0.4141530306061212,0.000266752321774997,interpolado
0.4142528505701139,0.0001474712249867097,interpolado
0.4143526705341068,6.630984772870345e-06,interpolado
0.41445249049809957,-0.0001501895151155,interpolado
0.41455231046209245,-0.00031741139092770517,interpolado
0.4146521304260852,-0.0004894557589126942,interpolado
0.4147519503900779,-0.0006607437353196944,interpolado
0.41485177035407084,-0.0008256964363979319,interpolado
0.415,-0.001047,original
0.41505141028205633,-0.0011145003497807955,interpolado
0.41515123024604916,-0.0012323508061188016,interpolado
0.41525105021004205,-0.001336180478924092,interpolado
0.41535087017403477,-0.0014300670762090717,interpolado
0.4154506901380276,-0.0015180883059859969,interpolado
0.4155505101020204,-0.001604321876267325,interpolado
0.4156503300660131,-0.0016928454950653196,interpolado
0.4157501500300059,-0.0017877368703923854,interpolado
0.4158499699939987,-0.0018930737102609404,interpolado
0.41594978995799153,-0.002012933722683227,interpolado
0.416,-0.00208,original
0.41614942988597714,-0.0023035429387198458,interpolado
0.41624924984996986,-0.0024587037579535884,interpolado
0.4163490698139628,-0.002604545005391827,interpolado
0.4164488897779555,-0.002729063622896673,interpolado
0.4165487097419484,-0.0028202565523305335,interpolado
0.41664852970594124,-0.0028661207355555806,interpolado
0.416748349669934,-0.0028546531144341587,interpolado
0.4168481696339267,-0.0027738506308284806,interpolado
0.41694798959791957,-0.0026117102266009144,interpolado
0.417,-0.002491,original
0.4171476295259051,-0.0020231430627321084,interpolado
0.41724744948989795,-0.0016478602746145415,interpolado
0.4173472694538908,-0.0012707694912746426,interpolado
0.4174470894178835,-0.0009313175630774486,interpolado
0.4175469093818763,-0.0006689513403873449,interpolado
0.41764672934586905,-0.0005231176735688893,interpolado
0.4177465493098619,-0.0005332634129868597,interpolado
0.4178463692738547,-0.0007388354090059133,interpolado
0.41794618923784743,-0.0011792805119904392,interpolado
0.418,-0.001528,original
0.4181458291658331,-0.0028507338298966326,interpolado
0.41824564912982587,-0.003960922670804157,interpolado
0.4183454690938187,-0.005123554814915357,interpolado
0.41844528905781153,-0.006239829241742364,interpolado
0.4185451090218043,-0.007210944930799282,interpolado
0.4186449289857972,-0.007938100861599897,interpolado
0.41874474894979,-0.008322496013656828,interpolado
0.4188445689137828,-0.008265329366483843,interpolado
0.41894438887777563,-0.007667799899594435,interpolado
0.419,-0.007064,original
0.4191440288057612,-0.004586026403055935,interpolado
0.41924384876975385,-0.002273871135405253,interpolado
0.4193436687337468,0.0003415996948847895,interpolado
0.4194434886977395,0.0031003738038078337,interpolado
0.41954330866173234,0.005842438907361864,interpolado
0.4196431286257251,0.008407782721544837,interpolado
0.4197429485897177,0.010636392962350432,interpolado
0.41984276855371067,0.012368257345777551,interpolado
0.4199425885177034,0.01344336358782081,interpolado
0.42,0.013702,original
0.420142228445689,0.01313324668519894,interpolado
0.42024204840968177,0.011867312313813595,interpolado
0.4203418683736747,0.010058973477661423,interpolado
0.4204416883376675,0.007859331118776318,interpolado
0.4205415083016603,0.005419486179189249,interpolado
0.42064132826565304,0.0028905396009306426,interpolado
0.4207411482296459,0.0004235923260351986,interpolado
0.4208409681936387,-0.0018302547034677993,interpolado
0.42094078815763153,-0.0037199005455439632,interpolado
0.421,-0.004607,original
0.4211404280856173,-0.0059141365434826655,interpolado
0.4212402480496099,-0.006253215161432127,interpolado
0.4213400680136028,-0.006204338902101649,interpolado
0.4214398879775956,-0.005857659437163228,interpolado
0.4215397079415883,-0.005303328438288852,interpolado
0.4216395279055811,-0.00463149757715004,interpolado
0.42173934786957384,-0.003932318525419486,interpolado
0.4218391678335668,-0.0032959429547684345,interpolado
0.4219389877975595,-0.0028125225368695384,interpolado
0.422,-0.002631,original
0.422138627725545,-0.002601267103171267,interpolado
0.4222384476895378,-0.002856391818743281,interpolado
0.4223382676535306,-0.003283225181186301,interpolado
0.42243808761752344,-0.0038288108562222816,interpolado
0.42253790758151627,-0.004440192509573874,interpolado
0.42263772754550916,-0.005064413806963871,interpolado
0.42273754750950193,-0.005648518414114011,interpolado
0.42283736747349476,-0.006139549996747334,interpolado
0.4229371874374875,-0.006484552220585724,interpolado
0.423,-0.006603,original
0.42313682736547326,-0.006562580613834341,interpolado
0.423236647329466,-0.006310088990413,interpolado
0.42333646729345864,-0.005909267684029218,interpolado
0.4234362872574516,-0.005395539888265018,interpolado
0.4235361072214443,-0.004804328796703309,interpolado
0.4236359271854372,-0.004171057602925805,interpolado
0.42373574714942985,-0.003531149500515554,interpolado
0.42383556711342263,-0.0029200276830545356,interpolado
0.4239353870774155,-0.0023731153441248,interpolado
0.424,-0.00207,original
0.42413502700540107,-0.001593576238111128,interpolado
0.4242348469693938,-0.0013664536544901972,interpolado
0.4243346669333867,-0.001230968567331398,interpolado
0.42443448689737945,-0.0011739767822758417,interpolado
0.4245343068613722,-0.0011823341049647094,interpolado
0.424634126825365,-0.0012428963410391176,interpolado
0.4247339467893577,-0.0013425192961401173,interpolado
0.42483376675335055,-0.0014680587759088527,interpolado
0.4249335867173434,-0.0016063705859865247,interpolado
0.425,-0.001699,original
0.425133226645329,-0.0018641185586348477,interpolado
0.4252330466093219,-0.001941791748796279,interpolado
0.42533286657331465,-0.0019524642871230366,interpolado
0.4254326865373075,-0.0018713431327760871,interpolado
0.42553250650130026,-0.001673635244916552,interpolado
0.42563232646529303,-0.0013345475827052247,interpolado
0.4257321464292858,-0.0008292871053035126,interpolado
0.42583196639327864,-0.0001330607718723121,interpolado
0.4259317863572715,0.0007789244584279053,interpolado
0.426,0.001539,original
0.4261314262852572,0.0033091482359316644,interpolado
0.42623124624924985,0.004838408756321656,interpolado
0.4263310662132426,0.006437811334360502,interpolado
0.4264308861772354,0.008026483169810942,interpolado
0.42653070614122807,0.009523551462433041,interpolado
0.42663052610522106,0.010848143411990243,interpolado
0.4267303460692138,0.011919386218242902,interpolado
0.42683016603320645,0.012656407080953688,interpolado
0.42692998599719933,0.01297833319988452,interpolado
0.427,0.012913,original
0.42712962592518494,0.012119111498043643,interpolado
0.4272294458891777,0.01100918329562525,interpolado
0.42732926585317055,0.00957444579716119,interpolado
0.4274290858171633,0.007914038885668447,interpolado
0.4275289057811562,0.006127102444166853,interpolado
0.42762872574514893,0.004312776355672495,interpolado
0.42772854570914176,0.002570200503205381,interpolado
0.42782836567313454,0.0009985147697824494,interpolado
0.4279281856371274,-0.00030314096157898097,interpolado
0.428,-0.001017,original
0.42812782556511303,-0.001756594853118217,interpolado
0.42822764552910575,-0.001917312149466183,interpolado
0.4283274654930986,-0.0017815057026615824,interpolado
0.4284272854570914,-0.0014123052515664313,interpolado
0.42852710542108424,-0.0008728405350434441,interpolado
0.42862692538507696,-0.00022624129195437218,interpolado
0.4287267453490698,0.0004643627388377634,interpolado
0.4288265653130625,0.0011358418184710228,interpolado
0.42892638527705534,0.0017250662080834228,interpolado
0.429,0.00207,original
0.429126025205041,0.0024356755362468794,interpolado
0.4292258451690337,0.0025488778065763857,interpolado
0.4293256651330266,0.0025394141854174408,interpolado
0.42942548509701933,0.0024379031794675558,interpolado
0.42952530506101216,0.0022749632954243426,interpolado
0.42962512502500494,0.002081213039985254,interpolado
0.4297249449889977,0.0018872709198476734,interpolado
0.42982476495299055,0.0017237554417093152,interpolado
0.4299245849169833,0.0016212851122675213,interpolado
0.43,0.001603,original
0.430124224844969,0.0017047466619974933,interpolado
0.4302240448089618,0.0018853836225403398,interpolado
0.4303238647729546,0.0021293112686538,interpolado
0.43042368473694753,0.002413582020903458,interpolado
0.43052350470094025,0.0027152482998543228,interpolado
0.43062332466493286,0.003011362526071881,interpolado
0.43072314462892586,0.0032789771201216095,interpolado
0.4308229645929185,0.0034951445025685366,interpolado
0.43092278455691146,0.003636917093978215,interpolado
0.431,0.003681,original
0.4311224244848969,0.003616810363537874,interpolado
0.4312222444488898,0.0034541296561267807,interpolado
0.43132206441288257,0.0032072546374719807,interpolado
0.4314218843768754,0.002890063477885232,interpolado
0.4315217043408681,0.0025164343476789066,interpolado
0.43162152430486084,0.0021002454171648644,interpolado
0.43172134426885367,0.0016553748566548662,interpolado
0.4318211642328465,0.0011957008364614273,interpolado
0.43192098419683933,0.0007351015268960685,interpolado
0.432,0.000379,original
0.43212062412482494,-0.00013555153118683568,interpolado
0.43222044408881777,-0.000526841170023968,interpolado
0.43232026405281054,-0.0008799975249335533,interpolado
0.4324200840168033,-0.001188593060691613,interpolado
0.43251990398079615,-0.0014462002420734391,interpolado
0.4326197239447888,-0.0016463915338548513,interpolado
0.4327195439087818,-0.0017827394008115452,interpolado
0.4328193638727746,-0.001848816307719002,interpolado
0.43291918383676725,-0.0018381947193529243,interpolado
0.433,-0.001769,original
0.4331188237647528,-0.0015678111492668854,interpolado
0.43321864372874574,-0.001323389287189719,interpolado
0.4333184636927385,-0.001028490009277463,interpolado
0.43341828365673135,-0.0007003945442098703,interpolado
0.433518103620724,-0.0003563841206673729,interpolado
0.4336179235847168,-1.3739967329855863e-05,interpolado
0.4337177435487097,0.0003102566871227932,interpolado
0.4338175635127024,0.000598324614010147,interpolado
0.43391738347669534,0.0008331825846524452,interpolado
0.434,0.000975,original
0.43411702340468084,0.001082738385896232,interpolado
0.4342168433686737,0.0011003669407799199,interpolado
0.4343166633326666,0.0010651857673237121,interpolado
0.4344164832966593,0.0009919182919860346,interpolado
0.43451630326065216,0.0008952879412254222,interpolado
0.4346161232246449,0.0007900181415002904,interpolado
0.43471594318863777,0.0006908323192690361,interpolado
0.43481576315263065,0.0006124539009902225,interpolado
0.43491558311662337,0.0005696063131222391,interpolado
0.435,0.000572,original
0.43511522304460903,0.0006408059807168586,interpolado
0.4352150430086019,0.000745633263916251,interpolado
0.43531486297259464,0.0008726821309502468,interpolado
0.43541468293658747,0.0010031604052516965,interpolado
0.4355145029005802,0.0011182759102534578,interpolado
0.435614322864573,0.0011992364693881965,interpolado
0.4357141428285659,0.0012272499060887823,interpolado
0.43581396279255863,0.0011835240437879755,interpolado
0.43591378275655135,0.0010492667059186114,interpolado
0.436,0.000846,original
0.43611342268453696,0.0004449702052090396,interpolado
0.4362132426485298,-1.1640522397774795e-05,interpolado
0.4363130626125225,-0.0005380081781522317,interpolado
0.43641288257651534,-0.001108013415553249,interpolado
0.4365127025405081,-0.001695536888099843,interpolado
0.4366125225045009,-0.0022744592492900373,interpolado
0.4367123424684938,-0.002818661152623134,interpolado
0.4368121624324865,-0.0033020232515972043,interpolado
0.4369119823964793,-0.0036984261997112513,interpolado
0.437,-0.003955,original
0.43711162232446477,-0.004135380481798917,interpolado
0.4372114422884577,-0.004169280848252651,interpolado
0.43731126225245043,-0.0040981212009595465,interpolado
0.4374110822164433,-0.00393655975731249,interpolado
0.4375109021804361,-0.0036992547347041607,interpolado
0.43761072214442887,-0.0034008643505276624,interpolado
0.43771054210842175,-0.003056046822175516,interpolado
0.4378103620724146,-0.0026794603670409396,interpolado
0.4379101820364073,-0.002285763202516587,interpolado
0.438,-0.001929,original
0.438109821964393,-0.0015017998516792769,interpolado
0.4382096419283858,-0.0011216711049548804,interpolado
0.4383094618923786,-0.0007464476684795313,interpolado
0.4384092818563714,-0.00037335282823704755,interpolado
0.4385091018203642,3.901297887477708e-07,interpolado
0.4386089217843569,0.00037755791961340945,interpolado
0.43870874174834973,0.0007609272552533283,interpolado
0.4388085617123426,0.0011532748507240486,interpolado
0.4389083816763354,0.0015573774200417505,interpolado
0.439,0.001941,original
0.4391080216043209,0.0024071504498848866,interpolado
0.4392078415683136,0.0028337638378462824,interpolado
0.4393076615323065,0.0032358825839542225,interpolado
0.4394074814962992,0.0035935395336876086,interpolado
0.43950730146029193,0.003886767532525249,interpolado
0.43960712142428476,0.004095599425945473,interpolado
0.43970694138827754,0.004200068059427152,interpolado
0.4398067613522703,0.004180206278448829,interpolado
0.43990658131626315,0.004016046928489255,interpolado
0.44,0.003714,original
0.44010622124424886,0.0031859692699373367,interpolado
0.4402060412082416,0.0025384116734401023,interpolado
0.4403058611722345,0.0017797695320392437,interpolado
0.4404056811362273,0.0009448599042623723,interpolado
0.4405055011002201,6.849984863534962e-05,interpolado
0.44060532106421285,-0.0008144935763140827,interpolado
0.44070514102820557,-0.001669303312059654,interpolado
0.44080496099219846,-0.0024611123000750283,interpolado
0.4409047809561913,-0.003155103481832563,interpolado
0.441,-0.003694,original
0.44110442088417684,-0.004119602134555495,interpolado
0.4412042408481696,-0.004371125528775724,interpolado
0.44130406081216245,-0.0044846328021109815,interpolado
0.44140388077615517,-0.0044737259849866,interpolado
0.441503700740148,-0.0043520071078280405,interpolado
0.44160352070414083,-0.004133078201060901,interpolado
0.44170334066813366,-0.0038305412951105955,interpolado
0.4418031606321264,-0.003457998420402359,interpolado
0.44190298059611915,-0.0030290516073620648,interpolado
0.442,-0.002571,original
0.4421026205241047,-0.0020567874625728277,interpolado
0.44220244048809754,-0.0015431333077348499,interpolado
0.4423022604520905,-0.001032334475374259,interpolado
0.44240208041608314,-0.0005403850101610879,interpolado
0.44250190038007603,-8.32789567642704e-05,interpolado
0.4426017203440689,0.00032298964014621987,interpolado
0.44270154030806164,0.0006624267359011868,interpolado
0.4428013602720545,0.0009190382858312876,interpolado
0.44290118023604724,0.00107683024526677,interpolado
0.443,0.00112,original
0.44310082016403285,0.0010384886992983893,interpolado
0.4432006401280257,0.0008486529153447424,interpolado
0.44330046009201846,0.0005722131768937747,interpolado
0.44340028005601123,0.00023108143680663858,interpolado
0.443500100020004,-0.00015283035205618245,interpolado
0.4435999199839968,-0.0005576102368334171,interpolado
0.4436997399479896,-0.000961346264664433,interpolado
0.44379955991198244,-0.0013421264826885965,interpolado
0.4438993798759753,-0.0016780389380446387,interpolado
0.444,-0.001949,original
0.4440990198039609,-0.00213288348661772,interpolado
0.4441988397679535,-0.0022401292675992726,interpolado
0.4442986597319464,-0.0022793943535824226,interpolado
0.44439847969593915,-0.0022611640801140373,interpolado
0.444498299659932,-0.0021959237827410176,interpolado
0.44459811962392476,-0.0020941587970103493,interpolado
0.44469793958791753,-0.0019663544584689156,interpolado
0.4447977595519104,-0.0018229961026635436,interpolado
0.44489757951590314,-0.0016745690651413041,interpolado
0.445,-0.001528,original
0.4450972194438888,-0.0014015490523772989,interpolado
0.4451970394078815,-0.0012795755684951633,interpolado
0.44529685937187435,-0.001157281622976324,interpolado
0.44539667933586713,-0.0010263105534677702,interpolado
0.44549649929986007,-0.0008783056976162041,interpolado
0.44559631926385285,-0.0007049103930686436,interpolado
0.4456961392278456,-0.0004977679774718694,interpolado
0.4457959591918384,-0.0002485217884725878,interpolado
0.4458957791558312,5.1184836282070953e-05,interpolado
0.446,0.000427,original
0.44609541908381684,0.0008318774345481664,interpolado
0.44619523904780967,0.0013064067624474793,interpolado
0.4462950590118025,0.0018174153072809543,interpolado
0.4463948789757953,0.002349021487293722,interpolado
0.446494698939788,0.002885343720731762,interpolado
0.4465945189037809,0.003410500425841066,interpolado
0.4466943388677736,0.0039086100208667466,interpolado
0.44679415883176643,0.004363790924055044,interpolado
0.44689397879575926,0.00476016155365115,interpolado
0.447,0.005099,original
0.4470936187237449,0.00531457690773607,interpolado
0.4471934386877376,0.005451985971629227,interpolado
0.4472932586517304,0.0054900495393285014,interpolado
0.4473930786157231,0.005424750104677484,interpolado
0.4474928985797159,0.00525207016151986,interpolado
0.44759271854370875,0.004967992203699076,interpolado
0.44769253850770147,0.00456849872505908,interpolado
0.4477923584716943,0.00404957221944306,interpolado
0.44789217843568707,0.0034071951806952257,interpolado
0.448,0.00257,original
0.44809181836367273,0.001741900471999453,interpolado
0.4481916383276655,0.0007526556730788434,interpolado
0.44829145829165834,-0.00028906736653260836,interpolado
0.44839127825565117,-0.0013419478270855498,interpolado
0.4484910982196439,-0.0023646648888323695,interpolado
0.4485909181836368,-0.003315897732025393,interpolado
0.44869073814762966,-0.00415432553691537,interpolado
0.4487905581116224,-0.004838627483755002,interpolado
0.4488903780756152,-0.005327482752795335,interpolado
0.449,-0.00559,original
0.4490900180036009,-0.005564394434645749,interpolado
0.44918983796759354,-0.005309683935951397,interpolado
0.4492896579315863,-0.004862660934771083,interpolado
0.44938947789557904,-0.004270561312830936,interpolado
0.44948929785957187,-0.0035806209518563633,interpolado
0.4495891178235647,-0.002840075733572563,interpolado
0.44968893778755736,-0.002096161539705985,interpolado
0.4497887577515502,-0.0013961142519814725,interpolado
0.44988857771554297,-0.0007871697521254354,interpolado
0.45,-0.000273,original
0.45008821764352863,-2.281805583012424e-05,interpolado
0.4501880376075214,0.00010508279281121309,interpolado
0.45028785757151424,9.56331433162795e-05,interpolado
0.45038767753550707,-2.2652659976166585e-05,interpolado
0.4504874974994998,-0.0002212602727273592,interpolado
0.45058731746349273,-0.0004716753505987099,interpolado
0.4506871374274855,-0.0007453835492511921,interpolado
0.4507869573914784,-0.0010138705243463398,interpolado
0.45088677735547117,-0.001248621931545106,interpolado
0.451,-0.001438,original
0.4510864172834568,-0.001506990602897971,interpolado
0.4511862372474495,-0.0015066565288591896,interpolado
0.4512860572114423,-0.0014297810591754141,interpolado
0.4513858771754352,-0.0012860394555805057,interpolado
0.4514856971394278,-0.0010851069798082148,interpolado
0.4515855171034207,-0.0008366588935921649,interpolado
0.45168533706741354,-0.0005503704586664082,interpolado
0.4517851570314063,-0.0002359169367645912,interpolado
0.4518849769953991,9.70264103797013e-05,interpolado
0.452,0.000491,original
0.4520846169233847,0.0007798555794164087,interpolado
0.4521844368873774,0.0011118451212714761,interpolado
0.4522842568513703,0.001426791010540885,interpolado
0.452384076815363,0.001716732320615167,interpolado
0.45248389677935585,0.0019737081248843782,interpolado
0.4525837167433487,0.0021897574967391746,interpolado
0.45268353670734146,0.0023569195095696927,interpolado
0.4527833566713344,0.002467233236766446,interpolado
0.45288317663532707,0.0025127377517198185,interpolado
0.453,0.002473,original
0.4530828165633128,0.002379922032178274,interpolado
0.4531826365273055,0.002207027321064473,interpolado
0.4532824564912982,0.0019845106630553017,interpolado
0.4533822764552911,0.0017301159014440084,interpolado
0.4534820964192839,0.0014615868795242789,interpolado
0.4535819163832767,0.0011966674405892324,interpolado
0.45368173634726955,0.000953101427932568,interpolado
0.45378155631126227,0.0007486326848475304,interpolado
0.4538813762752551,0.000601005054627454,interpolado
0.454,0.000524,original
0.4540810162032408,0.0005441469229960278,interpolado
0.45418083616723354,0.000642114857417342,interpolado
0.45428065613122626,0.0008048414358060709,interpolado
0.4543804760952191,0.0010152631306664447,interpolado
0.45448029605921186,0.0012563164145023265,interpolado
0.4545801160232047,0.001510937759818067,interpolado
0.45467993598719747,0.00176206363911748,interpolado
0.45477975595119025,0.001992630524904808,interpolado
0.454879575915183,0.0021855748896842486,interpolado
0.455,0.002344,original
0.4550792158431687,0.0023910633983255727,interpolado
0.4551790358071614,0.002376366548151077,interpolado
0.4552788557711542,0.0022713275682635726,interpolado
0.4553786757351471,0.0020675440665167432,interpolado
0.45547849569913984,0.0017566136507646416,interpolado
0.45557831566313267,0.0013301339288607425,interpolado
0.45567813562712545,0.0007797025086593437,interpolado
0.4557779555911182,9.691699801407032e-05,interpolado
0.45587777555511105,-0.0007266249952217457,interpolado
0.456,-0.001939,original
0.4560774154830966,-0.002822717035429928,interpolado
0.4561772354470893,-0.004043364703886767,interpolado
0.4562770554110821,-0.005281461149758908,interpolado
0.456376875375075,-0.006457032106495714,interpolado
0.45647669533906776,-0.007490103307544587,interpolado
0.45657651530306065,-0.008300700486355325,interpolado
0.4566763352670533,-0.008808849376375726,interpolado
0.45677615523104614,-0.008934575711055062,interpolado
0.456875975195039,-0.008597905223841743,interpolado
0.457,-0.007415,original
0.4570756151230245,-0.006234179541974465,interpolado
0.45717543508701736,-0.004222369681611597,interpolado
0.45727525505101013,-0.001833463148333555,interpolado
0.4573750750150029,0.0007819631153179356,interpolado
0.4574748949789958,0.0034733321667966962,interpolado
0.4575747149429886,0.006090067063560913,interpolado
0.4576745349069814,0.008481590863068607,interpolado
0.4577743548709742,0.010497326622773851,interpolado
0.4578741748349669,0.011986697400135485,interpolado
0.458,0.012881,original
0.4580738147629525,0.012803539031153275,interpolado
0.45817363472694533,0.012044700255917288,interpolado
0.4582734546909381,0.010660561581747111,interpolado
0.45837327465493105,0.008789927464643943,interpolado
0.4584730946189238,0.006571602360612472,interpolado
0.45857291458291655,0.004144390725654336,interpolado
0.4586727345469095,0.0016470970157707113,interpolado
0.4587725545109022,-0.0007814743130330114,interpolado
0.4588723744748951,-0.0030025188047568072,interpolado
0.459,-0.005319,original
0.45907201440288065,-0.006279540438126524,interpolado
0.4591718343668735,-0.007205402047890872,interpolado
0.4592716543308662,-0.00771870599331087,interpolado
0.459371474294859,-0.007884074257705952,interpolado
0.45947129425885186,-0.007766128824394755,interpolado
0.45957111422284463,-0.007429491676696243,interpolado
0.45967093418683747,-0.006938784797928905,interpolado
0.45977075415083024,-0.006358630171412097,interpolado
0.459870574114823,-0.005753649780464043,interpolado
0.46,-0.005038,original
0.4600702140428085,-0.00472333354307155,interpolado
0.4601700340068014,-0.004373968576571971,interpolado
0.4602698539707942,-0.0041300495064701915,interpolado
0.46036967393478695,-0.003980927822024847,interpolado
0.4604694938987798,-0.00391595501249502,interpolado
0.46056931386277256,-0.0039244825671395245,interpolado
0.4606691338267654,-0.003995861975217336,interpolado
0.4607689537907582,-0.0041194447259872945,interpolado
0.46086877375475105,-0.004284582308708444,interpolado
0.461,-0.004547,original
0.4610684136827365,-0.004696268671079852,interpolado
0.4611682336467294,-0.0049130358343756775,interpolado
0.4612680536107222,-0.005108056457653691,interpolado
0.461367873574715,-0.005258395517481901,interpolado
0.4614676935387078,-0.00534111799042795,interpolado
0.46156751350270053,-0.0053332888530597524,interpolado
0.46166733346669336,-0.005211973081945029,interpolado
0.4617671534306861,-0.004954235653651718,interpolado
0.4618669733946789,-0.0045371415447473295,interpolado
0.462,-0.003694,original
0.4620666133226644,-0.0031372250786914765,interpolado
0.4621664332866573,-0.0021640335403315084,interpolado
0.4622662532506501,-0.001077150683918616,interpolado
0.4623660732146429,6.394827036665202e-05,interpolado
0.46246589317863573,0.001199788102341311,interpolado
0.46256571314262857,0.0022708935918242957,interpolado
0.4626655331066214,0.0032177895186344015,interpolado
0.4627653530706143,0.00398100066258886,interpolado
0.46286517303460684,0.004501051803506545,interpolado
0.463,0.004712,original
0.4630648129625925,0.0045796848332921225,interpolado
0.4631646329265854,0.004104381519424678,interpolado
0.4632644528905782,0.0033617273800622335,interpolado
0.46336427285457094,0.002421823524398223,interpolado
0.4634640928185637,0.001354771061625653,interpolado
0.4635639127825566,0.00023067110093935846,interpolado
0.46366373274654943,-0.0008803752484682094,interpolado
0.46376355271054215,-0.0019082668774021668,interpolado
0.4638633726745349,-0.0027829026766695232,interpolado
0.464,-0.003604,original
0.4640630126025205,-0.00379731728120661,interpolado
0.46416283256651336,-0.003877978767402578,interpolado
0.4642626525305061,-0.0037317762944270665,interpolado
0.4643624724944989,-0.003415379462334202,interpolado
0.46446229245849174,-0.002985457871177732,interpolado
0.4645621124224845,-0.002498681121012166,interpolado
0.4646619323864773,-0.0020117188118910405,interpolado
0.46476175235047007,-0.001581240543868928,interpolado
0.46486157231446285,-0.0012639159169995616,interpolado
0.465,-0.001117,original
0.4650612122424484,-0.00119036863118252,interpolado
0.4651610322064413,-0.0014658479217848738,interpolado
0.46526085217043406,-0.0018697195383209034,interpolado
0.4653606721344269,-0.0023275867230782166,interpolado
0.4654604920984197,-0.002765052718344543,interpolado
0.4655603120624125,-0.0031077207664068672,interpolado
0.4656601320264053,-0.0032811941095529868,interpolado
0.4657599519903981,-0.0032110759900701776,interpolado
0.4658597719543908,-0.002822969650246096,interpolado
0.466,-0.001598,original
0.46605941188237654,-0.0008023572898012793,interpolado
0.4661592318463693,0.0008555576526643372,interpolado
0.46625905181036204,0.0028043912435167483,interpolado
0.46635887177435487,0.004915018073636404,interpolado
0.4664586917383477,0.0070583127339040996,interpolado
0.4665585117023404,0.009105149815197026,interpolado
0.46665833166633325,0.010926403908396928,interpolado
0.4667581516303259,0.012392949604381354,interpolado
0.4668579715943188,0.013375661494031013,interpolado
0.467,0.013686,original
0.46705761152230435,0.013381475166440053,interpolado
0.4671574314862972,0.012300802346389672,interpolado
0.46725725145028996,0.010632902624364875,interpolado
0.46735707141428273,0.008510583452591524,interpolado
0.4674568913782756,0.006066652283294479,interpolado
0.46755671134226834,0.003433916568702805,interpolado
0.4676565313062612,0.0007451837610400236,interpolado
0.467756351270254,-0.0018667386874645397,interpolado
0.4678561712342467,-0.004269043324586087,interpolado
0.468,-0.007094,original
0.4680558111622323,-0.007918785279478929,interpolado
0.4681556311262252,-0.009003274492837065,interpolado
0.46825545109021804,-0.009626074394860042,interpolado
0.4683552710542108,-0.009833426371584398,interpolado
0.46845509101820354,-0.00967157180904575,interpolado
0.46855491098219637,-0.009186752093280102,interpolado
0.4686547309461892,-0.008425208610323255,interpolado
0.4687545509101821,-0.007433182746210408,interpolado
0.46885437087417486,-0.006256915886978479,interpolado
0.469,-0.004306,original
0.4690540108021604,-0.0035365020191283703,interpolado
0.4691538307661532,-0.002082248145767023,interpolado
0.469253650730146,-0.0006215563835529609,interpolado
0.46935347069413874,0.0008039795492265774,interpolado
0.4694532906581316,0.002152765934287531,interpolado
0.4695531106221244,0.0033832090533427806,interpolado
0.4696529305861172,0.004453715188107504,interpolado
0.46975275055011,0.005322690620296526,interpolado
0.4698525705141028,0.005948541631623261,interpolado
0.47,0.00634,original
0.47005221044208834,0.006307115238734103,interpolado
0.4701520304060811,0.006016091575638861,interpolado
0.470251850370074,0.005482869919557975,interpolado
0.4703516703340668,0.004775703064322771,interpolado
0.47045149029805955,0.003962843803763256,interpolado
0.4705513102620523,0.003112544931711064,interpolado
0.4706511302260451,0.002293059241996476,interpolado
0.470750950190038,0.0015726395284498366,interpolado
0.4708507701540307,0.0010195385849026833,interpolado
0.471,0.000653,original
0.47105041008201637,0.0006854475619031519,interpolado
0.47115023004600914,0.0009710677733438608,interpolado
0.471250050010002,0.0014967352865575623,interpolado
0.47134986997399475,0.0021976256129095564,interpolado
0.4714496899379875,0.0030089142637664606,interpolado
0.47154950990198036,0.003865776750493257,interpolado
0.4716493298659732,0.004703388584456289,interpolado
0.47174914982996596,0.005456925277021851,interpolado
0.47184896979395885,0.006061562339554999,interpolado
0.4719487897579516,0.006452475283422234,interpolado
0.472,0.006549,original
0.4721484296859371,0.0063971797574006,interpolado
0.47224824964993,0.005991000279450833,interpolado
0.4723480696139228,0.005399307741023467,interpolado
0.4724478895779156,0.004672883614281221,interpolado
0.47254770954190833,0.0038625093713882375,interpolado
0.4726475295059011,0.003018966484507457,interpolado
0.47274734946989394,0.0021930364258017543,interpolado
0.4728471694338867,0.00143550066743538,interpolado
0.4729469893978796,0.0007971406815708682,interpolado
0.473,0.000524,original
0.4731466293258651,3.974193197558093e-05,interpolado
0.4732464492898579,-9.131846749389584e-05,interpolado
0.47334626925385076,-9.32461821717238e-05,interpolado
0.47344608921784354,6.500552957994562e-06,interpolado
0.4735459091818363,0.00018046350291106794,interpolado
0.4736457291458292,0.0004011844327034586,interpolado
0.47374554910982203,0.0006412051073512323,interpolado
0.47384536907381475,0.000873067291870042,interpolado
0.4739451890378076,0.0010693127512760446,interpolado
0.474,0.001152,original
0.47414482896579324,0.00126669669831876,interpolado
0.47424464892978596,0.0012737674240276312,interpolado
0.4743444688937788,0.0012392696761423043,interpolado
0.4744442888577715,0.0011781301048267544,interpolado
0.4745441088217644,0.0011052753602448985,interpolado
0.4746439287857571,0.0010356320925607816,interpolado
0.47474374874974995,0.0009841269519383028,interpolado
0.47484356871374267,0.0009656865885414841,interpolado
0.47494338867773545,0.000995237652534248,interpolado
0.475,0.001039,original
0.47514302860572105,0.0012406898320671096,interpolado
0.4752428485697139,0.0014362743747927981,interpolado
0.4753426685337067,0.0016535621244890715,interpolado
0.47544248849769954,0.0018721326014054238,interpolado
0.4755423084616923,0.002071565325791349,interpolado
0.4756421284256851,0.002231439817896011,interpolado
0.4757419483896779,0.0023313355979689564,interpolado
0.4758417683536707,0.0023508321862594564,interpolado
0.4759415883176635,0.0022695091030169806,interpolado
0.476,0.002167,original
0.47614122824564914,0.0017438513792815589,interpolado
0.476241048209642,0.0013214761363215053,interpolado
0.4763408681736347,0.00082469588539259,interpolado
0.47644068813762736,0.00027785379379842776,interpolado
0.4765405081016203,-0.0002947069711574774,interpolado
0.476640328065613,-0.0008686432421706554,interpolado
0.4767401480296058,-0.00141961185193789,interpolado
0.4768399679935986,-0.0019232696331547346,interpolado
0.4769397879575914,-0.002355273418517679,interpolado
0.477,-0.002571,original
0.47713942788557695,-0.002930029121972212,interpolado
0.47723924784957,-0.003094551934950942,interpolado
0.4773390678135626,-0.003211855428167429,interpolado
0.4774388877775555,-0.003308417391933526,interpolado
0.4775387077415484,-0.003410715616561032,interpolado
0.47763852770554105,-0.0035452278923615863,interpolado
0.477738347669534,-0.0037384320096471094,interpolado
0.47783816763352677,-0.004016805758729138,interpolado
0.4779379875975196,-0.004406826929919499,interpolado
0.478,-0.004717,original
0.4781376275255052,-0.005601583190720163,interpolado
0.478237447489498,-0.0063773121600410295,interpolado
0.47833726745349087,-0.007228257021035234,interpolado
0.47843708741748353,-0.008121056471218729,interpolado
0.47853690738147636,-0.009022349208107558,interpolado
0.47863672734546914,-0.009898773929216263,interpolado
0.4787365473094619,-0.010716969332061316,interpolado
0.4788363672734547,-0.011443574114157345,interpolado
0.4789361872374474,-0.012045226973020373,interpolado
0.479,-0.012349,original
0.47913582716543307,-0.012755880662435036,interpolado
0.47923564712942585,-0.012848577867545513,interpolado
0.4793354670934186,-0.01277085583090422,interpolado
0.47943528705741145,-0.012526620625084646,interpolado
0.4795351070214042,-0.012119778322659926,interpolado
0.4796349269853969,-0.01155423499620391,interpolado
0.4797347469493897,-0.010833896718289368,interpolado
0.47983456691338255,-0.009962669561490507,interpolado
0.47993438687737544,-0.008944459598380364,interpolado
0.48,-0.008197,original
0.480134026805361,-0.0064946898504064585,interpolado
0.4802338467693537,-0.005110595411994302,interpolado
0.48033366673334654,-0.0036646757556299254,interpolado
0.48043348669733943,-0.002190517976758374,interpolado
0.4805333066613322,-0.0007217091708214846,interpolado
0.4806331266253249,0.00070816356673567,interpolado
0.48073294658931776,0.0020655131404704796,interpolado
0.48083276655331053,0.0033167524549401707,interpolado
0.4809325865173033,0.0044282944146999135,interpolado
0.481,0.005083,original
0.4811322264452889,0.006111252857027665,interpolado
0.48123204640928174,0.006660828290732209,interpolado
0.48133186637327463,0.00701625786344853,interpolado
0.48143168633726735,0.007178325202036076,interpolado
0.4815315063012601,0.00714781393335487,interpolado
0.48163132626525296,0.006925507684264787,interpolado
0.4817311462292457,0.006512190081625705,interpolado
0.4818309661932385,0.005908644752297077,interpolado
0.4819307861572313,0.005115655323139415,interpolado
0.482,0.004455,original
0.48213042608521695,0.002983849090932419,interpolado
0.4822302460492097,0.0017144255678322796,interpolado
0.48233006601320255,0.00037887014849508847,interpolado
0.4824298859771954,-0.0009699321758558075,interpolado
0.4825297059411882,-0.0022790964140000044,interpolado
0.48262952590518093,-0.003495737574714186,interpolado
0.48272934586917376,-0.004566970666777258,interpolado
0.48282916583316654,-0.005439910698967795,interpolado
0.48292898579715937,-0.0060616726800629735,interpolado
0.483,-0.006322,original
0.48312862572514503,-0.0063792575749869,interpolado
0.4832284456891378,-0.0061102862113800085,interpolado
0.48332826565313075,-0.005629757384345757,interpolado
0.48342808561712347,-0.004994531387886153,interpolado
0.4835279055811163,-0.004261468516002015,interpolado
0.4836277255451091,-0.003487429062695629,interpolado
0.4837275455091018,-0.0027292733219680637,interpolado
0.48382736547309463,-0.0020438615878204222,interpolado
0.48392718543708735,-0.0014880541542549395,interpolado
0.484,-0.001197,original
0.484126825365073,-0.0009600818280406899,interpolado
0.4842266453290657,-0.0009807405209056109,interpolado
0.4843264652930586,-0.0011418310787275777,interpolado
0.4844262852570513,-0.001404812037163908,interpolado
0.4845261052210441,-0.0017311419318723623,interpolado
0.48462592518503694,-0.0020822792985100763,interpolado
0.48472574514902966,-0.00241968267273473,interpolado
0.48482556511302244,-0.0027048105902039757,interpolado
0.48492538507701516,-0.0028991215865749945,interpolado
0.485,-0.002962,original
0.4851250250050009,-0.002878518054725166,interpolado
0.48522484496899376,-0.0026528930519856427,interpolado
0.48532466493298654,-0.002301905754716487,interpolado
0.4854244848969793,-0.0018401202337049315,interpolado
0.4855243048609722,-0.0012821005597376451,interpolado
0.48562412482496503,-0.0006424108036010858,interpolado
0.485723944788958,6.438496391719662e-05,interpolado
0.48582376475295075,0.0008237226720311367,interpolado
0.4859235847169434,0.0016210382499530513,interpolado
0.486,0.002248,original
0.4861232246449293,0.0032660162393097205,interpolado
0.486223044608922,0.004063599651150352,interpolado
0.4863228645729149,0.004802916124698336,interpolado
0.48642268453690757,0.005452400446608077,interpolado
0.48652250450090034,0.005980487403535258,interpolado
0.4866223244648931,0.006355611782135276,interpolado
0.48672214442888584,0.0065462083690629525,interpolado
0.4868219643928787,0.006520711950973704,interpolado
0.4869217843568715,0.006247557314522789,interpolado
0.487,0.00584,original
0.4871214242848571,0.004863323204026783,interpolado
0.48722124424884977,0.003815897066733653,interpolado
0.48732106421284266,0.002625882822101572,interpolado
0.48742088417683543,0.0013660860987733398,interpolado
0.4875207041408281,0.00010931252538977287,interpolado
0.48762052410482093,-0.0010716322694083033,interpolado
0.48772034406881376,-0.0021039426569780984,interpolado
0.4878201640328066,-0.002914813008679225,interpolado
0.4879199839967994,-0.0034314376958693065,interpolado
0.488,-0.003584,original
0.4881196239247851,-0.00333174213168607,interpolado
0.48821944388877775,-0.0027409761128304126,interpolado
0.4883192638527706,-0.001879077518751449,interpolado
0.4884190838167633,-0.0008162247375114226,interpolado
0.48851890378075613,0.0003774038428288205,interpolado
0.488618723744749,0.001631629834208723,interpolado
0.4887185437087418,0.0028762748485656035,interpolado
0.4888183636727346,0.004041160497839509,interpolado
0.4889181836367275,0.00505610839396785,interpolado
0.489,0.005727,original
0.489117823564713,0.006382609836515444,interpolado
0.48921764352870584,0.0066705550290014175,interpolado
0.48931746349269867,0.006743685249965836,interpolado
0.48941728345669144,0.006630813224031462,interpolado
0.48951710342068416,0.006360751675821215,interpolado
0.489616923384677,0.005962313329957678,interpolado
0.48971674334866977,0.005464310911064132,interpolado
0.4898165633126626,0.0048955571437628844,interpolado
0.48991638327665543,0.004284864752677413,interpolado
0.49,0.003762,original
0.4901160232046409,0.003045886818164967,interpolado
0.4902158431686338,0.002444032602262205,interpolado
0.4903156631326266,0.0018574232251671956,interpolado
0.4904154830966195,0.001288017240499295,interpolado
0.4905153030606121,0.000737773201876875,interpolado
0.49061512302460486,0.00020864966291835258,interpolado
0.49071494298859775,-0.0002973948227569822,interpolado
0.49081476295259047,-0.0007784017015309854,interpolado
0.49091458291658335,-0.0012324124197844195,interpolado
0.491,-0.001598,original
0.49111422284456885,-0.0020485190810958097,interpolado
0.4912140428085617,-0.002392535392555855,interpolado
0.49131386277255445,-0.002675170480907967,interpolado
0.4914136827365473,-0.0028820836680398033,interpolado
0.4915135027005401,-0.002998934275838692,interpolado
0.4916133226645329,-0.0030113816261923125,interpolado
0.49171314262852567,-0.002905085040988209,interpolado
0.49181296259251844,-0.0026657038421139838,interpolado
0.49191278255651133,-0.002278897351456944,interpolado
0.492,-0.001809,original
0.492112422484497,-0.0010208656689728625,interpolado
0.49221224244848977,-0.00019293082295053772,interpolado
0.4923120624124826,0.0007038761489081855,interpolado
0.4924118823764753,0.001619973188317069,interpolado
0.49251170234046804,0.002505778236988331,interpolado
0.4926115223044609,0.003311709236636155,interpolado
0.49271134226845376,0.003988184128972878,interpolado
0.49281116223244653,0.004485620855712236,interpolado
0.4929109821964394,0.004754437358567563,interpolado
0.493,0.004761,original
0.49311062212442497,0.0044339786846961165,interpolado
0.49321044208841763,0.0038730110485542526,interpolado
0.49331026205241063,0.0031276369925854006,interpolado
0.49341008201640335,0.002263320538887108,interpolado
0.4935099019803961,0.001345525709558424,interpolado
0.4936097219443889,0.000439716526696459,interpolado
0.49370954190838173,-0.0003886429875996989,interpolado
0.4938093618723746,-0.0010740888112325073,interpolado
0.49390918183636734,-0.0015511569221041096,interpolado
0.494,-0.001749,original
0.49410882176435283,-0.0016462859314006202,interpolado
0.4942086417283458,-0.0012746676026308874,interpolado
0.49430846169233844,-0.0007036592887130138,interpolado
0.49440828165633127,2.623872157414477e-06,interpolado
0.494508101620324,0.00078006674178358,interpolado
0.4946079215843169,0.001564554181970271,interpolado
0.49470774154830965,0.002291971054520583,interpolado
0.49480756151230243,0.002898202221238955,interpolado
0.49490738147629526,0.0033191325439295536,interpolado
0.495,0.003488,original
0.4951070214042809,0.003371888129284759,interpolado
0.4952068413682737,0.002996875727626515,interpolado
0.49530666133226653,0.002414732374210735,interpolado
0.4954064812962593,0.0016745736775354819,interpolado
0.495506301260252,0.0008255152461001106,interpolado
0.49560612122424497,-8.33273115977481e-05,interpolado
0.4957059411882377,-0.0010028383870585562,interpolado
0.4958057611522305,-0.0018839023717842922,interpolado
0.49590558111622335,-0.002677403657276856,interpolado
0.496,-0.003303,original
0.49610522104420907,-0.003818860880887295,interpolado
0.49620504100820173,-0.004142049573940957,interpolado
0.4963048609721946,-0.004324373699015447,interpolado
0.4964046809361874,-0.004386412400840522,interpolado
0.4965045009001801,-0.00434874482414587,interpolado
0.49660432086417294,-0.004231950113661226,interpolado
0.49670414082816566,-0.0040566074141164775,interpolado
0.4968039607921586,-0.00384329587024133,interpolado
0.49690378075615144,-0.0036125946267654033,interpolado
0.497,-0.003393,original
0.4971034206841369,-0.0031771860156071872,interpolado
0.4972032406481296,-0.0029904206324608868,interpolado
0.4973030606121225,-0.0028229574789185863,interpolado
0.49740288057611537,-0.0026729675302142623,interpolado
0.49750270054010803,-0.0025386217615822456,interpolado
0.49760252050410086,-0.0024180911482566134,interpolado
0.49770234046809375,-0.0023095466654714726,interpolado
0.4978021604320865,-0.002211159288461108,interpolado
0.49790198039607936,-0.002121099992459573,interpolado
0.498,-0.002039,original
0.4981016203240649,-0.0019586495444198974,interpolado
0.4982014402880577,-0.0018826003428499922,interpolado
0.49830126025205046,-0.0018075631232256652,interpolado
0.49840108021604335,-0.0017317088607809955,interpolado
0.49850090018003607,-0.0016532085307502313,interpolado
0.4986007201440289,-0.0015702331083674963,interpolado
0.4987005401080217,-0.0014809535688669027,interpolado
0.49880036007201445,-0.0013835408874827146,interpolado
0.4989001800360072,-0.0012761660394489855,interpolado
0.499,-0.001157,original
