Time - Voltage_1,Amplitude - Voltage_1,tipo_valor
0.0,-0.00212,original
9.981996399279867e-05,-0.003946027300588848,interpolado
0.00019963992798559732,-0.005268496902673446,interpolado
0.000299459891978396,-0.006127451009142126,interpolado
0.00039927985597119453,-0.006562931822883219,interpolado
0.0004990998199639931,-0.006614981546785058,interpolado
0.0005989197839567919,-0.006323642383735977,interpolado
0.0006987397479495905,-0.005728956536624305,interpolado
0.0007985597119423888,-0.00487096620833837,interpolado
0.0008983796759351872,-0.0037897136017665117,interpolado
0.001,-0.002501,original
0.0010980196039207845,-0.001117590365318344,interpolado
0.0011978395679135832,0.00039319585878130707,interpolado
0.0012976595319063818,0.001967075549613555,interpolado
0.0013974794958991803,0.00356400650429007,interpolado
0.0014972994598919786,0.005143946519922518,interpolado
0.0015971194238847772,0.006666853393622573,interpolado
0.0016969393878775757,0.008092684922501902,interpolado
0.0017967593518703746,0.009381398903672167,interpolado
0.001896579315863173,0.010492953134245041,interpolado
0.002,0.011415,original
0.00209621924384877,0.012034125386363288,interpolado
0.0021960392078415694,0.012446373488912095,interpolado
0.002295859171834368,0.012649067869773335,interpolado
0.002395679135827166,0.012667227188702682,interpolado
0.0024954990998199648,0.012525870105455798,interpolado
0.0025953190638127637,0.01225001527978835,interpolado
0.0026951390278055617,0.011864681371456002,interpolado
0.002794958991798361,0.011394887040214418,interpolado
0.0028947789557911595,0.01086565094581926,interpolado
0.003,0.010271,original
0.003094418883776757,0.009723668072829185,interpolado
0.0031942388477695545,0.009125683453274953,interpolado
0.0032940588117623534,0.008495765555387258,interpolado
0.0033938787757551514,0.007821641060603455,interpolado
0.0034936987397479503,0.007091036650360911,interpolado
0.0035935187037407475,0.006291679006096977,interpolado
0.003693338667733547,0.0054112948092490225,interpolado
0.0037931586317263444,0.004437610741254403,interpolado
0.003892978595719143,0.0033583534835504763,interpolado
0.004,0.00207,original
0.004092618523704739,0.0008413163133874245,interpolado
0.004192438487697538,-0.0005701991573162992,interpolado
0.004292258451690337,-0.0020308153010699737,interpolado
0.0043920784156831335,-0.0034980472974923413,interpolado
0.004491898379675935,-0.004929410326202148,interpolado
0.004591718343668733,-0.006282419566818095,interpolado
0.00469153830766153,-0.00751459019895894,interpolado
0.00479135827165433,-0.008583437402243392,interpolado
0.004891178235647129,-0.009446476356290192,interpolado
0.005,-0.010103,original
0.005090818163632725,-0.010393584445789547,interpolado
0.005190638127625526,-0.010453536498836423,interpolado
0.005290458091618324,-0.010265460620281839,interpolado
0.005390278055611122,-0.009853747204835275,interpolado
0.0054900980196039215,-0.009242786647206198,interpolado
0.00558991798359672,-0.008456969342104083,interpolado
0.005689737947589518,-0.007520685684238401,interpolado
0.005789557911582318,-0.006458326068318613,interpolado
0.005889377875575115,-0.005294280889054209,interpolado
0.006,-0.003915,original
0.006089017803560713,-0.0027604988823037063,interpolado
0.006188837767553511,-0.0014531523514341351,interpolado
0.00628865773154631,-0.0001705455049242877,interpolado
0.006388477695539108,0.00104767387823205,interpolado
0.006488297659531905,0.0021618580190411285,interpolado
0.006588117623524705,0.003132359138509195,interpolado
0.006687937587517502,0.003919529457642467,interpolado
0.006787757551510303,0.0044837211974472,interpolado
0.006887577515503101,0.004785286578929618,interpolado
0.007,0.004761,original
0.007087217443488696,0.004453701552771529,interpolado
0.007187037407481496,0.0038336714613358782,interpolado
0.007286857371474294,0.00299053326587574,interpolado
0.007386677335467093,0.0019903681454360206,interpolado
0.007486497299459892,0.0008992572790616518,interpolado
0.0075863172634526915,-0.0002167181542024666,interpolado
0.00768613722744549,-0.0012914769753114245,interpolado
0.007785957191438287,-0.0022589380052202928,interpolado
0.007885777155431088,-0.0030530200648841675,interpolado
0.008,-0.003664,original
0.008085417083416686,-0.003868870202169155,interpolado
0.008185237047409484,-0.0038580721065558593,interpolado
0.008285057011402286,-0.0036254301344717825,interpolado
0.008384876975395084,-0.003221184969903303,interpolado
0.008484696939387882,-0.002695577296836818,interpolado
0.00858451690338068,-0.0020988477992586884,interpolado
0.00868433686737348,-0.001481237161155307,interpolado
0.00878415683136628,-0.0008929860665130667,interpolado
0.008883976795359077,-0.000384335199318328,interpolado
0.009,4.03e-05,original
0.009083616723344675,0.000202355494806559,interpolado
0.00918343668733747,0.00025823944953333135,interpolado
0.009283256651330271,0.0002052432384719153,interpolado
0.009383076615323067,8.655007731402786e-05,interpolado
0.009482896579315865,-5.465681824860623e-05,interpolado
0.009582716543308663,-0.0001751942325242713,interpolado
0.009682536507301462,-0.0002318789498212436,interpolado
0.009782356471294258,-0.00018152775444780448,interpolado
0.00988217643528706,1.904256928776985e-05,interpolado
0.01,0.000508,original
0.010081816363272652,0.0010340673349088024,interpolado
0.010181636327265452,0.001849886573192018,interpolado
0.01028145629125825,0.0028001748824212887,interpolado
0.01038127625525105,0.0038245329043111323,interpolado
0.010481096219243848,0.004862561280576049,interpolado
0.010580916183236646,0.005853860652930595,interpolado
0.010680736147229445,0.006738031663089271,interpolado
0.010780556111222242,0.007454674952766584,interpolado
0.01088037607521504,0.007943391163677083,interpolado
0.011,0.008144,original
0.01108001600320064,0.008004903193374045,interpolado
0.011179835967193439,0.0075453607109388626,interpolado
0.011279655931186237,0.006814786217125141,interpolado
0.011379475895179035,0.005862955835031829,interpolado
0.011479295859171835,0.004739645687757807,interpolado
0.011579115823164633,0.0034946318984020205,interpolado
0.011678935787157431,0.0021776905900634117,interpolado
0.01177875575115023,0.0008385978858408573,interpolado
0.01187857571514303,-0.00047287009116669726,interpolado
0.012,-0.001959,original
0.012078215643128627,-0.0028155891189187102,interpolado
0.012178035607121426,-0.003764541458542104,interpolado
0.012277855571114226,-0.004525952823001698,interpolado
0.01237767553510702,-0.005072018925130016,interpolado
0.012477495499099822,-0.005374935477759621,interpolado
0.01257731546309262,-0.005406898193723031,interpolado
0.012677135427085416,-0.005140102785852793,interpolado
0.012776955391078218,-0.004546744966981433,interpolado
0.012876775355071018,-0.003599020449941491,interpolado
0.013,-0.001899,original
0.013076415283056614,-0.00054076233344406,interpolado
0.013176235247049412,0.0015072257907384732,interpolado
0.01327605521104221,0.003749063699516616,interpolado
0.013375875175035011,0.006058645013702462,interpolado
0.01347569513902781,0.008309863354107987,interpolado
0.013575515103020611,0.010376612341545209,interpolado
0.01367533506701341,0.01213278559682611,interpolado
0.013775155031006209,0.013452276740762766,interpolado
0.01387497499499901,0.01420897939416716,interpolado
0.014,0.01417,original
0.014074614922984603,0.013550524203783339,interpolado
0.014174434886977401,0.012108717849932735,interpolado
0.014274254850970199,0.010125135818781652,interpolado
0.014374074814962995,0.00777435261034142,interpolado
0.014473894778955797,0.005230942724623459,interpolado
0.014573714742948593,0.00266948066163921,interpolado
0.01467353470694139,0.0002645409213999782,interpolado
0.014773354670934187,-0.0018093019960828045,interpolado
0.014873174634926982,-0.0033774735907977187,interpolado
0.015,-0.004366,original
0.01507281456291258,-0.0043194665818524205,interpolado
0.01517263452690538,-0.0035815702698014282,interpolado
0.015272454490898178,-0.0022000901967814583,interpolado
0.015372274454890979,-0.0003244754958754367,interpolado
0.015472094418883775,0.0018958246998337274,interpolado
0.015571914382876577,0.004311361257263085,interpolado
0.015671734346869373,0.006772685043329803,interpolado
0.015771554310862173,0.009130346924950896,interpolado
0.015871374274854976,0.01123489776904357,interpolado
0.016,0.013332,original
0.016071014202840572,0.014099642929938854,interpolado
0.016170834166833372,0.014713214734660605,interpolado
0.016270654130826165,0.014840147844748755,interpolado
0.01637047409481896,0.014543838757961246,interpolado
0.016470294058811764,0.013887683972055935,interpolado
0.016570114022804557,0.012935079984790761,interpolado
0.016669933986797354,0.011749423293923613,interpolado
0.016769753950790153,0.010394110397212332,interpolado
0.016869573914782953,0.008932537792414907,interpolado
0.017,0.006968,original
0.017069213842768553,0.005942109353710819,interpolado
0.017169033806761345,0.004513782263570704,interpolado
0.01726885377075415,0.0031690803516861406,interpolado
0.017368673734746952,0.0019337825403827511,interpolado
0.01746849369873975,0.0008336677519862944,interpolado
0.017568313662732548,-0.00010548509117761016,interpolado
0.01766813362672535,-0.0008578970667833197,interpolado
0.017767953590718144,-0.0013977892525051118,interpolado
0.017867773554710947,-0.0016993827260173566,interpolado
0.018,-0.001688,original
0.018067413482696543,-0.0014891295112051388,interpolado
0.01816723344668934,-0.0009863732962861922,interpolado
0.018267053410682136,-0.0002913938874762493,interpolado
0.01836687337467494,0.0005325369047716809,interpolado
0.01846669333866774,0.0014221472700046115,interpolado
0.018566513302660535,0.0023141653977694584,interpolado
0.018666333266653328,0.0031453194776132317,interpolado
0.01876615323064613,0.0038523376990829312,interpolado
0.018865973194638928,0.004371948251725487,interpolado
0.019,0.004664,original
0.019065613122624524,0.0046013349397849065,interpolado
0.01916543308661732,0.004261385578062537,interpolado
0.019265253050610116,0.003672669667499866,interpolado
0.019365073014602913,0.002887601555488641,interpolado
0.019464892978595716,0.0019585955894206963,interpolado
0.019564712942588512,0.0009380661166877814,interpolado
0.019664532906581312,-0.00012157251531835913,interpolado
0.01976435287057411,-0.0011679059592058737,interpolado
0.019864172834566908,-0.0021485198675830213,interpolado
0.02,-0.003283,original
0.02006381276255251,-0.003705768450173999,interpolado
0.020163632726545307,-0.004219732048008723,interpolado
0.02026345269053811,-0.00456511508966703,interpolado
0.02036327265453091,-0.0047546516239449195,interpolado
0.02046309261852371,-0.004801075699638434,interpolado
0.02056291258251651,-0.004717121365543598,interpolado
0.020662732546509306,-0.004515522670456442,interpolado
0.02076255251050211,-0.004209013663172981,interpolado
0.02086237247449491,-0.0038103283924892637,interpolado
0.021,-0.003133,original
0.02106201240248051,-0.0027874722934343194,interpolado
0.021161832366473305,-0.002190457861320468,interpolado
0.021261652330466105,-0.0015565459731669087,interpolado
0.0213614722944589,-0.0009011492481973922,interpolado
0.021461292258451697,-0.00023968030563574136,interpolado
0.021561112222444494,0.0004124482352942942,interpolado
0.02166093218643729,0.0010398237553689588,interpolado
0.02176075215043009,0.0016270336353644342,interpolado
0.021860572114422883,0.002158665256056968,interpolado
0.022,0.002779,original
0.02206021204240848,0.0029940757409109542,interpolado
0.022160032006401275,0.0032759618071161872,interpolado
0.022259851970394078,0.003463956997932624,interpolado
0.02235967193438687,0.0035572056848162392,interpolado
0.022459491898379667,0.0035548522392230305,interpolado
0.022559311862372467,0.003456041032608982,interpolado
0.022659131826365267,0.0032599164364300872,interpolado
0.02275895179035806,0.0029656228221423336,interpolado
0.022858771754350866,0.0025723045612016954,interpolado
0.023,0.001845,original
0.02305841168233646,0.0014862997181756966,interpolado
0.023158231646329266,0.000812071064521537,interpolado
0.023258051610322066,8.894291904606897e-05,interpolado
0.023357871574314865,-0.0006501599588873007,interpolado
0.02345769153830767,-0.0013723128099151702,interpolado
0.023557511502300465,-0.0020445908746740595,interpolado
0.02365733146629326,-0.002634069393800566,interpolado
0.02375715143028606,-0.0031078236079312787,interpolado
0.023856971394278864,-0.003432928757702732,interpolado
0.024,-0.003574,original
0.024056611322264457,-0.003507829041235264,interpolado
0.024156431286257257,-0.003236393913042387,interpolado
0.024256251250250056,-0.002805034532889947,interpolado
0.024356071214242853,-0.0022576694931752176,interpolado
0.024455891178235652,-0.0016382173862954335,interpolado
0.02455571114222845,-0.0009905968046478183,interpolado
0.02465553110622125,-0.00035872634062966203,interpolado
0.024755351070214045,0.0002134754133618117,interpolado
0.024855171034206848,0.0006820898649293695,interpolado
0.025,0.001088,original
0.02505481096219244,0.0011349699555932226,interpolado
0.025154630926185237,0.0010740946591313641,interpolado
0.02525445089017804,0.000851150029743229,interpolado
0.025354270854170833,0.0004978694507162152,interpolado
0.025454090818163633,4.5986305337706104e-05,interpolado
0.025553910782156432,-0.00047276602310486774,interpolado
0.02565373074614923,-0.0010266541513241224,interpolado
0.02575355071014203,-0.0015839446960326778,interpolado
0.02585337067413483,-0.0021129042739430953,interpolado
0.026,-0.002772,original
0.02605301060212042,-0.002960000447843397,interpolado
0.026152830566113224,-0.003238905462353764,interpolado
0.026252650530106014,-0.0034302261368552044,interpolado
0.02635247049409882,-0.003546433799852802,interpolado
0.026452290458091617,-0.003599999779851629,interpolado
0.026552110422084416,-0.0036033954053567726,interpolado
0.026651930386077216,-0.00356909200487331,interpolado
0.026751750350070016,-0.0035095609069063258,interpolado
0.026851570314062816,-0.0034372734399609,interpolado
0.027,-0.003333,original
0.02705121024204842,-0.003303969090789931,interpolado
0.02715103020604122,-0.003259720210953682,interpolado
0.02725085017003401,-0.003229363213177998,interpolado
0.02735067013402681,-0.0032100114201034854,interpolado
0.027450490098019614,-0.0031987781543707516,interpolado
0.02755031006201241,-0.003192776738620405,interpolado
0.027650130026005214,-0.0031891204954930513,interpolado
0.027749949989998014,-0.0031849227476293,interpolado
0.02784976995399081,-0.003177296817669757,interpolado
0.027949589917983606,-0.0031633560282550307,interpolado
0.028,-0.003153,original
0.028149229845969206,-0.0031056038917012087,interpolado
0.028249049809962005,-0.0030576630521856624,interpolado
0.028348869773954805,-0.0029946416886809536,interpolado
0.028448689737947598,-0.002914767775560136,interpolado
0.0285485097019404,-0.0028162692871962613,interpolado
0.028648329665933194,-0.002697374197962374,interpolado
0.028748149629925987,-0.002556310482231535,interpolado
0.028847969593918794,-0.0023913061143767925,interpolado
0.028947789557911587,-0.002200589068771189,interpolado
0.029,-0.00209,original
0.02914742948589718,-0.001734036125710003,interpolado
0.029247249449889975,-0.0014522307927294273,interpolado
0.02934706941388278,-0.001133506723403577,interpolado
0.029446889377875568,-0.0007744293839443024,interpolado
0.029546709341868368,-0.00037156424056345057,interpolado
0.029646529305861168,7.852324052709026e-05,interpolado
0.029746349269853964,0.0005792675931154729,interpolado
0.02984616923384676,0.001134103350989856,interpolado
0.02994598919783956,0.0017464650479383412,interpolado
0.03,0.002103,original
0.03014562912582516,0.0031428941431260416,interpolado
0.030245449089817963,0.0038930995792004802,interpolado
0.03034526905381076,0.004645152951797228,interpolado
0.030445089017803562,0.005374258433893953,interpolado
0.030544908981796355,0.006055620198468243,interpolado
0.030644728945789155,0.006664442418497789,interpolado
0.030744548909781958,0.007175929266960193,interpolado
0.03084436887377475,0.007565284916833115,interpolado
0.030944188837767558,0.007807713541094208,interpolado
0.031,0.00787,original
0.03114382876575315,0.007774759840002373,interpolado
0.03124364872974596,0.007513174172130526,interpolado
0.03134346869373875,0.007113934284715151,interpolado
0.03144328865773155,0.006596677520655646,interpolado
0.03154310862172435,0.0059810412228514225,interpolado
0.031642928585717156,0.005286662734201883,interpolado
0.03174274854970995,0.00453317939760638,interpolado
0.03184256851370275,0.0037402285559644264,interpolado
0.03194238847769555,0.002927447552175378,interpolado
0.032,0.002457,original
0.03214202840568114,0.0013159417895149518,interpolado
0.03224184836967394,0.0005417966457102527,interpolado
0.03234166833366674,-0.0001988758868475564,interpolado
0.03244148829765954,-0.0008968586906550224,interpolado
0.03254130826165234,-0.0015429346482086397,interpolado
0.032641128225645126,-0.0021278866420049013,interpolado
0.03274094818963792,-0.002642497554540302,interpolado
0.03284076815363072,-0.0030775502683113615,interpolado
0.03294058811762353,-0.0034238276658145146,interpolado
0.033,-0.003584,original
0.03314022804560912,-0.003826799266726911,interpolado
0.03324004800960192,-0.0039061157442804775,interpolado
0.033339867973594714,-0.003930628139594076,interpolado
0.03343968793758752,-0.003920576845428304,interpolado
0.03353950790158032,-0.0038962022545437616,interpolado
0.03363932786557312,-0.0038777447597010454,interpolado
0.03373914782956591,-0.003885444753660753,interpolado
0.033838967793558716,-0.003939542629183483,interpolado
0.033938787757551506,-0.00406027877902983,interpolado
0.034,-0.004176,original
0.03413842768553711,-0.004556937452385456,interpolado
0.03423824764952991,-0.004893747900425335,interpolado
0.034338067613522705,-0.005240211826580521,interpolado
0.0344378875775155,-0.005558773454629159,interpolado
0.0345377075415083,-0.005811877008349398,interpolado
0.0346375275055011,-0.0059619667115193885,interpolado
0.03473734746949389,-0.005971486787917254,interpolado
0.03483716743348669,-0.005802881461321157,interpolado
0.03493698739747949,-0.005418594955509241,interpolado
0.035,-0.005048,original
0.035136627325465096,-0.0038892938264182657,interpolado
0.03523644728945789,-0.0027854737484410952,interpolado
0.035336267253450696,-0.0015182650966579934,interpolado
0.03543608721744349,-0.0001356073058777574,interpolado
0.03553590718143629,0.0013145601890907437,interpolado
0.03563572714542908,0.0027842979534386378,interpolado
0.03573554710942189,0.0042256665523571525,interpolado
0.03583536707341469,0.005590726551037215,interpolado
0.03593518703740749,0.0068315385146700556,interpolado
0.036,0.007548,original
0.036134826965393094,0.008769814185437803,interpolado
0.03623464692938588,0.009440597885431515,interpolado
0.036334466893378686,0.00991645087399773,interpolado
0.03643428685737148,0.010200939646732236,interpolado
0.036534106821364286,0.010297630699230918,interpolado
0.036633926785357075,0.010210090527089615,interpolado
0.03673374674934987,0.009941885625904184,interpolado
0.036833566713342675,0.009496582491270474,interpolado
0.03693338667733548,0.008877747618784277,interpolado
0.037,0.00837,original
0.037133026605321064,0.007148955860624355,interpolado
0.03723284656931387,0.006097271250279952,interpolado
0.037332666533306656,0.004976247895223845,interpolado
0.03743248649729945,0.0038280034752167596,interpolado
0.03753230646129226,0.0026946556700193384,interpolado
0.03763212642528505,0.0016183221593924614,interpolado
0.03773194638927785,0.0006411206230967702,interpolado
0.03783176635327065,-0.00019483125910701337,interpolado
0.03793158631726345,-0.0008474158074581672,interpolado
0.038,-0.001167,original
0.03813122624524904,-0.001464722209076732,interpolado
0.038231046209241844,-0.0014514043196587336,interpolado
0.03833086617323465,-0.0012739651094094075,interpolado
0.03843068613722745,-0.0009713870278321269,interpolado
0.03853050610122025,-0.0005826525244302611,interpolado
0.03863032606521305,-0.00014674404870715339,interpolado
0.038730146029205846,0.00029735594983376396,interpolado
0.038829965993198635,0.000710665021689147,interpolado
0.03892978595719144,0.0010542007173556247,interpolado
0.039,0.001233,original
0.039129425885177045,0.0013942678124404212,interpolado
0.03922924584916984,0.0013777341633123919,interpolado
0.03932906581316264,0.0012508381478048007,interpolado
0.039428885777155434,0.0010248198845675027,interpolado
0.03952870574114822,0.0007109194922503487,interpolado
0.039628525705141034,0.0003203770895031893,interpolado
0.03972834566913384,-0.0001355672050241236,interpolado
0.03982816563312663,-0.0006456732726817764,interpolado
0.03992798559711943,-0.0011987009948198463,interpolado
0.04,-0.001618,original
0.040127625525105015,-0.0023870979644633815,interpolado
0.040227445489097825,-0.002994632472550638,interpolado
0.04032726545309062,-0.003590558770543168,interpolado
0.040427085417083425,-0.00415943698112985,interpolado
0.04052690538107623,-0.00468582722699944,interpolado
0.04062672534506901,-0.005154289630840819,interpolado
0.04072654530906182,-0.005549384315342825,interpolado
0.04082636527305462,-0.005855671403194294,interpolado
0.040926185237047406,-0.006057711017084064,interpolado
0.041,-0.006131,original
0.04112582516503301,-0.006095558983489774,interpolado
0.0412256451290258,-0.005931645985252901,interpolado
0.041325465093018605,-0.005657734019322444,interpolado
0.04142528505701141,-0.0052831598039021835,interpolado
0.04152510502100421,-0.00481726005719588,interpolado
0.041624924984997015,-0.00426937149740739,interpolado
0.041724744948989805,-0.003648830842740468,interpolado
0.04182456491298261,-0.0029649748113989086,interpolado
0.0419243848769754,-0.0022271401215864985,interpolado
0.042,-0.001638,original
0.04212402480496101,-0.0006331438660440389,interpolado
0.0422238447689538,0.00018005209153232294,interpolado
0.0423236647329466,0.0009659523695202045,interpolado
0.0424234846969394,0.0016956315051609968,interpolado
0.042523304660932196,0.002340164035696096,interpolado
0.04262312462492499,0.002870624498366892,interpolado
0.04272294458891779,0.003258087430414801,interpolado
0.042822764552910585,0.0034736273690811614,interpolado
0.04292258451690339,0.003488318851607398,interpolado
0.043,0.003343,original
0.04312222444488898,0.0028203934611361224,interpolado
0.04322204440888176,0.0021635926454793134,interpolado
0.04332186437287459,0.0013424731199889813,interpolado
0.04342168433686737,0.0003965450679185329,interpolado
0.043521504300860166,-0.0006346813274788002,interpolado
0.043621324264852976,-0.0017116958829497316,interpolado
0.04372114422884576,-0.00279498841524097,interpolado
0.04382096419283857,-0.0038450487410992343,interpolado
0.04392078415683137,-0.004822366677271295,interpolado
0.044,-0.00552,original
0.044120424084816964,-0.006416397250198144,interpolado
0.044220244048809754,-0.007018579957070707,interpolado
0.04432006401280256,-0.00750806981170487,interpolado
0.04441988397679535,-0.007898878015915507,interpolado
0.044519703940788156,-0.008205015771517506,interpolado
0.04461952390478095,-0.008440494280325707,interpolado
0.04471934386877376,-0.008619324744155001,interpolado
0.044819163832766545,-0.008755518364820265,interpolado
0.044918983796759356,-0.00886308634413637,interpolado
0.045,-0.008939,original
0.04511862372474495,-0.009039041584033987,interpolado
0.04521844368873775,-0.009095770278575487,interpolado
0.04531826365273055,-0.009106777699087716,interpolado
0.045418083616723344,-0.009052652813383834,interpolado
0.04551790358071613,-0.008913984589277014,interpolado
0.04561772354470895,-0.008671361994580401,interpolado
0.04571754350870173,-0.00830537399710719,interpolado
0.045817363472694536,-0.007796609564670535,interpolado
0.045917183436687325,-0.007125657665083605,interpolado
0.046,-0.006432,original
0.046116823364672925,-0.005238977420398755,interpolado
0.04621664332866572,-0.004069481168422743,interpolado
0.046316463292658525,-0.0028179932762737083,interpolado
0.04641628325665133,-0.001537828600875107,interpolado
0.04651610322064412,-0.0002823019991504724,interpolado
0.04661592318463692,0.0008952716719766585,interpolado
0.046715743148629724,0.0019415775555827544,interpolado
0.04681556311262252,0.00280330079474433,interpolado
0.046915383076615316,0.0034271265325377305,interpolado
0.047,0.00373,original
0.04711502300460093,0.003774670673975526,interpolado
0.04721484296859371,0.0035130009390004226,interpolado
0.04731466293258652,0.0030267482312059378,interpolado
0.047414482896579326,0.0023678680886081325,interpolado
0.047514302860572115,0.0015883160492232218,interpolado
0.04761412282456492,0.0007400476510672849,interpolado
0.047713942788557714,-0.00012498156784356265,interpolado
0.04781376275255052,-0.0009548160694932029,interpolado
0.047913582716543314,-0.0016975003158655158,interpolado
0.048,-0.00223,original
0.048113222644528914,-0.0027315720038911554,interpolado
0.04821304260852171,-0.0030028516032140043,interpolado
0.048312862572514506,-0.0031369011971500646,interpolado
0.04841268253650731,-0.003155674598458383,interpolado
0.04851250250050011,-0.0030811256198979933,interpolado
0.04861232246449291,-0.0029352080742279536,interpolado
0.048712142428485705,-0.002739875774207306,interpolado
0.0488119623924785,-0.002517082532595095,interpolado
0.0489117823564713,-0.002288782162150365,interpolado
0.049,-0.0021,original
0.049111422284456904,-0.0018947593680777406,interpolado
0.0492112422484497,-0.0017309828544888836,interpolado
0.049311062212442504,-0.0015699418177584652,interpolado
0.0494108821764353,-0.0013959889816045604,interpolado
0.04951070214042809,-0.0011934770697452437,interpolado
0.049610522104420886,-0.0009467588058985907,interpolado
0.04971034206841369,-0.0006401869137826522,interpolado
0.04981016203240649,-0.0002581141171155454,interpolado
0.049909981996399296,0.00021510686038467438,interpolado
0.05,0.000733,original
0.05010962192438488,0.0014861635445307122,interpolado
0.05020944188837768,0.0022584930910608592,interpolado
0.05030926185237049,0.003076021797157148,interpolado
0.05040908181636328,0.0039026676887948283,interpolado
0.05050890178035608,0.004702348791949321,interpolado
0.05060872174434887,0.005438983132595986,interpolado
0.05070854170834167,0.006076488736710196,interpolado
0.05080836167233446,0.0065787836302673075,interpolado
0.050908181636327265,0.006909785839242709,interpolado
0.051,0.007032,original
0.051107821564312865,0.006932296590161213,interpolado
0.051207641528305654,0.006647861563743522,interpolado
0.05130746149229845,0.006233120785225932,interpolado
0.051407281456291254,0.005741079081606514,interpolado
0.05150710142028405,0.005224741279883444,interpolado
0.05160692138427685,0.004737112207054797,interpolado
0.05170674134826966,0.004331196690118673,interpolado
0.05180656131226244,0.00405999955607318,interpolado
0.051906381276255235,0.003976525631916423,interpolado
0.052,0.004116,original
0.05210602120424085,0.004560243449386996,interpolado
0.052205841168233645,0.0052030192954162675,interpolado
0.05230566113222645,0.005992305696938,interpolado
0.05240548109621924,0.006858305975379884,interpolado
0.05250530106021204,0.007731223452169613,interpolado
0.05260512102420484,0.008541261448734924,interpolado
0.05270494098819765,0.0092186232865034,interpolado
0.052804760952190444,0.009693512286902786,interpolado
0.052904580916183254,0.009896131771360773,interpolado
0.053,0.009771,original
0.05310422084416883,0.009231718347458309,interpolado
0.05320404080816165,0.008370080740256055,interpolado
0.05330386077215444,0.007240845740774338,interpolado
0.053403680736147235,0.005913084866654139,interpolado
0.05350350070014003,0.00445586963553649,interpolado
0.05360332066413282,0.0029382715650624223,interpolado
0.05370314062812563,0.0014293621728729677,interpolado
0.053802960592118435,-1.7870233909374905e-06,interpolado
0.053902780556111224,-0.0012861045060880605,interpolado
0.054,-0.00233,original
0.05410242048409682,-0.0031553619956751337,interpolado
0.05420224044808961,-0.003701345713939287,interpolado
0.05430206041208242,-0.004020067290423472,interpolado
0.05440188037607522,-0.004139123818300718,interpolado
0.054501700340068016,-0.004086112390744125,interpolado
0.05460152030406081,-0.0038886301009267684,interpolado
0.054701340268053615,-0.003574274042021719,interpolado
0.05480116023204642,-0.0031706413072020503,interpolado
0.054900980196039215,-0.0027053289896407993,interpolado
0.055,-0.00221,original
0.055100620124024814,-0.0016970101301544182,interpolado
0.05520044008801761,-0.0011912239948671526,interpolado
0.055300260052010414,-0.0006983420197066583,interpolado
0.05540008001600321,-0.00022813044926101551,interpolado
0.05549989997999602,0.0002096444718817239,interpolado
0.05559971994398881,0.0006052164991334186,interpolado
0.05569953990798162,0.0009488193879060192,interpolado
0.05579935987197441,0.0012306868936114448,interpolado
0.055899179835967205,0.0014410527716616152,interpolado
0.056,0.001571,original
0.056098819763952805,0.0016120699749338188,interpolado
0.056198639727945615,0.001576791291725844,interpolado
0.056298459691938404,0.001478389847472678,interpolado
0.056398279655931194,0.001330940765799967,interpolado
0.056498099619924,0.0011485191703333572,interpolado
0.05659791958391678,0.0009452001846984936,interpolado
0.05669773954790959,0.0007350589325210075,interpolado
0.056797559511902386,0.0005321705374265748,interpolado
0.05689737947589518,0.00035061012304082645,interpolado
0.057,0.000201,original
0.05709701940388077,0.00010455524972132819,interpolado
0.05719683936787358,4.776912753579083e-05,interpolado
0.057296659331866374,2.7137740847407938e-05,interpolado
0.057396479295859164,3.570430665851293e-05,interpolado
0.057496299259851974,6.651204197143447e-05,interpolado
0.05759611922384477,0.00011260416378850338,interpolado
0.05769593918783757,0.00016702388911205094,interpolado
0.05779575915183038,0.00022281443494441173,interpolado
0.05789557911582317,0.000273019018287909,interpolado
0.058,0.000312,original
0.058095219043808766,0.0003311621915308088,interpolado
0.05819503900780156,0.00034047876464690863,interpolado
0.058294858971794365,0.00034770368320742834,interpolado
0.05839467893578716,0.0003619103165450111,interpolado
0.05849449889977996,0.0003921720339922977,interpolado
0.05859431886377275,0.00044756220488193074,interpolado
0.058694138827765543,0.0005371541985465525,interpolado
0.05879395879175835,0.0006700213843188049,interpolado
0.05889377875575114,0.00085523713153133,interpolado
0.059,0.00112,original
0.059093418683736736,0.0014141884209196167,interpolado
0.05919323864772953,0.001773054360226005,interpolado
0.059293058611722335,0.002152270500874701,interpolado
0.05939287857571514,0.002525633165741996,interpolado
0.059492698539707935,0.002866938677704176,interpolado
0.05959251850370074,0.0031499833596375483,interpolado
0.05969233846769355,0.0033485635344183634,interpolado
0.05979215843168634,0.0034364755249229285,interpolado
0.05989197839567914,0.003387515654027536,interpolado
0.06,0.00315,original
0.06009161832366474,0.0027825399195238,interpolado
0.060191438287657544,0.0022337671402772896,interpolado
0.06029125825165034,0.0015679360017057228,interpolado
0.06039107821564312,0.0008238266062823072,interpolado
0.06049089817963593,4.02190564802892e-05,interpolado
0.060590718143628736,-0.0007441065452270911,interpolado
0.06069053810762152,-0.001490370096366589,interpolado
0.06079035807161433,-0.002159791494465003,interpolado
0.06089017803560712,-0.0027135906370489996,interpolado
0.061,-0.003143,original
0.06108981796359272,-0.0033259425462202367,interpolado
0.06118963792758553,-0.0033568985153638493,interpolado
0.06128945789157832,-0.0032225828342419467,interpolado
0.06138927785557113,-0.0029397323165793843,interpolado
0.061489097819563916,-0.0025250837761009903,interpolado
0.06158891778355671,-0.0019953740265316,interpolado
0.06168873774754952,-0.0013673398815960468,interpolado
0.06178855771154231,-0.0006577181550191658,interpolado
0.06188837767553511,0.00011675433947426483,interpolado
0.062,0.001039,original
0.0620880176035207,0.001790770208675504,interpolado
0.06218783756751352,0.002637277734747074,interpolado
0.062287657531506314,0.0034399542545042756,interpolado
0.062387477495499104,0.004159884546185609,interpolado
0.06248729745949191,0.004758153388029611,interpolado
0.0625871174234847,0.005195845558274676,interpolado
0.06268693738747752,0.005434045835159415,interpolado
0.06278675735147032,0.005433838996922251,interpolado
0.0628865773154631,0.0051563098218017364,interpolado
0.063,0.004455,original
0.0630862172434487,0.0036262726129939796,interpolado
0.0631860372074415,0.002397715286516018,interpolado
0.06328585717143427,0.0009556881256199927,interpolado
0.06338567713542709,-0.0006209421760086198,interpolado
0.06348549709941989,-0.002253308924683757,interpolado
0.06358531706341268,-0.00386254542671932,interpolado
0.06368513702740548,-0.005369784988429885,interpolado
0.06378495699139829,-0.006696160916129179,interpolado
0.06388477695539109,-0.007762806516131697,interpolado
0.064,-0.008568,original
0.06408441688337667,-0.008815846698403155,interpolado
0.06418423684736949,-0.00876545835386988,interpolado
0.06428405681136226,-0.008403651981588187,interpolado
0.06438387677535506,-0.007794477020631398,interpolado
0.06448369673934787,-0.007001982910072953,interpolado
0.06458351670334066,-0.006090219088986398,interpolado
0.06468333666733346,-0.005123234996444889,interpolado
0.06478315663132625,-0.004165080071522092,interpolado
0.06488297659531905,-0.0032798037532911486,interpolado
0.065,-0.002421,original
0.06508261652330465,-0.0019753430555814874,interpolado
0.06518243648729745,-0.001607611024491902,interpolado
0.06528225645129025,-0.0013998762966801234,interpolado
0.06538207641528304,-0.0013236768520153224,interpolado
0.06548189637927584,-0.0013505506703667565,interpolado
0.06558171634326866,-0.0014520357316036635,interpolado
0.06568153630726145,-0.0015996700155952726,interpolado
0.06578135627125424,-0.0017649915022107886,interpolado
0.06588117623524704,-0.0019195381713194874,interpolado
0.066,-0.00205,original
0.06608081616323264,-0.0020862789650487653,interpolado
0.06618063612722544,-0.002076565179322596,interpolado
0.06628045609121826,-0.0020203837278893275,interpolado
0.06638027605521105,-0.0019324613624111973,interpolado
0.06648009601920384,-0.00182752483455046,interpolado
0.06657991598319665,-0.0017203008959693264,interpolado
0.06667973594718946,-0.0016255162983300608,interpolado
0.06677955591118223,-0.0015578977932948752,interpolado
0.06687937587517505,-0.001532172132526025,interpolado
0.067,-0.001578,original
0.06707901580316065,-0.001662448741045489,interpolado
0.06717883576715343,-0.0018204895266208006,interpolado
0.06727865573114623,-0.002017400112069105,interpolado
0.06737847569513902,-0.0022333400281688213,interpolado
0.06747829565913181,-0.0024484688056983623,interpolado
0.06757811562312463,-0.0026429459754362277,interpolado
0.06767793558711742,-0.0027969310681608076,interpolado
0.06777775555111022,-0.0028905836146505865,interpolado
0.067877575515103,-0.002904063145683983,interpolado
0.068,-0.002782,original
0.0680772154430886,-0.00261495116307541,interpolado
0.06817703540708141,-0.002310976538248666,interpolado
0.06827685537107421,-0.00193505506618315,interpolado
0.06837667533506701,-0.0015167320793600442,interpolado
0.06847649529905982,-0.0010855529102603164,interpolado
0.06857631526305262,-0.0006710628913651093,interpolado
0.06867613522704541,-0.00030280735515555697,interpolado
0.06877595519103821,-1.0331634112640251e-05,interpolado
0.06887577515503102,0.00017681893928248114,interpolado
0.069,0.000218,original
0.06907541508301662,0.0001221012842021727,interpolado
0.06917523504700944,-0.00012467509258177198,interpolado
0.06927505501100223,-0.0004694636338885828,interpolado
0.069374874974995,-0.000870323756432645,interpolado
0.06947469493898781,-0.0012853148769285158,interpolado
0.0695745149029806,-0.0016724964120905363,interpolado
0.06967433486697341,-0.001989927778633262,interpolado
0.06977415483096622,-0.0021956683932710776,interpolado
0.069873974794959,-0.0022477776727184325,interpolado
0.07,-0.002029,original
0.0700736147229446,-0.0017289907114085381,interpolado
0.07017343468693742,-0.0011368083927277342,interpolado
0.07027325465093019,-0.00037010451841586997,interpolado
0.07037307461492301,0.0005285295637424068,interpolado
0.07047289457891581,0.001516502505962135,interpolado
0.07057271454290859,0.0025512229604583055,interpolado
0.0706725345069014,0.0035900995794463444,interpolado
0.0707723544708942,0.0045905410151411115,interpolado
0.070872174434887,0.005509955919758023,interpolado
0.071,0.006501,original
0.07107181436287258,0.006938612650960816,interpolado
0.07117163432686538,0.007400794207880614,interpolado
0.07127145429085818,0.007702231617329712,interpolado
0.07137127425485096,0.007853052924994941,interpolado
0.07147109421884378,0.007863386176562999,interpolado
0.07157091418283656,0.007743359417720658,interpolado
0.07167073414682937,0.007503100694154629,interpolado
0.07177055411082216,0.007152738051551727,interpolado
0.07187037407481495,0.006702399535598602,interpolado
0.072,0.005985,original
0.07207001400280055,0.005542978119101018,interpolado
0.07216983396679336,0.004862387220846217,interpolado
0.07226965393078615,0.004142185009941212,interpolado
0.07236947389477896,0.003404167773060172,interpolado
0.07246929385877175,0.0026701317968776646,interpolado
0.07256911382276457,0.001961873368067853,interpolado
0.07266893378675736,0.001301188773305209,interpolado
0.07276875375075015,0.0007098742992641785,interpolado
0.07286857371474297,0.00020972623261896535,interpolado
0.073,-0.000273,original
0.07306821364272856,-0.00043227152433778345,interpolado
0.07316803360672133,-0.000561421785656954,interpolado
0.07326785357071416,-0.0005877362488395907,interpolado
0.07336767353470694,-0.0005342785822380264,interpolado
0.07346749349869973,-0.00042411245420463867,interpolado
0.07356731346269255,-0.00028030153309175433,interpolado
0.07366713342668534,-0.00012590948725176555,interpolado
0.07376695339067814,1.600001496301334e-05,interpolado
0.07386677335467094,0.00012236330520020154,interpolado
0.074,0.000169,original
0.07406641328265653,0.00013797774122908393,interpolado
0.07416623324664931,2.5470636175640608e-05,interpolado
0.07426605321064211,-0.00015440865560676398,interpolado
0.07436587317463492,-0.0003884374960560641,interpolado
0.0744656931386277,-0.0006633932471101644,interpolado
0.07456551310262051,-0.0009660532707070872,interpolado
0.07466533306661333,-0.0012831949287846983,interpolado
0.07476515303060613,-0.0016015955832810302,interpolado
0.07486497299459892,-0.0019080325961339443,interpolado
0.075,-0.00228,original
0.07506461292258453,-0.0024319872529077807,interpolado
0.07516443288657731,-0.0026210626829197502,interpolado
0.07526425285057012,-0.0027402587012653645,interpolado
0.07536407281456291,-0.002773302081476676,interpolado
0.07546389277855571,-0.0027039195970857727,interpolado
0.07556371274254853,-0.002515838021624726,interpolado
0.07566353270654129,-0.0021927841286256684,interpolado
0.0757633526705341,-0.0017184846916205926,interpolado
0.0758631726345269,-0.001076666484141715,interpolado
0.076,0.000105,original
0.0760628125625125,0.0007714452322880719,interpolado
0.0761626325265053,0.001961542350417016,interpolado
0.07626245249049812,0.00325972821024183,interpolado
0.0763622724544909,0.004605846832338227,interpolado
0.0764620924184837,0.005939742237282496,interpolado
0.07656191238247648,0.007201258445650189,interpolado
0.0766617323464693,0.008330239478017573,interpolado
0.07676155231046208,0.009266529354960367,interpolado
0.07686137227445489,0.009949972097054406,interpolado
0.077,0.010367,original
0.07706101220244047,0.010322285435111407,interpolado
0.07716083216643328,0.009965793693793051,interpolado
0.07726065213042609,0.009310287178327383,interpolado
0.07736047209441889,0.008416298569639285,interpolado
0.07746029205841168,0.00734436054865324,interpolado
0.07756011202240448,0.006155005796294288,interpolado
0.07765993198639728,0.004908766993486827,interpolado
0.07775975195039009,0.003666176821155936,interpolado
0.07785957191438288,0.0024877679602260056,interpolado
0.078,0.001055,original
0.07805921184236847,0.0005629704095130359,interpolado
0.07815903180636126,-0.00010847279519552958,interpolado
0.07825885177035408,-0.0005951735402171274,interpolado
0.07835867173434687,-0.0009129050793833542,interpolado
0.07845849169833968,-0.0010774406665255952,interpolado
0.07855831166233247,-0.0011045535554753197,interpolado
0.07865813162632526,-0.0010100170000639976,interpolado
0.07875795159031806,-0.0008096042541231149,interpolado
0.07885777155431087,-0.0005190885714840785,interpolado
0.079,1.94e-05,original
0.07905741148229646,0.0002690230905724835,interpolado
0.07915723144628925,0.0007325602917534293,interpolado
0.07925705141028205,0.0012163766861522896,interpolado
0.07935687137427486,0.0017004259495191686,interpolado
0.07945669133826766,0.0021646617576039076,interpolado
0.07955651130226044,0.0025890377861566044,interpolado
0.07965633126625327,0.002953507710927163,interpolado
0.07975615123024606,0.003238025207665518,interpolado
0.07985597119423883,0.0034225439521217175,interpolado
0.08,0.003472,original
0.08005561112222444,0.0034125002585437274,interpolado
0.08015543108621725,0.003199669680951674,interpolado
0.08025525105021003,0.0028661086667476194,interpolado
0.08035507101420285,0.0024299528128171695,interpolado
0.08045489097819564,0.0019093377160461396,interpolado
0.08055471094218844,0.001322398973320083,interpolado
0.08065453090618122,0.0006872721815248584,interpolado
0.08075435087017403,2.2092937545987166e-05,interpolado
0.08085417083416682,-0.0006550031617307464,interpolado
0.081,-0.001628,original
0.08105381076215243,-0.0019726626819121457,interpolado
0.08115363072614523,-0.0025824673091879367,interpolado
0.08125345069013802,-0.0031469219476172646,interpolado
0.08135327065413084,-0.0036578161255172,interpolado
0.08145309061812363,-0.004106939371204838,interpolado
0.08155291058211642,-0.0044860812129974646,interpolado
0.08165273054610922,-0.004787031179212133,interpolado
0.08175255051010202,-0.005001578798166082,interpolado
0.0818523704740948,-0.005121513598176412,interpolado
0.082,-0.005108,original
0.0820520104020804,-0.005045474008166176,interpolado
0.08215183036607318,-0.004850720675589268,interpolado
0.082251650330066,-0.004578265139270904,interpolado
0.08235147029405879,-0.004252606411671708,interpolado
0.08245129025805162,-0.0038982435052521435,interpolado
0.08255111022204441,-0.0035396754324728084,interpolado
0.08265093018603718,-0.0032014012057943048,interpolado
0.08275075015003001,-0.0029079198376770923,interpolado
0.08285057011402278,-0.0026837303405818002,interpolado
0.083,-0.002531,original
0.08305021004200841,-0.002539942546877497,interpolado
0.08315003000600119,-0.0026377422875112,interpolado
0.083249849969994,-0.002812098200968821,interpolado
0.08334966993398678,-0.0030271424433481265,interpolado
0.0834494898979796,-0.003247007170746984,interpolado
0.08354930986197237,-0.003435824539263147,interpolado
0.0836491298259652,-0.0035577267049944766,interpolado
0.08374894978995802,-0.003576845824038747,interpolado
0.0838487697539508,-0.00345731405249379,interpolado
0.08394858971794358,-0.003163263546457379,interpolado
0.084,-0.002932,original
0.08414822964592919,-0.00195972951910879,interpolado
0.08424804960992202,-0.0011170978440232793,interpolado
0.0843478695739148,-0.00019139787410724215,interpolado
0.08444768953790761,0.0007587011492034639,interpolado
0.08454750950190039,0.0016745299844724735,interpolado
0.08464732946589319,0.002497419390263927,interpolado
0.084747149429886,0.0031687001251414926,interpolado
0.08484696939387879,0.0036297029476692437,interpolado
0.0849467893578716,0.003821758616410955,interpolado
0.085,0.003794,original
0.0851464292858572,0.0032268895670406017,interpolado
0.08524624924984998,0.002494980567838163,interpolado
0.08534606921384277,0.001552686239272498,interpolado
0.08544588917783558,0.00046020505419963,interpolado
0.08554570914182837,-0.0007222645145243407,interpolado
0.08564552910582116,-0.0019345239940438187,interpolado
0.08574534906981393,-0.0031163749115025465,interpolado
0.08584516903380673,-0.004207618794044927,interpolado
0.08594498899779954,-0.005148057168814742,interpolado
0.086,-0.00558,original
0.08614462892578514,-0.006377890177974741,interpolado
0.08624444888977793,-0.006666149971597257,interpolado
0.08634426885377072,-0.006766504257708485,interpolado
0.08644408881776354,-0.00670193234737286,interpolado
0.0865439087817563,-0.006495413551654823,interpolado
0.08664372874574912,-0.006169927181618844,interpolado
0.08674354870974194,-0.005748452548329455,interpolado
0.08684336867373474,-0.0052539689628510015,interpolado
0.08694318863772751,-0.0047094557362480855,interpolado
0.087,-0.004386,original
0.08714282856571313,-0.003557838207518446,interpolado
0.08724264852970592,-0.0029838617287747645,interpolado
0.08734246849369873,-0.002429769875114002,interpolado
0.08744228845769153,-0.0019094904439592986,interpolado
0.08754210842168433,-0.0014369512327334984,interpolado
0.08764192838567711,-0.0010260800388597194,interpolado
0.08774174834966993,-0.0006908046597608366,interpolado
0.08784156831366274,-0.0004450528928599019,interpolado
0.0879413882776555,-0.00030275253557991916,interpolado
0.088,-0.000273,original
0.08814102820564113,-0.0003681477861547731,interpolado
0.08824084816963391,-0.0005557967650286046,interpolado
0.08834066813362672,-0.0008201162008390497,interpolado
0.08844048809761951,-0.0011408448718680476,interpolado
0.08854030806161234,-0.00149772155639768,interpolado
0.0886401280256051,-0.0018704850327098388,interpolado
0.08873994798959792,-0.002238874079086621,interpolado
0.0888397679535907,-0.002582627473809917,interpolado
0.08893958791758352,-0.0028814839951618143,interpolado
0.089,-0.003032,original
0.08913922784556912,-0.003273738720089745,interpolado
0.0892390478095619,-0.0033580777064268407,interpolado
0.0893388677735547,-0.0033708959779539267,interpolado
0.0894386877375475,-0.0033146570842260558,interpolado
0.08953850770154032,-0.0031918245747982687,interpolado
0.08963832766553308,-0.003004861999225645,interpolado
0.08973814762952591,-0.002756232907063183,interpolado
0.0898379675935187,-0.0024484008478659978,interpolado
0.0899377875575115,-0.0020838293711890536,interpolado
0.09,-0.001829,original
0.09013742748549709,-0.001195041546965612,interpolado
0.0902372474494899,-0.0006780141171852288,interpolado
0.09033706741348267,-0.00011803159386816342,interpolado
0.0904368873774755,0.0004807889045136107,interpolado
0.09053670734146826,0.0011143302594877982,interpolado
0.09063652730546108,0.0017784753525824449,interpolado
0.09073634726945387,0.0024691070653253358,interpolado
0.09083616723344669,0.0031821082792442405,interpolado
0.09093598719743949,0.003913361875867227,interpolado
0.091,0.00439,original
0.09113562712542508,0.005409430920103552,interpolado
0.0912354470894179,0.006150736599933837,interpolado
0.09133526705341068,0.006867157044088537,interpolado
0.09143508701740347,0.007543268504443229,interpolado
0.09153490698139627,0.008163647232873108,interpolado
0.09163472694538909,0.008712869481253724,interpolado
0.09173454690938186,0.009175511501460305,interpolado
0.09183436687337468,0.009536149545368357,interpolado
0.09193418683736748,0.009779359864853182,interpolado
0.092,0.009868,original
0.09213382676535305,0.009865777270046134,interpolado
0.09223364672934586,0.009724557354555323,interpolado
0.09233346669333865,0.00948566011719352,interpolado
0.09243328665733146,0.009168457402413434,interpolado
0.09253310662132426,0.00879232105466783,interpolado
0.09263292658531705,0.008376622918409298,interpolado
0.09273274654930984,0.00794073483809065,interpolado
0.09283256651330266,0.007504028658164473,interpolado
0.09293238647729546,0.007085876223083521,interpolado
0.093,0.006823,original
0.09313202640528107,0.006370745702816007,interpolado
0.09323184636927385,0.006071616208152907,interpolado
0.09333166633326664,0.005796408330062296,interpolado
0.09343148629725945,0.0055334433232336585,interpolado
0.09353130626125225,0.0052710424423563175,interpolado
0.09363112622524505,0.004997526942119715,interpolado
0.09373094618923784,0.004701218077213292,interpolado
0.09383076615323063,0.004370437102326368,interpolado
0.09393058611722344,0.003993505272148439,interpolado
0.094,0.003698,original
0.09413022604520904,0.0030709049395580626,interpolado
0.09423004600920182,0.0025595928018325837,interpolado
0.09432986597319462,0.002057736564759774,interpolado
0.09442968593718742,0.001598056219425613,interpolado
0.09452950590118023,0.0012132717569158147,interpolado
0.09462932586517303,0.0009361031683163258,interpolado
0.09472914582916582,0.0007992704447129129,interpolado
0.09482896579315865,0.0008354935771914709,interpolado
0.09492878575715143,0.0010774925568377987,interpolado
0.095,0.001394,original
0.09512842568513703,0.0022735890477743625,interpolado
0.09522824564912984,0.003162638304688312,interpolado
0.09532806561312265,0.004155722836706527,interpolado
0.09542788557711544,0.005183829376661366,interpolado
0.09552770554110825,0.006177944657385626,interpolado
0.09562752550510104,0.007069055411711554,interpolado
0.09572734546909382,0.007788148372471906,interpolado
0.09582716543308661,0.008266210272499006,interpolado
0.09592698539707945,0.0084342278446255,interpolado
0.096,0.008321,original
0.09612662532506505,0.0076139370289532125,interpolado
0.09622644528905783,0.0066730370787601075,interpolado
0.0963262652530506,0.005478500740406688,interpolado
0.09642608521704342,0.004107867788418296,interpolado
0.09652590518103622,0.002638677997320757,interpolado
0.096625725145029,0.0011484711416399525,interpolado
0.09672554510902182,-0.0002852130040988559,interpolado
0.09682536507301459,-0.0015848346653696173,interpolado
0.09692518503700741,-0.00267285406764702,interpolado
0.097,-0.003303,original
0.097124824964993,-0.003942830256633872,interpolado
0.0972246449289858,-0.004118663607718705,interpolado
0.09732446489297861,-0.0040413716678570225,interpolado
0.0974242848569714,-0.0037527818904916905,interpolado
0.0975241048209642,-0.0032947217290656694,interpolado
0.09762392478495698,-0.0027090186370217146,interpolado
0.09772374474894979,-0.002037500067802774,interpolado
0.09782356471294258,-0.0013219934748518358,interpolado
0.0979233846769354,-0.0006043263116115896,interpolado
0.098,-7.82e-05,original
0.09812302460492098,0.0006815871793168459,interpolado
0.0982228445689138,0.0012111612790554748,interpolado
0.09832266453290657,0.0016572056118946007,interpolado
0.09842248449689937,0.0020144529746741013,interpolado
0.09852230446089218,0.002277636164233632,interpolado
0.09862212442488498,0.0024414879774130203,interpolado
0.09872194438887777,0.0025007412110519753,interpolado
0.09882176435287057,0.002450128661990268,interpolado
0.09892158431686335,0.0022843831270676347,interpolado
0.099,0.00207,original
0.09912122424484898,0.0015966310886132624,interpolado
0.09922104420884174,0.0011055577624612786,interpolado
0.09932086417283456,0.0005539984213167784,interpolado
0.09942068413682738,-2.912212352683291e-05,interpolado
0.09952050410082017,-0.0006148790607761288,interpolado
0.09962032406481298,-0.0011743475791379304,interpolado
0.09972014402880577,-0.001678602867318745,interpolado
0.09981996399279859,-0.0020987201140253713,interpolado
0.09991978395679138,-0.002405774507964391,interpolado
0.1,-0.002551,original
0.10011942388477699,-0.002583250453582591,interpolado
0.10021924384876978,-0.002472263331088921,interpolado
0.10031906381276257,-0.0022729961544747596,interpolado
0.10041888377675537,-0.0020204844590402658,interpolado
0.10051870374074814,-0.0017497637800854772,interpolado
0.10061852370474098,-0.0014958696529105396,interpolado
0.10071834366873375,-0.0012938376128155886,interpolado
0.10081816363272657,-0.0011787031951006766,interpolado
0.10091798359671933,-0.0011855019350659381,interpolado
0.101,-0.001307,original
0.10111762352470495,-0.001686650918827989,interpolado
0.10121744348869774,-0.0021716698809213716,interpolado
0.10131726345269051,-0.002771859931188857,interpolado
0.1014170834166833,-0.003454818517402727,interpolado
0.10151690338067614,-0.004188143087335609,interpolado
0.10161672334466891,-0.004939431088759746,interpolado
0.10171654330866171,-0.005676279969447785,interpolado
0.1018163632726545,-0.006366287177172062,interpolado
0.1019161832366473,-0.006977050159704929,interpolado
0.102,-0.007405,original
0.10211582316463289,-0.007835667052228344,interpolado
0.1022156431286257,-0.008038463504675198,interpolado
0.1023154630926185,-0.00806919407381314,interpolado
0.10241528305661132,-0.007912485415991207,interpolado
0.10251510302060411,-0.007552964187558355,interpolado
0.1026149229845969,-0.006975257044863698,interpolado
0.10271474294858972,-0.006163990644256075,interpolado
0.10281456291258251,-0.0051037916420845555,interpolado
0.10291438287657531,-0.0037792866946983446,interpolado
0.103,-0.002421,original
0.1031140228045609,-0.0003007263847134112,interpolado
0.1032138427685537,0.0017698049157052996,interpolado
0.1033136627325465,0.003951737652878285,interpolado
0.1034134826965393,0.006160366083788225,interpolado
0.10351330266053212,0.008310984465416893,interpolado
0.10361312262452489,0.010318887054746088,interpolado
0.10371294258851771,0.012099368108758451,interpolado
0.10381276255251048,0.013567721884435573,interpolado
0.10391258251650332,0.014639242638759943,interpolado
0.104,0.015185,original
0.10411222244448887,0.01529214859963135,interpolado
0.10421204240848168,0.014890090848575002,interpolado
0.10431186237247447,0.014103861435463567,interpolado
0.10441168233646726,0.01301421752421602,interpolado
0.10451150230046007,0.011701916278751862,interpolado
0.10461132226445288,0.010247714862989917,interpolado
0.10471114222844567,0.008732370440849575,interpolado
0.10481096219243846,0.007236640176250241,interpolado
0.10491078215643128,0.005841281233110703,interpolado
0.105,0.004745,original
0.10511042208441687,0.0036466416346268562,interpolado
0.10521024204840967,0.0028712968319369054,interpolado
0.10531006201240249,0.002257357287054748,interpolado
0.10540988197639527,0.001761188760526231,interpolado
0.10550970194038807,0.001339157012897519,interpolado
0.1056095219043809,0.0009476278047145132,interpolado
0.10570934186837369,0.0005429668965232885,interpolado
0.1058091618323665,8.154004886992781e-05,interpolado
0.1059089817963593,-0.0004802869776996783,interpolado
0.106,-0.001117,original
0.10610862172434489,-0.00205817534142225,interpolado
0.10620844168833767,-0.0030525595190713075,interpolado
0.10630826165233048,-0.0041127956093757745,interpolado
0.10640808161632326,-0.005182389707054045,interpolado
0.10650790158031605,-0.00620484790682451,interpolado
0.10660772154430888,-0.007123676303405985,interpolado
0.10670754150830164,-0.007882380991516755,interpolado
0.10680736147229446,-0.008424468065875563,interpolado
0.10690718143628726,-0.008693443621200817,interpolado
0.107,-0.008649,original
0.10710682136427284,-0.00821272845051854,interpolado
0.10720664132826564,-0.007489636675500021,interpolado
0.10730646129225846,-0.006537496850711005,interpolado
0.10740628125625123,-0.005430259897689361,interpolado
0.10750610122024404,-0.004241876737972399,interpolado
0.10760592118423686,-0.0030462982930978904,interpolado
0.10770574114822967,-0.0019174754846036084,interpolado
0.10780556111222246,-0.0009293592340268575,interpolado
0.10790538107621526,-0.00015590046290551453,interpolado
0.108,0.000312,original
0.10810502100420086,0.00047815234651908494,interpolado
0.10820484096819366,0.0003367125860940957,interpolado
0.10830466093218646,-3.066981691747231e-05,interpolado
0.10840448089617927,-0.0005592985741053161,interpolado
0.10850430086017206,-0.0011844773970593617,interpolado
0.10860412082416487,-0.0018415099973693215,interpolado
0.10870394078815766,-0.0024657000866248908,interpolado
0.10880376075215044,-0.002992351376416022,interpolado
0.10890358071614323,-0.0033567675783323665,interpolado
0.109,-0.003494,original
0.1091032206441288,-0.0033597292026064014,interpolado
0.10920304060812164,-0.002978970345294555,interpolado
0.10930286057211444,-0.002393742280828885,interpolado
0.1094026805361072,-0.0016458107564116275,interpolado
0.10950250050010003,-0.0007769415192447061,interpolado
0.10960232046409281,0.0001710996834695239,interpolado
0.10970214042808561,0.0011565471045292019,interpolado
0.10980196039207842,0.002137634996732071,interpolado
0.10990178035607122,0.003072597612875877,interpolado
0.11,0.003907,original
0.11010142028405681,0.004645338258306383,interpolado
0.11020124024804961,0.005247559541198016,interpolado
0.11030106021204243,0.005731785121589053,interpolado
0.11040088017603521,0.006103467034207,interpolado
0.11050070014002804,0.006368057313779167,interpolado
0.11060052010402084,0.00653100799503291,interpolado
0.11070034006801363,0.0065977711126956546,interpolado
0.1108001600320064,0.006573798701494756,interpolado
0.11089997999599922,0.006464542796157589,interpolado
0.111,0.006275,original
0.1110996199239848,0.006011181614710016,interpolado
0.11119943988797762,0.005673118778439137,interpolado
0.11129925985197038,0.005261847565415778,interpolado
0.1113990798159632,0.0047779486184500826,interpolado
0.11149889977995597,0.004222002580352449,interpolado
0.11159871974394879,0.003594590093932986,interpolado
0.1116985397079416,0.002896291802002025,interpolado
0.11179835967193437,0.002127688347369941,interpolado
0.11189817963592717,0.0012893603728467828,interpolado
0.112,0.000363,original
0.11209781956391278,-0.0005866183778820876,interpolado
0.11219763952790558,-0.001576072386149029,interpolado
0.11229745949189837,-0.0025378956377053626,interpolado
0.11239727945589116,-0.0034235102023171754,interpolado
0.11249709941988396,-0.004184338149750048,interpolado
0.11259691938387677,-0.004771801549770006,interpolado
0.11269673934786958,-0.0051373224721427534,interpolado
0.11279655931186239,-0.005232322986634103,interpolado
0.11289637927585519,-0.0050082251630099005,interpolado
0.113,-0.004386,original
0.11309601920384078,-0.003429417190506338,interpolado
0.11319583916783359,-0.0021136886575038047,interpolado
0.11329565913182639,-0.0005622111375246963,interpolado
0.11339547909581918,0.001132068401844913,interpolado
0.11349529905981197,0.0028762029930188664,interpolado
0.11359511902380481,0.004577245668411741,interpolado
0.11369493898779758,0.006142249460437178,interpolado
0.11379475895179039,0.007478267401509704,interpolado
0.11389457891578318,0.00849235252404318,interpolado
0.114,0.009111,original
0.11409421884376877,0.009205621626181848,interpolado
0.11419403880776156,0.008871691620466592,interpolado
0.11429385877175437,0.008158673470114293,interpolado
0.11439367873574717,0.0071354775679295145,interpolado
0.11449349869973997,0.005871014306716347,interpolado
0.11459331866373275,0.004434194079279298,interpolado
0.11469313862772557,0.0028939272784229714,interpolado
0.11479295859171834,0.0013191242969513108,interpolado
0.11489277855571114,-0.00022130447233088,interpolado
0.115,-0.001759,original
0.11509241848369674,-0.002932821587231686,interpolado
0.11519223844768953,-0.004032055973339426,interpolado
0.11529205841168236,-0.004958481216746627,interpolado
0.11539187837567515,-0.005714431579916422,interpolado
0.11549169833966791,-0.006302241325312408,interpolado
0.11559151830366074,-0.006724244715397864,interpolado
0.11569133826765354,-0.006982776012636156,interpolado
0.11579115823164633,-0.00708016947949074,interpolado
0.11589097819563912,-0.007018759378424987,interpolado
0.116,-0.006773,original
0.11609061812362471,-0.0064324652646650235,interpolado
0.11619043808761752,-0.005938461151832463,interpolado
0.1162902580516103,-0.005350066990360079,interpolado
0.11639007801560312,-0.004698485906413103,interpolado
0.11648989797959591,-0.004014921026156481,interpolado
0.11658971794358872,-0.003330575475755534,interpolado
0.11668953790758153,-0.0026766523813752004,interpolado
0.11678935787157434,-0.0020843548691807114,interpolado
0.11688917783556708,-0.0015848860653372644,interpolado
0.117,-0.001177,original
0.11708881776355269,-0.0009823613301703769,interpolado
0.1171886377275455,-0.0008895144736867645,interpolado
0.1172884576915383,-0.0009034764070389454,interpolado
0.11738827765553113,-0.0009968019221771318,interpolado
0.1174880976195239,-0.0011420458110515319,interpolado
0.11758791758351668,-0.0013117628656123268,interpolado
0.11768773754750952,-0.0014785078778097713,interpolado
0.1177875575115023,-0.0016148356395940312,interpolado
0.11788737747549512,-0.0016933009429153513,interpolado
0.118,-0.001678,original
0.11808701740348071,-0.0015711048480220847,interpolado
0.11818683736747351,-0.0013490549047567902,interpolado
0.11828665733146627,-0.0010312654203767351,interpolado
0.11838647729545909,-0.0006287065733674913,interpolado
0.11848629725945188,-0.00015234854221475819,interpolado
0.11858611722344467,0.0003868384945957245,interpolado
0.11868593718743749,0.000977884358578446,interpolado
0.11878575715143025,0.0016098188712475835,interpolado
0.11888557711542305,0.0022716718541176536,interpolado
0.119,0.003053,original
0.11908521704340864,0.00364016234886073,interpolado
0.11918503700740145,0.004315879183799574,interpolado
0.11928485697139425,0.004958146165416106,interpolado
0.11938467693538708,0.005545480339894427,interpolado
0.11948449689937987,0.0060563987534183,interpolado
0.11958431686337266,0.006469418452171797,interpolado
0.11968413682736548,0.00676305648233876,interpolado
0.11978395679135825,0.006915829890103102,interpolado
0.11988377675535104,0.00690625572164879,interpolado
0.12,0.006662,original
0.12008341668333666,0.0063193804867315686,interpolado
0.12018323664732943,0.005744239731366675,interpolado
0.12028305661132226,0.005019858111739782,interpolado
0.12038287657531507,0.004178704884824525,interpolado
0.12048269653930785,0.0032532493075945954,interpolado
0.12058251650330064,0.0022759606370233018,interpolado
0.12068233646729346,0.0012793081300844652,interpolado
0.12078215643128627,0.00029576104375137136,interpolado
0.12088197639527908,-0.0006422113650022785,interpolado
0.121,-0.001648,original
0.12108161632326465,-0.0022554675946811057,interpolado
0.12118143628725746,-0.002900970558171392,interpolado
0.12128125625125029,-0.003449082162051038,interpolado
0.12138107621524306,-0.003910279249220209,interpolado
0.12148089617923587,-0.004295038662579358,interpolado
0.12158071614322867,-0.004613837245028736,interpolado
0.12168053610722147,-0.004877151839468633,interpolado
0.12178035607121429,-0.005095459288799446,interpolado
0.12188017603520707,-0.005279236435921435,interpolado
0.122,-0.005469,original
0.12207981596319266,-0.005583781016369723,interpolado
0.12217963592718545,-0.0057130358645768545,interpolado
0.12227945589117825,-0.005821657849645747,interpolado
0.12237927585517104,-0.005904559275130544,interpolado
0.12247909581916386,-0.005956652444585446,interpolado
0.1225789157831566,-0.00597284966156461,interpolado
0.12267873574714942,-0.0059480632296222205,interpolado
0.12277855571114227,-0.005877205452312443,interpolado
0.122878375675135,-0.005755188633189471,interpolado
0.123,-0.00553,original
0.12307801560312064,-0.0053396547925136035,interpolado
0.12317783556711343,-0.005058877172697422,interpolado
0.12327765553110624,-0.0047587078677478216,interpolado
0.12337747549509903,-0.004463313346673547,interpolado
0.12347729545909181,-0.004196860078483225,interpolado
0.12357711542308461,-0.003983514532185637,interpolado
0.12367693538707741,-0.0038474431767894298,interpolado
0.12377675535107023,-0.0038128124813033475,interpolado
0.12387657531506302,-0.0039037889147360777,interpolado
0.124,-0.004226,original
0.12407621524304864,-0.00455407965960905,interpolado
0.1241760352070414,-0.005108576144929582,interpolado
0.12427585517103422,-0.005762936048359664,interpolado
0.124375675135027,-0.0064719140390954956,interpolado
0.12447549509901981,-0.007190264786333013,interpolado
0.12457531506301257,-0.007872742959268143,interpolado
0.1246751350270054,-0.008474103227097102,interpolado
0.12477495499099822,-0.008949100259015753,interpolado
0.12487477495499101,-0.009252488724220251,interpolado
0.125,-0.009321,original
0.12507441488297663,-0.009169848001311494,interpolado
0.1251742348469694,-0.008762562598074349,interpolado
0.12527405481096218,-0.00816419741681518,interpolado
0.125373874774955,-0.0074220370301080274,interpolado
0.12547369473894782,-0.006583366010526859,interpolado
0.12557351470294065,-0.005695468930645645,interpolado
0.1256733346669334,-0.0048056303630385905,interpolado
0.1257731546309262,-0.003961134880279157,interpolado
0.125872974594919,-0.0032092670549415613,interpolado
0.126,-0.002461,original
0.1260726145229046,-0.00216791681140662,interpolado
0.1261724344868974,-0.0019201980941249573,interpolado
0.1262722544508902,-0.0018294295099600653,interpolado
0.126372074414883,-0.0018706414650291436,interpolado
0.1264718943788758,-0.0020188643654492984,interpolado
0.12657171434286857,-0.002249128617337563,interpolado
0.12667153430686137,-0.0025364646268111776,interpolado
0.12677135427085418,-0.002855902799987195,interpolado
0.12687117423484698,-0.003182473542982722,interpolado
0.127,-0.003574,original
0.12707081416283256,-0.0037583844514885176,interpolado
0.1271706341268254,-0.003972774780413198,interpolado
0.12727045409081816,-0.004130330707004237,interpolado
0.12737027405481097,-0.0042270905978545135,interpolado
0.1274700940188038,-0.004259092819556901,interpolado
0.12756991398279655,-0.004222375738704299,interpolado
0.12766973394678935,-0.004112977721889559,interpolado
0.12776955391078218,-0.003926937135705561,interpolado
0.12786937387477496,-0.0036602923467451798,interpolado
0.128,-0.003183,original
0.12806901380276056,-0.002871155591364733,interpolado
0.1281688337667533,-0.002363645359444369,interpolado
0.12826865373074614,-0.0018153243995649828,interpolado
0.12836847369473897,-0.001255127244450354,interpolado
0.12846829365873175,-0.0007119884268242623,interpolado
0.12856811362272455,-0.00021484247941061556,interpolado
0.12866793358671735,0.00020737606506708746,interpolado
0.12876775355071016,0.000525732673884924,interpolado
0.12886757351470296,0.0007112928143191127,interpolado
0.129,0.000703,original
0.12906721344268854,0.0005725781993032627,interpolado
0.12916703340668137,0.0002477309925098536,interpolado
0.12926685337067417,-0.00018447982060254775,interpolado
0.12936667333466698,-0.0006686243110967318,interpolado
0.12946649329865975,-0.0011492725500353651,interpolado
0.12956631326265253,-0.0015709946084815182,interpolado
0.12966613322664536,-0.0018783605574978473,interpolado
0.12976595319063816,-0.0020159404681471442,interpolado
0.12986577315463096,-0.001928304411492201,interpolado
0.13,-0.001358,original
0.13006541308261654,-0.0008617110748301015,interpolado
0.13016523304660935,0.00014274626976375814,interpolado
0.13026505301060212,0.0013807436304326634,interpolado
0.13036487297459495,0.0027787951518256603,interpolado
0.13046469293858773,0.0042634149785913695,interpolado
0.13056451290258048,0.005761117255379668,interpolado
0.13066433286657328,0.007198416126839202,interpolado
0.1307641528305661,0.008501825737619009,interpolado
0.13086397279455894,0.009597860232368124,interpolado
0.131,0.010625,original
0.1310636127225445,0.010879250379998949,interpolado
0.13116343268653727,0.010998259001902759,interpolado
0.1312632526505301,0.01082053511503885,interpolado
0.1313630726145229,0.010397548100659348,interpolado
0.13146289257851568,0.009780767340016578,interpolado
0.13156271254250848,0.009021662214362316,interpolado
0.13166253250650128,0.00817170210494884,interpolado
0.1317623524704941,0.007282356393028285,interpolado
0.13186217243448692,0.006405094459852775,interpolado
0.132,0.005309,original
0.13206181236247247,0.004890706973595643,interpolado
0.1321616323264653,0.0043248803099969705,interpolado
0.1322614522904581,0.0038954915123170474,interpolado
0.13236127225445085,0.003603663185224439,interpolado
0.13246109221844365,0.00345051793338749,interpolado
0.1325609121824365,0.003437178361474805,interpolado
0.1326607321464293,0.0035647670741548883,interpolado
0.1327605521104221,0.003834406676096247,interpolado
0.13286037207441484,0.00424721977196725,interpolado
0.133,0.005067,original
0.13306001200240045,0.005505789117963754,interpolado
0.13315983196639328,0.006335754271776304,interpolado
0.13325965193038608,0.007266176665044691,interpolado
0.13335947189437886,0.00826869688754248,interpolado
0.13345929185837166,0.009314955529044083,interpolado
0.13355911182236446,0.010376593179323072,interpolado
0.13365893178635727,0.011425250428153297,interpolado
0.13375875175035007,0.01243256786530861,interpolado
0.1338585717143429,0.013370186080562603,interpolado
0.134,0.014524,original
0.13405821164232848,0.014923691777067894,interpolado
0.1341580316063213,0.01549734913048117,interpolado
0.13425785157031406,0.015926405538883352,interpolado
0.13435767153430683,0.016206842633794443,interpolado
0.13445749149829964,0.01633464204673464,interpolado
0.13455731146229247,0.01630578540922389,interpolado
0.13465713142628524,0.01611625435278224,interpolado
0.13475695139027807,0.01576203050892974,interpolado
0.13485677135427082,0.0152390955091866,interpolado
0.135,0.014186,original
0.13505641128225646,0.013672146091092987,interpolado
0.13515623124624926,0.0126417913050827,interpolado
0.13525605121024206,0.01148531721068796,interpolado
0.13535587117423484,0.010236188147996003,interpolado
0.13545569113822764,0.008927868457095024,interpolado
0.13555551110222047,0.007593822478072913,interpolado
0.13565533106621325,0.00626751455101756,interpolado
0.13575515103020602,0.004982409016017206,interpolado
0.13585497099419885,0.0037719702131590155,interpolado
0.136,0.002215,original
0.13605461092218443,0.0017076397597971288,interpolado
0.13615443088617726,0.0008936650288827873,interpolado
0.13625425085017004,0.0002139317980904297,interpolado
0.13635407081416284,-0.00034610985880559596,interpolado
0.13645389077815565,-0.0008010098680303598,interpolado
0.13655371074214845,-0.001165318155809139,interpolado
0.13665353070614122,-0.0014535846483672108,interpolado
0.13675335067013403,-0.0016803592719297972,interpolado
0.13685317063412686,-0.001860191952722297,interpolado
0.137,-0.00207,original
0.13705281056211244,-0.0021366413033417457,interpolado
0.13715263052610524,-0.002249296909569978,interpolado
0.13725245049009802,-0.0023366647421145404,interpolado
0.13735227045409082,-0.0023893940425723406,interpolado
0.13745209041808362,-0.0023981340525402062,interpolado
0.13755191038207643,-0.0023535340136149933,interpolado
0.1376517303460692,-0.0022462431673935575,interpolado
0.137751550310062,-0.002066910755472817,interpolado
0.1378513702740548,-0.0018061860194495288,interpolado
0.138,-0.001247,original
0.13805101020204044,-0.001004089293314524,interpolado
0.13815083016603322,-0.00046626374694311805,interpolado
0.13825065013002602,0.00012698926563264605,interpolado
0.1383504700940188,0.0007430833968954516,interpolado
0.13845029005801163,0.0013494322993281192,interpolado
0.1385501100220044,0.0019134496254134712,interpolado
0.1386499299859972,0.002402549027634205,interpolado
0.13874974994999,0.00278414415847342,interpolado
0.1388495699139828,0.00302564867041379,interpolado
0.13894938987797562,0.003094476215938136,interpolado
0.139,0.003053,original
0.13914902980596117,0.002624085179143196,interpolado
0.139248849769954,0.0021268018828797188,interpolado
0.1393486697339468,0.001507769539986691,interpolado
0.13944848969793958,0.0008071151322216434,interpolado
0.1395483096619324,6.496564134211163e-05,interpolado
0.13964812962592518,-0.0006785519508941703,interpolado
0.13974794958991799,-0.0013833106627300893,interpolado
0.13984776955391082,-0.0020091835124079072,interpolado
0.13994758951790356,-0.002516043518170087,interpolado
0.14,-0.002721,original
0.14014722944588917,-0.00304917344553264,interpolado
0.14024704940988197,-0.003095881700425288,interpolado
0.14034686937387478,-0.0030341003347996265,interpolado
0.14044668933786755,-0.002892807260876505,interpolado
0.14054650930186036,-0.0027009803908768326,interpolado
0.14064632926585316,-0.0024875976370213443,interpolado
0.1407461492298459,-0.0022816369115309376,interpolado
0.14084596919383874,-0.0021120761266264637,interpolado
0.14094578915783154,-0.002007893194528771,interpolado
0.141,-0.001989,original
0.14114542908581712,-0.002078144839202048,interpolado
0.14124524904980995,-0.002217075454866662,interpolado
0.14134506901380273,-0.0023779477784813124,interpolado
0.14144488897779556,-0.0025248828306874667,interpolado
0.14154470894178833,-0.0026220016321265712,interpolado
0.14164452890578116,-0.002633425203440155,interpolado
0.14174434886977394,-0.002523274565269648,interpolado
0.14184416883376677,-0.002255670738256518,interpolado
0.14194398879775955,-0.001794734743042228,interpolado
0.142,-0.001438,original
0.14214362872574518,-0.00020136898484598558,interpolado
0.14224344868973796,0.0008535430241673305,interpolado
0.14234326865373076,0.001989780882415179,interpolado
0.14244308861772356,0.0031384531535091987,interpolado
0.14254290858171637,0.004230668401060743,interpolado
0.14264272854570914,0.00519753518868207,interpolado
0.14274254850970194,0.005970162079984509,interpolado
0.14284236847369475,0.006479657638579702,interpolado
0.14294218843768755,0.006657130428079285,interpolado
0.143,0.006581,original
0.14314182836567316,0.005809743554536285,interpolado
0.14324164832966593,0.004851269835612973,interpolado
0.14334146829365874,0.0036361402987731954,interpolado
0.14344128825765154,0.002240426600070675,interpolado
0.14354110822164431,0.000740200395557926,interpolado
0.14364092818563715,-0.0007884666587113658,interpolado
0.14374074814962995,-0.0022695029066838912,interpolado
0.14384056811362275,-0.003626836692306335,interpolado
0.14394038807761556,-0.004784396359525101,interpolado
0.144,-0.005349,original
0.14414002800560116,-0.006250552036055105,interpolado
0.14423984796959394,-0.006572324132379853,interpolado
0.14433966793358677,-0.0066754199916868534,interpolado
0.14443948789757952,-0.0066025393243063415,interpolado
0.1445393078615723,-0.006396381840568469,interpolado
0.14463912782556507,-0.00609964725080343,interpolado
0.1447389477895579,-0.005755035265341425,interpolado
0.14483876775355073,-0.005405245594512654,interpolado
0.14493858771754345,-0.005092977948647389,interpolado
0.145,-0.004938,original
0.14513822764552908,-0.004728294821173937,interpolado
0.1452380476095219,-0.004688213335156174,interpolado
0.14533786757351466,-0.00472975504686945,interpolado
0.14543768753750744,-0.004842491820754827,interpolado
0.14553750750150027,-0.005015995521253462,interpolado
0.14563732746549307,-0.005239838012806437,interpolado
0.14573714742948587,-0.005503591159854847,interpolado
0.14583696739347865,-0.005796826826839787,interpolado
0.14593678735747145,-0.0061091168782022726,interpolado
0.146,-0.006312,original
0.14613642728545706,-0.006744125036071231,interpolado
0.14623624724944986,-0.007029951157355046,interpolado
0.14633606721344267,-0.007265182499417853,interpolado
0.14643588717743547,-0.007427587053660975,interpolado
0.14653570714142825,-0.007494932811485539,interpolado
0.14663552710542108,-0.007444987764292735,interpolado
0.14673534706941385,-0.007255519903483759,interpolado
0.14683516703340668,-0.006904297220459927,interpolado
0.14693498699739949,-0.006369087706622242,interpolado
0.147,-0.005911,original
0.1471346269253851,-0.004691009852667462,interpolado
0.1472344468893779,-0.0036127128204858755,interpolado
0.14733426685337067,-0.0024523812580310583,interpolado
0.14743408681736345,-0.0012690538795130856,interpolado
0.14753390678135628,-0.0001217693991430069,interpolado
0.14763372674534908,0.0009304334688684478,interpolado
0.14773354670934186,0.0018285160103105446,interpolado
0.14783336667333463,0.0025134395109723947,interpolado
0.14793318663732744,0.0029261652566436583,interpolado
0.148,0.003021,original
0.148132826565313,0.002749960880049116,interpolado
0.14823264652930587,0.0022152989211886194,interpolado
0.14833246649329865,0.0014755218311392647,interpolado
0.14843228645729142,0.0006016988087093837,interpolado
0.14853210642128423,-0.0003351009472920826,interpolado
0.14863192638527706,-0.0012638082380563719,interpolado
0.14873174634926986,-0.0021133538647747255,interpolado
0.14883156631326264,-0.002812668628638215,interpolado
0.14893138627725544,-0.0032906833308384864,interpolado
0.149,-0.003454,original
0.14913102620524105,-0.0033442651683091907,interpolado
0.14923084616923382,-0.0029363209501837573,interpolado
0.14933066613322665,-0.002303362541305619,interpolado
0.14943048609721943,-0.0014956385681752558,interpolado
0.14953030606121223,-0.0005633976572930721,interpolado
0.14963012602520506,0.00044311156484052786,interpolado
0.14972994598919784,0.0014736404717248562,interpolado
0.14982976595319059,0.002477940436860093,interpolado
0.14992958591718342,0.003405762833745548,interpolado
0.15,0.003987,original
0.15012922584516902,0.004855678029315507,interpolado
0.1502290458091618,0.005365400888075527,interpolado
0.1503288657731546,0.005754368361564933,interpolado
0.1504286857371474,0.00604063018817515,interpolado
0.15052850570114024,0.006242236106297763,interpolado
0.150628325665133,0.006377235854324355,interpolado
0.15072814562912576,0.006463679170646492,interpolado
0.1508279655931186,0.006519615793655803,interpolado
0.1509277855571114,0.006563095461743842,interpolado
0.151,0.006597,original
0.15112742548509703,0.006670209638067562,interpolado
0.1512272454490898,0.006716067195654644,interpolado
0.15132706541308263,0.006725319650538685,interpolado
0.15142688537707538,0.0066736952590930225,interpolado
0.1515267053410682,0.006536922277691013,interpolado
0.15162652530506102,0.006290728962706005,interpolado
0.15172634526905382,0.005910843570511481,interpolado
0.1518261652330466,0.005372994357480585,interpolado
0.15192598519703943,0.004652909579986758,interpolado
0.152,0.003987,original
0.15212562512502495,0.0025985511429064607,interpolado
0.15222544508901778,0.0013276262881940306,interpolado
0.1523252650530106,-2.1360279991146274e-05,interpolado
0.15242508501700336,-0.0013835683692305586,interpolado
0.1525249049809962,-0.002694157787105704,interpolado
0.15262472494498897,-0.0038882883411977594,interpolado
0.1527245449089818,-0.004901119839088901,interpolado
0.1528243648729746,-0.005667812088360263,interpolado
0.15292418483696738,-0.0061235248965933395,interpolado
0.153,-0.006222,original
0.15312382476495298,-0.0058810860303354605,interpolado
0.15322364472894576,-0.005202836637332248,interpolado
0.15332346469293856,-0.0042249198721843705,interpolado
0.15342328465693136,-0.003003305691351004,interpolado
0.1535231046209242,-0.0015939640512913256,interpolado
0.15362292458491694,-5.2864908464954536e-05,interpolado
0.1537227445489098,0.001564021780669802,interpolado
0.15382256451290258,0.0032007260596533583,interpolado
0.1539223844768954,0.004801277972026533,interpolado
0.154,0.005985,original
0.154122024404881,0.007679362452287949,interpolado
0.15422184436887376,0.008882309667882424,interpolado
0.15432166433286656,0.009893238573744051,interpolado
0.15442148429685937,0.010686782394184078,interpolado
0.15452130426085214,0.011237574353513748,interpolado
0.15462112422484495,0.01152024767604427,interpolado
0.15472094418883775,0.011509435586087049,interpolado
0.15482076415283055,0.011179771307953218,interpolado
0.15492058411682336,0.010505888065954021,interpolado
0.155,0.009707,original
0.15512022404480894,0.008061537845185927,interpolado
0.15522004400880174,0.006395428479907981,interpolado
0.15531986397279454,0.004567829635609646,interpolado
0.15541968393678737,0.002682296443158898,interpolado
0.15551950390078015,0.000842384033424193,interpolado
0.15561932386477295,-0.0008483524627275385,interpolado
0.15571914382876575,-0.002286357914427808,interpolado
0.15581896379275853,-0.0033680771908086438,interpolado
0.15591878375675133,-0.00398995516100208,interpolado
0.156,-0.004085,original
0.15611842368473697,-0.0035037909708839233,interpolado
0.15621824364872974,-0.0024604701365778824,interpolado
0.15631806361272255,-0.001044503383490059,interpolado
0.15641788357671535,0.0006183275360872418,interpolado
0.15651770354070813,0.0024022408698612147,interpolado
0.15661752350470093,0.004181454865540576,interpolado
0.1567173434686937,0.005830187770832537,interpolado
0.15681716343268653,0.007222657833444792,interpolado
0.15691698339667934,0.008233083301085043,interpolado
0.157,0.008692,original
0.15711662332466492,0.008665484241884167,interpolado
0.15721644328865772,0.008103012464532874,interpolado
0.15731626325265052,0.00715145243422323,interpolado
0.1574160832166433,0.00591380760406056,interpolado
0.1575159031806361,0.0044930814271506025,interpolado
0.1576157231446289,0.002992277356597871,interpolado
0.1577155431086217,0.0015143988455080671,interpolado
0.1578153630726145,0.0001624493469865177,interpolado
0.1579151830366073,-0.0009605676858611794,interpolado
0.158,-0.001658,original
0.1581148229645929,-0.002149255573040886,interpolado
0.1582146429285857,-0.002196849838632262,interpolado
0.15831446289257853,-0.0019549760151335383,interpolado
0.1584142828565713,-0.0014840860234501436,interpolado
0.15851410282056413,-0.0008446317844870818,interpolado
0.1586139227845569,-9.706521914972648e-05,interpolado
0.15871374274854974,0.0006981617516566464,interpolado
0.1588135627125425,0.001480597207026763,interpolado
0.1589133826765353,0.0021897892260551647,interpolado
0.159,0.002699,original
0.15911302260452093,0.003165689151087587,interpolado
0.15921284256851373,0.003400636969853623,interpolado
0.1593126625325065,0.003488465120714009,interpolado
0.15941248249649928,0.003447479008493222,interpolado
0.15951230246049208,0.0032959840380156827,interpolado
0.1596121224244849,0.003052285614105834,interpolado
0.15971194238847772,0.0027346891415881234,interpolado
0.1598117623524705,0.002361500025286998,interpolado
0.15991158231646324,0.001951023670027025,interpolado
0.16,0.001571,original
0.16011122224444888,0.0010872932889633294,interpolado
0.16021104220844165,0.0006506582870327841,interpolado
0.16031086217243448,0.0002120151524082552,interpolado
0.16041068213642726,-0.00022827697928319367,interpolado
0.16051050210042006,-0.0006698589724148658,interpolado
0.16061032206441286,-0.0011123716913596976,interpolado
0.16071014202840567,-0.001555456000490748,interpolado
0.16080996199239847,-0.0019987527641809532,interpolado
0.16090978195639127,-0.0024419028468036174,interpolado
0.161,-0.002842,original
0.16110942188437688,-0.0033212448994109135,interpolado
0.16120924184836968,-0.003731349025903961,interpolado
0.16130906181236243,-0.004091350433102953,interpolado
0.16140888177635526,-0.004377743495549848,interpolado
0.16150870174034807,-0.004567022587786286,interpolado
0.16160852170434087,-0.004635682084354016,interpolado
0.1617083416683337,-0.0045602163597947935,interpolado
0.16180816163232645,-0.004317119788650456,interpolado
0.16190798159631928,-0.003882886745462627,interpolado
0.162,-0.003293,original
0.16210762152430486,-0.002364464105085904,interpolado
0.16220744148829772,-0.0013234581541170184,interpolado
0.16230726145229044,-0.0001711575630169669,interpolado
0.16240708141628327,0.001032280513982966,interpolado
0.1625069013802761,0.00222669892265053,interpolado
0.16260672134426885,0.0033519405087537816,interpolado
0.1627065413082617,0.004347848118060784,interpolado
0.16280636127225448,0.0051542645963394,interpolado
0.16290618123624725,0.005711032789358151,interpolado
0.163,0.005953,original
0.1631058211642329,0.005857138410155714,interpolado
0.1632056411282257,0.005444372255049107,interpolado
0.16330546109221844,0.004771054675152271,interpolado
0.16340528105621127,0.003888539229483187,interpolado
0.16350510102020407,0.0028481794770603744,interpolado
0.16360492098419685,0.0017013289769021998,interpolado
0.16370474094818963,0.0004993412880273668,interpolado
0.16380456091218243,-0.0007064300305464364,interpolado
0.16390438087617523,-0.0018646314198005152,interpolado
0.164,-0.002882,original
0.16410402080416084,-0.0038428577620045925,interpolado
0.1642038407681536,-0.004615137056197547,interpolado
0.1643036607321464,-0.005242136790078905,interpolado
0.1644034806961392,-0.005725245895243994,interpolado
0.16450330066013202,-0.0060658533032883835,interpolado
0.16460312062412483,-0.006265347945807636,interpolado
0.1647029405881176,-0.00632511875439732,interpolado
0.1648027605521104,-0.006246554660653033,interpolado
0.1649025805161032,-0.006031044596170306,interpolado
0.165,-0.00569,original
0.16510222044408876,-0.005200552340680985,interpolado
0.16520204040808162,-0.0046215902408786435,interpolado
0.1653018603720744,-0.003976941862057963,interpolado
0.1654016803360672,-0.0033004577978974917,interpolado
0.16550150030006006,-0.0026259886420756306,interpolado
0.16560132026405278,-0.0019873849882707743,interpolado
0.1657011402280456,-0.0014184974301614662,interpolado
0.1658009601920384,-0.0009531765614257831,interpolado
0.1659007801560312,-0.0006252729757422892,interpolado
0.166,-0.000469,original
0.16610042008401682,-0.0005049899543032504,interpolado
0.16620024004800957,-0.0007083985513604592,interpolado
0.16630006001200237,-0.0010412302518209482,interpolado
0.16639987997599523,-0.0014658522521334004,interpolado
0.166499699939988,-0.0019446317487465355,interpolado
0.16659951990398078,-0.0024399359381089354,interpolado
0.16669933986797358,-0.002914132016669604,interpolado
0.1667991598319664,-0.0033295871808771233,interpolado
0.16689897979595922,-0.003648668627180212,interpolado
0.167,-0.003835,original
0.1670986197239448,-0.003858592506961049,interpolado
0.16719843968793757,-0.003744326486789791,interpolado
0.1672982596519304,-0.0035243236396126803,interpolado
0.1673980796159232,-0.003231962134102966,interpolado
0.16749789957991598,-0.002900620138933903,interpolado
0.16759771954390879,-0.0025636758227788378,interpolado
0.16769753950790156,-0.002254507354310825,interpolado
0.1677973594718944,-0.0020064929022032135,interpolado
0.16789717943588717,-0.0018530106351292552,interpolado
0.168,-0.001829,original
0.16809681936387277,-0.0019518588343138896,interpolado
0.16819663932786558,-0.002198900045642574,interpolado
0.16829645929185838,-0.0025276627971537544,interpolado
0.16839627925585118,-0.0028972471939880963,interpolado
0.16849609921984396,-0.0032667533412862673,interpolado
0.1685959191838368,-0.0035952813441888524,interpolado
0.16869573914782957,-0.0038419313078367073,interpolado
0.1687955591118224,-0.0039658033373704046,interpolado
0.1688953790758152,-0.0039259975379306086,interpolado
0.169,-0.003664,original
0.1690950190038008,-0.003202929299159806,interpolado
0.16919483896779358,-0.0025118747087524993,interpolado
0.16929465893178638,-0.0016452943644259565,interpolado
0.1693944788957792,-0.0006400338288067662,interpolado
0.16949429885977196,0.0004670613354781587,interpolado
0.16959411882376477,0.0016391455658028497,interpolado
0.1696939387877576,0.002839373299540418,interpolado
0.1697937587517504,0.004030898974064272,interpolado
0.16989357871574312,0.0051768770267478165,interpolado
0.17,0.006307,original
0.17009321864372873,0.0071883847414999985,interpolado
0.17019303860772153,0.008004831970024998,interpolado
0.17029285857171436,0.008679306754879972,interpolado
0.17039267853570716,0.009201313540598579,interpolado
0.17049249849969994,0.009560356771714408,interpolado
0.17059231846369274,0.009745940892761311,interpolado
0.17069213842768555,0.009747570348272831,interpolado
0.17079195839167835,0.009554749582782626,interpolado
0.17089177835567113,0.009156983040824353,interpolado
0.171,0.008482,original
0.17109141828365676,0.00771190830685751,interpolado
0.17119123824764956,0.0066956772827612985,interpolado
0.17129105821164234,0.005541428268452171,interpolado
0.17139087817563514,0.0042955130871794025,interpolado
0.17149069813962792,0.0030042835621926275,interpolado
0.17159051810362075,0.0017140915167403942,interpolado
0.1716903380676135,0.00047128877407233416,interpolado
0.1717901580316063,-0.0006777728425622769,interpolado
0.1718899779955991,-0.0016867415099139065,interpolado
0.172,-0.002581,original
0.1720896179235847,-0.0031082459854479636,interpolado
0.17218943788757748,-0.0034969716330725334,interpolado
0.1722892578515703,-0.003705797938990667,interpolado
0.17238907781556306,-0.003765094145830714,interpolado
0.1724888977795559,-0.003705229496221048,interpolado
0.17258871774354867,-0.00355657323278998,interpolado
0.17268853770754145,-0.00334949459816586,interpolado
0.1727883576715343,-0.003114362834977035,interpolado
0.17288817763552702,-0.002881547185851914,interpolado
0.173,-0.002661,original
0.17308781756351269,-0.0025392302514240096,interpolado
0.17318763752750552,-0.002450833457045748,interpolado
0.1732874574914983,-0.002401572692213606,interpolado
0.1733872774554911,-0.00237678109032308,interpolado
0.1734870974194839,-0.0023617917847696484,interpolado
0.17358691738347673,-0.0023419379089488156,interpolado
0.1736867373474695,-0.002302552596256071,interpolado
0.1737865573114623,-0.0022289689800869053,interpolado
0.17388637727545506,-0.0021065201938368534,interpolado
0.174,-0.001889,original
0.17408601720344072,-0.001660326984245437,interpolado
0.17418583716743352,-0.0013393216241628103,interpolado
0.1742856571314263,-0.0009800403704259355,interpolado
0.17438547709541907,-0.0006050166951596955,interpolado
0.17448529705941188,-0.00023678407048865728,interpolado
0.17458511702340473,0.00010212403146229906,interpolado
0.17468493698739748,0.000389174138568394,interpolado
0.17478475695139026,0.0006018327787048025,interpolado
0.17488457691538306,0.0007175664797468692,interpolado
0.175,0.000701,original
0.17508421684336867,0.0005740713288237707,interpolado
0.17518403680736147,0.00031993486615856356,interpolado
0.1752838567713543,-1.1731216721938498e-05,interpolado
0.17538367673534705,-0.00038405270228870415,interpolado
0.17548349669933988,-0.0007601553730124256,interpolado
0.1755833166633327,-0.0011031650113638796,interpolado
0.1756831366273255,-0.0013762073998138393,interpolado
0.17578295659131826,-0.001542408320833055,interpolado
0.17588277655531107,-0.001564893556892402,interpolado
0.176,-0.001358,original
0.1760824164832967,-0.0010389142419501493,interpolado
0.17618223644728948,-0.0004844938485294988,interpolado
0.17628205641128225,0.00021139868293958285,interpolado
0.17638187637527503,0.0010036172976518574,interpolado
0.17648169633926786,0.0018470159408015148,interpolado
0.17658151630326066,0.002696448557582917,interpolado
0.17668133626725346,0.0035067690931904275,interpolado
0.17678115623124624,0.0042328314928182275,interpolado
0.17688097619523904,0.004829489701661093,interpolado
0.177,0.005309,original
0.17708061612322462,0.005460642495377627,interpolado
0.17718043608721745,0.005465953372851902,interpolado
0.17728025605121023,0.005297848797147716,interpolado
0.177380076015203,0.004986736932370356,interpolado
0.17747989597919578,0.004563025942625238,interpolado
0.1775797159431886,0.004057123992017752,interpolado
0.17767953590718139,0.0034994392446534455,interpolado
0.1777793558711742,0.00292037986463739,interpolado
0.177879175835167,0.002350354016075129,interpolado
0.178,0.001716,original
0.17807881576315263,0.00135660649682019,interpolado
0.17817863572714537,0.0009702775512440598,interpolado
0.1782784556911382,0.000661629458332386,interpolado
0.178378275655131,0.00043146267528118765,interpolado
0.17847809561912384,0.00028057765928636504,interpolado
0.17857791558311664,0.00020977486754381874,interpolado
0.1786777355471094,0.00021985475724943507,interpolado
0.17877755551110222,0.0003116177855991202,interpolado
0.17887737547509502,0.0004858644097887828,interpolado
0.179,0.000814,original
0.1790770154030806,0.00108265536001105,interpolado
0.17917683536707338,0.001483003545715005,interpolado
0.1792766553310662,0.0019145370239792706,interpolado
0.179376475295059,0.0023472920371810646,interpolado
0.17947629525905184,0.0027513048276977085,interpolado
0.17957611522304462,0.003096611637906524,interpolado
0.1796759351870374,0.003353248710184776,interpolado
0.1797757551510302,0.0034912522869099353,interpolado
0.179875575115023,0.0034806586104592393,interpolado
0.18,0.003214,original
0.1800752150430086,0.002899399987887195,interpolado
0.18017503500700136,0.0023279226149394818,interpolado
0.1802748549709942,0.0016251071049283668,interpolado
0.18037467493498696,0.0008391839392656455,interpolado
0.18047449489897982,1.8383599362978902e-05,interpolado
0.18057431486297257,-0.000789063433367757,interpolado
0.1806741348269654,-0.0015349266775153605,interpolado
0.1807739547909582,-0.002170975651667944,interpolado
0.18087377475495103,-0.0026489798744138487,interpolado
0.181,-0.002952,original
0.18107341468293658,-0.0029450844903229456,interpolado
0.18117323464692933,-0.002746392472721814,interpolado
0.18127305461092216,-0.00238394023186463,interpolado
0.181372874574915,-0.0019173679796940346,interpolado
0.1814726945389078,-0.001406315928152678,interpolado
0.18157251450290057,-0.0009104242891833363,interpolado
0.1816723344668934,-0.0004893332747283671,interpolado
0.18177215443088618,-0.00020268309673055905,interpolado
0.18187197439487898,-0.00011011396713255981,interpolado
0.182,-0.000371,original
0.18207161432286456,-0.0007382883985491764,interpolado
0.18217143428685736,-0.0014905286901974702,interpolado
0.18227125425085017,-0.002466365095723341,interpolado
0.18237107421484292,-0.0036037180541824915,interpolado
0.18247089417883575,-0.0048405080046306295,interpolado
0.1825707141428285,-0.0061146553861231075,interpolado
0.18267053410682133,-0.007364080637716353,interpolado
0.1827703540708141,-0.00852670419846571,interpolado
0.18287017403480693,-0.009540446507426893,interpolado
0.183,-0.010534,original
0.1830698139627925,-0.010878540909765557,interpolado
0.1831696339267853,-0.011147519522814005,interpolado
0.18326945389077812,-0.01118535906735156,interpolado
0.1833692738547709,-0.011027697144108657,interpolado
0.18346909381876367,-0.010710171353815832,interpolado
0.1835689137827565,-0.010268419297203336,interpolado
0.18366873374674933,-0.00973807857500167,interpolado
0.18376855371074213,-0.00915478678794126,interpolado
0.1838683736747349,-0.00855418153675255,interpolado
0.184,-0.007796,original
0.18406801360272054,-0.007441739474392192,interpolado
0.18416783356671332,-0.006977189200921063,interpolado
0.18426765353070615,-0.006579145067756081,interpolado
0.18436747349469892,-0.006248314200722852,interpolado
0.18446729345869176,-0.00598540372564705,interpolado
0.18456711342268456,-0.005791120768354134,interpolado
0.18466693338667733,-0.0056661724546698,interpolado
0.18476675335067017,-0.005611265910419651,interpolado
0.18486657331466294,-0.005627108261429297,interpolado
0.185,-0.00576,original
0.18506621324264852,-0.005872146066310958,interpolado
0.18516603320664132,-0.006079047734065841,interpolado
0.18526585317063415,-0.006300642252607103,interpolado
0.18536567313462696,-0.006502235073856558,interpolado
0.18546549309861976,-0.006649131649735993,interpolado
0.18556531306261254,-0.006706637432167309,interpolado
0.18566513302660534,-0.006640057873072276,interpolado
0.18576495299059811,-0.0064146984243727044,interpolado
0.18586477295459095,-0.005995864537990412,interpolado
0.186,-0.005058,original
0.1860644128825765,-0.0044439694162718224,interpolado
0.1861642328465693,-0.0033140189937396697,interpolado
0.18626405281056213,-0.0020345617059646494,interpolado
0.18636387277455488,-0.0006819750348464708,interpolado
0.18646369273854768,0.0006673635377163021,interpolado
0.1865635127025405,0.0019370765298239734,interpolado
0.1866633326665333,0.0030507864595772133,interpolado
0.1867631526305261,0.00393211584507669,interpolado
0.18686297259451887,0.0045046872044229675,interpolado
0.187,0.004648,original
0.1870626125225045,0.004425095609675313,interpolado
0.18716243248649728,0.003729163342312435,interpolado
0.18726225245049008,0.0026978612107218585,interpolado
0.18736207241448286,0.001426203539250712,interpolado
0.18746189237847566,9.20465224501943e-06,interpolado
0.18756171234246843,-0.00145812112594814,interpolado
0.18766153230646127,-0.002880759470982013,interpolado
0.187761352270454,-0.004163696058509845,interpolado
0.18786117223444687,-0.005211916564184641,interpolado
0.188,-0.006101,original
0.18806081216243245,-0.006230691225702453,interpolado
0.18816063212642525,-0.00611865582826404,interpolado
0.18826045209041806,-0.005671082981407382,interpolado
0.18836027205441086,-0.004966481061883011,interpolado
0.18846009201840364,-0.0040833584464408275,interpolado
0.18855991198239644,-0.003100223511831305,interpolado
0.18865973194638924,-0.0020955846348047506,interpolado
0.18875955191038207,-0.0011479501921114765,interpolado
0.1888593718743748,-0.0003358285605019886,interpolado
0.189,0.000427,original
0.18905901180236043,0.0005726709813709576,interpolado
0.1891588317663532,0.0005965174816342432,interpolado
0.18925865173034603,0.0003939146730731901,interpolado
0.18935847169433884,2.656250087807561e-05,interpolado
0.18945829165833164,-0.00044383908976066837,interpolado
0.1895581116223244,-0.0009555901536526382,interpolado
0.18965793158631722,-0.0014469907456074295,interpolado
0.18975775155031005,-0.0018563409204345417,interpolado
0.18985757151430283,-0.0021219407329438112,interpolado
0.19,-0.00213,original
0.19005721144228843,-0.00197907735164799,interpolado
0.19015703140628126,-0.0015216999869913186,interpolado
0.190256851370274,-0.0008736960292767576,interpolado
0.1903566713342668,-0.00010045069440999122,interpolado
0.19045649129825962,0.0007326508017027652,interpolado
0.1905563112622524,0.0015602232431554516,interpolado
0.19065613122624522,0.0023168814140420127,interpolado
0.19075595119023803,0.00293724009845624,interpolado
0.19085577115423086,0.0033559140804924354,interpolado
0.191,0.003472,original
0.1910554110822164,0.0033306544879705335,interpolado
0.1911552310462092,0.002835642867000751,interpolado
0.19125505101020196,0.002094909106461222,interpolado
0.19135487097419485,0.001182931662854993,interpolado
0.1914546909381876,0.00017418899268571944,interpolado
0.19155451090218045,-0.0008568404475431192,interpolado
0.19165433086617326,-0.001835678201327786,interpolado
0.191754150830166,-0.002687845812165362,interpolado
0.19185397079415886,-0.003338864823552087,interpolado
0.192,-0.003774,original
0.1920536107221444,-0.0037428429427329318,interpolado
0.19215343068613722,-0.0034175954435382433,interpolado
0.19225325065013008,-0.0027897212621301997,interpolado
0.19235307061412282,-0.0019125404242510738,interpolado
0.19245289057811563,-0.0008393729556431021,interpolado
0.19255271054210846,0.0003764611179514837,interpolado
0.19265253050610123,0.001681641770790082,interpolado
0.19275235047009406,0.003022848977131197,interpolado
0.1928521704340868,0.004346762711232242,interpolado
0.193,0.006162,original
0.19305181036207245,0.0067307675425269066,interpolado
0.19315163032606528,0.007715079990882464,interpolado
0.193251450290058,0.008556023649795267,interpolado
0.19335127025405083,0.00925768639338718,interpolado
0.19345109021804363,0.009824156095780346,interpolado
0.19355091018203638,0.010259520631096912,interpolado
0.1936507301460292,0.010567867873458968,interpolado
0.193750550110022,0.010753285696988826,interpolado
0.1938503700740148,0.010819861975808533,interpolado
0.194,0.010706,original
0.1940500100020004,0.01061286276044663,interpolado
0.1941498299659932,0.010347994826216721,interpolado
0.194249649929986,0.009982166908210521,interpolado
0.19434946989397883,0.009520486242577234,interpolado
0.1944492898579716,0.008968060065465994,interpolado
0.19454910982196438,0.008329995613026128,interpolado
0.19464892978595721,0.0076114001214064265,interpolado
0.19474874974995002,0.006817380826756191,interpolado
0.1948485697139428,0.005953044965224564,interpolado
0.19494838967793562,0.005023499772960684,interpolado
0.195,0.004519,original
0.1951480296059212,0.0030066126513268736,interpolado
0.19524784956991403,0.001976362443502885,interpolado
0.19534766953390686,0.0009808260420031264,interpolado
0.1954474894978996,5.712650383024335e-05,interpolado
0.19554730946189236,-0.0007576131140129039,interpolado
0.19564712942588516,-0.0014262697545241254,interpolado
0.195746949389878,-0.0019117203607005293,interpolado
0.1958467693538708,-0.0021768418755394653,interpolado
0.1959465893178636,-0.0021845112420382836,interpolado
0.196,-0.00207,original
0.19614622924584918,-0.001334403502480239,interpolado
0.19624604920984193,-0.0005555067688306209,interpolado
0.19634586917383476,0.00036869958057399367,interpolado
0.1964456891378276,0.0013696014112425472,interpolado
0.19654550910182036,0.0023785845886837164,interpolado
0.19664532906581317,0.0033270349784070247,interpolado
0.19674514902980603,0.004146338445921134,interpolado
0.1968449689937988,0.004767880856734992,interpolado
0.1969447889577916,0.005123048076357549,interpolado
0.197,0.00518,original
0.1971444288857772,0.004830752541508516,interpolado
0.19724424884977002,0.004247320580125763,interpolado
0.1973440688137628,0.00346694874954849,interpolado
0.1974438887777556,0.002561565125048824,interpolado
0.19754370874174837,0.0016030977818981,interpolado
0.19764352870574114,0.0006634747953684159,interpolado
0.19774334866973398,-0.0001853757592683629,interpolado
0.19784316863372675,-0.0008715258067403801,interpolado
0.19794298859771955,-0.0013230472717756874,interpolado
0.198,-0.001448,original
0.19814262852570516,-0.0013011892707229787,interpolado
0.198242448489698,-0.0008781612604537256,interpolado
0.19834226845369077,-0.00026598349983521767,interpolado
0.19844208841768354,0.00047009190863669264,interpolado
0.19854190838167632,0.0012648128624667854,interpolado
0.19864172834566915,0.0020529272591592353,interpolado
0.19874154830966195,0.0027691829962184,interpolado
0.1988413682736547,0.0033483279711486393,interpolado
0.19894118823764753,0.003725110081454248,interpolado
0.199,0.003826,original
0.1991408281656331,0.0036635756124089153,interpolado
0.19924064812962589,0.0032532066096471533,interpolado
0.19934046809361874,0.0026524659551382486,interpolado
0.19944028805761152,0.001909340791446729,interpolado
0.19954010802160432,0.0010718182611364731,interpolado
0.1996399279855971,0.00018788550677197502,interpolado
0.1997397479495899,-0.0006944703290824624,interpolado
0.19983956791358273,-0.0015272621038625346,interpolado
0.1999393878775755,-0.0022625026750037525,interpolado
0.2,-0.002641,original
0.2001390278055611,-0.0032793271157683834,interpolado
0.20023884776955392,-0.003559957606295153,interpolado
0.20033866773354672,-0.003715525295822469,interpolado
0.20043848769753958,-0.0037667650262713033,interpolado
0.20053830766153233,-0.003734411639562483,interpolado
0.20063812762552516,-0.0036391999776169003,interpolado
0.20073794758951796,-0.0035018648823554425,interpolado
0.20083776755351074,-0.003343141195699044,interpolado
0.2009375875175035,-0.003183763759568501,interpolado
0.201,-0.003093,original
0.20113722744548912,-0.002932646204819218,interpolado
0.20123704740948192,-0.0028402928189441845,interpolado
0.2013368673734747,-0.0027570639430835897,interpolado
0.2014366873374675,-0.002672886492585011,interpolado
0.2015365073014603,-0.0025776873827960934,interpolado
0.20163632726545314,-0.0024613935290644603,interpolado
0.20173614722944594,-0.002313931846737733,interpolado
0.20183596719343871,-0.002125229251163591,interpolado
0.2019357871574315,-0.001885212657689556,interpolado
0.202,-0.001699,original
0.20213542708541707,-0.0012251157118519749,interpolado
0.20223524704940987,-0.0008308231670367711,interpolado
0.20233506701340265,-0.0004251624680429248,interpolado
0.20243488697739548,-3.2107173910829825e-05,interpolado
0.20253470694138828,0.0003243691563187798,interpolado
0.20263452690538108,0.0006202929636052804,interpolado
0.2027343468693739,0.000831690688908049,interpolado
0.20283416683336672,0.0009345887731864515,interpolado
0.2029339867973595,0.0009050136573999268,interpolado
0.203,0.000801,original
0.20313362672534507,0.0003655853343187464,interpolado
0.20323344668933782,-0.0001487810031275683,interpolado
0.20333326665333062,-0.0008152665652298675,interpolado
0.2034330866173234,-0.001625241776860506,interpolado
0.20353290658131623,-0.002570077062891961,interpolado
0.203632726545309,-0.003641142848196709,interpolado
0.20373254650930178,-0.004829809557646883,interpolado
0.20383236647329459,-0.00612744761611562,interpolado
0.20393218643728733,-0.007525427448475082,interpolado
0.204,-0.008528,original
0.204131826365273,-0.010567049298057752,interpolado
0.20423164632926571,-0.012122020452614925,interpolado
0.20433146629325855,-0.013616805621828636,interpolado
0.20443128625725135,-0.01498847581787357,interpolado
0.2045311062212442,-0.016174102052924837,interpolado
0.20463092618523698,-0.01711075533915756,interpolado
0.20473074614922976,-0.01773550668874672,interpolado
0.20483056611322262,-0.017985427113867813,interpolado
0.2049303860772154,-0.01779758762669572,interpolado
0.205,-0.017374,original
0.20513002600520103,-0.015917560493284955,interpolado
0.2052298459691938,-0.014313210804307303,interpolado
0.2053296659331866,-0.012398477943456932,interpolado
0.2054294858971794,-0.010275069348643438,interpolado
0.20552930586117227,-0.008044692457776023,interpolado
0.20562912582516507,-0.005809054708763902,interpolado
0.2057289457891578,-0.0036698635395168416,interpolado
0.20582876575315065,-0.0017288263879428444,interpolado
0.20592858571714343,-8.765069195172063e-05,interpolado
0.206,0.000846,original
0.20612822564512903,0.0019459087891549511,interpolado
0.20622804560912178,0.0023437715890339147,interpolado
0.20632786557311455,0.0024075690461119142,interpolado
0.2064276855371074,0.0021986992543612726,interpolado
0.2065275055011002,0.001778560307754308,interpolado
0.20662732546509296,0.0012085503002635149,interpolado
0.20672714542908577,0.0005500673258608823,interpolado
0.20682696539307854,-0.00013549052148112826,interpolado
0.20692678535707132,-0.000786725147790197,interpolado
0.207,-0.001207,original
0.20712642528505693,-0.0017672981192089234,interpolado
0.20722624524904976,-0.002073332390344056,interpolado
0.20732606521304253,-0.0022779426066582304,interpolado
0.20742588517703534,-0.002398481584443076,interpolado
0.2075257051410282,-0.00245230213999022,interpolado
0.207625525105021,-0.0024567570895912922,interpolado
0.20772534506901377,-0.002429199249537918,interpolado
0.20782516503300655,-0.002386981436121719,interpolado
0.2079249849969994,-0.002347456465634322,interpolado
0.208,-0.00233,original
0.20812462492498496,-0.002337432768045816,interpolado
0.2082244448889778,-0.0023691280767436083,interpolado
0.2083242648529706,-0.002414255120767618,interpolado
0.20842408481696337,-0.0024640726754007573,interpolado
0.2085239047809562,-0.002509839515925941,interpolado
0.20862372474494895,-0.002542814417626078,interpolado
0.2087235447089417,-0.0025542561557841004,interpolado
0.20882336467293455,-0.0025354235056829146,interpolado
0.20892318463692733,-0.0024775752426054324,interpolado
0.209,-0.002401,original
0.2091228245649129,-0.002210895395659556,interpolado
0.20922264452890574,-0.0019886501423810486,interpolado
0.20932246449289854,-0.0016998121179298113,interpolado
0.20942228445689137,-0.0013389523011784114,interpolado
0.2095221044208841,-0.0009006416709995454,interpolado
0.20962192438487698,-0.000379451206265538,interpolado
0.20972174434886978,0.00023004811415093518,interpolado
0.20982156431286259,0.0009332853113773087,interpolado
0.20992138427685536,0.0017356894065410167,interpolado
0.21,0.002441,original
0.21012102420484097,0.003644156980223653,interpolado
0.21022084416883377,0.004697661480843657,interpolado
0.21032066413282655,0.005756173317824608,interpolado
0.21042048409681935,0.006772746559941606,interpolado
0.21052030406081212,0.007700435275969514,interpolado
0.21062012402480496,0.008492293534683957,interpolado
0.21071994398879773,0.009101375404859766,interpolado
0.21081976395279056,0.009480734955272041,interpolado
0.2109195839167834,0.00958342625469588,interpolado
0.211,0.009433,original
0.21111922384476897,0.008801422932495358,interpolado
0.21121904380876175,0.007950575756153567,interpolado
0.21131886377275455,0.006870206231568267,interpolado
0.21141868373674735,0.005620427682486799,interpolado
0.21151850370074013,0.0042613534326569,interpolado
0.21161832366473296,0.0028530968058251404,interpolado
0.21171814362872574,0.0014557711257392354,interpolado
0.21181796359271857,0.00012948971614652592,interpolado
0.21191778355671134,-0.0010656340992053316,interpolado
0.212,-0.001909,original
0.21211742348469695,-0.002843415163874401,interpolado
0.21221724344868975,-0.003398819091755789,interpolado
0.21231706341268256,-0.003754754468835823,interpolado
0.21241688337667528,-0.003930204681197558,interpolado
0.2125167033406681,-0.003944153114924177,interpolado
0.21261652330466088,-0.003815583156098687,interpolado
0.21271634326865368,-0.003563478190804175,interpolado
0.2128161632326465,-0.0032068216051237253,interpolado
0.2129159831966392,-0.0027645967851405526,interpolado
0.213,-0.00234,original
0.21311562312462484,-0.0016983990165236672,interpolado
0.21321544308861767,-0.0011080263759676513,interpolado
0.21331526305261045,-0.0004998782697107765,interpolado
0.21341508301660325,0.00011083373333124112,interpolado
0.21351490298059606,0.000708898064243199,interpolado
0.21361472294458886,0.0012791031541093793,interpolado
0.2137145429085817,0.0018062374340142352,interpolado
0.2138143628725745,0.002275089335042222,interpolado
0.21391418283656732,0.0026704472882776924,interpolado
0.214,0.00294,original
0.21411382276455287,0.0031838108185080166,interpolado
0.21421364272854573,0.0032897320537905394,interpolado
0.2143134626925385,0.0032957484611786285,interpolado
0.21441328265653128,0.0032027376687460327,interpolado
0.21451310262052412,0.0030115773045664078,interpolado
0.21461292258451692,0.002723144996713471,interpolado
0.2147127425485097,0.002338318373260932,interpolado
0.21481256251250247,0.001857975062282643,interpolado
0.2149123824764953,0.0012829926918520454,interpolado
0.215,0.000701,original
0.2151120224044809,-0.000140617400804429,interpolado
0.21521184236847374,-0.0009552873682721079,interpolado
0.21531166233246643,-0.0018001721319698388,interpolado
0.21541148229645926,-0.002645691550403608,interpolado
0.21551130226045204,-0.0034622654820786925,interpolado
0.21561112222444484,-0.004220313785500604,interpolado
0.21571094218843767,-0.004890256319174854,interpolado
0.21581076215243045,-0.005442512941606818,interpolado
0.21591058211642322,-0.005847503511302318,interpolado
0.216,-0.006061,original
0.2161102220444088,-0.006109931552811484,interpolado
0.2162100420084017,-0.005970033025849064,interpolado
0.21630986197239443,-0.005682381978811307,interpolado
0.21640968193638727,-0.005273397522794932,interpolado
0.21650950190038004,-0.004769498768896878,interpolado
0.21660932186437284,-0.004197104828214024,interpolado
0.2167091418283657,-0.0035826348118432523,interpolado
0.21680896179235848,-0.0029525078308816188,interpolado
0.21690878175635125,-0.0023331429964256445,interpolado
0.217,-0.001799,original
0.21710842168433686,-0.001225463800768159,interpolado
0.21720824164832966,-0.0007548364213365243,interpolado
0.2173080616123224,-0.0003331272738795063,interpolado
0.2174078815763153,4.561019726946054e-05,interpolado
0.21750770154030805,0.00038732254777658603,interpolado
0.21760752150430082,0.0006979563333082036,interpolado
0.2177073414682936,0.00098345810953057,interpolado
0.21780716143228643,0.0012497744321101761,interpolado
0.2179069813962792,0.0015028518567132719,interpolado
0.218,0.001732,original
0.2181066213242649,0.0019912553574580093,interpolado
0.21820644128825759,0.0022288991400960917,interpolado
0.21830626125225044,0.0024585493364261478,interpolado
0.21840608121624325,0.0026771874685994645,interpolado
0.21850590118023605,0.0028817950587673932,interpolado
0.21860572114422885,0.0030693536290812866,interpolado
0.21870554110822166,0.003236844701692456,interpolado
0.2188053610722144,0.0033812497987523457,interpolado
0.21890518103620726,0.0034995504424122606,interpolado
0.219,0.003585,original
0.21910482096419284,0.003645454149931581,interpolado
0.21920464092818565,0.003665331861916989,interpolado
0.21930446089217845,0.003643734904216557,interpolado
0.21940428085617125,0.0035760369239662294,interpolado
0.21950410082016406,0.0034576115683019586,interpolado
0.21960392078415683,0.0032838324843597003,interpolado
0.21970374074814966,0.0030500733192754823,interpolado
0.2198035607121424,0.00275170772018513,interpolado
0.2199033806761352,0.002384109334224655,interpolado
0.22,0.001958,original
0.22010302060412076,0.0014286906865843588,interpolado
0.22020284056811365,0.0008653134170082171,interpolado
0.2203026605321064,0.0002805428413274704,interpolado
0.22040248049609926,-0.000297598378313421,interpolado
0.22050230046009206,-0.0008410875797699929,interpolado
0.2206021204240848,-0.0013219021008976646,interpolado
0.22070194038807767,-0.001712019279552246,interpolado
0.22080176035207044,-0.001983416453589134,interpolado
0.22090158031606327,-0.002108070960863866,interpolado
0.221,-0.00206,original
0.22110122024404882,-0.0018142678548410595,interpolado
0.22120104020804165,-0.0013934862777919054,interpolado
0.22130086017203446,-0.0008205709740125401,interpolado
0.22140068013602723,-0.00012047748505629203,interpolado
0.22150050010002004,0.0006818386475235096,interpolado
0.2216003200640128,0.001561421882173285,interpolado
0.22170014002800562,0.0024933166773401984,interpolado
0.22179995999199842,0.0034525674914706894,interpolado
0.22189977995599125,0.004414218783011429,interpolado
0.222,0.005357,original
0.2220994198839768,0.006245996587666978,interpolado
0.2221992398479696,0.007072840780980985,interpolado
0.2222990598119624,0.00781554748706384,interpolado
0.2223988797759552,0.008455816602699937,interpolado
0.222498699739948,0.008975348024673684,interpolado
0.2225985197039408,0.009355841649769396,interpolado
0.22269833966793356,0.009578997374771692,interpolado
0.2227981596319264,0.009626515096464845,interpolado
0.2228979795959192,0.009480094711633257,interpolado
0.223,0.009111,original
0.22309761952390475,0.008540560078742584,interpolado
0.2231974394878976,0.007763047028520865,interpolado
0.22329725945189036,0.006823974745701586,interpolado
0.22339707941588313,0.005758421104888801,interpolado
0.2234968993798759,0.004601463980686884,interpolado
0.22359671934386877,0.0033881812476992358,interpolado
0.22369653930786154,0.0021536507805302147,interpolado
0.22379635927185434,0.0009329504537838698,interpolado
0.22389617923584715,-0.00023884185793575136,interpolado
0.224,-0.001368,original
0.2240958191638327,-0.0022996933025887234,interpolado
0.22419563912782553,-0.0031466118647140565,interpolado
0.2242954590918183,-0.003861510366814659,interpolado
0.2243952790558112,-0.004438495522482465,interpolado
0.2244950990198039,-0.004871674045309306,interpolado
0.22459491898379677,-0.005155152648887359,interpolado
0.22469473894778955,-0.005283038046808413,interpolado
0.22479455891178235,-0.005249436952664404,interpolado
0.22489437887577518,-0.005048456080047259,interpolado
0.225,-0.004647,original
0.22509401880376073,-0.004126134603627612,interpolado
0.22519383876775353,-0.0034292107686958073,interpolado
0.22529365873174637,-0.0026159719238353783,interpolado
0.22539347869573917,-0.0017189606125394023,interpolado
0.2254932986597319,-0.0007707193783012196,interpolado
0.22559311862372475,0.00019620923538662412,interpolado
0.22569293858771755,0.001149282685030797,interpolado
0.22579275855171033,0.002055958427138222,interpolado
0.2258925785157031,0.0028836939182156074,interpolado
0.226,0.003649,original
0.22609221844368874,0.004176782408001332,interpolado
0.22619203840768157,0.004609449836074432,interpolado
0.22629185837167434,0.004900471172898967,interpolado
0.22639167833566715,0.005052371273464153,interpolado
0.22649149829965998,0.005067674992759312,interpolado
0.22659131826365272,0.004948907185773618,interpolado
0.22669113822764558,0.00469859270749631,interpolado
0.22679095819163833,0.004319256412916628,interpolado
0.22689077815563113,0.003813423157023964,interpolado
0.227,0.003118,original
0.22709041808361677,0.002436135657455731,interpolado
0.22719023804760957,0.0015973075791001672,interpolado
0.22729005801160235,0.0007000934143398365,interpolado
0.22738987797559512,-0.00022254274311782988,interpolado
0.22748969793958793,-0.0011376367995661785,interpolado
0.22758951790358076,-0.002012224661297781,interpolado
0.2276893378675735,-0.0028133422346054643,interpolado
0.22778915783156636,-0.0035080254257820547,interpolado
0.2278889777955591,-0.004063310141120247,interpolado
0.228,-0.004477,original
0.22808861772354472,-0.004631466280735175,interpolado
0.22818843768753755,-0.004636575468903896,interpolado
0.22828825765153035,-0.004494081705309996,interpolado
0.22838807761552307,-0.0042365222736914475,interpolado
0.22848789757951588,-0.003896434457785997,interpolado
0.2285877175435087,-0.003506355541331595,interpolado
0.2286875375075015,-0.0030988228080661337,interpolado
0.2287873574714943,-0.0027063735417276126,interpolado
0.2288871774354871,-0.0023615450260536974,interpolado
0.229,-0.00207,original
0.22908681736347272,-0.0019374141820814074,interpolado
0.2291866373274655,-0.001863790014839974,interpolado
0.22928645729145827,-0.0018403012039947086,interpolado
0.22938627725545108,-0.0018312217641722065,interpolado
0.22948609721944388,-0.0018008257099990789,interpolado
0.22958591718343668,-0.001713387056101925,interpolado
0.22968573714742951,-0.0015331798171073453,interpolado
0.22978555711142226,-0.0012244780076420445,interpolado
0.22988537707541506,-0.0007515556423324601,interpolado
0.23,4.03e-05,original
0.23008501700340067,0.000819211263134478,interpolado
0.2301848369673935,0.0019004164096114646,interpolado
0.23028465693138625,0.003097347213391937,interpolado
0.23038447689537903,0.004342366000567561,interpolado
0.23048429685937188,0.005567835097229002,interpolado
0.2305841168233647,0.00670611682946725,interpolado
0.2306839367873575,0.007689573523373288,interpolado
0.23078375675135032,0.008450567505037927,interpolado
0.23088357671534304,0.008921461100552591,interpolado
0.231,0.009014,original
0.2310832166433287,0.00873603836218429,interpolado
0.23118303660732156,0.008062326834875738,interpolado
0.2312828565713143,0.007087005573826537,interpolado
0.23138267653530709,0.005883706449033788,interpolado
0.2314824964992999,0.004526061330495373,interpolado
0.23158231646329266,0.003087702088208948,interpolado
0.2316821364272855,0.0016422605921725569,interpolado
0.23178195639127827,0.000263368712383038,interpolado
0.23188177635527107,-0.0009753416811615514,interpolado
0.232,-0.00216,original
0.2320814162832567,-0.0027480181893465724,interpolado
0.23218123624724943,-0.003227986113518027,interpolado
0.2322810562112423,-0.0034805927780160936,interpolado
0.232380876175235,-0.0035464077538743233,interpolado
0.23248069613922784,-0.0034660006121264336,interpolado
0.2325805161032206,-0.003279940923806145,interpolado
0.23268033606721336,-0.0030287982599472504,interpolado
0.23278015603120622,-0.0027531421915833205,interpolado
0.23287997599519897,-0.0024935422897481357,interpolado
0.233,-0.00226,original
0.23307961592318466,-0.002179693840554891,interpolado
0.23317943588717743,-0.002158443022293052,interpolado
0.23327925585117018,-0.002207214712430149,interpolado
0.23337907581516304,-0.0023063246813421,interpolado
0.23347889577915582,-0.0024360886994048026,interpolado
0.2335787157431486,-0.0025768225369941556,interpolado
0.23367853570714142,-0.0027088419644860254,interpolado
0.23377835567113422,-0.0028124627522563878,interpolado
0.23387817563512708,-0.002868000670681103,interpolado
0.234,-0.002842,original
0.23407781556311266,-0.002759486493775572,interpolado
0.23417763552710544,-0.002589666923393381,interpolado
0.2342774554910982,-0.0023695558310908213,interpolado
0.23437727545509104,-0.0021224730465849717,interpolado
0.23447709541908385,-0.0018717383995928765,interpolado
0.2345769153830766,-0.001640671719831637,interpolado
0.23467673534706934,-0.0014525928370181624,interpolado
0.2347765553110622,-0.0013308215808695643,interpolado
0.23487637527505498,-0.0012986777811028849,interpolado
0.235,-0.001418,original
0.23507601520304058,-0.001591859016218622,interpolado
0.23517583516703336,-0.0019151259117301922,interpolado
0.23527565513102616,-0.0023089872592142444,interpolado
0.235375475095019,-0.0027330042429776686,interpolado
0.2354752950590118,-0.003146738047327354,interpolado
0.23557511502300457,-0.0035097498565701,interpolado
0.2356749349869974,-0.0037816008550130096,interpolado
0.2357747549509902,-0.003921852226962863,interpolado
0.235874574914983,-0.0038900651567265482,interpolado
0.236,-0.003544,original
0.23607421484296856,-0.003155098503919048,interpolado
0.23617403480696142,-0.002441622763006621,interpolado
0.23627385477095422,-0.0015592439447202385,interpolado
0.23637367473494703,-0.0005620984324067191,interpolado
0.23647349469893983,0.00049567739058712,interpolado
0.2365733146629326,0.0015599471409141717,interpolado
0.2366731346269254,0.002576574435228223,interpolado
0.2367729545909182,0.0034914228901821594,interpolado
0.236872774554911,0.004250356122429163,interpolado
0.237,0.004906,original
0.23707241448289654,0.005090084876227385,interpolado
0.23717223444688937,0.005133095876092014,interpolado
0.23727205441088212,0.004970505773587187,interpolado
0.23737187437487497,0.004644883141473691,interpolado
0.23747169433886778,0.004198796552512435,interpolado
0.23757151430286058,0.0036748145794639458,interpolado
0.23767133426685336,0.003115505795089108,interpolado
0.23777115423084616,0.0025634387721487043,interpolado
0.23787097419483894,0.0020611820834035123,interpolado
0.238,0.001555,original
0.23807061412282451,0.0013726228411408592,interpolado
0.23817043408681737,0.0012262173276488056,interpolado
0.23827025405081015,0.0011913455905665222,interpolado
0.23837007401480295,0.001247000059972341,interpolado
0.23846989397879576,0.0013721731659445523,interpolado
0.23856971394278853,0.0015458573385615623,interpolado
0.2386695339067813,0.001747045007901678,interpolado
0.23876935387077416,0.001954728604043232,interpolado
0.23886917383476694,0.002147900557064555,interpolado
0.239,0.002344,original
0.23906881376275255,0.002408583877640961,interpolado
0.23916863372674535,0.0024583004357972295,interpolado
0.23926845369073813,0.002468401991640338,interpolado
0.23936827365473093,0.0024527617976998336,interpolado
0.23946809361872373,0.002425253106505272,interpolado
0.23956791358271656,0.0023997491705861802,interpolado
0.23966773354670937,0.0023901232424721106,interpolado
0.23976755351070214,0.0024102485746926106,interpolado
0.23986737347469492,0.0024739984197772263,interpolado
0.24,0.00265,original
0.24006701340268055,0.002786584905062891,interpolado
0.24016683336667333,0.0030459810593695016,interpolado
0.24026665333066613,0.0033620806295231107,interpolado
0.24036647329465888,0.0037233796025129746,interpolado
0.2404662932586517,0.004118373965328657,interpolado
0.2405661132226445,0.004535559704959427,interpolado
0.24066593318663732,0.004963432808394644,interpolado
0.24076575315063006,0.005390489262623672,interpolado
0.2408655731146229,0.005805225054635759,interpolado
0.241,0.006324,original
0.24106521304260844,0.006551306731161312,interpolado
0.2411650330066013,0.006853793070954701,interpolado
0.24126485297059408,0.00708329017420524,interpolado
0.24136467293458683,0.007219431471999911,interpolado
0.24146449289857963,0.007241850395425792,interpolado
0.24156431286257246,0.007130180375569828,interpolado
0.24166413282656526,0.006864054843519017,interpolado
0.24176395279055807,0.006423107230360357,interpolado
0.24186377275455082,0.005786970967181054,interpolado
0.242,0.004567,original
0.24206341268253645,0.003851245774231784,interpolado
0.24216323264652928,0.002564819728150725,interpolado
0.24226305261052206,0.0011387304560089209,interpolado
0.24236287257451483,-0.0003636155006816515,interpolado
0.24246269253850763,-0.0018788116004102885,interpolado
0.24256251250250047,-0.003343451301665026,interpolado
0.24266233246649324,-0.004694128062934308,interpolado
0.24276215243048604,-0.005867435342706284,interpolado
0.24286197239447888,-0.00679996659947007,interpolado
0.243,-0.007575,original
0.2430616123224644,-0.007694032863813842,interpolado
0.24316143228645726,-0.007608020104720013,interpolado
0.24326125225045006,-0.007232192617814625,interpolado
0.24336107221444292,-0.006629648376034834,interpolado
0.2434608921784357,-0.005863485352318075,interpolado
0.2435607121424285,-0.004996801519601726,interpolado
0.24366053210642136,-0.004092694850823165,interpolado
0.24376035207041413,-0.003214263318920001,interpolado
0.24386017203440696,-0.0024246048968291035,interpolado
0.244,-0.001588,original
0.2440598119623926,-0.0013605091984015174,interpolado
0.24415963192638537,-0.001152899700001713,interpolado
0.24425945189037815,-0.0011307953982908376,interpolado
0.24435927185437095,-0.0012599581225575817,interpolado
0.2444590918183637,-0.001506149702090671,interpolado
0.2445589117823565,-0.0018351319661788015,interpolado
0.2446587317463493,-0.0022126667441106683,interpolado
0.24475855171034205,-0.002604515865174858,interpolado
0.2448583716743349,-0.002976441158660293,interpolado
0.245,-0.003403,original
0.24505801160232052,-0.0035250423670491176,interpolado
0.2451578315663133,-0.003659993041328335,interpolado
0.24525765153030607,-0.003709346706360449,interpolado
0.24535747149429887,-0.003683945636411752,interpolado
0.24545729145829165,-0.0035946321057484893,interpolado
0.2455571114222845,-0.0034522483886369297,interpolado
0.24565693138627728,-0.0032676367593433967,interpolado
0.24575675135027006,-0.003051639492134056,interpolado
0.24585657131426286,-0.0028150988612752207,interpolado
0.246,-0.002461,original
0.2460562112422485,-0.0023236374445535636,interpolado
0.2461560312062413,-0.002088090942678756,interpolado
0.24625585117023407,-0.001869111785084962,interpolado
0.2463556711342269,-0.0016735384817076003,interpolado
0.24645549109821968,-0.001508209542482024,interpolado
0.24655531106221248,-0.0013799634773435864,interpolado
0.24665513102620526,-0.001295638796227656,interpolado
0.2467549509901981,-0.0012620740090695376,interpolado
0.24685477095419087,-0.0012861076258046137,interpolado
0.247,-0.001438,original
0.24705441088217647,-0.0015336626134266596,interpolado
0.24715423084616928,-0.001757118466535353,interpolado
0.24725405081016205,-0.0020276626262479103,interpolado
0.24735387077415483,-0.00232762750084157,interpolado
0.24745369073814766,-0.002639345498593625,interpolado
0.24755351070214046,-0.002945149027781366,interpolado
0.2476533306661332,-0.003227370496682013,interpolado
0.24775315063012604,-0.0034683423135730197,interpolado
0.24785297059411882,-0.0036503968867315955,interpolado
0.248,-0.003774,original
0.24805261052210442,-0.003767970298541077,interpolado
0.24815243048609725,-0.0036879392813926287,interpolado
0.24825225045009003,-0.003533789862344095,interpolado
0.24835207041408286,-0.003324178774020374,interpolado
0.24845189037807566,-0.0030777627490463475,interpolado
0.24855171034206844,-0.002813198520046978,interpolado
0.24865153030606116,-0.002549142819646998,interpolado
0.248751350270054,-0.002304252380471366,interpolado
0.24885117023404685,-0.0020971839351449657,interpolado
0.249,-0.001899,original
0.24905081016203237,-0.0018699393109080874,interpolado
0.2491506301260252,-0.0018581955923210956,interpolado
0.24925045009001792,-0.0018764754076570087,interpolado
0.2493502700540108,-0.0018888136172664756,interpolado
0.2494500900180036,-0.0018592450815001407,interpolado
0.2495499099819964,-0.0017518046607086957,interpolado
0.24964972994598925,-0.0015305272152426564,interpolado
0.249749549909982,-0.0011594476054529275,interpolado
0.24984936987397474,-0.000602600691690098,interpolado
0.2499491898379676,0.00017597866569565596,interpolado
0.25,0.000669,original
0.2501488297659532,0.002479483266986213,interpolado
0.250248649729946,0.003909317088630061,interpolado
0.25034846969393876,0.0054219595855207,interpolado
0.2504482896579316,0.0069398526638734795,interpolado
0.25054810962192436,0.008385438229901194,interpolado
0.2506479295859172,0.009681158189819874,interpolado
0.25074774954991,0.010749454449842568,interpolado
0.2508475695139027,0.011512768916184555,interpolado
0.2509473894778956,0.01189354349506045,interpolado
0.251,0.011914,original
0.2511470294058812,0.011278740017290859,interpolado
0.251246849369874,0.01035073652966077,interpolado
0.25134666933386673,0.009108368428259985,interpolado
0.25144648929785957,0.007627096595614828,interpolado
0.2515463092618524,0.005982381914254183,interpolado
0.2516461292258452,0.004249685266703507,interpolado
0.25174594918983795,0.0025044675354919635,interpolado
0.2518457691538308,0.0008221896031458074,interpolado
0.2519455891178236,-0.000721687647808566,interpolado
0.252,-0.001478,original
0.2521452290458092,-0.0031335416587484908,interpolado
0.252245049009802,-0.003965965376112867,interpolado
0.25234486897379477,-0.0045549319315223245,interpolado
0.2524446889377876,-0.004905141044673216,interpolado
0.2525445089017804,-0.005021292435261377,interpolado
0.2526443288657732,-0.004908085822983169,interpolado
0.252744148829766,-0.004570220927534943,interpolado
0.25284396879375876,-0.004012397468612923,interpolado
0.25294378875775153,-0.003239315165912847,interpolado
0.253,-0.002711,original
0.25314342868573714,-0.0010967330706289763,interpolado
0.25324324864972997,0.00017541463264172296,interpolado
0.25334306861372274,0.0014934017918346797,interpolado
0.2534428885777156,0.002790719777694389,interpolado
0.25354270854170835,0.004000859960962489,interpolado
0.2536425285057011,0.005057313712382828,interpolado
0.25374234846969396,0.005893572402698903,interpolado
0.25384216843368673,0.006443127402652866,interpolado
0.25394198839767956,0.006639470082988361,interpolado
0.254,0.006565,original
0.2541416283256651,0.005780192500148206,interpolado
0.2542414482896579,0.004809345509097474,interpolado
0.2543412682536507,0.003593773913114171,interpolado
0.2544410882176435,0.0022218047031760833,interpolado
0.2545409081816364,0.0007817648702638084,interpolado
0.25464072814562905,-0.0006380185946443467,interpolado
0.25474054810962193,-0.0019492187005700364,interpolado
0.2548403680736147,-0.0030635084565327295,interpolado
0.25494018803760754,-0.003892560871554524,interpolado
0.255,-0.004216,original
0.2551398279655931,-0.004406851764610888,interpolado
0.255239647929586,-0.004113290852593657,interpolado
0.25533946789357875,-0.0035229008005097863,interpolado
0.25543928785757153,-0.0026896888128976307,interpolado
0.2555391078215643,-0.0016676620942970874,interpolado
0.25563892778555714,-0.0005108278492466988,interpolado
0.2557387477495499,0.0007268067177152875,interpolado
0.25583856771354274,0.0019912344020485287,interpolado
0.2559383876775355,0.0032284479992154176,interpolado
0.256,0.003955,original
0.25613802760552107,0.005421068789712471,interpolado
0.2562378475695139,0.006317908567450495,interpolado
0.25633766753350673,0.007057291777253482,interpolado
0.25643748749749956,0.00762121405929042,interpolado
0.25653730746149234,0.007991671053728854,interpolado
0.2566371274254851,0.008150658400737337,interpolado
0.25673694738947794,0.008080171740483949,interpolado
0.25683676735347066,0.007762206713136944,interpolado
0.2569365873174635,0.007178758958864131,interpolado
0.257,0.006662,original
0.25713622724544904,0.005184845692284509,interpolado
0.25723604720944193,0.0038711045630877685,interpolado
0.2573358671734347,0.002451226928354759,interpolado
0.2574356871374275,0.001005047806809055,interpolado
0.25753550710142026,-0.0003875977828226463,interpolado
0.25763532706541303,-0.0016468748218160898,interpolado
0.25773514702940586,-0.0026929482914467297,interpolado
0.25783496699339864,-0.003445983172988311,interpolado
0.25793478695739147,-0.0038261444477165176,interpolado
0.258,-0.003835,original
0.258134426885377,-0.0032218448134785603,interpolado
0.25823424684936985,-0.0023190939982279664,interpolado
0.2583340668133627,-0.0011469292240760662,interpolado
0.25843388677735546,0.00019431624274688261,interpolado
0.2585337067413483,0.0016043091360110097,interpolado
0.25863352670534107,0.0029827161894840364,interpolado
0.25873334666933395,0.00422920413693672,interpolado
0.2588331666333267,0.005243439712136964,interpolado
0.2589329865973195,0.005925089648854852,interpolado
0.259,0.006146,original
0.25913262652530505,0.00595824601610355,interpolado
0.25923244648929794,0.005342377490001205,interpolado
0.25933226645329066,0.004403295219193165,interpolado
0.25943208641728344,0.0032170357949277157,interpolado
0.25953190638127627,0.0018596358084525901,interpolado
0.259631726345269,0.0004071318510178548,interpolado
0.2597315463092619,-0.0010644394861294899,interpolado
0.2598313662732546,-0.0024790416117392517,interpolado
0.2599311862372474,-0.0037606379345637257,interpolado
0.26,-0.004527,original
0.260130826165233,-0.005653457953333656,interpolado
0.2602306461292258,-0.006226710947951616,interpolado
0.26033046609321864,-0.006564743708927784,interpolado
0.26043028605721136,-0.006678912563604515,interpolado
0.2605301060212042,-0.006580573839323681,interpolado
0.26062992598519696,-0.006281083863427376,interpolado
0.2607297459491898,-0.005791798963257258,interpolado
0.2608295659131826,-0.005124075466155856,interpolado
0.2609293858771754,-0.004289269699464928,interpolado
0.261,-0.003604,original
0.261129025805161,-0.0021785493560752553,interpolado
0.26122884576915384,-0.0009780121951992432,interpolado
0.26132866573314667,0.0002504707713255978,interpolado
0.2614284856971395,0.0014546674590500091,interpolado
0.2615283056611323,0.0025823457835246776,interpolado
0.26162812562512505,0.003581273660298423,interpolado
0.2617279455891179,0.004399219004922381,interpolado
0.26182776555311066,0.004983949732945714,interpolado
0.2619275855171034,0.005283233759919023,interpolado
0.262,0.005292,original
0.26212722544508904,0.004856998130293131,interpolado
0.2622270454090819,0.00417606643628172,interpolado
0.2623268653730747,0.00326747860685543,interpolado
0.2624266853370675,0.002196264877223768,interpolado
0.26252650530106025,0.0010274554825958793,interpolado
0.26262632526505303,-0.0001739193418170993,interpolado
0.26272614522904586,-0.0013428293608066183,interpolado
0.26282596519303864,-0.002414244339161539,interpolado
0.2629257851570314,-0.003323134041672716,interpolado
0.263,-0.003855,original
0.2631254250850171,-0.004427547126154413,interpolado
0.2632252450490099,-0.004623183768508478,interpolado
0.2633250650130026,-0.004630471653034268,interpolado
0.26342488497699534,-0.004488212189254446,interpolado
0.2635247049409882,-0.004235206786691337,interpolado
0.263624524904981,-0.003910256854867735,interpolado
0.26372434486897384,-0.0035521638033058143,interpolado
0.2638241648329666,-0.003199729041528484,interpolado
0.26392398479695933,-0.0028917539790580403,interpolado
0.264,-0.002711,original
0.26412362472494494,-0.002548021663448583,interpolado
0.26422344468893777,-0.0025259601237142162,interpolado
0.26432326465293055,-0.002587844240759296,interpolado
0.2644230846169234,-0.0027207797028635217,interpolado
0.26452290458091615,-0.002911872198306799,interpolado
0.2646227245449089,-0.003148227415368685,interpolado
0.26472254450890176,-0.0034169510423290453,interpolado
0.2648223644728946,-0.0037051487674678155,interpolado
0.2649221844368873,-0.003999926279064444,interpolado
0.265,-0.004226,original
0.26512182436487297,-0.004558109068382133,interpolado
0.2652216443288658,-0.004797598753660455,interpolado
0.26532146429285863,-0.004995503718636018,interpolado
0.26542128425685135,-0.005140466616678529,interpolado
0.2655211042208442,-0.005221130101158075,interpolado
0.265620924184837,-0.005226136825444495,interpolado
0.2657207441488297,-0.00514412944290779,interpolado
0.2658205641128226,-0.0049637506069177655,interpolado
0.2659203840768154,-0.004673642970844554,interpolado
0.266,-0.004356,original
0.266120024004801,-0.003732873237052228,interpolado
0.2662198439687938,-0.003117784108411235,interpolado
0.26631966393278655,-0.0024544232135838844,interpolado
0.26641948389677933,-0.001779964892736448,interpolado
0.2665193038607722,-0.001131583486033737,interpolado
0.26661912382476494,-0.000546453333642005,interpolado
0.2667189437887577,-6.174877572639906e-05,interpolado
0.26681876375275054,0.000285355847547711,interpolado
0.2669185837167433,0.00045768619601440643,interpolado
0.267,0.000443,original
0.267118223644729,0.0001535282783603793,interpolado
0.2672180436087217,-0.000293880757329784,interpolado
0.2673178635727146,-0.0008738376827549696,interpolado
0.2674176835367073,-0.0015361122976015435,interpolado
0.2675175035007002,-0.002230474401557215,interpolado
0.26761732346469297,-0.0029066937943082235,interpolado
0.26771714342868574,-0.0035145402755419834,interpolado
0.2678169633926786,-0.004003783644945755,interpolado
0.2679167833566714,-0.004324193702206011,interpolado
0.268,-0.004426,original
0.26811642328465696,-0.004284238363022434,interpolado
0.26821624324864973,-0.003940859326219392,interpolado
0.2683160632126425,-0.0034460139614146106,interpolado
0.26841588317663534,-0.0028502358101193982,interpolado
0.26851570314062817,-0.002204058413843889,interpolado
0.26861552310462095,-0.0015580153140995613,interpolado
0.2687153430686137,-0.0009626400523968022,interpolado
0.26881516303260655,-0.0004684661702461112,interpolado
0.2689149829965994,-0.00012602720915879544,interpolado
0.269,8.1e-06,original
0.2691146229245849,-7.137007052396428e-05,interpolado
0.26921444288857765,-0.00033688081672321007,interpolado
0.26931426285257054,-0.0007254035420875744,interpolado
0.2694140828165633,-0.0011800112500092211,interpolado
0.2695139027805562,-0.0016437769438812084,interpolado
0.269613722744549,-0.002059773627095616,interpolado
0.26971354270854175,-0.0023710743030453257,interpolado
0.26981336267253453,-0.002520751975122986,interpolado
0.26991318263652736,-0.002451879646721027,interpolado
0.27,-0.00217,original
0.27011282256451297,-0.0014616434738440069,interpolado
0.27021264252850574,-0.0005713493838362266,interpolado
0.2703124624924986,0.0004919683506336353,interpolado
0.27041228245649135,0.0016569733800933669,interpolado
0.270512102420484,0.0028523293550725176,interpolado
0.27061192238447684,0.004006699926100704,interpolado
0.2707117423484696,0.005048748743705615,interpolado
0.27081156231246245,0.005907139458417323,interpolado
0.2709113822764553,0.006510535720763842,interpolado
0.271,0.006775,original
0.27111102220444083,0.0066965961396321235,interpolado
0.27121084216843366,0.006280109085041278,interpolado
0.27131066213242644,0.0055959014482433456,interpolado
0.27141048209641927,0.004701704256194076,interpolado
0.271510302060412,0.003655248535848114,interpolado
0.2716101220244048,0.002514265314159768,interpolado
0.27170994198839765,0.0013364856180852918,interpolado
0.2718097619523905,0.00017964047457840192,interpolado
0.27190958191638326,-0.0008985390894046319,interpolado
0.272,-0.001759,original
0.27210922184436886,-0.002603426645948351,interpolado
0.2722090418083617,-0.003192086650885496,interpolado
0.27230886177235447,-0.003619340113104527,interpolado
0.2724086817363473,-0.0038982152297339814,interpolado
0.2725085017003401,-0.004041740197903141,interpolado
0.27260832166433285,-0.004062943214740991,interpolado
0.27270814162832563,-0.003974852477376518,interpolado
0.27280796159231846,-0.0037904961829386434,interpolado
0.2729077815563113,-0.003522902528556581,interpolado
0.273,-0.003213,original
0.2731074214842969,-0.002790918322044105,interpolado
0.2732072414482896,-0.002356740986907232,interpolado
0.2733070614122825,-0.001899459123013577,interpolado
0.2734068813762753,-0.001435963863103842,interpolado
0.27350670134026805,-0.0009831463399179651,interpolado
0.2736065213042609,-0.0005578976861959082,interpolado
0.27370634126825366,-0.00017710903467833846,interpolado
0.2738061612322465,0.00014232848189496005,interpolado
0.27390598119623927,0.00038352373078343657,interpolado
0.274,0.000524,original
0.2741056211242249,0.0005718572360571473,interpolado
0.27420544108821765,0.0005293397739274333,interpolado
0.2743052610522105,0.0004268476436557734,interpolado
0.2744050810162033,0.0002891939317048734,interpolado
0.27450490098019603,0.00014119172453726957,interpolado
0.2746047209441888,7.654108615476264e-06,interpolado
0.2747045409081816,-8.660582959776734e-05,interpolado
0.2748043608721744,-0.00011677500363995656,interpolado
0.27490418083616724,-5.8040327048466955e-05,interpolado
0.275,0.000105,original
0.2751038207641528,0.0004126141660099877,interpolado
0.2752036407281456,0.0008032837331872763,interpolado
0.27530346069213846,0.0012430864867421071,interpolado
0.2754032806561312,0.0016886896565125628,interpolado
0.27550310062012395,0.0020967604723374704,interpolado
0.27560292058411684,0.0024239661640555726,interpolado
0.2757027405481096,0.002626973961505077,interpolado
0.27580256051210245,0.002662451094524783,interpolado
0.2759023804760952,0.002487064792953119,interpolado
0.276,0.00207,original
0.27610202040408083,0.0013515009378862817,interpolado
0.27620184036807366,0.00042602843070694505,interpolado
0.2763016603320664,-0.0006435147959390678,interpolado
0.2764014802960592,-0.0017817085150985295,interpolado
0.27650130026005204,-0.0029131324998162788,interpolado
0.27660112022404487,-0.0039623665231396125,interpolado
0.27670094018803765,-0.00485399035811347,interpolado
0.2768007601520304,-0.005512583777784599,interpolado
0.27690058011602325,-0.005862726555199229,interpolado
0.277,-0.00583,original
0.27710022004400886,-0.005364140962086495,interpolado
0.2772000400080016,-0.004532195885633179,interpolado
0.27729985997199436,-0.003424697601967866,interpolado
0.27739967993598724,-0.0021331804772231175,interpolado
0.27749949989998,-0.0007491788775337191,interpolado
0.27759931986397285,0.0006357728309684479,interpolado
0.27769913982796557,0.001930140282148492,interpolado
0.27779895979195834,0.003042389109873881,interpolado
0.2778987797559512,0.0038809849480116784,interpolado
0.278,0.004358,original
0.2780984196839368,0.0043997011795735685,interpolado
0.27819823964792956,0.004073400126675866,interpolado
0.27829805961192233,0.003463116299907155,interpolado
0.27839787957591516,0.002656475809869119,interpolado
0.27849769953990794,0.0017411047671648662,interpolado
0.2785975195039008,0.0008046292823956523,interpolado
0.27869733946789355,-6.53245338352738e-05,interpolado
0.2787971594318864,-0.0007811305709262623,interpolado
0.27889697939587926,-0.0012551627182753266,interpolado
0.279,-0.001398,original
0.2790966193238648,-0.0011528275706761803,interpolado
0.2791964392878576,-0.0005640439026726792,interpolado
0.2792962592518504,0.00028595413220281054,interpolado
0.2793960792158432,0.0013165636031333885,interpolado
0.2794958991798359,0.002447181579300353,interpolado
0.27959571914382875,0.003597205129887354,interpolado
0.27969553910782163,0.004686031324075565,interpolado
0.27979535907181435,0.0056330572310481055,interpolado
0.2798951790358072,0.006357679919987797,interpolado
0.28,0.006791,original
0.28009481896379285,0.006836644784725202,interpolado
0.2801946389277856,0.006558392987820843,interpolado
0.28029445889177834,0.005999327529961196,interpolado
0.28039427885577123,0.005214237709407031,interpolado
0.28049409881976406,0.004257912824420495,interpolado
0.2805939187837569,0.0031851421732618512,interpolado
0.28069373874774967,0.0020507150541935635,interpolado
0.2807935587117424,0.0009094207654763208,interpolado
0.2808933786757353,-0.00018395139462920888,interpolado
0.281,-0.001237,original
0.2810930186037209,-0.0020147867972429173,interpolado
0.2811928385677137,-0.002691141966811288,interpolado
0.2812926585317065,-0.0032008972584647672,interpolado
0.2813924784956993,-0.0035412750362120607,interpolado
0.28149229845969204,-0.0037094976640609264,interpolado
0.28159211842368476,-0.0037027875060197477,interpolado
0.2816919383876776,-0.0035183669260965104,interpolado
0.2817917583516704,-0.00315345828829956,interpolado
0.2818915783156632,-0.00260528395663663,interpolado
0.282,-0.001799,original
0.28209121824364874,-0.0009555564681095924,interpolado
0.2821910382076416,9.745172981689722e-05,interpolado
0.28229085817163435,0.0012315473681983346,interpolado
0.2823906781356271,0.002390313203560359,interpolado
0.28249049809961985,0.0035173319924261116,interpolado
0.2825903180636126,0.004556186491320683,interpolado
0.2826901380276055,0.0054504594567689685,interpolado
0.28278995799159823,0.006143733645294403,interpolado
0.2828897779555911,0.00657959181342214,interpolado
0.283,0.006694,original
0.2830894178835766,0.0064676548324551966,interpolado
0.2831892378475695,0.005913699905111504,interpolado
0.2832890578115623,0.005102371463675702,interpolado
0.2833888777755551,0.004096311491546288,interpolado
0.2834886977395479,0.002958161972123726,interpolado
0.28358851770354077,0.0017505648888068272,interpolado
0.2836883376675336,0.0005361622249942435,interpolado
0.28378815763152637,-0.0006224040359133279,interpolado
0.2838879775955192,-0.0016624919105177776,interpolado
0.284,-0.002611,original
0.2840876175235047,-0.003147540086329304,interpolado
0.2841874374874976,-0.0035519400854563945,interpolado
0.28428725745149036,-0.00376847766188579,interpolado
0.2843870774154831,-0.003831000442362042,interpolado
0.28448689737947597,-0.003773356053629367,interpolado
0.2845867173434687,-0.0036293921224321065,interpolado
0.2846865373074616,-0.003432956275514413,interpolado
0.28478635727145435,-0.0032178961396207885,interpolado
0.28488617723544707,-0.0030180593414953043,interpolado
0.285,-0.002852,original
0.2850858171634327,-0.002794081576098396,interpolado
0.28518563712742545,-0.0027940631396931163,interpolado
0.2852854570914183,-0.002850453749266333,interpolado
0.2853852770554111,-0.002946445649466834,interpolado
0.2854850970194039,-0.0030652310849432498,interpolado
0.28558491698339666,-0.0031900023003443704,interpolado
0.2856847369473895,-0.0033039515403189977,interpolado
0.2857845569113824,-0.003390271049515745,interpolado
0.28588437687537516,-0.003432153072583431,interpolado
0.286,-0.003403,original
0.2860840168033607,-0.0033189886560211993,interpolado
0.2861838367673535,-0.0031609678672917738,interpolado
0.28628365673134626,-0.0029582717115370087,interpolado
0.2863834766953391,-0.002730468469437898,interpolado
0.28648329665933187,-0.0024971264216758944,interpolado
0.28658311662332464,-0.00227781384893207,interpolado
0.28668293658731747,-0.002092099031887529,interpolado
0.2867827565513102,-0.001959550251223679,interpolado
0.2868825765153029,-0.0018997357876215986,interpolado
0.287,-0.001949,original
0.2870822164432886,-0.002072341030020027,interpolado
0.2871820364072814,-0.002306338533728781,interpolado
0.2872818563712742,-0.0026082763606607635,interpolado
0.287381676335267,-0.002952172801206033,interpolado
0.28748149629925984,-0.0033120461457547433,interpolado
0.2875813162632526,-0.003661914684696434,interpolado
0.28768113622724545,-0.003975796708421419,interpolado
0.28778095619123817,-0.004227710507319286,interpolado
0.287880776155231,-0.004391674371780182,interpolado
0.288,-0.004436,original
0.2880804160832166,-0.0043564499487485355,interpolado
0.28818023604720944,-0.004148115960821371,interpolado
0.28828005601120227,-0.0038437266633826596,interpolado
0.288379875975195,-0.003470369059607382,interpolado
0.2884796959391879,-0.0030551301526703673,interpolado
0.2885795159031807,-0.002625096945747154,interpolado
0.2886793358671735,-0.0022073564420123613,interpolado
0.28877915583116626,-0.0018289956446415339,interpolado
0.2888789757951591,-0.0015171015568094977,interpolado
0.289,-0.001267,original
0.28907861572314464,-0.0011964281299388032,interpolado
0.2891784356871374,-0.0011969124509619061,interpolado
0.2892782556511302,-0.0012704839317389045,interpolado
0.289378075615123,-0.0013873214435164843,interpolado
0.2894778955791158,-0.0015176038575414263,interpolado
0.28957771554310857,-0.0016315100450602844,interpolado
0.2896775355071014,-0.0016992188773198608,interpolado
0.2897773554710942,-0.0016909092255667764,interpolado
0.28987717543508695,-0.0015767599610477972,interpolado
0.29,-0.001247,original
0.2900768153630725,-0.0009158496498854519,interpolado
0.2901766353270653,-0.00035202741188018554,interpolado
0.29027645529105817,0.000339263563983523,interpolado
0.29037627525505094,0.001132657498678672,interpolado
0.2904760952190438,0.00200278861317849,interpolado
0.2905759151830366,0.002924291128454727,interpolado
0.29067573514702943,0.0038717992654811024,interpolado
0.29077555511102215,0.004819947245229282,interpolado
0.290875375075015,0.005743369288672513,interpolado
0.291,0.006823,original
0.29107501500300054,0.007416064505342079,interpolado
0.2911748349669934,0.00813051172004034,interpolado
0.29127465493098614,0.008755714803742166,interpolado
0.2913744748949789,0.009287401244912232,interpolado
0.2914742948589718,0.00972129853201501,interpolado
0.2915741148229645,0.010053134153514269,interpolado
0.29167393478695736,0.010278635597874633,interpolado
0.29177375475095013,0.010393530353560101,interpolado
0.2918735747149429,0.010393545909035086,interpolado
0.292,0.010222,original
0.29207321464292846,0.010033234073866333,interpolado
0.2921730346069213,0.009679871617915281,interpolado
0.2922728545709142,0.009231038926116791,interpolado
0.2923726745349069,0.008703518985481103,interpolado
0.2924724944988997,0.008114094783018272,interpolado
0.29257231446289256,0.007479549305739366,interpolado
0.29267213442688533,0.006816665540654466,interpolado
0.29277195439087816,0.006142226474773599,interpolado
0.292871774354871,0.005473015095107925,interpolado
0.293,0.004648,original
0.2930714142828566,0.004216518776543723,interpolado
0.2931712342468493,0.0036523277837901312,interpolado
0.2932710542108422,0.0031355211025205676,interpolado
0.29337087417483493,0.00266832250705525,interpolado
0.29347069413882776,0.002252955771713305,interpolado
0.29357051410282053,0.0018916446708148397,interpolado
0.29367033406681337,0.0015866129786792518,interpolado
0.2937701540308062,0.0013400844696260653,interpolado
0.29386997399479897,0.0011542829179751984,interpolado
0.294,0.001007,original
0.2940696139227845,0.0009733143481575944,interpolado
0.2941694338867773,0.000977113016779491,interpolado
0.29426925385077013,0.0010372791662419743,interpolado
0.29436907381476296,0.0011482277959575834,interpolado
0.29446889377875574,0.001304373905339042,interpolado
0.29456871374274857,0.001500132493798783,interpolado
0.2946685337067414,0.0017299185607494887,interpolado
0.2947683536707342,0.001988147105603917,interpolado
0.29486817363472695,0.0022692331277743873,interpolado
0.295,0.002666,original
0.29506781356271256,0.0028770066477888357,interpolado
0.29516763352670533,0.003184255224835589,interpolado
0.29526745349069816,0.0034717446871873714,interpolado
0.2953672734546909,0.0037218160268087325,interpolado
0.29546709341868377,0.003916810235664807,interpolado
0.29556691338267654,0.004039068305720243,interpolado
0.2956667333466692,0.004070931228940046,interpolado
0.2957665533106621,0.003994739997289014,interpolado
0.29586637327465487,0.0037928356027321034,interpolado
0.296,0.003295,original
0.2960660132026405,0.0029441036668672134,interpolado
0.29616583316663325,0.002301473121737216,interpolado
0.2962656531306261,0.0015607974604061462,interpolado
0.29636547309461886,0.0007635898525767718,interpolado
0.29646529305861175,-4.863653204981421e-05,interpolado
0.2965651130226046,-0.0008343685237707645,interpolado
0.29666493298659724,-0.0015520929528846038,interpolado
0.29676475295059007,-0.002160296649689703,interpolado
0.2968645729145829,-0.0026174664444834407,interpolado
0.297,-0.002922,original
0.2970642128425685,-0.00291632231704624,interpolado
0.2971640328065613,-0.0027288294645189688,interpolado
0.29726385277055406,-0.002360205343150094,interpolado
0.2973636727345469,-0.0018516705645511456,interpolado
0.2974634926985397,-0.0012444457403327077,interpolado
0.2975633126625325,-0.0005797514821065749,interpolado
0.2976631326265253,0.00010119159851646602,interpolado
0.29776295259051805,0.0007571628899256643,interpolado
0.2978627725545109,0.0013469417805091722,interpolado
0.298,0.001974,original
0.2980624124824965,0.0021657590108515993,interpolado
0.2981622324464892,0.0023546734597645145,interpolado
0.2982620524104821,0.002420989218035302,interpolado
0.2983618723744748,0.0023902299430505246,interpolado
0.29846169233846753,0.0022879192921968746,interpolado
0.2985615123024605,0.0021395809228608904,interpolado
0.29866133226645325,0.0019707384924293717,interpolado
0.29876115223044614,0.0018069156582887886,interpolado
0.29886097219443886,0.0016736360778259606,interpolado
0.299,0.001587,original
0.2990606121224245,0.001599098335748673,interpolado
0.29916043208641724,0.001680714120795561,interpolado
0.29926025205041007,0.0018216167511880099,interpolado
0.2993600720144028,0.0020016912709690097,interpolado
0.2994598919783957,0.0022008227241817812,interpolado
0.29955971194238845,0.0023988961548695852,interpolado
0.2996595319063812,0.0025757966070753496,interpolado
0.29975935187037406,0.002711409124842403,interpolado
0.29985917183436683,0.002785618752213742,interpolado
0.3,0.002747,original
0.3000588117623524,0.002670442208852771,interpolado
0.30015863172634527,0.002459730853579948,interpolado
0.3002584516903381,0.0021571672116513702,interpolado
0.3003582716543308,0.0017741056882153885,interpolado
0.30045809161832365,0.0013219006884198675,interpolado
0.3005579115823165,0.0008119066174125201,interpolado
0.3006577315463093,0.00025547788034192706,interpolado
0.3007575515103021,-0.0003360311176445071,interpolado
0.3008573714742948,-0.0009512659713981112,interpolado
0.301,-0.001849,original
0.30105701140228047,-0.0022074514544349086,interpolado
0.30115683136627325,-0.0028248621139052472,interpolado
0.3012566513302661,-0.003418346032688389,interpolado
0.30135647129425885,-0.003975126289110635,interpolado
0.30145629125825163,-0.004482425961499291,interpolado
0.3015561112222444,-0.004927468128181549,interpolado
0.30165593118623724,-0.005297475867483877,interpolado
0.30175575115023,-0.005579672257733637,interpolado
0.3018555711142228,-0.0057612803772574776,interpolado
0.302,-0.00582,original
0.3020552110422084,-0.005772765984253168,interpolado
0.30215503100620117,-0.0056000868403309435,interpolado
0.30225485097019394,-0.005338596041829239,interpolado
0.3023546709341868,-0.005016006043999752,interpolado
0.30245449089817955,-0.00466002930209375,interpolado
0.3025543108621723,-0.004298378271362435,interpolado
0.30265413082616516,-0.0039587654070576146,interpolado
0.30275395079015793,-0.003668903164430334,interpolado
0.30285377075415076,-0.0034565039987323283,interpolado
0.303,-0.003343,original
0.30305341068213637,-0.0033735928078025587,interpolado
0.3031532306461292,-0.0035292867337737115,interpolado
0.30325305061012203,-0.0037920113419463958,interpolado
0.3033528705741147,-0.004136528923536565,interpolado
0.3034526905381076,-0.004537601769760599,interpolado
0.30355251050210047,-0.004969992171834997,interpolado
0.30365233046609313,-0.005408462420975522,interpolado
0.303752150430086,-0.005827774808398895,interpolado
0.3038519703940788,-0.00620269162532089,interpolado
0.304,-0.006623,original
0.3040516103220644,-0.006719147738846461,interpolado
0.3041514302860572,-0.006827889616764455,interpolado
0.30425125025005,-0.006841336662579897,interpolado
0.30435107021404284,-0.006767244212678389,interpolado
0.3044508901780356,-0.006613367603445685,interpolado
0.30455071014202845,-0.006387462171267287,interpolado
0.3046505301060213,-0.006097283252529112,interpolado
0.304750350070014,-0.005750586183616718,interpolado
0.30485017003400683,-0.005355126300915543,interpolado
0.30494998999799966,-0.00491865894081169,interpolado
0.305,-0.004687,original
0.30514962992598527,-0.003953335438867831,interpolado
0.30524944988997793,-0.0034389690352244293,interpolado
0.3053492698539709,-0.002912890644820772,interpolado
0.3054490898179636,-0.0023821649852821076,interpolado
0.3055489097819565,-0.0018538567742325159,interpolado
0.3056487297459492,-0.0013350307292972485,interpolado
0.30574854970994203,-0.0008327515681006743,interpolado
0.30584836967393486,-0.0003540840082671959,interpolado
0.3059481896379276,9.390723257799089e-05,interpolado
0.306,0.000312,original
0.30614782956591324,0.0008681343507084086,interpolado
0.306247649529906,0.0011762763682368587,interpolado
0.3063474694938988,0.0014187576360899959,interpolado
0.3064472894578916,0.0015858025686831191,interpolado
0.3065471094218844,0.0016676355804319753,interpolado
0.3066469293858771,0.0016544810857520413,interpolado
0.30674674934986995,0.0015365634990589616,interpolado
0.3068465693138627,0.0013041072347681456,interpolado
0.30694638927785556,0.0009473367072954195,interpolado
0.307,0.000701,original
0.30714602920584116,-0.00015334892370822128,interpolado
0.30724584916983394,-0.0008477945148075908,interpolado
0.30734566913382677,-0.0015881278075923226,interpolado
0.30744548909781955,-0.0023364051663168415,interpolado
0.3075453090618124,-0.003054682955237202,interpolado
0.3076451290258052,-0.0037050175386078537,interpolado
0.3077449489897978,-0.004249465280684473,interpolado
0.30784476895379076,-0.004650082545722505,interpolado
0.30794458891778353,-0.0048689256979767516,interpolado
0.308,-0.004898,original
0.3081442288457691,-0.004650353218096927,interpolado
0.30824404880976186,-0.0042532255506154215,interpolado
0.3083438687737547,-0.00372114585701735,interpolado
0.30844368873774747,-0.003097399778766333,interpolado
0.30854350870174035,-0.002425272957324736,interpolado
0.3086433286657331,-0.0017480510341563358,interpolado
0.30874314862972585,-0.001109019650723777,interpolado
0.3088429685937187,-0.0005514644484897907,interpolado
0.30894278855771146,-0.00011867106891802351,interpolado
0.309,5.64e-05,original
0.30914242848569706,0.00023512838076327253,interpolado
0.3092422484496899,0.00017364512469337175,interpolado
0.30934206841368267,-7.092517610494258e-06,interpolado
0.3094418883776755,-0.0002767563551274275,interpolado
0.30954170834166833,-0.0006050181968368156,interpolado
0.30964152830566116,-0.0009615498517181763,interpolado
0.3097413482696539,-0.0013160231287504163,interpolado
0.3098411682336467,-0.001638109836913211,interpolado
0.3099409881976395,-0.0018974817851855055,interpolado
0.31,-0.002009,original
0.3101406281256252,-0.0021222674579270315,interpolado
0.3102404480896179,-0.0020734993911582416,interpolado
0.31034026805361076,-0.0019208143050287144,interpolado
0.3104400880176035,-0.0016671411980367363,interpolado
0.31053990798159625,-0.0013154090686803648,interpolado
0.31063972794558903,-0.0008685469154574398,interpolado
0.3107395479095818,-0.0003294837368665736,interpolado
0.3108393678735747,0.0002988514685947146,interpolado
0.3109391878375674,0.0010135297024276113,interpolado
0.311,0.00149,original
0.31113882776555307,0.0026784466503838736,interpolado
0.31123864772954585,0.00358663218447753,interpolado
0.3113384676935387,0.004506776335250644,interpolado
0.3114382876575315,0.005409737580790356,interpolado
0.31153810762152423,0.006266374399185356,interpolado
0.31163792758551706,0.007047545268524227,interpolado
0.3117377475495099,0.0077241086668942685,interpolado
0.31183756751350267,0.008266923072384368,interpolado
0.3119373874774955,0.008646846963082093,interpolado
0.312,0.008789,original
0.31213702740548105,0.008830723940402836,interpolado
0.3122368473694739,0.008668993238202024,interpolado
0.31233666733346666,0.008388873458099244,interpolado
0.31243648729745943,0.008029105421716972,interpolado
0.3125363072614522,0.007628429950677229,interpolado
0.31263612722544504,0.007225587866601942,interpolado
0.3127359471894378,0.006859319991113726,interpolado
0.3128357671534307,0.006568367145834367,interpolado
0.3129355871174234,0.00639147015238635,interpolado
0.313,0.006356,original
0.313135227045409,0.006498452332847547,interpolado
0.31323504700940186,0.006741610258923886,interpolado
0.31333486697339463,0.007047196806328223,interpolado
0.3134346869373874,0.007366217760104512,interpolado
0.3135345069013803,0.007649678905297225,interpolado
0.31363432686537307,0.007848586026950755,interpolado
0.31373414682936585,0.007913944910109168,interpolado
0.3138339667933587,0.007796761339816801,interpolado
0.31393378675735145,0.0074480411011180695,interpolado
0.314,0.007065,original
0.31413342668533706,0.005911613600121671,interpolado
0.3142332466493299,0.004798373632679128,interpolado
0.31433306661332266,0.0035605358190132835,interpolado
0.31443288657731544,0.002278741386126327,interpolado
0.3145327065413082,0.0010336315610183643,interpolado
0.31463252650530105,-9.415242931041243e-05,interpolado
0.31473234646929377,-0.001023969357857943,interpolado
0.3148321664332866,-0.0016751779976243934,interpolado
0.3149319863972794,-0.0019671371216082316,interpolado
0.315,-0.001919,original
0.31513162632526504,-0.0012187582874785888,interpolado
0.31523144628925787,-0.000250878699447128,interpolado
0.31533126625325064,0.0009861276451013368,interpolado
0.3154310862172434,0.0023949148115721733,interpolado
0.31553090618123625,0.0038781368653683307,interpolado
0.31563072614522897,0.005338447871895893,interpolado
0.31573054610922185,0.006678501896557756,interpolado
0.31583036607321463,0.007800953004759298,interpolado
0.31593018603720746,0.008608455261905424,interpolado
0.316,0.008934,original
0.3161298259651931,0.00895370068881173,interpolado
0.3162296459291859,0.00852463629098447,interpolado
0.3163294658931787,0.007795746191625432,interpolado
0.31642928585717145,0.006845511056369403,interpolado
0.3165291058211642,0.005752411550852846,interpolado
0.3166289257851571,0.004594928340710002,interpolado
0.31672874574914983,0.0034515420915775625,interpolado
0.3168285657131426,0.002400733469090257,interpolado
0.31692838567713544,0.001520983138883027,interpolado
0.317,0.001039,original
0.31712802560512104,0.0005439493461389211,interpolado
0.31722784556911376,0.0004413151847998289,interpolado
0.31732766553310654,0.0005339479218161142,interpolado
0.31742748549709937,0.000773403451816432,interpolado
0.31752730546109215,0.0011112376694289872,interpolado
0.31762712542508503,0.0014990064692825878,interpolado
0.31772694538907775,0.0018882657460052728,interpolado
0.31782676535307053,0.0022305713942257404,interpolado
0.31792658531706336,0.002477479308572584,interpolado
0.318,0.00257,original
0.31812622524504897,0.002519447862914379,interpolado
0.3182260452090418,0.002322885380955662,interpolado
0.3183258651730345,0.0020261193676422524,interpolado
0.3184256851370274,0.0016641538073179387,interpolado
0.3185255051010202,0.0012719926843271423,interpolado
0.3186253250650129,0.0008846399830134716,interpolado
0.3187251450290058,0.0005370996877213767,interpolado
0.31882496499299856,0.00026437578279463853,interpolado
0.3189247849569914,0.00010147225257720787,interpolado
0.319,7.25e-05,original
0.31912442488497705,0.00022076731888500867,interpolado
0.31922424484896983,0.00047903519670982914,interpolado
0.3193240648129626,0.0008174986060329266,interpolado
0.31942388477695544,0.001195647927707925,interpolado
0.3195237047409482,0.001572973542587795,interpolado
0.3196235247049411,0.0019089658315263184,interpolado
0.3197233446689338,0.002163115175376513,interpolado
0.3198231646329266,0.0022949119549919906,interpolado
0.3199229845969194,0.002263846551226091,interpolado
0.32,0.002103,original
0.3201226245249051,0.0015784665474496847,interpolado
0.3202224444888978,0.000951799179923917,interpolado
0.3203222644528905,0.0001976747285127637,interpolado
0.32042208441688336,-0.0006358153967356546,interpolado
0.32052190438087613,-0.00150057978577179,interpolado
0.320621724344869,-0.0023485270285479487,interpolado
0.32072154430886174,-0.003131565715014562,interpolado
0.32082136427285446,-0.003801604435123517,interpolado
0.32092118423684735,-0.004310551778826442,interpolado
0.321,-0.004567,original
0.32112082416483284,-0.004674621470867207,interpolado
0.3212206441288257,-0.004522782944341312,interpolado
0.3213204640928185,-0.004180630143168314,interpolado
0.32142028405681144,-0.0036738778479020054,interpolado
0.3215201040208041,-0.003028240839097088,interpolado
0.3216199239847969,-0.0022694338973074575,interpolado
0.32171974394878977,-0.0014231718030867588,interpolado
0.32181956391278255,-0.0005151693369900751,interpolado
0.32191938387677543,0.0004288587204294373,interpolado
0.322,0.0012,original
0.322119023804761,0.0023214318143332407,interpolado
0.32221884376875376,0.003215593353325631,interpolado
0.3223186637327466,0.004037484679144598,interpolado
0.32241848369673937,0.004758911208259691,interpolado
0.32251830366073214,0.005351678357138777,interpolado
0.32261812362472486,0.005787591542250959,interpolado
0.3227179435887177,0.006038456180064999,interpolado
0.3228177635527104,0.006076077687049275,interpolado
0.3229175835167033,0.005872261479672479,interpolado
0.323,0.005502,original
0.3231172234446888,0.004651337054126193,interpolado
0.3232170434086817,0.0036813056427535645,interpolado
0.3233168633726745,0.0025487733409875484,interpolado
0.32341668333666734,0.0013137168684182634,interpolado
0.3235165033006601,3.6112944638412715e-05,interpolado
0.32361632326465284,-0.001224061710761361,interpolado
0.3237161432286457,-0.002406830378190378,interpolado
0.32381596319263856,-0.0034522163380559905,interpolado
0.32391578315663144,-0.004300242870767985,interpolado
0.324,-0.004818,original
0.32411542308461694,-0.00519292618868099,interpolado
0.3242152430486098,-0.005245969400048759,interpolado
0.3243150630126025,-0.005101208623530225,interpolado
0.3244148829765953,-0.004809718902079412,interpolado
0.3245147029405881,-0.004422575278650788,interpolado
0.32461452290458087,-0.003990852796198349,interpolado
0.32471434286857376,-0.003565626497675992,interpolado
0.3248141628325665,-0.003197971426038335,interpolado
0.32491398279655936,-0.0029389626242391532,interpolado
0.325,-0.002842,original
0.32511362272454486,-0.002926266134257284,interpolado
0.3252134426885377,-0.003159383634038558,interpolado
0.3253132626525305,-0.0034886858348269698,interpolado
0.32541308261652324,-0.003863875606584194,interpolado
0.3255129025805161,-0.004234655819271165,interpolado
0.3256127225445089,-0.004550729342849458,interpolado
0.32571254250850173,-0.0047617990472805195,interpolado
0.32581236247249445,-0.004817567802525467,interpolado
0.32591218243648734,-0.0046677384785456764,interpolado
0.326,-0.004326,original
0.3261118223644728,-0.003578134613655565,interpolado
0.3262116423284658,-0.002671781706434902,interpolado
0.32631146229245855,-0.0016123550743223948,interpolado
0.3264112822564514,-0.00046921989764590953,interpolado
0.32651110222044416,0.0006882586432643025,interpolado
0.3266109221844369,0.0017907153680799003,interpolado
0.32671074214842977,0.002768785096472421,interpolado
0.3268105621124225,0.0035531026481117924,interpolado
0.3269103820764153,0.004074302842669645,interpolado
0.327,0.004261,original
0.32711002200440087,0.00408079663806545,interpolado
0.3272098419683937,0.003579976712743664,interpolado
0.3273096619323865,0.0028297076333462312,interpolado
0.32740948189637925,0.0018991116678151378,interpolado
0.32750930186037197,0.0008573110840919626,interpolado
0.32760912182436486,-0.00022657184987992442,interpolado
0.3277089417883576,-0.0012834148661594628,interpolado
0.32780876175235046,-0.002244095696803274,interpolado
0.32790858171634324,-0.0030394920738697766,interpolado
0.328,-0.003564,original
0.3281082216443288,-0.003883124249624897,interpolado
0.3282080416083216,-0.0039216458665901404,interpolado
0.3283078615723144,-0.0037654989901988708,interpolado
0.32840768153630717,-0.0034641242476655303,interpolado
0.3285075015003,-0.0030669622662042465,interpolado
0.3286073214642928,-0.0026234536730298436,interpolado
0.3287071414282856,-0.0021830390953562493,interpolado
0.32880696139227844,-0.0017951591603983397,interpolado
0.32890678135627116,-0.001509254495370226,interpolado
0.329,-0.001378,original
0.32910642128425677,-0.0014201809809642385,interpolado
0.32920624124824965,-0.0016052958754340413,interpolado
0.32930606121224243,-0.001875804207950812,interpolado
0.32940588117623515,-0.0021774047764085585,interpolado
0.32950570114022804,-0.002455796378701361,interpolado
0.3296055211042208,-0.002656677812722826,interpolado
0.3297053410682137,-0.0027257478763670533,interpolado
0.3298051610322064,-0.0026087053675278825,interpolado
0.32990498099619925,-0.0022512490840993333,interpolado
0.33,-0.001638,original
0.3301046209241848,-0.0006226407221391753,interpolado
0.33020444088817763,0.000621930661516695,interpolado
0.3303042608521704,0.0020599531872623864,interpolado
0.33040408081616324,0.0036167461070865372,interpolado
0.330503900780156,0.005217628672978045,interpolado
0.3306037207441488,0.006787920136923113,interpolado
0.3307035407081417,0.008252939750911403,interpolado
0.33080336067213445,0.00953800676692927,interpolado
0.3309031806361272,0.010568440436965573,interpolado
0.331,0.011254,original
0.33110282056411283,0.011591279845424298,interpolado
0.33120264052810566,0.011573406674437361,interpolado
0.33130246049209844,0.01127628471300328,interpolado
0.3314022804560912,0.01076025756280771,interpolado
0.33150210042008404,0.010085668825535831,interpolado
0.3316019203840768,0.009312862102873989,interpolado
0.33170174034806965,0.008502180996506983,interpolado
0.3318015603120625,0.0077139691081213185,interpolado
0.33190138027605526,0.007008570039402129,interpolado
0.332,0.006452,original
0.3321010202040409,0.006069513104850946,interpolado
0.3322008401680338,0.005850673743224375,interpolado
0.3323006601320266,0.005745541995346837,interpolado
0.33240048009601936,0.005709850579719192,interpolado
0.3325003000600122,0.005699332214842454,interpolado
0.33260012002400496,0.005669719619217642,interpolado
0.3326999399879977,0.005576745511345766,interpolado
0.3327997599519906,0.005376142609727699,interpolado
0.33289957991598335,0.005023643632864669,interpolado
0.333,0.004471,original
0.3330992198439689,0.003707468838061247,interpolado
0.33319903980796167,0.0027863125900866293,interpolado
0.3332988597719545,0.0017990920633449172,interpolado
0.3333986797359472,0.0008333867706243898,interpolado
0.33349849969994005,-2.322377528877085e-05,interpolado
0.3335983196639327,-0.0006831600616064313,interpolado
0.3336981396279256,-0.0010588425755419565,interpolado
0.3337979595919184,-0.0010626918043080856,interpolado
0.33389777955591116,-0.0006071282351176287,interpolado
0.334,0.000427,original
0.33409741948389676,0.001993244076648846,interpolado
0.33419723944788954,0.004065576550242905,interpolado
0.3342970594118824,0.006446268578210988,interpolado
0.33439687937587514,0.00896916308502982,interpolado
0.334496699339868,0.011468102995181438,interpolado
0.33459651930386075,0.013776931233142428,interpolado
0.3346963392678536,0.01572949072339364,interpolado
0.33479615923184647,0.017159624390415133,interpolado
0.33489597919583924,0.017901175158684675,interpolado
0.335,0.017762,original
0.33509561912382485,0.01670690362916348,interpolado
0.3351954390878176,0.014785352585730539,interpolado
0.33529525905181046,0.012218978521250952,interpolado
0.33539507901580323,0.00920343162910596,interpolado
0.335494898979796,0.0059343621026707585,interpolado
0.33559471894378884,0.002607420135327392,interpolado
0.3356945389077816,-0.0005817440795476055,interpolado
0.33579435887177445,-0.0034374803485773733,interpolado
0.33589417883576717,-0.005764138478380334,interpolado
0.336,-0.007435,original
0.33609381876375277,-0.008095297842219653,interpolado
0.33619363872774555,-0.0080323488458256,interpolado
0.33629345869173843,-0.007326110855748025,interpolado
0.3363932786557312,-0.0061254859199405985,interpolado
0.336493098619724,-0.0045793760863550095,interpolado
0.3365929185837169,-0.0028366834029458763,interpolado
0.33669273854770965,-0.0010463099176652572,interpolado
0.3367925585117024,0.0006428423215348976,interpolado
0.3368923784756953,0.002081871266699804,interpolado
0.337,0.003182,original
0.3370920184036809,0.003644944740825031,interpolado
0.33719183836767364,0.0036900353976348724,interpolado
0.33729165833166647,0.0033456103309682807,interpolado
0.33739147829565924,0.002700151919799134,interpolado
0.3374912982596521,0.0018421425431002733,interpolado
0.33759111822364474,0.0008600645798461457,interpolado
0.33769093818763757,-0.00015759959099022675,interpolado
0.33779075815163034,-0.0011223675904358911,interpolado
0.3378905781156232,-0.0019457570395162854,interpolado
0.338,-0.002581,original
0.3380902180436087,-0.0028314557390840323,interpolado
0.33819003800760156,-0.0028415774434472417,interpolado
0.3382898579715943,-0.002619182430593445,interpolado
0.3383896779355871,-0.0022138229354144857,interpolado
0.33848949789957994,-0.0016750511928018802,interpolado
0.3385893178635727,-0.0010524194376468408,interpolado
0.33868913782756555,-0.000395479904841659,interpolado
0.3387889577915583,0.0002462151707227578,interpolado
0.33888877775555115,0.0008231135541541028,interpolado
0.339,0.001329,original
0.33908841768353676,0.0015927257986062225,interpolado
0.3391882376475296,0.0017507013444772938,interpolado
0.33928805761152236,0.0017826657609956004,interpolado
0.33938787757551514,0.0017117132071810934,interpolado
0.3394876975395079,0.0015609378420537977,interpolado
0.3395875175035007,0.0013534338246335626,interpolado
0.3396873374674935,0.001112295313940604,interpolado
0.3397871574314863,0.0008606164689946572,interpolado
0.33988697739547913,0.0006214914488159878,interpolado
0.34,0.000395,original
0.3400866173234648,0.000268841044801859,interpolado
0.3401864372874575,0.00016612028275534433,interpolado
0.34028625725145034,9.220306336263205e-05,interpolado
0.3403860772154432,2.9424605538194397e-05,interpolado
0.340485897179436,-3.9879871803617486e-05,interpolado
0.3405857171434288,-0.0001333751497484673,interpolado
0.3406855371074216,-0.0002687260093818608,interpolado
0.3407853570714145,-0.0004635972317895713,interpolado
0.3408851770354072,-0.0007356535980569921,interpolado
0.341,-0.001167,original
0.3410848169633928,-0.0015756824121752058,interpolado
0.3411846369273856,-0.002126606878138853,interpolado
0.34128445689137843,-0.002711431513684315,interpolado
0.34138427685537115,-0.00328621968579932,interpolado
0.3414840968193638,-0.0038070347614725863,interpolado
0.34158391678335676,-0.004229940107692711,interpolado
0.3416837367473495,-0.004510999091447602,interpolado
0.34178355671134225,-0.004606275079725915,interpolado
0.3418833766753351,-0.004471831439515924,interpolado
0.342,-0.003965,original
0.3420830166033207,-0.0033485946814606747,interpolado
0.3421828365673134,-0.002363585801029612,interpolado
0.3422826565313063,-0.0011747853372713465,interpolado
0.34238247649529907,0.00015163873229175442,interpolado
0.3424822964592918,0.001549518430139282,interpolado
0.3425821164232846,0.0029526857787509886,interpolado
0.3426819363872775,0.004294972800604267,interpolado
0.34278175635127034,0.005510211518179514,interpolado
0.34288157631526306,0.006532233953954328,interpolado
0.343,0.007403,original
0.3430812162432487,0.007742463535132223,interpolado
0.3431810362072415,0.007893678224926466,interpolado
0.3432808561712343,0.007799250034070056,interpolado
0.3433806761352271,0.007510039062727591,interpolado
0.3434804960992199,0.007076905411063542,interpolado
0.3435803160632127,0.006550709179242065,interpolado
0.34368013602720554,0.0059823104674282335,interpolado
0.34377995599119826,0.005422569375786237,interpolado
0.3438797759551911,0.004922346004480287,interpolado
0.344,0.004471,original
0.3440794158831766,0.004296596506140405,interpolado
0.3441792358471695,0.0042035036382127135,interpolado
0.34427905581116214,0.004217272612877708,interpolado
0.3443788757751551,0.004301830446681251,interpolado
0.3444786957391478,0.004421104156169025,interpolado
0.3445785157031407,0.00453902075788692,interpolado
0.34467833566713346,0.0046195072683805835,interpolado
0.34477815563112624,0.004626490704195884,interpolado
0.34487797559511907,0.004523898081878524,interpolado
0.345,0.004197,original
0.34507761552310473,0.0038511619473966183,interpolado
0.34517743548709745,0.003263277313941412,interpolado
0.3452772554510902,0.002545605906651363,interpolado
0.34537707541508306,0.0017318791703008164,interpolado
0.3454768953790759,0.0008558285496655157,interpolado
0.3455767153430686,-4.8814510480655465e-05,interpolado
0.34567653530706144,-0.0009483185653618558,interpolado
0.3457763552710542,-0.0018089521702037618,interpolado
0.345876175235047,-0.0025969838802319635,interpolado
0.346,-0.003423,original
0.3460758151630326,-0.003823672724402275,interpolado
0.3461756351270254,-0.00422988841539059,interpolado
0.34627545509101815,-0.004509461068342462,interpolado
0.34637527505501103,-0.0046746289802856375,interpolado
0.34647509501900375,-0.004737630448247621,interpolado
0.3465749149829966,-0.004710703769256183,interpolado
0.34667473494698936,-0.004606087240339043,interpolado
0.3467745549109822,-0.004436019158523894,interpolado
0.346874374874975,-0.004212737820838284,interpolado
0.347,-0.003875,original
0.3470740148029606,-0.003655308748690783,interpolado
0.34717383476695335,-0.0033436676202312447,interpolado
0.34727365473094607,-0.0030231575126011333,interpolado
0.347373474694939,-0.002703370178761112,interpolado
0.3474732946589318,-0.002393897371672382,interpolado
0.3475731146229246,-0.0021043308442954497,interpolado
0.3476729345869174,-0.0018442623495914822,interpolado
0.3477727545509101,-0.0016232836405211525,interpolado
0.347872574514903,-0.00145098647004522,interpolado
0.348,-0.001317,original
0.34807221444288855,-0.0012896384924182378,interpolado
0.3481720344068813,-0.001306347453208895,interpolado
0.34827185437087416,-0.0013782810477224593,interpolado
0.34837167433486693,-0.0014965657563143255,interpolado
0.3484714942988597,-0.001652328059339677,interpolado
0.34857131426285254,-0.001836694437153994,interpolado
0.3486711342268453,-0.002040791370112387,interpolado
0.34877095419083814,-0.0022557453385702686,interpolado
0.34887077415483103,-0.0024726828228830776,interpolado
0.349,-0.002742,original
0.3490704140828166,-0.002876894298932174,interpolado
0.34917023404680936,-0.003044966045314834,interpolado
0.3492700540108021,-0.003176030225823567,interpolado
0.34936987397479496,-0.0032591627866517406,interpolado
0.34946969393878774,-0.0032834396739925887,interpolado
0.34956951390278057,-0.0032379368340395088,interpolado
0.34966933386677346,-0.00311173021298574,interpolado
0.3497691538307661,-0.002893895757024752,interpolado
0.34986897379475895,-0.0025735094123496252,interpolado
0.35,-0.001979,original
0.3500686137227445,-0.0015836966048935247,interpolado
0.3501684336867373,-0.000921996237427295,interpolado
0.35026825365073017,-0.00018611293856773473,interpolado
0.35036807361472294,0.0005921688881281096,interpolado
0.3504678935787158,0.0013810648391015313,interpolado
0.3505677135427085,0.0021487905107951287,interpolado
0.35066753350670127,0.00286356149965145,interpolado
0.3507673534706941,0.0034935934021118648,interpolado
0.3508671734346869,0.004007101814619204,interpolado
0.351,0.004455,original
0.3510668133626724,0.00456007727728616,interpolado
0.35116663332666526,0.004572010913285024,interpolado
0.35126645329065803,0.004429354304932656,interpolado
0.3513662732546509,0.004153680022328828,interpolado
0.3514660932186437,0.003766560635573757,interpolado
0.35156591318263647,0.0032895687147672225,interpolado
0.35166573314662936,0.0027442768300088107,interpolado
0.3517655531106221,0.0021522575513990352,interpolado
0.35186537307461496,0.0015350834490371673,interpolado
0.352,0.000701,original
0.35206501300260046,0.0003112185353985958,interpolado
0.3521648329665933,-0.00025722442340607264,interpolado
0.35226465293058606,-0.0007768151657967558,interpolado
0.35236447289457884,-0.001233419637301386,interpolado
0.3524642928585717,-0.0016129037834468221,interpolado
0.3525641128225644,-0.0019011335497607076,interpolado
0.35266393278655733,-0.0020839748817704858,interpolado
0.35276375275055005,-0.002147293725003318,interpolado
0.35286357271454294,-0.0020769560249866313,interpolado
0.353,-0.001739,original
0.3530632126425285,-0.0014810132435522805,interpolado
0.3531630326065213,-0.0009610658531808454,interpolado
0.3532628525705141,-0.0003373029273431317,interpolado
0.353362672534507,0.00035152340977030337,interpolado
0.35346249249849976,0.0010666610339674742,interpolado
0.3535623124624926,0.0017693578210575469,interpolado
0.3536621324264853,0.0024208616468496557,interpolado
0.3537619523904782,0.0029824203871518583,interpolado
0.353861772354471,0.0034152819177735274,interpolado
0.354,0.00373,original
0.3540614122824566,0.003743296393678304,interpolado
0.35416123224644935,0.0036155363733374035,interpolado
0.35426105221044213,0.003345216869371953,interpolado
0.3543608721744349,0.002980970329783619,interpolado
0.3544606921384277,0.0025714292025747418,interpolado
0.35456051210242046,0.0021652259357470456,interpolado
0.35466033206641323,0.0018109929773022693,interpolado
0.354760152030406,0.0015573627752427375,interpolado
0.35485997199439884,0.001452967777570136,interpolado
0.355,0.001651,original
0.3550596119223844,0.0018824355414593713,interpolado
0.3551594318863772,0.002445424161464423,interpolado
0.35525925185037,0.0031732045820596372,interpolado
0.35535907181436277,0.004002354515103823,interpolado
0.35545889177835566,0.004869451672456017,interpolado
0.3555587117423485,0.00571107376597378,interpolado
0.35565853170634126,0.0064637985075165225,interpolado
0.35575835167033415,0.0070642036089419435,interpolado
0.35585817163432687,0.007448866782109035,interpolado
0.356,0.0075,original
0.3560578115623125,0.007321465781275488,interpolado
0.3561576315263053,0.0067590704359919325,interpolado
0.3562574514902981,0.005931487960771723,interpolado
0.3563572714542908,0.004904633290179663,interpolado
0.35645709141828363,0.0037444213587801154,interpolado
0.3565569113822764,0.0025167671011394315,interpolado
0.3566567313462693,0.001287585451821361,interpolado
0.356756551310262,0.00012279134539232775,interpolado
0.3568563712742547,-0.0009117002835833238,interpolado
0.357,-0.002039,original
0.35705601120224034,-0.0023292286398089333,interpolado
0.35715583116623323,-0.002641232652685331,interpolado
0.35725565113022595,-0.0027242778210656744,interpolado
0.3573554710942188,-0.002618144566274294,interpolado
0.35745529105821156,-0.0023626133096350988,interpolado
0.3575551110222043,-0.001997464472472476,interpolado
0.3576549309861972,-0.0015624784761101543,interpolado
0.35775475095019,-0.0010974357418727198,interpolado
0.3578545709141827,-0.0006421166910840329,interpolado
0.358,-7.82e-05,original
0.35805421084216843,8.179001186227779e-05,interpolado
0.3581540308061612,0.0003035088176592269,interpolado
0.358253850770154,0.00044662906248913467,interpolado
0.35835367073414676,0.0005298549446141888,interpolado
0.3584534906981396,0.0005718906622964446,interpolado
0.3585533106621324,0.0005914404137979033,interpolado
0.35865313062612525,0.0006072083973806484,interpolado
0.358752950590118,0.0006378988113067106,interpolado
0.3588527705541108,0.0007022158538381374,interpolado
0.359,0.000898,original
0.3590524104820964,0.001005649733478741,interpolado
0.3591522304460892,0.0012619908195616195,interpolado
0.35925205041008196,0.0015700770922894547,interpolado
0.35935187037407484,0.0019114348008190153,interpolado
0.35945169033806756,0.002267590194307143,interpolado
0.35955151030206045,0.0026200695219100786,interpolado
0.3596513302660533,0.0029503990327848337,interpolado
0.35975115023004595,0.0032401049760876774,interpolado
0.3598509701940388,0.0034707136009754463,interpolado
0.36,0.003665,original
0.3600506101220244,0.0036813355554117734,interpolado
0.3601504300860172,0.00363875503556743,interpolado
0.36025025005001,0.0035042293653568305,interpolado
0.3603500700140028,0.0032865222122074995,interpolado
0.36044988997799565,0.002994397243546776,interpolado
0.36054970994198837,0.0026366181268025093,interpolado
0.3606495299059812,0.0022219485294020804,interpolado
0.36074934986997403,0.0017591521187727398,interpolado
0.36084916983396675,0.0012569925623425278,interpolado
0.3609489897979596,0.0007242335275384175,interpolado
0.361,0.000443,original
0.36114862972594514,-0.0003937993370693786,interpolado
0.36124844968993797,-0.0009502507760703454,interpolado
0.36134826965393074,-0.001483115826784899,interpolado
0.36144808961792363,-0.0019759444552177718,interpolado
0.3615479095819164,-0.002412286627372573,interpolado
0.3616477295459091,-0.002775692309253753,interpolado
0.361747549509902,-0.0030497114668655984,interpolado
0.36184736947389473,-0.0032178940662119584,interpolado
0.3619471894378875,-0.0032637900732971647,interpolado
0.362,-0.003233,original
0.3621468293658732,-0.0029519976802415025,interpolado
0.362246649329866,-0.0026410833036933493,interpolado
0.3623464692938588,-0.0022775245590928375,interpolado
0.36244628925785155,-0.0018996854738677629,interpolado
0.3625461092218443,-0.001545930075446719,interpolado
0.3626459291858371,-0.0012546223912576517,interpolado
0.3627457491498298,-0.0010641264487286453,interpolado
0.36284556911382276,-0.0010128062752880838,interpolado
0.3629453890778155,-0.0011390258983641124,interpolado
0.363,-0.001297,original
0.3631450290058011,-0.002022212147527943,interpolado
0.36324484896979403,-0.002700320267783977,interpolado
0.3633446689337867,-0.003443921799284421,interpolado
0.3634444888977797,-0.004183140781715403,interpolado
0.36354430886177236,-0.004848101254761451,interpolado
0.36364412882576513,-0.005368927258108369,interpolado
0.363743948789758,-0.005675742831441641,interpolado
0.36384376875375074,-0.005698672014446276,interpolado
0.36394358871774357,-0.005367838846807601,interpolado
0.364,-0.004998,original
0.3641432286457291,-0.0034531236585701734,interpolado
0.364243048609722,-0.0019827490841504013,interpolado
0.36434286857371484,-0.0003130159421235253,interpolado
0.36444268853770756,0.0014477460450922344,interpolado
0.3645425085017003,0.0031912071550749357,interpolado
0.36464232846569306,0.004809037665405602,interpolado
0.3647421484296859,0.006192907853664981,interpolado
0.36484196839367866,0.007234487997431541,interpolado
0.3649417883576715,0.007825448374286375,interpolado
0.365,0.007919,original
0.3651414282856571,0.007321791637554965,interpolado
0.36524124824964993,0.006305676808428069,interpolado
0.3653410682136427,0.004913436304015913,interpolado
0.36544088817763554,0.003246855391674619,interpolado
0.3655407081416282,0.001407719338763619,interpolado
0.36564052810562103,-0.0005021865873604032,interpolado
0.3657403480696139,-0.002381077119340922,interpolado
0.36584016803360664,-0.004127166989818265,interpolado
0.3659399879975995,-0.005638670931436706,interpolado
0.366,-0.006392,original
0.366139627925585,-0.007616833696855491,interpolado
0.36623944788957785,-0.008080944386290102,interpolado
0.3663392678535706,-0.008250686332875526,interpolado
0.3664390878175635,-0.008169079423360698,interpolado
0.36653890778155623,-0.007879143544493991,interpolado
0.36663872774554906,-0.0074238985830243414,interpolado
0.3667385477095419,-0.006846364425699881,interpolado
0.3668383676735346,-0.00618956095926986,interpolado
0.36693818763752745,-0.005496508070482576,interpolado
0.367,-0.005068,original
0.367137827565513,-0.004158050185852474,interpolado
0.3672376475295059,-0.003549656279260959,interpolado
0.3673374674934987,-0.0029919883009340053,interpolado
0.3674372874574914,-0.002492319509682078,interpolado
0.36753710742148415,-0.0020579231643157708,interpolado
0.367636927385477,-0.0016960725236463859,interpolado
0.3677367473494698,-0.0014140408464843439,interpolado
0.36783656731346265,-0.0012191013916407786,interpolado
0.36793638727745537,-0.0011185274179263244,interpolado
0.368,-0.001107,original
0.3681360272054411,-0.0012174126329868662,interpolado
0.3682358471694339,-0.0013923707536234176,interpolado
0.3683356671334267,-0.001622688287140355,interpolado
0.3684354870974194,-0.0018868162254762609,interpolado
0.3685353070614123,-0.0021632055605697942,interpolado
0.3686351270254051,-0.0024303072843591417,interpolado
0.3687349469893979,-0.0026665723887830815,interpolado
0.3688347669533906,-0.0028504518657798453,interpolado
0.3689345869173835,-0.0029603967072880802,interpolado
0.369,-0.002982,original
0.369134226845369,-0.0028868885753142344,interpolado
0.3692340468093619,-0.0027085449391020017,interpolado
0.36933386677335467,-0.0024545570082417554,interpolado
0.36943368673734744,-0.0021394088517404037,interpolado
0.3695335067013403,-0.0017775845386047164,interpolado
0.36963332666533305,-0.0013835681378420851,interpolado
0.36973314662932577,-0.0009718437184590715,interpolado
0.36983296659331855,-0.0005568953494631221,interpolado
0.3699327865573113,-0.00015320709986099424,interpolado
0.37,0.000105,original
0.37013242648529704,0.00057152499497218,interpolado
0.3702322464492898,0.0008943931741114715,interpolado
0.3703320664132827,0.0012023055768486007,interpolado
0.3704318863772754,0.0015040908550129986,interpolado
0.37053170634126825,0.0018085776604340855,interpolado
0.370631526305261,0.0021245946449407757,interpolado
0.37073134626925386,0.0024609704603626784,interpolado
0.37083116623324675,0.0028265337585286726,interpolado
0.3709309861972394,0.003230113191268185,interpolado
0.371,0.003536,original
0.371130626125225,0.004176983955530739,interpolado
0.37123044608921785,0.004704244651605744,interpolado
0.37133026605321073,0.005245181667323667,interpolado
0.3714300860172035,0.00578278376154408,interpolado
0.37152990598119623,0.006300039693126546,interpolado
0.37162972594518895,0.006779938220929767,interpolado
0.3717295459091819,0.007205468103813539,interpolado
0.37182936587317456,0.0075596181006366645,interpolado
0.37192918583716733,0.007825376970258684,interpolado
0.372,0.007951,original
0.372128825765153,0.008035273869049332,interpolado
0.37222864572914566,0.007987034804343844,interpolado
0.3723284656931386,0.007856508693411368,interpolado
0.3724282856571313,0.007659055575708881,interpolado
0.3725281056211242,0.007410035490693021,interpolado
0.3726279255851169,0.007124808477820896,interpolado
0.37272774554910976,0.006818734576549218,interpolado
0.3728275655131026,0.0065071738263346455,interpolado
0.37292738547709536,0.0062054862666343635,interpolado
0.373,0.006001,original
0.37312702540508097,0.005683933598395012,interpolado
0.3732268453690738,0.005460653887157528,interpolado
0.3733266653330666,0.0052475668348516144,interpolado
0.37342648529705935,0.005033137221661432,interpolado
0.3735263052610522,0.004805829827770665,interpolado
0.3736261252250449,0.004554109433363491,interpolado
0.37372594518903773,0.004266440818623719,interpolado
0.37382576515303056,0.003931288763735083,interpolado
0.37392558511702334,0.0035371180488818817,interpolado
0.374,0.003198,original
0.374125225045009,0.0025361619174288884,interpolado
0.37422504500900183,0.001946561601141894,interpolado
0.37432486497299466,0.0013243047631418892,interpolado
0.3744246849369874,0.0006900152998274224,interpolado
0.37452450490098016,6.431710759565985e-05,interpolado
0.374624324864973,-0.0005321659171548441,interpolado
0.37472414482896577,-0.0010788098780265957,interpolado
0.37482396479295865,-0.001554990878621988,interpolado
0.3749237847569513,-0.0019400850225426334,interpolado
0.375,-0.00216,original
0.37512342468493703,-0.0023675691577170464,interpolado
0.37522324464892975,-0.002419842368779101,interpolado
0.3753230646129227,-0.002391181598097983,interpolado
0.3754228845769153,-0.002302389097842937,interpolado
0.3755227045409082,-0.0021742671201830945,interpolado
0.37562252450490097,-0.0020276179172878115,interpolado
0.3757223444688937,-0.0018832437413262295,interpolado
0.3758221644328865,-0.001761946844467496,interpolado
0.37592198439687924,-0.0016845294788809598,interpolado
0.376,-0.001668,original
0.37612162432486496,-0.0017310305101273541,interpolado
0.37622144428885773,-0.0018420228371384896,interpolado
0.3763212642528505,-0.00198067684483215,interpolado
0.3764210842168433,-0.002122976354687245,interpolado
0.3765209041808361,-0.002244905188182974,interpolado
0.37662072414482894,-0.002322447166798264,interpolado
0.3767205441088217,-0.0023315861120122624,interpolado
0.37682036407281444,-0.0022483058453039643,interpolado
0.3769201840368073,-0.002048590188152527,interpolado
0.377,-0.001789,original
0.37711982396479293,-0.0012215686150873603,interpolado
0.37721964392878565,-0.0006201840910062884,interpolado
0.37731946389277854,5.798759177405542e-05,interpolado
0.37741928385677137,0.0007752861455004605,interpolado
0.37751910382076415,0.0014940512824212322,interpolado
0.3776189237847569,0.0021766227147831173,interpolado
0.3777187437487496,0.0027853401548340716,interpolado
0.3778185637127426,0.003282543314821895,interpolado
0.3779183836767353,0.0036305719069935735,interpolado
0.378,0.003778,original
0.37811802360472085,0.0037497892855959075,interpolado
0.37821784356871374,0.003537103958885784,interpolado
0.3783176635327065,0.0031935358059419776,interpolado
0.37841748349669935,0.0027588327239559483,interpolado
0.37851730346069207,0.0022727426101185927,interpolado
0.378617123424685,0.0017750133616206978,interpolado
0.37871694338867773,0.0013053928756538912,interpolado
0.37881676335267056,0.0009036290494087583,interpolado
0.3789165833166634,0.0006094697800768215,interpolado
0.379,0.000475,original
0.379116223244649,0.0004813620890183655,interpolado
0.3792160432086418,0.0006313957978267454,interpolado
0.37931586317263466,0.0008703658882923131,interpolado
0.3794156831366274,0.0011559348666372823,interpolado
0.3795155031006201,0.0014457652390842638,interpolado
0.37961532306461293,0.001697519511855878,interpolado
0.3797151430286058,0.0018688601911743242,interpolado
0.3798149629925985,0.0019174497832622397,interpolado
0.3799147829565913,0.0018009507943420515,interpolado
0.38,0.001539,original
0.380114422884577,0.0009287656195619006,interpolado
0.38021424284856964,0.0002044647342653881,interpolado
0.3803140628125625,-0.0006368670527742738,interpolado
0.3804138827765553,-0.001536272725965465,interpolado
0.380513702740548,-0.0024347952697179563,interpolado
0.38061352270454085,-0.0032734776684415264,interpolado
0.38071334266853374,-0.0039933629065445515,interpolado
0.3808131626325265,-0.004535493968437096,interpolado
0.3809129825965193,-0.004840913838527867,interpolado
0.381,-0.004868,original
0.3811126225245049,-0.004533608358503252,interpolado
0.3812124424884977,-0.003934038396794332,interpolado
0.3813122624524905,-0.003109245555126731,interpolado
0.3814120824164833,-0.0021164789108756377,interpolado
0.381511902380476,-0.0010129875414148961,interpolado
0.38161172234446883,0.00014397947588189118,interpolado
0.3817115423084616,0.0012971730636391686,interpolado
0.38181136227245444,0.002389344144483901,interpolado
0.38191118223644727,0.003363243641040602,interpolado
0.382,0.004084,original
0.3821108221644329,0.004744051291245378,interpolado
0.3822106421284256,0.005118319878644855,interpolado
0.3823104620924186,0.005300942276200984,interpolado
0.38241028205641137,0.005308416063962444,interpolado
0.38251010202040414,0.005157238821978268,interpolado
0.38260992198439703,0.004863908130297135,interpolado
0.3827097419483898,0.004444921568968259,interpolado
0.3828095619123827,0.00391677671804007,interpolado
0.38290938187637547,0.003295971157562044,interpolado
0.383,0.002666,original
0.3831090218043611,0.0018414387825339857,interpolado
0.38320884176835396,0.0010360326685892908,interpolado
0.3833086617323467,0.0001950007172771703,interpolado
0.3834084816963395,-0.0006694399210076302,interpolado
0.3835083016603323,-0.001545072095868915,interpolado
0.38360812162432495,-0.002419678656912414,interpolado
0.38370794158831784,-0.0032810424537419195,interpolado
0.3838077615523106,-0.004116946335962687,interpolado
0.38390758151630344,-0.004915173153179922,interpolado
0.384,-0.00561,original
0.38410722144428894,-0.006349742579953711,interpolado
0.38420704140828177,-0.006961731949666797,interpolado
0.38430686137227443,-0.007487332188965341,interpolado
0.38440668133626726,-0.00791440161754998,interpolado
0.38450650130026004,-0.008230798555120662,interpolado
0.3846063212642528,-0.008424381321378155,interpolado
0.3847061412282456,-0.008483008236022665,interpolado
0.3848059611922384,-0.008394537618754774,interpolado
0.3849057811562312,-0.008146827789274714,interpolado
0.385,-0.007756,original
0.38510542108421686,-0.0071346912919666924,interpolado
0.38520524104820963,-0.00639744701967725,interpolado
0.3853050610122025,-0.005552596696467332,interpolado
0.38540488097619535,-0.00463673133342318,interpolado
0.38550470094018807,-0.0036864419416325943,interpolado
0.3856045209041809,-0.002738319532181337,interpolado
0.38570434086817373,-0.0018289551161572405,interpolado
0.38580416083216656,-0.0009949397046465434,interpolado
0.3859039807961594,-0.0002728643087356505,interpolado
0.386,0.000282,original
0.38610362072414495,0.0006986609945010665,interpolado
0.3862034406881377,0.0009281499221717723,interpolado
0.38630326065213044,0.001003825677848898,interpolado
0.3864030806161233,0.0009403666241809702,interpolado
0.3865029005801161,0.0007524511238166662,interpolado
0.3866027205441089,0.00045475753940439357,interpolado
0.38670254050810166,6.196423359308917e-05,interpolado
0.3868023604720944,-0.0004112504309687836,interpolado
0.38690218043608726,-0.0009502080916329412,interpolado
0.387,-0.001528,original
0.3871018203640727,-0.002164515814917474,interpolado
0.38720164032806553,-0.002798265979697346,interpolado
0.3873014602920583,-0.0034147998468564314,interpolado
0.3874012802560511,-0.003987436399261276,interpolado
0.38750110022004397,-0.004489494619777478,interpolado
0.3876009201840367,-0.004894293491271807,interpolado
0.3877007401480295,-0.005175151996610047,interpolado
0.3878005601120224,-0.005305389118658698,interpolado
0.3879003800760151,-0.005258323840283921,interpolado
0.388,-0.005008,original
0.38810002000400073,-0.004539428689980679,interpolado
0.3881998399679936,-0.003897104373754752,interpolado
0.3882996599319863,-0.003136323033551724,interpolado
0.3883994798959792,-0.0023131055071379,interpolado
0.388499299859972,-0.0014834726322809847,interpolado
0.3885991198239649,-0.0007034452467468959,interpolado
0.3886989397879576,-2.9044188303291242e-05,interpolado
0.38879875975195044,0.0004837097052835138,interpolado
0.38889857971594327,0.000778795596246843,interpolado
0.389,0.000798,original
0.38909821964392877,0.0005133522382527936,interpolado
0.3891980396079216,-2.6152843487532173e-05,interpolado
0.38929785957191443,-0.0007391097017773808,interpolado
0.3893976795359072,-0.0015463053471183009,interpolado
0.38949749949990004,-0.0023685267900102084,interpolado
0.38959731946389276,-0.003126561040954383,interpolado
0.38969713942788564,-0.003741195110451963,interpolado
0.3897969593918785,-0.00413321600900308,interpolado
0.38989677935587125,-0.004223410747108922,interpolado
0.39,-0.003915,original
0.3900964192838568,-0.003208430378514959,interpolado
0.39019623924784963,-0.0021182059770797064,interpolado
0.39029605921184235,-0.0007621693635765221,interpolado
0.39039587917583524,0.0007594020465203416,interpolado
0.39049569913982796,0.002346230837733512,interpolado
0.3905955191038208,0.003898039594588158,interpolado
0.3906953390678137,0.005314550901609379,interpolado
0.39079515903180634,0.006495487343319911,interpolado
0.3908949789957993,0.007340571504245316,interpolado
0.391,0.007757,original
0.3910946189237848,0.007649730885094912,interpolado
0.3911944388877776,0.007097946119929476,interpolado
0.3912942588517703,0.006188732023546058,interpolado
0.3913940788157632,0.005016653539648591,interpolado
0.391493898779756,0.0036762756119432527,interpolado
0.39159371874374876,0.0022621631841342822,interpolado
0.39169353870774154,0.0008688811999257647,interpolado
0.3917933586717343,-0.0004090053969758839,interpolado
0.39189317863572726,-0.0014769316628671354,interpolado
0.392,-0.00228,original
0.39209281856371275,-0.0026248106433967985,interpolado
0.3921926385277056,-0.0026555887234704784,interpolado
0.3922924584916983,-0.002388596208847228,interpolado
0.39239227845569113,-0.0018797710696906768,interpolado
0.39249209841968385,-0.0011850512761652752,interpolado
0.3925919183836767,-0.0003603747984346563,interpolado
0.39269173834766946,0.0005383203933378293,interpolado
0.3927915583116623,0.0014550963289873022,interpolado
0.39289137827565507,0.0023340150383508547,interpolado
0.393,0.003182,original
0.39309101820364073,0.0037674961373472668,interpolado
0.3931908381676335,0.0043037730309835424,interpolado
0.3932906581316262,0.004774647623685444,interpolado
0.3933904780956191,0.005226810033547407,interpolado
0.39349029805961194,0.005706950378662795,interpolado
0.3935901180236047,0.006261758777125716,interpolado
0.3936899379875976,0.006937925347030434,interpolado
0.3937897579515903,0.00778214020647007,interpolado
0.3938895779155832,0.008841093473539473,interpolado
0.394,0.010319,original
0.3940892178435688,0.011771403069942043,interpolado
0.3941890378075616,0.013596614284204347,interpolado
0.39428885777155437,0.015527759347027386,interpolado
0.3943886777355472,0.01745545752921611,interpolado
0.3944884976995401,0.019270328101571282,interpolado
0.39458831766353275,0.02086299033489692,interpolado
0.3946881376275256,0.022124063499996564,interpolado
0.39478795759151836,0.022944166867671704,interpolado
0.3948877775555112,0.02321391970872609,interpolado
0.395,0.022724,original
0.3950874174834968,0.02169311973660837,interpolado
0.3951872374474895,0.019905041567545464,interpolado
0.39528705741148235,0.01760277743332928,interpolado
0.3953868773754751,0.014929478711224629,interpolado
0.39548669733946795,0.012028296778495531,interpolado
0.3955865173034608,0.009042383012410931,interpolado
0.39568633726745367,0.006114888790233347,interpolado
0.3957861572314464,0.0033889654892317466,interpolado
0.39588597719543916,0.0010077644866701338,interpolado
0.396,-0.001107,original
0.3960856171234247,-0.002171862919190697,interpolado
0.39618543708741755,-0.002879816622852831,interpolado
0.39628525705141027,-0.0030943511810777665,interpolado
0.39638507701540304,-0.002900503374497776,interpolado
0.3964848969793959,-0.0023833099837442208,interpolado
0.3965847169433887,-0.0016278077894494396,interpolado
0.39668453690738154,-0.0007190335722444185,interpolado
0.39678435687137426,0.00025797588723807004,interpolado
0.3968841768353671,0.0012181838083667722,interpolado
0.397,0.002199,original
0.3970838167633527,0.0027584250576851844,interpolado
0.3971836367273454,0.003256765483147917,interpolado
0.39728345669133824,0.0035916349069330406,interpolado
0.397383276655331,0.0037831657771046742,interpolado
0.3974830966193239,0.0038514905417266205,interpolado
0.39758291658331674,0.0038167416488626067,interpolado
0.39768273654730946,0.0036990515465764114,interpolado
0.3977825565113023,0.0035185526829319713,interpolado
0.3978823764752951,0.0032953775059930347,interpolado
0.398,0.003005,original
0.3980820164032808,0.002799871054025083,interpolado
0.3981818363672735,0.0025530614094923373,interpolado
0.39828165633126633,0.00231145592101991,interpolado
0.3983814762952591,0.002077264031030806,interpolado
0.39848129625925194,0.0018526951819480468,interpolado
0.39858111622324466,0.0016399588161950258,interpolado
0.3986809361872376,0.0014412643761946534,interpolado
0.3987807561512303,0.0012588213043702942,interpolado
0.39888057611522315,0.0010948390431449772,interpolado
0.399,0.000926,original
0.39908021604320876,0.0008298023736668956,interpolado
0.3991800360072015,0.000721140745163994,interpolado
0.3992798559711943,0.0006128287759059302,interpolado
0.39937967593518703,0.0004921342287576001,interpolado
0.3994794958991799,0.00034632486658387217,interpolado
0.3995793158631727,0.0001626684522498607,interpolado
0.39967913582716547,-7.15672513796947e-05,interpolado
0.39977895579115824,-0.0003691144814395812,interpolado
0.39987877575515096,-0.0007427054750649554,interpolado
0.4,-0.001317,original
0.4000784156831367,-0.001765099679858888,interpolado
0.4001782356471294,-0.002401876521713318,interpolado
0.4002780556111222,-0.0030805887964621063,interpolado
0.40037787557511495,-0.003766344047271776,interpolado
0.40047769553910784,-0.0044242498173088654,interpolado
0.40057751550310067,-0.005019413649738815,interpolado
0.40067733546709344,-0.005516943087728186,interpolado
0.4007771554310863,-0.005881945674443328,interpolado
0.40087697539507905,-0.006079528953050003,interpolado
0.401,-0.006041,original
0.40107661532306454,-0.005838754711115594,interpolado
0.4011764352870573,-0.005390733583446886,interpolado
0.40127625525105026,-0.004773798347520556,interpolado
0.40137607521504304,-0.004031173823789116,interpolado
0.40147589517903587,-0.0032060848327036015,interpolado
0.4015757151430287,-0.002341756194716757,interpolado
0.40167553510702136,-0.001481412730279952,interpolado
0.40177535507101425,-0.0006682792598445638,interpolado
0.4018751750350071,5.4419396136678156e-05,interpolado
0.402,0.000765,original
0.4020748149629926,0.0010605032664227846,interpolado
0.4021746349269854,0.001309854202052082,interpolado
0.4022744548909782,0.001417794090429156,interpolado
0.402374274854971,0.0014107883762284567,interpolado
0.4024740948189638,0.001315302504124561,interpolado
0.4025739147829567,0.0011578019187921441,interpolado
0.40267373474694934,0.0009647520649057295,interpolado
0.4027735547109422,0.000762618387139762,interpolado
0.40287337467493495,0.0005778663301690348,interpolado
0.403,0.00041,original
0.4030730146029205,0.0003634203243069922,interpolado
0.4031728345669134,0.00035344605873843473,interpolado
0.40327265453090616,0.0003884455260213069,interpolado
0.403372474494899,0.00044967981474872034,interpolado
0.40347229445889177,0.0005184100135138799,interpolado
0.4035721144228846,0.00057589721090986,interpolado
0.40367193438687743,0.0006034024955298574,interpolado
0.4037717543508702,0.000582186955967003,interpolado
0.4038715743148631,0.0004935116808144711,interpolado
0.404,0.00025,original
0.40407121424284864,4.105593631312879e-05,interpolado
0.4041710342068414,-0.00033377389601389876,interpolado
0.40427085417083425,-0.0007878933299705116,interpolado
0.4043706741348269,-0.0013031994477065859,interpolado
0.4044704940988199,-0.0018615893313730586,interpolado
0.40457031406281274,-0.0024449600631196904,interpolado
0.4046701340268054,-0.003035208725097165,interpolado
0.4047699539907982,-0.003614232399456187,interpolado
0.404869773954791,-0.004163928168346493,interpolado
0.405,-0.004807,original
0.4050694138827766,-0.005104053929258865,interpolado
0.4051692338467694,-0.005472388972013186,interpolado
0.4052690538107622,-0.005773155869060557,interpolado
0.40536887377475495,-0.006008407192088519,interpolado
0.4054686937387478,-0.006180195512785206,interpolado
0.4055685137027405,-0.006290573402838301,interpolado
0.4056683336667333,-0.006341593433935786,interpolado
0.40576815363072616,-0.006335308177765516,interpolado
0.4058679735947188,-0.0062737702060153685,interpolado
0.406,-0.006111,original
0.40606761352270454,-0.0059934291557924065,interpolado
0.40616743348669726,-0.005782459435968283,interpolado
0.40626725345069015,-0.005533603910199959,interpolado
0.40636707341468287,-0.005254374116506859,interpolado
0.4064668933786757,-0.004952281592907998,interpolado
0.4065667133426686,-0.004634837877422347,interpolado
0.4066665333066613,-0.004309554508069402,interpolado
0.4067663532706541,-0.003983943022867959,interpolado
0.4068661732346469,-0.0036655149598375267,interpolado
0.407,-0.003263,original
0.4070658131626326,-0.0030800327633097066,interpolado
0.40716563312662524,-0.002824900085923337,interpolado
0.4072654530906181,-0.0025992683328301537,interpolado
0.40736527305461084,-0.0024059913170168213,interpolado
0.4074650930186036,-0.0022479228514696204,interpolado
0.40756491298259645,-0.002127916749174911,interpolado
0.40766473294658917,-0.002048826823119241,interpolado
0.4077645529105821,-0.0020135068862889407,interpolado
0.4078643728745747,-0.002024810751670464,interpolado
0.408,-0.00212,original
0.40806401280256027,-0.0021979316726278113,interpolado
0.4081638327665532,-0.002354036146814637,interpolado
0.408263652730546,-0.002539297567908974,interpolado
0.4083634726945388,-0.00273897246987655,interpolado
0.4084632926585316,-0.0029383173866834008,interpolado
0.4085631126225244,-0.0031225888522955596,interpolado
0.40866293258651726,-0.003277043400678757,interpolado
0.4087627525505101,-0.003386937565799085,interpolado
0.4088625725145028,-0.003437527881622354,interpolado
0.409,-0.003383,original
0.40906221244248847,-0.0033028542941764202,interpolado
0.40916203240648125,-0.0031042596233678164,interpolado
0.4092618523704741,-0.002828872719397651,interpolado
0.40936167233446685,-0.0024875072207453117,interpolado
0.4094614922984596,-0.002090976765889743,interpolado
0.40956131226245235,-0.001650094993309769,interpolado
0.4096611322264452,-0.0011756755414849616,interpolado
0.40976095219043807,-0.0006785320488938847,interpolado
0.4098607721544308,-0.0001694781540161731,interpolado
0.41,0.00054,original
0.4100604120824164,0.0008411866867386481,interpolado
0.41016023204640917,0.0013225096666259865,interpolado
0.41026005201040205,0.001775981583229312,interpolado
0.4103598719743947,0.002192964891807157,interpolado
0.41045969193838755,0.0025648220476188247,interpolado
0.41055951190238044,0.002882915505923512,interpolado
0.4106593318663732,0.0031386077219799032,interpolado
0.4107591518303661,0.003323261151047313,interpolado
0.4108589717943588,0.0034282382483845717,interpolado
0.411,0.003424,original
0.4110586117223445,0.0033657686227647325,interpolado
0.4111584316863372,0.003201554634711295,interpolado
0.41125825165033014,0.0029774629011979576,interpolado
0.41135807161432286,0.0027190983444686278,interpolado
0.4114578915783157,0.002452065886766843,interpolado
0.41155771154230847,0.0022019704503361227,interpolado
0.41165753150630124,0.001994416957420402,interpolado
0.4117573514702941,0.001855010330263184,interpolado
0.41185717143428685,0.0018093554911081217,interpolado
0.412,0.001958,original
0.41205681136227257,0.002099857428335421,interpolado
0.4121566313262652,0.002451898761934124,interpolado
0.41225645129025806,0.0029049473066721314,interpolado
0.41235627125425084,0.0034239605152494874,interpolado
0.41245609121824367,0.003973895840365343,interpolado
0.41255591118223645,0.0045197107347200146,interpolado
0.4126557311462292,0.005026362651012619,interpolado
0.4127555511102219,0.005458809041943214,interpolado
0.4128553710742148,0.005782007360211684,interpolado
0.413,0.005985,original
0.41305501100220043,0.005962265675943382,interpolado
0.4131548309661932,0.005785287831528883,interpolado
0.413254650930186,0.005457646773486844,interpolado
0.41335447089417876,0.005007967614813417,interpolado
0.4134542908581716,0.00446487546850555,interpolado
0.4135541108221644,0.0038569954475591067,interpolado
0.4136539307861573,0.003212952664971209,interpolado
0.4137537507501499,0.0025613722337379653,interpolado
0.4138535707141428,0.0019308792668554743,interpolado
0.414,0.001104,original
0.4140532106421284,0.0008468616798629255,interpolado
0.4141530306061212,0.00043327756405492677,interpolado
0.4142528505701139,0.00010703530807503842,interpolado
0.4143526705341068,-0.00013471027860702256,interpolado
0.41445249049809957,-0.00029480438652116123,interpolado
0.41455231046209245,-0.00037609220619773094,interpolado
0.4146521304260852,-0.0003814189281668147,interpolado
0.4147519503900779,-0.00031362974295865125,interpolado
0.41485177035407084,-0.0001755698411033174,interpolado
0.415,0.000153,original
0.41505141028205633,0.00029960335496341344,interpolado
0.41515123024604916,0.0006221605414592494,interpolado
0.41525105021004205,0.0009784563292840108,interpolado
0.41535087017403477,0.0013490443040379873,interpolado
0.4154506901380276,0.0017144780513208427,interpolado
0.4155505101020204,0.0020553111567330434,interpolado
0.4156503300660131,0.002352097205874286,interpolado
0.4157501500300059,0.0025853897843448525,interpolado
0.4158499699939987,0.0027357424777448834,interpolado
0.41594978995799153,0.0027837088716742876,interpolado
0.416,0.002763,original
0.41614942988597714,0.002516178397777843,interpolado
0.41624924984996986,0.0022185163811497518,interpolado
0.4163490698139628,0.0018366156276532469,interpolado
0.4164488897779555,0.0013894492067418078,interpolado
0.4165487097419484,0.0008959901878680097,interpolado
0.41664852970594124,0.0003752116404854547,interpolado
0.416748349669934,-0.00015391336595307306,interpolado
0.4168481696339267,-0.0006724117619948081,interpolado
0.41694798959791957,-0.0011613104781861192,interpolado
0.417,-0.001398,original
0.4171476295259051,-0.0019832292131380424,interpolado
0.41724744948989795,-0.002302177562358349,interpolado
0.4173472694538908,-0.002556152886522576,interpolado
0.4174470894178835,-0.002742527263607022,interpolado
0.4175469093818763,-0.002858672771588431,interpolado
0.41764672934586905,-0.002901961488443388,interpolado
0.4177465493098619,-0.002869765492148427,interpolado
0.4178463692738547,-0.002759456860680092,interpolado
0.41794618923784743,-0.0025684076720150872,interpolado
0.418,-0.002431,original
0.4181458291658331,-0.0019467999425094842,interpolado
0.41824564912982587,-0.0015477460598373287,interpolado
0.4183454690938187,-0.001120062548557215,interpolado
0.41844528905781153,-0.0006865682991255613,interpolado
0.4185451090218043,-0.000270082201998067,interpolado
0.4186449289857972,0.00010657685236953004,interpolado
0.41874474894979,0.0004205899735208702,interpolado
0.4188445689137828,0.0006491382710003417,interpolado
0.41894438887777563,0.0007694028543517506,interpolado
0.419,0.000781,original
0.4191440288057612,0.0006205233791090032,interpolado
0.41924384876975385,0.00038196916730840266,interpolado
0.4193436687337468,7.422143196347265e-05,interpolado
0.4194434886977395,-0.0002721732453130076,interpolado
0.41954330866173234,-0.0006266682829087665,interpolado
0.4196431286257251,-0.0009587170992115523,interpolado
0.4197429485897177,-0.001237773112608555,interpolado
0.41984276855371067,-0.0014332897414876256,interpolado
0.4199425885177034,-0.0015147204042361062,interpolado
0.42,-0.001498,original
0.420142228445689,-0.0012431969028391806,interpolado
0.42024204840968177,-0.0009171896255937042,interpolado
0.4203418683736747,-0.0005060952240664298,interpolado
0.4204416883376675,-4.1715380266055484e-05,interpolado
0.4205415083016603,0.00044414822379939867,interpolado
0.42064132826565304,0.0009196939061219581,interpolado
0.4207411482296459,0.001353119984692854,interpolado
0.4208409681936387,0.0017126247775042993,interpolado
0.42094078815763153,0.001966406602547654,interpolado
0.421,0.002054,original
0.4211404280856173,0.002053718544920141,interpolado
0.4212402480496099,0.0018961970883713492,interpolado
0.4213400680136028,0.0016308674404079606,interpolado
0.4214398879775956,0.0012779142892874796,interpolado
0.4215397079415883,0.0008575223232669917,interpolado
0.4216395279055811,0.00038987623060343006,interpolado
0.42173934786957384,-0.00010483930044547369,interpolado
0.4218391678335668,-0.0006064395816230417,interpolado
0.4219389877975595,-0.0010947399246715038,interpolado
0.422,-0.001378,original
0.422138627725545,-0.001957843798912778,interpolado
0.4222384476895378,-0.002314338552945239,interpolado
0.4223382676535306,-0.0026150096167714297,interpolado
0.42243808761752344,-0.0028556700248474507,interpolado
0.42253790758151627,-0.0030321328116299207,interpolado
0.42263772754550916,-0.0031402110115753166,interpolado
0.42273754750950193,-0.0031757176591399525,interpolado
0.42283736747349476,-0.0031344657887802997,interpolado
0.4229371874374875,-0.0030122684349528366,interpolado
0.423,-0.002892,original
0.42313682736547326,-0.002511044210802128,interpolado
0.423236647329466,-0.0021323858031723863,interpolado
0.42333646729345864,-0.0016712485692810474,interpolado
0.4234362872574516,-0.0011298631641851174,interpolado
0.4235361072214443,-0.000510460242942523,interpolado
0.4236359271854372,0.00018472953939009358,interpolado
0.42373574714942985,0.0009534755277546326,interpolado
0.42383556711342263,0.001793547067094134,interpolado
0.4239353870774155,0.002702713502351794,interpolado
0.424,0.003327,original
0.42413502700540107,0.004703084750843102,interpolado
0.4242348469693938,0.0057365918237888055,interpolado
0.4243346669333867,0.006737175938704271,interpolado
0.42443448689737945,0.007663037001328605,interpolado
0.4245343068613722,0.008472374917399392,interpolado
0.424634126825365,0.0091233895926561,interpolado
0.4247339467893577,0.009574280932836616,interpolado
0.42483376675335055,0.009783248843679978,interpolado
0.4249335867173434,0.009708493230924679,interpolado
0.425,0.009481,original
0.425133226645329,0.008582243748296556,interpolado
0.4252330466093219,0.007586722471056178,interpolado
0.42533286657331465,0.006385573063554812,interpolado
0.4254326865373075,0.00504206203189179,interpolado
0.42553250650130026,0.0036194558821687323,interpolado
0.42563232646529303,0.0021810211204842445,interpolado
0.4257321464292858,0.0007900242529400541,interpolado
0.42583196639327864,-0.00049026821436453,interpolado
0.4259317863572715,-0.0015965897753299628,interpolado
0.426,-0.00222,original
0.4261314262852572,-0.003072343011321745,interpolado
0.42623124624924985,-0.003446543529197349,interpolado
0.4263310662132426,-0.0036256665355776543,interpolado
0.4264308861772354,-0.0036465733359569686,interpolado
0.42653070614122807,-0.0035461252358296165,interpolado
0.42663052610522106,-0.003361183540689865,interpolado
0.4267303460692138,-0.0031286095560322654,interpolado
0.42683016603320645,-0.0028852645873510673,interpolado
0.42692998599719933,-0.0026680099401404987,interpolado
0.427,-0.002551,original
0.42712962592518494,-0.002440196260600639,interpolado
0.4272294458891777,-0.0024359164459825298,interpolado
0.42732926585317055,-0.00248538390175324,interpolado
0.4274290858171633,-0.002573346290637705,interpolado
0.4275289057811562,-0.002684551275360698,interpolado
0.42762872574514893,-0.0028037465186472013,interpolado
0.42772854570914176,-0.002915679683221955,interpolado
0.42782836567313454,-0.0030050984318099007,interpolado
0.4279281856371274,-0.003056750427135931,interpolado
0.428,-0.003062,original
0.42812782556511303,-0.002995515912447643,interpolado
0.42822764552910575,-0.002887773465412716,interpolado
0.4283274654930986,-0.0027449250325600814,interpolado
0.4284272854570914,-0.0025796368953806105,interpolado
0.42852710542108424,-0.00240457533536546,interpolado
0.42862692538507696,-0.0022324066340054165,interpolado
0.4287267453490698,-0.0020757970727916446,interpolado
0.4288265653130625,-0.001947412933215013,interpolado
0.42892638527705534,-0.0018599204967664545,interpolado
0.429,-0.001829,original
0.429126025205041,-0.0018455806298006863,interpolado
0.4292258451690337,-0.001896392677649996,interpolado
0.4293256651330266,-0.0019531238163617594,interpolado
0.42942548509701933,-0.001990589812478778,interpolado
0.42952530506101216,-0.0019836064325437688,interpolado
0.42962512502500494,-0.001906989443099531,interpolado
0.4297249449889977,-0.001735554610688709,interpolado
0.42982476495299055,-0.001444117701854251,interpolado
0.4299245849169833,-0.0010074944831385735,interpolado
0.43,-0.000566,original
0.430124224844969,0.0003808108779131437,interpolado
0.4302240448089618,0.0013007488040155928,interpolado
0.4303238647729546,0.0023182258280856818,interpolado
0.43042368473694753,0.0033923157472200128,interpolado
0.43052350470094025,0.004482092358512892,interpolado
0.43062332466493286,0.005546629459060424,interpolado
0.43072314462892586,0.006545000845958661,interpolado
0.4308229645929185,0.007436280316301988,interpolado
0.43092278455691146,0.008179541667186872,interpolado
0.431,0.008627,original
0.4311224244848969,0.009080435386796828,interpolado
0.4312222444488898,0.009244350408933212,interpolado
0.43132206441288257,0.009256792203351462,interpolado
0.4314218843768754,0.009148809906459485,interpolado
0.4315217043408681,0.008951452654665272,interpolado
0.43162152430486084,0.008695769584376649,interpolado
0.43172134426885367,0.00841280983200132,interpolado
0.4318211642328465,0.008133622533947463,interpolado
0.43192098419683933,0.00788925682662266,interpolado
0.432,0.007741,original
0.43212062412482494,0.007612038453036635,interpolado
0.43222044408881777,0.007570912756414549,interpolado
0.43232026405281054,0.007560038817008433,interpolado
0.4324200840168033,0.007552158672139722,interpolado
0.43251990398079615,0.0075200143591299005,interpolado
0.4326197239447888,0.00743634791530044,interpolado
0.4327195439087818,0.007273901377972708,interpolado
0.4328193638727746,0.007005416784468353,interpolado
0.43291918383676725,0.006603636172108522,interpolado
0.433,0.006162,original
0.4331188237647528,0.005310119889300445,interpolado
0.43321864372874574,0.004444093170672295,interpolado
0.4333184636927385,0.003483500514903731,interpolado
0.43341828365673135,0.002468543432583081,interpolado
0.433518103620724,0.0014394234343008349,interpolado
0.4336179235847168,0.00043634203064578175,interpolado
0.4337177435487097,-0.0005004992677932283,interpolado
0.4338175635127024,-0.0013308989504257928,interpolado
0.43391738347669534,-0.002014655506663442,interpolado
0.434,-0.002441,original
0.43411702340468084,-0.002801730179694672,interpolado
0.4342168433686737,-0.00291318861560858,interpolado
0.4343166633326666,-0.0028813874258592316,interpolado
0.4344164832966593,-0.0027417068175709797,interpolado
0.43451630326065216,-0.002529526997868345,interpolado
0.4346161232246449,-0.002280228173875622,interpolado
0.43471594318863777,-0.002029190552717026,interpolado
0.43481576315263065,-0.001811794341517198,interpolado
0.43491558311662337,-0.0016634197474003438,interpolado
0.435,-0.001618,original
0.43511522304460903,-0.0016979032298795817,interpolado
0.4352150430086019,-0.001873421599686024,interpolado
0.43531486297259464,-0.0021136452718296954,interpolado
0.43541468293658747,-0.002386258886478476,interpolado
0.4355145029005802,-0.0026589470838003174,interpolado
0.435614322864573,-0.00289939450396271,interpolado
0.4357141428285659,-0.0030752857871336886,interpolado
0.43581396279255863,-0.003154305573480847,interpolado
0.43591378275655135,-0.003104138503172114,interpolado
0.436,-0.002932,original
0.43611342268453696,-0.0025039519330716537,interpolado
0.4362132426485298,-0.0019681325399090793,interpolado
0.4363130626125225,-0.001322127398402168,interpolado
0.43641288257651534,-0.0006030235983173095,interpolado
0.4365127025405081,0.0001520917705792698,interpolado
0.4366125225045009,0.0009061316185200625,interpolado
0.4367123424684938,0.0016220088557392146,interpolado
0.4368121624324865,0.0022626363924692617,interpolado
0.4369119823964793,0.0027909271389439665,interpolado
0.437,0.003134,original
0.43711162232446477,0.003376131728757277,interpolado
0.4372114422884577,0.0034259433301860407,interpolado
0.43731126225245043,0.003342153130044497,interpolado
0.4374110822164433,0.0031476689208064504,interpolado
0.4375109021804361,0.0028653984949454526,interpolado
0.43761072214442887,0.0025182496449355587,interpolado
0.43771054210842175,0.0021291301632501425,interpolado
0.4378103620724146,0.001720947842363376,interpolado
0.4379101820364073,0.0013166104747487834,interpolado
0.438,0.000975,original
0.438109821964393,0.0006064270191551103,interpolado
0.4382096419283858,0.0003232279125580053,interpolado
0.4383094618923786,9.127105393340131e-05,interpolado
0.4384092818563714,-8.759750443806884e-05,interpolado
0.4385091018203642,-0.00021153171027565474,interpolado
0.4386089217843569,-0.0002786855112984145,interpolado
0.43870874174834973,-0.0002872128552256169,interpolado
0.4388085617123426,-0.00023526768977644787,interpolado
0.4389083816763354,-0.0001210039626701251,interpolado
0.439,4.03e-05,original
0.4391080216043209,0.00029901563919732747,interpolado
0.4392078415683136,0.0005938745005305159,interpolado
0.4393076615323065,0.0009303631907123507,interpolado
0.4394074814962992,0.001296845184522489,interpolado
0.43950730146029193,0.0016816839567406555,interpolado
0.43960712142428476,0.0020732429821459252,interpolado
0.43970694138827754,0.002459885735518226,interpolado
0.4398067613522703,0.0028299756916366323,interpolado
0.43990658131626315,0.003171876325280867,interpolado
0.44,0.003456,original
0.44010622124424886,0.003726434635906099,interpolado
0.4402060412082416,0.003925733174484259,interpolado
0.4403058611722345,0.004069527459567491,interpolado
0.4404056811362273,0.0041554978142465115,interpolado
0.4405055011002201,0.00418132456161229,interpolado
0.44060532106421285,0.004144688024755678,interpolado
0.44070514102820557,0.004043268526767584,interpolado
0.44080496099219846,0.0038747463907387748,interpolado
0.4409047809561913,0.0036368019397603137,interpolado
0.441,0.003343,original
0.44110442088417684,0.0029454648431692988,interpolado
0.4412042408481696,0.002498932842736407,interpolado
0.44130406081216245,0.0019961934637057342,interpolado
0.44140388077615517,0.0014459204947420527,interpolado
0.441503700740148,0.0008567877245089696,interpolado
0.44160352070414083,0.00023746894167135294,interpolado
0.44170334066813366,-0.0004033620651069074,interpolado
0.4418031606321264,-0.0010570315071619656,interpolado
0.44190298059611915,-0.0017148655958288842,interpolado
0.442,-0.00235,original
0.4421026205241047,-0.0030080598231845826,interpolado
0.44220244048809754,-0.0036245240771675988,interpolado
0.4423022604520905,-0.004207403451419395,interpolado
0.44240208041608314,-0.004746518098508538,interpolado
0.44250190038007603,-0.005231688171004839,interpolado
0.4426017203440689,-0.005652733821476974,interpolado
0.44270154030806164,-0.00599947520249445,interpolado
0.4428013602720545,-0.006261732466626608,interpolado
0.44290118023604724,-0.006429325766442372,interpolado
0.443,-0.006492,original
0.44310082016403285,-0.006439591671987915,interpolado
0.4432006401280257,-0.006260672920845643,interpolado
0.44330046009201846,-0.005943919710105092,interpolado
0.44340028005601123,-0.005477932748992064,interpolado
0.443500100020004,-0.004851312746731485,interpolado
0.4435999199839968,-0.004052660412549493,interpolado
0.4436997399479896,-0.003070576455671244,interpolado
0.44379955991198244,-0.001893661585321481,interpolado
0.4438993798759753,-0.0005105165107269576,interpolado
0.444,0.001104,original
0.4440990198039609,0.0029043761072344806,interpolado
0.4441988397679535,0.004863283236570107,interpolado
0.4442986597319464,0.006881966918343579,interpolado
0.44439847969593915,0.008875414615723075,interpolado
0.444498299659932,0.010758613791881162,interpolado
0.44459811962392476,0.012446551909986163,interpolado
0.44469793958791753,0.013854216433209617,interpolado
0.4447977595519104,0.01489659482472245,interpolado
0.44489757951590314,0.015488674547693907,interpolado
0.445,0.015539,original
0.4450972194438888,0.015009457600689278,interpolado
0.4451970394078815,0.013942522855477098,interpolado
0.44529685937187435,0.012438676894613546,interpolado
0.44539667933586713,0.010591958310716437,interpolado
0.44549649929986007,0.008496405696399928,interpolado
0.44559631926385285,0.006246057644282482,interpolado
0.4456961392278456,0.003934952746979099,interpolado
0.4457959591918384,0.0016571295971046323,interpolado
0.4458957791558312,-0.0004933732127222422,interpolado
0.446,-0.002501,original
0.44609541908381684,-0.004052563965687969,interpolado
0.44619523904780967,-0.005380209186917014,interpolado
0.4462950590118025,-0.006423381952022438,interpolado
0.4463948789757953,-0.007200013058693226,interpolado
0.446494698939788,-0.00772803330462016,interpolado
0.4465945189037809,-0.008025373487493485,interpolado
0.4466943388677736,-0.008109964405003004,interpolado
0.44679415883176643,-0.007999736854838964,interpolado
0.44689397879575926,-0.007712621634691631,interpolado
0.447,-0.007234,original
0.4470936187237449,-0.006681538550442423,interpolado
0.4471934386877376,-0.005987669923192487,interpolado
0.4472932586517304,-0.005218053937905614,interpolado
0.4473930786157231,-0.0044058014785933255,interpolado
0.4474928985797159,-0.003584023429265869,interpolado
0.44759271854370875,-0.002785830673933464,interpolado
0.44769253850770147,-0.002044334096607664,interpolado
0.4477923584716943,-0.0013926445812983388,interpolado
0.44789217843568707,-0.0008638730120168802,interpolado
0.448,-0.000469,original
0.44809181836367273,-0.00029943679312741616,interpolado
0.4481916383276655,-0.0002726165705651514,interpolado
0.44829145829165834,-0.00038141411963295307,interpolado
0.44839127825565117,-0.0005965686004273515,interpolado
0.4484910982196439,-0.0008888191730450354,interpolado
0.4485909181836368,-0.001228904997582867,interpolado
0.44869073814762966,-0.0015875652341371207,interpolado
0.4487905581116224,-0.0019355390428048226,interpolado
0.4488903780756152,-0.0022435655836822387,interpolado
0.449,-0.002501,original
0.4490900180036009,-0.002626511124667845,interpolado
0.44918983796759354,-0.0026707838913093943,interpolado
0.4492896579315863,-0.0026168419641658977,interpolado
0.44938947789557904,-0.002466329867797301,interpolado
0.44948929785957187,-0.0022208921267634855,interpolado
0.4495891178235647,-0.0018821732656241232,interpolado
0.44968893778755736,-0.0014518178089394766,interpolado
0.4497887577515502,-0.0009314702812689545,interpolado
0.44988857771554297,-0.0003227752071730211,interpolado
0.45,0.000459,original
0.45008821764352863,0.0011496684891064955,interpolado
0.4501880376075214,0.0019839170026722695,interpolado
0.45028785757151424,0.0028440821260100344,interpolado
0.45038767753550707,0.0036988697958686366,interpolado
0.4504874974994998,0.0045169859489983585,interpolado
0.45058731746349273,0.005267136522149408,interpolado
0.4506871374274855,0.005918027452070751,interpolado
0.4507869573914784,0.006438364675512882,interpolado
0.45088677735547117,0.006796854129225026,interpolado
0.451,0.006968,original
0.4510864172834568,0.006909427234315238,interpolado
0.4511862372474495,0.006651490696938704,interpolado
0.4512860572114423,0.006215457964241681,interpolado
0.4513858771754352,0.005628418416452105,interpolado
0.4514856971394278,0.004917461433797227,interpolado
0.4515855171034207,0.004109676396504023,interpolado
0.45168533706741354,0.003232152684800845,interpolado
0.4517851570314063,0.002311979678914714,interpolado
0.4518849769953991,0.001376246759072556,interpolado
0.452,0.000314,original
0.4520846169233847,-0.0004342276801742451,interpolado
0.4521844368873774,-0.001260525485193218,interpolado
0.4522842568513703,-0.0020065175084774916,interpolado
0.452384076815363,-0.0026518751298699856,interpolado
0.45248389677935585,-0.003176269729212574,interpolado
0.4525837167433487,-0.0035593726863484064,interpolado
0.45268353670734146,-0.003780855381119648,interpolado
0.4527833566713344,-0.0038203891933691466,interpolado
0.45288317663532707,-0.0036576455029393466,interpolado
0.453,-0.003183,original
0.4530828165633128,-0.0026517233334067973,interpolado
0.4531826365273055,-0.0018351792269441928,interpolado
0.4532824564912982,-0.0008832950750853921,interpolado
0.4533822764552911,0.0001432306700183338,interpolado
0.4534820964192839,0.0011836995562139725,interpolado
0.4535819163832767,0.0021774131313507554,interpolado
0.45368173634726955,0.0030636729432757027,interpolado
0.45378155631126227,0.0037817805398375377,interpolado
0.4538813762752551,0.004271037468884606,interpolado
0.454,0.004471,original
0.4540810162032408,0.004331069244277347,interpolado
0.45418083616723354,0.003879534246779682,interpolado
0.45428065613122626,0.003177223691326195,interpolado
0.4543804760952191,0.0022853568140002133,interpolado
0.45448029605921186,0.0012651528508866132,interpolado
0.4545801160232047,0.0001778310380681983,interpolado
0.45467993598719747,-0.0009153893883699347,interpolado
0.45477975595119025,-0.001953289192344515,interpolado
0.454879575915183,-0.0028746491377721465,interpolado
0.455,-0.003744,original
0.4550792158431687,-0.0041297618564638,interpolado
0.4551790358071614,-0.004406833079801452,interpolado
0.4552788557711542,-0.004470830798297281,interpolado
0.4553786757351471,-0.004343243380026498,interpolado
0.45547849569913984,-0.004045559193064582,interpolado
0.45557831566313267,-0.0035992666054865587,interpolado
0.45567813562712545,-0.0030258539853682638,interpolado
0.4557779555911182,-0.002346809700784817,interpolado
0.45587777555511105,-0.0015836221198111046,interpolado
0.456,-0.000566,original
0.4560774154830966,0.00010887801913221062,interpolado
0.4561772354470893,0.0009916995682300344,interpolado
0.4562770554110821,0.0018646848481809655,interpolado
0.456376875375075,0.002701825151717745,interpolado
0.45647669533906776,0.0034771117715717216,interpolado
0.45657651530306065,0.004164536000476016,interpolado
0.4566763352670533,0.004738089131162139,interpolado
0.45677615523104614,0.005171762456362796,interpolado
0.456875975195039,0.005439547268810371,interpolado
0.457,0.005502,original
0.4570756151230245,0.005378489271665091,interpolado
0.45717543508701736,0.005050836447807054,interpolado
0.45727525505101013,0.004576321041826896,interpolado
0.4573750750150029,0.003998954094565156,interpolado
0.4574748949789958,0.0033627466468633726,interpolado
0.4575747149429886,0.0027117097395621265,interpolado
0.4576745349069814,0.002089854413501968,interpolado
0.4577743548709742,0.0015411917095244842,interpolado
0.4578741748349669,0.0011097326684699968,interpolado
0.458,0.000801,original
0.4580738147629525,0.0007687854508647278,interpolado
0.45817363472694533,0.0008847008112360999,interpolado
0.4582734546909381,0.0011471508573096347,interpolado
0.45837327465493105,0.0015158034765259147,interpolado
0.4584730946189238,0.0019503265563248539,interpolado
0.45857291458291655,0.002410387984146971,interpolado
0.4586727345469095,0.0028556556474328442,interpolado
0.4587725545109022,0.0032457974336222977,interpolado
0.4588723744748951,0.0035404812301560585,interpolado
0.459,0.003714,original
0.45907201440288065,0.0036876896051595436,interpolado
0.4591718343668735,0.0035237700845841403,interpolado
0.4592716543308662,0.0032555391237521045,interpolado
0.459371474294859,0.00293123856216318,interpolado
0.45947129425885186,0.0025991102393177314,interpolado
0.45957111422284463,0.002307395994715573,interpolado
0.45967093418683747,0.002104337667856609,interpolado
0.45977075415083024,0.0020381770982410693,interpolado
0.459870574114823,0.0021571561253689205,interpolado
0.46,0.002666,original
0.4600702140428085,0.003136064205877698,interpolado
0.4601700340068014,0.004001744801828876,interpolado
0.4602698539707942,0.005027160618378251,interpolado
0.46036967393478695,0.006132356441687895,interpolado
0.4604694938987798,0.00723737705791757,interpolado
0.46056931386277256,0.008262267253228898,interpolado
0.4606691338267654,0.009127071813783328,interpolado
0.4607689537907582,0.00975183552574089,interpolado
0.46086877375475105,0.01005660317526321,interpolado
0.461,0.009836,original
0.4610684136827365,0.009395626801123056,interpolado
0.4611682336467294,0.0083896290813469,interpolado
0.4612680536107222,0.007035846219645183,interpolado
0.461367873574715,0.005427597504147455,interpolado
0.4614676935387078,0.0036582022229864975,interpolado
0.46156751350270053,0.0018209796642924161,interpolado
0.46166733346669336,9.249116195181507e-06,interpolado
0.4617671534306861,-0.0016836701331722132,interpolado
0.4618669733946789,-0.0031644587956805898,interpolado
0.462,-0.004647,original
0.4620666133226644,-0.005123799266840718,interpolado
0.4621664332866573,-0.0055167651962304935,interpolado
0.4622662532506501,-0.0055745031226387,interpolado
0.4623660732146429,-0.0053537414604161605,interpolado
0.46246589317863573,-0.00491120862391385,interpolado
0.46256571314262857,-0.004303633027482416,interpolado
0.4626655331066214,-0.003587743085472138,interpolado
0.4627653530706143,-0.002820267212234539,interpolado
0.46286517303460684,-0.002057933822119943,interpolado
0.463,-0.001137,original
0.4630648129625925,-0.0007728641902008152,interpolado
0.4631646329265854,-0.0003241007141428704,interpolado
0.4632644528905782,-8.197260078596113e-06,interpolado
0.46336427285457094,0.0001782621843094903,interpolado
0.4634640928185637,0.00023869363133858628,interpolado
0.4635639127825566,0.00017651309332582395,interpolado
0.46366373274654943,-4.863417411664502e-06,interpolado
0.46376355271054215,-0.00030201988855647823,interpolado
0.4638633726745349,-0.0007115403077914878,interpolado
0.464,-0.001448,original
0.4640630126025205,-0.0018528007699614682,interpolado
0.46416283256651336,-0.0025592768586509577,interpolado
0.4642626525305061,-0.003317444648436572,interpolado
0.4643624724944989,-0.004095071062302817,interpolado
0.46446229245849174,-0.004859923023234249,interpolado
0.4645621124224845,-0.005579767454214136,interpolado
0.4646619323864773,-0.006222371278227373,interpolado
0.46476175235047007,-0.006755501418257375,interpolado
0.46486157231446285,-0.007146924797288651,interpolado
0.465,-0.007395,original
0.4650612122424484,-0.007378405651789351,interpolado
0.4651610322064413,-0.007197538424575497,interpolado
0.46526085217043406,-0.006858804080072003,interpolado
0.4653606721344269,-0.006399874142423773,interpolado
0.4654604920984197,-0.005858420135775441,interpolado
0.4655603120624125,-0.005272113584272579,interpolado
0.4656601320264053,-0.004678626012059534,interpolado
0.4657599519903981,-0.004115628943281936,interpolado
0.4658597719543908,-0.0036207939020844048,interpolado
0.466,-0.003113,original
0.46605941188237654,-0.002984079820542769,interpolado
0.4661592318463693,-0.002879310906809788,interpolado
0.46625905181036204,-0.0028927894659939103,interpolado
0.46635887177435487,-0.002999122041121672,interpolado
0.4664586917383477,-0.0031729151752198123,interpolado
0.4665585117023404,-0.0033887754113147593,interpolado
0.46665833166633325,-0.0036213092924333528,interpolado
0.4667581516303259,-0.0038451233616019526,interpolado
0.4668579715943188,-0.004034824161847319,interpolado
0.467,-0.004196,original
0.46705761152230435,-0.004211671933864986,interpolado
0.4671574314862972,-0.00417305987212723,interpolado
0.46725725145028996,-0.004065691607359154,interpolado
0.46735707141428273,-0.00390661144116351,interpolado
0.4674568913782756,-0.003712863675142932,interpolado
0.46755671134226834,-0.0035014926109003916,interpolado
0.4676565313062612,-0.0032895425500384257,interpolado
0.467756351270254,-0.003094057794160024,interpolado
0.4678561712342467,-0.0029320826448678184,interpolado
0.468,-0.002792,original
0.4680558111622323,-0.0027758712022916306,interpolado
0.4681556311262252,-0.0027966863730196885,interpolado
0.46825545109021804,-0.0028674250254390726,interpolado
0.4683552710542108,-0.0029719310725643223,interpolado
0.46845509101820354,-0.003094048427410049,interpolado
0.46855491098219637,-0.0032176210029906567,interpolado
0.4686547309461892,-0.0033264927123207526,interpolado
0.4687545509101821,-0.0034045074684149117,interpolado
0.46885437087417486,-0.003435509184287584,interpolado
0.469,-0.003363,original
0.4690540108021604,-0.0032927863480363166,interpolado
0.4691538307661532,-0.0031065283310800734,interpolado
0.469253650730146,-0.002863337035283076,interpolado
0.46935347069413874,-0.0025825535785392118,interpolado
0.4694532906581316,-0.0022835190787417995,interpolado
0.4695531106221244,-0.001985574653784788,interpolado
0.4696529305861172,-0.001708061421561622,interpolado
0.46975275055011,-0.0014703204999657923,interpolado
0.4698525705141028,-0.001291693006891179,interpolado
0.47,-0.001177,original
0.47005221044208834,-0.0011879466056705403,interpolado
0.4701520304060811,-0.0012743689106806243,interpolado
0.470251850370074,-0.0014208788325940174,interpolado
0.4703516703340668,-0.0015966612375765893,interpolado
0.47045149029805955,-0.0017709009917945457,interpolado
0.4705513102620523,-0.001912782961413726,interpolado
0.4706511302260451,-0.001991492012600276,interpolado
0.470750950190038,-0.0019762130115202037,interpolado
0.4708507701540307,-0.001836130824339558,interpolado
0.471,-0.001327,original
0.47105041008201637,-0.0010602780110398865,interpolado
0.47115023004600914,-0.00041136388969671976,interpolado
0.471250050010002,0.00034667672252340376,interpolado
0.47134986997399475,0.0011523424773638782,interpolado
0.4714496899379875,0.0019441320265697918,interpolado
0.47154950990198036,0.002660544021884503,interpolado
0.4716493298659732,0.003240077115052728,interpolado
0.47174914982996596,0.0036212299578188755,interpolado
0.47184896979395885,0.0037425012019267644,interpolado
0.4719487897579516,0.003542389499120718,interpolado
0.472,0.003295,original
0.4721484296859371,0.0020149687833693965,interpolado
0.47224824964993,0.0007868545082484653,interpolado
0.4723480696139228,-0.0006321480504103784,interpolado
0.4724478895779156,-0.0021521514188315976,interpolado
0.47254770954190833,-0.0036832681232364566,interpolado
0.4726475295059011,-0.005135610689848774,interpolado
0.47274734946989394,-0.006419291644892195,interpolado
0.4728471694338867,-0.007444423514588248,interpolado
0.4729469893978796,-0.008121118825160954,interpolado
0.473,-0.008308,original
0.4731466293258651,-0.008158099428089828,interpolado
0.4732464492898579,-0.00758167832414757,interpolado
0.47334626925385076,-0.006710648208629026,interpolado
0.47344608921784354,-0.005622552893377152,interpolado
0.4735459091818363,-0.004394936190237034,interpolado
0.4736457291458292,-0.0031053419110519467,interpolado
0.47374554910982203,-0.001831313867665039,interpolado
0.47384536907381475,-0.0006503958719215919,interpolado
0.4739451890378076,0.00035986826433577615,interpolado
0.474,0.000814,original
0.47414482896579324,0.0016170836244151657,interpolado
0.47424464892978596,0.001874841520318719,interpolado
0.4743444688937788,0.0019349858065345232,interpolado
0.4744442888577715,0.0018355282992565567,interpolado
0.4745441088217644,0.001614480814678447,interpolado
0.4746439287857571,0.001309855168994231,interpolado
0.47474374874974995,0.0009596631783973925,interpolado
0.47484356871374267,0.0006019166590821132,interpolado
0.47494338867773545,0.0002746274272419823,interpolado
0.475,0.000117,original
0.47514302860572105,-0.00015394195401019682,interpolado
0.4752428485697139,-0.00022959765406603671,interpolado
0.4753426685337067,-0.00020913667681798982,interpolado
0.47544248849769954,-9.005589602150237e-05,interpolado
0.4755423084616923,0.00013014781456819778,interpolado
0.4756421284256851,0.0004539775811954884,interpolado
0.4757419483896779,0.0008839365301053537,interpolado
0.4758417683536707,0.0014225277875419386,interpolado
0.4759415883176635,0.0020722544797500742,interpolado
0.476,0.002505,original
0.47614122824564914,0.0036897471099811016,interpolado
0.476241048209642,0.0045870866127810704,interpolado
0.4763408681736347,0.005475733778291372,interpolado
0.47644068813762736,0.006304423850398167,interpolado
0.4765405081016203,0.007021892072987478,interpolado
0.476640328065613,0.00757687368994415,interpolado
0.4767401480296058,0.007918103945154404,interpolado
0.4768399679935986,0.007994318082503508,interpolado
0.4769397879575914,0.0077542513458773756,interpolado
0.477,0.007435,original
0.47713942788557695,0.006183776707290411,interpolado
0.47723924784957,0.004944849440747531,interpolado
0.4773390678135626,0.003519989461336589,interpolado
0.4774388877775555,0.0019978719674546286,interpolado
0.4775387077415484,0.0004671721574984665,interpolado
0.47763852770554105,-0.0009834347701324951,interpolado
0.477738347669534,-0.0022652736170421096,interpolado
0.47783816763352677,-0.003289669184831248,interpolado
0.4779379875975196,-0.003967946275103028,interpolado
0.478,-0.004176,original
0.4781376275255052,-0.0040072621387759804,interpolado
0.478237447489498,-0.0034286812534529343,interpolado
0.47833726745349087,-0.0025621475062788516,interpolado
0.47843708741748353,-0.0014925495895206059,interpolado
0.47853690738147636,-0.0003047761954446281,interpolado
0.47863672734546914,0.0009162839836806258,interpolado
0.4787365473094619,0.002085742255589304,interpolado
0.4788363672734547,0.0031187099280129654,interpolado
0.4789361872374474,0.003930298308685177,interpolado
0.479,0.004294,original
0.47913582716543307,0.00461095271201691,interpolado
0.47923564712942585,0.004507324422935244,interpolado
0.4793354670934186,0.004186659417666641,interpolado
0.47943528705741145,0.003709743685583915,interpolado
0.4795351070214042,0.0031373632160595364,interpolado
0.4796349269853969,0.0025303039984669695,interpolado
0.4797347469493897,0.0019493520221784187,interpolado
0.47983456691338255,0.001455293276567358,interpolado
0.47993438687737544,0.0011089137510062548,interpolado
0.48,0.000991,original
0.480134026805361,0.0010609679832278866,interpolado
0.4802338467693537,0.0013439814994183744,interpolado
0.48033366673334654,0.0017775974650316038,interpolado
0.48043348669733943,0.002320061113810087,interpolado
0.4805333066613322,0.002929617679497388,interpolado
0.4806331266253249,0.0035645123958358235,interpolado
0.48073294658931776,0.004182990496568729,interpolado
0.48083276655331053,0.004743297215439401,interpolado
0.4809325865173033,0.005203677786190213,interpolado
0.481,0.005437,original
0.4811322264452889,0.005676425776361306,interpolado
0.48123204640928174,0.005669238298848707,interpolado
0.48133186637327463,0.005507825953439468,interpolado
0.48143168633726735,0.0051989231568769865,interpolado
0.4815315063012601,0.004749264325904143,interpolado
0.48163132626525296,0.004165583877264654,interpolado
0.4817311462292457,0.0034546162277015245,interpolado
0.4818309661932385,0.0026230957939574764,interpolado
0.4819307861572313,0.0016777569927766498,interpolado
0.482,0.000959,original
0.48213042608521695,-0.0005094725236359243,interpolado
0.4822302460492097,-0.0016749876623141963,interpolado
0.48233006601320255,-0.002815922048169011,interpolado
0.4824298859771954,-0.003877218705645341,interpolado
0.4825297059411882,-0.004803820659190565,interpolado
0.48262952590518093,-0.005540670933249894,interpolado
0.48272934586917376,-0.00603271255227015,interpolado
0.48282916583316654,-0.0062248885406976096,interpolado
0.48292898579715937,-0.006062141922978301,interpolado
0.483,-0.0057,original
0.48312862572514503,-0.00450315836195452,interpolado
0.4832284456891378,-0.0031823447088073077,interpolado
0.48332826565313075,-0.0016169313754194794,interpolado
0.48342808561712347,0.00010370353212101796,interpolado
0.4835279055811163,0.0018901819077298207,interpolado
0.4836277255451091,0.003653125645318739,interpolado
0.4837275455091018,0.005303156638802584,interpolado
0.48382736547309463,0.006750896782095921,interpolado
0.48392718543708735,0.007906967969110935,interpolado
0.484,0.008515,original
0.484126825365073,0.009036891160468038,interpolado
0.4842266453290657,0.00901845877135963,interpolado
0.4843264652930586,0.008684950341620992,interpolado
0.4844262852570513,0.0080941356598319,interpolado
0.4845261052210441,0.0073037845145711554,interpolado
0.48462592518503694,0.0063716666944190516,interpolado
0.48472574514902966,0.005355551987954585,interpolado
0.48482556511302244,0.00431321018375657,interpolado
0.48492538507701516,0.003302411070405579,interpolado
0.485,0.002602,original
0.4851250250050009,0.0015813519500067089,interpolado
0.48522484496899376,0.0008905783489474326,interpolado
0.48532466493298654,0.00028931371115533853,interpolado
0.4854244848969793,-0.00024152566951047918,interpolado
0.4855243048609722,-0.0007210234991919426,interpolado
0.48562412482496503,-0.0011682634840308602,interpolado
0.485723944788958,-0.0016023293301683094,interpolado
0.48582376475295075,-0.0020423047437463605,interpolado
0.4859235847169434,-0.002507273430906098,interpolado
0.486,-0.002892,original
0.4861232246449293,-0.0035750689995822362,interpolado
0.486223044608922,-0.004163174338113741,interpolado
0.4863228645729149,-0.004756708437636949,interpolado
0.48642268453690757,-0.005331836825601054,interpolado
0.48652250450090034,-0.005864725029456252,interpolado
0.4866223244648931,-0.0063315385766526434,interpolado
0.48672214442888584,-0.006708442994639569,interpolado
0.4868219643928787,-0.006971603810867279,interpolado
0.4869217843568715,-0.007097186552785339,interpolado
0.487,-0.007084,original
0.4871214242848571,-0.006857213774515226,interpolado
0.48722124424884977,-0.006512558180559229,interpolado
0.48732106421284266,-0.006060098093016209,interpolado
0.48742088417683543,-0.005532446258134636,interpolado
0.4875207041408281,-0.004962215422162237,interpolado
0.48762052410482093,-0.00438201833134665,interpolado
0.48772034406881376,-0.003824467731936487,interpolado
0.4878201640328066,-0.003322176370179119,interpolado
0.4879199839967994,-0.002907756992323072,interpolado
0.488,-0.002661,original
0.4881196239247851,-0.002456430894002647,interpolado
0.48821944388877775,-0.0024156639397326448,interpolado
0.4883192638527706,-0.002466347980805256,interpolado
0.4884190838167633,-0.0025833846287358535,interpolado
0.48851890378075613,-0.0027416754950398857,interpolado
0.488618723744749,-0.002916122191232891,interpolado
0.4887185437087418,-0.003081626328830105,interpolado
0.4888183636727346,-0.003213089519347125,interpolado
0.4889181836367275,-0.003285413374299233,interpolado
0.489,-0.003283,original
0.489117823564713,-0.0031621318931719564,interpolado
0.48921764352870584,-0.0029588526834894596,interpolado
0.48931746349269867,-0.002674653959935001,interpolado
0.48941728345669144,-0.00232049254950228,interpolado
0.48951710342068416,-0.001907325279184536,interpolado
0.489616923384677,-0.0014461089759748825,interpolado
0.48971674334866977,-0.0009478004668672126,interpolado
0.4898165633126626,-0.0004233565788543636,interpolado
0.48991638327665543,0.00011626586106969856,interpolado
0.49,0.000572,original
0.4901160232046409,0.0011956985560014558,interpolado
0.4902158431686338,0.0017068463707153626,interpolado
0.4903156631326266,0.002176782654888545,interpolado
0.4904154830966195,0.0025887407349423023,interpolado
0.4905153030606121,0.0029259539372987354,interpolado
0.49061512302460486,0.0031716555883797783,interpolado
0.49071494298859775,0.003309079014606981,interpolado
0.49081476295259047,0.003321457542402301,interpolado
0.49091458291658335,0.003192024498187545,interpolado
0.491,0.002956,original
0.49111422284456885,0.0024566742017601358,interpolado
0.4912140428085617,0.0018905865425555438,interpolado
0.49131386277255445,0.0012531560049194733,interpolado
0.4914136827365473,0.0005917562503740462,interpolado
0.4915135027005401,-4.623905955749896e-05,interpolado
0.4916133226645329,-0.0006134562633533293,interpolado
0.49171314262852567,-0.001062521699490309,interpolado
0.49181296259251844,-0.0013460617064462936,interpolado
0.49191278255651133,-0.0014167026226987699,interpolado
0.492,-0.001267,original
0.492112422484497,-0.0007567346178488465,interpolado
0.49221224244848977,-5.87819123853593e-05,interpolado
0.4923120624124826,0.0008009676927444941,interpolado
0.4924118823764753,0.0017567325134215514,interpolado
0.49251170234046804,0.0027427308655250163,interpolado
0.4926115223044609,0.003693181064936199,interpolado
0.49271134226845376,0.004542301427534306,interpolado
0.49281116223244653,0.005224310269200177,interpolado
0.4929109821964394,0.005673425905814278,interpolado
0.493,0.005824,original
0.49311062212442497,0.005642714610168735,interpolado
0.49321044208841763,0.005191847155073979,interpolado
0.49331026205241063,0.0045503887362312746,interpolado
0.49341008201640335,0.003797433201757724,interpolado
0.4935099019803961,0.003012074399771745,interpolado
0.4936097219443889,0.002273406178390101,interpolado
0.49370954190838173,0.0016605223857311877,interpolado
0.4938093618723746,0.0012525168699121156,interpolado
0.49390918183636734,0.001128483479050452,interpolado
0.494,0.001329,original
0.49410882176435283,0.0020093239155446322,interpolado
0.4942086417283458,0.002973578415227657,interpolado
0.49430846169233844,0.004156969076753162,interpolado
0.49440828165633127,0.005456207709469627,interpolado
0.494508101620324,0.006768006122723305,interpolado
0.4946079215843169,0.007989076125863285,interpolado
0.49470774154830965,0.009016129528235902,interpolado
0.49480756151230243,0.009745878139189621,interpolado
0.49490738147629526,0.010075033768072238,interpolado
0.495,0.009932,original
0.4951070214042809,0.009163036915224186,interpolado
0.4952068413682737,0.007948215841364677,interpolado
0.49530666133226653,0.006369818578446625,interpolado
0.4954064812962593,0.004541805106276219,interpolado
0.495506301260252,0.0025781354046627947,interpolado
0.49560612122424497,0.0005927694534115665,interpolado
0.4957059411882377,-0.0013003327676679624,interpolado
0.4958057611522305,-0.0029872112787696402,interpolado
0.49590558111622335,-0.0043539061000868705,interpolado
0.496,-0.005249,original
0.49610522104420907,-0.005709161075074216,interpolado
0.49620504100820173,-0.0056763740888306075,interpolado
0.4963048609721946,-0.005270115667860054,interpolado
0.4964046809361874,-0.004572400012812646,interpolado
0.4965045009001801,-0.003665241324339759,interpolado
0.49660432086417294,-0.0026306538030910257,interpolado
0.49670414082816566,-0.0015506516497181921,interpolado
0.4968039607921586,-0.0005072490648712625,interpolado
0.49690378075615144,0.00041753975079967924,interpolado
0.497,0.00112,original
0.4971034206841369,0.0016044050472212568,interpolado
0.4972032406481296,0.0018208696582037126,interpolado
0.4973030606121225,0.0018233756982797822,interpolado
0.49740288057611537,0.001644203542030589,interpolado
0.49750270054010803,0.0013156335640374336,interpolado
0.49760252050410086,0.0008699461388813452,interpolado
0.49770234046809375,0.00033942164114309745,interpolado
0.4978021604320865,-0.00024365955459562552,interpolado
0.49790198039607936,-0.000847017073754344,interpolado
0.498,-0.001428,original
0.4981016203240649,-0.0019854395840057213,interpolado
0.4982014402880577,-0.002455943825936776,interpolado
0.49830126025205046,-0.0028176028929628393,interpolado
0.49840108021604335,-0.0030381364105031908,interpolado
0.49850090018003607,-0.003085264003976483,interpolado
0.4986007201440289,-0.0029267052988018014,interpolado
0.4987005401080217,-0.0025301799203977684,interpolado
0.49880036007201445,-0.0018634074941837253,interpolado
0.4989001800360072,-0.00089410764557781,interpolado
0.499,0.00041,original
