Time - Voltage_1,Amplitude - Voltage_1,tipo_valor
0.0,-0.002982,original
9.981996399279867e-05,-0.0033484532006870108,interpolado
0.00019963992798559732,-0.003559785527875175,interpolado
0.000299459891978396,-0.0036299199255061462,interpolado
0.00039927985597119453,-0.0035727793375215713,interpolado
0.0004990998199639931,-0.0034022867078631045,interpolado
0.0005989197839567919,-0.003132364980472398,interpolado
0.0006987397479495905,-0.0027769370992911037,interpolado
0.0007985597119423888,-0.0023499260082608703,interpolado
0.0008983796759351872,-0.00186525465132335,interpolado
0.001,-0.001327,original
0.0010980196039207845,-0.0007786229154930612,interpolado
0.0011978395679135832,-0.0002045084244835922,interpolado
0.0012976595319063818,0.0003715745566665566,interpolado
0.0013974794958991803,0.0009357030840157329,interpolado
0.0014972994598919786,0.0014739542136222859,interpolado
0.0015971194238847772,0.0019724050015445652,interpolado
0.0016969393878775757,0.0024171325038409193,interpolado
0.0017967593518703746,0.0027942137765696942,interpolado
0.001896579315863173,0.0030897258757892417,interpolado
0.002,0.003295,original
0.00209621924384877,0.003383950025635477,interpolado
0.0021960392078415694,0.003378058399907047,interpolado
0.002295859171834368,0.0032822596345646214,interpolado
0.002395679135827166,0.003106742572422938,interpolado
0.0024954990998199648,0.002861696056296732,interpolado
0.0025953190638127637,0.0025573089290007378,interpolado
0.0026951390278055617,0.0022037700333496927,interpolado
0.002794958991798361,0.001811268212158328,interpolado
0.0028947789557911595,0.0013899923082413808,interpolado
0.003,0.000926,original
0.003094418883776757,0.000503922700135993,interpolado
0.0031942388477695545,7.324832484201813e-05,interpolado
0.0032940588117623534,-0.0003171761958551133,interpolado
0.0033938787757551514,-0.0006426347127908417,interpolado
0.0034936987397479503,-0.0008784110768006068,interpolado
0.0035935187037407475,-0.0009997891387198512,interpolado
0.003693338667733547,-0.0009820527493840155,interpolado
0.0037931586317263444,-0.0008004857596285411,interpolado
0.003892978595719143,-0.0004303720202888657,interpolado
0.004,0.000204,original
0.004092618523704739,0.0009626495553070746,interpolado
0.004192438487697538,0.0019533682399901363,interpolado
0.004292258451690337,0.003061920432696834,interpolado
0.0043920784156831335,0.004225060389378453,interpolado
0.004491898379675935,0.005379542365986281,interpolado
0.004591718343668733,0.006462120618471574,interpolado
0.00469153830766153,0.007409549402785629,interpolado
0.00479135827165433,0.00815858297487971,interpolado
0.004891178235647129,0.008645975590705096,interpolado
0.005,0.008805,original
0.005090818163632725,0.008600275021289612,interpolado
0.005190638127625526,0.008066974317355834,interpolado
0.005290458091618324,0.007284099144585922,interpolado
0.005390278055611122,0.006327186216801137,interpolado
0.0054900980196039215,0.005271772247822731,interpolado
0.00558991798359672,0.00419339395147198,interpolado
0.005689737947589518,0.0031675880415701382,interpolado
0.005789557911582318,0.002269891231938458,interpolado
0.005889377875575115,0.001575840236398217,interpolado
0.006,0.001136,original
0.006089017803560713,0.001083280584884345,interpolado
0.006188837767553511,0.0013034681428464633,interpolado
0.00628865773154631,0.001748696686348961,interpolado
0.006388477695539108,0.0023460971132870157,interpolado
0.006488297659531905,0.0030228003215558193,interpolado
0.006588117623524705,0.003705937209050567,interpolado
0.006687937587517502,0.004322638673666429,interpolado
0.006787757551510303,0.0048000356132986075,interpolado
0.006887577515503101,0.005065258925842277,interpolado
0.007,0.005019,original
0.007087217443488696,0.004682730637005082,interpolado
0.007187037407481496,0.0040073502860427015,interpolado
0.007286857371474294,0.003081507892264589,interpolado
0.007386677335467093,0.0019674582127673316,interpolado
0.007486497299459892,0.0007274560046475455,interpolado
0.0075863172634526915,-0.0005762439749981831,interpolado
0.00768613722744549,-0.0018813869690732664,interpolado
0.007785957191438287,-0.0031257182204810843,interpolado
0.007885777155431088,-0.004246982972125056,interpolado
0.008,-0.005299,original
0.008085417083416686,-0.0058802915355643404,interpolado
0.008185237047409484,-0.006341595311131034,interpolado
0.008285057011402286,-0.006590697850470399,interpolado
0.008384876975395084,-0.006651502346452916,interpolado
0.008484696939387882,-0.006547911991949091,interpolado
0.00858451690338068,-0.006303829979829409,interpolado
0.00868433686737348,-0.0059431595029643715,interpolado
0.00878415683136628,-0.005489803754224481,interpolado
0.008883976795359077,-0.004967665926480216,interpolado
0.009,-0.004306,original
0.009083616723344675,-0.003811454655213032,interpolado
0.00918343668733747,-0.0032148996685577628,interpolado
0.009283256651330271,-0.0026226251128951667,interpolado
0.009383076615323067,-0.0020462631009638137,interpolado
0.009482896579315865,-0.0014974457455022797,interpolado
0.009582716543308663,-0.0009878051592491074,interpolado
0.009682536507301462,-0.0005289734549428698,interpolado
0.009782356471294258,-0.0001325827453221361,interpolado
0.00988217643528706,0.00018973485687454378,interpolado
0.01,0.000459,original
0.010081816363272652,0.0005673515248840665,interpolado
0.010181636327265452,0.0006148488050859439,interpolado
0.01028145629125825,0.000576030994688831,interpolado
0.01038127625525105,0.00045810843406196534,interpolado
0.010481096219243848,0.0002682914635745878,interpolado
0.010580916183236646,1.3790423595928802e-05,interpolado
0.010680736147229445,-0.0002981843455047722,interpolado
0.010780556111222242,-0.0006604225033582709,interpolado
0.01088037607521504,-0.0010657137095953432,interpolado
0.011,-0.001598,original
0.01108001600320064,-0.0019755641844185086,interpolado
0.011179835967193439,-0.0024558850452889567,interpolado
0.011279655931186237,-0.002928388020069698,interpolado
0.011379475895179035,-0.0033736350076293445,interpolado
0.011479295859171835,-0.00377218790683653,interpolado
0.011579115823164633,-0.0041046086165598674,interpolado
0.011678935787157431,-0.004351459035667972,interpolado
0.01177875575115023,-0.004493301063029473,interpolado
0.01187857571514303,-0.004510696597512984,interpolado
0.012,-0.004336,original
0.012078215643128627,-0.004098967581046985,interpolado
0.012178035607121426,-0.0036757403609360743,interpolado
0.012277855571114226,-0.0031520091223042252,interpolado
0.01237767553510702,-0.0025653534545396197,interpolado
0.012477495499099822,-0.001953352947030416,interpolado
0.01257731546309262,-0.0013535871891647946,interpolado
0.012677135427085416,-0.0008036357703309385,interpolado
0.012776955391078218,-0.00034107827991700416,interpolado
0.012876775355071018,-3.4943073111743826e-06,interpolado
0.013,0.000185,original
0.013076415283056614,0.00015239246717397371,interpolado
0.013176235247049412,-4.3295913209890125e-05,interpolado
0.01327605521104221,-0.0003736002613013476,interpolado
0.013375875175035011,-0.0007964210769097591,interpolado
0.01347569513902781,-0.0012696588598444668,interpolado
0.013575515103020611,-0.001751214109914817,interpolado
0.01367533506701341,-0.002198987326930151,interpolado
0.013775155031006209,-0.002570879010699829,interpolado
0.01387497499499901,-0.0028247896610331938,interpolado
0.014,-0.002912,original
0.014074614922984603,-0.0028147416972568126,interpolado
0.014174434886977401,-0.00251477628523982,interpolado
0.014274254850970199,-0.0020406926719152988,interpolado
0.014374074814962995,-0.001414632361235705,interpolado
0.014473894778955797,-0.0006587368571535147,interpolado
0.014573714742948593,0.0002048523363787886,interpolado
0.01467353470694139,0.0011539937154087612,interpolado
0.014773354670934187,0.002166545775983923,interpolado
0.014873174634926982,0.0032203670141517844,interpolado
0.015,0.004584,original
0.01507281456291258,0.00536345509902693,interpolado
0.01517263452690538,0.006410750656992319,interpolado
0.015272454490898178,0.007416205498522675,interpolado
0.015372274454890979,0.008360832933998388,interpolado
0.015472094418883775,0.009225646273799862,interpolado
0.015571914382876577,0.009991658828307501,interpolado
0.015671734346869373,0.010639883907901729,interpolado
0.015771554310862173,0.01115133482296294,interpolado
0.015871374274854976,0.011507024883871555,interpolado
0.016,0.011705,original
0.016071014202840572,0.011678343043143358,interpolado
0.016170834166833372,0.011493757681301129,interpolado
0.016270654130826165,0.011167792699736168,interpolado
0.01637047409481896,0.01073424088009494,interpolado
0.016470294058811764,0.010226895004023896,interpolado
0.016570114022804557,0.00967954785316952,interpolado
0.016669933986797354,0.009125992209178266,interpolado
0.016769753950790153,0.00860002085369658,interpolado
0.016869573914782953,0.008135426568370957,interpolado
0.017,0.007677,original
0.017069213842768553,0.007522020458420747,interpolado
0.017169033806761345,0.007396563250821607,interpolado
0.01726885377075415,0.007360376859073749,interpolado
0.017368673734746952,0.007383903280132019,interpolado
0.01746849369873975,0.0074375845109512576,interpolado
0.017568313662732548,0.007491862548486312,interpolado
0.01766813362672535,0.007517179389692027,interpolado
0.017767953590718144,0.0074839770315232425,interpolado
0.017867773554710947,0.007362697470934804,interpolado
0.018,0.007016,original
0.018067413482696543,0.006739788509649649,interpolado
0.01816723344668934,0.006207084787144748,interpolado
0.018267053410682136,0.005537052703521204,interpolado
0.01836687337467494,0.004741308234067967,interpolado
0.01846669333866774,0.003831467354073967,interpolado
0.018566513302660535,0.0028191460388282304,interpolado
0.018666333266653328,0.001715960263619695,interpolado
0.01876615323064613,0.000533526003737281,interpolado
0.018865973194638928,-0.0007165407655299637,interpolado
0.019,-0.002481,original
0.019065613122624524,-0.0033713869588739066,interpolado
0.01916543308661732,-0.004728791639615675,interpolado
0.019265253050610116,-0.006047107558612258,interpolado
0.019365073014602913,-0.007278360303310978,interpolado
0.019464892978595716,-0.00837457546115903,interpolado
0.019564712942588512,-0.00928777861960374,interpolado
0.019664532906581312,-0.009969995366092405,interpolado
0.01976435287057411,-0.01037325128807227,interpolado
0.019864172834566908,-0.010449571972990627,interpolado
0.02,-0.009942,original
0.02006381276255251,-0.009435226128199312,interpolado
0.020163632726545307,-0.00833355943657652,interpolado
0.02026345269053811,-0.006928257231614859,interpolado
0.02036327265453091,-0.005302620760410664,interpolado
0.02046309261852371,-0.003539951270060127,interpolado
0.02056291258251651,-0.001723550007659417,interpolado
0.020662732546509306,6.32817796950971e-05,interpolado
0.02076255251050211,0.0017372428449073016,interpolado
0.02086237247449491,0.0032150319408808404,interpolado
0.021,0.004777,original
0.02106201240248051,0.00525436713470336,interpolado
0.021161832366473305,0.005735713565400391,interpolado
0.021261652330466105,0.005909926872753444,interpolado
0.0213614722944589,0.005830788224135373,interpolado
0.021461292258451697,0.005552078786919053,interpolado
0.021561112222444494,0.005127579728477345,interpolado
0.02166093218643729,0.004611072216183096,interpolado
0.02176075215043009,0.004056337417409205,interpolado
0.021860572114422883,0.0035171564995285197,interpolado
0.022,0.002892,original
0.02206021204240848,0.0026976060567933673,interpolado
0.022160032006401275,0.0024748958161328175,interpolado
0.022259851970394078,0.0023524820148466824,interpolado
0.02235967193438687,0.0023028199785651935,interpolado
0.022459491898379667,0.0022983650329185708,interpolado
0.022559311862372467,0.002311572503537039,interpolado
0.022659131826365267,0.0023148977160508217,interpolado
0.02275895179035806,0.0022807959960901426,interpolado
0.022858771754350866,0.0021817226692852233,interpolado
0.023,0.001877,original
0.02305841168233646,0.001681041900745521,interpolado
0.023158231646329266,0.001270103080333205,interpolado
0.023258051610322066,0.0008054979209763816,interpolado
0.023357871574314865,0.0003363195469449974,interpolado
0.02345769153830767,-8.833891749100454e-05,interpolado
0.023557511502300465,-0.00041938434806163395,interpolado
0.02365733146629326,-0.0006077236204969499,interpolado
0.02375715143028606,-0.0006042636105269886,interpolado
0.023856971394278864,-0.0003599111938817922,interpolado
0.024,0.000508,original
0.024056611322264457,0.0010435211354657718,interpolado
0.024156431286257257,0.00221823738998962,interpolado
0.024256251250250056,0.003607422870100595,interpolado
0.024356071214242853,0.005118003125380807,interpolado
0.024455891178235652,0.006656903705412503,interpolado
0.02455571114222845,0.008131050159777942,interpolado
0.02465553110622125,0.009447368038059218,interpolado
0.024755351070214045,0.010512782889838599,interpolado
0.024855171034206848,0.011234220264698298,interpolado
0.025,0.011479,original
0.02505481096219244,0.011278306467673355,interpolado
0.025154630926185237,0.010526108685654902,interpolado
0.02525445089017804,0.009363137303210471,interpolado
0.025354270854170833,0.007893530466822972,interpolado
0.025454090818163633,0.006221426322975293,interpolado
0.025553910782156432,0.004450963018150493,interpolado
0.02565373074614923,0.002686278698831455,interpolado
0.02575355071014203,0.0010315115115010695,interpolado
0.02585337067413483,-0.00040920039735760675,interpolado
0.026,-0.001919,original
0.02605301060212042,-0.0022364486275360464,interpolado
0.026152830566113224,-0.0025144832321862508,interpolado
0.026252650530106014,-0.0024405444971956846,interpolado
0.02635247049409882,-0.002092482008877929,interpolado
0.026452290458091617,-0.0015481453535466049,interpolado
0.026552110422084416,-0.0008853841175153056,interpolado
0.026651930386077216,-0.00018204788709760448,interpolado
0.026751750350070016,0.00048401375139285076,interpolado
0.026851570314062816,0.0010349512116424849,interpolado
0.027,0.001474,original
0.02705121024204842,0.0014829615846305517,interpolado
0.02715103020604122,0.0012930758534761666,interpolado
0.02725085017003401,0.0008720676578691214,interpolado
0.02735067013402681,0.0002712326160815502,interpolado
0.027450490098019614,-0.00045813365361443157,interpolado
0.02755031006201241,-0.0012647355329466344,interpolado
0.027650130026005214,-0.0020972774036429435,interpolado
0.027749949989998014,-0.002904463647431244,interpolado
0.02784976995399081,-0.0036349986460393405,interpolado
0.027949589917983606,-0.004237586781195123,interpolado
0.028,-0.004477,original
0.028149229845969206,-0.004891917163077114,interpolado
0.028249049809962005,-0.004942171732589709,interpolado
0.028348869773954805,-0.0048303414205444475,interpolado
0.028448689737947598,-0.004573685775766808,interpolado
0.0285485097019404,-0.0041894643470822635,interpolado
0.028648329665933194,-0.0036949366833162675,interpolado
0.028748149629925987,-0.0031073623332943273,interpolado
0.028847969593918794,-0.002444000845841899,interpolado
0.028947789557911587,-0.0017221117697844284,interpolado
0.029,-0.001327,original
0.02914742948589718,-0.00017496366158320994,interpolado
0.029247249449889975,0.0006071512912531773,interpolado
0.02934706941388278,0.0013641116504035078,interpolado
0.029446889377875568,0.00207274577197147,interpolado
0.029546709341868368,0.0027098820120607494,interpolado
0.029646529305861168,0.003252348726774963,interpolado
0.029746349269853964,0.0036769742722178008,interpolado
0.02984616923384676,0.003960587004492929,interpolado
0.02994598919783956,0.004080015279703992,interpolado
0.03,0.004068,original
0.03014562912582516,0.0037612137272451072,interpolado
0.030245449089817963,0.0033535343556055992,interpolado
0.03034526905381076,0.0028200306433293063,interpolado
0.030445089017803562,0.002190825403988733,interpolado
0.030544908981796355,0.0014960414511564493,interpolado
0.030644728945789155,0.0007658015984049333,interpolado
0.030744548909781958,3.0228659306762813e-05,interpolado
0.03084436887377475,-0.0006805545525655589,interpolado
0.030944188837767558,-0.00133642522363953,interpolado
0.031,-0.001668,original
0.03114382876575315,-0.0023819041401083505,interpolado
0.03124364872974596,-0.0027655360528509583,interpolado
0.03134346869373875,-0.0030666178316468957,interpolado
0.03144328865773155,-0.003293067694869274,interpolado
0.03154310862172435,-0.0034528038608911925,interpolado
0.031642928585717156,-0.0035537445480857436,interpolado
0.03174274854970995,-0.0036038079748260303,interpolado
0.03184256851370275,-0.00361091235948514,interpolado
0.03194238847769555,-0.0035829759204361765,interpolado
0.032,-0.003554,original
0.03214202840568114,-0.0034509987286208696,interpolado
0.03224184836967394,-0.0033549962822556315,interpolado
0.03234166833366674,-0.0032422284500888817,interpolado
0.03244148829765954,-0.00311508382240659,interpolado
0.03254130826165234,-0.0029759509894947333,interpolado
0.032641128225645126,-0.0028272185416392853,interpolado
0.03274094818963792,-0.002671275069126223,interpolado
0.03284076815363072,-0.002510509162241511,interpolado
0.03294058811762353,-0.0023473094112711475,interpolado
0.033,-0.00225,original
0.03314022804560912,-0.0020211963089788064,interpolado
0.03324004800960192,-0.0018571286572881865,interpolado
0.033339867973594714,-0.001689947229408584,interpolado
0.03343968793758752,-0.0015177848553506576,interpolado
0.03353950790158032,-0.0013387743651251042,interpolado
0.03363932786557312,-0.001151048588742584,interpolado
0.03373914782956591,-0.0009527403562137684,interpolado
0.033838967793558716,-0.0007419824975493304,interpolado
0.033938787757551506,-0.0005169078427599417,interpolado
0.034,-0.000371,original
0.03413842768553711,-2.1000457804989253e-05,interpolado
0.03423824764952991,0.00023912591671630627,interpolado
0.034338067613522705,0.0004960098756602222,interpolado
0.0344378875775155,0.0007410325118219971,interpolado
0.0345377075415083,0.000965574917996869,interpolado
0.0346375275055011,0.0011610181869800887,interpolado
0.03473734746949389,0.001318743411566866,interpolado
0.03483716743348669,0.0014301316845524539,interpolado
0.03493698739747949,0.0014865640987320908,interpolado
0.035,0.00149,original
0.035136627325465096,0.001414239243151641,interpolado
0.03523644728945789,0.0013132963560366089,interpolado
0.035336267253450696,0.001201368235309085,interpolado
0.03543608721744349,0.0011029533009658547,interpolado
0.03553590718143629,0.0010425499730037095,interpolado
0.03563572714542908,0.001044656671419442,interpolado
0.03573554710942189,0.001133771816209855,interpolado
0.03583536707341469,0.001334393827371729,interpolado
0.03593518703740749,0.0016710211249018592,interpolado
0.036,0.001974,original
0.036134826965393094,0.0028216174045522886,interpolado
0.03623464692938588,0.0035908032526734365,interpolado
0.036334466893378686,0.0044299042102864394,interpolado
0.03643428685737148,0.005293616613351356,interpolado
0.036534106821364286,0.006136636797828418,interpolado
0.036633926785357075,0.0069136610996778005,interpolado
0.03673374674934987,0.007579385854859685,interpolado
0.036833566713342675,0.00808850739933425,interpolado
0.03693338667733548,0.008395722069061681,interpolado
0.037,0.008466,original
0.037133026605321064,0.008265213528798413,interpolado
0.03723284656931387,0.007878113096621715,interpolado
0.037332666533306656,0.007356240352072171,interpolado
0.03743248649729945,0.006760757490257949,interpolado
0.03753230646129226,0.006152826706287175,interpolado
0.03763212642528505,0.005593610195268099,interpolado
0.03773194638927785,0.00514427015230885,interpolado
0.03783176635327065,0.004865968772517593,interpolado
0.03793158631726345,0.004819868251002496,interpolado
0.038,0.004954,original
0.03813122624524904,0.005616871263448557,interpolado
0.038231046209241844,0.006402319034166077,interpolado
0.03833086617323465,0.0073464744406501635,interpolado
0.03843068613722745,0.008373051314833064,interpolado
0.03853050610122025,0.009405763488647023,interpolado
0.03863032606521305,0.01036832479402436,interpolado
0.038730146029205846,0.011184449062897183,interpolado
0.038829965993198635,0.011777850127197806,interpolado
0.03892978595719144,0.012072241818858487,interpolado
0.039,0.012059,original
0.039129425885177045,0.011510901057486035,interpolado
0.03922924584916984,0.010687733709334712,interpolado
0.03932906581316264,0.009589440840278497,interpolado
0.039428885777155434,0.008283004374290618,interpolado
0.03952870574114822,0.006835406235344323,interpolado
0.039628525705141034,0.005313628347412881,interpolado
0.03972834566913384,0.003784652634469551,interpolado
0.03982816563312663,0.002315461020487497,interpolado
0.03992798559711943,0.0009730354294401828,interpolado
0.04,0.000121,original
0.040127625525105015,-0.0010955194292074674,interpolado
0.040227445489097825,-0.0018045478217170857,interpolado
0.04032726545309062,-0.0023277361546626962,interpolado
0.040427085417083425,-0.0026897629930530942,interpolado
0.04052690538107623,-0.002915306901897003,interpolado
0.04062672534506901,-0.003029046446203227,interpolado
0.04072654530906182,-0.003055660190980539,interpolado
0.04082636527305462,-0.003019826701237712,interpolado
0.040926185237047406,-0.002946224541983519,interpolado
0.041,-0.002882,original
0.04112582516503301,-0.002774197690042174,interpolado
0.0412256451290258,-0.00268658730819564,interpolado
0.041325465093018605,-0.0025906408289080992,interpolado
0.04142528505701141,-0.002480388269054987,interpolado
0.04152510502100421,-0.0023498596455117315,interpolado
0.041624924984997015,-0.0021930849751537877,interpolado
0.041724744948989805,-0.002004094274856583,interpolado
0.04182456491298261,-0.0017769175614955563,interpolado
0.0419243848769754,-0.0015055848519461429,interpolado
0.042,-0.001267,original
0.04212402480496101,-0.0008139327578573798,interpolado
0.0422238447689538,-0.0004102288495697702,interpolado
0.0423236647329466,9.874261750604204e-06,interpolado
0.0424234846969394,0.0004293199943478044,interpolado
0.042523304660932196,0.0008310517664658929,interpolado
0.04262312462492499,0.0011980129963489292,interpolado
0.04272294458891779,0.0015131471022409944,interpolado
0.042822764552910585,0.0017593975023861062,interpolado
0.04292258451690339,0.001919707615028349,interpolado
0.043,0.001974,original
0.04312222444488898,0.0019262776040765961,interpolado
0.04322204440888176,0.0017863614394946264,interpolado
0.04332186437287459,0.0015794999809652707,interpolado
0.04342168433686737,0.00132784695211014,interpolado
0.043521504300860166,0.0010535560765508015,interpolado
0.043621324264852976,0.0007787810779088368,interpolado
0.04372114422884576,0.0005256756798058267,interpolado
0.04382096419283857,0.0003163936058633523,interpolado
0.04392078415683137,0.0001730885797029868,interpolado
0.044,0.000121,original
0.044120424084816964,0.0001587734760846236,interpolado
0.044220244048809754,0.0002733922864603708,interpolado
0.04432006401280256,0.0004351550621077544,interpolado
0.04441988397679535,0.0006175174880276448,interpolado
0.044519703940788156,0.000793935249220921,interpolado
0.04461952390478095,0.0009378640306884273,interpolado
0.04471934386877376,0.001022759517431045,interpolado
0.044819163832766545,0.0010220773944496428,interpolado
0.044918983796759356,0.0009092733467450913,interpolado
0.045,0.000717,original
0.04511862372474495,0.0002583650788162167,interpolado
0.04521844368873775,-0.0002596389166544573,interpolado
0.04531826365273055,-0.0008610395206280467,interpolado
0.045418083616723344,-0.0015107360064075626,interpolado
0.04551790358071613,-0.002173627647296018,interpolado
0.04561772354470895,-0.002814613716596469,interpolado
0.04571754350870173,-0.003398593487611833,interpolado
0.045817363472694536,-0.003890466233645172,interpolado
0.045917183436687325,-0.0042551312279994966,interpolado
0.046,-0.004436,original
0.046116823364672925,-0.0044815405947220424,interpolado
0.04621664332866572,-0.004356716993460211,interpolado
0.046316463292658525,-0.004119486255013722,interpolado
0.04641628325665133,-0.003806258785760256,interpolado
0.04651610322064412,-0.0034534449920774956,interpolado
0.04661592318463692,-0.0030974552803431253,interpolado
0.046715743148629724,-0.0027747000569348272,interpolado
0.04681556311262252,-0.002521589728230268,interpolado
0.046915383076615316,-0.0023745347006071714,interpolado
0.047,-0.00236,original
0.04711502300460093,-0.002521346546916891,interpolado
0.04721484296859371,-0.0027846730460794663,interpolado
0.04731466293258652,-0.00310653704499834,interpolado
0.047414482896579326,-0.0034336035552736547,interpolado
0.047514302860572115,-0.003712537588505481,interpolado
0.04761412282456492,-0.0038900041562939668,interpolado
0.047713942788557714,-0.003912668270239233,interpolado
0.04781376275255052,-0.0037271949419414004,interpolado
0.047913582716543314,-0.0032802491830005898,interpolado
0.048,-0.002641,original
0.048113222644528914,-0.00142327458750895,interpolado
0.04821304260852171,-6.82240330900324e-05,interpolado
0.048312862572514506,0.0014573692072629425,interpolado
0.04841268253650731,0.0030642761975781126,interpolado
0.04851250250050011,0.004663268001883722,interpolado
0.04861232246449291,0.006165115684207686,interpolado
0.048712142428485705,0.0074805903085782485,interpolado
0.0488119623924785,0.008520462939023555,interpolado
0.0489117823564713,0.009195504639571738,interpolado
0.049,0.009417,original
0.049111422284456904,0.00913417921042286,interpolado
0.0492112422484497,0.008411927868161436,interpolado
0.049311062212442504,0.0073331102391820824,interpolado
0.0494108821764353,0.00598105895299234,interpolado
0.04951070214042809,0.004439106639099748,interpolado
0.049610522104420886,0.0027905859270118414,interpolado
0.04971034206841369,0.0011188294462360488,interpolado
0.04981016203240649,-0.0004928301737198583,interpolado
0.049909981996399296,-0.001961060303348452,interpolado
0.05,-0.003093,original
0.05010962192438488,-0.004157045861741874,interpolado
0.05020944188837768,-0.004833261825884613,interpolado
0.05030926185237049,-0.005252706888032398,interpolado
0.05040908181636328,-0.00543689518474724,interpolado
0.05050890178035608,-0.005407340852591245,interpolado
0.05060872174434887,-0.005185558028126482,interpolado
0.05070854170834167,-0.004793060847915025,interpolado
0.05080836167233446,-0.0042513634485189375,interpolado
0.050908181636327265,-0.0035819799665002413,interpolado
0.051,-0.002872,original
0.051107821564312865,-0.0019492214379787601,interpolado
0.051207641528305654,-0.001044353082759037,interpolado
0.05130746149229845,-0.00012766572004791767,interpolado
0.051407281456291254,0.0007649956331373333,interpolado
0.05150710142028405,0.0015977859597792608,interpolado
0.05160692138427685,0.0023348602428606012,interpolado
0.05170674134826966,0.002940373465364028,interpolado
0.05180656131226244,0.003378480610272213,interpolado
0.051906381276255235,0.0036133366605678287,interpolado
0.052,0.003617,original
0.05210602120424085,0.0033464815305253057,interpolado
0.052205841168233645,0.0028611862378567494,interpolado
0.05230566113222645,0.00220032469670938,interpolado
0.05240548109621924,0.0014110075676045674,interpolado
0.05250530106021204,0.0005403455110636903,interpolado
0.05260512102420484,-0.00036455081239193606,interpolado
0.05270494098819765,-0.0012565707422408099,interpolado
0.052804760952190444,-0.0020886036179616147,interpolado
0.052904580916183254,-0.002813538779032976,interpolado
0.053,-0.003363,original
0.05310422084416883,-0.0037665006740881515,interpolado
0.05320404080816165,-0.003970906656100327,interpolado
0.05330386077215444,-0.0040179940963097505,interpolado
0.053403680736147235,-0.0039282726142452346,interpolado
0.05350350070014003,-0.0037222518294355786,interpolado
0.05360332066413282,-0.0034204413614095743,interpolado
0.05370314062812563,-0.0030433508296960204,interpolado
0.053802960592118435,-0.002611489853823679,interpolado
0.053902780556111224,-0.002145368053321407,interpolado
0.054,-0.001678,original
0.05410242048409682,-0.0011887483251458142,interpolado
0.05420224044808961,-0.0007185695231824201,interpolado
0.05430206041208242,-0.0002552936194257575,interpolado
0.05440188037607522,0.00020074434907202114,interpolado
0.054501700340068016,0.0006492093452588604,interpolado
0.05460152030406081,0.001089766332082672,interpolado
0.054701340268053615,0.0015220802724913677,interpolado
0.05480116023204642,0.0019458161294328598,interpolado
0.054900980196039215,0.0023606388658550886,interpolado
0.055,0.002763,original
0.055100620124024814,0.003160711905854528,interpolado
0.05520044008801761,0.0035364764969621214,interpolado
0.055300260052010414,0.00388442664559558,interpolado
0.05540008001600321,0.004195481780072577,interpolado
0.05549989997999602,0.004460561328710806,interpolado
0.05559971994398881,0.0046705847198279,interpolado
0.05569953990798162,0.004816471381741558,interpolado
0.05579935987197441,0.0048891407427694485,interpolado
0.055899179835967205,0.004879512231229252,interpolado
0.056,0.004777,original
0.056098819763952805,0.004582253541206037,interpolado
0.056198639727945615,0.004308384162907837,interpolado
0.056298459691938404,0.003980061598137961,interpolado
0.056398279655931194,0.0036204503098968997,interpolado
0.056498099619924,0.003252714761185141,interpolado
0.05659791958391678,0.0029000194150031688,interpolado
0.05669773954790959,0.002585528734351453,interpolado
0.056797559511902386,0.0023324071822305253,interpolado
0.05689737947589518,0.002163819221640848,interpolado
0.057,0.002103,original
0.05709701940388077,0.0021644375349677,interpolado
0.05719683936787358,0.0023262118656862544,interpolado
0.057296659331866374,0.0025561044544534397,interpolado
0.057396479295859164,0.002821967244394906,interpolado
0.057496299259851974,0.0030916521786363517,interpolado
0.05759611922384477,0.0033330112003034577,interpolado
0.05769593918783757,0.0035138962525219078,interpolado
0.05779575915183038,0.0036021592784173865,interpolado
0.05789557911582317,0.0035656522211155645,interpolado
0.058,0.003359,original
0.058095219043808766,0.0029995132331193464,interpolado
0.05819503900780156,0.0024700582507521146,interpolado
0.058294858971794365,0.0018193001174601651,interpolado
0.05839467893578716,0.001082677977112869,interpolado
0.05849449889977996,0.0002956309735797553,interpolado
0.05859431886377275,-0.0005064017492697994,interpolado
0.058694138827765543,-0.0012879810475663687,interpolado
0.05879395879175835,-0.002013667777440528,interpolado
0.05889377875575114,-0.0026480227950228517,interpolado
0.059,-0.003183,original
0.059093418683736736,-0.0035092117948459047,interpolado
0.05919323864772953,-0.003721553911228252,interpolado
0.059293058611722335,-0.0038174388436294617,interpolado
0.05939287857571514,-0.003821674778190887,interpolado
0.059492698539707935,-0.003759069901053879,interpolado
0.05959251850370074,-0.003654432398359782,interpolado
0.05969233846769355,-0.0035325704562499645,interpolado
0.05979215843168634,-0.003418292260865771,interpolado
0.05989197839567914,-0.0033364059983485555,interpolado
0.06,-0.003313,original
0.06009161832366474,-0.003361915346317265,interpolado
0.060191438287657544,-0.003468163802345299,interpolado
0.06029125825165034,-0.003599976232022336,interpolado
0.06039107821564312,-0.0037268585318472004,interpolado
0.06049089817963593,-0.0038183165983187123,interpolado
0.060590718143628736,-0.003843856327935689,interpolado
0.06069053810762152,-0.003772983617196951,interpolado
0.06079035807161433,-0.0035752043626012977,interpolado
0.06089017803560712,-0.0032200244606475762,interpolado
0.061,-0.002611,original
0.06108981796359272,-0.0019264531836571024,interpolado
0.06118963792758553,-0.001008361105838504,interpolado
0.06128945789157832,1.7512939713815657e-05,interpolado
0.06138927785557113,0.0010913403226180405,interpolado
0.061489097819563916,0.002153292412492565,interpolado
0.06158891778355671,0.003143540578955719,interpolado
0.06168873774754952,0.0040022561916258316,interpolado
0.06178855771154231,0.004669610620121231,interpolado
0.06188837767553511,0.00508577523406026,interpolado
0.062,0.00518,original
0.0620880176035207,0.004940813443834862,interpolado
0.06218783756751352,0.004380397727465129,interpolado
0.062287657531506314,0.0035862735893446166,interpolado
0.062387477495499104,0.002635077959530214,interpolado
0.06248729745949191,0.001603447768078741,interpolado
0.0625871174234847,0.0005680199450473049,interpolado
0.06268693738747752,-0.00039456857950748484,interpolado
0.06278675735147032,-0.0012076808755285744,interpolado
0.0628865773154631,-0.0017946800129589966,interpolado
0.063,-0.00209,original
0.0630862172434487,-0.0020003111434332504,interpolado
0.0631860372074415,-0.001598598730220118,interpolado
0.06328585717143427,-0.0009509169795207893,interpolado
0.06338567713542709,-0.00013445592807884306,interpolado
0.06348549709941989,0.0007735943873618842,interpolado
0.06358531706341268,0.0016960439300575008,interpolado
0.06368513702740548,0.002555702663264505,interpolado
0.06378495699139829,0.00327538055023892,interpolado
0.06388477695539109,0.0037778875542371837,interpolado
0.064,0.003987,original
0.06408441688337667,0.0038367492673170712,interpolado
0.06418423684736949,0.0033572712693458883,interpolado
0.06428405681136226,0.0026104004435774687,interpolado
0.06438387677535506,0.001659023368767108,interpolado
0.06448369673934787,0.0005660266236703932,interpolado
0.06458351670334066,-0.0006057032129570061,interpolado
0.06468333666733346,-0.0017932795623599156,interpolado
0.06478315663132625,-0.0029338158457825245,interpolado
0.06488297659531905,-0.00396442548446965,interpolado
0.065,-0.004948,original
0.06508261652330465,-0.0054522372278525385,interpolado
0.06518243648729745,-0.005853097335383483,interpolado
0.06528225645129025,-0.00604564673776719,interpolado
0.06538207641528304,-0.006050801449505451,interpolado
0.06548189637927584,-0.005889477485099997,interpolado
0.06558171634326866,-0.00558259085905252,interpolado
0.06568153630726145,-0.005151057585864769,interpolado
0.06578135627125424,-0.004615793680038561,interpolado
0.06588117623524704,-0.0039977151560754865,interpolado
0.066,-0.003183,original
0.06608081616323264,-0.0025965737336145324,interpolado
0.06618063612722544,-0.0018534675877089932,interpolado
0.06628045609121826,-0.0011070253059420078,interpolado
0.06638027605521105,-0.0003758499434687782,interpolado
0.06648009601920384,0.00032145544455550233,interpolado
0.06657991598319665,0.0009662878029759311,interpolado
0.06667973594718946,0.0015400440766372321,interpolado
0.06677955591118223,0.0020241212103844696,interpolado
0.06687937587517505,0.0023999161490624566,interpolado
0.067,0.002683,original
0.06707901580316065,0.00275533819954258,interpolado
0.06717883576715343,0.002727413060720098,interpolado
0.06727865573114623,0.0025837811375140868,interpolado
0.06737847569513902,0.0023432295627132324,interpolado
0.06747829565913181,0.002024545469106278,interpolado
0.06757811562312463,0.0016465159894818247,interpolado
0.06767793558711742,0.001227928256628664,interpolado
0.06777775555111022,0.0007875694033353698,interpolado
0.067877575515103,0.000344226562390752,interpolado
0.068,-0.000176,original
0.0680772154430886,-0.00047807435693246464,interpolado
0.06817703540708141,-0.0008376708811775526,interpolado
0.06827685537107421,-0.0011667557677267483,interpolado
0.06837667533506701,-0.0014700275335064218,interpolado
0.06847649529905982,-0.0017521846954431184,interpolado
0.06857631526305262,-0.002017925770463256,interpolado
0.06867613522704541,-0.0022719492754932637,interpolado
0.06877595519103821,-0.0025189537274596724,interpolado
0.06887577515503102,-0.0027636376432888746,interpolado
0.069,-0.003072,original
0.06907541508301662,-0.00326343987782718,interpolado
0.06917523504700944,-0.0035132120146327906,interpolado
0.06927505501100223,-0.003745310326114924,interpolado
0.069374874974995,-0.003944981809691817,interpolado
0.06947469493898781,-0.004097473462781788,interpolado
0.0695745149029806,-0.004188032282803058,interpolado
0.06967433486697341,-0.004201905267173919,interpolado
0.06977415483096622,-0.004124339413312608,interpolado
0.069873974794959,-0.003940581718637425,interpolado
0.07,-0.003534,original
0.0700736147229446,-0.0031989939385697465,interpolado
0.07017343468693742,-0.002650595681172838,interpolado
0.07027325465093019,-0.002028356680247179,interpolado
0.07037307461492301,-0.0013701077748468381,interpolado
0.07047289457891581,-0.0007136798040261453,interpolado
0.07057271454290859,-9.69036068394286e-05,interpolado
0.0706725345069014,0.0004423899776592409,interpolado
0.0707723544708942,0.0008663701104154769,interpolado
0.070872174434887,0.0011372059523751545,interpolado
0.071,0.0012,original
0.07107181436287258,0.0010731278348388757,interpolado
0.07117163432686538,0.0007208842911681857,interpolado
0.07127145429085818,0.00020287556723660983,interpolado
0.07137127425485096,-0.0004380618905678665,interpolado
0.07147109421884378,-0.0011590916358570427,interpolado
0.07157091418283656,-0.0019173772222426779,interpolado
0.07167073414682937,-0.00267008220333685,interpolado
0.07177055411082216,-0.0033743701327512234,interpolado
0.07187037407481495,-0.003987404564097866,interpolado
0.072,-0.004577,original
0.07207001400280055,-0.004772103361825207,interpolado
0.07216983396679336,-0.004903949850421933,interpolado
0.07226965393078615,-0.004883728980514933,interpolado
0.07236947389477896,-0.004733569477251044,interpolado
0.07246929385877175,-0.004475600065777147,interpolado
0.07256911382276457,-0.004131949471240018,interpolado
0.07266893378675736,-0.0037247464187865243,interpolado
0.07276875375075015,-0.0032761196335635806,interpolado
0.07286857371474297,-0.0028081978407179056,interpolado
0.073,-0.0022,original
0.07306821364272856,-0.001901860691914571,interpolado
0.07316803360672133,-0.0014931567979330077,interpolado
0.07326785357071416,-0.0011181163222733265,interpolado
0.07336767353470694,-0.0007777457509791689,interpolado
0.07346749349869973,-0.00047305157009415845,interpolado
0.07356731346269255,-0.0002050402656617948,interpolado
0.07366713342668534,2.5281676274265114e-05,interpolado
0.07376695339067814,0.00021690776967050123,interpolado
0.07386677335467094,0.00036883152848329545,interpolado
0.074,0.000508,original
0.07406641328265653,0.000550017247125236,interpolado
0.07416623324664931,0.0005837122798221731,interpolado
0.07426605321064211,0.0005896634703694209,interpolado
0.07436587317463492,0.000576462688761213,interpolado
0.0744656931386277,0.0005527018049917936,interpolado
0.07456551310262051,0.0005269726890553961,interpolado
0.07466533306661333,0.0005078672109462657,interpolado
0.07476515303060613,0.0005039772406586368,interpolado
0.07486497299459892,0.0005238946481867486,interpolado
0.075,0.000604,original
0.07506461292258453,0.0006693922828535015,interpolado
0.07516443288657731,0.0008103200317113238,interpolado
0.07526425285057012,0.0010048018651182,interpolado
0.07536407281456291,0.00125862458512599,interpolado
0.07546389277855571,0.0015775749937866792,interpolado
0.07556371274254853,0.0019674398931521543,interpolado
0.07566353270654129,0.0024340060852742597,interpolado
0.0757633526705341,0.0029830603722050416,interpolado
0.0758631726345269,0.0036203895559962615,interpolado
0.076,0.004648,original
0.0760628125625125,0.005181317480931994,interpolado
0.0761626325265053,0.006090346422477032,interpolado
0.07626245249049812,0.007044009134641754,interpolado
0.0763622724544909,0.008007099333512614,interpolado
0.0764620924184837,0.008944410735176482,interpolado
0.07656191238247648,0.0098207370557197,interpolado
0.0766617323464693,0.010600872011229103,interpolado
0.07676155231046208,0.011249609317791159,interpolado
0.07686137227445489,0.011731742691492408,interpolado
0.077,0.012059,original
0.07706101220244047,0.012058134229258412,interpolado
0.07716083216643328,0.0118770445494648,interpolado
0.07726065213042609,0.011505445917986312,interpolado
0.07736047209441889,0.01098069814331997,interpolado
0.07746029205841168,0.010340161033962562,interpolado
0.07756011202240448,0.009621194398411208,interpolado
0.07765993198639728,0.008861158045162637,interpolado
0.07775975195039009,0.008097411782713993,interpolado
0.07785957191438288,0.007367315419562005,interpolado
0.078,0.006469,original
0.07805921184236847,0.006155578998157002,interpolado
0.07815903180636126,0.005715080495925578,interpolado
0.07825885177035408,0.005369161119991601,interpolado
0.07835867173434687,0.005099625341132953,interpolado
0.07845849169833968,0.0048882776301276696,interpolado
0.07855831166233247,0.004716922457753757,interpolado
0.07865813162632526,0.004567364294789147,interpolado
0.07875795159031806,0.00442140761201187,interpolado
0.07885777155431087,0.0042608568801998665,interpolado
0.079,0.003971,original
0.07905741148229646,0.003824242481682127,interpolado
0.07915723144628925,0.0035312804675122237,interpolado
0.07925705141028205,0.003203166016809664,interpolado
0.07935687137427486,0.0028548583598506125,interpolado
0.07945669133826766,0.002501316726911422,interpolado
0.07955651130226044,0.0021575003482682507,interpolado
0.07965633126625327,0.0018383684541974099,interpolado
0.07975615123024606,0.0015588802749751925,interpolado
0.07985597119423883,0.0013339950408777796,interpolado
0.08,0.001136,original
0.08005561112222444,0.001106964741461633,interpolado
0.08015543108621725,0.0011167769213630285,interpolado
0.08025525105021003,0.0011920996127818303,interpolado
0.08035507101420285,0.0013164689468932681,interpolado
0.08045489097819564,0.0014734210548725188,interpolado
0.08055471094218844,0.001646492067894834,interpolado
0.08065453090618122,0.0018192181171353778,interpolado
0.08075435087017403,0.0019751353337694065,interpolado
0.08085417083416682,0.0020977798489721015,interpolado
0.081,0.002183,original
0.08105381076215243,0.002178170716223717,interpolado
0.08115363072614523,0.002119483702912594,interpolado
0.08125345069013802,0.0020073764609922417,interpolado
0.08135327065413084,0.0018550833848052116,interpolado
0.08145309061812363,0.0016758388686940776,interpolado
0.08155291058211642,0.0014828773070013378,interpolado
0.08165273054610922,0.0012894330940695906,interpolado
0.08175255051010202,0.0011087406242413283,interpolado
0.0818523704740948,0.0009540342918591458,interpolado
0.082,0.000801,original
0.0820520104020804,0.0007748496667450938,interpolado
0.08215183036607318,0.000761559190769379,interpolado
0.082251650330066,0.0007840983047621251,interpolado
0.08235147029405879,0.0008273694290223409,interpolado
0.08245129025805162,0.0008762749838490486,interpolado
0.08255111022204441,0.0009157173895412534,interpolado
0.08265093018603718,0.0009305990663979649,interpolado
0.08275075015003001,0.0009058224347181989,interpolado
0.08285057011402278,0.0008262899148009763,interpolado
0.083,0.000572,original
0.08305021004200841,0.00044374598018627796,interpolado
0.08315003000600119,0.0001396376356845816,interpolado
0.083249849969994,-0.00019606836314573848,interpolado
0.08334966993398678,-0.0005228819589339773,interpolado
0.0834494898979796,-0.0008003130943096039,interpolado
0.08354930986197237,-0.0009878717119019284,interpolado
0.0836491298259652,-0.0010450677543403833,interpolado
0.08374894978995802,-0.0009314111642543103,interpolado
0.0838487697539508,-0.000606411884273145,interpolado
0.08394858971794358,-2.957985702617752e-05,interpolado
0.084,0.000379,original
0.08414822964592919,0.0019768484293131235,interpolado
0.08424804960992202,0.0033136503887974435,interpolado
0.0843478695739148,0.0047696776992201765,interpolado
0.08444768953790761,0.006266880704017673,interpolado
0.08454750950190039,0.007727209746625478,interpolado
0.08464732946589319,0.009072615170479947,interpolado
0.084747149429886,0.010225047319016668,interpolado
0.08484696939387879,0.011106456535671903,interpolado
0.0849467893578716,0.011638793163881419,interpolado
0.085,0.011753,original
0.0851464292858572,0.011424827489664748,interpolado
0.08524624924984998,0.010745047733541,interpolado
0.08534606921384277,0.009782759589784841,interpolado
0.08544588917783558,0.008613449267557506,interpolado
0.08554570914182837,0.007312602976020336,interpolado
0.08564552910582116,0.005955706924334113,interpolado
0.08574534906981393,0.004618247321660346,interpolado
0.08584516903380673,0.0033757103771598117,interpolado
0.08594498899779954,0.0023035822999939847,interpolado
0.086,0.001813,original
0.08614462892578514,0.0009127441767543501,interpolado
0.08624444888977793,0.0005760030107660024,interpolado
0.08634426885377072,0.0004229657011956525,interpolado
0.08644408881776354,0.0004112491659336445,interpolado
0.0865439087817563,0.0004984703228702689,interpolado
0.08664372874574912,0.0006422460898958232,interpolado
0.08674354870974194,0.0008001933849005755,interpolado
0.08684336867373474,0.0009299291257748624,interpolado
0.08694318863772751,0.0009890702304089479,interpolado
0.087,0.000975,original
0.08714282856571313,0.0007591721533632706,interpolado
0.08724264852970592,0.00048157015229160154,interpolado
0.08734246849369873,0.00012881611339485066,interpolado
0.08744228845769153,-0.00027360619588991044,interpolado
0.08754210842168433,-0.0007002130081258139,interpolado
0.08764192838567711,-0.0011255205558757654,interpolado
0.08774174834966993,-0.0015240450717029055,interpolado
0.08784156831366274,-0.0018703027881701911,interpolado
0.0879413882776555,-0.002138809937840608,interpolado
0.088,-0.00225,original
0.08814102820564113,-0.002362079411822722,interpolado
0.08824084816963391,-0.002329791548744655,interpolado
0.08834066813362672,-0.0022278897432465904,interpolado
0.08844048809761951,-0.002076509642649258,interpolado
0.08854030806161234,-0.0018957868942733177,interpolado
0.0886401280256051,-0.001705857145439521,interpolado
0.08873994798959792,-0.0015268560434685192,interpolado
0.0888397679535907,-0.001378919235681061,interpolado
0.08893958791758352,-0.0012821823693978098,interpolado
0.089,-0.001257,original
0.08913922784556912,-0.0013030702690824613,interpolado
0.0892390478095619,-0.0014004082148868582,interpolado
0.0893388677735547,-0.0015247430466253512,interpolado
0.0894386877375475,-0.0016524714352323933,interpolado
0.08953850770154032,-0.0017599900516423847,interpolado
0.08963832766553308,-0.0018236955667897366,interpolado
0.08973814762952591,-0.0018199846516088873,interpolado
0.0898379675935187,-0.0017252539770342581,interpolado
0.0899377875575115,-0.001515900214000244,interpolado
0.09,-0.001317,original
0.09013742748549709,-0.0006872086418283172,interpolado
0.0902372474494899,-0.00010966255817653205,interpolado
0.09033706741348267,0.0005222767470226753,interpolado
0.0904368873774755,0.0011671477222246764,interpolado
0.09053670734146826,0.0017834888158844947,interpolado
0.09063652730546108,0.002329838476457496,interpolado
0.09073634726945387,0.0027647351523987836,interpolado
0.09083616723344669,0.003046717292163523,interpolado
0.09093598719743949,0.0031343233442069837,interpolado
0.091,0.003069,original
0.09113562712542508,0.0025975027380983756,interpolado
0.0912354470894179,0.0020095365360229874,interpolado
0.09133526705341068,0.0012697766323382404,interpolado
0.09143508701740347,0.00042512669856899487,interpolado
0.09153490698139627,-0.000477509593759451,interpolado
0.09163472694538909,-0.001391228573122281,interpolado
0.09173454690938186,-0.002269126567994182,interpolado
0.09183436687337468,-0.003064299906850326,interpolado
0.09193418683736748,-0.003729844918165515,interpolado
0.092,-0.004075,original
0.09213382676535305,-0.0045129127789235645,interpolado
0.09223364672934586,-0.004631221945351616,interpolado
0.09233346669333865,-0.004598253971671755,interpolado
0.09243328665733146,-0.004438010127192031,interpolado
0.09253310662132426,-0.004174491681220565,interpolado
0.09263292658531705,-0.0038316999030653578,interpolado
0.09273274654930984,-0.0034336360620345744,interpolado
0.09283256651330266,-0.0030043014274361802,interpolado
0.09293238647729546,-0.002567697268578303,interpolado
0.093,-0.00228,original
0.09313202640528107,-0.0017593009647226463,interpolado
0.09323184636927385,-0.0014034609779829581,interpolado
0.09333166633326664,-0.0010798349146646563,interpolado
0.09343148629725945,-0.000788089019791059,interpolado
0.09353130626125225,-0.0005278895383853118,interpolado
0.09363112622524505,-0.0002989027154706848,interpolado
0.09373094618923784,-0.00010079479607043047,interpolado
0.09383076615323063,6.676797479227857e-05,interpolado
0.09393058611722344,0.0002041193520941691,interpolado
0.094,0.000282,original
0.09413022604520904,0.0003938168022734431,interpolado
0.09423004600920182,0.000461912661972377,interpolado
0.09432986597319462,0.0005278717370057899,interpolado
0.09442968593718742,0.0006036304387896524,interpolado
0.09452950590118023,0.0007011251787399763,interpolado
0.09462932586517303,0.0008322923682727232,interpolado
0.09472914582916582,0.0010090684188039207,interpolado
0.09482896579315865,0.0012433897417495452,interpolado
0.09492878575715143,0.0015471927485255412,interpolado
0.095,0.001813,original
0.09512842568513703,0.0024022100545565608,interpolado
0.09522824564912984,0.002945570741334097,interpolado
0.09532806561312265,0.0035496002463163293,interpolado
0.09542788557711544,0.004201499926463806,interpolado
0.09552770554110825,0.004888471138737348,interpolado
0.09562752550510104,0.005597715240097414,interpolado
0.09572734546909382,0.006316433587504835,interpolado
0.09582716543308661,0.007031827537920065,interpolado
0.09592698539707945,0.007731098448303941,interpolado
0.096,0.008225,original
0.09612662532506505,0.00903270818709678,interpolado
0.09622644528905783,0.00961923696715418,interpolado
0.0963262652530506,0.010155995391024198,interpolado
0.09642608521704342,0.01063791986932911,interpolado
0.09652590518103622,0.011059946812690942,interpolado
0.096625725145029,0.011417012631731765,interpolado
0.09672554510902182,0.011704053737073799,interpolado
0.09682536507301459,0.011916006539339078,interpolado
0.09692518503700741,0.012047807449149779,interpolado
0.097,0.012091,original
0.097124824964993,0.012049902202239962,interpolado
0.0972246449289858,0.011907017124076536,interpolado
0.09732446489297861,0.011658222106762876,interpolado
0.0974242848569714,0.01129600802138151,interpolado
0.0975241048209642,0.010812865739015142,interpolado
0.09762392478495698,0.010201286130746232,interpolado
0.09772374474894979,0.009453760067657444,interpolado
0.09782356471294258,0.008562778420831505,interpolado
0.0979233846769354,0.007520832061350768,interpolado
0.098,0.006614,original
0.09812302460492098,0.00497193220879935,interpolado
0.0982228445689138,0.003520638905469915,interpolado
0.09832266453290657,0.002016587911846996,interpolado
0.09842248449689937,0.0005097149154196528,interpolado
0.09852230446089218,-0.0009500443963222314,interpolado
0.09862212442488498,-0.0023127543358895863,interpolado
0.09872194438887777,-0.003528479215792568,interpolado
0.09882176435287057,-0.004547283348542042,interpolado
0.09892158431686335,-0.005319231046648344,interpolado
0.099,-0.00572,original
0.09912122424484898,-0.005954380121624889,interpolado
0.09922104420884174,-0.005845953495946323,interpolado
0.09932086417283456,-0.005525087638019661,interpolado
0.09942068413682738,-0.005047589680467756,interpolado
0.09952050410082017,-0.004469266755913554,interpolado
0.09962032406481298,-0.0038459259969797523,interpolado
0.09972014402880577,-0.003233374536289369,interpolado
0.09981996399279859,-0.0026874195064650885,interpolado
0.09991978395679138,-0.0022638680401298604,interpolado
0.1,-0.00205,original
0.10011942388477699,-0.0019760431950948142,interpolado
0.10021924384876978,-0.0020928997406091314,interpolado
0.10031906381276257,-0.002315586189065557,interpolado
0.10041888377675537,-0.0025907296609261814,interpolado
0.10051870374074814,-0.0028649572766532233,interpolado
0.10061852370474098,-0.003084896156708784,interpolado
0.10071834366873375,-0.0031971734215549942,interpolado
0.10081816363272657,-0.003148416191654027,interpolado
0.10091798359671933,-0.0028852515874680466,interpolado
0.101,-0.002471,original
0.10111762352470495,-0.0015363000341719877,interpolado
0.10121744348869774,-0.0004909621519969197,interpolado
0.10131726345269051,0.0007099459181388261,interpolado
0.1014170834166833,0.0019947813947484142,interpolado
0.10151690338067614,0.0032919014963456892,interpolado
0.10161672334466891,0.004529663441443789,interpolado
0.10171654330866171,0.005636424448556549,interpolado
0.1018163632726545,0.006540541736197268,interpolado
0.1019161832366473,0.007170372522879357,interpolado
0.102,0.007435,original
0.10211582316463289,0.007357146920320402,interpolado
0.1022156431286257,0.006933564962043922,interpolado
0.1023154630926185,0.006252336404021415,interpolado
0.10241528305661132,0.005382173105352895,interpolado
0.10251510302060411,0.004391786925137997,interpolado
0.1026149229845969,0.003349889722476859,interpolado
0.10271474294858972,0.002325193356469069,interpolado
0.10281456291258251,0.0013864096862146508,interpolado
0.10291438287657531,0.0006022505708135851,interpolado
0.103,0.000105,original
0.1031140228045609,-0.0002551096834367185,interpolado
0.1032138427685537,-0.0003184981893051579,interpolado
0.1033136627325465,-0.00019184208713571733,interpolado
0.1034134826965393,8.180784024054691e-05,interpolado
0.10351330266053212,0.00045940080999253274,interpolado
0.10361312262452489,0.0008978860392890801,interpolado
0.10371294258851771,0.0013542127452992186,interpolado
0.10381276255251048,0.0017853301451917385,interpolado
0.10391258251650332,0.002148187456135667,interpolado
0.104,0.002376,original
0.10411222244448887,0.002509696560777708,interpolado
0.10421204240848168,0.002482887173085793,interpolado
0.10431186237247447,0.002330226134613531,interpolado
0.10441168233646726,0.002062616599489062,interpolado
0.10451150230046007,0.001690961721840641,interpolado
0.10461132226445288,0.0012261646557963457,interpolado
0.10471114222844567,0.0006791285554844053,interpolado
0.10481096219243846,6.0756575033092566e-05,interpolado
0.10491078215643128,-0.0006180481314295816,interpolado
0.105,-0.001267,original
0.10511042208441687,-0.0021111783806207285,interpolado
0.10521024204840967,-0.002893085582815636,interpolado
0.10531006201240249,-0.0036716040906660335,interpolado
0.10540988197639527,-0.004426235894556198,interpolado
0.10550970194038807,-0.005136482984869987,interpolado
0.1056095219043809,-0.0057818473519916595,interpolado
0.10570934186837369,-0.006341830986305169,interpolado
0.1058091618323665,-0.006795935878194526,interpolado
0.1059089817963593,-0.0071236640180439145,interpolado
0.106,-0.007295,original
0.10610862172434489,-0.007325641820229516,interpolado
0.10620844168833767,-0.007197622776061403,interpolado
0.10630826165233048,-0.006935559246405864,interpolado
0.10640808161632326,-0.006554546146985902,interpolado
0.10650790158031605,-0.006069678393524594,interpolado
0.10660772154430888,-0.005496050901744799,interpolado
0.10670754150830164,-0.004848758587369669,interpolado
0.10680736147229446,-0.0041428963661220225,interpolado
0.10690718143628726,-0.0033935591537249407,interpolado
0.107,-0.002671,original
0.10710682136427284,-0.0018209919913484657,interpolado
0.10720664132826564,-0.001007795291327573,interpolado
0.10730646129225846,-0.00017250912872203664,interpolado
0.10740628125625123,0.0006886080502794874,interpolado
0.10750610122024404,0.0015792977994888162,interpolado
0.10760592118423686,0.00250330167271741,interpolado
0.10770574114822967,0.0034643612237767107,interpolado
0.10780556111222246,0.004466218006478562,interpolado
0.10790538107621526,0.005512613574634262,interpolado
0.108,0.006549,original
0.10810502100420086,0.007743665023850977,interpolado
0.10820484096819366,0.008879854186261197,interpolado
0.10830466093218646,0.009966417099920947,interpolado
0.10840448089617927,0.010953915149231342,interpolado
0.10850430086017206,0.01179290971859406,interpolado
0.10860412082416487,0.01243396219241037,interpolado
0.10870394078815766,0.012827633955081626,interpolado
0.10880376075215044,0.01292448639100935,interpolado
0.10890358071614323,0.012675080884594932,interpolado
0.109,0.012059,original
0.1091032206441288,0.010963802445190216,interpolado
0.10920304060812164,0.009538060860581642,interpolado
0.10930286057211444,0.007833877765801791,interpolado
0.1094026805361072,0.005932375999821882,interpolado
0.10950250050010003,0.0039146784016123315,interpolado
0.10960232046409281,0.0018619078101446127,interpolado
0.10970214042808561,-0.00014481293561090317,interpolado
0.10980196039207842,-0.0020243609966829894,interpolado
0.10990178035607122,-0.0036956135341004856,interpolado
0.11,-0.005058,original
0.11010142028405681,-0.006109521948649429,interpolado
0.11020124024804961,-0.006810715795869752,interpolado
0.11030106021204243,-0.007218784365231817,interpolado
0.11040088017603521,-0.007371482689771018,interpolado
0.11050070014002804,-0.007306565802522573,interpolado
0.11060052010402084,-0.007061788736521814,interpolado
0.11070034006801363,-0.00667490652480396,interpolado
0.1108001600320064,-0.0061836742004043955,interpolado
0.11089997999599922,-0.0056258467963582704,interpolado
0.111,-0.005038,original
0.1110996199239848,-0.0044569163939220295,interpolado
0.11119943988797762,-0.003894151740721663,interpolado
0.11129925985197038,-0.0033614141366391332,interpolado
0.1113990798159632,-0.002869232332176916,interpolado
0.11149889977995597,-0.002428135077837772,interpolado
0.11159871974394879,-0.0020486511241242004,interpolado
0.1116985397079416,-0.0017413092215388917,interpolado
0.11179835967193437,-0.0015166381205844951,interpolado
0.11189817963592717,-0.001385166571763573,interpolado
0.112,-0.001358,original
0.11209781956391278,-0.0014379428455383277,interpolado
0.11219763952790558,-0.0016057963644310579,interpolado
0.11229745949189837,-0.0018332950460504896,interpolado
0.11239727945589116,-0.0020927500029264226,interpolado
0.11249709941988396,-0.0023564723475885258,interpolado
0.11259691938387677,-0.002596773192566606,interpolado
0.11269673934786958,-0.002785963650390363,interpolado
0.11279655931186239,-0.0028963548335895163,interpolado
0.11289637927585519,-0.0029002578546938355,interpolado
0.113,-0.002762,original
0.11309601920384078,-0.0024873541467284694,interpolado
0.11319583916783359,-0.002076838740943827,interpolado
0.11329565913182639,-0.0015748576850877125,interpolado
0.11339547909581918,-0.0010178316452040513,interpolado
0.11349529905981197,-0.0004421812873367965,interpolado
0.11359511902380481,0.00011567272247034005,interpolado
0.11369493898779758,0.0006193097181733397,interpolado
0.11379475895179039,0.0010323090337284705,interpolado
0.11389457891578318,0.0013182500030917848,interpolado
0.114,0.001442,original
0.11409421884376877,0.0013764669580753127,interpolado
0.11419403880776156,0.0011647518071530231,interpolado
0.11429385877175437,0.0008632722937045011,interpolado
0.11439367873574717,0.0005297369756784229,interpolado
0.11449349869973997,0.00022185441102329483,interpolado
0.11459331866373275,-2.6668423122267132e-06,interpolado
0.11469313862772557,-8.611822637953582e-05,interpolado
0.11479295859171834,2.9208816769948085e-05,interpolado
0.11489277855571114,0.0004010228450847817,interpolado
0.115,0.001152,original
0.11509241848369674,0.0021237792305529514,interpolado
0.11519223844768953,0.0034419699369384917,interpolado
0.11529205841168236,0.0049393006132227,interpolado
0.11539187837567515,0.00651345646430114,interpolado
0.11549169833966791,0.008062122695070204,interpolado
0.11559151830366074,0.009482984510425624,interpolado
0.11569133826765354,0.010673727115263197,interpolado
0.11579115823164633,0.011532035714479213,interpolado
0.11589097819563912,0.011955595512969408,interpolado
0.116,0.011801,original
0.11609061812362471,0.011115977351416517,interpolado
0.11619043808761752,0.009843078608032156,interpolado
0.1162902580516103,0.008135722659423283,interpolado
0.11639007801560312,0.006106264707526917,interpolado
0.11648989797959591,0.003867059954279212,interpolado
0.11658971794358872,0.0015304636016174788,interpolado
0.11668953790758153,-0.0007911691485222208,interpolado
0.11678935787157434,-0.002985483094202838,interpolado
0.11688917783556708,-0.0049401230334874,interpolado
0.117,-0.006693,original
0.11708881776355269,-0.007698843381179292,interpolado
0.1171886377275455,-0.008413776919565807,interpolado
0.1172884576915383,-0.008727463295225314,interpolado
0.11738827765553113,-0.00867986541656733,interpolado
0.1174880976195239,-0.008310946192001203,interpolado
0.11758791758351668,-0.007660668529936482,interpolado
0.11768773754750952,-0.006768995338782415,interpolado
0.1177875575115023,-0.005675889526948664,interpolado
0.11788737747549512,-0.004421314002844354,interpolado
0.118,-0.002862,original
0.11808701740348071,-0.0015874851562940506,interpolado
0.11818683736747351,-8.720748976435844e-05,interpolado
0.11828665733146627,0.00141672754841084,interpolado
0.11838647729545909,0.002885446565040413,interpolado
0.11848629725945188,0.00428007616693259,interpolado
0.11858611722344467,0.005561742960895649,interpolado
0.11868593718743749,0.006691573553738392,interpolado
0.11878575715143025,0.007630694552268955,interpolado
0.11888557711542305,0.008340232563296053,interpolado
0.119,0.008821,original
0.11908521704340864,0.008923009300721258,interpolado
0.11918503700740145,0.008783934233465998,interpolado
0.11928485697139425,0.008401774497238652,interpolado
0.11938467693538708,0.007814255567774625,interpolado
0.11948449689937987,0.007059102920809589,interpolado
0.11958431686337266,0.006174042032078846,interpolado
0.11968413682736548,0.005196798377318009,interpolado
0.11978395679135825,0.004165097432262736,interpolado
0.11988377675535104,0.003116664672648257,interpolado
0.12,0.001925,original
0.12008341668333666,0.0011183903140822183,interpolado
0.12018323664732943,0.0002258095240114185,interpolado
0.12028305661132226,-0.0005725230896553046,interpolado
0.12038287657531507,-0.0012606299049786082,interpolado
0.12048269653930785,-0.0018225333000192092,interpolado
0.12058251650330064,-0.002242255652838054,interpolado
0.12068233646729346,-0.002503819341495818,interpolado
0.12078215643128627,-0.0025912467440533625,interpolado
0.12088197639527908,-0.0024885602385714255,interpolado
0.121,-0.0021,original
0.12108161632326465,-0.0016552662730531294,interpolado
0.12118143628725746,-0.000949596532058159,interpolado
0.12128125625125029,-0.00011622151898718812,interpolado
0.12138107621524306,0.0007913399793485161,interpolado
0.12148089617923587,0.0017195691761381577,interpolado
0.12158071614322867,0.0026149472845705614,interpolado
0.12168053610722147,0.0034239555178345745,interpolado
0.12178035607121429,0.004093075089119372,interpolado
0.12188017603520707,0.004568787211613736,interpolado
0.122,0.004809,original
0.12207981596319266,0.004735287372198432,interpolado
0.12217963592718545,0.004407149229532147,interpolado
0.12227945589117825,0.0038695022221287498,interpolado
0.12237927585517104,0.0031788374650898454,interpolado
0.12247909581916386,0.002391646073516712,interpolado
0.1225789157831566,0.001564419162510909,interpolado
0.12267873574714942,0.0007536478471740187,interpolado
0.12277855571114227,1.5823242607284455e-05,interpolado
0.122878375675135,-0.0005925635360876323,interpolado
0.123,-0.001077,original
0.12307801560312064,-0.0012029870124581866,interpolado
0.12317783556711343,-0.0011700861286350862,interpolado
0.12327765553110624,-0.0009592902059531126,interpolado
0.12337747549509903,-0.0006137438058709748,interpolado
0.12347729545909181,-0.00017659148984722846,interpolado
0.12357711542308461,0.00030902218065936404,interpolado
0.12367693538707741,0.0007999526441902869,interpolado
0.12377675535107023,0.0012530553392868207,interpolado
0.12387657531506302,0.001625185704490266,interpolado
0.124,0.001909,original
0.12407621524304864,0.0019585618551568474,interpolado
0.1241760352070414,0.0018811086450314716,interpolado
0.12427585517103422,0.0016597079461471505,interpolado
0.124375675135027,0.0013133651293148918,interpolado
0.12447549509901981,0.0008610855653457933,interpolado
0.12457531506301257,0.000321874625051009,interpolado
0.1246751350270054,-0.0002852623207585391,interpolado
0.12477495499099822,-0.0009413199012716135,interpolado
0.12487477495499101,-0.0016272927456773226,interpolado
0.125,-0.002501,original
0.12507441488297663,-0.0030127669732616753,interpolado
0.1251742348469694,-0.0036721362782871163,interpolado
0.12527405481096218,-0.004280450710250364,interpolado
0.125373874774955,-0.004815869791334863,interpolado
0.12547369473894782,-0.005256553043724249,interpolado
0.12557351470294065,-0.005580659989602161,interpolado
0.1256733346669334,-0.005766350151152197,interpolado
0.1257731546309262,-0.005791783050558105,interpolado
0.125872974594919,-0.005635118210003445,interpolado
0.126,-0.005138,original
0.1260726145229046,-0.004692435815807841,interpolado
0.1261724344868974,-0.00391174467978904,interpolado
0.1262722544508902,-0.002977432236547246,interpolado
0.126372074414883,-0.0019347152398876465,interpolado
0.1264718943788758,-0.0008288104436152313,interpolado
0.12657171434286857,0.00029506539846469885,interpolado
0.12667153430686137,0.001391695532547786,interpolado
0.12677135427085418,0.0024158632048287268,interpolado
0.12687117423484698,0.003322351661502532,interpolado
0.127,0.004245,original
0.12707081416283256,0.004604952999702461,interpolado
0.1271706341268254,0.004932948352910541,interpolado
0.12727045409081816,0.005063777860835836,interpolado
0.12737027405481097,0.005011531700958952,interpolado
0.1274700940188038,0.00479030005076049,interpolado
0.12756991398279655,0.00441417308772118,interpolado
0.12766973394678935,0.003897240989321408,interpolado
0.12776955391078218,0.0032535939330418633,interpolado
0.12786937387477496,0.0024973220963631464,interpolado
0.128,0.001361,original
0.12806901380276056,0.0007042537088113238,interpolado
0.1281688337667533,-0.00029186160915633803,interpolado
0.12826865373074614,-0.0013138743128372355,interpolado
0.12836847369473897,-0.0023297404620765965,interpolado
0.12846829365873175,-0.0033074161167196445,interpolado
0.12856811362272455,-0.004214857336611367,interpolado
0.12866793358671735,-0.005020020181597499,interpolado
0.12876775355071016,-0.005690860711523004,interpolado
0.12886757351470296,-0.006195334986233108,interpolado
0.129,-0.006553,original
0.12906721344268854,-0.006580568088632245,interpolado
0.12916703340668137,-0.0064447443433141,interpolado
0.12926685337067417,-0.006131425139057986,interpolado
0.12936667333466698,-0.005678514118812559,interpolado
0.12946649329865975,-0.005123914925526641,interpolado
0.12956631326265253,-0.004505531202148572,interpolado
0.12966613322664536,-0.0038612665916271526,interpolado
0.12976595319063816,-0.0032290247369110383,interpolado
0.12986577315463096,-0.002646709280948886,interpolado
0.13,-0.002009,original
0.13006541308261654,-0.0017811736518962046,interpolado
0.13016523304660935,-0.0015413119679100757,interpolado
0.13026505301060212,-0.001421870713202247,interpolado
0.13036487297459495,-0.0014117472957409028,interpolado
0.13046469293858773,-0.0014998391234941901,interpolado
0.13056451290258048,-0.0016750436044303452,interpolado
0.13066433286657328,-0.0019262581465175417,interpolado
0.1307641528305661,-0.0022423801577239645,interpolado
0.13086397279455894,-0.0026123070460177976,interpolado
0.131,-0.003183,original
0.1310636127225445,-0.0034686772336819166,interpolado
0.13116343268653727,-0.00392561786399989,interpolado
0.1312632526505301,-0.00437343555330824,interpolado
0.1313630726145229,-0.004789717786031798,interpolado
0.13146289257851568,-0.005152052046595307,interpolado
0.13156271254250848,-0.005438025819423805,interpolado
0.13166253250650128,-0.005625226588942018,interpolado
0.1317623524704941,-0.005691241839574777,interpolado
0.13186217243448692,-0.005613659055746917,interpolado
0.132,-0.005229,original
0.13206181236247247,-0.00494084931496233,interpolado
0.1321616323264653,-0.004345260186067243,interpolado
0.1322614522904581,-0.0036309861616132524,interpolado
0.13236127225445085,-0.0028463660099362883,interpolado
0.13246109221844365,-0.0020397384993716123,interpolado
0.1325609121824365,-0.001259442398255143,interpolado
0.1326607321464293,-0.000553816474922588,interpolado
0.1327605521104221,2.8800502290346518e-05,interpolado
0.13286037207441484,0.0004400697650478651,interpolado
0.133,0.000636,original
0.13306001200240045,0.0005591993935095467,interpolado
0.13315983196639328,0.00023776957360491282,interpolado
0.13325965193038608,-0.0002719891847253521,interpolado
0.13335947189437886,-0.0009082647726742358,interpolado
0.13345929185837166,-0.0016092450814352776,interpolado
0.13355911182236446,-0.0023131180022014923,interpolado
0.13365893178635727,-0.0029580714261660535,interpolado
0.13375875175035007,-0.0034822932445221348,interpolado
0.1338585717143429,-0.0038239713484628495,interpolado
0.134,-0.003875,original
0.13405821164232848,-0.0037163177743617694,interpolado
0.1341580316063213,-0.003213048929337083,interpolado
0.13425785157031406,-0.002465336228397958,interpolado
0.13435767153430683,-0.0015284419913079116,interpolado
0.13445749149829964,-0.0004576285378296464,interpolado
0.13455731146229247,0.0006918418122733727,interpolado
0.13465713142628524,0.0018647067392379062,interpolado
0.13475695139027807,0.003005703923300726,interpolado
0.13485677135427082,0.00405957104469832,interpolado
0.135,0.005309,original
0.13505641128225646,0.005687511800548891,interpolado
0.13515623124624926,0.00620197608697824,interpolado
0.13525605121024206,0.006545932081634624,interpolado
0.13535587117423484,0.006752078865424057,interpolado
0.13545569113822764,0.0068531155192522565,interpolado
0.13555551110222047,0.006881741124025055,interpolado
0.13565533106621325,0.006870654760648285,interpolado
0.13575515103020602,0.006852555510027787,interpolado
0.13585497099419885,0.006860142453069374,interpolado
0.136,0.006984,original
0.13605461092218443,0.0070814561304147535,interpolado
0.13615443088617726,0.00732522687917932,interpolado
0.13625425085017004,0.007628255911809367,interpolado
0.13635407081416284,0.007960399184241332,interpolado
0.13645389077815565,0.008291512652411404,interpolado
0.13655371074214845,0.008591452272255847,interpolado
0.13665353070614122,0.008830073999710924,interpolado
0.13675335067013403,0.008977233790712882,interpolado
0.13685317063412686,0.009002787601198065,interpolado
0.137,0.008756,original
0.13705281056211244,0.008570201497352381,interpolado
0.13715263052610524,0.008089422517749162,interpolado
0.13725245049009802,0.0074718064971339105,interpolado
0.13735227045409082,0.006756104821015305,interpolado
0.13745209041808362,0.005981068874902518,interpolado
0.13755191038207643,0.005185450044304574,interpolado
0.1376517303460692,0.004407999714730496,interpolado
0.137751550310062,0.0036874692716894948,interpolado
0.1378513702740548,0.003062610100690185,interpolado
0.138,0.002393,original
0.13805101020204044,0.0022532541572873968,interpolado
0.13815083016603322,0.0021067384205391703,interpolado
0.13825065013002602,0.002098331470180932,interpolado
0.1383504700940188,0.0021922867529733793,interpolado
0.13845029005801163,0.002352857715677146,interpolado
0.1385501100220044,0.002544297805052868,interpolado
0.1386499299859972,0.0027308604678611334,interpolado
0.13874974994999,0.0028767991508626863,interpolado
0.1388495699139828,0.0029463673008181092,interpolado
0.13894938987797562,0.002903818364488036,interpolado
0.139,0.002828,original
0.13914902980596117,0.0023755761404524013,interpolado
0.139248849769954,0.0019145106621760528,interpolado
0.1393486697339468,0.0013610202994266045,interpolado
0.13944848969793958,0.0007446129434744628,interpolado
0.1395483096619324,9.479648559003893e-05,interpolado
0.13964812962592518,-0.0005589211829560803,interpolado
0.13974794958991799,-0.0011870321708938546,interpolado
0.13984776955391082,-0.0017600285869526942,interpolado
0.13994758951790356,-0.002248402539862187,interpolado
0.14,-0.002461,original
0.14014722944588917,-0.002877953557336599,interpolado
0.14024704940988197,-0.0030274187295816807,interpolado
0.14034686937387478,-0.0030885490632231285,interpolado
0.14044668933786755,-0.0030780271735687064,interpolado
0.14054650930186036,-0.0030125356759262067,interpolado
0.14064632926585316,-0.0029087571856033535,interpolado
0.1407461492298459,-0.0027833743179079234,interpolado
0.14084596919383874,-0.0026530696881476843,interpolado
0.14094578915783154,-0.0025345259116304007,interpolado
0.141,-0.002481,original
0.14114542908581712,-0.0023862689466758054,interpolado
0.14124524904980995,-0.002353064507323943,interpolado
0.14134506901380273,-0.002335511531248077,interpolado
0.14144488897779556,-0.0023247158917104513,interpolado
0.14154470894178833,-0.002311783461973314,interpolado
0.14164452890578116,-0.002287820115298904,interpolado
0.14174434886977394,-0.0022439317249494674,interpolado
0.14184416883376677,-0.0021712241641872495,interpolado
0.14194398879775955,-0.0020608033062744927,interpolado
0.142,-0.001979,original
0.14214362872574518,-0.001699753120185844,interpolado
0.14224344868973796,-0.0014557503769097066,interpolado
0.14234326865373076,-0.001180249853102178,interpolado
0.14244308861772356,-0.0008814931818952747,interpolado
0.14254290858171637,-0.0005677219964211013,interpolado
0.14264272854570914,-0.0002471779298114986,interpolado
0.14274254850970194,7.189738480143217e-05,interpolado
0.14284236847369475,0.0003812623142856739,interpolado
0.14294218843768755,0.0006726752255092107,interpolado
0.143,0.00083,original
0.14314182836567316,0.001169531102734772,interpolado
0.14324164832966593,0.0013610027636071147,interpolado
0.14334146829365874,0.0015058735227241782,interpolado
0.14344128825765154,0.0015976852791291852,interpolado
0.14354110822164431,0.0016299799318654298,interpolado
0.14364092818563715,0.0015962993799761198,interpolado
0.14374074814962995,0.001490185522504496,interpolado
0.14384056811362275,0.0013051802584937995,interpolado
0.14394038807761556,0.0010348254869873594,interpolado
0.144,0.00083,original
0.14414002800560116,0.00022840406266050168,interpolado
0.14423984796959394,-0.0002716623115815633,interpolado
0.14433966793358677,-0.0007984679626156461,interpolado
0.14443948789757952,-0.001323327643082355,interpolado
0.1445393078615723,-0.0018175561056227407,interpolado
0.14463912782556507,-0.0022524681028774094,interpolado
0.1447389477895579,-0.002599378387487115,interpolado
0.14483876775355073,-0.0028296017120926077,interpolado
0.14493858771754345,-0.0029144528293346414,interpolado
0.145,-0.002882,original
0.14513822764552908,-0.002564675729668227,interpolado
0.1452380476095219,-0.002170184412284412,interpolado
0.14533786757351466,-0.0016846606843332983,interpolado
0.14543768753750744,-0.0011503195609182532,interpolado
0.14553750750150027,-0.0006093760571421879,interpolado
0.14563732746549307,-0.00010404518810846157,interpolado
0.14573714742948587,0.0003234580310797091,interpolado
0.14583696739347865,0.0006309185853191073,interpolado
0.14593678735747145,0.0007761214595065017,interpolado
0.146,0.000765,original
0.14613642728545706,0.00044683725296772967,interpolado
0.14623624724944986,2.6772569466698884e-06,interpolado
0.14633606721344267,-0.0005726763572300739,interpolado
0.14643588717743547,-0.0012369660076870684,interpolado
0.14653570714142825,-0.0019479341125484043,interpolado
0.14663552710542108,-0.0026633230899383185,interpolado
0.14673534706941385,-0.003340875357981046,interpolado
0.14683516703340668,-0.00393833333480067,interpolado
0.14693498699739949,-0.004413439438521769,interpolado
0.147,-0.004637,original
0.1471346269253851,-0.004858596974603154,interpolado
0.1472344468893779,-0.004845954961433474,interpolado
0.14733426685337067,-0.004720182737593827,interpolado
0.14743408681736345,-0.0045149166998567835,interpolado
0.14753390678135628,-0.004263793244995014,interpolado
0.14763372674534908,-0.004000448769781158,interpolado
0.14773354670934186,-0.0037585196709878643,interpolado
0.14783336667333463,-0.0035716423453878206,interpolado
0.14793318663732744,-0.0034734531897535606,interpolado
0.148,-0.003474,original
0.148132826565313,-0.003655016443572649,interpolado
0.14823264652930587,-0.0039255756218869045,interpolado
0.14833246649329865,-0.00428482862249947,interpolado
0.14843228645729142,-0.0047086857652749925,interpolado
0.14853210642128423,-0.0051730573700778295,interpolado
0.14863192638527706,-0.005653853756772418,interpolado
0.14873174634926986,-0.006126985245223203,interpolado
0.14883156631326264,-0.006568362155294509,interpolado
0.14893138627725544,-0.0069538948068510326,interpolado
0.149,-0.007174,original
0.14913102620524105,-0.00747022180274371,interpolado
0.14923084616923382,-0.007584587539562278,interpolado
0.14933066613322665,-0.0076029076561675134,interpolado
0.14943048609721943,-0.007525375420485366,interpolado
0.14953030606121223,-0.007352184100441842,interpolado
0.14963012602520506,-0.007083526963962937,interpolado
0.14972994598919784,-0.006719597278974762,interpolado
0.14982976595319059,-0.006260588313403116,interpolado
0.14992958591718342,-0.0057066933351740895,interpolado
0.15,-0.005259,original
0.15012922584516902,-0.004324021046276374,interpolado
0.1502290458091618,-0.003527753940430342,interpolado
0.1503288657731546,-0.002694499373385067,interpolado
0.1504286857371474,-0.0018493463461649526,interpolado
0.15052850570114024,-0.001017383859794187,interpolado
0.150628325665133,-0.00022370091529695532,interpolado
0.15072814562912576,0.0005066134863023613,interpolado
0.1508279655931186,0.001148470343979985,interpolado
0.1509277855571114,0.001676780656711518,interpolado
0.151,0.001974,original
0.15112742548509703,0.002305750987851084,interpolado
0.1512272454490898,0.0024052337066063694,interpolado
0.15132706541308263,0.002378441728886128,interpolado
0.15142688537707538,0.002238777513552625,interpolado
0.1515267053410682,0.0019996435194681765,interpolado
0.15162652530506102,0.0016744422054950944,interpolado
0.15172634526905382,0.0012765760304958127,interpolado
0.1518261652330466,0.0008194474533324205,interpolado
0.15192598519703943,0.0003164589328673315,interpolado
0.152,-7.82e-05,original
0.15212562512502495,-0.0007722460004564982,interpolado
0.15222544508901778,-0.0013264629287155182,interpolado
0.1523252650530106,-0.0018644858406903113,interpolado
0.15242508501700336,-0.0023691734860862637,interpolado
0.1525249049809962,-0.0028233846146087675,interpolado
0.15262472494498897,-0.003209977975963111,interpolado
0.1527245449089818,-0.0035118123198549034,interpolado
0.1528243648729746,-0.0037117463959894137,interpolado
0.15292418483696738,-0.0037926389540720302,interpolado
0.153,-0.003764,original
0.15312382476495298,-0.003544466404788216,interpolado
0.15322364472894576,-0.003242345332794934,interpolado
0.15332346469293856,-0.0028634083879194934,interpolado
0.15342328465693136,-0.002439963812289236,interpolado
0.1535231046209242,-0.0020043198480315023,interpolado
0.15362292458491694,-0.001588784737273741,interpolado
0.1537227445489098,-0.0012256667221430555,interpolado
0.15382256451290258,-0.0009472740447669036,interpolado
0.1539223844768954,-0.0007859149472726273,interpolado
0.154,-0.000762,original
0.154122024404881,-0.0009195299539377569,interpolado
0.15422184436887376,-0.0011829015389992542,interpolado
0.15432166433286656,-0.0015173474629987416,interpolado
0.15442148429685937,-0.0018763473724664745,interpolado
0.15452130426085214,-0.002213380913932708,interpolado
0.15462112422484495,-0.002481927733927639,interpolado
0.15472094418883775,-0.0026354674789816797,interpolado
0.15482076415283055,-0.0026274797956250037,interpolado
0.15492058411682336,-0.002411444330387865,interpolado
0.155,-0.00206,original
0.15512022404480894,-0.0012006273755149127,interpolado
0.15522004400880174,-0.0002428541986631359,interpolado
0.15531986397279454,0.0008707400301059478,interpolado
0.15541968393678737,0.002078570424464611,interpolado
0.15551950390078015,0.0033190520980847845,interpolado
0.15561932386477295,0.004530600164639441,interpolado
0.15571914382876575,0.0056516297378005126,interpolado
0.15581896379275853,0.006620555931240268,interpolado
0.15591878375675133,0.007375793858630987,interpolado
0.156,0.00779,original
0.15611842368473697,0.008028230706704421,interpolado
0.15621824364872974,0.007927328592993414,interpolado
0.15631806361272255,0.007597098329572453,interpolado
0.15641788357671535,0.007081472107257112,interpolado
0.15651770354070813,0.006424382116863165,interpolado
0.15661752350470093,0.005669760549205806,interpolado
0.1567173434686937,0.004861539595100776,interpolado
0.15681716343268653,0.0040436514453636475,interpolado
0.15691698339667934,0.003260028290809995,interpolado
0.157,0.002666,original
0.15711662332466492,0.001953737329887686,interpolado
0.15721644328865772,0.001441763313801558,interpolado
0.15731626325265052,0.0009964632656768778,interpolado
0.1574160832166433,0.0005956727261890412,interpolado
0.1575159031806361,0.00021722723601355024,interpolado
0.1576157231446289,-0.00016103766417440292,interpolado
0.1577155431086217,-0.0005612864336993138,interpolado
0.1578153630726145,-0.0010056835318857853,interpolado
0.1579151830366073,-0.0015163934180582673,interpolado
0.158,-0.002019,original
0.1581148229645929,-0.002808663381693078,interpolado
0.1582146429285857,-0.00355865510004376,interpolado
0.15831446289257853,-0.0043216699490075585,interpolado
0.1584142828565713,-0.005053859526920014,interpolado
0.15851410282056413,-0.005711375432117277,interpolado
0.1586139227845569,-0.006250369262934874,interpolado
0.15871374274854974,-0.006626992617708539,interpolado
0.1588135627125425,-0.006797397094774009,interpolado
0.1589133826765353,-0.00671773429246708,interpolado
0.159,-0.006412,original
0.15911302260452093,-0.005659185458702825,interpolado
0.15921284256851373,-0.00471598528214222,interpolado
0.1593126625325065,-0.0035797558582430942,interpolado
0.15941248249649928,-0.0023156557286750055,interpolado
0.15951230246049208,-0.0009888434351064315,interpolado
0.1596121224244849,0.00033552248079309657,interpolado
0.15971194238847772,0.0015922834773543833,interpolado
0.1598117623524705,0.0027162810129082353,interpolado
0.15991158231646324,0.0036423565457852315,interpolado
0.16,0.004245,original
0.16011122224444888,0.0046659068289934495,interpolado
0.16021104220844165,0.0047577211306002705,interpolado
0.16031086217243448,0.004627565730741761,interpolado
0.16041068213642726,0.0043221841232712445,interpolado
0.16051050210042006,0.003888319802041752,interpolado
0.16061032206441286,0.0033727162609065637,interpolado
0.16071014202840567,0.002822116993718892,interpolado
0.16080996199239847,0.0022832654943320974,interpolado
0.16090978195639127,0.0018029052565990832,interpolado
0.161,0.001458,original
0.16110942188437688,0.0011904328409799542,interpolado
0.16120924184836968,0.00108091550884207,interpolado
0.16130906181236243,0.0010812816646586572,interpolado
0.16140888177635526,0.0011735947900391112,interpolado
0.16150870174034807,0.001339918366592836,interpolado
0.16160852170434087,0.0015623158759292212,interpolado
0.1617083416683337,0.0018228507996576576,interpolado
0.16180816163232645,0.0021035866193874556,interpolado
0.16190798159631928,0.0023865868167281664,interpolado
0.162,0.002634,original
0.16210762152430486,0.0028904592580757177,interpolado
0.16220744148829772,0.0030900389597705775,interpolado
0.16230726145229044,0.003248243078354404,interpolado
0.16240708141628327,0.0033606596376810974,interpolado
0.1625069013802761,0.003422876661604417,interpolado
0.16260672134426885,0.0034304821739781716,interpolado
0.1627065413082617,0.0033790641986561733,interpolado
0.16280636127225448,0.0032642107594922725,interpolado
0.16290618123624725,0.003081509880340215,interpolado
0.163,0.002844,original
0.1631058211642329,0.002500834829948651,interpolado
0.1632056411282257,0.00212562475320383,interpolado
0.16330546109221844,0.0017263061400011577,interpolado
0.16340528105621127,0.0013282646963433857,interpolado
0.16350510102020407,0.0009568861282336039,interpolado
0.16360492098419685,0.0006375561416747941,interpolado
0.16370474094818963,0.0003956604426699914,interpolado
0.16380456091218243,0.000256584737222037,interpolado
0.16390438087617523,0.0002457147313339916,interpolado
0.164,0.000379,original
0.16410402080416084,0.0006978526337938882,interpolado
0.1642038407681536,0.0011437725769769384,interpolado
0.1643036607321464,0.0016864611790231088,interpolado
0.1644034806961392,0.0022861844673389025,interpolado
0.16450330066013202,0.002903208469330926,interpolado
0.16460312062412483,0.0034977992124057894,interpolado
0.1647029405881176,0.004030222723969964,interpolado
0.1648027605521104,0.004460745031430364,interpolado
0.1649025805161032,0.004749632162193437,interpolado
0.165,0.004857,original
0.16510222044408876,0.004758027382723064,interpolado
0.16520204040808162,0.004480813965907817,interpolado
0.1653018603720744,0.004066579564519712,interpolado
0.1654016803360672,0.003556393662565959,interpolado
0.16550150030006006,0.002991325744053707,interpolado
0.16560132026405278,0.0024124452929901114,interpolado
0.1657011402280456,0.001860821793382468,interpolado
0.1658009601920384,0.0013775247292376154,interpolado
0.1659007801560312,0.0010036235845628629,interpolado
0.166,0.000781,original
0.16610042008401682,0.0007358618464028551,interpolado
0.16620024004800957,0.0008504777477282493,interpolado
0.16630006001200237,0.0010918827668405476,interpolado
0.16639987997599523,0.0014279241258905492,interpolado
0.166499699939988,0.0018264490470290646,interpolado
0.16659951990398078,0.002255304752406783,interpolado
0.16669933986797358,0.002682338464174761,interpolado
0.1667991598319664,0.003075397404483693,interpolado
0.16689897979595922,0.003402328795484389,interpolado
0.167,0.003633,original
0.1670986197239448,0.0037385766857638853,interpolado
0.16719843968793757,0.003741238920138278,interpolado
0.1672982596519304,0.003665166679803509,interpolado
0.1673980796159232,0.003536560099019166,interpolado
0.16749789957991598,0.0033816193120448455,interpolado
0.16759771954390879,0.00322654445314018,interpolado
0.16769753950790156,0.00309753565656467,interpolado
0.1677973594718944,0.003020793056577953,interpolado
0.16789717943588717,0.0030225167874396207,interpolado
0.168,0.003134,original
0.16809681936387277,0.003356583369810413,interpolado
0.16819663932786558,0.003680225577852094,interpolado
0.16829645929185838,0.004063039785703617,interpolado
0.16839627925585118,0.004468231886352575,interpolado
0.16849609921984396,0.004859007772786565,interpolado
0.1685959191838368,0.005198573337993099,interpolado
0.16869573914782957,0.005450134474959966,interpolado
0.1687955591118224,0.0055768970766746605,interpolado
0.1688953790758152,0.005542067036124776,interpolado
0.169,0.005292,original
0.1690950190038008,0.0048518699113965225,interpolado
0.16919483896779358,0.004198517333363623,interpolado
0.16929465893178638,0.0033914180324439926,interpolado
0.1693944788957792,0.002473199001590629,interpolado
0.16949429885977196,0.0014864872337567994,interpolado
0.16959411882376477,0.00047390972189494064,interpolado
0.1696939387877576,-0.0005219065410416876,interpolado
0.1697937587517504,-0.001458334562100094,interpolado
0.16989357871574312,-0.002292747348327284,interpolado
0.17,-0.003022,original
0.17009321864372873,-0.0034938037245407193,interpolado
0.17019303860772153,-0.003835632567534249,interpolado
0.17029285857171436,-0.004030090253516964,interpolado
0.17039267853570716,-0.004099265719863892,interpolado
0.17049249849969994,-0.004065247903950087,interpolado
0.17059231846369274,-0.00395012574315055,interpolado
0.17069213842768555,-0.0037759881748403138,interpolado
0.17079195839167835,-0.0035649241363944046,interpolado
0.17089177835567113,-0.0033390225651878536,interpolado
0.171,-0.003103,original
0.17109141828365676,-0.0029276885384430656,interpolado
0.17119123824764956,-0.0027622950996845017,interpolado
0.17129105821164234,-0.002619929189748082,interpolado
0.17139087817563514,-0.0024963252969808594,interpolado
0.17149069813962792,-0.0023872179097299178,interpolado
0.17159051810362075,-0.0022883415163422504,interpolado
0.1716903380676135,-0.0021954306051649437,interpolado
0.1717901580316063,-0.0021042196645450523,interpolado
0.1718899779955991,-0.0020104431828296566,interpolado
0.172,-0.001899,original
0.1720896179235847,-0.0017995281731617754,interpolado
0.17218943788757748,-0.0016842569082576048,interpolado
0.1722892578515703,-0.001571334006447701,interpolado
0.17238907781556306,-0.0014680736809471351,interpolado
0.1724888977795559,-0.0013817901449708937,interpolado
0.17258871774354867,-0.0013197976117340518,interpolado
0.17268853770754145,-0.0012894102944516546,interpolado
0.1727883576715343,-0.0012979424063387474,interpolado
0.17288817763552702,-0.001352708160610353,interpolado
0.173,-0.001478,original
0.17308781756351269,-0.0016274407712199006,interpolado
0.17318763752750552,-0.0018406587793034018,interpolado
0.1732874574914983,-0.0020837060478792477,interpolado
0.1733872774554911,-0.0023396057921438278,interpolado
0.1734870974194839,-0.002591381227293751,interpolado
0.17358691738347673,-0.0028220555685254094,interpolado
0.1736867373474695,-0.0030146520310352655,interpolado
0.1737865573114623,-0.003152193830019782,interpolado
0.17388637727545506,-0.0032177041806754144,interpolado
0.174,-0.003183,original
0.17408601720344072,-0.0030676760643538214,interpolado
0.17418583716743352,-0.0028420539971047766,interpolado
0.1742856571314263,-0.002528037220927361,interpolado
0.17438547709541907,-0.002136335060198681,interpolado
0.17448529705941188,-0.0016776568392955088,interpolado
0.17458511702340473,-0.0011627118825949278,interpolado
0.17468493698739748,-0.0006022095144739277,interpolado
0.17478475695139026,-6.859059309667322e-06,interpolado
0.17488457691538306,0.0006126301585211982,interpolado
0.175,0.001345,original
0.17508421684336867,0.0018813267636468704,interpolado
0.17518403680736147,0.0025102895595609308,interpolado
0.1752838567713543,0.003123117522429299,interpolado
0.17538367673534705,0.003710491857436412,interpolado
0.17548349669933988,0.004263093769766194,interpolado
0.1755833166633327,0.0047716044646027396,interpolado
0.1756831366273255,0.00522670514713014,interpolado
0.17578295659131826,0.005619077022532397,interpolado
0.17588277655531107,0.005939401295993823,interpolado
0.176,0.006211,original
0.1760824164832967,0.006327452721048113,interpolado
0.17618223644728948,0.006383774860096929,interpolado
0.17628205641128225,0.0063467495489787805,interpolado
0.17638187637527503,0.006215808476069564,interpolado
0.17648169633926786,0.0059903833297451975,interpolado
0.17658151630326066,0.005669905798381599,interpolado
0.17668133626725346,0.005253807570354686,interpolado
0.17678115623124624,0.004741520334040536,interpolado
0.17688097619523904,0.004132475777814781,interpolado
0.177,0.003279,original
0.17708061612322462,0.002624409568276808,interpolado
0.17718043608721745,0.0017479101310174077,interpolado
0.17728025605121023,0.0008252559598305578,interpolado
0.177380076015203,-0.00011486954913942835,interpolado
0.17747989597919578,-0.001043782999747465,interpolado
0.1775797159431886,-0.00193280099584872,interpolado
0.17767953590718139,-0.00275324014129814,interpolado
0.1777793558711742,-0.0034764170399513563,interpolado
0.177879175835167,-0.004073648295663297,interpolado
0.178,-0.004587,original
0.17807881576315263,-0.00477813573141344,interpolado
0.17817863572714537,-0.004853052981807054,interpolado
0.1782784556911382,-0.004743905253415368,interpolado
0.178378275655131,-0.00445364465974512,interpolado
0.17847809561912384,-0.003985223314303095,interpolado
0.17857791558311664,-0.0033415933305960765,interpolado
0.1786777355471094,-0.0025257068221310967,interpolado
0.17877755551110222,-0.0015405159024144892,interpolado
0.17887737547509502,-0.0003889726849532387,interpolado
0.179,0.001249,original
0.1790770154030806,0.0023959636209757986,interpolado
0.17917683536707338,0.0039688984741958686,interpolado
0.1792766553310662,0.005571437312472167,interpolado
0.179376475295059,0.0071301020161072225,interpolado
0.17947629525905184,0.008571414465403993,interpolado
0.17957611522304462,0.00982189654066542,interpolado
0.1796759351870374,0.01080807012219424,interpolado
0.1797757551510302,0.011456457090293966,interpolado
0.179875575115023,0.011693579325267241,interpolado
0.18,0.011302,original
0.1800752150430086,0.010653882658613872,interpolado
0.18017503500700136,0.009376058237197539,interpolado
0.1802748549709942,0.0077315811481055065,interpolado
0.18037467493498696,0.005840028983155715,interpolado
0.18047449489897982,0.003820979334165825,interpolado
0.18057431486297257,0.0017940097929540495,interpolado
0.1806741348269654,-0.00012130204866310913,interpolado
0.1807739547909582,-0.0018053785988674195,interpolado
0.18087377475495103,-0.003138642265841232,interpolado
0.181,-0.004136,original
0.18107341468293658,-0.004289501854440631,interpolado
0.18117323464692933,-0.004035929760982683,interpolado
0.18127305461092216,-0.0033479733861054074,interpolado
0.181372874574915,-0.002333508654817707,interpolado
0.1814726945389078,-0.0011004114921284941,interpolado
0.18157251450290057,0.00024344217695294326,interpolado
0.1816723344668934,0.0015901764274184678,interpolado
0.18177215443088618,0.0028319153342588077,interpolado
0.18187197439487898,0.0038607829724650535,interpolado
0.182,0.004696,original
0.18207161432286456,0.004859716433066532,interpolado
0.18217143428685736,0.004746628587130791,interpolado
0.18227125425085017,0.004304931600944314,interpolado
0.18237107421484292,0.003610608532439919,interpolado
0.18247089417883575,0.002739642439550428,interpolado
0.1825707141428285,0.0017680163802089384,interpolado
0.18267053410682133,0.0007717134123477154,interpolado
0.1827703540708141,-0.0001732834061001593,interpolado
0.18287017403480693,-0.0009909910172018646,interpolado
0.183,-0.001739,original
0.1830698139627925,-0.0019470973094289242,interpolado
0.1831696339267853,-0.0020136626280148383,interpolado
0.18326945389077812,-0.0018424608235216558,interpolado
0.1833692738547709,-0.0014713457527372727,interpolado
0.18346909381876367,-0.0009381712724497558,interpolado
0.1835689137827565,-0.00028079123944669757,interpolado
0.18366873374674933,0.0004629404894838772,interpolado
0.18376855371074213,0.0012551700575540695,interpolado
0.1838683736747349,0.00205804360797598,interpolado
0.184,0.003069,original
0.18406801360272054,0.003546182803726265,interpolado
0.18416783356671332,0.004180172348398662,interpolado
0.18426765353070615,0.004733205707238715,interpolado
0.18436747349469892,0.0052030044873736525,interpolado
0.18446729345869176,0.005587290295930609,interpolado
0.18456711342268456,0.005883784740037026,interpolado
0.18466693338667733,0.006090209426820015,interpolado
0.18476675335067017,0.006204285963406804,interpolado
0.18486657331466294,0.006223735956924624,interpolado
0.185,0.006098,original
0.18506621324264852,0.005970066605983549,interpolado
0.18516603320664132,0.0056982258127616205,interpolado
0.18526585317063415,0.005337138351577531,interpolado
0.18536567313462696,0.0048932393595010944,interpolado
0.18546549309861976,0.004372963973602284,interpolado
0.18556531306261254,0.0037827473309506258,interpolado
0.18566513302660534,0.0031290245686160707,interpolado
0.18576495299059811,0.002418230823668434,interpolado
0.18586477295459095,0.0016568012331775357,interpolado
0.186,0.000556,original
0.1860644128825765,8.222469654689735e-06,interpolado
0.1861642328465693,-0.0008595353475132675,interpolado
0.18626405281056213,-0.0017357511990043952,interpolado
0.18636387277455488,-0.0026039994554131023,interpolado
0.18646369273854768,-0.0034478544873345245,interpolado
0.1865635127025405,-0.004250890665363069,interpolado
0.1866633326665333,-0.004996682360093382,interpolado
0.1867631526305261,-0.005668803942120114,interpolado
0.18686297259451887,-0.006250829782037767,interpolado
0.187,-0.006873,original
0.1870626125225045,-0.007079553619472356,interpolado
0.18716243248649728,-0.00730363311223307,interpolado
0.18726225245049008,-0.007398100320596193,interpolado
0.18736207241448286,-0.007362621735465563,interpolado
0.18746189237847566,-0.007196863847744962,interpolado
0.18756171234246843,-0.006900493148338195,interpolado
0.18766153230646127,-0.0064731761281490675,interpolado
0.187761352270454,-0.005914579278081389,interpolado
0.18786117223444687,-0.00522436908903918,interpolado
0.188,-0.004045,original
0.18806081216243245,-0.0034495348484309836,interpolado
0.18816063212642525,-0.002393163754347327,interpolado
0.18826045209041806,-0.0012790087648915638,interpolado
0.18836027205441086,-0.00015344443636471582,interpolado
0.18846009201840364,0.0009371546749331392,interpolado
0.18855991198239644,0.001946414012700974,interpolado
0.18865973194638924,0.0028279590206380777,interpolado
0.18875955191038207,0.003535415142443738,interpolado
0.1888593718743748,0.004022407821817141,interpolado
0.189,0.004245,original
0.18905901180236043,0.004153176965773814,interpolado
0.1891588317663532,0.0037684637721957176,interpolado
0.18925865173034603,0.0031474762379000783,interpolado
0.18935847169433884,0.0023504820939053528,interpolado
0.18945829165833164,0.0014377490712304973,interpolado
0.1895581116223244,0.00046954490089432953,interpolado
0.18965793158631722,-0.0004938626860843362,interpolado
0.18975775155031005,-0.0013922059586864493,interpolado
0.18985757151430283,-0.0021652171858937055,interpolado
0.19,-0.002932,original
0.19005721144228843,-0.003097577999144013,interpolado
0.19015703140628126,-0.003199998920421838,interpolado
0.190256851370274,-0.0031067408283993094,interpolado
0.1903566713342668,-0.0028660598826675057,interpolado
0.19045649129825962,-0.0025262122428175685,interpolado
0.1905563112622524,-0.0021354540684406374,interpolado
0.19065613122624522,-0.0017420415191278541,interpolado
0.19075595119023803,-0.0013942307544704434,interpolado
0.19085577115423086,-0.001140277934059342,interpolado
0.191,-0.001037,original
0.1910554110822164,-0.001104421589560425,interpolado
0.1911552310462092,-0.0013680826248599054,interpolado
0.19125505101020196,-0.001779575161932488,interpolado
0.19135487097419485,-0.0022977397813257004,interpolado
0.1914546909381876,-0.0028814170635867334,interpolado
0.19155451090218045,-0.003489447589262875,interpolado
0.19165433086617326,-0.004080671938901255,interpolado
0.191754150830166,-0.004613930693049496,interpolado
0.19185397079415886,-0.005048064432254722,interpolado
0.192,-0.005419,original
0.1920536107221444,-0.005456222137316841,interpolado
0.19215343068613722,-0.005388728972637724,interpolado
0.19225325065013008,-0.005170757627464306,interpolado
0.19235307061412282,-0.004834850079498387,interpolado
0.19245289057811563,-0.0044135483064417745,interpolado
0.19255271054210846,-0.003939394285996269,interpolado
0.19265253050610123,-0.003444929995863811,interpolado
0.19275235047009406,-0.002962697413745923,interpolado
0.1928521704340868,-0.002525238517344544,interpolado
0.193,-0.002029,original
0.19305181036207245,-0.0019135237714899519,interpolado
0.19315163032606528,-0.001774689094900637,interpolado
0.193251450290058,-0.0017269781590422435,interpolado
0.19335127025405083,-0.0017477546961805154,interpolado
0.19345109021804363,-0.001814382438581142,interpolado
0.19355091018203638,-0.0019042251185098133,interpolado
0.1936507301460292,-0.001994646468232197,interpolado
0.193750550110022,-0.002063010220014036,interpolado
0.1938503700740148,-0.0020866801061209975,interpolado
0.194,-0.001989,original
0.1940500100020004,-0.0019103429983318887,interpolado
0.1941498299659932,-0.0016887057275475445,interpolado
0.194249649929986,-0.0013998501725045005,interpolado
0.19434946989397883,-0.0010664568952740735,interpolado
0.1944492898579716,-0.000711206457927528,interpolado
0.19454910982196438,-0.0003567794225362264,interpolado
0.19464892978595721,-2.585635117123138e-05,interpolado
0.19474874974995002,0.00025888219409609146,interpolado
0.1948485697139428,0.00047475565119447653,interpolado
0.19494838967793562,0.0005990834580526584,interpolado
0.195,0.00062,original
0.1951480296059212,0.0005136681844750472,interpolado
0.19524784956991403,0.0003428464656719451,interpolado
0.19534766953390686,0.00013268264396308984,interpolado
0.1954474894978996,-8.194131486634383e-05,interpolado
0.19554730946189236,-0.0002661434450311359,interpolado
0.19564712942588516,-0.0003850417807462225,interpolado
0.195746949389878,-0.0004037543562263712,interpolado
0.1958467693538708,-0.00028739920568640566,interpolado
0.1959465893178636,-1.0943633411526158e-06,interpolado
0.196,0.000234,original
0.19614622924584918,0.001178157125993745,interpolado
0.19624604920984193,0.002022751802185439,interpolado
0.19634586917383476,0.00297578036898024,interpolado
0.1964456891378276,0.003990563175490889,interpolado
0.19654550910182036,0.00502042057082985,interpolado
0.19664532906581317,0.006018672904110454,interpolado
0.19674514902980603,0.006938640524445156,interpolado
0.1968449689937988,0.007733643780946702,interpolado
0.1969447889577916,0.008357003022727837,interpolado
0.197,0.008611,original
0.1971444288857772,0.008951089384772641,interpolado
0.19724424884977002,0.008967500549397494,interpolado
0.1973440688137628,0.008863132807143327,interpolado
0.1974438887777556,0.008688402552973725,interpolado
0.19754370874174837,0.008493726181852094,interpolado
0.19764352870574114,0.008329520088742002,interpolado
0.19774334866973398,0.008246200668606977,interpolado
0.19784316863372675,0.008294184316410538,interpolado
0.19794298859771955,0.008523887427116121,interpolado
0.198,0.008756,original
0.19814262852570516,0.009673210108350849,interpolado
0.198242448489698,0.01052796008903969,interpolado
0.19834226845369077,0.011481808803011678,interpolado
0.19844208841768354,0.01246812737425065,interpolado
0.19854190838167632,0.01342028692674129,interpolado
0.19864172834566915,0.01427165858446744,interpolado
0.19874154830966195,0.014955613471413208,interpolado
0.1988413682736547,0.015405522711562713,interpolado
0.19894118823764753,0.015554757428900081,interpolado
0.199,0.015475,original
0.1991408281656331,0.01474177013255688,interpolado
0.19924064812962589,0.013816952374518156,interpolado
0.19934046809361874,0.012618981445905973,interpolado
0.19944028805761152,0.0112031938832525,interpolado
0.19954010802160432,0.009624926223088678,interpolado
0.1996399279855971,0.007939515001946614,interpolado
0.1997397479495899,0.006202296756358054,interpolado
0.19983956791358273,0.004468608022854739,interpolado
0.1999393878775755,0.00279378533796886,interpolado
0.2,0.001829,original
0.2001390278055611,-0.0001776473701998276,interpolado
0.20023884776955392,-0.001424172083688911,interpolado
0.20033866773354672,-0.002495333827754248,interpolado
0.20043848769753958,-0.003379614963213866,interpolado
0.20053830766153233,-0.004065497850884869,interpolado
0.20063812762552516,-0.004541464851584686,interpolado
0.20073794758951796,-0.004795998326130747,interpolado
0.20083776755351074,-0.004817580635340506,interpolado
0.2009375875175035,-0.004594694140031404,interpolado
0.201,-0.004326,original
0.20113722744548912,-0.003402061217306911,interpolado
0.20123704740948192,-0.0025121684719127835,interpolado
0.2013368673734747,-0.001510608572814403,interpolado
0.2014366873374675,-0.00046118643911112944,interpolado
0.2015365073014603,0.0005722930100968376,interpolado
0.20163632726545314,0.0015260248557095654,interpolado
0.20173614722944594,0.002336204178627117,interpolado
0.20183596719343871,0.0029390260597494276,interpolado
0.2019357871574315,0.0032706855799769117,interpolado
0.202,0.003311,original
0.20213542708541707,0.0029247276675565368,interpolado
0.20223524704940987,0.0023121423782283797,interpolado
0.20233506701340265,0.0015096850491426181,interpolado
0.20243488697739548,0.0005963385917863604,interpolado
0.20253470694138828,-0.0003489140823526234,interpolado
0.20263452690538108,-0.0012470900617867586,interpolado
0.2027343468693739,-0.0020192064350284767,interpolado
0.20283416683336672,-0.002586280290590082,interpolado
0.2029339867973595,-0.0028693287169843356,interpolado
0.203,-0.002862,original
0.20313362672534507,-0.0023332060507958155,interpolado
0.20323344668933782,-0.0015752705106317493,interpolado
0.20333326665333062,-0.0006021851314468049,interpolado
0.2034330866173234,0.0005004924577044573,interpolado
0.20353290658131623,0.0016472046277676605,interpolado
0.203632726545309,0.002752393749688416,interpolado
0.20373254650930178,0.0037305021944121003,interpolado
0.20383236647329459,0.004495972332884894,interpolado
0.20393218643728733,0.004963246536052119,interpolado
0.204,0.005067,original
0.204131826365273,0.0047219703897468865,interpolado
0.20423164632926571,0.004051261545540752,interpolado
0.20433146629325855,0.003108840677191572,interpolado
0.20443128625725135,0.00196803487003432,interpolado
0.2045311062212442,0.0007021712094038255,interpolado
0.20463092618523698,-0.0006154232193650795,interpolado
0.20473074614922976,-0.0019114213309372116,interpolado
0.20483056611322262,-0.003112496039978483,interpolado
0.2049303860772154,-0.004145320261153687,interpolado
0.205,-0.004727,original
0.20513002600520103,-0.005453710208604979,interpolado
0.2052298459691938,-0.0057263881161173456,interpolado
0.2053296659331866,-0.005792546083469373,interpolado
0.2054294858971794,-0.005689618039802554,interpolado
0.20552930586117227,-0.005455037914258488,interpolado
0.20562912582516507,-0.005126239635978773,interpolado
0.2057289457891578,-0.00474065713410512,interpolado
0.20582876575315065,-0.004335724337778908,interpolado
0.20592858571714343,-0.003948875176141834,interpolado
0.206,-0.003704,original
0.20612822564512903,-0.0033620262322564464,interpolado
0.20622804560912178,-0.00317476782698797,interpolado
0.20632786557311455,-0.003044507275350172,interpolado
0.2064276855371074,-0.0029601697983137787,interpolado
0.2065275055011002,-0.00291068061684951,interpolado
0.20662732546509296,-0.0028849649519280944,interpolado
0.20672714542908577,-0.0028719480245202435,interpolado
0.20682696539307854,-0.0028605550555966886,interpolado
0.20692678535707132,-0.0028397112661281533,interpolado
0.207,-0.002812,original
0.20712642528505693,-0.0027338958296004596,interpolado
0.20722624524904976,-0.0026585773185769223,interpolado
0.20732606521304253,-0.0025865637638404974,interpolado
0.20742588517703534,-0.002531953146381053,interpolado
0.2075257051410282,-0.002508843447188455,interpolado
0.207625525105021,-0.002531332647252555,interpolado
0.20772534506901377,-0.002613518727563229,interpolado
0.20782516503300655,-0.0027694996691103434,interpolado
0.2079249849969994,-0.003013373452883766,interpolado
0.208,-0.003263,original
0.20812462492498496,-0.0038043881775248535,interpolado
0.2082244448889778,-0.004315177477087923,interpolado
0.2083242648529706,-0.004853765075980756,interpolado
0.20842408481696337,-0.005382442585352623,interpolado
0.2085239047809562,-0.005863501616352795,interpolado
0.20862372474494895,-0.00625923378013045,interpolado
0.2087235447089417,-0.006531930687835085,interpolado
0.20882336467293455,-0.006643883950615854,interpolado
0.20892318463692733,-0.006557385179622022,interpolado
0.209,-0.006332,original
0.2091228245649129,-0.005666643189451478,interpolado
0.20922264452890574,-0.004899522459814339,interpolado
0.20932246449289854,-0.0039874552590795954,interpolado
0.20942228445689137,-0.002984346154301168,interpolado
0.2095221044208841,-0.0019440997125332576,interpolado
0.20962192438487698,-0.0009206205008291941,interpolado
0.20972174434886978,3.218691375682001e-05,interpolado
0.20982156431286259,0.0008604179641708679,interpolado
0.20992138427685536,0.0015101680833590342,interpolado
0.21,0.001861,original
0.21012102420484097,0.002083592700588355,interpolado
0.21022084416883377,0.00200130687679437,interpolado
0.21032066413282655,0.0017110201107226528,interpolado
0.21042048409681935,0.0012429428990192292,interpolado
0.21052030406081212,0.0006272857383303142,interpolado
0.21062012402480496,-0.0001057408746984151,interpolado
0.21071994398879773,-0.0009259264434207798,interpolado
0.21081976395279056,-0.001803060471190753,interpolado
0.2109195839167834,-0.0027069324613623108,interpolado
0.211,-0.003434,original
0.21111922384476897,-0.0044755991258911805,interpolado
0.21121904380876175,-0.005286488575359863,interpolado
0.21131886377275455,-0.006015257367958305,interpolado
0.21141868373674735,-0.006637155920546259,interpolado
0.21151850370074013,-0.007127434649983354,interpolado
0.21161832366473296,-0.007461343973129623,interpolado
0.21171814362872574,-0.007614134306844656,interpolado
0.21181796359271857,-0.007561056067988207,interpolado
0.21191778355671134,-0.007277359673420136,interpolado
0.212,-0.006853,original
0.21211742348469695,-0.005943598957530121,interpolado
0.21221724344868975,-0.0049501161725087105,interpolado
0.21231706341268256,-0.0038234278589860107,interpolado
0.21241688337667528,-0.002629032195264042,interpolado
0.2125167033406681,-0.001432427359643823,interpolado
0.21261652330466088,-0.0002991115304273639,interpolado
0.21271634326865368,0.0007054171140836427,interpolado
0.2128161632326465,0.001515660395587508,interpolado
0.2129159831966392,0.00206612013578243,interpolado
0.213,0.00228,original
0.21311562312462484,0.002162210156356358,interpolado
0.21321544308861767,0.001740038980640332,interpolado
0.21331526305261045,0.0011003498835641006,interpolado
0.21341508301660325,0.0003186148894673682,interpolado
0.21351490298059606,-0.0005296939773108531,interpolado
0.21361472294458886,-0.0013691046924308912,interpolado
0.2137145429085817,-0.0021241452315532787,interpolado
0.2138143628725745,-0.0027193435703385463,interpolado
0.21391418283656732,-0.0030792276844471647,interpolado
0.214,-0.003143,original
0.21411382276455287,-0.0028257333731040754,interpolado
0.21421364272854573,-0.002220862802122937,interpolado
0.2143134626925385,-0.0013781982956876575,interpolado
0.21441328265653128,-0.0003621599501552891,interpolado
0.21451310262052412,0.000762832138117988,interpolado
0.21461292258451692,0.0019323578727751616,interpolado
0.2147127425485097,0.003081997157459474,interpolado
0.21481256251250247,0.004147329895813895,interpolado
0.2149123824764953,0.005063935991482275,interpolado
0.215,0.005695,original
0.2151120224044809,0.006219932232482452,interpolado
0.21521184236847374,0.006457382819133296,interpolado
0.21531166233246643,0.006528469664602489,interpolado
0.21541148229645926,0.006481880887999718,interpolado
0.21551130226045204,0.006366304608434596,interpolado
0.21561112222444484,0.006230428945016781,interpolado
0.21571094218843767,0.006122942016855923,interpolado
0.21581076215243045,0.006092531943061674,interpolado
0.21591058211642322,0.006187886842743658,interpolado
0.216,0.00642,original
0.2161102220444088,0.006925674972512461,interpolado
0.2162100420084017,0.007542633846354271,interpolado
0.21630986197239443,0.008245962872648487,interpolado
0.21640968193638727,0.008973074454854062,interpolado
0.21650950190038004,0.009661380996429346,interpolado
0.21660932186437284,0.010248294900832886,interpolado
0.2167091418283657,0.010671228571523226,interpolado
0.21680896179235848,0.01086759441195889,interpolado
0.21690878175635125,0.010774804825598545,interpolado
0.217,0.010384,original
0.21710842168433686,0.009501515026188127,interpolado
0.21720824164832966,0.008348935941871284,interpolado
0.2173080616123224,0.006950926544448064,interpolado
0.2174078815763153,0.0053858633818793114,interpolado
0.21750770154030805,0.003732123002126998,interpolado
0.21760752150430082,0.0020680819531527558,interpolado
0.2177073414682936,0.00047211678291863733,interpolado
0.21780716143228643,-0.0009773959606146374,interpolado
0.2179069813962792,-0.0022020797294849855,interpolado
0.218,-0.003072,original
0.2181066213242649,-0.0036869722135297344,interpolado
0.21820644128825759,-0.0039141017226429035,interpolado
0.21830626125225044,-0.0038423665235521112,interpolado
0.21840608121624325,-0.003509180532146742,interpolado
0.21850590118023605,-0.002951957664316291,interpolado
0.21860572114422885,-0.0022081118359502556,interpolado
0.21870554110822166,-0.0013150569629383976,interpolado
0.2188053610722144,-0.0003102069611697069,interpolado
0.21890518103620726,0.0007690242534660904,interpolado
0.219,0.001829,original
0.21910482096419284,0.0030023644326404994,interpolado
0.21920464092818565,0.004089207371739148,interpolado
0.21930446089217845,0.005115538994278444,interpolado
0.21940428085617125,0.006051146561232194,interpolado
0.21950410082016406,0.00686581733357451,interpolado
0.21960392078415683,0.007529338572279507,interpolado
0.21970374074814966,0.008011497538321189,interpolado
0.2198035607121424,0.008282081492673949,interpolado
0.2199033806761352,0.008310877696311735,interpolado
0.22,0.00808,original
0.22010302060412076,0.0075403133453801965,interpolado
0.22020284056811365,0.006782243949908989,interpolado
0.2203026605321064,0.005861810059553824,interpolado
0.22040248049609926,0.004847355968578118,interpolado
0.22050230046009206,0.003807225971245273,interpolado
0.2206021204240848,0.002809764361818956,interpolado
0.22070194038807767,0.0019233154345620037,interpolado
0.22080176035207044,0.0012162234837381053,interpolado
0.22090158031606327,0.0007568328036106674,interpolado
0.221,0.000613,original
0.22110122024404882,0.0008284239827468943,interpolado
0.22120104020804165,0.0013437480304928017,interpolado
0.22130086017203446,0.0020775651475034755,interpolado
0.22140068013602723,0.0029479807187247535,interpolado
0.22150050010002004,0.0038731001291024744,interpolado
0.2216003200640128,0.004771028763582242,interpolado
0.22170014002800562,0.005559872007110409,interpolado
0.22179995999199842,0.006157735244632562,interpolado
0.22189977995599125,0.0064827238610945396,interpolado
0.222,0.006452,original
0.2220994198839768,0.0060148446572618405,interpolado
0.2221992398479696,0.005229634498155145,interpolado
0.2222990598119624,0.0041875549637904646,interpolado
0.2223988797759552,0.002978848255683296,interpolado
0.222498699739948,0.0016937565753491327,interpolado
0.2225985197039408,0.00042252212430381186,interpolado
0.22269833966793356,-0.0007446128959379027,interpolado
0.2227981596319264,-0.0017174062838601531,interpolado
0.2228979795959192,-0.002405615837947443,interpolado
0.223,-0.002721,original
0.22309761952390475,-0.0025953524704473516,interpolado
0.2231974394878976,-0.0020922919374582725,interpolado
0.22329725945189036,-0.0012994365850554192,interpolado
0.22339707941588313,-0.0003064055616939925,interpolado
0.2234968993798759,0.0007971819841704921,interpolado
0.22359671934386877,0.0019217069040834733,interpolado
0.22369653930786154,0.0029775500495894556,interpolado
0.22379635927185434,0.0038750922722332395,interpolado
0.22389617923584715,0.004524714423559629,interpolado
0.224,0.004841,original
0.2240958191638327,0.004745336537608184,interpolado
0.22419563912782553,0.0042908666106546865,interpolado
0.2242954590918183,0.003543953716137048,interpolado
0.2243952790558112,0.002575165714893962,interpolado
0.2244950990198039,0.0014550704677644454,interpolado
0.22459491898379677,0.0002542358355865521,interpolado
0.22469473894778955,-0.0009567703208007282,interpolado
0.22479455891178235,-0.002107380140558703,interpolado
0.22489437887577518,-0.0031270257628486816,interpolado
0.225,-0.003985,original
0.22509401880376073,-0.0045064638618963595,interpolado
0.22519383876775353,-0.004828675874418098,interpolado
0.22529365873174637,-0.004951144925447147,interpolado
0.22539347869573917,-0.004913244172705896,interpolado
0.2254932986597319,-0.0047543467739167965,interpolado
0.22559311862372475,-0.004513825886802144,interpolado
0.22569293858771755,-0.004231054669084359,interpolado
0.22579275855171033,-0.00394540627848583,interpolado
0.2258925785157031,-0.0036962538727290145,interpolado
0.226,-0.003514,original
0.22609221844368874,-0.003456755622016431,interpolado
0.22619203840768157,-0.003487688761014381,interpolado
0.22629185837167434,-0.003592948382839307,interpolado
0.22639167833566715,-0.003749708265714383,interpolado
0.22649149829965998,-0.003935142187862918,interpolado
0.22659131826365272,-0.0041264239275080935,interpolado
0.22669113822764558,-0.004300727262873132,interpolado
0.22679095819163833,-0.004435225972181249,interpolado
0.22689077815563113,-0.004507093833655658,interpolado
0.227,-0.004487,original
0.22709041808361677,-0.004377807604522055,interpolado
0.22719023804760957,-0.004176167197595316,interpolado
0.22729005801160235,-0.0039156051800224604,interpolado
0.22738987797559512,-0.003623150270114116,interpolado
0.22748969793958793,-0.003325831186180664,interpolado
0.22758951790358076,-0.0030506766465327323,interpolado
0.2276893378675735,-0.0028247153694808663,interpolado
0.22778915783156636,-0.0026749760733356166,interpolado
0.2278889777955591,-0.002628487476407527,interpolado
0.228,-0.002731,original
0.22808861772354472,-0.002946192512114392,interpolado
0.22818843768753755,-0.0033097330102953345,interpolado
0.22828825765153035,-0.003768332790887488,interpolado
0.22838807761552307,-0.0042874103399995365,interpolado
0.22848789757951588,-0.00483238414374061,interpolado
0.2285877175435087,-0.005368672688219404,interpolado
0.2286875375075015,-0.005861694459544752,interpolado
0.2287873574714943,-0.006276867943825388,interpolado
0.2288871774354871,-0.006579611627170378,interpolado
0.229,-0.006743,original
0.22908681736347272,-0.006716730579509929,interpolado
0.2291866373274655,-0.006539449419978765,interpolado
0.22928645729145827,-0.006234986003188428,interpolado
0.22938627725545108,-0.005834850161465517,interpolado
0.22948609721944388,-0.005370551727136868,interpolado
0.22958591718343668,-0.004873600532529251,interpolado
0.22968573714742951,-0.004375506409969441,interpolado
0.22978555711142226,-0.0039077791917843255,interpolado
0.22988537707541506,-0.0035019287103004127,interpolado
0.23,-0.003153,original
0.23008501700340067,-0.002997098275438119,interpolado
0.2301848369673935,-0.002921418527117924,interpolado
0.23028465693138625,-0.002947355142868674,interpolado
0.23038447689537903,-0.0030598123800531065,interpolado
0.23048429685937188,-0.003243694496033946,interpolado
0.2305841168233647,-0.0034839057481739102,interpolado
0.2306839367873575,-0.003765350393835718,interpolado
0.23078375675135032,-0.004072932690381999,interpolado
0.23088357671534304,-0.004391556895175647,interpolado
0.231,-0.004757,original
0.2310832166433287,-0.005001743917707881,interpolado
0.23118303660732156,-0.0052648076697150645,interpolado
0.2312828565713143,-0.005482249447185188,interpolado
0.23138267653530709,-0.0056410017313003906,interpolado
0.2314824964992999,-0.005727997003242617,interpolado
0.23158231646329266,-0.005730167744193877,interpolado
0.2316821364272855,-0.0056344464353362276,interpolado
0.23178195639127827,-0.005427765557851628,interpolado
0.23188177635527107,-0.005097057592922102,interpolado
0.232,-0.004527,original
0.2320814162832567,-0.004016230647526119,interpolado
0.23218123624724943,-0.0032845909816248578,interpolado
0.2322810562112423,-0.002475840654942012,interpolado
0.232380876175235,-0.0016315413588869423,interpolado
0.23248069613922784,-0.0007932547848688148,interpolado
0.2325805161032206,-2.5426242968027205e-06,interpolado
0.23268033606721336,0.0006990334314197493,interpolado
0.23278015603120622,0.0012699116908720714,interpolado
0.23287997599519897,0.0016685304626507802,interpolado
0.233,0.001861,original
0.23307961592318466,0.0017904003825583439,interpolado
0.23317943588717743,0.0015028768956174424,interpolado
0.23327925585117018,0.0010396224647186755,interpolado
0.23337907581516304,0.00044962710343272503,interpolado
0.23347889577915582,-0.0002181191746697811,interpolado
0.2335787157431486,-0.0009146263560182121,interpolado
0.23367853570714142,-0.0015909044270417574,interpolado
0.23377835567113422,-0.002197963374170173,interpolado
0.23387817563512708,-0.002686813183832638,interpolado
0.234,-0.003052,original
0.23407781556311266,-0.00311953622053524,interpolado
0.23417763552710544,-0.0030209530596798815,interpolado
0.2342774554910982,-0.0027346591406840048,interpolado
0.23437727545509104,-0.0022827261148084684,interpolado
0.23447709541908385,-0.0016872256333141313,interpolado
0.2345769153830766,-0.0009702293474620669,interpolado
0.23467673534706934,-0.00015380890851273126,interpolado
0.2347765553110622,0.0007399640322728329,interpolado
0.23487637527505498,0.0016890178236337655,interpolado
0.235,0.002908,original
0.23507601520304058,0.003664592838564782,interpolado
0.23517583516703336,0.00464605224380343,interpolado
0.23527565513102616,0.0055923875104351185,interpolado
0.235375475095019,0.006480324400526275,interpolado
0.2354752950590118,0.007286588676143335,interpolado
0.23557511502300457,0.00798790609935255,interpolado
0.2356749349869974,0.008561002432220745,interpolado
0.2357747549509902,0.008982603436814146,interpolado
0.235874574914983,0.009229434875199179,interpolado
0.236,0.009256,original
0.23607421484296856,0.009109991429283494,interpolado
0.23617403480696142,0.008744011118448643,interpolado
0.23627385477095422,0.008219597820444409,interpolado
0.23637367473494703,0.0075762443454473975,interpolado
0.23647349469893983,0.006853443503634218,interpolado
0.2365733146629326,0.00609068810518169,interpolado
0.2366731346269254,0.005327470960265985,interpolado
0.2367729545909182,0.004603284879063919,interpolado
0.236872774554911,0.003957622671752096,interpolado
0.237,0.003311,original
0.23707241448289654,0.003055340163876078,interpolado
0.23717223444688937,0.002826147031257669,interpolado
0.23727205441088212,0.002711399932365486,interpolado
0.23737187437487497,0.0026798570765000076,interpolado
0.23747169433886778,0.002700276672961704,interpolado
0.23757151430286058,0.002741416931051072,interpolado
0.23767133426685336,0.0027720360600685893,interpolado
0.23777115423084616,0.0027608922693147376,interpolado
0.23787097419483894,0.002676743768089993,interpolado
0.238,0.002409,original
0.23807061412282451,0.0021685855236076817,interpolado
0.23817043408681737,0.0017317812750296069,interpolado
0.23827025405081015,0.0012162310331113714,interpolado
0.23837007401480295,0.0006605213100695075,interpolado
0.23846989397879576,0.00010323861812069161,interpolado
0.23856971394278853,-0.0004170305305188634,interpolado
0.2386695339067813,-0.0008616996236324718,interpolado
0.23876935387077416,-0.0011921821490036054,interpolado
0.23886917383476694,-0.0013698915944157363,interpolado
0.239,-0.001307,original
0.23906881376275255,-0.0011174898752036072,interpolado
0.23916863372674535,-0.0006718135126659581,interpolado
0.23926845369073813,-6.890695462885282e-05,interpolado
0.23936827365473093,0.0006410920196301714,interpolado
0.23946809361872373,0.0014080456308333599,interpolado
0.23956791358271656,0.0021818160997036113,interpolado
0.23966773354670937,0.002912265646963178,interpolado
0.23976755351070214,0.0035492564933345223,interpolado
0.23986737347469492,0.004042650859540106,interpolado
0.24,0.00439,original
0.24006701340268055,0.004402590621720144,interpolado
0.24016683336667333,0.0042291821272818254,interpolado
0.24026665333066613,0.003860488026714096,interpolado
0.24036647329465888,0.0033354378471929336,interpolado
0.2404662932586517,0.002692961115893855,interpolado
0.2405661132226445,0.0019719873599927983,interpolado
0.24066593318663732,0.001211446106665581,interpolado
0.24076575315063006,0.00045026688308801645,interpolado
0.2408655731146229,-0.00027262078356388836,interpolado
0.241,-0.001117,original
0.24106521304260844,-0.0014499625311506998,interpolado
0.2411650330066013,-0.0018572337402825822,interpolado
0.24126485297059408,-0.0021473101196452233,interpolado
0.24136467293458683,-0.0023277234791462564,interpolado
0.24146449289857963,-0.0024060056286934538,interpolado
0.24156431286257246,-0.0023896883781944224,interpolado
0.24166413282656526,-0.002286303537556833,interpolado
0.24176395279055807,-0.0021033829166883585,interpolado
0.24186377275455082,-0.0018484583254967507,interpolado
0.242,-0.001398,original
0.24206341268253645,-0.0011532867044786559,interpolado
0.24216323264652928,-0.0007365686123659102,interpolado
0.24226305261052206,-0.000299490744876759,interpolado
0.24236287257451483,0.00013725704800411368,interpolado
0.24246269253850763,0.0005529849162923912,interpolado
0.24256251250250047,0.0009270030100033865,interpolado
0.24266233246649324,0.001238621479152534,interpolado
0.24276215243048604,0.0014671504737552201,interpolado
0.24286197239447888,0.0015919001438270113,interpolado
0.243,0.001555,original
0.2430616123224644,0.001449570354135942,interpolado
0.24316143228645726,0.0011773745195164617,interpolado
0.24326125225045006,0.0008122372860009734,interpolado
0.24336107221444292,0.0003913437298264861,interpolado
0.2434608921784357,-4.8121072769691486e-05,interpolado
0.2435607121424285,-0.0004689720455503363,interpolado
0.24366053210642136,-0.0008340241122782305,interpolado
0.24376035207041413,-0.0011060921967160934,interpolado
0.24386017203440696,-0.0012479912226268652,interpolado
0.244,-0.001157,original
0.2440598119623926,-0.0009954560412436283,interpolado
0.24415963192638537,-0.0005762246858328772,interpolado
0.24425945189037815,-8.061435568269195e-06,interpolado
0.24435927185437095,0.0006649421481406524,interpolado
0.2444590918183637,0.001398694503883877,interpolado
0.2445589117823565,0.0021491040702515344,interpolado
0.2446587317463493,0.002872079285833755,interpolado
0.24475855171034205,0.0035235285892205,interpolado
0.2448583716743349,0.004059360419002272,interpolado
0.245,0.004535,original
0.24505801160232052,0.004610388689490968,interpolado
0.2451578315663133,0.004584259969644699,interpolado
0.24525765153030607,0.00439100266087898,interpolado
0.24535747149429887,0.004065489346311356,interpolado
0.24545729145829165,0.003642592609059522,interpolado
0.2455571114222845,0.003157185032241136,interpolado
0.24565693138627728,0.0026441391989740037,interpolado
0.24575675135027006,0.0021383276923754935,interpolado
0.24585657131426286,0.0016746230955634064,interpolado
0.246,0.001152,original
0.2460562112422485,0.0010112517707763554,interpolado
0.2461560312062413,0.0008469520084797977,interpolado
0.24625585117023407,0.0007711206918557197,interpolado
0.2463556711342269,0.0007590518533863667,interpolado
0.24645549109821968,0.0007860395255539237,interpolado
0.24655531106221248,0.0008273777408405755,interpolado
0.24665513102620526,0.000858360531728502,interpolado
0.2467549509901981,0.0008542819306999122,interpolado
0.24685477095419087,0.0007904359702369785,interpolado
0.247,0.00054,original
0.24705441088217647,0.0003859943061629402,interpolado
0.24715423084616928,2.4577189376400014e-05,interpolado
0.24725405081016205,-0.0004166571003952152,interpolado
0.24735387077415483,-0.0009114310621822388,interpolado
0.24745369073814766,-0.0014334671950150923,interpolado
0.24755351070214046,-0.0019564879979241958,interpolado
0.2476533306661332,-0.0024542159699398386,interpolado
0.24775315063012604,-0.0029003736100927232,interpolado
0.24785297059411882,-0.0032686834174131285,interpolado
0.248,-0.003614,original
0.24805261052210442,-0.0036680429041603428,interpolado
0.24815243048609725,-0.0036776403607683963,interpolado
0.24825225045009003,-0.003591478261015926,interpolado
0.24835207041408286,-0.00344038138988448,interpolado
0.24845189037807566,-0.0032551745323556184,interpolado
0.24855171034206844,-0.003066682473410957,interpolado
0.24865153030606116,-0.0029057299980319467,interpolado
0.248751350270054,-0.0028031418912002055,interpolado
0.24885117023404685,-0.0027897429378972946,interpolado
0.249,-0.003002,original
0.24905081016203237,-0.0031519660967081428,interpolado
0.2491506301260252,-0.003544844240168795,interpolado
0.24925045009001792,-0.004023513051355214,interpolado
0.2493502700540108,-0.004534837002846683,interpolado
0.2494500900180036,-0.00502568056722248,interpolado
0.2495499099819964,-0.005442908217061785,interpolado
0.24964972994598925,-0.005733384424944183,interpolado
0.249749549909982,-0.005843973663448649,interpolado
0.24984936987397474,-0.005721540405154707,interpolado
0.2499491898379676,-0.005312949122641372,interpolado
0.25,-0.004978,original
0.2501488297659532,-0.003493472835779926,interpolado
0.250248649729946,-0.0021593462087547807,interpolado
0.25034846969393876,-0.0006364064523757929,interpolado
0.2504482896579316,0.0010040784086713236,interpolado
0.25054810962192436,0.0026908403496980707,interpolado
0.2506479295859172,0.004352611346019587,interpolado
0.25074774954991,0.00591812337294736,interpolado
0.2508475695139027,0.007316108405795669,interpolado
0.2509473894778956,0.00847529841987844,interpolado
0.251,0.008966,original
0.2511470294058812,0.0098452693599199,interpolado
0.251246849369874,0.010058463940006182,interpolado
0.25134666933386673,0.009994097434056985,interpolado
0.25144648929785957,0.009680502068363645,interpolado
0.2515463092618524,0.0091460100692181,interpolado
0.2516461292258452,0.008418953662911365,interpolado
0.25174594918983795,0.00752766507573583,interpolado
0.2518457691538308,0.006500476533982722,interpolado
0.2519455891178236,0.005365720263942959,interpolado
0.252,0.004712,original
0.2521452290458092,0.002890408750464095,interpolado
0.252245049009802,0.0016165429367360057,interpolado
0.25234486897379477,0.0003655381310135198,interpolado
0.2524446889377876,-0.0008273078765499747,interpolado
0.2525445089017804,-0.0019266972957991061,interpolado
0.2526443288657732,-0.00289733233658102,interpolado
0.252744148829766,-0.003703915208740595,interpolado
0.25284396879375876,-0.004311148122124377,interpolado
0.25294378875775153,-0.004683733286578473,interpolado
0.253,-0.004777,original
0.25314342868573714,-0.004626000642734842,interpolado
0.25324324864972997,-0.004246630016475163,interpolado
0.25334306861372274,-0.003699564666826631,interpolado
0.2534428885777156,-0.003034921235289514,interpolado
0.25354270854170835,-0.002302816363365391,interpolado
0.2536425285057011,-0.0015533666925547365,interpolado
0.25374234846969396,-0.0008366888643579883,interpolado
0.25384216843368673,-0.00020289952027678138,interpolado
0.25394198839767956,0.00029788469818870975,interpolado
0.254,0.000508,original
0.2541416283256651,0.0007477130348196667,interpolado
0.2542414482896579,0.0007375892377015855,interpolado
0.2543412682536507,0.0006365759961356662,interpolado
0.2544410882176435,0.0004948454352643825,interpolado
0.2545409081816364,0.0003625696802304421,interpolado
0.25464072814562905,0.00028992085617630004,interpolado
0.25474054810962193,0.00032707108824454184,interpolado
0.2548403680736147,0.0005241925015776771,interpolado
0.25494018803760754,0.0009314572213185109,interpolado
0.255,0.001297,original
0.2551398279655931,0.0025237293295143864,interpolado
0.255239647929586,0.0036471230289683797,interpolado
0.25533946789357875,0.0049016297513296515,interpolado
0.25543928785757153,0.0062209110430686354,interpolado
0.2555391078215643,0.007538628450652961,interpolado
0.25563892778555714,0.008788443520552471,interpolado
0.2557387477495499,0.009904017799236857,interpolado
0.25583856771354274,0.010819012833173974,interpolado
0.2559383876775355,0.011467090168833875,interpolado
0.256,0.011705,original
0.25613802760552107,0.011750518126760211,interpolado
0.2562378475695139,0.011419567140894182,interpolado
0.25633766753350673,0.010844991666868798,interpolado
0.25643748749749956,0.010081592750813271,interpolado
0.25653730746149234,0.00918417143885823,interpolado
0.2566371274254851,0.008207528777133086,interpolado
0.25673694738947794,0.007206465811767046,interpolado
0.25683676735347066,0.006235783588891024,interpolado
0.2569365873174635,0.005350283154633776,interpolado
0.257,0.004857,original
0.25713622724544904,0.00402577353775141,interpolado
0.25723604720944193,0.0036058717515328183,interpolado
0.2573358671734347,0.0033326169594787955,interpolado
0.2574356871374275,0.003194105334406897,interpolado
0.25753550710142026,0.003178433049135144,interpolado
0.25763532706541303,0.003273696276481297,interpolado
0.25773514702940586,0.003467991189263361,interpolado
0.25783496699339864,0.003749413960298989,interpolado
0.25793478695739147,0.00410606076240635,interpolado
0.258,0.004374,original
0.258134426885377,0.004991305694352718,interpolado
0.25823424684936985,0.005476001244255636,interpolado
0.2583340668133627,0.005953107387637691,interpolado
0.25843388677735546,0.006395721265461407,interpolado
0.2585337067413483,0.006776940018689231,interpolado
0.25863352670534107,0.007069860788282982,interpolado
0.25873334666933395,0.007247580715205214,interpolado
0.2588331666333267,0.007283196940417967,interpolado
0.2589329865973195,0.0071498066048836404,interpolado
0.259,0.006952,original
0.25913262652530505,0.006293793506059,interpolado
0.25923244648929794,0.005603305613139587,interpolado
0.25933226645329066,0.004787496338740968,interpolado
0.25943208641728344,0.0038844344340607123,interpolado
0.25953190638127627,0.002932188650296187,interpolado
0.259631726345269,0.001968827738646375,interpolado
0.2597315463092619,0.001032420450308154,interpolado
0.2598313662732546,0.00016103553648049053,interpolado
0.2599311862372474,-0.0006072582516392428,interpolado
0.26,-0.001057,original
0.260130826165233,-0.0017008842258197877,interpolado
0.2602306461292258,-0.002014754833532085,interpolado
0.26033046609321864,-0.0021877189990981653,interpolado
0.26043028605721136,-0.0022312442978497564,interpolado
0.2605301060212042,-0.0021567983051183027,interpolado
0.26062992598519696,-0.0019758485962354045,interpolado
0.2607297459491898,-0.00169986274653239,interpolado
0.2608295659131826,-0.0013403083313410845,interpolado
0.2609293858771754,-0.0009086529259928742,interpolado
0.261,-0.000566,original
0.261129025805161,0.00012183621589478251,interpolado
0.26122884576915384,0.0006860857465635364,interpolado
0.26132866573314667,0.0012558377525557184,interpolado
0.2614284856971395,0.0018105832437323949,interpolado
0.2615283056611323,0.0023298132299545997,interpolado
0.26162812562512505,0.0027930187210825084,interpolado
0.2617279455891179,0.003179690726977368,interpolado
0.26182776555311066,0.0034693202574994997,interpolado
0.2619275855171034,0.0036413983225099,interpolado
0.262,0.003681,original
0.26212722544508904,0.00356636265553876,interpolado
0.2622270454090819,0.0033353199651252998,interpolado
0.2623268653730747,0.0030068468668159806,interpolado
0.2624266853370675,0.0026053474559940954,interpolado
0.26252650530106025,0.002155225828042778,interpolado
0.26262632526505303,0.0016808860783459304,interpolado
0.26272614522904586,0.0012067323022864462,interpolado
0.26282596519303864,0.000757168595248253,interpolado
0.2629257851570314,0.0003565990526144782,interpolado
0.263,0.000105,original
0.2631254250850171,-0.00020878722076681728,interpolado
0.2632252450490099,-0.00035833814304264824,interpolado
0.2633250650130026,-0.00042165087628525717,interpolado
0.26342488497699534,-0.000401076037451973,interpolado
0.2635247049409882,-0.00029896424349993867,interpolado
0.263624524904981,-0.00011766611138649074,interpolado
0.26372434486897384,0.0001404677419313482,interpolado
0.2638241648329666,0.00047308669949606844,interpolado
0.26392398479695933,0.0008778401443505702,interpolado
0.264,0.001233,original
0.26412362472494494,0.0018864449418023912,interpolado
0.26422344468893777,0.002454736281629955,interpolado
0.26432326465293055,0.003029882160667316,interpolado
0.2644230846169234,0.003584569685640174,interpolado
0.26452290458091615,0.004091485963275459,interpolado
0.2646227245449089,0.004523318100298946,interpolado
0.26472254450890176,0.004852753203437286,interpolado
0.2648223644728946,0.005052478379416894,interpolado
0.2649221844368873,0.005095180734963886,interpolado
0.265,0.005002,original
0.26512182436487297,0.004617597086430031,interpolado
0.2652216443288658,0.004112399697038149,interpolado
0.26532146429285863,0.0034679504430105146,interpolado
0.26542128425685135,0.002714142425584098,interpolado
0.2655211042208442,0.0018808687459943379,interpolado
0.265620924184837,0.0009980225054784164,interpolado
0.2657207441488297,9.549680527212641e-05,interpolado
0.2658205641128226,-0.0007968152533887775,interpolado
0.2659203840768154,-0.001649020569267051,interpolado
0.266,-0.00228,original
0.266120024004801,-0.003122538423059226,interpolado
0.2662198439687938,-0.0037213713795850524,interpolado
0.26631966393278655,-0.0042289371134070055,interpolado
0.26641948389677933,-0.004646404898708167,interpolado
0.2665193038607722,-0.004974944009672655,interpolado
0.26661912382476494,-0.005215723720483754,interpolado
0.2667189437887577,-0.005369913305325323,interpolado
0.26681876375275054,-0.005438682038381021,interpolado
0.2669185837167433,-0.005423199193834423,interpolado
0.267,-0.005349,original
0.267118223644729,-0.005142841412386731,interpolado
0.2672180436087217,-0.004874687559189587,interpolado
0.2673178635727146,-0.0045165896122495285,interpolado
0.2674176835367073,-0.0040649696560032126,interpolado
0.2675175035007002,-0.0035162497748863954,interpolado
0.26761732346469297,-0.002866852053335948,interpolado
0.26771714342868574,-0.0021131985757878533,interpolado
0.2678169633926786,-0.0012517114266778666,interpolado
0.2679167833566714,-0.00027881269044320416,interpolado
0.268,0.00062,original
0.26811642328465696,0.0019994796054459774,interpolado
0.26821624324864973,0.003241276947066054,interpolado
0.2683160632126425,0.004477297034448009,interpolado
0.26841588317663534,0.005650415885553995,interpolado
0.26851570314062817,0.006703509518348788,interpolado
0.26861552310462095,0.007579453950794744,interpolado
0.2687153430686137,0.00822112520085603,interpolado
0.26881516303260655,0.008571399286496301,interpolado
0.2689149829965994,0.00857315222567869,interpolado
0.269,0.008257,original
0.2691146229245849,0.007338393689497096,interpolado
0.26921444288857765,0.006150436075121269,interpolado
0.26931426285257054,0.0046901842612194055,interpolado
0.2694140828165633,0.0030423582160030195,interpolado
0.2695139027805562,0.0012916779076802287,interpolado
0.269613722744549,-0.0004771366955371368,interpolado
0.26971354270854175,-0.0021793656254401783,interpolado
0.26981336267253453,-0.003730288913819848,interpolado
0.26991318263652736,-0.005045186592464538,interpolado
0.27,-0.005931,original
0.27011282256451297,-0.00666049484131744,interpolado
0.27021264252850574,-0.006943916173783605,interpolado
0.2703124624924986,-0.006939857425484426,interpolado
0.27041228245649135,-0.006698523628682611,interpolado
0.270512102420484,-0.0062701198156408944,interpolado
0.27061192238447684,-0.005704851018621612,interpolado
0.2707117423484696,-0.005052922269888084,interpolado
0.27081156231246245,-0.004364538601702312,interpolado
0.2709113822764553,-0.003689905046327761,interpolado
0.271,-0.003143,original
0.27111102220444083,-0.0025694224080257022,interpolado
0.27121084216843366,-0.0021595563065116056,interpolado
0.27131066213242644,-0.00184188111184936,interpolado
0.27141048209641927,-0.0016086632527253695,interpolado
0.271510302060412,-0.0014521691578254878,interpolado
0.2716101220244048,-0.0013646652558357382,interpolado
0.27170994198839765,-0.00133841797544227,interpolado
0.2718097619523905,-0.0013656937453310992,interpolado
0.27190958191638326,-0.0014387589941882468,interpolado
0.272,-0.001538,original
0.27210922184436886,-0.0016911317373636734,interpolado
0.2722090418083617,-0.0018540104751011762,interpolado
0.27230886177235447,-0.002029903720662076,interpolado
0.2724086817363473,-0.002210198953202347,interpolado
0.2725085017003401,-0.0023862836518782527,interpolado
0.27260832166433285,-0.002549545295846051,interpolado
0.27270814162832563,-0.0026913713642617277,interpolado
0.27280796159231846,-0.0028031493362816002,interpolado
0.2729077815563113,-0.002876266691061713,interpolado
0.273,-0.002902,original
0.2731074214842969,-0.002875372838713588,interpolado
0.2732072414482896,-0.0028012498087711,interpolado
0.2733070614122825,-0.002687033782925582,interpolado
0.2734068813762753,-0.00254001555563383,interpolado
0.27350670134026805,-0.002367485921352452,interpolado
0.2736065213042609,-0.0021767356745380074,interpolado
0.27370634126825366,-0.001975055609647372,interpolado
0.2738061612322465,-0.0017697365211369975,interpolado
0.27390598119623927,-0.0015680692034637795,interpolado
0.274,-0.001388,original
0.2741056211242249,-0.0012000958347953986,interpolado
0.27420544108821765,-0.001022878155927369,interpolado
0.2743052610522105,-0.0008288876546275048,interpolado
0.2744050810162033,-0.0006013213592605545,interpolado
0.27450490098019603,-0.0003233762981909563,interpolado
0.2746047209441888,2.1750500216961778e-05,interpolado
0.2747045409081816,0.0004508620075982847,interpolado
0.2748043608721744,0.0009807611955889683,interpolado
0.27490418083616724,0.0016282510358238919,interpolado
0.275,0.002376,original
0.2751038207641528,0.0033304095586585434,interpolado
0.2752036407281456,0.004347662207287778,interpolado
0.27530346069213846,0.005410408880656043,interpolado
0.2754032806561312,0.00646716674636037,interpolado
0.27550310062012395,0.007466452971999578,interpolado
0.27560292058411684,0.008356784725172355,interpolado
0.2757027405481096,0.009086679173475927,interpolado
0.27580256051210245,0.00960465348450905,interpolado
0.2759023804760952,0.009859224825870027,interpolado
0.276,0.009804,original
0.27610202040408083,0.009393080037252779,interpolado
0.27620184036807366,0.008689175655079083,interpolado
0.2763016603320664,0.00775290877840602,interpolado
0.2764014802960592,0.0066499907577699125,interpolado
0.27650130026005204,0.005446132943708977,interpolado
0.27660112022404487,0.004207046686758918,interpolado
0.27670094018803765,0.0029984433374581026,interpolado
0.2768007601520304,0.0018860342463428146,interpolado
0.27690058011602325,0.000935530763949543,interpolado
0.277,0.000215,original
0.27710022004400886,-0.0002326658033634322,interpolado
0.2772000400080016,-0.0004126940986866159,interpolado
0.27729985997199436,-0.0003551129250141612,interpolado
0.27739967993598724,-8.759456120439757e-05,interpolado
0.27749949989998,0.00036218871388383664,interpolado
0.27759931986397285,0.0009665646213924781,interpolado
0.27769913982796557,0.0016978608824623135,interpolado
0.27779895979195834,0.002528405218235108,interpolado
0.2778987797559512,0.0034305253498528475,interpolado
0.278,0.00439,original
0.2780984196839368,0.005339083188677279,interpolado
0.27819823964792956,0.006291900185103975,interpolado
0.27829805961192233,0.007209076080472518,interpolado
0.27839787957591516,0.008064686968323668,interpolado
0.27849769953990794,0.008832808942196768,interpolado
0.2785975195039008,0.009487518095632957,interpolado
0.27869733946789355,0.010002890522171804,interpolado
0.2787971594318864,0.010353002315354016,interpolado
0.27889697939587926,0.010511929568719927,interpolado
0.279,0.010448,original
0.2790966193238648,0.010162228663827764,interpolado
0.2791964392878576,0.009663833321674682,interpolado
0.2792962592518504,0.008996774856645478,interpolado
0.2793960792158432,0.00819926612841715,interpolado
0.2794958991798359,0.007309519996668092,interpolado
0.27959571914382875,0.00636574932107484,interpolado
0.27969553910782163,0.00540616696131594,interpolado
0.27979535907181435,0.004468985777068359,interpolado
0.2798951790358072,0.0035924186280091165,interpolado
0.28,0.002779,original
0.28009481896379285,0.0021653144398195196,interpolado
0.2801946389277856,0.0016335934577773375,interpolado
0.28029445889177834,0.0011970827500171106,interpolado
0.28039427885577123,0.0008333483677795718,interpolado
0.28049409881976406,0.0005199563623060325,interpolado
0.2805939187837569,0.00023447278483703613,interpolado
0.28069373874774967,-4.5536313386192585e-05,interpolado
0.2807935587117424,-0.00034250488112289924,interpolado
0.2808933786757353,-0.0006788668671323677,interpolado
0.281,-0.001107,original
0.2810930186037209,-0.0015516210989146204,interpolado
0.2811928385677137,-0.0020783913161842586,interpolado
0.2812926585317065,-0.002621333075756003,interpolado
0.2813924784956993,-0.0031444094987626856,interpolado
0.28149229845969204,-0.003611583706335982,interpolado
0.28159211842368476,-0.0039868188196084675,interpolado
0.2816919383876776,-0.00423407795971251,interpolado
0.2817917583516704,-0.004317324247780091,interpolado
0.2818915783156632,-0.004200520804943535,interpolado
0.282,-0.003805,original
0.28209121824364874,-0.0032355713592753976,interpolado
0.2821910382076416,-0.002408437133535929,interpolado
0.28229085817163435,-0.0014320317849182305,interpolado
0.2823906781356271,-0.0003721698854693961,interpolado
0.28249049809961985,0.0007053339927612687,interpolado
0.2825903180636126,0.0017346652777262374,interpolado
0.2826901380276055,0.0026500093973778733,interpolado
0.28278995799159823,0.0033855517796670355,interpolado
0.2828897779555911,0.003875477852546361,interpolado
0.283,0.004052,original
0.2830894178835766,0.0038734417960254557,interpolado
0.2831892378475695,0.0033861058834228526,interpolado
0.2832890578115623,0.002678196129486801,interpolado
0.2833888777755551,0.0018359720397352064,interpolado
0.2834886977395479,0.0009456931196876292,interpolado
0.28358851770354077,9.361887486221572e-05,interpolado
0.2836883376675336,-0.0006339911892228058,interpolado
0.28378815763152637,-0.001150877567048001,interpolado
0.2838879775955192,-0.0013707807530952548,interpolado
0.284,-0.001157,original
0.2840876175235047,-0.0005962809276590597,interpolado
0.2841874374874976,0.0004017362697282244,interpolado
0.28428725745149036,0.001680567046994873,interpolado
0.2843870774154831,0.00313410953361784,interpolado
0.28448689737947597,0.004656261859071124,interpolado
0.2845867173434687,0.006140922152831155,interpolado
0.2846865373074616,0.007481988544374281,interpolado
0.28478635727145435,0.008573359163174626,interpolado
0.28488617723544707,0.009308932138708932,interpolado
0.285,0.009578,original
0.2850858171634327,0.009310843511710989,interpolado
0.28518563712742545,0.008548260878424507,interpolado
0.2852854570914183,0.007401732747395435,interpolado
0.2853852770554111,0.005978232198726231,interpolado
0.2854850970194039,0.004384732312522111,interpolado
0.28558491698339666,0.00272820616888596,interpolado
0.2856847369473895,0.0011156268479205044,interpolado
0.2857845569113824,-0.00034603257026881516,interpolado
0.28588437687537516,-0.0015497990055798982,interpolado
0.286,-0.002481,original
0.2860840168033607,-0.002774667320798419,interpolado
0.2861838367673535,-0.0027420777925844585,interpolado
0.28628365673134626,-0.00237408031500067,interpolado
0.2863834766953391,-0.0017539502297143892,interpolado
0.28648329665933187,-0.0009649628783939877,interpolado
0.28658311662332464,-9.039360270682556e-05,interpolado
0.28668293658731747,0.0007864822556799239,interpolado
0.2867827565513102,0.0015823893550976067,interpolado
0.2868825765153029,0.0022140523538790717,interpolado
0.287,0.002634,original
0.2870822164432886,0.0026635347815562897,interpolado
0.2871820364072814,0.002420966526176936,interpolado
0.2872818563712742,0.001915848983121321,interpolado
0.287381676335267,0.0011936576828487624,interpolado
0.28748149629925984,0.0002998681558181003,interpolado
0.2875813162632526,-0.0007200440675102759,interpolado
0.28768113622724545,-0.0018206034566780728,interpolado
0.28778095619123817,-0.002956334481224669,interpolado
0.287880776155231,-0.004081761610691287,interpolado
0.288,-0.005349,original
0.2880804160832166,-0.006123227106804721,interpolado
0.28818023604720944,-0.006980026577169909,interpolado
0.28828005601120227,-0.007715588454629738,interpolado
0.288379875975195,-0.008323741585620235,interpolado
0.2884796959391879,-0.008798314816577153,interpolado
0.2885795159031807,-0.009133136993935488,interpolado
0.2886793358671735,-0.009322036964131123,interpolado
0.28877915583116626,-0.009358843573599373,interpolado
0.2888789757951591,-0.009237385668775909,interpolado
0.289,-0.008869,original
0.28907861572314464,-0.008498609481734315,interpolado
0.2891784356871374,-0.00790401515108302,interpolado
0.2892782556511302,-0.007205901162314423,interpolado
0.289378075615123,-0.006442530561130076,interpolado
0.2894778955791158,-0.005652166393231382,interpolado
0.28957771554310857,-0.004873071704321086,interpolado
0.2896775355071014,-0.004143509540100215,interpolado
0.2897773554710942,-0.003501742946271435,interpolado
0.28987717543508695,-0.0029860349685361777,interpolado
0.29,-0.002581,original
0.2900768153630725,-0.002480162474661468,interpolado
0.2901766353270653,-0.0025087760077801115,interpolado
0.29027645529105817,-0.0026840610167986976,interpolado
0.29037627525505094,-0.0029694365811931273,interpolado
0.2904760952190438,-0.0033283217804395515,interpolado
0.2905759151830366,-0.003724135694013493,interpolado
0.29067573514702943,-0.0041202974013912815,interpolado
0.29077555511102215,-0.0044802259820484,interpolado
0.290875375075015,-0.0047673405154610065,interpolado
0.291,-0.004968,original
0.29107501500300054,-0.004981506097974889,interpolado
0.2911748349669934,-0.00488552317592061,interpolado
0.29127465493098614,-0.004686837633491216,interpolado
0.2913744748949789,-0.00441534580345076,interpolado
0.2914742948589718,-0.004100944018563141,interpolado
0.2915741148229645,-0.003773528611592795,interpolado
0.29167393478695736,-0.0034629959153034714,interpolado
0.29177375475095013,-0.003199242262459605,interpolado
0.2918735747149429,-0.003012163985825091,interpolado
0.292,-0.002932,original
0.29207321464292846,-0.002983197536666748,interpolado
0.2921730346069213,-0.0031515786630727963,interpolado
0.2922728545709142,-0.00339967898804207,interpolado
0.2923726745349069,-0.003690164540474587,interpolado
0.2924724944988997,-0.003985701349270466,interpolado
0.29257231446289256,-0.004248955443329317,interpolado
0.29267213442688533,-0.004442592851551264,interpolado
0.29277195439087816,-0.004529279602836274,interpolado
0.292871774354871,-0.004471681726084193,interpolado
0.293,-0.004126,original
0.2930714142828566,-0.0037800961311083288,interpolado
0.2931712342468493,-0.0031397944288667867,interpolado
0.2932710542108422,-0.0023688933776652085,interpolado
0.29337087417483493,-0.0015250912033382056,interpolado
0.29347069413882776,-0.0006660861317186378,interpolado
0.29357051410282053,0.00015042361135878468,interpolado
0.29367033406681337,0.0008667398000608132,interpolado
0.2937701540308062,0.001425164208553975,interpolado
0.29386997399479897,0.0017679986110038925,interpolado
0.294,0.001796,original
0.2940696139227845,0.0015841262881496703,interpolado
0.2941694338867773,0.0010416397369612275,interpolado
0.29426925385077013,0.0002936329537318537,interpolado
0.29436907381476296,-0.0005756908989518245,interpolado
0.29446889377875574,-0.001482128658504918,interpolado
0.29456871374274857,-0.002341477162340626,interpolado
0.2946685337067414,-0.0030695332478736918,interpolado
0.2947683536707342,-0.0035820937525185706,interpolado
0.29486817363472695,-0.0037949555136888987,interpolado
0.295,-0.003474,original
0.29506781356271256,-0.002994893884577077,interpolado
0.29516763352670533,-0.0019462399487193316,interpolado
0.29526745349069816,-0.0005864148646625085,interpolado
0.2953672734546909,0.0009750556727028449,interpolado
0.29546709341868377,0.002628645968489338,interpolado
0.29556691338267654,0.004264830327806097,interpolado
0.2956667333466692,0.0057740830557650395,interpolado
0.2957665533106621,0.007046878457477794,interpolado
0.29586637327465487,0.007973690838053911,interpolado
0.296,0.008482,original
0.2960660132026405,0.00836178932609694,interpolado
0.29616583316663325,0.0077498387251895996,interpolado
0.2962656531306261,0.006716555037612266,interpolado
0.29636547309461886,0.005370764322756033,interpolado
0.29646529305861175,0.003821292640009433,interpolado
0.2965651130226046,0.002176966048764127,interpolado
0.29666493298659724,0.0005466106084091963,interpolado
0.29676475295059007,-0.0009609476216662467,interpolado
0.2968645729145829,-0.002236882582070581,interpolado
0.297,-0.003403,original
0.2970642128425685,-0.0036672596033412923,interpolado
0.2971640328065613,-0.003731398926845144,interpolado
0.29726385277055406,-0.0034501457095676073,interpolado
0.2973636727345469,-0.0029103396826774958,interpolado
0.2974634926985397,-0.0021988205773427823,interpolado
0.2975633126625325,-0.001402428124732756,interpolado
0.2976631326265253,-0.0006080020560155263,interpolado
0.29776295259051805,9.761789764079561e-05,interpolado
0.2978627725545109,0.0006275920050669214,interpolado
0.298,0.00091,original
0.2980624124824965,0.0008198542677385704,interpolado
0.2981622324464892,0.00041134236736935486,interpolado
0.2982620524104821,-0.0002564534592608066,interpolado
0.2983618723744748,-0.0011081082066033419,interpolado
0.29846169233846753,-0.0020681968691107556,interpolado
0.2985615123024605,-0.0030612944412357957,interpolado
0.29866133226645325,-0.004011975917429523,interpolado
0.29876115223044614,-0.004844816292145106,interpolado
0.29886097219443886,-0.005484390559833785,interpolado
0.299,-0.005911,original
0.2990606121224245,-0.005886573404949021,interpolado
0.29916043208641724,-0.00557331859577474,interpolado
0.29926025205041007,-0.0049603297897944315,interpolado
0.2993600720144028,-0.00409365434314874,interpolado
0.2994598919783957,-0.0030193396119773445,interpolado
0.29955971194238845,-0.0017834329524194631,interpolado
0.2996595319063812,-0.0004319817206164348,interpolado
0.29975935187037406,0.0009889667272932447,interpolado
0.29985917183436683,0.002433365035168035,interpolado
0.3,0.004422,original
0.3000588117623524,0.0052088793433620086,interpolado
0.30015863172634527,0.006457726414322254,interpolado
0.3002584516903381,0.007571826974987272,interpolado
0.3003582716543308,0.008521489954329046,interpolado
0.30045809161832365,0.009277024281321475,interpolado
0.3005579115823165,0.009808738884938025,interpolado
0.3006577315463093,0.010086942694151325,interpolado
0.3007575515103021,0.010081944637934886,interpolado
0.3008573714742948,0.009764053645261938,interpolado
0.301,0.008708,original
0.30105701140228047,0.008074569271566138,interpolado
0.30115683136627325,0.006713981783879386,interpolado
0.3012566513302661,0.005111009480042808,interpolado
0.30135647129425885,0.003356429311739181,interpolado
0.30145629125825163,0.0015410182306486429,interpolado
0.3015561112222444,-0.0002444468115488141,interpolado
0.30165593118623724,-0.0019091888631702,interpolado
0.30175575115023,-0.003362430972536296,interpolado
0.3018555711142228,-0.004513396187964481,interpolado
0.302,-0.005459,original
0.3020552110422084,-0.005550626590235623,interpolado
0.30215503100620117,-0.005360840522473023,interpolado
0.30225485097019394,-0.004794159529615547,interpolado
0.3023546709341868,-0.003945556850960479,interpolado
0.30245449089817955,-0.0029100057258042034,interpolado
0.3025543108621723,-0.0017824793934426927,interpolado
0.30265413082616516,-0.0006579510931738433,interpolado
0.30275395079015793,0.00036860593570687,interpolado
0.30285377075415076,0.001202218453901662,interpolado
0.303,0.001877,original
0.30305341068213637,0.001915477616784745,interpolado
0.3031532306461292,0.001708069322202707,interpolado
0.30325305061012203,0.0012140504650450055,interpolado
0.3033528705741147,0.0005249063252622056,interpolado
0.3034526905381076,-0.0002678778171959158,interpolado
0.30355251050210047,-0.0010728166823798218,interpolado
0.30365233046609313,-0.0017984249903385979,interpolado
0.303752150430086,-0.002353217461122965,interpolado
0.3038519703940788,-0.0026457088147822864,interpolado
0.304,-0.002401,original
0.3040516103220644,-0.002082278732254526,interpolado
0.3041514302860572,-0.0011464664000077557,interpolado
0.30425125025005,0.00012573956067960884,interpolado
0.30435107021404284,0.0016334433787234476,interpolado
0.3044508901780356,0.003275749283037034,interpolado
0.30455071014202845,0.004951761502537068,interpolado
0.3046505301060213,0.006560584266136635,interpolado
0.304750350070014,0.008001321802751668,interpolado
0.30485017003400683,0.00917307834129771,interpolado
0.30494998999799966,0.009974958110688418,interpolado
0.305,0.010206,original
0.30514962992598527,0.010165039783881417,interpolado
0.30524944988997793,0.009613561449085473,interpolado
0.3053492698539709,0.008731713433881873,interpolado
0.3054490898179636,0.007595907101405275,interpolado
0.3055489097819565,0.006282553814788145,interpolado
0.3056487297459492,0.004868064937165622,interpolado
0.30574854970994203,0.003428851831670664,interpolado
0.30584836967393486,0.0020413258614361725,interpolado
0.3059481896379276,0.0007818983895973625,interpolado
0.306,0.000204,original
0.30614782956591324,-0.0010991743229165879,interpolado
0.306247649529906,-0.0017088991936873384,interpolado
0.3063474694938988,-0.0021239179049484373,interpolado
0.3064472894578916,-0.002364167928717962,interpolado
0.3065471094218844,-0.0024495867370147324,interpolado
0.3066469293858771,-0.0024001118018571912,interpolado
0.30674674934986995,-0.0022356805952639565,interpolado
0.3068465693138627,-0.0019762305892533907,interpolado
0.30694638927785556,-0.0016416992558443192,interpolado
0.307,-0.001438,original
0.30714602920584116,-0.0008255438864151594,interpolado
0.30724584916983394,-0.00037936368648874396,interpolado
0.30734566913382677,6.96932744286721e-05,interpolado
0.30744548909781955,0.000504753084538932,interpolado
0.3075453090618124,0.000908941832044849,interpolado
0.3076451290258052,0.0012653856051483177,interpolado
0.3077449489897978,0.0015572104920519214,interpolado
0.30784476895379076,0.0017675425809581037,interpolado
0.30794458891778353,0.0018795079600689713,interpolado
0.308,0.001893,original
0.3081442288457691,0.0017567224442684717,interpolado
0.30824404880976186,0.0015333973527718076,interpolado
0.3083438687737547,0.001221432300137046,interpolado
0.30844368873774747,0.0008355386004095805,interpolado
0.30854350870174035,0.0003904275676340403,interpolado
0.3086433286657331,-9.918948414403315e-05,interpolado
0.30874314862972585,-0.0006186012408798316,interpolado
0.3088429685937187,-0.0011530963885286127,interpolado
0.30894278855771146,-0.0016879636130447363,interpolado
0.309,-0.001989,original
0.30914242848569706,-0.0026993834319570674,interpolado
0.3092422484496899,-0.003144803251576066,interpolado
0.30934206841368267,-0.003528814534794398,interpolado
0.3094418883776755,-0.0038354964356202047,interpolado
0.30954170834166833,-0.004048928108062292,interpolado
0.30964152830566116,-0.004153188706129256,interpolado
0.3097413482696539,-0.004132357383829546,interpolado
0.3098411682336467,-0.003970513295171696,interpolado
0.3099409881976395,-0.0036517355941644513,interpolado
0.31,-0.003383,original
0.3101406281256252,-0.0025091518915153683,interpolado
0.3102404480896179,-0.0017418303963212995,interpolado
0.31034026805361076,-0.0009061440538768581,interpolado
0.3104400880176035,-4.937819321947815e-05,interpolado
0.31053990798159625,0.0007811818566148098,interpolado
0.31063972794558903,0.001538250766589912,interpolado
0.3107395479095818,0.002174543207668486,interpolado
0.3108393678735747,0.002642773850814697,interpolado
0.3109391878375674,0.0028956573669915216,interpolado
0.311,0.002924,original
0.31113882776555307,0.0026083889889257487,interpolado
0.31123864772954585,0.0021034698288683457,interpolado
0.3113384676935387,0.0014188040980478535,interpolado
0.3114382876575315,0.0006011099831903514,interpolado
0.31153810762152423,-0.00030289432897920163,interpolado
0.31163792758551706,-0.0012464906517360359,interpolado
0.3117377475495099,-0.0021829607983537887,interpolado
0.31183756751350267,-0.003065586582108146,interpolado
0.3119373874774955,-0.0038476498162728122,interpolado
0.312,-0.004266,original
0.31213702740548105,-0.004948173623333591,interpolado
0.3122368473694739,-0.005252163251350966,interpolado
0.31233666733346666,-0.005406070373720489,interpolado
0.31243648729745943,-0.005421064508641012,interpolado
0.3125363072614522,-0.005308315174311678,interpolado
0.31263612722544504,-0.005078991888931345,interpolado
0.3127359471894378,-0.0047442641706992895,interpolado
0.3128357671534307,-0.004315301537814172,interpolado
0.3129355871174234,-0.0038032735084754855,interpolado
0.313,-0.003434,original
0.313135227045409,-0.002581351648108057,interpolado
0.31323504700940186,-0.0019154260623417709,interpolado
0.31333486697339463,-0.0012489158614691004,interpolado
0.3134346869373874,-0.0006090446501300586,interpolado
0.3135345069013803,-2.3036032963533312e-05,interpolado
0.31363432686537307,0.00048188638539146695,interpolado
0.31373414682936585,0.0008784990002951082,interpolado
0.3138339667933587,0.0011395782071085391,interpolado
0.31393378675735145,0.001237900401192195,interpolado
0.314,0.0012,original
0.31413342668533706,0.0008675819121159301,interpolado
0.3142332466493299,0.0004454363402775695,interpolado
0.31433306661332266,-7.105711476696299e-05,interpolado
0.31443288657731544,-0.0006332434380231565,interpolado
0.3145327065413082,-0.0011924676144973588,interpolado
0.31463252650530105,-0.0017000746291959137,interpolado
0.31473234646929377,-0.002107409467124317,interpolado
0.3148321664332866,-0.0023658171132890475,interpolado
0.3149319863972794,-0.002426642552695879,interpolado
0.315,-0.00233,original
0.31513162632526504,-0.0017979317372455032,interpolado
0.31523144628925787,-0.0011382544781175115,interpolado
0.31533126625325064,-0.0003109017920911803,interpolado
0.3154310862172434,0.0006359456460460481,interpolado
0.31553090618123625,0.00165410716150511,interpolado
0.31563072614522897,0.0026954020794990874,interpolado
0.31573054610922185,0.003711649725238814,interpolado
0.31583036607321463,0.004654669423936873,interpolado
0.31593018603720746,0.00547628050080569,interpolado
0.316,0.005953,original
0.3161298259651931,0.00658396130243794,interpolado
0.3162296459291859,0.006849337066521862,interpolado
0.3163294658931787,0.006934895193292087,interpolado
0.31642928585717145,0.00685083700112281,interpolado
0.3165291058211642,0.006607363808388429,interpolado
0.3166289257851571,0.006214676933462972,interpolado
0.31672874574914983,0.005682977694721174,interpolado
0.3168285657131426,0.005022467410537147,interpolado
0.31692838567713544,0.004243347399284721,interpolado
0.317,0.003617,original
0.31712802560512104,0.002376471998476174,interpolado
0.31722784556911376,0.001332352935342583,interpolado
0.31732766553310654,0.0002518997057086048,interpolado
0.31742748549709937,-0.0008365180900080753,interpolado
0.31752730546109215,-0.001904530851387948,interpolado
0.31762712542508503,-0.0029237689780138806,interpolado
0.31772694538907775,-0.0038658628694664414,interpolado
0.31782676535307053,-0.004702442925327927,interpolado
0.31792658531706336,-0.0054051395451804,interpolado
0.318,-0.00582,original
0.31812622524504897,-0.006309694954453868,interpolado
0.3182260452090418,-0.006508306898472482,interpolado
0.3183258651730345,-0.006555585839269652,interpolado
0.3184256851370274,-0.006465567829874858,interpolado
0.3185255051010202,-0.00625228892331777,interpolado
0.3186253250650129,-0.005929785172627732,interpolado
0.3187251450290058,-0.005512092630834676,interpolado
0.31882496499299856,-0.005013247350968016,interpolado
0.3189247849569914,-0.0044472853860569855,interpolado
0.319,-0.003985,original
0.31912442488497705,-0.003166705208901947,interpolado
0.31922424484896983,-0.002466861571630961,interpolado
0.3193240648129626,-0.0017320318881551126,interpolado
0.31942388477695544,-0.0009655628510519164,interpolado
0.3195237047409482,-0.00017080115290016746,interpolado
0.3196235247049411,0.0006489065137230648,interpolado
0.3197233446689338,0.001490213456238924,interpolado
0.3198231646329266,0.002349772982069913,interpolado
0.3199229845969194,0.003224238398638577,interpolado
0.32,0.003907,original
0.3201226245249051,0.0049984467782124755,interpolado
0.3202224444888978,0.00586746797910239,interpolado
0.3203222644528905,0.0066943494915839685,interpolado
0.32042208441688336,0.007456153125230725,interpolado
0.32052190438087613,0.008129940689614907,interpolado
0.320621724344869,0.008692773994310352,interpolado
0.32072154430886174,0.009121714848889526,interpolado
0.32082136427285446,0.009393825062925892,interpolado
0.32092118423684735,0.00948616644599255,interpolado
0.321,0.009417,original
0.32112082416483284,0.009055178798707722,interpolado
0.3212206441288257,0.00854891340895588,interpolado
0.3213204640928185,0.007886212548575971,interpolado
0.32142028405681144,0.00709620328090509,interpolado
0.3215201040208041,0.006208012669281899,interpolado
0.3216199239847969,0.005250767777043777,interpolado
0.32171974394878977,0.004253595667527946,interpolado
0.32181956391278255,0.0032456234040733065,interpolado
0.32191938387677543,0.002255978050016555,interpolado
0.322,0.00149,original
0.322119023804761,0.0004446448594822641,interpolado
0.32221884376875376,-0.0003336770001482618,interpolado
0.3223186637327466,-0.0010045651470906947,interpolado
0.32241848369673937,-0.0015513909856322073,interpolado
0.32251830366073214,-0.0019575259200586364,interpolado
0.32261812362472486,-0.0022063413546567693,interpolado
0.3227179435887177,-0.002281208693713048,interpolado
0.3228177635527104,-0.00216549934151383,interpolado
0.3229175835167033,-0.0018425847023454157,interpolado
0.323,-0.001408,original
0.3231172234446888,-0.0005306611805697749,interpolado
0.3232170434086817,0.000395805424959403,interpolado
0.3233168633726745,0.0014184820363653096,interpolado
0.32341668333666734,0.0024723591642851228,interpolado
0.3235165033006601,0.0034924273193537624,interpolado
0.32361632326465284,0.004413677012207931,interpolado
0.3237161432286457,0.0051710987534841135,interpolado
0.32381596319263856,0.005699683053817559,interpolado
0.32391578315663144,0.005934420423844893,interpolado
0.324,0.005856,original
0.32411542308461694,0.005298780091352252,interpolado
0.3242152430486098,0.0044619226662878,interpolado
0.3243150630126025,0.0033763192844034166,interpolado
0.3244148829765953,0.002118470053489988,interpolado
0.3245147029405881,0.0007648750813409405,interpolado
0.32461452290458087,-0.0006079655242523876,interpolado
0.32471434286857376,-0.001923551655498702,interpolado
0.3248141628325665,-0.0031053832046045076,interpolado
0.32491398279655936,-0.00407696006377903,interpolado
0.325,-0.004687,original
0.32511362272454486,-0.005116612338487509,interpolado
0.3252134426885377,-0.0051856623486447135,interpolado
0.3253132626525305,-0.005027814187780983,interpolado
0.32541308261652324,-0.004701890258028643,interpolado
0.3255129025805161,-0.00426671296152053,interpolado
0.3256127225445089,-0.003781104700388938,interpolado
0.32571254250850173,-0.0033038878767660527,interpolado
0.32581236247249445,-0.0028938848927848714,interpolado
0.32591218243648734,-0.0026099181505774456,interpolado
0.326,-0.002511,original
0.3261118223644728,-0.002633565699178063,interpolado
0.3262116423284658,-0.0029545408600129704,interpolado
0.32631146229245855,-0.0034394162078622984,interpolado
0.3264112822564514,-0.004053899394404114,interpolado
0.32651110222044416,-0.004763698071315293,interpolado
0.3266109221844369,-0.005534519890273719,interpolado
0.32671074214842977,-0.006332072502957404,interpolado
0.3268105621124225,-0.007122063561043021,interpolado
0.3269103820764153,-0.00787020071620858,interpolado
0.327,-0.008478,original
0.32711002200440087,-0.0091081668088944,interpolado
0.3272098419683937,-0.00955125154269529,interpolado
0.3273096619323865,-0.009856975482545327,interpolado
0.32740948189637925,-0.01001086476308457,interpolado
0.32750930186037197,-0.009998445518952735,interpolado
0.32760912182436486,-0.009805243884789611,interpolado
0.3277089417883576,-0.009416785995234735,interpolado
0.32780876175235046,-0.008818597984928315,interpolado
0.32790858171634324,-0.00799620598850996,interpolado
0.328,-0.007034,original
0.3281082216443288,-0.00563583958606718,interpolado
0.3282080416083216,-0.004145095987798502,interpolado
0.3283078615723144,-0.002518709398197579,interpolado
0.32840768153630717,-0.0008124768861857735,interpolado
0.3285075015003,0.0009178044793157219,interpolado
0.3286073214642928,0.002616337629382818,interpolado
0.3287071414282856,0.004227325495095186,interpolado
0.32880696139227844,0.005694971007528866,interpolado
0.32890678135627116,0.006963477097762635,interpolado
0.329,0.007919,original
0.32910642128425677,0.008697777685049268,interpolado
0.32920624124824965,0.009146436296979716,interpolado
0.32930606121224243,0.00935583274116582,interpolado
0.32940588117623515,0.009358772955031139,interpolado
0.32950570114022804,0.009188062875998776,interpolado
0.3296055211042208,0.00887650844149217,interpolado
0.3297053410682137,0.008456915588934256,interpolado
0.3298051610322064,0.007962090255748748,interpolado
0.32990498099619925,0.007424838379358685,interpolado
0.33,0.006904,original
0.3301046209241848,0.006345338068670504,interpolado
0.33020444088817763,0.005819868697211338,interpolado
0.3303042608521704,0.005287770113789687,interpolado
0.33040408081616324,0.0047352555133557605,interpolado
0.330503900780156,0.004148538090859726,interpolado
0.3306037207441488,0.003513831041252729,interpolado
0.3307035407081417,0.0028173475594845533,interpolado
0.33080336067213445,0.00204530084050647,interpolado
0.3309031806361272,0.0011839040792686116,interpolado
0.331,0.00025,original
0.33110282056411283,-0.0008503230083155391,interpolado
0.33120264052810566,-0.001984204047165925,interpolado
0.33130246049209844,-0.00313147730677393,interpolado
0.3314022804560912,-0.0042413477404541836,interpolado
0.33150210042008404,-0.005263020301521223,interpolado
0.3316019203840768,-0.006145699943287908,interpolado
0.33170174034806965,-0.006838591619069162,interpolado
0.3318015603120625,-0.007290900282178211,interpolado
0.33190138027605526,-0.007451830885929501,interpolado
0.332,-0.007275,original
0.3321010202040409,-0.006719364549840967,interpolado
0.3322008401680338,-0.005859040545749044,interpolado
0.3323006601320266,-0.004771884473662696,interpolado
0.33240048009601936,-0.003540164397329113,interpolado
0.3325003000600122,-0.002246148380495165,interpolado
0.33260012002400496,-0.0009721044869099174,interpolado
0.3326999399879977,0.00019969921967974479,interpolado
0.3327997599519906,0.00118699467552671,interpolado
0.33289957991598335,0.0019075138168822535,interpolado
0.333,0.00228,original
0.3330992198439689,0.002246234601530696,interpolado
0.33319903980796167,0.001864374022987083,interpolado
0.3332988597719545,0.0012166074761063034,interpolado
0.3333986797359472,0.00038613559861994844,interpolado
0.33349849969994005,-0.0005438409717419704,interpolado
0.3335983196639327,-0.0014901215972475462,interpolado
0.3336981396279256,-0.002369505640166441,interpolado
0.3337979595919184,-0.0030987924627681684,interpolado
0.33389777955591116,-0.0035947814273210484,interpolado
0.334,-0.003774,original
0.33409741948389676,-0.003576180701963104,interpolado
0.33419723944788954,-0.0030345153325460326,interpolado
0.3342970594118824,-0.002208833150353742,interpolado
0.33439687937587514,-0.0011586918487945664,interpolado
0.334496699339868,5.635087872519161e-05,interpolado
0.33459651930386075,0.0013767373387967665,interpolado
0.3346963392678536,0.0027429098380133974,interpolado
0.33479615923184647,0.004095310682968429,interpolado
0.33489597919583924,0.00537438218025294,interpolado
0.335,0.006565,original
0.33509561912382485,0.007483851829974708,interpolado
0.3351954390878176,0.00825755111958637,interpolado
0.33529525905181046,0.00884726383003062,interpolado
0.33539507901580323,0.009258590095456916,interpolado
0.335494898979796,0.009497130050015831,interpolado
0.33559471894378884,0.009568483827857216,interpolado
0.3356945389077816,0.009478251563131363,interpolado
0.33579435887177445,0.0092320333899882,interpolado
0.33589417883576717,0.008835429442578117,interpolado
0.336,0.008257,original
0.33609381876375277,0.007614302122691841,interpolado
0.33619363872774555,0.006806666712089162,interpolado
0.33629345869173843,0.005882784816982115,interpolado
0.3363932786557312,0.0048543078502699885,interpolado
0.336493098619724,0.0037328872248499085,interpolado
0.3365929185837169,0.0025301743536213874,interpolado
0.33669273854770965,0.0012578206494820792,interpolado
0.3367925585117024,-7.252247467050754e-05,interpolado
0.3368923784756953,-0.0014492036059366325,interpolado
0.337,-0.002972,original
0.3370920184036809,-0.004286651734243274,interpolado
0.33719183836767364,-0.005665349629028649,interpolado
0.33729165833166647,-0.006921275542096775,interpolado
0.33739147829565924,-0.007979034927823982,interpolado
0.3374912982596521,-0.00876323324058912,interpolado
0.33759111822364474,-0.009198475934769036,interpolado
0.33769093818763757,-0.009209368464742015,interpolado
0.33779075815163034,-0.008720516284885385,interpolado
0.3378905781156232,-0.0076565248495774245,interpolado
0.338,-0.00574,original
0.3380902180436087,-0.0035337681869062627,interpolado
0.33819003800760156,-0.0005609285203186443,interpolado
0.3382898579715943,0.002790087529854241,interpolado
0.3383896779355871,0.0063328092606791545,interpolado
0.33848949789957994,0.00988076596922841,interpolado
0.3385893178635727,0.01324748695257435,interpolado
0.33868913782756555,0.016246501507783707,interpolado
0.3387889577915583,0.018691338931930125,interpolado
0.33888877775555115,0.020395528522081385,interpolado
0.339,0.021194,original
0.33908841768353676,0.020878670808459367,interpolado
0.3391882376475296,0.01961046726479907,interpolado
0.33928805761152236,0.017549121968053517,interpolado
0.33938787757551514,0.014875859281630403,interpolado
0.3394876975395079,0.011771903568934147,interpolado
0.3395875175035007,0.008418479193368177,interpolado
0.3396873374674935,0.004996810518341643,interpolado
0.3397871574314863,0.001688121907256301,interpolado
0.33988697739547913,-0.0013263622764787511,interpolado
0.34,-0.004156,original
0.3400866173234648,-0.005774497626361939,interpolado
0.3401864372874575,-0.007058375923455073,interpolado
0.34028625725145034,-0.00778071781013425,interpolado
0.3403860772154432,-0.008005283010769297,interpolado
0.340485897179436,-0.007795831249731356,interpolado
0.3405857171434288,-0.0072161222513906125,interpolado
0.3406855371074216,-0.0063299157401183375,interpolado
0.3407853570714145,-0.00520097144028422,interpolado
0.3408851770354072,-0.003893049076260137,interpolado
0.341,-0.00225,original
0.3410848169633928,-0.0009928315757385534,interpolado
0.3411846369273856,0.0004925465903034309,interpolado
0.34128445689137843,0.0019466833367921036,interpolado
0.34138427685537115,0.0033300495866522583,interpolado
0.3414840968193638,0.004603116262811135,interpolado
0.34158391678335676,0.005726354288195732,interpolado
0.3416837367473495,0.006660234585731208,interpolado
0.34178355671134225,0.007365228078344969,interpolado
0.3418833766753351,0.007801805688962643,interpolado
0.342,0.007919,original
0.3420830166033207,0.007721006026140694,interpolado
0.3421828365673134,0.007206269802653254,interpolado
0.3422826565313063,0.006444764657861635,interpolado
0.34238247649529907,0.005495103605747956,interpolado
0.3424822964592918,0.004415899660293099,interpolado
0.3425821164232846,0.0032657658354776613,interpolado
0.3426819363872775,0.0021033151452841924,interpolado
0.34278175635127034,0.0009871606036927147,interpolado
0.34288157631526306,-2.4084775314259745e-05,interpolado
0.343,-0.001007,original
0.3430812162432487,-0.0015043934439227921,interpolado
0.3431810362072415,-0.0019197368683292713,interpolado
0.3432808561712343,-0.0021370909072514458,interpolado
0.3433806761352271,-0.0021757923198340214,interpolado
0.3434804960992199,-0.0020551778652221093,interpolado
0.3435803160632127,-0.0017945843025604675,interpolado
0.34368013602720554,-0.001413348390994332,interpolado
0.34377995599119826,-0.0009308068896685329,interpolado
0.3438797759551911,-0.00036629655772767535,interpolado
0.344,0.000395,original
0.3440794158831766,0.0009315648103692171,interpolado
0.3441792358471695,0.0016289131111083684,interpolado
0.34427905581116214,0.002336900202152602,interpolado
0.3443788757751551,0.003039540307771199,interpolado
0.3444786957391478,0.003720847652232264,interpolado
0.3445785157031407,0.00436483645980543,interpolado
0.34467833566713346,0.004955520954758868,interpolado
0.34477815563112624,0.00547691536136184,interpolado
0.34487797559511907,0.005913033903883459,interpolado
0.345,0.006307,original
0.34507761552310473,0.0064668683786816,interpolado
0.34517743548709745,0.006566221733229918,interpolado
0.3452772554510902,0.006547394128858139,interpolado
0.34537707541508306,0.006411860856390702,interpolado
0.3454768953790759,0.006161097206652306,interpolado
0.3455767153430686,0.005796578470467219,interpolado
0.34567653530706144,0.005319779938660397,interpolado
0.3457763552710542,0.004732176902056211,interpolado
0.345876175235047,0.004035244651478795,interpolado
0.346,0.003021,original
0.3460758151630326,0.0023222659873695034,interpolado
0.3461756351270254,0.0013401794725727877,interpolado
0.34627545509101815,0.000326283231854456,interpolado
0.34637527505501103,-0.0006772440908273983,interpolado
0.34647509501900375,-0.001628223851512998,interpolado
0.3465749149829966,-0.002484477406244709,interpolado
0.34667473494698936,-0.0032038261110629196,interpolado
0.3467745549109822,-0.003744091322009496,interpolado
0.346874374874975,-0.004063094395125901,interpolado
0.347,-0.004085,original
0.3470740148029606,-0.0038751359319871407,interpolado
0.34717383476695335,-0.0033554264142136607,interpolado
0.34727365473094607,-0.002613274675626895,interpolado
0.347373474694939,-0.001702704272420607,interpolado
0.3474732946589318,-0.0006777387607901378,interpolado
0.3475731146229246,0.00040759830307127924,interpolado
0.3476729345869174,0.0014992833629681095,interpolado
0.3477727545509101,0.0025432928627066383,interpolado
0.347872574514903,0.0034856032460930456,interpolado
0.348,0.004455,original
0.34807221444288855,0.00485419921287825,interpolado
0.3481720344068813,0.005231958445156723,interpolado
0.34827185437087416,0.005433031362697044,interpolado
0.34837167433486693,0.0054852693001996,interpolado
0.3484714942988597,0.005416523592364744,interpolado
0.34857131426285254,0.005254645573892825,interpolado
0.3486711342268453,0.005027486579484434,interpolado
0.34877095419083814,0.004762897943839898,interpolado
0.34887077415483103,0.004488731001659463,interpolado
0.349,0.004165,original
0.3490704140828166,0.004020072576403929,interpolado
0.34917023404680936,0.003844953091394852,interpolado
0.3492700540108021,0.003684354465856657,interpolado
0.34936987397479496,0.0035149344032032997,interpolado
0.34946969393878774,0.0033133506068490116,interpolado
0.34956951390278057,0.003056260780207761,interpolado
0.34966933386677346,0.0027203226266933923,interpolado
0.3497691538307661,0.002282193849720322,interpolado
0.34986897379475895,0.0017185321527020936,interpolado
0.35,0.000749,original
0.3500686137227445,0.00012553000479000772,interpolado
0.3501684336867373,-0.0008956237406103189,interpolado
0.35026825365073017,-0.0020019715220305845,interpolado
0.35036807361472294,-0.0031376153425737305,interpolado
0.3504678935787158,-0.00424665720534025,interpolado
0.3505677135427085,-0.005273199113432552,interpolado
0.35066753350670127,-0.006161343069952853,interpolado
0.3507673534706941,-0.006855191078001931,interpolado
0.3508671734346869,-0.007298845140682263,interpolado
0.351,-0.007405,original
0.3510668133626724,-0.007218398428280104,interpolado
0.35116663332666526,-0.006669241373107201,interpolado
0.35126645329065803,-0.005860698180508173,interpolado
0.3513662732546509,-0.004865304824739065,interpolado
0.3514660932186437,-0.0037555972800578565,interpolado
0.35156591318263647,-0.002604111520720883,interpolado
0.35166573314662936,-0.0014833835209843932,interpolado
0.3517655531106221,-0.0004659492551065047,interpolado
0.35186537307461496,0.00037565530265697676,interpolado
0.352,0.001104,original
0.35206501300260046,0.0012471249433177187,interpolado
0.3521648329665933,0.0012161833949368068,interpolado
0.35226465293058606,0.0009306201555104774,interpolado
0.35236447289457884,0.0004458902764300657,interpolado
0.3524642928585717,-0.00018255119091227894,interpolado
0.3525641128225644,-0.000899249195125189,interpolado
0.35266393278655733,-0.0016487486848174946,interpolado
0.35276375275055005,-0.0023755946085967507,interpolado
0.35286357271454294,-0.0030243319150721126,interpolado
0.353,-0.003684,original
0.3530632126425285,-0.0038692465010149914,interpolado
0.3531630326065213,-0.004008862923848771,interpolado
0.3532628525705141,-0.003986927131023087,interpolado
0.353362672534507,-0.0038327079079542125,interpolado
0.35346249249849976,-0.0035754740400585953,interpolado
0.3535623124624926,-0.0032444943127524512,interpolado
0.3536621324264853,-0.002869037511451826,interpolado
0.3537619523904782,-0.0024783724215734163,interpolado
0.353861772354471,-0.0021017678285330877,interpolado
0.354,-0.001658,original
0.3540614122824566,-0.0015056470717331957,interpolado
0.35416123224644935,-0.0013097684153539986,interpolado
0.35426105221044213,-0.0011547909885478728,interpolado
0.3543608721744349,-0.0010141188496139342,interpolado
0.3544606921384277,-0.0008611560568516456,interpolado
0.35456051210242046,-0.0006693066685602479,interpolado
0.35466033206641323,-0.0004119747430388935,interpolado
0.354760152030406,-6.256433858717629e-05,interpolado
0.35485997199439884,0.0004055204864960051,interpolado
0.355,0.001313,original
0.3550596119223844,0.0018009889303648376,interpolado
0.3551594318863772,0.0027283188334073557,interpolado
0.35525925185037,0.0037408526585067958,interpolado
0.35535907181436277,0.004777623890121098,interpolado
0.35545889177835566,0.005777666012708263,interpolado
0.3555587117423485,0.006680012510724613,interpolado
0.35565853170634126,0.007423696868628538,interpolado
0.35575835167033415,0.007947752570876652,interpolado
0.35585817163432687,0.008191213101926874,interpolado
0.356,0.007935,original
0.3560578115623125,0.007597590678888736,interpolado
0.3561576315263053,0.006731906990010929,interpolado
0.3562574514902981,0.005590902162116187,interpolado
0.3563572714542908,0.004271377328241506,interpolado
0.35645709141828363,0.0028701336214234817,interpolado
0.3565569113822764,0.001483972174701091,interpolado
0.3566567313462693,0.0002096941211102893,interpolado
0.356756551310262,-0.0008558994063100846,interpolado
0.3568563712742547,-0.001616007274523399,interpolado
0.357,-0.001979,original
0.35705601120224034,-0.001838693424896188,interpolado
0.35715583116623323,-0.0012274545649012525,interpolado
0.35725565113022595,-0.0002486221294646002,interpolado
0.3573554710942188,0.0009863595570170065,interpolado
0.35745529105821156,0.002366046170147372,interpolado
0.3575551110222043,0.0037789933855279286,interpolado
0.3576549309861972,0.005113756878763137,interpolado
0.35775475095019,0.0062588923254544735,interpolado
0.3578545709141827,0.007102955401205735,interpolado
0.358,0.007564,original
0.35805421084216843,0.007448000096172203,interpolado
0.3581540308061612,0.006849901228850084,interpolado
0.358253850770154,0.0058467272154949625,interpolado
0.35835367073414676,0.004548521376806878,interpolado
0.3584534906981396,0.0030653270334852364,interpolado
0.3585533106621324,0.0015071875062319794,interpolado
0.35865313062612525,-1.5853884254243746e-05,interpolado
0.358752950590118,-0.0013937538172714376,interpolado
0.3588527705541108,-0.002516468972120222,interpolado
0.359,-0.003474,original
0.3590524104820964,-0.0035607639944251713,interpolado
0.3591522304460892,-0.0033656064105134203,interpolado
0.35925205041008196,-0.0027654035791797272,interpolado
0.35935187037407484,-0.0018404749838765182,interpolado
0.35945169033806756,-0.0006711401080554944,interpolado
0.35955151030206045,0.0006622815648295983,interpolado
0.3596513302660533,0.0020794705513277403,interpolado
0.35975115023004595,0.0035001073679849118,interpolado
0.3598509701940388,0.00484387253134948,interpolado
0.36,0.006533,original
0.3600506101220244,0.006981586117569881,interpolado
0.3601504300860172,0.007665262702705536,interpolado
0.36025025005001,0.008094824692207275,interpolado
0.3603500700140028,0.00828552901318553,interpolado
0.36044988997799565,0.008252632592750208,interpolado
0.36054970994198837,0.008011392358011332,interpolado
0.3606495299059812,0.007577065236078928,interpolado
0.36074934986997403,0.006964908154062594,interpolado
0.36084916983396675,0.006190178039072998,interpolado
0.3609489897979596,0.005268131818219278,interpolado
0.361,0.004745,original
0.36114862972594514,0.003058045264864937,interpolado
0.36124844968993797,0.0018403856118480004,interpolado
0.36134826965393074,0.0006039626882769658,interpolado
0.36144808961792363,-0.0006088369182664351,interpolado
0.3615479095819164,-0.0017556266201977826,interpolado
0.3616477295459091,-0.0027940198299347134,interpolado
0.361747549509902,-0.003681629959894616,interpolado
0.36184736947389473,-0.004376070422493434,interpolado
0.3619471894378875,-0.004834954630148834,interpolado
0.362,-0.004968,original
0.3621468293658732,-0.004924209181442252,interpolado
0.362246649329866,-0.004600519600873548,interpolado
0.3623464692938588,-0.004093934042882717,interpolado
0.36244628925785155,-0.0034519938252381165,interpolado
0.3625461092218443,-0.0027222402657093407,interpolado
0.3626459291858371,-0.0019522146820649307,interpolado
0.3627457491498298,-0.0011894583920733321,interpolado
0.36284556911382276,-0.0004815127135042754,interpolado
0.3629453890778155,0.0001240810358741066,interpolado
0.363,0.000395,original
0.3631450290058011,0.0008732033333867463,interpolado
0.36324484896979403,0.001020509314707902,interpolado
0.3633446689337867,0.0010439990091604665,interpolado
0.3634444888977797,0.000964907043244889,interpolado
0.36354430886177236,0.0008044680434616613,interpolado
0.36364412882576513,0.0005839166363111637,interpolado
0.363743948789758,0.0003244874482936406,interpolado
0.36384376875375074,4.741510590978678e-05,interpolado
0.36394358871774357,-0.0002260657643402843,interpolado
0.364,-0.000371,original
0.3641432286457291,-0.0006898548803160079,interpolado
0.364243048609722,-0.0008738902948735601,interpolado
0.36434286857371484,-0.0010314108251619943,interpolado
0.36444268853770756,-0.001166651418211453,interpolado
0.3645425085017003,-0.0012838470210517524,interpolado
0.36464232846569306,-0.0013872325807129365,interpolado
0.3647421484296859,-0.0014810430442250195,interpolado
0.36484196839367866,-0.0015695133586178613,interpolado
0.3649417883576715,-0.00165687847092153,interpolado
0.365,-0.001709,original
0.3651414282856571,-0.0018458157208573345,interpolado
0.36524124824964993,-0.0019575849802541284,interpolado
0.3653410682136427,-0.0020881604461966564,interpolado
0.36544088817763554,-0.0022430066168237085,interpolado
0.3655407081416282,-0.002427587990273754,interpolado
0.36564052810562103,-0.002647369064685511,interpolado
0.3657403480696139,-0.0029078143381977757,interpolado
0.36584016803360664,-0.003214388308948897,interpolado
0.3659399879975995,-0.0035725554750778645,interpolado
0.366,-0.003815,original
0.366139627925585,-0.004449232190105739,interpolado
0.36623944788957785,-0.004929079304319946,interpolado
0.3663392678535706,-0.005396685698926958,interpolado
0.3664390878175635,-0.0058217930133672565,interpolado
0.36653890778155623,-0.00617414288708123,interpolado
0.36663872774554906,-0.0064234769595087,interpolado
0.3667385477095419,-0.006539536870090121,interpolado
0.3668383676735346,-0.006492064258265574,interpolado
0.36693818763752745,-0.006250800763475387,interpolado
0.367,-0.005991,original
0.367137827565513,-0.005098811061767868,interpolado
0.3672376475295059,-0.0042305542125500376,interpolado
0.3673374674934987,-0.003226236706994565,interpolado
0.3674372874574914,-0.002130686944443979,interpolado
0.36753710742148415,-0.0009887333242406058,interpolado
0.367636927385477,0.00015479575427130419,interpolado
0.3677367473494698,0.0012550718917500024,interpolado
0.36783656731346265,0.002267266688851286,interpolado
0.36793638727745537,0.0031465517462328173,interpolado
0.368,0.003617,original
0.3681360272054411,0.004357280369380698,interpolado
0.3682358471694339,0.004696077514524111,interpolado
0.3683356671334267,0.0048918377049577185,interpolado
0.3684354870974194,0.004971338991558148,interpolado
0.3685353070614123,0.004961359425201772,interpolado
0.3686351270254051,0.004888677056765007,interpolado
0.3687349469893979,0.004780069937124205,interpolado
0.3688347669533906,0.004662316117155892,interpolado
0.3689345869173835,0.004562193647736413,interpolado
0.369,0.004519,original
0.369134226845369,0.0045048521815063735,interpolado
0.3692340468093619,0.004544726274780186,interpolado
0.36933386677335467,0.004610388996486965,interpolado
0.36943368673734744,0.004686414544609873,interpolado
0.3695335067013403,0.004757377117132098,interpolado
0.36963332666533305,0.004807850912036711,interpolado
0.36973314662932577,0.004822410127306897,interpolado
0.36983296659331855,0.004785628960925791,interpolado
0.3699327865573113,0.004682081610876563,interpolado
0.37,0.004567,original
0.37013242648529704,0.004219365333303894,interpolado
0.3702322464492898,0.0038510000691077996,interpolado
0.3703320664132827,0.0033923109413974755,interpolado
0.3704318863772754,0.0028442671684679793,interpolado
0.37053170634126825,0.0022078379686141713,interpolado
0.370631526305261,0.0014839925601319937,interpolado
0.37073134626925386,0.0006737001613158829,interpolado
0.37083116623324675,-0.00022207000953802488,interpolado
0.3709309861972394,-0.0012023487341349189,interpolado
0.371,-0.001929,original
0.371130626125225,-0.0033948511866965783,interpolado
0.37123044608921785,-0.004543340075276441,interpolado
0.37133026605321073,-0.005663031905129039,interpolado
0.3714300860172035,-0.006705557335646388,interpolado
0.37152990598119623,-0.007622547026220328,interpolado
0.37162972594518895,-0.008365631636241197,interpolado
0.3717295459091819,-0.00888644182510114,interpolado
0.37182936587317456,-0.00913660825219093,interpolado
0.37192918583716733,-0.009067761576902304,interpolado
0.372,-0.008799,original
0.372128825765153,-0.007828094233877382,interpolado
0.37222864572914566,-0.0067348463871702915,interpolado
0.3723284656931386,-0.00543946732578424,interpolado
0.3724282856571313,-0.004029081379993265,interpolado
0.3725281056211242,-0.0025908128800684817,interpolado
0.3726279255851169,-0.0012117861562840923,interpolado
0.37272774554910976,2.087446108813213e-05,interpolado
0.3728275655131026,0.001020044641776094,interpolado
0.37292738547709536,0.0016986000555060765,interpolado
0.373,0.001941,original
0.37312702540508097,0.0018064557231457215,interpolado
0.3732268453690738,0.0012872412274103876,interpolado
0.3733266653330666,0.0005031080213216878,interpolado
0.37342648529705935,-0.00045520888194434657,interpolado
0.3735263052610522,-0.0014969744692135587,interpolado
0.3736261252250449,-0.002531453727309635,interpolado
0.37372594518903773,-0.003467911643058028,interpolado
0.37382576515303056,-0.004215613203283968,interpolado
0.37392558511702334,-0.00468382339481147,interpolado
0.374,-0.004797,original
0.374125225045009,-0.0044721437709763084,interpolado
0.37422504500900183,-0.003813596067469698,interpolado
0.37432486497299466,-0.0028778956602042143,interpolado
0.3744246849369874,-0.0017363289405413025,interpolado
0.37452450490098016,-0.0004601822998401469,interpolado
0.374624324864973,0.0008792578705374333,interpolado
0.37472414482896577,0.00221070517923175,interpolado
0.37482396479295865,0.003462873234883094,interpolado
0.3749237847569513,0.0045644756461296725,interpolado
0.375,0.00526,original
0.37512342468493703,0.0060673946118042716,interpolado
0.37522324464892975,0.006469348442678849,interpolado
0.3753230646129227,0.006695085074045488,interpolado
0.3754228845769153,0.006789346350348611,interpolado
0.3755227045409082,0.006796874116033028,interpolado
0.37562252450490097,0.0067624102155434025,interpolado
0.3757223444688937,0.006730696493324412,interpolado
0.3758221644328865,0.00674647479382074,interpolado
0.37592198439687924,0.006854486961477038,interpolado
0.376,0.007032,original
0.37612162432486496,0.0074979169069729614,interpolado
0.37622144428885773,0.008008754135598631,interpolado
0.3763212642528505,0.00858281664111454,interpolado
0.3764210842168433,0.009171097389865069,interpolado
0.3765209041808361,0.00972458934819585,interpolado
0.37662072414482894,0.010194285482451281,interpolado
0.3767205441088217,0.010531178758976724,interpolado
0.37682036407281444,0.010686262144117241,interpolado
0.3769201840368073,0.010610528604217682,interpolado
0.377,0.010351,original
0.37711982396479293,0.009601003136820755,interpolado
0.37721964392878565,0.008695723146932897,interpolado
0.37731946389277854,0.007595786689752189,interpolado
0.37741928385677137,0.0063577077767901355,interpolado
0.37751910382076415,0.0050380004195556966,interpolado
0.3776189237847569,0.0036931786295606216,interpolado
0.3777187437487496,0.0023797564183144636,interpolado
0.3778185637127426,0.001154247797326837,interpolado
0.3779183836767353,7.31667781093923e-05,interpolado
0.378,-0.000664,original
0.37811802360472085,-0.0014551981698044214,interpolado
0.37821784356871374,-0.0018989827195336408,interpolado
0.3783176635327065,-0.0021746204881102913,interpolado
0.37841748349669935,-0.0023183119694988067,interpolado
0.37851730346069207,-0.002366257657664104,interpolado
0.378617123424685,-0.0023546580465708907,interpolado
0.37871694338867773,-0.0023197136301839174,interpolado
0.37881676335267056,-0.002297624902467911,interpolado
0.3789165833166634,-0.0023245923573876363,interpolado
0.379,-0.002411,original
0.379116223244649,-0.0026533345149993945,interpolado
0.3792160432086418,-0.0029515957800943797,interpolado
0.37931586317263466,-0.0033025109154022976,interpolado
0.3794156831366274,-0.0036770388039127915,interpolado
0.3795155031006201,-0.00404613832861609,interpolado
0.37961532306461293,-0.004380768372502413,interpolado
0.3797151430286058,-0.0046518878185614196,interpolado
0.3798149629925985,-0.004830455549783422,interpolado
0.3799147829565913,-0.0048874304491582565,interpolado
0.38,-0.004818,original
0.380114422884577,-0.004533974040265735,interpolado
0.38021424284856964,-0.0041272446568931965,interpolado
0.3803140628125625,-0.003598493935390748,interpolado
0.3804138827765553,-0.0029726044234706607,interpolado
0.380513702740548,-0.0022744586688443584,interpolado
0.38061352270454085,-0.0015289392192230976,interpolado
0.38071334266853374,-0.0007609286223193986,interpolado
0.3808131626325265,4.690574155881162e-06,interpolado
0.3809129825965193,0.0007430358224901988,interpolado
0.381,0.001345,original
0.3811126225245049,0.002043034619953536,interpolado
0.3812124424884977,0.002576882319182899,interpolado
0.3813122624524905,0.0030253610288322667,interpolado
0.3814120824164833,0.003383057259150021,interpolado
0.381511902380476,0.003644557520385311,interpolado
0.38161172234446883,0.0038044483227870777,interpolado
0.3817115423084616,0.0038573161766040187,interpolado
0.38181136227245444,0.003797747592085066,interpolado
0.38191118223644727,0.003620329079479164,interpolado
0.382,0.003359,original
0.3821108221644329,0.002898800793484845,interpolado
0.3822106421284256,0.0023852927815884517,interpolado
0.3823104620924186,0.001811041234858295,interpolado
0.38241028205641137,0.001207955945383158,interpolado
0.38251010202040414,0.0006079467052508699,interpolado
0.38260992198439703,4.292330654926722e-05,interpolado
0.3827097419483898,-0.0004552044586328741,interpolado
0.3828095619123827,-0.000854526798207936,interpolado
0.38290938187637547,-0.001123133920087326,interpolado
0.383,-0.001227,original
0.3831090218043611,-0.001154534073010642,interpolado
0.38320884176835396,-0.0009237704950455221,interpolado
0.3833086617323467,-0.0005692641203087672,interpolado
0.3834084816963395,-0.00012344537036032728,interpolado
0.3835083016603323,0.0003812553332390718,interpolado
0.38360812162432495,0.000912407568929736,interpolado
0.38370794158831784,0.0014375809151508428,interpolado
0.3838077615523106,0.0019243449503424665,interpolado
0.38390758151630344,0.0023402692529445987,interpolado
0.384,0.002634,original
0.38410722144428894,0.002838549654825076,interpolado
0.38420704140828177,0.002901142014310177,interpolado
0.38430686137227443,0.0028502596238878064,interpolado
0.38440668133626726,0.0026954587748407475,interpolado
0.38450650130026004,0.002446295758452071,interpolado
0.3846063212642528,0.0021123268660044048,interpolado
0.3847061412282456,0.0017031083887810209,interpolado
0.3848059611922384,0.0012281966180646502,interpolado
0.3849057811562312,0.0006971478451378788,interpolado
0.385,0.000153,original
0.38510542108421686,-0.000491414952953363,interpolado
0.38520524104820963,-0.001109802541401801,interpolado
0.3853050610122025,-0.0017071365269056811,interpolado
0.38540488097619535,-0.0022549095903349283,interpolado
0.38550470094018807,-0.0027246144125585635,interpolado
0.3856045209041809,-0.003087743674446715,interpolado
0.38570434086817373,-0.00331579005686861,interpolado
0.38580416083216656,-0.003380246240694122,interpolado
0.3859039807961594,-0.003252604906792762,interpolado
0.386,-0.002922,original
0.38610362072414495,-0.0023229954215395546,interpolado
0.3862034406881377,-0.001553070757472999,interpolado
0.38630326065213044,-0.0006518704891659301,interpolado
0.3864030806161233,0.00032332042737608644,interpolado
0.3865029005801161,0.0013152170361458247,interpolado
0.3866027205441089,0.002266534381138199,interpolado
0.38670254050810166,0.0031199875063460114,interpolado
0.3868023604720944,0.0038182914557636904,interpolado
0.38690218043608726,0.004304161273385319,interpolado
0.387,0.004519,original
0.3871018203640727,0.004431466337110626,interpolado
0.38720164032806553,0.004085239915209835,interpolado
0.3873014602920583,0.003548763070259824,interpolado
0.3874012802560511,0.002889165968132005,interpolado
0.38750110022004397,0.0021735787746989484,interpolado
0.3876009201840367,0.0014691316558317433,interpolado
0.3877007401480295,0.0008429547774030054,interpolado
0.3878005601120224,0.00036217830528413944,interpolado
0.3879003800760151,9.393240534686905e-05,interpolado
0.388,0.000105,original
0.38810002000400073,0.00044084756837116124,interpolado
0.3881998399679936,0.0010545808455336902,interpolado
0.3882996599319863,0.0018782604991527505,interpolado
0.3883994798959792,0.002843599953612285,interpolado
0.388499299859972,0.0038823126332945767,interpolado
0.3885991198239649,0.004926111962584076,interpolado
0.3886989397879576,0.0059067113658629765,interpolado
0.38879875975195044,0.006755824267515244,interpolado
0.38889857971594327,0.007405164091924557,interpolado
0.389,0.00779,original
0.38909821964392877,0.007851284896283886,interpolado
0.3891980396079216,0.007634856800422083,interpolado
0.38929785957191443,0.007194247307383663,interpolado
0.3893976795359072,0.006586543834767715,interpolado
0.38949749949990004,0.005868833800174458,interpolado
0.38959731946389276,0.0050982046212031,interpolado
0.38969713942788564,0.004331743715452744,interpolado
0.3897969593918785,0.0036265385005237742,interpolado
0.38989677935587125,0.0030396763940149876,interpolado
0.39,0.002618,original
0.3900964192838568,0.002433885729436069,interpolado
0.39019623924784963,0.0024298062879287534,interpolado
0.39029605921184235,0.0025702663779245266,interpolado
0.39039587917583524,0.0028095252106923175,interpolado
0.39049569913982796,0.00310184199750067,interpolado
0.3905955191038208,0.003401475949618523,interpolado
0.3906953390678137,0.003662686278314831,interpolado
0.39079515903180634,0.003839732194858111,interpolado
0.3908949789957993,0.00388687291051734,interpolado
0.391,0.003746,original
0.3910946189237848,0.003420267026999192,interpolado
0.3911944388877776,0.0028937810981494393,interpolado
0.3912942588517703,0.0022162356111186574,interpolado
0.3913940788157632,0.0014249582854219595,interpolado
0.391493898779756,0.0005572768405760657,interpolado
0.39159371874374876,-0.00034948100390361377,interpolado
0.39169353870774154,-0.001257987528501756,interpolado
0.3917933586717343,-0.002130915013701512,interpolado
0.39189317863572726,-0.0029309357399879845,interpolado
0.392,-0.003664,original
0.39209281856371275,-0.004169105214738669,interpolado
0.3921926385277056,-0.004575341615053213,interpolado
0.3922924584916983,-0.004848065229394681,interpolado
0.39239227845569113,-0.004995912741831244,interpolado
0.39249209841968385,-0.005027520836430596,interpolado
0.3925919183836767,-0.00495152619726071,interpolado
0.39269173834766946,-0.004776565508389314,interpolado
0.3927915583116623,-0.004511275453884467,interpolado
0.39289137827565507,-0.0041642927178137355,interpolado
0.393,-0.003704,original
0.39309101820364073,-0.003261186175019029,interpolado
0.3931908381676335,-0.002732369712277267,interpolado
0.3932906581316262,-0.0021774429384516588,interpolado
0.3933904780956191,-0.0016160454531973516,interpolado
0.39349029805961194,-0.0010678168561707145,interpolado
0.3935901180236047,-0.0005523967470271727,interpolado
0.3936899379875976,-8.942472542222384e-05,interpolado
0.3937897579515903,0.00030145960898787105,interpolado
0.3938895779155832,0.0006006166565477851,interpolado
0.394,0.000801,original
0.3940892178435688,0.0008501646529545167,interpolado
0.3941890378075616,0.0007986443667227373,interpolado
0.39428885777155437,0.0006559972247475672,interpolado
0.3943886777355472,0.00044438284010879563,interpolado
0.3944884976995401,0.00018596082588658768,interpolado
0.39458831766353275,-9.71092048392359e-05,interpolado
0.3946881376275256,-0.00038266763898890985,interpolado
0.39478795759151836,-0.0006485548634821861,interpolado
0.3948877775555112,-0.0008726112652393043,interpolado
0.395,-0.001047,original
0.3950874174834968,-0.0011091072282139853,interpolado
0.3951872374474895,-0.0010969031216018358,interpolado
0.39528705741148235,-0.0009963569764165432,interpolado
0.3953868773754751,-0.0008077680374893955,interpolado
0.39548669733946795,-0.0005314355496514856,interpolado
0.3955865173034608,-0.00016765875773439037,interpolado
0.39568633726745367,0.00028326309343102227,interpolado
0.3957861572314464,0.0008210307590129815,interpolado
0.39588597719543916,0.0014453449941804423,interpolado
0.396,0.002264,original
0.3960856171234247,0.002949295418921643,interpolado
0.39618543708741755,0.003802866558806598,interpolado
0.39628525705141027,0.004686660432177818,interpolado
0.39638507701540304,0.005570703251022123,interpolado
0.3964848969793959,0.006425021227326329,interpolado
0.3965847169433887,0.007219640573075834,interpolado
0.39668453690738154,0.007924587500257842,interpolado
0.39678435687137426,0.008509888220857914,interpolado
0.3968841768353671,0.00894556894686283,interpolado
0.397,0.009224,original
0.3970838167633527,0.009255825212315657,interpolado
0.3971836367273454,0.009135606700937951,interpolado
0.39728345669133824,0.008888503249039599,interpolado
0.397383276655331,0.008562070995467897,interpolado
0.3974830966193239,0.008203866079069975,interpolado
0.39758291658331674,0.007861444638693583,interpolado
0.39768273654730946,0.007582362813185718,interpolado
0.3977825565113023,0.007414176741394043,interpolado
0.3978823764752951,0.007404442562165707,interpolado
0.398,0.007661,original
0.3980820164032808,0.008039991485277313,interpolado
0.3981818363672735,0.008686399505044694,interpolado
0.39828165633126633,0.009473346661081006,interpolado
0.3983814762952591,0.010334131096051287,interpolado
0.39848129625925194,0.011202050952620737,interpolado
0.39858111622324466,0.012010404373453083,interpolado
0.3986809361872376,0.012692489501213879,interpolado
0.3987807561512303,0.01318160447856705,interpolado
0.39888057611522315,0.013411047448177756,interpolado
0.399,0.013251,original
0.39908021604320876,0.01283635281753135,interpolado
0.3991800360072015,0.012012739125144594,interpolado
0.3992798559711943,0.010917942825387935,interpolado
0.39937967593518703,0.009626809969844484,interpolado
0.3994794958991799,0.00821418661009694,interpolado
0.3995793158631727,0.006754918797730391,interpolado
0.39967913582716547,0.005323852584326796,interpolado
0.39977895579115824,0.003995834021471273,interpolado
0.39987877575515096,0.002845709160746503,interpolado
0.4,0.001796,original
0.4000784156831367,0.0013687087508246478,interpolado
0.4001782356471294,0.0010958891065521016,interpolado
0.4002780556111222,0.0010834239485131337,interpolado
0.40037787557511495,0.0012846724734162252,interpolado
0.40047769553910784,0.0016529938779703294,interpolado
0.40057751550310067,0.0021417473588837303,interpolado
0.40067733546709344,0.0027042921128653005,interpolado
0.4007771554310863,0.0032939873366240797,interpolado
0.40087697539507905,0.003864192226868103,interpolado
0.401,0.004471,original
0.40107661532306454,0.004763255564466632,interpolado
0.4011764352870573,0.005036494268380094,interpolado
0.40127625525105026,0.00519017393274409,interpolado
0.40137607521504304,0.0052265888552398354,interpolado
0.40147589517903587,0.005148033333548764,interpolado
0.4015757151430287,0.004956801665352353,interpolado
0.40167553510702136,0.004655188148331976,interpolado
0.40177535507101425,0.004245487080168767,interpolado
0.4018751750350071,0.003729992758544567,interpolado
0.402,0.00294,original
0.4020748149629926,0.0023933892012206496,interpolado
0.4021746349269854,0.0016046037432984515,interpolado
0.4022744548909782,0.0007837168584455994,interpolado
0.402374274854971,-3.0101092348714073e-05,interpolado
0.4024740948189638,-0.0007976797480970816,interpolado
0.4025739147829567,-0.0014798487478103713,interpolado
0.40267373474694934,-0.0020374377305007593,interpolado
0.4027735547109422,-0.0024312763351801497,interpolado
0.40287337467493495,-0.002622194200859824,interpolado
0.403,-0.002511,original
0.4030730146029205,-0.0022454652469922477,interpolado
0.4031728345669134,-0.0016769599923284074,interpolado
0.40327265453090616,-0.0009314569671605644,interpolado
0.403372474494899,-7.524831259854291e-05,interpolado
0.40347229445889177,0.0008253738302495587,interpolado
0.4035721144228846,0.0017041173202737461,interpolado
0.40367193438687743,0.0024946900163655434,interpolado
0.4037717543508702,0.003130799777416281,interpolado
0.4038715743148631,0.00354615446231626,interpolado
0.404,0.003649,original
0.40407121424284864,0.003458400594631256,interpolado
0.4041710342068414,0.002929037045239444,interpolado
0.40427085417083425,0.002167722999227666,interpolado
0.4043706741348269,0.0012563915772882753,interpolado
0.4044704940988199,0.00027697590011183115,interpolado
0.40457031406281274,-0.0006885909116090732,interpolado
0.4046701340268054,-0.0015583757371834947,interpolado
0.4047699539907982,-0.0022504454559202835,interpolado
0.404869773954791,-0.0026828669471271618,interpolado
0.405,-0.002721,original
0.4050694138827766,-0.002450817651123931,interpolado
0.4051692338467694,-0.0017447115819049048,interpolado
0.4052690538107622,-0.0007472236989894104,interpolado
0.40536887377475495,0.0004489887525881426,interpolado
0.4054686937387478,0.0017512685277957048,interpolado
0.4055685137027405,0.003066958381598528,interpolado
0.4056683336667333,0.004303401068964054,interpolado
0.40576815363072616,0.00536793934485955,interpolado
0.4058679735947188,0.00616791596425052,interpolado
0.406,0.006662,original
0.40606761352270454,0.006612811405340091,interpolado
0.40616743348669726,0.00619446181488463,interpolado
0.40626725345069015,0.0054406708855560945,interpolado
0.40636707341468287,0.004437484956054933,interpolado
0.4064668933786757,0.003270950365080381,interpolado
0.4065667133426686,0.0020271134513313092,interpolado
0.4066665333066613,0.0007920205535087114,interpolado
0.4067663532706541,-0.0003482819896891134,interpolado
0.4068661732346469,-0.0013077478395612922,interpolado
0.407,-0.00216,original
0.4070658131626326,-0.0023462393142302863,interpolado
0.40716563312662524,-0.0023403733285402876,interpolado
0.4072654530906181,-0.0020267738528221783,interpolado
0.40736527305461084,-0.0014503450199825367,interpolado
0.4074650930186036,-0.0006559909629274853,interpolado
0.40756491298259645,0.0003113841854373406,interpolado
0.40766473294658917,0.0014068762922046342,interpolado
0.4077645529105821,0.0025855812244693454,interpolado
0.4078643728745747,0.00380259484932393,interpolado
0.408,0.005437,original
0.40806401280256027,0.006172973809443115,interpolado
0.4081638327665532,0.007251918362323961,interpolado
0.408263652730546,0.008228470564536104,interpolado
0.4083634726945388,0.009081436696718279,interpolado
0.4084632926585316,0.009789623039510885,interpolado
0.4085631126225244,0.010331835873553998,interpolado
0.40866293258651726,0.010686881479486831,interpolado
0.4087627525505101,0.010833566137949578,interpolado
0.4088625725145028,0.010750696129581894,interpolado
0.409,0.010222,original
0.40906221244248847,0.009814239988037227,interpolado
0.40916203240648125,0.008960925016617423,interpolado
0.4092618523704741,0.007902818412933613,interpolado
0.40936167233446685,0.006686207220703108,interpolado
0.4094614922984596,0.005357378483641474,interpolado
0.40956131226245235,0.003962619245464037,interpolado
0.4096611322264452,0.002548216549888473,interpolado
0.40976095219043807,0.001160457440629375,interpolado
0.4098607721544308,-0.0001543710385955876,interpolado
0.41,-0.001779,original
0.4100604120824164,-0.002382235900790575,interpolado
0.41016023204640917,-0.0032384801323754797,interpolado
0.41026005201040205,-0.003929969265580063,interpolado
0.4103598719743947,-0.0044685542461406855,interpolado
0.41045969193838755,-0.004866086019794899,interpolado
0.41055951190238044,-0.00513441553227994,interpolado
0.4106593318663732,-0.005285393729332641,interpolado
0.4107591518303661,-0.005330871556690308,interpolado
0.4108589717943588,-0.005282699960090015,interpolado
0.411,-0.005078,original
0.4110586117223445,-0.004952822547614535,interpolado
0.4111584316863372,-0.004695000912116965,interpolado
0.41125825165033014,-0.004391416728141836,interpolado
0.41135807161432286,-0.0040542253141204005,interpolado
0.4114578915783157,-0.003695581988483414,interpolado
0.41155771154230847,-0.003327642069661582,interpolado
0.41165753150630124,-0.0029625608760862317,interpolado
0.4117573514702941,-0.0026124937261880698,interpolado
0.41185717143428685,-0.0022895959383978396,interpolado
0.412,-0.001899,original
0.41205681136227257,-0.0017734137092895537,interpolado
0.4121566313262652,-0.0015946578067708515,interpolado
0.41225645129025806,-0.0014653401378139906,interpolado
0.41235627125425084,-0.001380821833451783,interpolado
0.41245609121824367,-0.0013364640247171687,interpolado
0.41255591118223645,-0.00132762784264294,interpolado
0.4126557311462292,-0.001349674418261953,interpolado
0.4127555511102219,-0.0013979648826070404,interpolado
0.4128553710742148,-0.0014678603667110952,interpolado
0.413,-0.001598,original
0.41305501100220043,-0.0016539100544449474,interpolado
0.4131548309661932,-0.0017607689868788148,interpolado
0.413254650930186,-0.0018706294290820908,interpolado
0.41335447089417876,-0.001978821544353406,interpolado
0.4134542908581716,-0.0020806754959912105,interpolado
0.4135541108221644,-0.002171521447294184,interpolado
0.4136539307861573,-0.002246689561560795,interpolado
0.4137537507501499,-0.0023015100020896693,interpolado
0.4138535707141428,-0.0023313129321793895,interpolado
0.414,-0.00232,original
0.4140532106421284,-0.0022972486785625954,interpolado
0.4141530306061212,-0.0022253874799097037,interpolado
0.4142528505701139,-0.002113580074374253,interpolado
0.4143526705341068,-0.0019596031279093583,interpolado
0.41445249049809957,-0.0017612333064683976,interpolado
0.41455231046209245,-0.0015162472760043596,interpolado
0.4146521304260852,-0.0012224217024707255,interpolado
0.4147519503900779,-0.0008775332518205814,interpolado
0.41485177035407084,-0.0004793585900069031,interpolado
0.415,0.000215,original
0.41505141028205633,0.000485454730192584,interpolado
0.41515123024604916,0.0010497857670812194,interpolado
0.41525105021004205,0.0016571349751916132,interpolado
0.41535087017403477,0.002297078166496553,interpolado
0.4154506901380276,0.0029591911529677512,interpolado
0.4155505101020204,0.003633049746578356,interpolado
0.4156503300660131,0.0043082297593000415,interpolado
0.4157501500300059,0.0049743070031056085,interpolado
0.4158499699939987,0.005620857289967831,interpolado
0.41594978995799153,0.006237456431858415,interpolado
0.416,0.006533,original
0.41614942988597714,0.007333299891253754,interpolado
0.41624924984996986,0.0077763669792900985,interpolado
0.4163490698139628,0.008121863265060593,interpolado
0.4164488897779555,0.008348982915523596,interpolado
0.4165487097419484,0.008436920097638093,interpolado
0.41664852970594124,0.008364868978362736,interpolado
0.416748349669934,0.008112023724656369,interpolado
0.4168481696339267,0.007657578503477435,interpolado
0.41694798959791957,0.006980727481785192,interpolado
0.417,0.006533,original
0.4171476295259051,0.0049326850493028275,interpolado
0.41724744948989795,0.003671864693705063,interpolado
0.4173472694538908,0.002363355080287513,interpolado
0.4174470894178835,0.0010904021121097174,interpolado
0.4175469093818763,-6.374830777099855e-05,interpolado
0.41764672934586905,-0.001015850276297042,interpolado
0.4177465493098619,-0.0016826578904092736,interpolado
0.4178463692738547,-0.0019809252470502836,interpolado
0.41794618923784743,-0.0018274064431616542,interpolado
0.418,-0.001528,original
0.4181458291658331,4.797081113881424e-05,interpolado
0.41824564912982587,0.00160273457908442,interpolado
0.4183454690938187,0.003373993543924831,interpolado
0.41844528905781153,0.005214074216730745,interpolado
0.4185451090218043,0.006975303108575833,interpolado
0.4186449289857972,0.008510006730533598,interpolado
0.41874474894979,0.009670511593675003,interpolado
0.4188445689137828,0.010309144209073888,interpolado
0.41894438887777563,0.010278231087802226,interpolado
0.419,0.009916,original
0.4191440288057612,0.007785117515128653,interpolado
0.41924384876975385,0.005507005413627183,interpolado
0.4193436687337468,0.0027885918641174096,interpolado
0.4194434886977395,-0.0001821533213061814,interpolado
0.41954330866173234,-0.0032172603305535906,interpolado
0.4196431286257251,-0.00612875935153497,interpolado
0.4197429485897177,-0.008728680572155596,interpolado
0.41984276855371067,-0.010829054180326739,interpolado
0.4199425885177034,-0.012241910363954585,interpolado
0.42,-0.01267,original
0.420142228445689,-0.012423324322364778,interpolado
0.42024204840968177,-0.011314240137991717,interpolado
0.4203418683736747,-0.00962145184611933,interpolado
0.4204416883376675,-0.007509874419897174,interpolado
0.4205415083016603,-0.005144422832472056,interpolado
0.42064132826565304,-0.002690012056990216,interpolado
0.4207411482296459,-0.000311557066602047,interpolado
0.4208409681936387,0.0018260271655472868,interpolado
0.42094078815763153,0.003557825666307749,interpolado
0.421,0.004326,original
0.4211404280856173,0.005268121676836976,interpolado
0.4212402480496099,0.0052888607307091575,interpolado
0.4213400680136028,0.004885821919993919,interpolado
0.4214398879775956,0.004160694944263565,interpolado
0.4215397079415883,0.0032151695030897954,interpolado
0.4216395279055811,0.0021509352960438215,interpolado
0.42173934786957384,0.0010696820226986851,interpolado
0.4218391678335668,7.30993826251195e-05,interpolado
0.4219389877975595,-0.0007371229246039035,interpolado
0.422,-0.001097,original
0.422138627725545,-0.0014626911935133812,interpolado
0.4222384476895378,-0.001393861039367406,interpolado
0.4223382676535306,-0.0011116318852591894,interpolado
0.42243808761752344,-0.0006732740529707742,interpolado
0.42253790758151627,-0.00013605786428376075,interpolado
0.42263772754550916,0.00044274635902046987,interpolado
0.42273754750950193,0.0010058682951595466,interpolado
0.42283736747349476,0.0014960376223523216,interpolado
0.4229371874374875,0.0018559840188165219,interpolado
0.423,0.00199,original
0.42313682736547326,0.0019988877916439995,interpolado
0.423236647329466,0.0018030074973506552,interpolado
0.42333646729345864,0.0014839889099041205,interpolado
0.4234362872574516,0.00108417861067227,interpolado
0.4235361072214443,0.000645923181023676,interpolado
0.4236359271854372,0.00021156920232601629,interpolado
0.42373574714942985,-0.00017653674405209812,interpolado
0.42383556711342263,-0.0004760480767428038,interpolado
0.4239353870774155,-0.0006446182143780387,interpolado
0.424,-0.000664,original
0.42413502700540107,-0.000455910894675652,interpolado
0.4242348469693938,-0.00013252865337039178,interpolado
0.4243346669333867,0.00028380407732403094,interpolado
0.42443448689737945,0.0007472898084708333,interpolado
0.4245343068613722,0.0012121310511324316,interpolado
0.424634126825365,0.0016325303163722408,interpolado
0.4247339467893577,0.001962690115252728,interpolado
0.42483376675335055,0.0021568129588370967,interpolado
0.4249335867173434,0.0021691013581882483,interpolado
0.425,0.002054,original
0.425133226645329,0.0015052942985662563,interpolado
0.4252330466093219,0.0008727404375997198,interpolado
0.42533286657331465,0.00011266142409283196,interpolado
0.4254326865373075,-0.0007190130854214974,interpolado
0.42553250650130026,-0.0015663534344089397,interpolado
0.42563232646529303,-0.0023734299663369846,interpolado
0.4257321464292858,-0.003084313024671331,interpolado
0.42583196639327864,-0.003643072952879063,interpolado
0.4259317863572715,-0.003993780094426924,interpolado
0.426,-0.004085,original
0.4261314262852572,-0.003889356177574217,interpolado
0.42623124624924985,-0.0034672840570748645,interpolado
0.4263310662132426,-0.002869454830052413,interpolado
0.4264308861772354,-0.0021504502057420323,interpolado
0.42653070614122807,-0.0013648518933801386,interpolado
0.42663052610522106,-0.0005672416022015172,interpolado
0.4267303460692138,0.0001877989585573304,interpolado
0.42683016603320645,0.0008456880796612566,interpolado
0.42692998599719933,0.0013518440518748972,interpolado
0.427,0.001587,original
0.42712962592518494,0.0017202412101016808,interpolado
0.4272294458891777,0.0015783158156589235,interpolado
0.42732926585317055,0.0012528185299364486,interpolado
0.4274290858171633,0.0007702989071526143,interpolado
0.4275289057811562,0.00015730650152662954,interpolado
0.42762872574514893,-0.0005596091327234892,interpolado
0.42772854570914176,-0.0013538984413782717,interpolado
0.42782836567313454,-0.002199011870219426,interpolado
0.4279281856371274,-0.0030683998650287724,interpolado
0.428,-0.003694,original
0.42812782556511303,-0.004776406422578527,interpolado
0.42822764552910575,-0.0055714302341748735,interpolado
0.4283274654930986,-0.006301505569259792,interpolado
0.4284272854570914,-0.006947526293670638,interpolado
0.42852710542108424,-0.007490386273243711,interpolado
0.42862692538507696,-0.007910979373816619,interpolado
0.4287267453490698,-0.00819019946122591,interpolado
0.4288265653130625,-0.008308940401308878,interpolado
0.42892638527705534,-0.008248096059902463,interpolado
0.429,-0.008077,original
0.429126025205041,-0.0075337747480384324,interpolado
0.4292258451690337,-0.006926756755196485,interpolado
0.4293256651330266,-0.006215828479077904,interpolado
0.42942548509701933,-0.005449109354958534,interpolado
0.42952530506101216,-0.004674718818115824,interpolado
0.42962512502500494,-0.003940776303825935,interpolado
0.4297249449889977,-0.00329540124736512,interpolado
0.42982476495299055,-0.0027867130840106896,interpolado
0.4299245849169833,-0.0024628312490387154,interpolado
0.43,-0.00237,original
0.430124224844969,-0.002527346329789323,interpolado
0.4302240448089618,-0.0028781316235573216,interpolado
0.4303238647729546,-0.003364322506824782,interpolado
0.43042368473694753,-0.003926272913516401,interpolado
0.43052350470094025,-0.004504336777555748,interpolado
0.43062332466493286,-0.005038868032867345,interpolado
0.43072314462892586,-0.005470220613375622,interpolado
0.4308229645929185,-0.00573874845300429,interpolado
0.43092278455691146,-0.005784805485677808,interpolado
0.431,-0.00563,original
0.4311224244848969,-0.005009693825920694,interpolado
0.4312222444488898,-0.00422364112867499,interpolado
0.43132206441288257,-0.003257282664942601,interpolado
0.4314218843768754,-0.0021770694911317197,interpolado
0.4315217043408681,-0.0010494526636527586,interpolado
0.43162152430486084,5.911676108566748e-05,interpolado
0.43172134426885367,0.0010821877266749096,interpolado
0.4318211642328465,0.0019533091767046156,interpolado
0.43192098419683933,0.0026060300547664896,interpolado
0.432,0.002924,original
0.43212062412482494,0.003025178558370717,interpolado
0.43222044408881777,0.0028011543707997604,interpolado
0.43232026405281054,0.002353582904713532,interpolado
0.4324200840168033,0.0017340422343972155,interpolado
0.43251990398079615,0.0009941104341371402,interpolado
0.4326197239447888,0.00018536557821862516,interpolado
0.4327195439087818,-0.0006406142590731659,interpolado
0.4328193638727746,-0.0014322510034516741,interpolado
0.43291918383676725,-0.002137966580632098,interpolado
0.433,-0.002611,original
0.4331188237647528,-0.0031054784675627616,interpolado
0.43321864372874574,-0.003349384545295417,interpolado
0.4333184636927385,-0.0034581039133020418,interpolado
0.43341828365673135,-0.0034517568784068783,interpolado
0.433518103620724,-0.0033504637474340362,interpolado
0.4336179235847168,-0.0031743448272076417,interpolado
0.4337177435487097,-0.002943520424551649,interpolado
0.4338175635127024,-0.0026781108462904193,interpolado
0.43391738347669534,-0.0023982363992477804,interpolado
0.434,-0.00217,original
0.43411702340468084,-0.0018665951168338965,interpolado
0.4342168433686737,-0.0016158989598735753,interpolado
0.4343166633326666,-0.0013585847459240182,interpolado
0.4344164832966593,-0.0010813368285463388,interpolado
0.43451630326065216,-0.0007708395613022533,interpolado
0.4346161232246449,-0.0004137772977530291,interpolado
0.43471594318863777,3.1656085401694962e-06,interpolado
0.43481576315263065,0.0004933048040154716,interpolado
0.43491558311662337,0.0010699559351116756,interpolado
0.435,0.001635,original
0.43511522304460903,0.0025249369617545763,interpolado
0.4352150430086019,0.0033798524028344924,interpolado
0.43531486297259464,0.004281091436826166,interpolado
0.43541468293658747,0.005198591093142553,interpolado
0.4355145029005802,0.0061022884011966445,interpolado
0.435614322864573,0.006962120390399922,interpolado
0.4357141428285659,0.007748024090165806,interpolado
0.43581396279255863,0.008429936529905905,interpolado
0.43591378275655135,0.008977794739033181,interpolado
0.436,0.00932,original
0.43611342268453696,0.00956621478707055,interpolado
0.4362132426485298,0.009616881092641801,interpolado
0.4363130626125225,0.009545328435381263,interpolado
0.43641288257651534,0.009383324508787245,interpolado
0.4365127025405081,0.009162637006357844,interpolado
0.4366125225045009,0.008915033621591564,interpolado
0.4367123424684938,0.008672282047986405,interpolado
0.4368121624324865,0.00846614997904089,interpolado
0.4369119823964793,0.008328405108253115,interpolado
0.437,0.008289,original
0.43711162232446477,0.008367145804090205,interpolado
0.4372114422884577,0.00852081005890929,interpolado
0.43731126225245043,0.008706309483654756,interpolado
0.4374110822164433,0.008878166948447562,interpolado
0.4375109021804361,0.00899090532340862,interpolado
0.43761072214442887,0.008999047478658677,interpolado
0.43771054210842175,0.008857116284318563,interpolado
0.4378103620724146,0.008519634610509308,interpolado
0.4379101820364073,0.007941125327351754,interpolado
0.438,0.007177,original
0.438109821964393,0.005904812593715276,interpolado
0.4382096419283858,0.004483413089178731,interpolado
0.4383094618923786,0.002882231815947779,interpolado
0.4384092818563714,0.0011715683862461963,interpolado
0.4385091018203642,-0.0005782775877024844,interpolado
0.4386089217843569,-0.0022970064936717826,interpolado
0.43870874174834973,-0.003914318719439022,interpolado
0.4388085617123426,-0.005359914652777871,interpolado
0.4389083816763354,-0.006563494681464759,interpolado
0.439,-0.007395,original
0.4391080216043209,-0.007988363270271965,interpolado
0.4392078415683136,-0.008196896494792445,interpolado
0.4393076615323065,-0.008128217493549764,interpolado
0.4394074814962992,-0.007830173970744708,interpolado
0.43950730146029193,-0.007350613630577572,interpolado
0.43960712142428476,-0.0067373841772495014,interpolado
0.43970694138827754,-0.006038333314960471,interpolado
0.4398067613522703,-0.005301308747911875,interpolado
0.43990658131626315,-0.004574158180303938,interpolado
0.44,-0.003945,original
0.44010622124424886,-0.0033265669579871154,interpolado
0.4402060412082416,-0.0028260391066040587,interpolado
0.4403058611722345,-0.0023797717259440953,interpolado
0.4404056811362273,-0.0019643939100973096,interpolado
0.4405055011002201,-0.0015565347531528166,interpolado
0.44060532106421285,-0.0011328233492006613,interpolado
0.44070514102820557,-0.0006698887923302202,interpolado
0.44080496099219846,-0.00014436017663078276,interpolado
0.4409047809561913,0.0004671334038074751,interpolado
0.441,0.001152,original
0.44110442088417684,0.002027552115702824,interpolado
0.4412042408481696,0.002946750249583545,interpolado
0.44130406081216245,0.0038958263349129136,interpolado
0.44140388077615517,0.004825050643095518,interpolado
0.441503700740148,0.005684693445538004,interpolado
0.44160352070414083,0.006425025013645066,interpolado
0.44170334066813366,0.006996315618822871,interpolado
0.4418031606321264,0.007348835532477213,interpolado
0.44190298059611915,0.007432855026013357,interpolado
0.442,0.00721,original
0.4421026205241047,0.006619721522011306,interpolado
0.44220244048809754,0.005755085305062697,interpolado
0.4423022604520905,0.00468338147060103,interpolado
0.44240208041608314,0.0034832552967272758,interpolado
0.44250190038007603,0.002233352061539936,interpolado
0.4426017203440689,0.0010123170431401774,interpolado
0.44270154030806164,-0.00010120448037294208,interpolado
0.4428013602720545,-0.0010285672309001295,interpolado
0.44290118023604724,-0.0016911259303405766,interpolado
0.443,-0.002009,original
0.44310082016403285,-0.0019345599160799432,interpolado
0.4432006401280257,-0.001518768688542231,interpolado
0.44330046009201846,-0.0008432469428259479,interpolado
0.44340028005601123,1.1620022888549414e-05,interpolado
0.443500100020004,0.0009654469104225423,interpolado
0.4435999199839968,0.0019378484215953643,interpolado
0.4436997399479896,0.0028484392582279567,interpolado
0.44379955991198244,0.003616834122141121,interpolado
0.4438993798759753,0.004162647715154396,interpolado
0.444,0.004406,original
0.4440990198039609,0.0042892874307196485,interpolado
0.4441988397679535,0.003857493823762977,interpolado
0.4442986597319464,0.0031790766398652965,interpolado
0.44439847969593915,0.002322998613495552,interpolado
0.444498299659932,0.0013582224791210365,interpolado
0.44459811962392476,0.00035371097121101474,interpolado
0.44469793958791753,-0.000621573175766865,interpolado
0.4447977595519104,-0.00149866722734489,interpolado
0.44489757951590314,-0.002208608449053893,interpolado
0.445,-0.002691,original
0.4450972194438888,-0.002869828587638045,interpolado
0.4451970394078815,-0.0028011306774207555,interpolado
0.44529685937187435,-0.002528480564648907,interpolado
0.44539667933586713,-0.0021040187950863206,interpolado
0.44549649929986007,-0.0015798859144960774,interpolado
0.44559631926385285,-0.0010082224686422743,interpolado
0.4456961392278456,-0.0004411690032881318,interpolado
0.4457959591918384,6.913393580311683e-05,interpolado
0.4458957791558312,0.0004705458028673885,interpolado
0.446,0.000717,original
0.44609541908381684,0.0007521403812739603,interpolado
0.44619523904780967,0.0006200114834598767,interpolado
0.4462950590118025,0.00035860726268662136,interpolado
0.4463948789757953,1.199699709334223e-05,interpolado
0.446494698939788,-0.00037575003518123694,interpolado
0.4465945189037809,-0.0007605645559984853,interpolado
0.4466943388677736,-0.001098377287219119,interpolado
0.44679415883176643,-0.0013451189507046211,interpolado
0.44689397879575926,-0.0014567202683158633,interpolado
0.447,-0.001378,original
0.4470936187237449,-0.0011124732710572965,interpolado
0.4471934386877376,-0.0006656824968376261,interpolado
0.4472932586517304,-0.00010829610451218025,interpolado
0.4473930786157231,0.0005001252995467391,interpolado
0.4474928985797159,0.0011000211089677644,interpolado
0.44759271854370875,0.0016318307173795068,interpolado
0.44769253850770147,0.0020359935184096974,interpolado
0.4477923584716943,0.002252948905687057,interpolado
0.44789217843568707,0.0022231362728396655,interpolado
0.448,0.001845,original
0.44809181836367273,0.0012057976176321724,interpolado
0.4481916383276655,0.0002468982846902339,interpolado
0.44829145829165834,-0.0008886688325678876,interpolado
0.44839127825565117,-0.0020998557935537833,interpolado
0.4484910982196439,-0.003285614657680941,interpolado
0.4485909181836368,-0.004344897484362793,interpolado
0.44869073814762966,-0.005176656333011018,interpolado
0.4487905581116224,-0.005679843263039313,interpolado
0.4488903780756152,-0.005753410333859971,interpolado
0.449,-0.005219,original
0.4490900180036009,-0.004236169142741201,interpolado
0.44918983796759354,-0.0026548680808529575,interpolado
0.4492896579315863,-0.0006859247072648296,interpolado
0.44938947789557904,0.0015371056671659518,interpolado
0.44948929785957187,0.0038806677315853873,interpolado
0.4495891178235647,0.006211206175139753,interpolado
0.44968893778755736,0.008395165686971408,interpolado
0.4497887577515502,0.010298990956227622,interpolado
0.44988857771554297,0.011789126672051224,interpolado
0.45,0.0128,original
0.45008821764352863,0.013019555363193847,interpolado
0.4501880376075214,0.012688281102162335,interpolado
0.45028785757151424,0.01182577714435181,interpolado
0.45038767753550707,0.01051968378415974,interpolado
0.4504874974994998,0.008857641315982273,interpolado
0.45058731746349273,0.00692729003421476,interpolado
0.4506871374274855,0.0048162702332558635,interpolado
0.4507869573914784,0.0026122222074998237,interpolado
0.45088677735547117,0.0004027862513456084,interpolado
0.451,-0.001999,original
0.4510864172834568,-0.003689554297210765,interpolado
0.4511862372474495,-0.005460178565634993,interpolado
0.4512860572114423,-0.0070213377505559975,interpolado
0.4513858771754352,-0.008358128801053072,interpolado
0.4514856971394278,-0.009455648666208174,interpolado
0.4515855171034207,-0.01029899429510274,interpolado
0.45168533706741354,-0.010873262636816849,interpolado
0.4517851570314063,-0.01116355064043208,interpolado
0.4518849769953991,-0.011154955255029382,interpolado
0.452,-0.010755,original
0.4520846169233847,-0.010189761138074998,interpolado
0.4521844368873774,-0.009272364700375017,interpolado
0.4522842568513703,-0.00814678372367312,interpolado
0.452384076815363,-0.00687946571647712,interpolado
0.45248389677935585,-0.005536858187297025,interpolado
0.4525837167433487,-0.00418540864463997,interpolado
0.45268353670734146,-0.0028915645970160426,interpolado
0.4527833566713344,-0.0017217735529330507,interpolado
0.45288317663532707,-0.0007424830208990673,interpolado
0.453,7.25e-05,original
0.4530828165633128,0.0003901326328291046,interpolado
0.4531826365273055,0.0005093874003828953,interpolado
0.4532824564912982,0.0003900748586974839,interpolado
0.4533822764552911,8.47440985909365e-05,interpolado
0.4534820964192839,-0.00035405578911811025,interpolado
0.4535819163832767,-0.0008737757136118062,interpolado
0.45368173634726955,-0.0014218665840712717,interpolado
0.45378155631126227,-0.0019457793096785065,interpolado
0.4538813762752551,-0.002392964799615449,interpolado
0.454,-0.002752,original
0.4540810162032408,-0.0028536632909403783,interpolado
0.45418083616723354,-0.0028232391002976495,interpolado
0.45428065613122626,-0.0026422215393555643,interpolado
0.4543804760952191,-0.0023333145970450687,interpolado
0.45448029605921186,-0.0019192222622976653,interpolado
0.4545801160232047,-0.0014226485240440693,interpolado
0.45467993598719747,-0.0008662973712159905,interpolado
0.45477975595119025,-0.00027287279274432327,interpolado
0.454879575915183,0.00033492122244012097,interpolado
0.455,0.001055,original
0.4550792158431687,0.0015044054185294185,interpolado
0.4551790358071614,0.002035995557577849,interpolado
0.4552788557711542,0.0025256728759065054,interpolado
0.4553786757351471,0.0029699873683251415,interpolado
0.45547849569913984,0.003365489029642786,interpolado
0.45557831566313267,0.0037087278546693962,interpolado
0.45567813562712545,0.003996253838214113,interpolado
0.4557779555911182,0.004224616975086662,interpolado
0.45587777555511105,0.004390367260096643,interpolado
0.456,0.004503,original
0.4560774154830966,0.004520825955924282,interpolado
0.4561772354470893,0.004484601164009229,interpolado
0.4562770554110821,0.0043855908295897476,interpolado
0.456376875375075,0.004228019933626432,interpolado
0.45647669533906776,0.004016113457080155,interpolado
0.45657651530306065,0.003754096380911383,interpolado
0.4566763352670533,0.0034461936860811053,interpolado
0.45677615523104614,0.0030966303535498885,interpolado
0.456875975195039,0.002709631364278203,interpolado
0.457,0.002183,original
0.4570756151230245,0.0018416760703851062,interpolado
0.45717543508701736,0.0013843757777972114,interpolado
0.45727525505101013,0.0009417090721689076,interpolado
0.4573750750150029,0.0005379117561353187,interpolado
0.4574748949789958,0.0001972196323322366,interpolado
0.4575747149429886,-5.613149660524397e-05,interpolado
0.4576745349069814,-0.00019790582804183308,interpolado
0.4577743548709742,-0.0002038675593420302,interpolado
0.4578741748349669,-4.9780887870480616e-05,interpolado
0.458,0.00041,original
0.4580738147629525,0.0008313327176256537,interpolado
0.45817363472694533,0.0015611348516651087,interpolado
0.4582734546909381,0.0024408634611361997,interpolado
0.45837327465493105,0.0034332042290869643,interpolado
0.4584730946189238,0.004500842838563392,interpolado
0.45857291458291655,0.005606464972613111,interpolado
0.4586727345469095,0.006712756314283839,interpolado
0.4587725545109022,0.00778240254662143,interpolado
0.4588723744748951,0.00877808935267414,interpolado
0.459,0.009884,original
0.45907201440288065,0.010401289657475405,interpolado
0.4591718343668735,0.0109884932094065,interpolado
0.4592716543308662,0.011433961405274196,interpolado
0.459371474294859,0.011747713091896714,interpolado
0.45947129425885186,0.011939767116091411,interpolado
0.45957111422284463,0.0120201423246762,interpolado
0.45967093418683747,0.011998857564468744,interpolado
0.45977075415083024,0.01188593168228678,interpolado
0.459870574114823,0.011691383524947899,interpolado
0.46,0.011334,original
0.4600702140428085,0.011096805006588424,interpolado
0.4601700340068014,0.010708383936847227,interpolado
0.4602698539707942,0.010258130720756223,interpolado
0.46036967393478695,0.009744155565163738,interpolado
0.4604694938987798,0.009164568676919163,interpolado
0.46056931386277256,0.008517480262871045,interpolado
0.4606691338267654,0.007801000529867791,interpolado
0.4607689537907582,0.007013239684759018,interpolado
0.46086877375475105,0.006152307934392667,interpolado
0.461,0.004906,original
0.4610684136827365,0.004205551065602171,interpolado
0.4611682336467294,0.003143983820441409,interpolado
0.4612680536107222,0.002070114148759861,interpolado
0.461367873574715,0.0010226532062980144,interpolado
0.4614676935387078,4.0312148798687784e-05,interpolado
0.46156751350270053,-0.0008381978679970761,interpolado
0.46166733346669336,-0.0015741656883480053,interpolado
0.4617671534306861,-0.0021288801565116284,interpolado
0.4618669733946789,-0.0024636301167468783,interpolado
0.462,-0.002501,original
0.4620666133226644,-0.00232342201504918,interpolado
0.4621664332866573,-0.0018394355602634617,interpolado
0.4622662532506501,-0.0011499652181705031,interpolado
0.4623660732146429,-0.0003178542759969432,interpolado
0.46246589317863573,0.0005940539790289301,interpolado
0.46256571314262857,0.0015229162596802116,interpolado
0.4626655331066214,0.0024058892787300334,interpolado
0.4627653530706143,0.0031801297489500533,interpolado
0.46286517303460684,0.003782794383113445,interpolado
0.463,0.004213,original
0.4630648129625925,0.004227538853947247,interpolado
0.4631646329265854,0.0040233023217304525,interpolado
0.4632644528905782,0.0035955191894649872,interpolado
0.46336427285457094,0.003002247494435856,interpolado
0.4634640928185637,0.002301545273927695,interpolado
0.4635639127825566,0.001551470565226357,interpolado
0.46366373274654943,0.0008100814056161204,interpolado
0.46376355271054215,0.0001354358323828824,interpolado
0.4638633726745349,-0.00041440811718873225,interpolado
0.464,-0.000859,original
0.4640630126025205,-0.0009119070748833962,interpolado
0.46416283256651336,-0.0008113061479048332,interpolado
0.4642626525305061,-0.0005267397551915459,interpolado
0.4643624724944989,-0.00010624455875389922,interpolado
0.46446229245849174,0.00040214277939804846,interpolado
0.4645621124224845,0.0009503855972533492,interpolado
0.4646619323864773,0.001490447232802195,interpolado
0.46476175235047007,0.0019742910240336067,interpolado
0.46486157231446285,0.00235388030893753,interpolado
0.465,0.002618,original
0.4650612122424484,0.0026115289401296158,interpolado
0.4651610322064413,0.0024482961942674593,interpolado
0.46526085217043406,0.0021305451722409326,interpolado
0.4653606721344269,0.0016981889713241544,interpolado
0.4654604920984197,0.0011911406887909906,interpolado
0.4655603120624125,0.0006493134219161822,interpolado
0.4656601320264053,0.00011262026797333554,interpolado
0.4657599519903981,-0.0003790256757627747,interpolado
0.4658597719543908,-0.0007857113120182913,interpolado
0.466,-0.001137,original
0.46605941188237654,-0.00118697513979344,interpolado
0.4661592318463693,-0.001143577545865795,interpolado
0.46625905181036204,-0.0009656864465050847,interpolado
0.46635887177435487,-0.0006824207499408585,interpolado
0.4664586917383477,-0.00032289936440243344,interpolado
0.4665585117023404,8.375880188024617e-05,interpolado
0.46665833166633325,0.0005084348406780646,interpolado
0.4667581516303259,0.0009220098437610056,interpolado
0.4668579715943188,0.00129536490289977,interpolado
0.467,0.0017,original
0.46705761152230435,0.001806270249825366,interpolado
0.4671574314862972,0.0019100747667997252,interpolado
0.46725725145028996,0.0019226816427010474,interpolado
0.46735707141428273,0.001856501156032901,interpolado
0.4674568913782756,0.001723943585298679,interpolado
0.46755671134226834,0.001537419209002019,interpolado
0.4676565313062612,0.0013093383056462116,interpolado
0.467756351270254,0.0010521111537350003,interpolado
0.4678561712342467,0.0007781480317717519,interpolado
0.468,0.000379,original
0.4680558111622323,0.00023021103627722045,interpolado
0.4681556311262252,-7.997465796135791e-06,interpolado
0.46825545109021804,-0.00018354109736740245,interpolado
0.4683552710542108,-0.0002649220432449768,interpolado
0.46845509101820354,-0.00022064248823704753,interpolado
0.46855491098219637,-1.920461715190292e-05,interpolado
0.4686547309461892,0.00037088938520219035,interpolado
0.4687545509101821,0.0009811373340173836,interpolado
0.46885437087417486,0.0018430370444847603,interpolado
0.469,0.003617,original
0.4690540108021604,0.00444430521391256,interpolado
0.4691538307661532,0.006173273768516818,interpolado
0.469253650730146,0.008076887398202219,interpolado
0.46935347069413874,0.010054919632433589,interpolado
0.4694532906581316,0.012007144000680002,interpolado
0.4695531106221244,0.013833334032406223,interpolado
0.4696529305861172,0.015433263257080347,interpolado
0.46975275055011,0.01670670520416997,interpolado
0.4698525705141028,0.017553433403140604,interpolado
0.47,0.017811,original
0.47005221044208834,0.017570763985932665,interpolado
0.4701520304060811,0.01665257746951498,interpolado
0.470251850370074,0.01522105747989681,interpolado
0.4703516703340668,0.013382331220715525,interpolado
0.47045149029805955,0.011242525895604977,interpolado
0.4705513102620523,0.008907768708203322,interpolado
0.4706511302260451,0.006484186862145206,interpolado
0.470750950190038,0.004077907561065061,interpolado
0.4708507701540307,0.0017950580086013527,interpolado
0.471,-0.001157,original
0.47105041008201637,-0.0019788089268219797,interpolado
0.47115023004600914,-0.0033301407897098167,interpolado
0.471250050010002,-0.004341477817272723,interpolado
0.47134986997399475,-0.0050448604758984925,interpolado
0.4714496899379875,-0.005472329231976838,interpolado
0.47154950990198036,-0.005655924551896202,interpolado
0.4716493298659732,-0.005627686902045791,interpolado
0.47174914982996596,-0.005419656748814341,interpolado
0.47184896979395885,-0.005063874558591001,interpolado
0.4719487897579516,-0.004592380797764305,interpolado
0.472,-0.004316,original
0.4721484296859371,-0.0034260372582484086,interpolado
0.47224824964993,-0.00278352822907848,interpolado
0.4723480696139228,-0.0021335764674197495,interpolado
0.4724478895779156,-0.0015002235511081179,interpolado
0.47254770954190833,-0.0009075110579808914,interpolado
0.4726475295059011,-0.00037948056587430387,interpolado
0.47274734946989394,5.982634737526708e-05,interpolado
0.4728471694338867,0.0003863681039307311,interpolado
0.4729469893978796,0.0005761031259558284,interpolado
0.473,0.000613,original
0.4731466293258651,0.00047868772183418394,interpolado
0.4732464492898579,0.00022507575280484682,interpolado
0.47334626925385076,-0.0001226984888172921,interpolado
0.47344608921784354,-0.0005324537108459223,interpolado
0.4735459091818363,-0.0009720086210939138,interpolado
0.4736457291458292,-0.0014091819273748208,interpolado
0.47374554910982203,-0.001811792337502192,interpolado
0.47384536907381475,-0.0021476585592889058,interpolado
0.4739451890378076,-0.002384599300548638,interpolado
0.474,-0.002461,original
0.47414482896579324,-0.002455773562317215,interpolado
0.47424464892978596,-0.0022899288853249493,interpolado
0.4743444688937788,-0.002006180157061152,interpolado
0.4744442888577715,-0.0016171241330930357,interpolado
0.4745441088217644,-0.0011353575689875817,interpolado
0.4746439287857571,-0.0005734772203126021,interpolado
0.47474374874974995,5.592015736523965e-05,interpolado
0.47484356871374267,0.0007402378084779671,interpolado
0.47494338867773545,0.0014668789774586412,interpolado
0.475,0.001893,original
0.47514302860572105,0.002996135004632744,interpolado
0.4752428485697139,0.0037717909602092746,interpolado
0.4753426685337067,0.004536357401646845,interpolado
0.47544248849769954,0.005275993768717207,interpolado
0.4755423084616923,0.005976859501192056,interpolado
0.4756421284256851,0.006625114038841929,interpolado
0.4757419483896779,0.007206916821438851,interpolado
0.4758417683536707,0.007708427288753486,interpolado
0.4759415883176635,0.008115804880557501,interpolado
0.476,0.008305,original
0.47614122824564914,0.008605190997490802,interpolado
0.476241048209642,0.008696349092280188,interpolado
0.4763408681736347,0.008701407756963252,interpolado
0.47644068813762736,0.008632779084816149,interpolado
0.4765405081016203,0.00850287516911486,interpolado
0.476640328065613,0.008324108103135603,interpolado
0.4767401480296058,0.008108889980154268,interpolado
0.4768399679935986,0.007869632893447174,interpolado
0.4769397879575914,0.0076187489362902795,interpolado
0.477,0.007467,original
0.47713942788557695,0.007120854715364929,interpolado
0.47723924784957,0.00686541590347226,interpolado
0.4773390678135626,0.006590510847921094,interpolado
0.4774388877775555,0.006284566369905227,interpolado
0.4775387077415484,0.005936009290618378,interpolado
0.47763852770554105,0.00553326643125486,interpolado
0.477738347669534,0.005064764613008144,interpolado
0.47783816763352677,0.0045189306570726714,interpolado
0.4779379875975196,0.0038841913846421345,interpolado
0.478,0.00344,original
0.4781376275255052,0.0023216692451877045,interpolado
0.478237447489498,0.0014333414678880214,interpolado
0.47833726745349087,0.0005185354440589091,interpolado
0.47843708741748353,-0.0003886175629751691,interpolado
0.47853690738147636,-0.001253986289889732,interpolado
0.47863672734546914,-0.002043439473358861,interpolado
0.4787365473094619,-0.002722845850058447,interpolado
0.4788363672734547,-0.003258074156662778,interpolado
0.4789361872374474,-0.0036149931298473203,interpolado
0.479,-0.003734,original
0.47913582716543307,-0.0036837713748794367,interpolado
0.47923564712942585,-0.0034124042261843026,interpolado
0.4793354670934186,-0.0029745852518581676,interpolado
0.47943528705741145,-0.002399037940683908,interpolado
0.4795351070214042,-0.0017144857814440971,interpolado
0.4796349269853969,-0.0009496522629224831,interpolado
0.4797347469493897,-0.00013326087390122835,interpolado
0.47983456691338255,0.0007059648968357704,interpolado
0.47993438687737544,0.0015393015605059794,interpolado
0.48,0.00207,original
0.480134026805361,0.003080861626786616,interpolado
0.4802338467693537,0.0037563023310810888,interpolado
0.48033366673334654,0.004354209663600828,interpolado
0.48043348669733943,0.004864321722834566,interpolado
0.4805333066613322,0.005276376607272254,interpolado
0.4806331266253249,0.00558011241540283,interpolado
0.48073294658931776,0.005765267245715951,interpolado
0.48083276655331053,0.005821579196701008,interpolado
0.4809325865173033,0.005738786366847335,interpolado
0.481,0.005599,original
0.4811322264452889,0.005130725937197186,interpolado
0.48123204640928174,0.004639025215347447,interpolado
0.48133186637327463,0.004062507185584928,interpolado
0.48143168633726735,0.0034319204674387723,interpolado
0.4815315063012601,0.0027780136804367948,interpolado
0.48163132626525296,0.0021315354441082232,interpolado
0.4817311462292457,0.0015232343779811807,interpolado
0.4818309661932385,0.0009838591015838755,interpolado
0.4819307861572313,0.0005441582344454059,interpolado
0.482,0.000314,original
0.48213042608521695,6.6390902829022e-05,interpolado
0.4822302460492097,1.844900758843702e-05,interpolado
0.48233006601320255,6.671417519407055e-05,interpolado
0.4824298859771954,0.00018710926458475948,interpolado
0.4825297059411882,0.00035555713469951066,interpolado
0.48262952590518093,0.0005479806444770274,interpolado
0.48272934586917376,0.000740302652856294,interpolado
0.48282916583316654,0.0009084460187762938,interpolado
0.48292898579715937,0.0010283336011757318,interpolado
0.483,0.001071,original
0.48312862572514503,0.0010428836827768059,interpolado
0.4832284456891378,0.0009464911525517977,interpolado
0.48332826565313075,0.0008072615889006883,interpolado
0.48342808561712347,0.0006455678769053423,interpolado
0.4835279055811163,0.00048178290164730515,interpolado
0.4836277255451091,0.0003362795482084682,interpolado
0.4837275455091018,0.00022943070167044026,interpolado
0.48382736547309463,0.00018160924711491512,interpolado
0.48392718543708735,0.0002131880696236557,interpolado
0.484,0.000298,original
0.484126825365073,0.0005780563363103441,interpolado
0.4842266453290657,0.000885429876058546,interpolado
0.4843264652930586,0.0012342561586666087,interpolado
0.4844262852570513,0.0015923042755784577,interpolado
0.4845261052210441,0.0019273433182387795,interpolado
0.48462592518503694,0.002207142378091517,interpolado
0.48472574514902966,0.0023994705465811925,interpolado
0.48482556511302244,0.002472096915152135,interpolado
0.48492538507701516,0.0023927905752485785,interpolado
0.485,0.002215,original
0.4851250250050009,0.0016765364356902085,interpolado
0.48522484496899376,0.0010784777495450979,interpolado
0.48532466493298654,0.00038582806965874764,interpolado
0.4854244848969793,-0.00035095097771129126,interpolado
0.4855243048609722,-0.0010813977663086264,interpolado
0.48562412482496503,-0.001755050669876849,interpolado
0.485723944788958,-0.002321448062158433,interpolado
0.48582376475295075,-0.0027301283168971882,interpolado
0.4859235847169434,-0.002930629807835879,interpolado
0.486,-0.002912,original
0.4861232246449293,-0.002538690640324421,interpolado
0.486223044608922,-0.001976761153721897,interpolado
0.4863228645729149,-0.001243125989065013,interpolado
0.48642268453690757,-0.00039397955220158717,interpolado
0.48652250450090034,0.0005144837510217686,interpolado
0.4866223244648931,0.0014260695147585713,interpolado
0.48672214442888584,0.002284583333160806,interpolado
0.4868219643928787,0.0030338308003823805,interpolado
0.4869217843568715,0.0036176175105754587,interpolado
0.487,0.003923,original
0.4871214242848571,0.0040881380832086586,interpolado
0.48722124424884977,0.003960097845602522,interpolado
0.48732106421284266,0.003619928038775448,interpolado
0.48742088417683543,0.003091792572239266,interpolado
0.4875207041408281,0.0023998553555052834,interpolado
0.48762052410482093,0.0015682802980844456,interpolado
0.48772034406881376,0.0006212313094891259,interpolado
0.4878201640328066,-0.00041712770077025735,interpolado
0.4879199839967994,-0.0015226328231811024,interpolado
0.488,-0.002441,original
0.4881196239247851,-0.0038348913033820066,interpolado
0.48821944388877775,-0.004978566520424443,interpolado
0.4883192638527706,-0.006065644091815582,interpolado
0.4884190838167633,-0.007059638347095361,interpolado
0.48851890378075613,-0.007924063615805568,interpolado
0.488618723744749,-0.008622434227487695,interpolado
0.4887185437087418,-0.009118264511682118,interpolado
0.4888183636727346,-0.009375068797930503,interpolado
0.4889181836367275,-0.00935636141577371,interpolado
0.489,-0.00911,original
0.489117823564713,-0.008376376730063813,interpolado
0.48921764352870584,-0.007470818377509257,interpolado
0.48931746349269867,-0.0063817193037859895,interpolado
0.48941728345669144,-0.00518171047529947,interpolado
0.48951710342068416,-0.0039434228584533495,interpolado
0.489616923384677,-0.002739487419651206,interpolado
0.48971674334866977,-0.0016425351252986184,interpolado
0.4898165633126626,-0.0007251969417986786,interpolado
0.48991638327665543,-6.010383555665245e-05,interpolado
0.49,0.00025,original
0.4901160232046409,0.00026081327727074644,interpolado
0.4902158431686338,-6.0008492089533325e-05,interpolado
0.4903156631326266,-0.0006097225077004559,interpolado
0.4904154830966195,-0.0013158026723740445,interpolado
0.4905153030606121,-0.002105722888923214,interpolado
0.49061512302460486,-0.0029069570601610644,interpolado
0.49071494298859775,-0.003646979088899343,interpolado
0.49081476295259047,-0.004253262877951446,interpolado
0.49091458291658335,-0.004653282330129335,interpolado
0.491,-0.004777,original
0.49111422284456885,-0.0045786194639423575,interpolado
0.4912140428085617,-0.004115509798510229,interpolado
0.49131386277255445,-0.003449660030839107,interpolado
0.4914136827365473,-0.0026454792815623577,interpolado
0.4915135027005401,-0.0017673766713147394,interpolado
0.4916133226645329,-0.0008797613207291865,interpolado
0.49171314262852567,-4.704235044055501e-05,interpolado
0.49181296259251844,0.0006663711189178194,interpolado
0.49191278255651133,0.0011960699667123292,interpolado
0.492,0.001458,original
0.492112422484497,0.0014741573345461373,interpolado
0.49221224244848977,0.0012236276647875153,interpolado
0.4923120624124826,0.0007770582994596041,interpolado
0.4924118823764753,0.0001854127784904314,interpolado
0.49251170234046804,-0.0005003453581909336,interpolado
0.4926115223044609,-0.0012292525706568077,interpolado
0.49271134226845376,-0.0019503453189779678,interpolado
0.49281116223244653,-0.0026126600632264277,interpolado
0.4929109821964394,-0.0031652332634740663,interpolado
0.493,-0.003524,original
0.49311062212442497,-0.003755713758230096,interpolado
0.49321044208841763,-0.0037816315455207715,interpolado
0.49331026205241063,-0.003665079058665615,interpolado
0.49341008201640335,-0.0034362634700505477,interpolado
0.4935099019803961,-0.003125391952061919,interpolado
0.4936097219443889,-0.0027626716770854957,interpolado
0.49370954190838173,-0.002378309817507774,interpolado
0.4938093618723746,-0.0020025135457146406,interpolado
0.49390918183636734,-0.0016654900340920026,interpolado
0.494,-0.001418,original
0.49410882176435283,-0.0012148511278575313,interpolado
0.4942086417283458,-0.0010922985036926455,interpolado
0.49430846169233844,-0.000996366073647145,interpolado
0.49440828165633127,-0.0008936391054644894,interpolado
0.494508101620324,-0.0007507028668883017,interpolado
0.4946079215843169,-0.0005341426256619083,interpolado
0.49470774154830965,-0.0002105436495290578,interpolado
0.49480756151230243,0.00025350879376682175,interpolado
0.49490738147629526,0.0008914294364826135,interpolado
0.495,0.001668,original
0.4951070214042809,0.0028004963106135162,interpolado
0.4952068413682737,0.0040234474957513595,interpolado
0.49530666133226653,0.005331603777549773,interpolado
0.4954064812962593,0.006651089081824374,interpolado
0.495506301260252,0.007908027334388565,interpolado
0.49560612122424497,0.009028542461058544,interpolado
0.4957059411882377,0.009938758387647927,interpolado
0.4958057611522305,0.010564799039972282,interpolado
0.49590558111622335,0.010832788343846537,interpolado
0.496,0.01069,original
0.49610522104420907,0.010029658057124993,interpolado
0.49620504100820173,0.008975744301066348,interpolado
0.4963048609721946,0.007589731492129411,interpolado
0.4964046809361874,0.005954238033751302,interpolado
0.4965045009001801,0.004151882329371964,interpolado
0.49660432086417294,0.0022652827824275815,interpolado
0.49670414082816566,0.0003770577963583736,interpolado
0.4968039607921586,-0.0014301742253986038,interpolado
0.49690378075615144,-0.003073794879406115,interpolado
0.497,-0.004426,original
0.4971034206841369,-0.005558109102024805,interpolado
0.4972032406481296,-0.00633630322506521,interpolado
0.4973030606121225,-0.0068223116842404,interpolado
0.49740288057611537,-0.007032677256724401,interpolado
0.49750270054010803,-0.006983942719690452,interpolado
0.49760252050410086,-0.0066926508503122074,interpolado
0.49770234046809375,-0.00617534442576279,interpolado
0.4978021604320865,-0.005448566223216245,interpolado
0.49790198039607936,-0.00452885901984525,interpolado
0.498,-0.003454,original
0.4981016203240649,-0.0021768287193263997,interpolado
0.4982014402880577,-0.0007775911765242022,interpolado
0.49830126025205046,0.0007484042584072663,interpolado
0.49840108021604335,0.002384614808296216,interpolado
0.49850090018003607,0.004114497695967357,interpolado
0.4986007201440289,0.005921510144248103,interpolado
0.4987005401080217,0.007789109375966037,interpolado
0.49880036007201445,0.009700752613945618,interpolado
0.4989001800360072,0.01163989708101548,interpolado
0.499,0.01359,original
