Time - Voltage_1,Amplitude - Voltage_1,tipo_valor
0.0,0.00199,original
9.981996399279867e-05,0.005129185938353084,interpolado
0.00019963992798559732,0.00781310844536518,interpolado
0.000299459891978396,0.010064375662947498,interpolado
0.00039927985597119453,0.011905595733011245,interpolado
0.0004990998199639931,0.013359376797467638,interpolado
0.0005989197839567919,0.014448326998227888,interpolado
0.0006987397479495905,0.015195054477203207,interpolado
0.0007985597119423888,0.015622167376304799,interpolado
0.0008983796759351872,0.01575227383744388,interpolado
0.001,0.015603,original
0.0010980196039207845,0.015211900013479366,interpolado
0.0011978395679135832,0.014586636012198183,interpolado
0.0012976595319063818,0.013754798140599336,interpolado
0.0013974794958991803,0.01273899454059404,interpolado
0.0014972994598919786,0.011561833354093496,interpolado
0.0015971194238847772,0.010245922723008925,interpolado
0.0016969393878775757,0.008813870789251528,interpolado
0.0017967593518703746,0.007288285694732529,interpolado
0.001896579315863173,0.005691775581363131,interpolado
0.002,0.003987,original
0.00209621924384877,0.002379990639727492,interpolado
0.0021960392078415694,0.0007330356400316423,interpolado
0.002295859171834368,-0.0008473405216689944,interpolado
0.002395679135827166,-0.002314561771513008,interpolado
0.0024954990998199648,-0.0036220520356389984,interpolado
0.0025953190638127637,-0.004723235240185566,interpolado
0.0026951390278055617,-0.005571535311291303,interpolado
0.002794958991798361,-0.00612037617509482,interpolado
0.0028947789557911595,-0.006323181757734708,interpolado
0.003,-0.006111,original
0.003094418883776757,-0.005523056082543742,interpolado
0.0031942388477695545,-0.004552200694477379,interpolado
0.0032940588117623534,-0.003306618041304287,interpolado
0.0033938787757551514,-0.0018721198384933986,interpolado
0.0034936987397479503,-0.0003345178015136463,interpolado
0.0035935187037407475,0.0012203763541660535,interpolado
0.003693338667733547,0.0027067509130767674,interpolado
0.0037931586317263444,0.004038794159749561,interpolado
0.003892978595719143,0.0051306943787155146,interpolado
0.004,0.005937,original
0.004092618523704739,0.006270784347507945,interpolado
0.004192438487697538,0.006286505826992821,interpolado
0.004292258451690337,0.006007948077623914,interpolado
0.0043920784156831335,0.00549926426927913,interpolado
0.004491898379675935,0.004824607571836372,interpolado
0.004591718343668733,0.004048131155173557,interpolado
0.00469153830766153,0.0032339881891685815,interpolado
0.00479135827165433,0.002446331843699365,interpolado
0.004891178235647129,0.001749315288643809,interpolado
0.005,0.001168,original
0.005090818163632725,0.0008715541056118534,interpolado
0.005190638127625526,0.0007302379082035765,interpolado
0.005290458091618324,0.0007496339391554625,interpolado
0.005390278055611122,0.0008962210970537059,interpolado
0.0054900980196039215,0.0011364782804845085,interpolado
0.00558991798359672,0.0014368843880340624,interpolado
0.005689737947589518,0.0017639183182885688,interpolado
0.005789557911582318,0.0020840589698342274,interpolado
0.005889377875575115,0.002363785241257231,interpolado
0.006,0.002586,original
0.006089017803560713,0.0026730124934615787,interpolado
0.006188837767553511,0.002673974518960671,interpolado
0.00628865773154631,0.0025820972171251085,interpolado
0.006388477695539108,0.002407024814680034,interpolado
0.006488297659531905,0.002158401538350587,interpolado
0.006588117623524705,0.0018458716148619034,interpolado
0.006687937587517502,0.001479079270939127,interpolado
0.006787757551510303,0.001067668733307393,interpolado
0.006887577515503101,0.0006212842286918468,interpolado
0.007,8.87e-05,original
0.007087217443488696,-0.0003375931779093463,interpolado
0.007187037407481496,-0.0008289374476433656,interpolado
0.007286857371474294,-0.0013126911632747689,interpolado
0.007386677335467093,-0.0017770819489032863,interpolado
0.007486497299459892,-0.002210337428628636,interpolado
0.0075863172634526915,-0.0026006852265505497,interpolado
0.00768613722744549,-0.0029363529667687546,interpolado
0.007785957191438287,-0.00320556827338297,interpolado
0.007885777155431088,-0.00339655877049293,interpolado
0.008,-0.003504,original
0.008085417083416686,-0.0035009017768854434,interpolado
0.008185237047409484,-0.0034245373515445826,interpolado
0.008285057011402286,-0.0032961753390112047,interpolado
0.008384876975395084,-0.0031435520526188433,interpolado
0.008484696939387882,-0.002994403805701039,interpolado
0.00858451690338068,-0.0028764669115913183,interpolado
0.00868433686737348,-0.002817477683623221,interpolado
0.00878415683136628,-0.002845172435130278,interpolado
0.008883976795359077,-0.0029872874794460266,interpolado
0.009,-0.003333,original
0.009083616723344675,-0.003717666660804433,interpolado
0.00918343668733747,-0.004292451773358852,interpolado
0.009283256651330271,-0.004941466301304139,interpolado
0.009383076615323067,-0.005610203450836159,interpolado
0.009482896579315865,-0.0062441564281507786,interpolado
0.009582716543308663,-0.006788818439443896,interpolado
0.009682536507301462,-0.007189682690911373,interpolado
0.009782356471294258,-0.007392242388749084,interpolado
0.00988217643528706,-0.007341990739152915,interpolado
0.01,-0.006883,original
0.010081816363272652,-0.006277450581184952,interpolado
0.010181636327265452,-0.005265244256009132,interpolado
0.01028145629125825,-0.004028543555618238,interpolado
0.01038127625525105,-0.002648222445646718,interpolado
0.010481096219243848,-0.0012051548917290408,interpolado
0.010580916183236646,0.00021978514050039746,interpolado
0.010680736147229445,0.00154572368540713,interpolado
0.010780556111222242,0.0026917867773566875,interpolado
0.01088037607521504,0.0035771004507146736,interpolado
0.011,0.004181,original
0.01108001600320064,0.0042553014065852554,interpolado
0.011179835967193439,0.004010997446494269,interpolado
0.011279655931186237,0.0034619355725139436,interpolado
0.011379475895179035,0.002682374406610274,interpolado
0.011479295859171835,0.001746572570749203,interpolado
0.011579115823164633,0.0007287886868967238,interpolado
0.011678935787157431,-0.0002967186229811701,interpolado
0.01177875575115023,-0.0012556907369185417,interpolado
0.01187857571514303,-0.0020738690329493935,interpolado
0.012,-0.002772,original
0.012078215643128627,-0.0030005942971478017,interpolado
0.012178035607121426,-0.003056448848397965,interpolado
0.012277855571114226,-0.0028921236353749028,interpolado
0.01237767553510702,-0.0025553899487048963,interpolado
0.012477495499099822,-0.002094019079014207,interpolado
0.01257731546309262,-0.00155578231692911,interpolado
0.012677135427085416,-0.0009884509530758894,interpolado
0.012776955391078218,-0.0004397962780807987,interpolado
0.012876775355071018,4.241041742988156e-05,interpolado
0.013,0.000475,original
0.013076415283056614,0.0006216647653714409,interpolado
0.013176235247049412,0.0006772774123057102,interpolado
0.01327605521104221,0.0005997950673334488,interpolado
0.013375875175035011,0.000411928434029744,interpolado
0.01347569513902781,0.00013638821596968705,interpolado
0.013575515103020611,-0.0002041148832716317,interpolado
0.01367533506701341,-0.0005868701601191143,interpolado
0.013775155031006209,-0.0009891669109976836,interpolado
0.01387497499499901,-0.0013882944323322431,interpolado
0.014,-0.001849,original
0.014074614922984603,-0.002088035971442692,interpolado
0.014174434886977401,-0.0023630256035428294,interpolado
0.014274254850970199,-0.0025901191608847505,interpolado
0.014374074814962995,-0.002772995697432353,interpolado
0.014473894778955797,-0.0029153342671495277,interpolado
0.014573714742948593,-0.003020813924000163,interpolado
0.01467353470694139,-0.003093113721948155,interpolado
0.014773354670934187,-0.003135912714957395,interpolado
0.014873174634926982,-0.0031528899569917748,interpolado
0.015,-0.003143,original
0.01507281456291258,-0.003123951070716919,interpolado
0.01517263452690538,-0.003083758205765718,interpolado
0.015272454490898178,-0.0030286012439763713,interpolado
0.015372274454890979,-0.002959928159014156,interpolado
0.015472094418883775,-0.0028791869245443458,interpolado
0.015571914382876577,-0.002787825514232218,interpolado
0.015671734346869373,-0.002687291901743042,interpolado
0.015771554310862173,-0.0025790340607420976,interpolado
0.015871374274854976,-0.0024644999648946514,interpolado
0.016,-0.00231,original
0.016071014202840572,-0.00222238319802312,interpolado
0.016170834166833372,-0.002097556928670425,interpolado
0.016270654130826165,-0.001971912482756857,interpolado
0.01637047409481896,-0.001846702781990591,interpolado
0.016470294058811764,-0.001723180748079795,interpolado
0.016570114022804557,-0.0016025993027326537,interpolado
0.016669933986797354,-0.001486211367657339,interpolado
0.016769753950790153,-0.001375269864562021,interpolado
0.016869573914782953,-0.0012710277151548833,interpolado
0.017,-0.001147,original
0.017069213842768553,-0.0010868559312290343,interpolado
0.017169033806761345,-0.0009994140693653504,interpolado
0.01726885377075415,-0.000899385499872356,interpolado
0.017368673734746952,-0.0007736745334204181,interpolado
0.01746849369873975,-0.0006091854806799174,interpolado
0.017568313662732548,-0.0003928226523212218,interpolado
0.01766813362672535,-0.00011149035901469298,interpolado
0.017767953590718144,0.0002479070885692782,interpolado
0.017867773554710947,0.0006984653797603452,interpolado
0.018,0.001458,original
0.018067413482696543,0.001923264615260951,interpolado
0.01816723344668934,0.0026947418049938087,interpolado
0.018267053410682136,0.003538534712790601,interpolado
0.01836687337467494,0.004425223820387734,interpolado
0.01846669333866774,0.005325389609521623,interpolado
0.018566513302660535,0.006209612561928588,interpolado
0.018666333266653328,0.00704847315934504,interpolado
0.01876615323064613,0.007812551883507391,interpolado
0.018865973194638928,0.008472429216151966,interpolado
0.019,0.009143,original
0.019065613122624524,0.0093645338890927,interpolado
0.01916543308661732,0.009574848991331405,interpolado
0.019265253050610116,0.00965544926710574,interpolado
0.019365073014602913,0.009632526025740738,interpolado
0.019464892978595716,0.009532270576561436,interpolado
0.019564712942588512,0.009380874228892867,interpolado
0.019664532906581312,0.00920452829206006,interpolado
0.01976435287057411,0.009029424075388067,interpolado
0.019864172834566908,0.008881752888201908,interpolado
0.02,0.008772,original
0.02006381276255251,0.008771084331835753,interpolado
0.020163632726545307,0.008824943824864574,interpolado
0.02026345269053811,0.008921005471663985,interpolado
0.02036327265453091,0.009030560752225658,interpolado
0.02046309261852371,0.009124901146541286,interpolado
0.02056291258251651,0.009175318134602551,interpolado
0.020662732546509306,0.009153103196401134,interpolado
0.02076255251050211,0.009029547811928714,interpolado
0.02086237247449491,0.008775943461176989,interpolado
0.021,0.00816,original
0.02106201240248051,0.007766369705068121,interpolado
0.021161832366473305,0.006994244205566762,interpolado
0.021261652330466105,0.0060833663400878405,interpolado
0.0213614722944589,0.005070490146703562,interpolado
0.021461292258451697,0.003992369663486237,interpolado
0.021561112222444494,0.0028857589285080703,interpolado
0.02166093218643729,0.0017874119798412676,interpolado
0.02176075215043009,0.0007340828555581426,interpolado
0.021860572114422883,-0.00023747440626910343,interpolado
0.022,-0.001388,original
0.02206021204240848,-0.0017901964854753804,interpolado
0.022160032006401275,-0.0023303841097712425,interpolado
0.022259851970394078,-0.0027267774253114533,interpolado
0.02235967193438687,-0.0029956372181344903,interpolado
0.022459491898379667,-0.003153224274278878,interpolado
0.022559311862372467,-0.0032157993797831256,interpolado
0.022659131826365267,-0.0031996233206857353,interpolado
0.02275895179035806,-0.003120956883025219,interpolado
0.022858771754350866,-0.0029960608528400807,interpolado
0.023,-0.002772,original
0.02305841168233646,-0.002672188647414117,interpolado
0.023158231646329266,-0.0024979656819450347,interpolado
0.023258051610322066,-0.002321931851068007,interpolado
0.023357871574314865,-0.0021473370886070683,interpolado
0.02345769153830767,-0.001977431328386252,interpolado
0.023557511502300465,-0.001815464504229609,interpolado
0.02365733146629326,-0.0016646865499611732,interpolado
0.02375715143028606,-0.0015283473994049796,interpolado
0.023856971394278864,-0.0014096969863850771,interpolado
0.024,-0.001277,original
0.024056611322264457,-0.001238243706017703,interpolado
0.024156431286257257,-0.0011877694518348024,interpolado
0.024256251250250056,-0.0011567257840928418,interpolado
0.024356071214242853,-0.0011411788958110528,interpolado
0.024455891178235652,-0.0011371949800086665,interpolado
0.02455571114222845,-0.001140840229704913,interpolado
0.02465553110622125,-0.0011481808379190234,interpolado
0.024755351070214045,-0.0011552829976702286,interpolado
0.024855171034206848,-0.0011582129019777592,interpolado
0.025,-0.001147,original
0.02505481096219244,-0.0011357740090675132,interpolado
0.025154630926185237,-0.0011015822640858116,interpolado
0.02525445089017804,-0.0010448608428067748,interpolado
0.025354270854170833,-0.0009599832160344142,interpolado
0.025454090818163633,-0.0008413228545727408,interpolado
0.025553910782156432,-0.000683253229225777,interpolado
0.02565373074614923,-0.0004801478107975333,interpolado
0.02575355071014203,-0.00022638007009201432,interpolado
0.02585337067413483,8.367652208674816e-05,interpolado
0.026,0.000653,original
0.02605301060212042,0.000894320214396746,interpolado
0.026152830566113224,0.0013876638825968727,interpolado
0.026252650530106014,0.0019081484706758153,interpolado
0.02635247049409882,0.0024276631123573127,interpolado
0.026452290458091617,0.00291809694136505,interpolado
0.026552110422084416,0.003351339091422766,interpolado
0.026651930386077216,0.0036992786962541917,interpolado
0.026751750350070016,0.003933804889583025,interpolado
0.026851570314062816,0.004026806805133,interpolado
0.027,0.003843,original
0.02705121024204842,0.003677528110596188,interpolado
0.02715103020604122,0.003220032934454614,interpolado
0.02725085017003401,0.002625135932252251,interpolado
0.02735067013402681,0.0019417678171760673,interpolado
0.027450490098019614,0.0012188593024130222,interpolado
0.02755031006201241,0.0005053411011501467,interpolado
0.027650130026005214,-0.0001498560734256003,interpolado
0.027749949989998014,-0.0006978015081272546,interpolado
0.02784976995399081,-0.0010895644897677941,interpolado
0.027949589917983606,-0.001276214305160259,interpolado
0.028,-0.001277,original
0.028149229845969206,-0.0008968053468940808,interpolado
0.028249049809962005,-0.00038742180602150745,interpolado
0.028348869773954805,0.000261356526496518,interpolado
0.028448689737947598,0.0009936738799530092,interpolado
0.0285485097019404,0.001753674483641044,interpolado
0.028648329665933194,0.002485502566853705,interpolado
0.028748149629925987,0.0031333023588839973,interpolado
0.028847969593918794,0.0036412180890250095,interpolado
0.028947789557911587,0.003953393986569802,interpolado
0.029,0.00402,original
0.02914742948589718,0.0038295433204497418,interpolado
0.029247249449889975,0.003451446252707876,interpolado
0.02934706941388278,0.00294221252194862,interpolado
0.029446889377875568,0.0023622688007909807,interpolado
0.029546709341868368,0.0017720417618539597,interpolado
0.029646529305861168,0.0012319580777566176,interpolado
0.029746349269853964,0.0008024444211179513,interpolado
0.02984616923384676,0.000543927464556975,interpolado
0.02994598919783956,0.0005168338806927286,interpolado
0.03,0.00062,original
0.03014562912582516,0.0013294268781142073,interpolado
0.030245449089817963,0.002097057694129033,interpolado
0.03034526905381076,0.0030090518943336887,interpolado
0.030445089017803562,0.003992132343024084,interpolado
0.030544908981796355,0.0049730219044960226,interpolado
0.030644728945789155,0.005878443443045446,interpolado
0.030744548909781958,0.006635119822968166,interpolado
0.03084436887377475,0.007169773908560086,interpolado
0.030944188837767558,0.007409128564117091,interpolado
0.031,0.007387,original
0.03114382876575315,0.006780348150500517,interpolado
0.03124364872974596,0.00597029292962902,interpolado
0.03134346869373875,0.0049219545603991005,interpolado
0.03144328865773155,0.003705497850802825,interpolado
0.03154310862172435,0.0023910876088322885,interpolado
0.031642928585717156,0.0010488886424795789,interpolado
0.03174274854970995,-0.0002509342402632982,interpolado
0.03184256851370275,-0.0014382162314040678,interpolado
0.03194238847769555,-0.002442792522950732,interpolado
0.032,-0.002912,original
0.03214202840568114,-0.0036748264551578463,interpolado
0.03224184836967394,-0.003913697004430702,interpolado
0.03234166833366674,-0.003949901098436247,interpolado
0.03244148829765954,-0.0038208740447087134,interpolado
0.03254130826165234,-0.0035640511507823093,interpolado
0.032641128225645126,-0.003216867724191242,interpolado
0.03274094818963792,-0.0028167590724697197,interpolado
0.03284076815363072,-0.0024011605031519206,interpolado
0.03294058811762353,-0.002007507323772113,interpolado
0.033,-0.001799,original
0.03314022804560912,-0.0014158871764718363,interpolado
0.03324004800960192,-0.0012327916112856853,interpolado
0.033339867973594714,-0.0011178588515014776,interpolado
0.03343968793758752,-0.0010654755517186287,interpolado
0.03353950790158032,-0.0010700283665365596,interpolado
0.03363932786557312,-0.001125903950554681,interpolado
0.03373914782956591,-0.0012274889583724078,interpolado
0.033838967793558716,-0.0013691700445891562,interpolado
0.033938787757551506,-0.0015453338638043409,interpolado
0.034,-0.001668,original
0.03413842768553711,-0.0019755875631579604,interpolado
0.03423824764952991,-0.0022089431264295622,interpolado
0.034338067613522705,-0.0024378498989547216,interpolado
0.0344378875775155,-0.002649790595006131,interpolado
0.0345377075415083,-0.0028322479288564817,interpolado
0.0346375275055011,-0.0029727046147784747,interpolado
0.03473734746949389,-0.0030586433670447798,interpolado
0.03483716743348669,-0.0030775468999281025,interpolado
0.03493698739747949,-0.0030168979277011335,interpolado
0.035,-0.002932,original
0.035136627325465096,-0.002621740121466318,interpolado
0.03523644728945789,-0.0023095193454462366,interpolado
0.035336267253450696,-0.0019500765212592545,interpolado
0.03543608721744349,-0.0015656806578704685,interpolado
0.03553590718143629,-0.0011786007642449953,interpolado
0.03563572714542908,-0.0008111058493479543,interpolado
0.03573554710942189,-0.00048546492214444214,interpolado
0.03583536707341469,-0.00022394699159962423,interpolado
0.03593518703740749,-4.88210666785932e-05,interpolado
0.036,8.1e-06,original
0.036134826965393094,-2.7850419290285156e-05,interpolado
0.03623464692938588,-0.00016448515206629008,interpolado
0.036334466893378686,-0.0003680060203657344,interpolado
0.03643428685737148,-0.0006144907534653389,interpolado
0.036534106821364286,-0.0008800170806418658,interpolado
0.036633926785357075,-0.0011406627311720647,interpolado
0.03673374674934987,-0.0013725054343326861,interpolado
0.036833566713342675,-0.0015516229194004806,interpolado
0.03693338667733548,-0.0016540929156522014,interpolado
0.037,-0.001668,original
0.037133026605321064,-0.0015516013748428723,interpolado
0.03723284656931387,-0.001359998850583627,interpolado
0.037332666533306656,-0.0011036845048260806,interpolado
0.03743248649729945,-0.0008048741685266864,interpolado
0.03753230646129226,-0.0004857836726418785,interpolado
0.03763212642528505,-0.000168628848128156,interpolado
0.03773194638927785,0.00012437447405804815,interpolado
0.03783176635327065,0.00037101046296027836,interpolado
0.03793158631726345,0.0005490632876220803,interpolado
0.038,0.00062,original
0.03813122624524904,0.0006300867366619917,interpolado
0.038231046209241844,0.0005561627918636363,interpolado
0.03833086617323465,0.0004441743327501137,interpolado
0.03843068613722745,0.0003234826754660845,interpolado
0.03853050610122025,0.00022344913615620873,interpolado
0.03863032606521305,0.0001734350309651458,interpolado
0.038730146029205846,0.00020280167603756432,interpolado
0.038829965993198635,0.00034091038751811963,interpolado
0.03892978595719144,0.0006171224815514709,interpolado
0.039,0.00091,original
0.039129425885177045,0.0016720713431078967,interpolado
0.03922924584916984,0.0024055567755087845,interpolado
0.03932906581316264,0.003209807048780801,interpolado
0.039428885777155434,0.004033723514562661,interpolado
0.03952870574114822,0.004826207524493032,interpolado
0.039628525705141034,0.005536160430210582,interpolado
0.03972834566913384,0.006112483583353978,interpolado
0.03982816563312663,0.006504078335561905,interpolado
0.03992798559711943,0.0066598460384729745,interpolado
0.04,0.006597,original
0.040127625525105015,0.006096364792527146,interpolado
0.040227445489097825,0.00540982422067772,interpolado
0.04032726545309062,0.004524160986588166,interpolado
0.040427085417083425,0.0034940885714225944,interpolado
0.04052690538107623,0.0023743204563453305,interpolado
0.04062672534506901,0.0012195701225204915,interpolado
0.04072654530906182,8.455105111226089e-05,interpolado
0.04082636527305462,-0.0009760232767151794,interpolado
0.040926185237047406,-0.0019074393797976481,interpolado
0.041,-0.002481,original
0.04112582516503301,-0.0031906089310315766,interpolado
0.0412256451290258,-0.0035333950260528495,interpolado
0.041325465093018605,-0.003708747648742735,interpolado
0.04142528505701141,-0.003741836970293503,interpolado
0.04152510502100421,-0.003657833161897425,interpolado
0.041624924984997015,-0.003481906394746791,interpolado
0.041724744948989805,-0.0032392268400338723,interpolado
0.04182456491298261,-0.002954964668950948,interpolado
0.0419243848769754,-0.0026542900526902937,interpolado
0.042,-0.002431,original
0.04212402480496101,-0.0020912100805089945,interpolado
0.0422238447689538,-0.001828040684072058,interpolado
0.0423236647329466,-0.001556727616625409,interpolado
0.0424234846969394,-0.0012612314484766577,interpolado
0.042523304660932196,-0.0009255127499334132,interpolado
0.04262312462492499,-0.0005335320913032865,interpolado
0.04272294458891779,-6.925004289385186e-05,interpolado
0.042822764552910585,0.00048337282498721746,interpolado
0.04292258451690339,0.0011403759420323411,interpolado
0.043,0.001732,original
0.04312222444488898,0.0028125583400529968,interpolado
0.04322204440888176,0.003783408068446618,interpolado
0.04332186437287459,0.004783771095702998,interpolado
0.04342168433686737,0.005767188374157266,interpolado
0.043521504300860166,0.006687200856144776,interpolado
0.043621324264852976,0.007497349494000813,interpolado
0.04372114422884576,0.008151175240060643,interpolado
0.04382096419283857,0.008602219046659565,interpolado
0.04392078415683137,0.008804021866132845,interpolado
0.044,0.008756,original
0.044120424084816964,0.008304869886451646,interpolado
0.044220244048809754,0.007637821657188624,interpolado
0.04432006401280256,0.0067679284972929415,interpolado
0.04441988397679535,0.005753984666392131,interpolado
0.044519703940788156,0.0046547844241136525,interpolado
0.04461952390478095,0.0035291220300852025,interpolado
0.04471934386877376,0.0024357917439342402,interpolado
0.044819163832766545,0.001433587825288301,interpolado
0.044918983796759356,0.0005813045337749239,interpolado
0.045,4.03e-05,original
0.04511862372474495,-0.00046404512631353565,interpolado
0.04521844368873775,-0.000648702271898472,interpolado
0.04531826365273055,-0.0006495023421683782,interpolado
0.045418083616723344,-0.0004996099186802527,interpolado
0.04551790358071613,-0.00023218958299109208,interpolado
0.04561772354470895,0.00011959408334213412,interpolado
0.04571754350870173,0.0005225764987623772,interpolado
0.045817363472694536,0.0009435930817126641,interpolado
0.045917183436687325,0.0013494792506359963,interpolado
0.046,0.001651,original
0.046116823364672925,0.0019934071062827634,interpolado
0.04621664332866572,0.0022097918490380356,interpolado
0.046316463292658525,0.002361288691423238,interpolado
0.04641628325665133,0.002452930207100743,interpolado
0.04651610322064412,0.002489748969732904,interpolado
0.04661592318463692,0.00247677755298208,interpolado
0.046715743148629724,0.002419048530510625,interpolado
0.04681556311262252,0.002321594475980886,interpolado
0.046915383076615316,0.0021894479630552325,interpolado
0.047,0.002054,original
0.04711502300460093,0.0018387464376023205,interpolado
0.04721484296859371,0.0016191397611730657,interpolado
0.04731466293258652,0.0013641960350251362,interpolado
0.047414482896579326,0.0010692954416661946,interpolado
0.047514302860572115,0.0007298181636039659,interpolado
0.04761412282456492,0.00034114438334611655,interpolado
0.047713942788557714,-0.00010134571659966944,interpolado
0.04781376275255052,-0.0006022719537257068,interpolado
0.047913582716543314,-0.0011662541455243105,interpolado
0.048,-0.001709,original
0.048113222644528914,-0.002492192657787329,interpolado
0.04821304260852171,-0.0032182938189651896,interpolado
0.048312862572514506,-0.003941048502137117,interpolado
0.04841268253650731,-0.00462530566130132,interpolado
0.04851250250050011,-0.005235914250456031,interpolado
0.04861232246449291,-0.0057377232235993735,interpolado
0.048712142428485705,-0.006095581534729591,interpolado
0.0488119623924785,-0.00627433813784489,interpolado
0.0489117823564713,-0.006238841986943469,interpolado
0.049,-0.006001,original
0.049111422284456904,-0.005406501311016882,interpolado
0.0492112422484497,-0.004645338739788319,interpolado
0.049311062212442504,-0.003730298403871032,interpolado
0.0494108821764353,-0.0027211995295115666,interpolado
0.04951070214042809,-0.0016778613429564739,interpolado
0.049610522104420886,-0.0006601030704523008,interpolado
0.04971034206841369,0.00027225606175446717,interpolado
0.04981016203240649,0.001059396827417148,interpolado
0.049909981996399296,0.0016415000002892618,interpolado
0.05,0.001941,original
0.05010962192438488,0.0019758429818775873,interpolado
0.05020944188837768,0.0017304447195153326,interpolado
0.05030926185237049,0.0012738574289966776,interpolado
0.05040908181636328,0.0006573694383641299,interpolado
0.05050890178035608,-6.77309243398926e-05,interpolado
0.05060872174434887,-0.000850155331072944,interpolado
0.05070854170834167,-0.0016386154537925827,interpolado
0.05080836167233446,-0.002381822964456364,interpolado
0.050908181636327265,-0.003028489535021887,interpolado
0.051,-0.003494,original
0.051107821564312865,-0.0038421259364465822,interpolado
0.051207641528305654,-0.0039840588166274605,interpolado
0.05130746149229845,-0.003973634386070869,interpolado
0.051407281456291254,-0.0038313553897823026,interpolado
0.05150710142028405,-0.0035777245727672876,interpolado
0.05160692138427685,-0.0032332446800313226,interpolado
0.05170674134826966,-0.0028184184565799154,interpolado
0.05180656131226244,-0.0023537486474185707,interpolado
0.051906381276255235,-0.001859737997552795,interpolado
0.052,-0.001388,original
0.05210602120424085,-0.0008623899453588601,interpolado
0.052205841168233645,-0.00038242628565989515,interpolado
0.05230566113222645,7.910072657746964e-05,interpolado
0.05240548109621924,0.0005182894274324128,interpolado
0.05250530106021204,0.0009312381529841139,interpolado
0.05260512102420484,0.0013140452393117761,interpolado
0.05270494098819765,0.0016628090224945257,interpolado
0.052804760952190444,0.0019736278386115686,interpolado
0.052904580916183254,0.002242600023742085,interpolado
0.053,0.002457,original
0.05310422084416883,0.002638988789899869,interpolado
0.05320404080816165,0.002756350640563335,interpolado
0.05330386077215444,0.002811851408035628,interpolado
0.053403680736147235,0.0027994330651957885,interpolado
0.05350350070014003,0.002713037584922843,interpolado
0.05360332066413282,0.00254660694009582,interpolado
0.05370314062812563,0.0022940831035937505,interpolado
0.053802960592118435,0.0019494080482956332,interpolado
0.053902780556111224,0.001506523747080545,interpolado
0.054,0.000975,original
0.05410242048409682,0.000309358547948907,interpolado
0.05420224044808961,-0.0004145041193986599,interpolado
0.05430206041208242,-0.0011768193023716865,interpolado
0.05440188037607522,-0.001942190596291868,interpolado
0.054501700340068016,-0.0026752215964810588,interpolado
0.05460152030406081,-0.0033405158982610615,interpolado
0.054701340268053615,-0.0039026770969536784,interpolado
0.05480116023204642,-0.004326308787880713,interpolado
0.054900980196039215,-0.004576014566363978,interpolado
0.055,-0.004617,original
0.055100620124024814,-0.004426431549467938,interpolado
0.05520044008801761,-0.004041196906554905,interpolado
0.055300260052010414,-0.0035094699431944608,interpolado
0.05540008001600321,-0.002880026496368943,interpolado
0.05549989997999602,-0.0022016424030606575,interpolado
0.05559971994398881,-0.0015230935002520439,interpolado
0.05569953990798162,-0.0008931556249254047,interpolado
0.05579935987197441,-0.0003606046140630861,interpolado
0.055899179835967205,2.5783695352565817e-05,interpolado
0.056,0.000218,original
0.056098819763952805,0.00018197857647103018,interpolado
0.056198639727945615,-4.1631808331707255e-05,interpolado
0.056298459691938404,-0.00039718484792885975,interpolado
0.056398279655931194,-0.0008282676845432233,interpolado
0.056498099619924,-0.0012784674603975922,interpolado
0.05659791958391678,-0.0016913713177147648,interpolado
0.05669773954790959,-0.0020105663987175526,interpolado
0.056797559511902386,-0.0021796398456287044,interpolado
0.05689737947589518,-0.0021421788006710423,interpolado
0.057,-0.001829,original
0.05709701940388077,-0.0012398809953624594,interpolado
0.05719683936787358,-0.0003757766882992409,interpolado
0.057296659331866374,0.0006901201087864112,interpolado
0.057396479295859164,0.0018973865595204495,interpolado
0.057496299259851974,0.0031855998275290513,interpolado
0.05759611922384477,0.004494337076438316,interpolado
0.05769593918783757,0.005763175469874356,interpolado
0.05779575915183038,0.006931692171463347,interpolado
0.05789557911582317,0.007939464344831235,interpolado
0.058,0.008756,original
0.058095219043808766,0.009245416756617596,interpolado
0.05819503900780156,0.009517262423222001,interpolado
0.058294858971794365,0.00958025781878455,interpolado
0.05839467893578716,0.00947305622563359,interpolado
0.05849449889977996,0.009234310926097493,interpolado
0.05859431886377275,0.008902675202504609,interpolado
0.058694138827765543,0.008516802337183299,interpolado
0.05879395879175835,0.008115345612461916,interpolado
0.05889377875575114,0.007736958310668817,interpolado
0.059,0.007403,original
0.059093418683736736,0.00719780855842204,interpolado
0.05919323864772953,0.0070719015960910665,interpolado
0.059293058611722335,0.007035870303634575,interpolado
0.05939287857571514,0.007083010163897227,interpolado
0.059492698539707935,0.007206616659723689,interpolado
0.05959251850370074,0.00739998527395864,interpolado
0.05969233846769355,0.007656411489446721,interpolado
0.05979215843168634,0.0079691907890326,interpolado
0.05989197839567914,0.00833161865556095,interpolado
0.06,0.008772,original
0.06009161832366474,0.009176195127427227,interpolado
0.060191438287657544,0.009627790310613357,interpolado
0.06029125825165034,0.010066396064760926,interpolado
0.06039107821564312,0.010466630606515594,interpolado
0.06049089817963593,0.010803112152523012,interpolado
0.060590718143628736,0.011050458919428812,interpolado
0.06069053810762152,0.011183289123878629,interpolado
0.06079035807161433,0.0111762209825181,interpolado
0.06089017803560712,0.011003872711992862,interpolado
0.061,0.010593,original
0.06108981796359272,0.010070921483207628,interpolado
0.06118963792758553,0.009327100081643155,interpolado
0.06128945789157832,0.008459056823284085,interpolado
0.06138927785557113,0.007516462791324718,interpolado
0.061489097819563916,0.00654898906895918,interpolado
0.06158891778355671,0.005606306739381652,interpolado
0.06168873774754952,0.004738086885786313,interpolado
0.06178855771154231,0.003994000591367342,interpolado
0.06188837767553511,0.00342371893931889,interpolado
0.062,0.003053,original
0.0620880176035207,0.0029928819979253606,interpolado
0.06218783756751352,0.00315160421628536,interpolado
0.062287657531506314,0.003512003516106844,interpolado
0.062387477495499104,0.0040329787388915525,interpolado
0.06248729745949191,0.004673428726141269,interpolado
0.0625871174234847,0.00539225231935759,interpolado
0.06268693738747752,0.006148348360042447,interpolado
0.06278675735147032,0.006900615689697472,interpolado
0.0628865773154631,0.007607953149824303,interpolado
0.063,0.008305,original
0.0630862172434487,0.008728130409771377,interpolado
0.0631860372074415,0.009096559185919726,interpolado
0.06328585717143427,0.00933715867667436,interpolado
0.06338567713542709,0.009452560093263545,interpolado
0.06348549709941989,0.009445394646915432,interpolado
0.06358531706341268,0.009318293548858238,interpolado
0.06368513702740548,0.009073888010320134,interpolado
0.06378495699139829,0.008714809242529379,interpolado
0.06388477695539109,0.00824368845671407,interpolado
0.064,0.007564,original
0.06408441688337667,0.006978449139257666,interpolado
0.06418423684736949,0.006211450166886831,interpolado
0.06428405681136226,0.005390601928554597,interpolado
0.06438387677535506,0.004544362221447626,interpolado
0.06448369673934787,0.0037011888427529206,interpolado
0.06458351670334066,0.0028895395896574782,interpolado
0.06468333666733346,0.00213787225934796,interpolado
0.06478315663132625,0.0014746446490114587,interpolado
0.06488297659531905,0.0009283145558346762,interpolado
0.065,0.000475,original
0.06508261652330465,0.0002951062444366996,interpolado
0.06518243648729745,0.00022067359226435475,interpolado
0.06528225645129025,0.00027887061140338307,interpolado
0.06538207641528304,0.00044448029831328404,interpolado
0.06548189637927584,0.0006922856494535009,interpolado
0.06558171634326866,0.0009970696612835853,interpolado
0.06568153630726145,0.00133361533026299,interpolado
0.06578135627125424,0.001676705652851149,interpolado
0.06588117623524704,0.002001123625507641,interpolado
0.066,0.002328,original
0.06608081616323264,0.002496343047504593,interpolado
0.06618063612722544,0.0026466717428049293,interpolado
0.06628045609121826,0.0027443329322569166,interpolado
0.06638027605521105,0.0028010637167103346,interpolado
0.06648009601920384,0.0028286011970149877,interpolado
0.06657991598319665,0.0028386824740206855,interpolado
0.06667973594718946,0.002843044648577225,interpolado
0.06677955591118223,0.0028534248215344124,interpolado
0.06687937587517505,0.0028815600937420506,interpolado
0.067,0.002956,original
0.06707901580316065,0.0030351749454512874,interpolado
0.06717883576715343,0.0031566006832334896,interpolado
0.06727865573114623,0.003280544479926016,interpolado
0.06737847569513902,0.0033840336640901286,interpolado
0.06747829565913181,0.003444095564287105,interpolado
0.06757811562312463,0.003437757509078241,interpolado
0.06767793558711742,0.003342046827024825,interpolado
0.06777775555111022,0.0031339908466881117,interpolado
0.067877575515103,0.0027906168966294444,interpolado
0.068,0.002151,original
0.0680772154430886,0.001612139516892532,interpolado
0.06817703540708141,0.0007925613724841378,interpolado
0.06827685537107421,-0.00011364063353287593,interpolado
0.06837667533506701,-0.0010501715882576528,interpolado
0.06847649529905982,-0.0019607365787898292,interpolado
0.06857631526305262,-0.0027890406922286485,interpolado
0.06867613522704541,-0.0034787890156734065,interpolado
0.06877595519103821,-0.003973686636223669,interpolado
0.06887577515503102,-0.004217438640978691,interpolado
0.069,-0.004085,original
0.06907541508301662,-0.0037360661101180524,interpolado
0.06917523504700944,-0.003001064564770517,interpolado
0.06927505501100223,-0.002027635049715882,interpolado
0.069374874974995,-0.0008949972086149043,interpolado
0.06947469493898781,0.0003176293148721475,interpolado
0.0695745149029806,0.0015310248770843708,interpolado
0.06967433486697341,0.0026659698343615246,interpolado
0.06977415483096622,0.003643244543042846,interpolado
0.069873974794959,0.004383629359467661,interpolado
0.07,0.004857,original
0.0700736147229446,0.004846616437066174,interpolado
0.07017343468693742,0.004518955707129684,interpolado
0.07027325465093019,0.003891349637827582,interpolado
0.07037307461492301,0.003030665944944306,interpolado
0.07047289457891581,0.0020037723442645427,interpolado
0.07057271454290859,0.0008775365515730711,interpolado
0.0706725345069014,-0.00028117371734581053,interpolado
0.0707723544708942,-0.0014054907467071808,interpolado
0.070872174434887,-0.002428546820726742,interpolado
0.071,-0.003484,original
0.07107181436287258,-0.003908132734901613,interpolado
0.07117163432686538,-0.0042860092792294385,interpolado
0.07127145429085818,-0.00442612869818565,interpolado
0.07137127425485096,-0.004337796203562938,interpolado
0.07147109421884378,-0.004030317007153926,interpolado
0.07157091418283656,-0.0035129963207513534,interpolado
0.07167073414682937,-0.0027951393561477305,interpolado
0.07177055411082216,-0.0018860513251359123,interpolado
0.07187037407481495,-0.0007950374395082971,interpolado
0.072,0.000878,original
0.07207001400280055,0.0018923189728414004,interpolado
0.07216983396679336,0.003430432514811133,interpolado
0.07226965393078615,0.005017751895009291,interpolado
0.07236947389477896,0.006588842236815643,interpolado
0.07246929385877175,0.008078268663609103,interpolado
0.07256911382276457,0.009420596298769412,interpolado
0.07266893378675736,0.01055039026567568,interpolado
0.07276875375075015,0.011402215687707135,interpolado
0.07286857371474297,0.011910637688243348,interpolado
0.073,0.011946,original
0.07306821364272856,0.01164331593206813,interpolado
0.07316803360672133,0.010837487589866078,interpolado
0.07326785357071416,0.009672877390742074,interpolado
0.07336767353470694,0.008230400665762494,interpolado
0.07346749349869973,0.006590972745993857,interpolado
0.07356731346269255,0.00483550896250199,interpolado
0.07366713342668534,0.00304492464635364,interpolado
0.07376695339067814,0.0013001351286145884,interpolado
0.07386677335467094,-0.00031794425964862684,interpolado
0.074,-0.00214,original
0.07406641328265653,-0.002855910406410607,interpolado
0.07416623324664931,-0.0036905706020760693,interpolado
0.07426605321064211,-0.004264816655456766,interpolado
0.07436587317463492,-0.0046117990578888966,interpolado
0.0744656931386277,-0.00476466830070878,interpolado
0.07456551310262051,-0.004756574875252791,interpolado
0.07466533306661333,-0.004620669272857255,interpolado
0.07476515303060613,-0.004390101984858459,interpolado
0.07486497299459892,-0.004098023502592795,interpolado
0.075,-0.003664,original
0.07506461292258453,-0.0034605014353618685,interpolado
0.07516443288657731,-0.003160599209884359,interpolado
0.07526425285057012,-0.0028795469554850684,interpolado
0.07536407281456291,-0.0026187820744492246,interpolado
0.07546389277855571,-0.0023797419690619005,interpolado
0.07556371274254853,-0.002163864041608285,interpolado
0.07566353270654129,-0.0019725856943735493,interpolado
0.0757633526705341,-0.0018073443296427892,interpolado
0.0758631726345269,-0.0016695773497011986,interpolado
0.076,-0.001528,original
0.0760628125625125,-0.0014819625425712892,interpolado
0.0761626325265053,-0.0014310947382105697,interpolado
0.07626245249049812,-0.001403500961486473,interpolado
0.0763622724544909,-0.0013945115628018969,interpolado
0.0764620924184837,-0.001399456892559739,interpolado
0.07656191238247648,-0.0014136673011628984,interpolado
0.0766617323464693,-0.0014324731390142787,interpolado
0.07676155231046208,-0.0014512047565167767,interpolado
0.07686137227445489,-0.0014651925040732908,interpolado
0.077,-0.001468,original
0.07706101220244047,-0.0014601595860445325,interpolado
0.07716083216643328,-0.0014301971525004227,interpolado
0.07726065213042609,-0.0013726546564179192,interpolado
0.07736047209441889,-0.0012802820508021756,interpolado
0.07746029205841168,-0.001145829288658305,interpolado
0.07756011202240448,-0.0009620463229914849,interpolado
0.07765993198639728,-0.0007216831068068028,interpolado
0.07775975195039009,-0.00041748959310946535,interpolado
0.07785957191438288,-4.221573490452695e-05,interpolado
0.078,0.00062,original
0.07805921184236847,0.0009494424206173809,interpolado
0.07815903180636126,0.001560680247714697,interpolado
0.07825885177035408,0.002220211294836473,interpolado
0.07835867173434687,0.002902780113482451,interpolado
0.07845849169833968,0.003583131255152102,interpolado
0.07855831166233247,0.004236009271344896,interpolado
0.07865813162632526,0.004836158713560575,interpolado
0.07875795159031806,0.005358324133298538,interpolado
0.07885777155431087,0.005777250082058493,interpolado
0.079,0.006146,original
0.07905741148229646,0.006205677772586255,interpolado
0.07915723144628925,0.0061890685950522694,interpolado
0.07925705141028205,0.006033569143458785,interpolado
0.07935687137427486,0.005755425399927756,interpolado
0.07945669133826766,0.005370883346581253,interpolado
0.07955651130226044,0.004896188965541172,interpolado
0.07965633126625327,0.004347588238929561,interpolado
0.07975615123024606,0.0037413271488685065,interpolado
0.07985597119423883,0.003093651677479839,interpolado
0.08,0.002119,original
0.08005561112222444,0.001738772770981898,interpolado
0.08015543108621725,0.0010587310104553634,interpolado
0.08025525105021003,0.00038773819652171713,interpolado
0.08035507101420285,-0.00026728501647492166,interpolado
0.08045489097819564,-0.000899417974190068,interpolado
0.08055471094218844,-0.0015017400222795923,interpolado
0.08065453090618122,-0.0020673305063990243,interpolado
0.08075435087017403,-0.002589268772204215,interpolado
0.08085417083416682,-0.003060634165350778,interpolado
0.081,-0.003644,original
0.08105381076215243,-0.0038243494836879676,interpolado
0.08115363072614523,-0.004111064001875201,interpolado
0.08125345069013802,-0.004342262599737548,interpolado
0.08135327065413084,-0.004525799421479815,interpolado
0.08145309061812363,-0.004669528611306826,interpolado
0.08155291058211642,-0.0047813043134234704,interpolado
0.08165273054610922,-0.004868980672034564,interpolado
0.08175255051010202,-0.0049404118313449725,interpolado
0.0818523704740948,-0.005003451935559523,interpolado
0.082,-0.005098,original
0.0820520104020804,-0.005135106998772105,interpolado
0.08215183036607318,-0.00520413539474248,interpolado
0.082251650330066,-0.005253056045754631,interpolado
0.08235147029405879,-0.00526136538840575,interpolado
0.08245129025805162,-0.005208559859293037,interpolado
0.08255111022204441,-0.005074135895013685,interpolado
0.08265093018603718,-0.004837589932164939,interpolado
0.08275075015003001,-0.004478418407343929,interpolado
0.08285057011402278,-0.003976117757147962,interpolado
0.083,-0.002912,original
0.08305021004200841,-0.0024616035320374923,interpolado
0.08315003000600119,-0.001445121948491227,interpolado
0.083249849969994,-0.0003089845085257659,interpolado
0.08334966993398678,0.0008971279862466974,interpolado
0.0834494898979796,0.002123534734214606,interpolado
0.08354930986197237,0.0033205549337657395,interpolado
0.0836491298259652,0.004438507783288545,interpolado
0.08374894978995802,0.005427712481170952,interpolado
0.0838487697539508,0.006238488225800971,interpolado
0.08394858971794358,0.006821154215566934,interpolado
0.084,0.007016,original
0.08414822964592919,0.007155623360916344,interpolado
0.08424804960992202,0.006948250865832872,interpolado
0.0843478695739148,0.006551676728013205,interpolado
0.08444768953790761,0.006011847587755961,interpolado
0.08454750950190039,0.005374710085359996,interpolado
0.08464732946589319,0.004686210861123859,interpolado
0.084747149429886,0.003992296555346452,interpolado
0.08484696939387879,0.0033389138083263024,interpolado
0.0849467893578716,0.002772009260362235,interpolado
0.085,0.002521,original
0.0851464292858572,0.0020445226850610955,interpolado
0.08524624924984998,0.0018741416686474932,interpolado
0.08534606921384277,0.0018010089277093939,interpolado
0.08544588917783558,0.0018009368816658267,interpolado
0.08554570914182837,0.00184973794993578,interpolado
0.08564552910582116,0.001923224551938267,interpolado
0.08574534906981393,0.001997209107092273,interpolado
0.08584516903380673,0.0020475040348168186,interpolado
0.08594498899779954,0.0020499217545308954,interpolado
0.086,0.002022,original
0.08614462892578514,0.0018325278106755137,interpolado
0.08624444888977793,0.0016156827840556837,interpolado
0.08634426885377072,0.0013418995284794162,interpolado
0.08644408881776354,0.0010227981240758103,interpolado
0.0865439087817563,0.0006699986509738007,interpolado
0.08664372874574912,0.0002951211893024577,interpolado
0.08674354870974194,-9.021418080914031e-05,interpolado
0.08684336867373474,-0.0004743873792320742,interpolado
0.08694318863772751,-0.0008457783258372144,interpolado
0.087,-0.001047,original
0.08714282856571313,-0.0015149648098668523,interpolado
0.08724264852970592,-0.001822128996663745,interpolado
0.08734246849369873,-0.002125950038806205,interpolado
0.08744228845769153,-0.002437811808689443,interpolado
0.08754210842168433,-0.0027690981787088435,interpolado
0.08764192838567711,-0.003131193021259609,interpolado
0.08774174834966993,-0.0035354802087371393,interpolado
0.08784156831366274,-0.003993343613536683,interpolado
0.0879413882776555,-0.004516167108053462,interpolado
0.088,-0.004858,original
0.08814102820564113,-0.005773426847405807,interpolado
0.08824084816963391,-0.006444770533018762,interpolado
0.08834066813362672,-0.0070787502653810175,interpolado
0.08844048809761951,-0.00762546926344756,interpolado
0.08854030806161234,-0.008035030746173604,interpolado
0.0886401280256051,-0.008257537932514098,interpolado
0.08873994798959792,-0.00824309404142417,interpolado
0.0888397679535907,-0.007941802291858887,interpolado
0.08893958791758352,-0.007303765902773235,interpolado
0.089,-0.006733,original
0.08913922784556912,-0.004884869469635222,interpolado
0.0892390478095619,-0.0032093258330532473,interpolado
0.0893388677735547,-0.0013522233000672957,interpolado
0.0894386877375475,0.0005881912611792764,interpolado
0.08953850770154032,0.0025136709825423365,interpolado
0.08963832766553308,0.004325968995877761,interpolado
0.08973814762952591,0.005926838433042188,interpolado
0.0898379675935187,0.007218032425891312,interpolado
0.0899377875575115,0.008101304106281624,interpolado
0.09,0.008402,original
0.09013742748549709,0.008335059975638132,interpolado
0.0902372474494899,0.007753124871911709,interpolado
0.09033706741348267,0.006829134525139947,interpolado
0.0904368873774755,0.00565790144024155,interpolado
0.09053670734146826,0.0043342381221357805,interpolado
0.09063652730546108,0.0029529570757412227,interpolado
0.09073634726945387,0.0016088708059770226,interpolado
0.09083616723344669,0.00039679181776229686,interpolado
0.09093598719743949,-0.0005884673839843345,interpolado
0.091,-0.001057,original
0.09113562712542508,-0.0015643151023280533,interpolado
0.0912354470894179,-0.0015754621776067285,interpolado
0.09133526705341068,-0.0013474933691670081,interpolado
0.09143508701740347,-0.0009411696702125476,interpolado
0.09153490698139627,-0.0004172520739471788,interpolado
0.09163472694538909,0.0001634984264255214,interpolado
0.09173454690938186,0.0007403208377016785,interpolado
0.09183436687337468,0.0012524541666777246,interpolado
0.09193418683736748,0.0016391374201498487,interpolado
0.092,0.001796,original
0.09213382676535305,0.0018341016583686988,interpolado
0.09223364672934586,0.001657023445388746,interpolado
0.09233346669333865,0.0013503506637981835,interpolado
0.09243328665733146,0.0009553863960563205,interpolado
0.09253310662132426,0.0005134337246225179,interpolado
0.09263292658531705,6.579573195594546e-05,interpolado
0.09273274654930984,-0.0003462244994839903,interpolado
0.09283256651330266,-0.0006813238872381102,interpolado
0.09293238647729546,-0.0008981993488470577,interpolado
0.093,-0.000957,original
0.09313202640528107,-0.0008404028575763453,interpolado
0.09323184636927385,-0.0005799016297744264,interpolado
0.09333166633326664,-0.0002066325581711172,interpolado
0.09343148629725945,0.00024722725187715415,interpolado
0.09353130626125225,0.0007495006950141838,interpolado
0.09363112622524505,0.001268010665883578,interpolado
0.09373094618923784,0.0017705800591289367,interpolado
0.09383076615323063,0.0022250317693940677,interpolado
0.09393058611722344,0.0025991886913225228,interpolado
0.094,0.002795,original
0.09413022604520904,0.002994887313712527,interpolado
0.09423004600920182,0.0030117089212514784,interpolado
0.09432986597319462,0.0029252535176212233,interpolado
0.09442968593718742,0.0027492199740722133,interpolado
0.09452950590118023,0.002497307161854832,interpolado
0.09462932586517303,0.0021832139522195764,interpolado
0.09472914582916582,0.0018206392164167903,interpolado
0.09482896579315865,0.001423281825696947,interpolado
0.09492878575715143,0.0010048406513105367,interpolado
0.095,0.000701,original
0.09512842568513703,0.0001559891007062754,interpolado
0.09522824564912984,-0.00025971979501761077,interpolado
0.09532806561312265,-0.0006643505336747323,interpolado
0.09542788557711544,-0.001054102700272185,interpolado
0.09552770554110825,-0.0014251758798172257,interpolado
0.09562752550510104,-0.0017737696573169024,interpolado
0.09572734546909382,-0.00209608361777846,interpolado
0.09582716543308661,-0.002388317346208959,interpolado
0.09592698539707945,-0.0026466704276156307,interpolado
0.096,-0.002812,original
0.09612662532506505,-0.0030445487718494106,interpolado
0.09622644528905783,-0.0031690936892275912,interpolado
0.0963262652530506,-0.0032313257793541716,interpolado
0.09642608521704342,-0.003221612445603898,interpolado
0.09652590518103622,-0.0031303210913514795,interpolado
0.096625725145029,-0.0029478191199716745,interpolado
0.09672554510902182,-0.0026644739348391576,interpolado
0.09682536507301459,-0.0022706529393287356,interpolado
0.09692518503700741,-0.0017567235368150253,interpolado
0.097,-0.001287,original
0.097124824964993,-0.00034058276832015053,interpolado
0.0972246449289858,0.0005404085220406998,interpolado
0.09732446489297861,0.0015070251315587278,interpolado
0.0974242848569714,0.0025364564478664565,interpolado
0.0975241048209642,0.0036058918585958636,interpolado
0.09762392478495698,0.004692520751379496,interpolado
0.09772374474894979,0.005773532513849465,interpolado
0.09782356471294258,0.006826116533637879,interpolado
0.0979233846769354,0.007827462198377285,interpolado
0.098,0.008547,original
0.09812302460492098,0.009585824893784803,interpolado
0.0982228445689138,0.01029970058651902,interpolado
0.09832266453290657,0.010875595141438264,interpolado
0.09842248449689937,0.011292713506036629,interpolado
0.09852230446089218,0.011530260627807943,interpolado
0.09862212442488498,0.011567441454246206,interpolado
0.09872194438887777,0.011383460932845348,interpolado
0.09882176435287057,0.010957524011099257,interpolado
0.09892158431686335,0.010268835636501869,interpolado
0.099,0.00953,original
0.09912122424484898,0.008047918859359699,interpolado
0.09922104420884174,0.0065874286246599125,interpolado
0.09932086417283456,0.004987933155090855,interpolado
0.09942068413682738,0.0033220820022871202,interpolado
0.09952050410082017,0.0016625247178833529,interpolado
0.09962032406481298,8.191085351349071e-05,interpolado
0.09972014402880577,-0.0013471100391876348,interpolado
0.09981996399279859,-0.002551888408586016,interpolado
0.09991978395679138,-0.003459774703047033,interpolado
0.1,-0.003925,original
0.10011942388477699,-0.004130999349402913,interpolado
0.10021924384876978,-0.0039028273462631585,interpolado
0.10031906381276257,-0.003369795747384655,interpolado
0.10041888377675537,-0.0025879344830513637,interpolado
0.10051870374074814,-0.0016132734835468876,interpolado
0.10061852370474098,-0.000501842679155152,interpolado
0.10071834366873375,0.0006903279998398465,interpolado
0.10081816363272657,0.0019072086231546152,interpolado
0.10091798359671933,0.0030927692605050025,interpolado
0.101,0.004004,original
0.10111762352470495,0.005161167908760718,interpolado
0.10121744348869774,0.0059982526811006845,interpolado
0.10131726345269051,0.006702573229967584,interpolado
0.1014170834166833,0.007274415233476231,interpolado
0.10151690338067614,0.007714064369741798,interpolado
0.10161672334466891,0.00802180631687917,interpolado
0.10171654330866171,0.008197926753003444,interpolado
0.1018163632726545,0.008242711356229582,interpolado
0.1019161832366473,0.008156445804672613,interpolado
0.102,0.007983,original
0.10211582316463289,0.007597692538865355,interpolado
0.1022156431286257,0.007151544475512771,interpolado
0.1023154630926185,0.006623493586360474,interpolado
0.10241528305661132,0.006036046610418891,interpolado
0.10251510302060411,0.005411710286698188,interpolado
0.1026149229845969,0.004772991354208873,interpolado
0.10271474294858972,0.0041423965519611005,interpolado
0.10281456291258251,0.0035424326189652995,interpolado
0.10291438287657531,0.0029956062942318794,interpolado
0.103,0.002586,original
0.1031140228045609,0.0021416373047736512,interpolado
0.1032138427685537,0.001834664852338794,interpolado
0.1033136627325465,0.0015867208113781596,interpolado
0.1034134826965393,0.001381037888851598,interpolado
0.10351330266053212,0.001200848791719062,interpolado
0.10361312262452489,0.0010293862269404922,interpolado
0.10371294258851771,0.0008498829014757588,interpolado
0.10381276255251048,0.0006455715222848317,interpolado
0.10391258251650332,0.0003996847963275722,interpolado
0.104,0.000137,original
0.10411222244448887,-0.00027423229547715106,interpolado
0.10421204240848168,-0.0006899934812818842,interpolado
0.10431186237247447,-0.0011278291289953122,interpolado
0.10441168233646726,-0.0015637532689671463,interpolado
0.10451150230046007,-0.001973779931546864,interpolado
0.10461132226445288,-0.002333923147084169,interpolado
0.10471114222844567,-0.0026201969459285915,interpolado
0.10481096219243846,-0.002808615358429702,interpolado
0.10491078215643128,-0.002875192414937145,interpolado
0.105,-0.002812,original
0.10511042208441687,-0.002559282730618515,interpolado
0.10521024204840967,-0.0021896323363877566,interpolado
0.10531006201240249,-0.0017179957071868687,interpolado
0.10540988197639527,-0.0011753666077258633,interpolado
0.10550970194038807,-0.0005927388027150276,interpolado
0.1056095219043809,-1.1060568643429303e-06,interpolado
0.10570934186837369,0.0005685378651159662,interpolado
0.1058091618323665,0.001085199198515686,interpolado
0.1059089817963593,0.001517884178624818,interpolado
0.106,0.001813,original
0.10610862172434489,0.002019803013956522,interpolado
0.10620844168833767,0.002090142292119464,interpolado
0.10630826165233048,0.0020736162729722545,interpolado
0.10640808161632326,0.0019972177285568593,interpolado
0.10650790158031605,0.0018879394309152776,interpolado
0.10660772154430888,0.0017727741520894588,interpolado
0.10670754150830164,0.0016787146641214087,interpolado
0.10680736147229446,0.001632753739053082,interpolado
0.10690718143628726,0.0016618841489264764,interpolado
0.107,0.00178,original
0.10710682136427284,0.002039698838616561,interpolado
0.10720664132826564,0.0023706406606102282,interpolado
0.10730646129225846,0.002745882718131911,interpolado
0.10740628125625123,0.0031253874525330252,interpolado
0.10750610122024404,0.003469117305165191,interpolado
0.10760592118423686,0.003737034717379868,interpolado
0.10770574114822967,0.0038891021305285517,interpolado
0.10780556111222246,0.003885281985962801,interpolado
0.10790538107621526,0.0036855367250341387,interpolado
0.108,0.003279,original
0.10810502100420086,0.0025620785041905944,interpolado
0.10820484096819366,0.0016881495523111277,interpolado
0.10830466093218646,0.0007114380574057958,interpolado
0.10840448089617927,-0.00028466276655876084,interpolado
0.10850430086017206,-0.0012167597056164194,interpolado
0.10860412082416487,-0.002001459545800645,interpolado
0.10870394078815766,-0.002555369073144977,interpolado
0.10880376075215044,-0.002795095073683179,interpolado
0.10890358071614323,-0.0026372443334488085,interpolado
0.109,-0.002029,original
0.1091032206441288,-0.0008351061799539883,interpolado
0.10920304060812164,0.000752272161710778,interpolado
0.10930286057211444,0.0026307761096474418,interpolado
0.1094026805361072,0.004667471812607556,interpolado
0.10950250050010003,0.006729425419343533,interpolado
0.10960232046409281,0.008683703078606674,interpolado
0.10970214042808561,0.01039737093914938,interpolado
0.10980196039207842,0.011737495149723201,interpolado
0.10990178035607122,0.012571141859079895,interpolado
0.11,0.012768,original
0.11010142028405681,0.012233999801775522,interpolado
0.11020124024804961,0.011068958812716452,interpolado
0.11030106021204243,0.009404650396101182,interpolado
0.11040088017603521,0.007375470515639262,interpolado
0.11050070014002804,0.005115815135040934,interpolado
0.11060052010402084,0.0027600802180165473,interpolado
0.11070034006801363,0.0004426617282754701,interpolado
0.1108001600320064,-0.0017020443704716653,interpolado
0.11089997999599922,-0.0035396421145154405,interpolado
0.111,-0.004938,original
0.1110996199239848,-0.005792656682473696,interpolado
0.11119943988797762,-0.006160535472783307,interpolado
0.11129925985197038,-0.006126674125511168,interpolado
0.1113990798159632,-0.005778374855391589,interpolado
0.11149889977995597,-0.005202939877158978,interpolado
0.11159871974394879,-0.004487671405547498,interpolado
0.1116985397079416,-0.003719871655291548,interpolado
0.11179835967193437,-0.0029868428411255568,interpolado
0.11189817963592717,-0.002375887177783648,interpolado
0.112,-0.001969,original
0.11209781956391278,-0.0018476884674242576,interpolado
0.11219763952790558,-0.0019693719999157116,interpolado
0.11229745949189837,-0.0022882076193185817,interpolado
0.11239727945589116,-0.0027530452817618673,interpolado
0.11249709941988396,-0.003312734943374359,interpolado
0.11259691938387677,-0.003916126560285123,interpolado
0.11269673934786958,-0.004512070088622994,interpolado
0.11279655931186239,-0.005049415484516805,interpolado
0.11289637927585519,-0.005477012704095619,interpolado
0.113,-0.00575,original
0.11309601920384078,-0.005810929555893222,interpolado
0.11319583916783359,-0.00569644010680877,interpolado
0.11329565913182639,-0.00543380841477771,interpolado
0.11339547909581918,-0.005056600317765084,interpolado
0.11349529905981197,-0.004598381653735992,interpolado
0.11359511902380481,-0.00409271826065534,interpolado
0.11369493898779758,-0.00357317597648829,interpolado
0.11379475895179039,-0.0030733206391997305,interpolado
0.11389457891578318,-0.0026267180867547667,interpolado
0.114,-0.00225,original
0.11409421884376877,-0.00202043371753309,interpolado
0.11419403880776156,-0.001880060028189837,interpolado
0.11429385877175437,-0.0018287154374737266,interpolado
0.11439367873574717,-0.0018493008019063056,interpolado
0.11449349869973997,-0.001924716978009109,interpolado
0.11459331866373275,-0.002037864822303665,interpolado
0.11469313862772557,-0.002171645191311483,interpolado
0.11479295859171834,-0.0023089589415541266,interpolado
0.11489277855571114,-0.002432706929553092,interpolado
0.115,-0.002531,original
0.11509241848369674,-0.0025742806207139815,interpolado
0.11519223844768953,-0.0025801091810748115,interpolado
0.11529205841168236,-0.002550152318578746,interpolado
0.11539187837567515,-0.002491288288016853,interpolado
0.11549169833966791,-0.0024103953441801805,interpolado
0.11559151830366074,-0.0023143517418598002,interpolado
0.11569133826765354,-0.0022100357358467893,interpolado
0.11579115823164633,-0.0021043255809321823,interpolado
0.11589097819563912,-0.00200409953190707,interpolado
0.116,-0.001909,original
0.11609061812362471,-0.0018460838611907763,interpolado
0.11619043808761752,-0.001790918057625708,interpolado
0.1162902580516103,-0.0017453568885586574,interpolado
0.11639007801560312,-0.0017040172087940308,interpolado
0.11648989797959591,-0.0016615158731362178,interpolado
0.11658971794358872,-0.0016124697363896327,interpolado
0.11668953790758153,-0.001551495653358663,interpolado
0.11678935787157434,-0.0014732104788477154,interpolado
0.11688917783556708,-0.0013722310676612059,interpolado
0.117,-0.001227,original
0.11708881776355269,-0.0010813545757632373,interpolado
0.1171886377275455,-0.0008859794919133591,interpolado
0.1172884576915383,-0.0006576064293829372,interpolado
0.11738827765553113,-0.00039679412054780525,interpolado
0.1174880976195239,-0.00010410129778388864,interpolado
0.11758791758351668,0.00021991330653286937,interpolado
0.11768773754750952,0.0005746909600266616,interpolado
0.1177875575115023,0.0009596729303214936,interpolado
0.11788737747549512,0.001374300485041576,interpolado
0.118,0.001877,original
0.11808701740348071,0.0022872008419560805,interpolado
0.11818683736747351,0.002760213569742008,interpolado
0.11828665733146627,0.003208820617903705,interpolado
0.11838647729545909,0.0036047797948166394,interpolado
0.11848629725945188,0.003919848908856084,interpolado
0.11858611722344467,0.004125785768397361,interpolado
0.11868593718743749,0.004194348181815867,interpolado
0.11878575715143025,0.004097293957486929,interpolado
0.11888557711542305,0.0038063809037858663,interpolado
0.119,0.003198,original
0.11908521704340864,0.002541215745875994,interpolado
0.11918503700740145,0.0016027910214927842,interpolado
0.11928485697139425,0.0005578584677853384,interpolado
0.11938467693538708,-0.0005137597138911501,interpolado
0.11948449689937987,-0.0015322413221809154,interpolado
0.11958431686337266,-0.002417764155728753,interpolado
0.11968413682736548,-0.0030905060131790237,interpolado
0.11978395679135825,-0.003470644693176205,interpolado
0.11988377675535104,-0.0034783579943649177,interpolado
0.12,-0.002912,original
0.12008341668333666,-0.002076723967525665,interpolado
0.12018323664732943,-0.0006754561824888054,interpolado
0.12028305661132226,0.0010494219874914138,interpolado
0.12038287657531507,0.0029772045823681704,interpolado
0.12048269653930785,0.0049871856420945155,interpolado
0.12058251650330064,0.006958659206624362,interpolado
0.12068233646729346,0.008770919315910541,interpolado
0.12078215643128627,0.010303260009906903,interpolado
0.12088197639527908,0.011434975328566516,interpolado
0.121,0.012091,original
0.12108161632326465,0.01203408294880229,interpolado
0.12118143628725746,0.011443171511107395,interpolado
0.12128125625125029,0.010375364915903393,interpolado
0.12138107621524306,0.008933629171114274,interpolado
0.12148089617923587,0.007220930284663368,interpolado
0.12158071614322867,0.005340234264474574,interpolado
0.12168053610722147,0.003394507118471892,interpolado
0.12178035607121429,0.0014867148545785029,interpolado
0.12188017603520707,-0.00028017651928136366,interpolado
0.122,-0.00207,original
0.12207981596319266,-0.002991622096939589,interpolado
0.12217963592718545,-0.0038452036396765367,interpolado
0.12227945589117825,-0.0044043175327460144,interpolado
0.12237927585517104,-0.0047095282122755966,interpolado
0.12247909581916386,-0.004801400114393109,interpolado
0.1225789157831566,-0.00472049767522623,interpolado
0.12267873574714942,-0.004507385330902745,interpolado
0.12277855571114227,-0.004202627517550332,interpolado
0.122878375675135,-0.003846788671296804,interpolado
0.123,-0.003403,original
0.12307801560312064,-0.0031407434051385036,interpolado
0.12317783556711343,-0.0028383700841879455,interpolado
0.12327765553110624,-0.0025714445021692233,interpolado
0.12337747549509903,-0.00233802405655285,interpolado
0.12347729545909181,-0.0021361661448092476,interpolado
0.12357711542308461,-0.001963928164408959,interpolado
0.12367693538707741,-0.0018193675128224214,interpolado
0.12377675535107023,-0.001700541587520147,interpolado
0.12387657531506302,-0.0016055077859726326,interpolado
0.124,-0.001518,original
0.12407621524304864,-0.0014788124889619613,interpolado
0.1241760352070414,-0.0014408540546888408,interpolado
0.12427585517103422,-0.001413362957989852,interpolado
0.124375675135027,-0.0013912470126363592,interpolado
0.12447549509901981,-0.0013694140323997402,interpolado
0.12457531506301257,-0.0013427718310513724,interpolado
0.1246751350270054,-0.0013062282223626214,interpolado
0.12477495499099822,-0.0012546910201048718,interpolado
0.12487477495499101,-0.0011830680380494828,interpolado
0.125,-0.001057,original
0.12507441488297663,-0.0009597345808342061,interpolado
0.1251742348469694,-0.0008036758428141879,interpolado
0.12527405481096218,-0.0006207770561412587,interpolado
0.125373874774955,-0.0004137458320076982,interpolado
0.12547369473894782,-0.00018528978160574662,interpolado
0.12557351470294065,6.188348387235531e-05,interpolado
0.1256733346669334,0.00032506635323429267,interpolado
0.1257731546309262,0.0006015512152879717,interpolado
0.125872974594919,0.0008886304588410806,interpolado
0.126,0.001265,original
0.1260726145229046,0.001482940751737811,interpolado
0.1261724344868974,0.001775633869643112,interpolado
0.1262722544508902,0.0020465276483996385,interpolado
0.126372074414883,0.002280431791590258,interpolado
0.1264718943788758,0.0024621560027979234,interpolado
0.12657171434286857,0.0025765099856055636,interpolado
0.12667153430686137,0.0026083034435961986,interpolado
0.12677135427085418,0.002542346080352737,interpolado
0.12687117423484698,0.002363447599458131,interpolado
0.127,0.001941,original
0.12707081416283256,0.0016091540863753873,interpolado
0.1271706341268254,0.0010404053784436003,interpolado
0.12727045409081816,0.00038666324721808344,interpolado
0.12737027405481097,-0.0003153684288849446,interpolado
0.1274700940188038,-0.0010289857714492635,interpolado
0.12756991398279655,-0.0017174849020584711,interpolado
0.12766973394678935,-0.0023441619422967363,interpolado
0.12776955391078218,-0.0028723130137476446,interpolado
0.12786937387477496,-0.003265234237994975,interpolado
0.128,-0.003514,original
0.12806901380276056,-0.0035020141457763887,interpolado
0.1281688337667533,-0.0033159818194499506,interpolado
0.12826865373074614,-0.002953613454680001,interpolado
0.12836847369473897,-0.002440703931213875,interpolado
0.12846829365873175,-0.0018030481287989101,interpolado
0.12856811362272455,-0.0010664409271826613,interpolado
0.12866793358671735,-0.00025667720611205046,interpolado
0.12876775355071016,0.0006004481546653946,interpolado
0.12886757351470296,0.0014791402754023336,interpolado
0.129,0.002634,original
0.12906721344268854,0.0031979422747989267,interpolado
0.12916703340668137,0.0039850875474866385,interpolado
0.12926685337067417,0.00468723262812717,interpolado
0.12936667333466698,0.005276558290774802,interpolado
0.12946649329865975,0.005725245309483713,interpolado
0.12956631326265253,0.006005474458308441,interpolado
0.12966613322664536,0.006089426511303119,interpolado
0.12976595319063816,0.005949282242522028,interpolado
0.12986577315463096,0.0055572224260194494,interpolado
0.13,0.004584,original
0.13006541308261654,0.003911195936074867,interpolado
0.13016523304660935,0.0026738255309793836,interpolado
0.13026505301060212,0.0012538462455254566,interpolado
0.13036487297459495,-0.0002674676813394017,interpolado
0.13046469293858773,-0.0018088420106672524,interpolado
0.13056451290258048,-0.0032890025035114522,interpolado
0.13066433286657328,-0.0046266749209240635,interpolado
0.1307641528305661,-0.005740585023957567,interpolado
0.13086397279455894,-0.00654945857366445,interpolado
0.131,-0.007014,original
0.1310636127225445,-0.0069348234069378754,interpolado
0.13116343268653727,-0.006465805944197287,interpolado
0.1312632526505301,-0.00566364460335378,interpolado
0.1313630726145229,-0.004628457833190379,interpolado
0.13146289257851568,-0.003460364082490451,interpolado
0.13156271254250848,-0.0022594818000363547,interpolado
0.13166253250650128,-0.0011259294346114262,interpolado
0.1317623524704941,-0.00015982543499869976,interpolado
0.13186217243448692,0.0005387117500187959,interpolado
0.132,0.000878,original
0.13206181236247247,0.0007405134820199171,interpolado
0.1321616323264653,0.00016901566786300498,interpolado
0.1322614522904581,-0.0007472245062679317,interpolado
0.13236127225445085,-0.0019086648126371416,interpolado
0.13246109221844365,-0.003215763023509891,interpolado
0.1325609121824365,-0.00456897691115048,interpolado
0.1326607321464293,-0.005868764247823507,interpolado
0.1327605521104221,-0.007015582805793565,interpolado
0.13286037207441484,-0.007909890357325049,interpolado
0.133,-0.008548,original
0.13306001200240045,-0.00854922207200361,interpolado
0.13315983196639328,-0.008203583408379938,interpolado
0.13325965193038608,-0.007491038261226051,interpolado
0.13335947189437886,-0.006489269613684228,interpolado
0.13345929185837166,-0.0052759604488958655,interpolado
0.13355911182236446,-0.003928793750003175,interpolado
0.13365893178635727,-0.0025254525001481226,interpolado
0.13375875175035007,-0.0011436196824726782,interpolado
0.1338585717143429,0.00013902171988085254,interpolado
0.134,0.001635,original
0.13405821164232848,0.002099530293071506,interpolado
0.1341580316063213,0.0026856345762608226,interpolado
0.13425785157031406,0.003030982121345589,interpolado
0.13435767153430683,0.0031647432847821265,interpolado
0.13445749149829964,0.0031160884230268314,interpolado
0.13455731146229247,0.0029141878925359643,interpolado
0.13465713142628524,0.0025882120497658567,interpolado
0.13475695139027807,0.0021673312511728358,interpolado
0.13485677135427082,0.0016807158532133716,interpolado
0.135,0.000926,original
0.13505641128225646,0.0006262841133445276,interpolado
0.13515623124624926,0.00010375106391767209,interpolado
0.13525605121024206,-0.0004031414241651112,interpolado
0.13535587117423484,-0.0008877810306734858,interpolado
0.13545569113822764,-0.001343555435376688,interpolado
0.13555551110222047,-0.0017638523180440987,interpolado
0.13565533106621325,-0.002142059358445097,interpolado
0.13575515103020602,-0.002471564236348981,interpolado
0.13585497099419885,-0.002745754631525314,interpolado
0.136,-0.003032,original
0.13605461092218443,-0.003101966835621326,interpolado
0.13615443088617726,-0.003175384328045664,interpolado
0.13625425085017004,-0.003179743990618184,interpolado
0.13635407081416284,-0.0031166462763794474,interpolado
0.13645389077815565,-0.002987691638370007,interpolado
0.13655371074214845,-0.002794480529630423,interpolado
0.13665353070614122,-0.0025386134032012587,interpolado
0.13675335067013403,-0.0022216907121231713,interpolado
0.13685317063412686,-0.001845312909436546,interpolado
0.137,-0.001187,original
0.13705281056211244,-0.0009204540194779317,interpolado
0.13715263052610524,-0.000372079318468745,interpolado
0.13725245049009802,0.00023800740733336833,interpolado
0.13735227045409082,0.000913868488568522,interpolado
0.13745209041808362,0.0016595662558763359,interpolado
0.13755191038207643,0.0024791630398965864,interpolado
0.1376517303460692,0.003376721171269052,interpolado
0.137751550310062,0.004356302980633227,interpolado
0.1378513702740548,0.005421970798629432,interpolado
0.138,0.007177,original
0.13805101020204044,0.007826275509804555,interpolado
0.13815083016603322,0.0091363462297913,interpolado
0.13825065013002602,0.010444247384290293,interpolado
0.1383504700940188,0.011684879575236935,interpolado
0.13845029005801163,0.01279314340456699,interpolado
0.1385501100220044,0.01370393947421623,interpolado
0.1386499299859972,0.014352168386120284,interpolado
0.13874974994999,0.014672730742215284,interpolado
0.1388495699139828,0.014600527144436782,interpolado
0.13894938987797562,0.01407045819472054,interpolado
0.139,0.013606,original
0.13914902980596117,0.011478387941103592,interpolado
0.139248849769954,0.009557240044591969,interpolado
0.1393486697339468,0.007376567475068675,interpolado
0.13944848969793958,0.005055282407878092,interpolado
0.1395483096619324,0.002712297018364615,interpolado
0.13964812962592518,0.00046652348187322594,interpolado
0.13974794958991799,-0.0015631260262529531,interpolado
0.13984776955391082,-0.0032577393306689,interpolado
0.13994758951790356,-0.004498404256030219,interpolado
0.14,-0.004928,original
0.14014722944588917,-0.005256061999269963,interpolado
0.14024704940988197,-0.004845352107074466,interpolado
0.14034686937387478,-0.004031803016117861,interpolado
0.14044668933786755,-0.002909338326726912,interpolado
0.14054650930186036,-0.001571881639228772,interpolado
0.14064632926585316,-0.00011335655394943423,interpolado
0.1407461492298459,0.001372313328783991,interpolado
0.14084596919383874,0.0027912044086447463,interpolado
0.14094578915783154,0.004049393085306068,interpolado
0.141,0.004632,original
0.14114542908581712,0.005772959257036781,interpolado
0.14124524904980995,0.006232194899732407,interpolado
0.14134506901380273,0.006464839139135897,interpolado
0.14144488897779556,0.006503063721744264,interpolado
0.14154470894178833,0.006379040394054558,interpolado
0.14164452890578116,0.006124940902563712,interpolado
0.14174434886977394,0.0057729369937687455,interpolado
0.14184416883376677,0.005355200414166662,interpolado
0.14194398879775955,0.004903902910254467,interpolado
0.142,0.004648,original
0.14214362872574518,0.00402249636895617,interpolado
0.14224344868973796,0.0036371719675482774,interpolado
0.14234326865373076,0.0033134938152207714,interpolado
0.14244308861772356,0.0030699061100021587,interpolado
0.14254290858171637,0.002924853049920975,interpolado
0.14264272854570914,0.0028967788330056437,interpolado
0.14274254850970194,0.0030041276572847285,interpolado
0.14284236847369475,0.0032653437207867397,interpolado
0.14294218843768755,0.0036988712215401858,interpolado
0.143,0.004036,original
0.14314182836567316,0.005119322576736642,interpolado
0.14324164832966593,0.006033202179736972,interpolado
0.14334146829365874,0.007004213828525913,interpolado
0.14344128825765154,0.007972747800929016,interpolado
0.14354110822164431,0.00887919437477266,interpolado
0.14364092818563715,0.009663943827882389,interpolado
0.14374074814962995,0.010267386438084027,interpolado
0.14384056811362275,0.010629912483203394,interpolado
0.14394038807761556,0.010691912241066338,interpolado
0.144,0.010561,original
0.14414002800560116,0.009736474893233614,interpolado
0.14423984796959394,0.008783094706911234,interpolado
0.14433966793358677,0.007607132265980335,interpolado
0.14443948789757952,0.006280650139969342,interpolado
0.1445393078615723,0.004875710898405543,interpolado
0.14463912782556507,0.0034643771108173287,interpolado
0.1447389477895579,0.0021187113467327438,interpolado
0.14483876775355073,0.0009107761756798299,interpolado
0.14493858771754345,-8.736583281313161e-05,interpolado
0.145,-0.000566,original
0.14513822764552908,-0.0012168555729968518,interpolado
0.1452380476095219,-0.0013620484712289361,interpolado
0.14533786757351466,-0.001283123241625855,interpolado
0.14543768753750744,-0.0010228817945802488,interpolado
0.14553750750150027,-0.0006241260404845118,interpolado
0.14563732746549307,-0.00012965788973123902,interpolado
0.14573714742948587,0.0004177207472870221,interpolado
0.14583696739347865,0.0009752079601777217,interpolado
0.14593678735747145,0.001500001838548177,interpolado
0.146,0.001796,original
0.14613642728545706,0.0023040922647286073,interpolado
0.14623624724944986,0.0025737412780799194,interpolado
0.14633606721344267,0.0027718165692056326,interpolado
0.14643588717743547,0.0029114275737577564,interpolado
0.14653570714142825,0.0030056837273881305,interpolado
0.14663552710542108,0.0030676944657486603,interpolado
0.14673534706941385,0.0031105692244912486,interpolado
0.14683516703340668,0.0031474174392677893,interpolado
0.14693498699739949,0.0031913485457302033,interpolado
0.147,0.00323,original
0.1471346269253851,0.003340947291142177,interpolado
0.1472344468893779,0.00343362310753292,interpolado
0.14733426685337067,0.003517176204621292,interpolado
0.14743408681736345,0.003575489880308123,interpolado
0.14753390678135628,0.00359244743249417,interpolado
0.14763372674534908,0.0035519321590802137,interpolado
0.14773354670934186,0.0034378273579670333,interpolado
0.14783336667333463,0.003234016327055482,interpolado
0.14793318663732744,0.002924382364246228,interpolado
0.148,0.00265,original
0.148132826565313,0.0019455157055727275,interpolado
0.14823264652930587,0.0013193968639659145,interpolado
0.14833246649329865,0.0006555597774274265,interpolado
0.14843228645729142,-5.2307632911149406e-06,interpolado
0.14853210642128423,-0.0006222099674375279,interpolado
0.14863192638527706,-0.0011546130442598107,interpolado
0.14873174634926986,-0.0015616752030059632,interpolado
0.14883156631326264,-0.0018026316529239448,interpolado
0.14893138627725544,-0.0018367176032618982,interpolado
0.149,-0.001719,original
0.14913102620524105,-0.0011576690499166598,interpolado
0.14923084616923382,-0.0004894441271056175,interpolado
0.14933066613322665,0.0003250782984968803,interpolado
0.14943048609721943,0.0012299624563440496,interpolado
0.14953030606121223,0.0021692725758892645,interpolado
0.14963012602520506,0.0030870728865859,interpolado
0.14972994598919784,0.003927427617887112,interpolado
0.14982976595319059,0.004634400999246755,interpolado
0.14992958591718342,0.005152057260117956,interpolado
0.15,0.005373,original
0.15012922584516902,0.005434384930543161,interpolado
0.1502290458091618,0.005225310391339245,interpolado
0.1503288657731546,0.004848804214982243,interpolado
0.1504286857371474,0.004355977490484877,interpolado
0.15052850570114024,0.0037979413068598405,interpolado
0.150628325665133,0.003225806753119824,interpolado
0.15072814562912576,0.0026906849182776614,interpolado
0.1508279655931186,0.0022436868913457337,interpolado
0.1509277855571114,0.0019359237613368902,interpolado
0.151,0.001829,original
0.15112742548509703,0.0019067743189309517,interpolado
0.1512272454490898,0.002156263680704252,interpolado
0.15132706541308263,0.002514545620111704,interpolado
0.15142688537707538,0.0029295547728256954,interpolado
0.1515267053410682,0.0033492257745186623,interpolado
0.15162652530506102,0.0037214932608630397,interpolado
0.15172634526905382,0.003994291867531209,interpolado
0.1518261652330466,0.004115556230195762,interpolado
0.15192598519703943,0.004033220984529049,interpolado
0.152,0.00381,original
0.15212562512502495,0.003084963030547246,interpolado
0.15222544508901778,0.0022489803186945727,interpolado
0.1523252650530106,0.001242289745760325,interpolado
0.15242508501700336,0.00011960096877932776,interpolado
0.1525249049809962,-0.0010643763552135963,interpolado
0.15262472494498897,-0.002254932569183296,interpolado
0.1527245449089818,-0.0033973580160956214,interpolado
0.1528243648729746,-0.004436943038915414,interpolado
0.15292418483696738,-0.005318977980607852,interpolado
0.153,-0.00585,original
0.15312382476495298,-0.0064180018652183965,interpolado
0.15322364472894576,-0.006628483827615925,interpolado
0.15332346469293856,-0.006648799014943521,interpolado
0.15342328465693136,-0.006507354715751475,interpolado
0.1535231046209242,-0.0062325582185900775,interpolado
0.15362292458491694,-0.0058528168120097306,interpolado
0.1537227445489098,-0.005396537784560515,interpolado
0.15382256451290258,-0.004892128424792806,interpolado
0.1539223844768954,-0.0043679960212568945,interpolado
0.154,-0.003965,original
0.154122024404881,-0.003367286222393704,interpolado
0.15422184436887376,-0.002919840920408227,interpolado
0.15432166433286656,-0.0025158984267652017,interpolado
0.15442148429685937,-0.002161186816540476,interpolado
0.15452130426085214,-0.0018614341648098937,interpolado
0.15462112422484495,-0.0016223685466493594,interpolado
0.15472094418883775,-0.0014497180371345834,interpolado
0.15482076415283055,-0.0013492107113414874,interpolado
0.15492058411682336,-0.0013265746443459172,interpolado
0.155,-0.001368,original
0.15512022404480894,-0.0015298239168596722,interpolado
0.15522004400880174,-0.001734095478280701,interpolado
0.15531986397279454,-0.0019785516551688097,interpolado
0.15541968393678737,-0.002241430638169587,interpolado
0.15551950390078015,-0.0025009706179285555,interpolado
0.15561932386477295,-0.002735409785091454,interpolado
0.15571914382876575,-0.0029229863303038006,interpolado
0.15581896379275853,-0.0030419384442111844,interpolado
0.15591878375675133,-0.003070504317459198,interpolado
0.156,-0.003012,original
0.15611842368473697,-0.002782338272970074,interpolado
0.15621824364872974,-0.002477059403405689,interpolado
0.15631806361272255,-0.002095756077910981,interpolado
0.15641788357671535,-0.0016630487988191598,interpolado
0.15651770354070813,-0.0012035580684635655,interpolado
0.15661752350470093,-0.0007419043891771472,interpolado
0.1567173434686937,-0.00030270826329324046,interpolado
0.15681716343268653,8.94098068549433e-05,interpolado
0.15691698339667934,0.0004098293189341954,interpolado
0.157,0.000604,original
0.15711662332466492,0.0007529631798943053,interpolado
0.15721644328865772,0.0007961578269678693,interpolado
0.15731626325265052,0.0007986570167503236,interpolado
0.1574160832166433,0.0007955565777265888,interpolado
0.1575159031806361,0.0008219523383815706,interpolado
0.1576157231446289,0.0009129401272001973,interpolado
0.1577155431086217,0.001103615772667388,interpolado
0.1578153630726145,0.0014290751032680633,interpolado
0.1579151830366073,0.0019244139474869806,interpolado
0.158,0.002505,original
0.1581148229645929,0.003538196424544662,interpolado
0.1582146429285857,0.00460483656135874,interpolado
0.15831446289257853,0.005753577108836151,interpolado
0.1584142828565713,0.006913406676420979,interpolado
0.15851410282056413,0.008013313873558282,interpolado
0.1586139227845569,0.008982287309692135,interpolado
0.15871374274854974,0.009749315594266944,interpolado
0.1588135627125425,0.010243387336727104,interpolado
0.1589133826765353,0.01039349114651703,interpolado
0.159,0.01019,original
0.15911302260452093,0.009416637044534276,interpolado
0.15921284256851373,0.008329592534019555,interpolado
0.1593126625325065,0.006957270903509068,interpolado
0.15941248249649928,0.005389398968343848,interpolado
0.15951230246049208,0.0037157035438635795,interpolado
0.1596121224244849,0.0020259114454092607,interpolado
0.15971194238847772,0.00040974948832146155,interpolado
0.1598117623524705,-0.001043055512059242,interpolado
0.15991158231646324,-0.0022427767403919727,interpolado
0.16,-0.003022,original
0.16011122224444888,-0.0035617651215570983,interpolado
0.16021104220844165,-0.0036837579873316996,interpolado
0.16031086217243448,-0.0035395189328271646,interpolado
0.16041068213642726,-0.003202860287207561,interpolado
0.16051050210042006,-0.00274759437963664,interpolado
0.16061032206441286,-0.0022475335392784217,interpolado
0.16071014202840567,-0.0017764900952968645,interpolado
0.16080996199239847,-0.0014082763768560028,interpolado
0.16090978195639127,-0.001216704713119566,interpolado
0.161,-0.001257,original
0.16110942188437688,-0.0016244847554766808,interpolado
0.16120924184836968,-0.0022004571253884638,interpolado
0.16130906181236243,-0.0029212744544574155,interpolado
0.16140888177635526,-0.003704729798722399,interpolado
0.16150870174034807,-0.004468616214221671,interpolado
0.16160852170434087,-0.005130726756993673,interpolado
0.1617083416683337,-0.0056088544830768545,interpolado
0.16180816163232645,-0.005820792448509634,interpolado
0.16190798159631928,-0.005684333709330599,interpolado
0.162,-0.005179,original
0.16210762152430486,-0.00407656057957797,interpolado
0.16220744148829772,-0.002642958795361696,interpolado
0.16230726145229044,-0.0009217619817539716,interpolado
0.16240708141628327,0.0009817487665558313,interpolado
0.1625069013802761,0.0029622923548769235,interpolado
0.16260672134426885,0.004914587688518956,interpolado
0.1627065413082617,0.006733353672791586,interpolado
0.16280636127225448,0.008313309213004064,interpolado
0.16290618123624725,0.009549173214466949,interpolado
0.163,0.010303,original
0.1631058211642329,0.010604114382961933,interpolado
0.1632056411282257,0.010408086491295033,interpolado
0.16330546109221844,0.009826685394669899,interpolado
0.16340528105621127,0.008939008902640938,interpolado
0.16350510102020407,0.007824154824762994,interpolado
0.16360492098419685,0.006561220970590815,interpolado
0.16370474094818963,0.005229305149679515,interpolado
0.16380456091218243,0.003907505171583079,interpolado
0.16390438087617523,0.0026749188458566084,interpolado
0.164,0.001651,original
0.16410402080416084,0.000775093116620913,interpolado
0.1642038407681536,0.00016281125025798386,interpolado
0.1643036607321464,-0.0002461750708811766,interpolado
0.1644034806961392,-0.0004718380699571494,interpolado
0.16450330066013202,-0.000534149970130717,interpolado
0.16460312062412483,-0.0004530829945626598,interpolado
0.1647029405881176,-0.00024860936641383173,interpolado
0.1648027605521104,5.929869115510391e-05,interpolado
0.1649025805161032,0.00045066895498332494,interpolado
0.165,0.000894,original
0.16510222044408876,0.0014032859029255655,interpolado
0.16520204040808162,0.0019210333421182664,interpolado
0.1653018603720744,0.0024353279604611548,interpolado
0.1654016803360672,0.002922726206972915,interpolado
0.16550150030006006,0.0033597845306723778,interpolado
0.16560132026405278,0.0037230593805783678,interpolado
0.1657011402280456,0.003989107205709659,interpolado
0.1658009601920384,0.004134484455085228,interpolado
0.1659007801560312,0.00413574757772382,interpolado
0.166,0.003971,original
0.16610042008401682,0.003621894871748646,interpolado
0.16620024004800957,0.0031176215066941607,interpolado
0.16630006001200237,0.00249057394876144,interpolado
0.16639987997599523,0.0017746932171532458,interpolado
0.166499699939988,0.0010039203310722167,interpolado
0.16659951990398078,0.00021219630972121295,interpolado
0.16669933986797358,-0.0005665378276975741,interpolado
0.1667991598319664,-0.0012983410619812866,interpolado
0.16689897979595922,-0.0019492723739272843,interpolado
0.167,-0.002491,original
0.1670986197239448,-0.0028811756841210638,interpolado
0.16719843968793757,-0.0031460260964654672,interpolado
0.1672982596519304,-0.003298391328776936,interpolado
0.1673980796159232,-0.003356720743645716,interpolado
0.16749789957991598,-0.0033394637036620583,interpolado
0.16759771954390879,-0.00326506957141624,interpolado
0.16769753950790156,-0.0031519877094984645,interpolado
0.1677973594718944,-0.0030186674804989952,interpolado
0.16789717943588717,-0.002883558247008079,interpolado
0.168,-0.002762,original
0.16809681936387277,-0.002678165923011705,interpolado
0.16819663932786558,-0.002621794475829947,interpolado
0.16829645929185838,-0.0025907451191469594,interpolado
0.16839627925585118,-0.0025797678347493137,interpolado
0.16849609921984396,-0.0025836126044235805,interpolado
0.1685959191838368,-0.0025970294099563257,interpolado
0.16869573914782957,-0.002614768233134128,interpolado
0.1687955591118224,-0.002631579055743555,interpolado
0.1688953790758152,-0.0026422118595711783,interpolado
0.169,-0.002641,original
0.1690950190038008,-0.002623038409307196,interpolado
0.16919483896779358,-0.002576739895969019,interpolado
0.16929465893178638,-0.0024909763197629806,interpolado
0.1693944788957792,-0.002354202797337113,interpolado
0.16949429885977196,-0.0021548744453395116,interpolado
0.16959411882376477,-0.0018814463804180984,interpolado
0.1696939387877576,-0.0015223737192209515,interpolado
0.1697937587517504,-0.0010661115783961008,interpolado
0.16989357871574312,-0.0005011150745915778,interpolado
0.17,0.000234,original
0.17009321864372873,0.0009936334837116205,interpolado
0.17019303860772153,0.0018939993015069329,interpolado
0.17029285857171436,0.0028406165060177653,interpolado
0.17039267853570716,0.003788840765750141,interpolado
0.17049249849969994,0.004694027749209841,interpolado
0.17059231846369274,0.005511533124903403,interpolado
0.17069213842768555,0.00619671256133659,interpolado
0.17079195839167835,0.006704921727015425,interpolado
0.17089177835567113,0.006991516290445935,interpolado
0.171,0.007,original
0.17109141828365676,0.006733366875887142,interpolado
0.17119123824764956,0.006185776701508434,interpolado
0.17129105821164234,0.005418804296249039,interpolado
0.17139087817563514,0.0044821819384208575,interpolado
0.17149069813962792,0.003425641906336095,interpolado
0.17159051810362075,0.002298916478306048,interpolado
0.1716903380676135,0.0011517379326428968,interpolado
0.1717901580316063,3.38385476585406e-05,interpolado
0.1718899779955991,-0.001005049398334849,interpolado
0.172,-0.001999,original
0.1720896179235847,-0.0026548498142351298,interpolado
0.17218943788757748,-0.003225770466490966,interpolado
0.1722892578515703,-0.0036444414679887753,interpolado
0.17238907781556306,-0.003927360487447896,interpolado
0.1724888977795559,-0.004091025193587879,interpolado
0.17258871774354867,-0.0041519332551280255,interpolado
0.17268853770754145,-0.004126582340787735,interpolado
0.1727883576715343,-0.004031470119286407,interpolado
0.17288817763552702,-0.003883094259343485,interpolado
0.173,-0.003674,original
0.17308781756351269,-0.0034915576311615425,interpolado
0.17318763752750552,-0.0032737563736613346,interpolado
0.1732874574914983,-0.0030523722496453064,interpolado
0.1733872774554911,-0.002835226337669874,interpolado
0.1734870974194839,-0.0026301397162912716,interpolado
0.17358691738347673,-0.002444933464065918,interpolado
0.1736867373474695,-0.0022874286595501703,interpolado
0.1737865573114623,-0.002165446381300385,interpolado
0.17388637727545506,-0.002086807707872935,interpolado
0.174,-0.00206,original
0.17408601720344072,-0.00208889072804208,interpolado
0.17418583716743352,-0.0021694518797309263,interpolado
0.1742856571314263,-0.0022905172199903312,interpolado
0.17438547709541907,-0.0024415787191870318,interpolado
0.17448529705941188,-0.002612128347687895,interpolado
0.17458511702340473,-0.0027916580758596665,interpolado
0.17468493698739748,-0.002969659874069126,interpolado
0.17478475695139026,-0.003135625712683014,interpolado
0.17488457691538306,-0.0032790475620682073,interpolado
0.175,-0.003403,original
0.17508421684336867,-0.003457961499697326,interpolado
0.17518403680736147,-0.003487067591734484,interpolado
0.1752838567713543,-0.0034835441569835515,interpolado
0.17538367673534705,-0.0034542107135349873,interpolado
0.17548349669933988,-0.003405886779479252,interpolado
0.1755833166633327,-0.003345391872906805,interpolado
0.1756831366273255,-0.0032795455119081097,interpolado
0.17578295659131826,-0.0032151672145736446,interpolado
0.17588277655531107,-0.0031590764989938335,interpolado
0.176,-0.003113,original
0.1760824164832967,-0.0030969506387711994,interpolado
0.17618223644728948,-0.0030861815455107025,interpolado
0.17628205641128225,-0.003070395820033052,interpolado
0.17638187637527503,-0.003034184044226176,interpolado
0.17648169633926786,-0.002962136799978011,interpolado
0.17658151630326066,-0.0028388446691764886,interpolado
0.17668133626725346,-0.002648898233709542,interpolado
0.17678115623124624,-0.0023768880754651924,interpolado
0.17688097619523904,-0.0020074047763312254,interpolado
0.177,-0.001418,original
0.17708061612322462,-0.0009188155710689644,interpolado
0.17718043608721745,-0.00020974378160145977,interpolado
0.17728025605121023,0.0005671353609797746,interpolado
0.177380076015203,0.0013767208239538662,interpolado
0.17747989597919578,0.002183911574599298,interpolado
0.1775797159431886,0.0029536065801947587,interpolado
0.17767953590718139,0.0036507048080187555,interpolado
0.1777793558711742,0.0042401052253503765,interpolado
0.177879175835167,0.004686706799468102,interpolado
0.178,0.004986,original
0.17807881576315263,0.00501732828269287,interpolado
0.17817863572714537,0.004891116035789592,interpolado
0.1782784556911382,0.004617355681420231,interpolado
0.178378275655131,0.004236748850301219,interpolado
0.17847809561912384,0.0037899971731489798,interpolado
0.17857791558311664,0.0033178022806799393,interpolado
0.1786777355471094,0.0028608658036106374,interpolado
0.17877755551110222,0.002459889372657238,interpolado
0.17887737547509502,0.002155574618536292,interpolado
0.179,0.001974,original
0.1790770154030806,0.0019938621263078465,interpolado
0.17917683536707338,0.002158503842962139,interpolado
0.1792766553310662,0.002446658476554788,interpolado
0.179376475295059,0.0028222836690045185,interpolado
0.17947629525905184,0.0032493370622300784,interpolado
0.17957611522304462,0.003691776298150218,interpolado
0.1796759351870374,0.004113559018683572,interpolado
0.1797757551510302,0.004478642865749134,interpolado
0.179875575115023,0.004750985481265532,interpolado
0.18,0.004906,original
0.1800752150430086,0.004877665799523674,interpolado
0.18017503500700136,0.004706445326072787,interpolado
0.1802748549709942,0.004406229900167577,interpolado
0.18037467493498696,0.004002519952296547,interpolado
0.18047449489897982,0.003520815912948173,interpolado
0.18057431486297257,0.0029866182126110853,interpolado
0.1806741348269654,0.0024254272817734617,interpolado
0.1807739547909582,0.0018627435509239198,interpolado
0.18087377475495103,0.0013240674505509366,interpolado
0.181,0.000717,original
0.18107341468293658,0.00041806031834300196,interpolado
0.18117323464692933,7.188325107235737e-05,interpolado
0.18127305461092216,-0.00021841918430481931,interpolado
0.181372874574915,-0.0004677590579327997,interpolado
0.1814726945389078,-0.000691048439955855,interpolado
0.18157251450290057,-0.0009031994005181984,interpolado
0.1816723344668934,-0.0011191240097642155,interpolado
0.18177215443088618,-0.0013537343378381178,interpolado
0.18187197439487898,-0.0016219424548841775,interpolado
0.182,-0.002039,original
0.18207161432286456,-0.0023158771478144677,interpolado
0.18217143428685736,-0.0027371737004260443,interpolado
0.18227125425085017,-0.0031701443568468842,interpolado
0.18237107421484292,-0.0035822047917670576,interpolado
0.18247089417883575,-0.003940770679876639,interpolado
0.1825707141428285,-0.004213257695865638,interpolado
0.18267053410682133,-0.004367081514424291,interpolado
0.1827703540708141,-0.004369657810242572,interpolado
0.18287017403480693,-0.004188402258010561,interpolado
0.183,-0.003624,original
0.1830698139627925,-0.003149169193103937,interpolado
0.1831696339267853,-0.0022891187147731466,interpolado
0.18326945389077812,-0.001267222975581048,interpolado
0.1833692738547709,-0.00014053163645110587,interpolado
0.18346909381876367,0.0010339056416928886,interpolado
0.1835689137827565,0.0021990391979281394,interpolado
0.18366873374674933,0.0032978193713308615,interpolado
0.18376855371074213,0.0042731965009775875,interpolado
0.1838683736747349,0.005068120925944856,interpolado
0.184,0.005744,original
0.18406801360272054,0.005893921060605638,interpolado
0.18416783356671332,0.005882446304706887,interpolado
0.18426765353070615,0.005637980990068784,interpolado
0.18436747349469892,0.005207950704906527,interpolado
0.18446729345869176,0.004639781037435485,interpolado
0.18456711342268456,0.003980897575870532,interpolado
0.18466693338667733,0.0032787259084270082,interpolado
0.18476675335067017,0.002580691623320111,interpolado
0.18486657331466294,0.0019342203087650387,interpolado
0.185,0.001233,original
0.18506621324264852,0.000982153879286364,interpolado
0.18516603320664132,0.0007230178857898523,interpolado
0.18526585317063415,0.0005849540431353678,interpolado
0.18536567313462696,0.0005431272249444713,interpolado
0.18546549309861976,0.0005727023048387088,interpolado
0.18556531306261254,0.0006488441564396633,interpolado
0.18566513302660534,0.0007467176533688971,interpolado
0.18576495299059811,0.0008414876692479711,interpolado
0.18586477295459095,0.0009083190776984474,interpolado
0.186,0.00091,original
0.1860644128825765,0.000861044014850613,interpolado
0.1861642328465693,0.0007296018755097866,interpolado
0.18626405281056213,0.0005523842898696271,interpolado
0.18636387277455488,0.0003540936828975041,interpolado
0.18646369273854768,0.00015943247956061652,interpolado
0.1865635127025405,-6.8968951736686946e-06,interpolado
0.1866633326665333,-0.000120192016338038,interpolado
0.1867631526305261,-0.00015575045896517713,interpolado
0.18686297259451887,-8.886979808780699e-05,interpolado
0.187,0.000215,original
0.1870626125225045,0.00044837311699007747,interpolado
0.18716243248649728,0.0009272430480304779,interpolado
0.18726225245049008,0.0015027044868507892,interpolado
0.18736207241448286,0.0021351445991800344,interpolado
0.18746189237847566,0.0027849505507477755,interpolado
0.18756171234246843,0.003412509507283047,interpolado
0.18766153230646127,0.003978208634515051,interpolado
0.187761352270454,0.00444243509817299,interpolado
0.18786117223444687,0.004765576063986003,interpolado
0.188,0.004906,original
0.18806081216243245,0.004833507612101929,interpolado
0.18816063212642525,0.0045542354601716545,interpolado
0.18826045209041806,0.004118795823122149,interpolado
0.18836027205441086,0.003576668401620004,interpolado
0.18846009201840364,0.002977332896331335,interpolado
0.18855991198239644,0.002370269007922715,interpolado
0.18865973194638924,0.00180495643706057,interpolado
0.18875955191038207,0.0013308748844113327,interpolado
0.1888593718743748,0.0009975040506415005,interpolado
0.189,0.000862,original
0.18905901180236043,0.000947459408615921,interpolado
0.1891588317663532,0.0012710570561327652,interpolado
0.18925865173034603,0.0017783093550970503,interpolado
0.18935847169433884,0.0024212999606104853,interpolado
0.18945829165833164,0.0031521125277743714,interpolado
0.1895581116223244,0.003922830711690123,interpolado
0.18965793158631722,0.00468553816745916,interpolado
0.18975775155031005,0.005392318550182712,interpolado
0.18985757151430283,0.005995255514962602,interpolado
0.19,0.006581,original
0.19005721144228843,0.0067001673576509175,interpolado
0.19015703140628126,0.006748027977140889,interpolado
0.190256851370274,0.006612354241378764,interpolado
0.1903566713342668,0.006316408463683379,interpolado
0.19045649129825962,0.005883452957373658,interpolado
0.1905563112622524,0.005336750035768514,interpolado
0.19065613122624522,0.004699562012186864,interpolado
0.19075595119023803,0.003995151199947821,interpolado
0.19085577115423086,0.003246779912369903,interpolado
0.191,0.002135,original
0.1910554110822164,0.0017111503825023272,interpolado
0.1911552310462092,0.0009693218953894258,interpolado
0.19125505101020196,0.0002735939672879998,interpolado
0.19135487097419485,-0.00035469263647816286,interpolado
0.1914546909381876,-0.0008941971505846796,interpolado
0.19155451090218045,-0.00132357880970737,interpolado
0.19165433086617326,-0.0016214968485219914,interpolado
0.191754150830166,-0.0017666105017045317,interpolado
0.19185397079415886,-0.0017375790039307105,interpolado
0.192,-0.001337,original
0.1920536107221444,-0.0010737462197531506,interpolado
0.19215343068613722,-0.00043976191737192153,interpolado
0.19225325065013008,0.00033295849689181606,interpolado
0.19235307061412282,0.0011871830659566328,interpolado
0.19245289057811563,0.002065679832741251,interpolado
0.19255271054210846,0.002911216840164392,interpolado
0.19265253050610123,0.0036665621311445856,interpolado
0.19275235047009406,0.004274483748600985,interpolado
0.1928521704340868,0.004677749735452088,interpolado
0.193,0.004777,original
0.19305181036207245,0.004644093775911245,interpolado
0.19315163032606528,0.004155146300452126,interpolado
0.193251450290058,0.0034090469449553993,interpolado
0.19335127025405083,0.002464710662455376,interpolado
0.19345109021804363,0.0013810524059862696,interpolado
0.19355091018203638,0.00021698712858229382,interpolado
0.1936507301460292,-0.0009685702167220112,interpolado
0.193750550110022,-0.0021167046768931007,interpolado
0.1938503700740148,-0.003168501298896435,interpolado
0.194,-0.004436,original
0.1940500100020004,-0.004749233498108652,interpolado
0.1941498299659932,-0.005205450749803986,interpolado
0.194249649929986,-0.005459459945011678,interpolado
0.19434946989397883,-0.005538814765296259,interpolado
0.1944492898579716,-0.005471068892222413,interpolado
0.19454910982196438,-0.005283776007354895,interpolado
0.19464892978595721,-0.0050044897922582815,interpolado
0.19474874974995002,-0.004660763928497296,interpolado
0.1948485697139428,-0.004280152097636624,interpolado
0.19494838967793562,-0.003890207981240956,interpolado
0.195,-0.003694,original
0.1951480296059212,-0.003179982791960419,interpolado
0.19524784956991403,-0.0028809896813511483,interpolado
0.19534766953390686,-0.0026255282495614585,interpolado
0.1954474894978996,-0.0024180544943867258,interpolado
0.19554730946189236,-0.002263024413622365,interpolado
0.19564712942588516,-0.002164894005063664,interpolado
0.195746949389878,-0.0021281192665060524,interpolado
0.1958467693538708,-0.002157156195744906,interpolado
0.1959465893178636,-0.0022564607905756024,interpolado
0.196,-0.00234,original
0.19614622924584918,-0.0026635457681487163,interpolado
0.19624604920984193,-0.0029245421193662973,interpolado
0.19634586917383476,-0.0031788305859225758,interpolado
0.1964456891378276,-0.003392407839453668,interpolado
0.19654550910182036,-0.0035312705515956663,interpolado
0.19664532906581317,-0.003561415393984776,interpolado
0.19674514902980603,-0.003448839038257061,interpolado
0.1968449689937988,-0.0031595381560486392,interpolado
0.1969447889577916,-0.002659509418995628,interpolado
0.197,-0.00228,original
0.1971444288857772,-0.0009387449854284185,interpolado
0.19724424884977002,0.0002152899889374413,interpolado
0.1973440688137628,0.001485891298253964,interpolado
0.1974438887777556,0.002812994095748404,interpolado
0.19754370874174837,0.004136533534649141,interpolado
0.19764352870574114,0.005396444768183441,interpolado
0.19774334866973398,0.006532662949578929,interpolado
0.19784316863372675,0.007485123232063235,interpolado
0.19794298859771955,0.008193760768863823,interpolado
0.198,0.008466,original
0.19814262852570516,0.008695624210623788,interpolado
0.198242448489698,0.008532700433638227,interpolado
0.19834226845369077,0.008167025862576067,interpolado
0.19844208841768354,0.007654364312389119,interpolado
0.19854190838167632,0.007050479598028733,interpolado
0.19864172834566915,0.006411135534446676,interpolado
0.19874154830966195,0.0057920959365946,interpolado
0.1988413682736547,0.005249124619424152,interpolado
0.19894118823764753,0.004837985397887069,interpolado
0.199,0.00468,original
0.1991408281656331,0.004591859128798831,interpolado
0.19924064812962589,0.004741636129197587,interpolado
0.19934046809361874,0.005027897070947177,interpolado
0.19944028805761152,0.005415812831650486,interpolado
0.19954010802160432,0.0058705542889107495,interpolado
0.1996399279855971,0.006357292320330877,interpolado
0.1997397479495899,0.006841197803513882,interpolado
0.19983956791358273,0.00728744161606277,interpolado
0.1999393878775755,0.007661194635580458,interpolado
0.2,0.007838,original
0.2001390278055611,0.008065560922194837,interpolado
0.20023884776955392,0.008068426795711538,interpolado
0.20033866773354672,0.007932013567963622,interpolado
0.20043848769753958,0.007651803307924078,interpolado
0.20053830766153233,0.0072232780845659745,interpolado
0.20063812762552516,0.006641919966862377,interpolado
0.20073794758951796,0.00590321102378634,interpolado
0.20083776755351074,0.005002633324311197,interpolado
0.2009375875175035,0.003935668937409504,interpolado
0.201,0.003182,original
0.20113722744548912,0.0013189288164028074,interpolado
0.20123704740948192,-0.0001313050730983944,interpolado
0.2013368673734747,-0.0015772352950233865,interpolado
0.2014366873374675,-0.002943892626411888,interpolado
0.2015365073014603,-0.00415630784430239,interpolado
0.20163632726545314,-0.005139511725733787,interpolado
0.20173614722944594,-0.005818535047744975,interpolado
0.20183596719343871,-0.006118408587374828,interpolado
0.2019357871574315,-0.005964163121662425,interpolado
0.202,-0.00559,original
0.20213542708541707,-0.004076086548261667,interpolado
0.20223524704940987,-0.002460221716655025,interpolado
0.20233506701340265,-0.0005583411063728416,interpolado
0.20243488697739548,0.0015059513090021548,interpolado
0.20253470694138828,0.00360905155588565,interpolado
0.20263452690538108,0.00562735566069383,interpolado
0.2027343468693739,0.007437259649842877,interpolado
0.20283416683336672,0.008915159549748626,interpolado
0.2029339867973595,0.009937451386828102,interpolado
0.203,0.010303,original
0.20313362672534507,0.010210813695599296,interpolado
0.20323344668933782,0.009514610894465935,interpolado
0.20333326665333062,0.008394918391879858,interpolado
0.2034330866173234,0.006953274111085988,interpolado
0.20353290658131623,0.005291215975329116,interpolado
0.203632726545309,0.0035102819078540355,interpolado
0.20373254650930178,0.0017120098319060265,interpolado
0.20383236647329459,-2.0623292711352277e-06,interpolado
0.20393218643728733,-0.0015303966524321594,interpolado
0.204,-0.002411,original
0.204131826365273,-0.0036753101857898342,interpolado
0.20423164632926571,-0.004265623054832963,interpolado
0.20433146629325855,-0.004576035411386498,interpolado
0.20443128625725135,-0.004639450195965569,interpolado
0.2045311062212442,-0.004488770349085521,interpolado
0.20463092618523698,-0.004156898811261699,interpolado
0.20473074614922976,-0.0036767385230095954,interpolado
0.20483056611322262,-0.003081192424844279,interpolado
0.2049303860772154,-0.0024031634572812054,interpolado
0.205,-0.001899,original
0.20513002600520103,-0.0009243746933848514,interpolado
0.2052298459691938,-0.00016512933417832116,interpolado
0.2053296659331866,0.0005880797112921948,interpolado
0.2054294858971794,0.0013210642082420062,interpolado
0.20552930586117227,0.0020196359218866383,interpolado
0.20562912582516507,0.0026696066174416097,interpolado
0.2057289457891578,0.0032567880601222913,interpolado
0.20582876575315065,0.0037669920151445348,interpolado
0.20592858571714343,0.004186030247723688,interpolado
0.206,0.004422,original
0.20612822564512903,0.004703171265064942,interpolado
0.20622804560912178,0.004806665382099717,interpolado
0.20632786557311455,0.0048224759948177955,interpolado
0.2064276855371074,0.004762780959202145,interpolado
0.2065275055011002,0.00463975813123573,interpolado
0.20662732546509296,0.0044655853669015744,interpolado
0.20672714542908577,0.0042524405221825426,interpolado
0.20682696539307854,0.004012501453061644,interpolado
0.20692678535707132,0.0037579460155218445,interpolado
0.207,0.003569,original
0.20712642528505693,0.0032479188661838137,interpolado
0.20722624524904976,0.002995242465507173,interpolado
0.20732606521304253,0.0027379811783716478,interpolado
0.20742588517703534,0.002471247174602866,interpolado
0.2075257051410282,0.0021901526240264545,interpolado
0.207625525105021,0.0018898096964681257,interpolado
0.20772534506901377,0.0015653305617533404,interpolado
0.20782516503300655,0.0012118273897078063,interpolado
0.2079249849969994,0.0008244123501571505,interpolado
0.208,0.000508,original
0.20812462492498496,-6.552695270037761e-05,interpolado
0.2082244448889778,-0.0005540960706848965,interpolado
0.2083242648529706,-0.001053302345112091,interpolado
0.20842408481696337,-0.001548987091140105,interpolado
0.2085239047809562,-0.002026991623927082,interpolado
0.20862372474494895,-0.002473157258631048,interpolado
0.2087235447089417,-0.002873325310410396,interpolado
0.20882336467293455,-0.003213337094423145,interpolado
0.20892318463692733,-0.003479033925827434,interpolado
0.209,-0.003624,original
0.2091228245649129,-0.00373823335621877,interpolado
0.20922264452890574,-0.00373263769069676,interpolado
0.20932246449289854,-0.0036491458702338306,interpolado
0.20942228445689137,-0.003497385117427881,interpolado
0.2095221044208841,-0.0032869826548768692,interpolado
0.20962192438487698,-0.0030275657051785786,interpolado
0.20972174434886978,-0.0027287614909309527,interpolado
0.20982156431286259,-0.0024001972347318886,interpolado
0.20992138427685536,-0.0020515001591792843,interpolado
0.21,-0.001769,original
0.21012102420484097,-0.0013279344873018085,interpolado
0.21022084416883377,-0.0009548656976009209,interpolado
0.21032066413282655,-0.0005682798449374115,interpolado
0.21042048409681935,-0.000163388686450543,interpolado
0.21052030406081212,0.0002645960207203,interpolado
0.21062012402480496,0.000720462519436091,interpolado
0.21071994398879773,0.001208999052557452,interpolado
0.21081976395279056,0.0017349938629451205,interpolado
0.2109195839167834,0.002303235193459835,interpolado
0.211,0.002795,original
0.21111922384476897,0.0035767834473293372,interpolado
0.21121904380876175,0.004254579611342929,interpolado
0.21131886377275455,0.0049255668757301006,interpolado
0.21141868373674735,0.005563450390011853,interpolado
0.21151850370074013,0.006141935303709039,interpolado
0.21161832366473296,0.006634726766342989,interpolado
0.21171814362872574,0.007015529927434531,interpolado
0.21181796359271857,0.00725804993650467,interpolado
0.21191778355671134,0.007335991943074412,interpolado
0.212,0.007258,original
0.21211742348469695,0.006910567939432614,interpolado
0.21221724344868975,0.006430887585068581,interpolado
0.21231706341268256,0.005822675474993203,interpolado
0.21241688337667528,0.005124527733593072,interpolado
0.2125167033406681,0.0043750404852541894,interpolado
0.21261652330466088,0.0036128098543631282,interpolado
0.21271634326865368,0.0028764319653062837,interpolado
0.2128161632326465,0.002204502942470049,interpolado
0.2129159831966392,0.0016356189102409552,interpolado
0.213,0.001265,original
0.21311562312462484,0.0009432473053323895,interpolado
0.21321544308861767,0.0008159531119203643,interpolado
0.21331526305261045,0.0007950752258175032,interpolado
0.21341508301660325,0.0008492417331178306,interpolado
0.21351490298059606,0.0009470807199154325,interpolado
0.21361472294458886,0.001057220272304351,interpolado
0.2137145429085817,0.001148288476378633,interpolado
0.2138143628725745,0.0011889134182323277,interpolado
0.21391418283656732,0.0011477231839595076,interpolado
0.214,0.001023,original
0.21411382276455287,0.000709262767666037,interpolado
0.21421364272854573,0.0003177618597108311,interpolado
0.2143134626925385,-0.00015239244472608926,interpolado
0.21441328265653128,-0.0006724633814615355,interpolado
0.21451310262052412,-0.001213714186312763,interpolado
0.21461292258451692,-0.001747408095096594,interpolado
0.2147127425485097,-0.002244808343629989,interpolado
0.21481256251250247,-0.002677178167729801,interpolado
0.2149123824764953,-0.003015780803213237,interpolado
0.215,-0.003213,original
0.2151120224044809,-0.0033098618972073374,interpolado
0.21521184236847374,-0.0032703753759613058,interpolado
0.21531166233246643,-0.0031404148182034206,interpolado
0.21541148229645926,-0.00294695815683229,interpolado
0.21551130226045204,-0.002716983324746622,interpolado
0.21561112222444484,-0.002477468254845102,interpolado
0.21571094218843767,-0.002255390880026412,interpolado
0.21581076215243045,-0.002077729133189278,interpolado
0.21591058211642322,-0.0019714609472322787,interpolado
0.216,-0.001959,original
0.2161102220444088,-0.002065987125520304,interpolado
0.2162100420084017,-0.0022467887466318657,interpolado
0.21630986197239443,-0.0024659531844594385,interpolado
0.21640968193638727,-0.0026834771381840606,interpolado
0.21650950190038004,-0.00285935730698658,interpolado
0.21660932186437284,-0.0029535903900479053,interpolado
0.2167091418283657,-0.0029261730865489423,interpolado
0.21680896179235848,-0.002737102095670677,interpolado
0.21690878175635125,-0.0023463741165939207,interpolado
0.217,-0.001779,original
0.21710842168433686,-0.0008206183761913512,interpolado
0.21720824164832966,0.0002892310015627979,interpolado
0.2173080616123224,0.0015587056964541418,interpolado
0.2174078815763153,0.0029309594489813568,interpolado
0.21750770154030805,0.0043491459996420736,interpolado
0.21760752150430082,0.0057564190889342545,interpolado
0.2177073414682936,0.007095932457355505,interpolado
0.21780716143228643,0.00831083984540455,interpolado
0.2179069813962792,0.00934429499357896,interpolado
0.218,0.010094,original
0.2181066213242649,0.010655954290942213,interpolado
0.21820644128825759,0.010907185492514345,interpolado
0.21830626125225044,0.010917495016880309,interpolado
0.21840608121624325,0.010711228353314674,interpolado
0.21850590118023605,0.01031273099109211,interpolado
0.21860572114422885,0.009746348419487292,interpolado
0.21870554110822166,0.00903642612777511,interpolado
0.2188053610722144,0.008207309605229836,interpolado
0.21890518103620726,0.007283344341126322,interpolado
0.219,0.00634,original
0.21910482096419284,0.005248052433236101,interpolado
0.21920464092818565,0.004184344275162253,interpolado
0.21930446089217845,0.003121075473715269,interpolado
0.21940428085617125,0.0020815701734997975,interpolado
0.21950410082016406,0.0010891525191201966,interpolado
0.21960392078415683,0.00016714665518082373,interpolado
0.21970374074814966,-0.0006611232737137462,interpolado
0.2198035607121424,-0.0013723331229596209,interpolado
0.2199033806761352,-0.0019431587479522001,interpolado
0.22,-0.00234,original
0.22010302060412076,-0.002577793259715568,interpolado
0.22020284056811365,-0.0026368207998244634,interpolado
0.2203026605321064,-0.0025446011406493846,interpolado
0.22040248049609926,-0.0023183765755445404,interpolado
0.22050230046009206,-0.001975389397864137,interpolado
0.2206021204240848,-0.0015328819009625175,interpolado
0.22070194038807767,-0.00100809637819364,interpolado
0.22080176035207044,-0.00041827512291182174,interpolado
0.22090158031606327,0.0002193395715287304,interpolado
0.221,0.000878,original
0.22110122024404882,0.0015677076729663998,interpolado
0.22120104020804165,0.002236551680194019,interpolado
0.22130086017203446,0.0028694730351551644,interpolado
0.22140068013602723,0.00344190734291734,interpolado
0.22150050010002004,0.003929290208548048,interpolado
0.2216003200640128,0.0043070572371147016,interpolado
0.22170014002800562,0.00455064403368502,interpolado
0.22179995999199842,0.004635486203326384,interpolado
0.22189977995599125,0.004537019351106297,interpolado
0.222,0.004229,original
0.2220994198839768,0.0037061212040521165,interpolado
0.2221992398479696,0.003010570408019097,interpolado
0.2222990598119624,0.0022058176997075997,interpolado
0.2223988797759552,0.0013536540857585855,interpolado
0.222498699739948,0.0005158705728130089,interpolado
0.2225985197039408,-0.0002457418324879761,interpolado
0.22269833966793356,-0.0008693921235038498,interpolado
0.2227981596319264,-0.0012932892935934293,interpolado
0.2228979795959192,-0.0014556423361157553,interpolado
0.223,-0.001287,original
0.22309761952390475,-0.0007704463102351358,interpolado
0.2231974394878976,6.332975598986435e-05,interpolado
0.22329725945189036,0.0011280083354365958,interpolado
0.22339707941588313,0.002344929558541615,interpolado
0.2234968993798759,0.0036354335557411055,interpolado
0.22359671934386877,0.004920860457472362,interpolado
0.22369653930786154,0.0061225503941715834,interpolado
0.22379635927185434,0.007161843496275318,interpolado
0.22389617923584715,0.007960079894220125,interpolado
0.224,0.00845,original
0.2240958191638327,0.008539293856801789,interpolado
0.22419563912782553,0.00829676951836368,interpolado
0.2242954590918183,0.0077717689988471405,interpolado
0.2243952790558112,0.0070250360899011795,interpolado
0.2244950990198039,0.006117314583175077,interpolado
0.22459491898379677,0.005109348270317333,interpolado
0.22469473894778955,0.004061880942977192,interpolado
0.22479455891178235,0.0030356563928036684,interpolado
0.22489437887577518,0.0020914184114457753,interpolado
0.225,0.001249,original
0.22509401880376073,0.0006801672244616276,interpolado
0.22519383876775353,0.00025544031966030274,interpolado
0.22529365873174637,-7.60863096191925e-06,interpolado
0.22539347869573917,-0.00013232108532779344,interpolado
0.2254932986597319,-0.00014203850136008578,interpolado
0.22559311862372475,-6.010233698155136e-05,interpolado
0.22569293858771755,9.014594988507238e-05,interpolado
0.22579275855171033,0.00028536490131703075,interpolado
0.2258925785157031,0.0005022130593915073,interpolado
0.226,0.000733,original
0.22609221844368874,0.0009098088534890939,interpolado
0.22619203840768157,0.0010705898779737922,interpolado
0.22629185837167434,0.0011944420294974967,interpolado
0.22639167833566715,0.0012761166296078863,interpolado
0.22649149829965998,0.001310364999852702,interpolado
0.22659131826365272,0.0012919384617796088,interpolado
0.22669113822764558,0.0012155883369363023,interpolado
0.22679095819163833,0.0010760659468704759,interpolado
0.22689077815563113,0.0008681226131298917,interpolado
0.227,0.000556,original
0.22709041808361677,0.0002289181801695133,interpolado
0.22719023804760957,-0.0001913393594156353,interpolado
0.22729005801160235,-0.000655781962639951,interpolado
0.22738987797559512,-0.0011459253254859985,interpolado
0.22748969793958793,-0.0016432851439367577,interpolado
0.22758951790358076,-0.0021293771139747966,interpolado
0.2276893378675735,-0.002585716931582819,interpolado
0.22778915783156636,-0.0029938202927435277,interpolado
0.2278889777955591,-0.00333520289343954,interpolado
0.228,-0.003614,original
0.22808861772354472,-0.00374771118419554,interpolado
0.22818843768753755,-0.0038111289048473286,interpolado
0.22828825765153035,-0.003796092282672852,interpolado
0.22838807761552307,-0.0037170677707886583,interpolado
0.22848789757951588,-0.003588521822311219,interpolado
0.2285877175435087,-0.003424920890357067,interpolado
0.2286875375075015,-0.00324073142804272,interpolado
0.2287873574714943,-0.00305041988848475,interpolado
0.2288871774354871,-0.0028684527247995646,interpolado
0.229,-0.002691,original
0.22908681736347272,-0.0025858433890534153,interpolado
0.2291866373274655,-0.002501644558777974,interpolado
0.22928645729145827,-0.0024568175982539286,interpolado
0.22938627725545108,-0.0024514749188237414,interpolado
0.22948609721944388,-0.0024857289318299166,interpolado
0.22958591718343668,-0.00255969204861494,interpolado
0.22968573714742951,-0.0026734766805212966,interpolado
0.22978555711142226,-0.002827195238891424,interpolado
0.22988537707541506,-0.0030209601350678944,interpolado
0.23,-0.003293,original
0.23008501700340067,-0.003527740017016978,interpolado
0.2301848369673935,-0.003829901034119326,interpolado
0.23028465693138625,-0.004148486800762621,interpolado
0.23038447689537903,-0.00447061022008177,interpolado
0.23048429685937188,-0.0047833841952114155,interpolado
0.2305841168233647,-0.005073921629286281,interpolado
0.2306839367873575,-0.005329335425441095,interpolado
0.23078375675135032,-0.005536738486810534,interpolado
0.23088357671534304,-0.005683243716529442,interpolado
0.231,-0.00576,original
0.2310832166433287,-0.005744380571285016,interpolado
0.23118303660732156,-0.005653702339617904,interpolado
0.2312828565713143,-0.005495548218896751,interpolado
0.23138267653530709,-0.005281555915205628,interpolado
0.2314824964992999,-0.00502336313462874,interpolado
0.23158231646329266,-0.004732607583250251,interpolado
0.2316821364272855,-0.004420926967154414,interpolado
0.23178195639127827,-0.004099958992425219,interpolado
0.23188177635527107,-0.003781341365146916,interpolado
0.232,-0.003423,original
0.2320814162832567,-0.003196474726199534,interpolado
0.23218123624724943,-0.002942364059668999,interpolado
0.2322810562112423,-0.0027123946689279785,interpolado
0.232380876175235,-0.0025045671870993626,interpolado
0.23248069613922784,-0.002316882247305966,interpolado
0.2325805161032206,-0.002147340482670606,interpolado
0.23268033606721336,-0.001993942526316137,interpolado
0.23278015603120622,-0.001854689011365291,interpolado
0.23287997599519897,-0.001727580570940927,interpolado
0.233,-0.001588,original
0.23307961592318466,-0.0015022647446932896,interpolado
0.23317943588717743,-0.0014044358512161526,interpolado
0.23327925585117018,-0.0013206027563949395,interpolado
0.23337907581516304,-0.0012542446302838948,interpolado
0.23347889577915582,-0.001208840642937233,interpolado
0.2335787157431486,-0.0011878699644091695,interpolado
0.23367853570714142,-0.0011948117647539139,interpolado
0.23377835567113422,-0.0012331452140256836,interpolado
0.23387817563512708,-0.0013063494822786966,interpolado
0.234,-0.001448,original
0.23407781556311266,-0.0015701374481377555,interpolado
0.23417763552710544,-0.001756302319458371,interpolado
0.2342774554910982,-0.001965342508056015,interpolado
0.23437727545509104,-0.0021861761718467484,interpolado
0.23447709541908385,-0.002407721468746678,interpolado
0.2345769153830766,-0.0026188965566718548,interpolado
0.23467673534706934,-0.002808619593538506,interpolado
0.2347765553110622,-0.0029658087372626796,interpolado
0.23487637527505498,-0.0030793821457604812,interpolado
0.235,-0.003143,original
0.23507601520304058,-0.0031332558222109718,interpolado
0.23517583516703336,-0.003071123605192751,interpolado
0.23527565513102616,-0.00296655458833134,interpolado
0.235375475095019,-0.0028343004284685047,interpolado
0.2354752950590118,-0.0026891127824460125,interpolado
0.23557511502300457,-0.002545743307105669,interpolado
0.2356749349869974,-0.0024189436592891595,interpolado
0.2357747549509902,-0.002323465495838291,interpolado
0.235874574914983,-0.00227406047359483,interpolado
0.236,-0.0023,original
0.23607421484296856,-0.0023694877235807574,interpolado
0.23617403480696142,-0.0025112595042725942,interpolado
0.23627385477095422,-0.002682036326733163,interpolado
0.23637367473494703,-0.002852936182659333,interpolado
0.23647349469893983,-0.002995077063747967,interpolado
0.2365733146629326,-0.0030795769616959187,interpolado
0.2366731346269254,-0.0030775538682001084,interpolado
0.2367729545909182,-0.0029601257749573666,interpolado
0.236872774554911,-0.002698410673664561,interpolado
0.237,-0.00211,original
0.23707241448289654,-0.001630784355765541,interpolado
0.23717223444688937,-0.0008151392790076169,interpolado
0.23727205441088212,0.00014662393432206505,interpolado
0.23737187437487497,0.0012174932676245098,interpolado
0.23747169433886778,0.0023604567043004096,interpolado
0.23757151430286058,0.003538502227751415,interpolado
0.23767133426685336,0.0047146178213782275,interpolado
0.23777115423084616,0.005851791468581861,interpolado
0.23787097419483894,0.0069130111527633195,interpolado
0.238,0.008112,original
0.23807061412282451,0.008662037981745294,interpolado
0.23817043408681737,0.009305940687063939,interpolado
0.23827025405081015,0.009798111474370676,interpolado
0.23837007401480295,0.010143865540202314,interpolado
0.23846989397879576,0.010348518081095617,interpolado
0.23856971394278853,0.010417384293587505,interpolado
0.2386695339067813,0.01035577937421471,interpolado
0.23876935387077416,0.010169018519514038,interpolado
0.23886917383476694,0.009862416926022294,interpolado
0.239,0.009288,original
0.23906881376275255,0.008911409083278768,interpolado
0.23916863372674535,0.008283441843884121,interpolado
0.23926845369073813,0.007571026742246861,interpolado
0.23936827365473093,0.006787844233634773,interpolado
0.23946809361872373,0.00594757477331588,interpolado
0.23956791358271656,0.005063898816557499,interpolado
0.23966773354670937,0.004150496818627641,interpolado
0.23976755351070214,0.00322104923479409,interpolado
0.23986737347469492,0.002289236520324632,interpolado
0.24,0.001071,original
0.24006701340268055,0.000471951936695524,interpolado
0.24016683336667333,-0.0004034243128170262,interpolado
0.24026665333066613,-0.0012690512078400696,interpolado
0.24036647329465888,-0.002136741171567108,interpolado
0.2404662932586517,-0.003018306627192362,interpolado
0.2405661132226445,-0.003925559997909338,interpolado
0.24066593318663732,-0.004870313706911778,interpolado
0.24076575315063006,-0.005864380177393425,interpolado
0.2408655731146229,-0.006919571832547721,interpolado
0.241,-0.008458,original
0.24106521304260844,-0.009256844251991019,interpolado
0.2411650330066013,-0.010509469660750486,interpolado
0.24126485297059408,-0.011737554223460213,interpolado
0.24136467293458683,-0.012872516489343547,interpolado
0.24146449289857963,-0.013845775007624784,interpolado
0.24156431286257246,-0.014588748327527231,interpolado
0.24166413282656526,-0.015032854998274538,interpolado
0.24176395279055807,-0.015109513569090339,interpolado
0.24186377275455082,-0.014750142589198462,interpolado
0.242,-0.013432,original
0.24206341268253645,-0.01245718001772717,interpolado
0.24216323264652928,-0.010509797021609162,interpolado
0.24226305261052206,-0.008165641577885881,interpolado
0.24236287257451483,-0.005547894331612351,interpolado
0.24246269253850763,-0.0027797359278413365,interpolado
0.24256251250250047,1.56529883722104e-05,interpolado
0.24266233246649324,0.002715091771974024,interpolado
0.24276215243048604,0.00519539977790921,interpolado
0.24286197239447888,0.007333396361124908,interpolado
0.243,0.009497,original
0.2430616123224644,0.010097644258435574,interpolado
0.24316143228645726,0.010604019884999708,interpolado
0.24326125225045006,0.010601826720739563,interpolado
0.24336107221444292,0.010169750466132874,interpolado
0.2434608921784357,0.009386476821657313,interpolado
0.2435607121424285,0.008330691487790637,interpolado
0.24366053210642136,0.007081080165010598,interpolado
0.24376035207041413,0.005716328553795327,interpolado
0.24386017203440696,0.004315122354621798,interpolado
0.244,0.002441,original
0.2440598119623926,0.0017149993029206417,interpolado
0.24415963192638537,0.0006208964436558663,interpolado
0.24425945189037815,-0.00033272059829737117,interpolado
0.24435927185437095,-0.0011533357915398587,interpolado
0.2444590918183637,-0.0018484331046715692,interpolado
0.2445589117823565,-0.0024254965062927634,interpolado
0.2446587317463493,-0.002892009965003698,interpolado
0.24475855171034205,-0.003255457449404545,interpolado
0.2448583716743349,-0.0035233229280957645,interpolado
0.245,-0.003754,original
0.24505801160232052,-0.003802074659455148,interpolado
0.2451578315663133,-0.0038248618543850286,interpolado
0.24525765153030607,-0.0037738307732037638,interpolado
0.24535747149429887,-0.003651296943121942,interpolado
0.24545729145829165,-0.0034595758913501854,interpolado
0.2455571114222845,-0.0032009831450991112,interpolado
0.24565693138627728,-0.002877834231579435,interpolado
0.24575675135027006,-0.0024924446780015936,interpolado
0.24585657131426286,-0.0020471300115762867,interpolado
0.246,-0.001307,original
0.2460562112422485,-0.0009865323316630582,interpolado
0.2461560312062413,-0.0003864444142218489,interpolado
0.24625585117023407,0.00023568905582522552,interpolado
0.2463556711342269,0.0008592447201798897,interpolado
0.24645549109821968,0.001463599220544032,interpolado
0.24655531106221248,0.0020281291986195384,interpolado
0.24665513102620526,0.002532211296108166,interpolado
0.2467549509901981,0.002955222154712088,interpolado
0.24685477095419087,0.0032765384161330406,interpolado
0.247,0.00352,original
0.24705441088217647,0.003532816887797875,interpolado
0.24715423084616928,0.003451943686289314,interpolado
0.24725405081016205,0.003256896970888097,interpolado
0.24735387077415483,0.0029723675774918296,interpolado
0.24745369073814766,0.0026230463419981143,interpolado
0.24755351070214046,0.0022336241003045525,interpolado
0.2476533306661332,0.0018287916883088597,interpolado
0.24775315063012604,0.001433239941908406,interpolado
0.24785297059411882,0.0010716596970009053,interpolado
0.248,0.000653,original
0.24805261052210442,0.000548257272104543,interpolado
0.24815243048609725,0.000415285447643153,interpolado
0.24825225045009003,0.0003574878411279905,interpolado
0.24835207041408286,0.00036186138695880565,interpolado
0.24845189037807566,0.0004154030195353004,interpolado
0.24855171034206844,0.0005051096732571484,interpolado
0.24865153030606116,0.0006179782825241039,interpolado
0.248751350270054,0.0007410057817358483,interpolado
0.24885117023404685,0.000861189105292084,interpolado
0.249,0.001007,original
0.24905081016203237,0.0010411405876271144,interpolado
0.2491506301260252,0.0010780206779652188,interpolado
0.24925045009001792,0.0010689431736563848,interpolado
0.2493502700540108,0.0010068021178140857,interpolado
0.2494500900180036,0.0008844915535517945,interpolado
0.2495499099819964,0.0006949055239830464,interpolado
0.24964972994598925,0.0004309380722211267,interpolado
0.249749549909982,8.548324137980354e-05,interpolado
0.24984936987397474,-0.00034856492542756877,interpolado
0.2499491898379676,-0.0008783123850878337,interpolado
0.25,-0.001187,original
0.2501488297659532,-0.0022301285110840835,interpolado
0.250248649729946,-0.0030046188961828355,interpolado
0.25034846969393876,-0.003798615465399847,interpolado
0.2504482896579316,-0.004577225904339756,interpolado
0.25054810962192436,-0.0053055578986059,interpolado
0.2506479295859172,-0.005948719133803258,interpolado
0.25074774954991,-0.006471817295535324,interpolado
0.2508475695139027,-0.006839960069406694,interpolado
0.2509473894778956,-0.007018255141021626,interpolado
0.251,-0.007024,original
0.2511470294058812,-0.006706727659945187,interpolado
0.251246849369874,-0.00625913540680267,interpolado
0.25134666933386673,-0.005672467752301689,interpolado
0.25144648929785957,-0.004988801942566379,interpolado
0.2515463092618524,-0.004250215223722062,interpolado
0.2516461292258452,-0.0034987848418925054,interpolado
0.25174594918983795,-0.0027765880432031025,interpolado
0.2518457691538308,-0.002125702073777976,interpolado
0.2519455891178236,-0.0015882041797414044,interpolado
0.252,-0.001358,original
0.2521452290458092,-0.0009892601742383473,interpolado
0.252245049009802,-0.0009210605184570325,interpolado
0.25234486897379477,-0.000979494020335367,interpolado
0.2524446889377876,-0.0011434731201111258,interpolado
0.2525445089017804,-0.0013919102580217746,interpolado
0.2526443288657732,-0.0017037178743052202,interpolado
0.252744148829766,-0.002057808409198767,interpolado
0.25284396879375876,-0.0024330943029402265,interpolado
0.25294378875775153,-0.0028084879957674634,interpolado
0.253,-0.003012,original
0.25314342868573714,-0.0034866387813183163,interpolado
0.25324324864972997,-0.0037800020571198095,interpolado
0.25334306861372274,-0.00404526146854662,interpolado
0.2534428885777156,-0.004284366585128691,interpolado
0.25354270854170835,-0.0044992669763954,interpolado
0.2536425285057011,-0.004691912211876534,interpolado
0.25374234846969396,-0.004864251861101825,interpolado
0.25384216843368673,-0.005018235493600728,interpolado
0.25394198839767956,-0.00515581267890306,interpolado
0.254,-0.005229,original
0.2541416283256651,-0.005385677288691045,interpolado
0.2542414482896579,-0.005470432805916666,interpolado
0.2543412682536507,-0.005526922821094687,interpolado
0.2544410882176435,-0.005548970135609183,interpolado
0.2545409081816364,-0.0055303975508441475,interpolado
0.25464072814562905,-0.0054650278681836195,interpolado
0.25474054810962193,-0.005346683889011544,interpolado
0.2548403680736147,-0.005169188414712062,interpolado
0.25494018803760754,-0.004926364246668994,interpolado
0.255,-0.004747,original
0.2551398279655931,-0.004233528889068955,interpolado
0.255239647929586,-0.0038121501583522777,interpolado
0.25533946789357875,-0.0033715226491017824,interpolado
0.25543928785757153,-0.0029349546102193707,interpolado
0.2555391078215643,-0.0025257542906079004,interpolado
0.25563892778555714,-0.002167229939169487,interpolado
0.2557387477495499,-0.0018826898048063595,interpolado
0.25583856771354274,-0.001695442136421206,interpolado
0.2559383876775355,-0.001628795182916208,interpolado
0.256,-0.001658,original
0.25613802760552107,-0.0019208668333270734,interpolado
0.2562378475695139,-0.002233727831867574,interpolado
0.25633766753350673,-0.0025999878196727895,interpolado
0.25643748749749956,-0.002975623737074263,interpolado
0.25653730746149234,-0.00331661252440274,interpolado
0.2566371274254851,-0.0035789311219896224,interpolado
0.25673694738947794,-0.0037185564701661305,interpolado
0.25683676735347066,-0.003691465509263275,interpolado
0.2569365873174635,-0.0034536351796121594,interpolado
0.257,-0.003173,original
0.25713622724544904,-0.002215556469822203,interpolado
0.25723604720944193,-0.0012742279736390543,interpolado
0.2573358671734347,-0.00020224053391296916,interpolado
0.2574356871374275,0.0009360982655716967,interpolado
0.25753550710142026,0.0020764808410281884,interpolado
0.25763532706541303,0.003154599608671656,interpolado
0.25773514702940586,0.004106146984717119,interpolado
0.25783496699339864,0.004866815385378024,interpolado
0.25793478695739147,0.005372297226869672,interpolado
0.258,0.005534,original
0.258134426885377,0.005421465463569682,interpolado
0.25823424684936985,0.0050372884647196525,interpolado
0.2583340668133627,0.0044923299517576915,interpolado
0.25843388677735546,0.003872125256969394,interpolado
0.2585337067413483,0.00326220971264018,interpolado
0.25863352670534107,0.0027481186510565168,interpolado
0.25873334666933395,0.002415387404503676,interpolado
0.2588331666333267,0.0023495513052678137,interpolado
0.2589329865973195,0.0026361456856344315,interpolado
0.259,0.003069,original
0.25913262652530505,0.004531194992916023,interpolado
0.25923244648929794,0.006048242394095539,interpolado
0.25933226645329066,0.0077977742186236655,interpolado
0.25943208641728344,0.009666890682338869,interpolado
0.25953190638127627,0.011542692001079888,interpolado
0.259631726345269,0.013312278390682303,interpolado
0.2597315463092619,0.014862750066985663,interpolado
0.2598313662732546,0.0160812072458259,interpolado
0.2599311862372474,0.01685475014304167,interpolado
0.26,0.01707,original
0.260130826165233,0.016689683768211068,interpolado
0.2602306461292258,0.015783431246469134,interpolado
0.26033046609321864,0.014437535342901492,interpolado
0.26043028605721136,0.012736822334219093,interpolado
0.2605301060212042,0.01076611849713214,interpolado
0.26062992598519696,0.008610250108354197,interpolado
0.2607297459491898,0.006354043444594313,interpolado
0.2608295659131826,0.004082324782566373,interpolado
0.2609293858771754,0.0018799203989804838,interpolado
0.261,0.00041,original
0.261129025805161,-0.002004677254451622,interpolado
0.26122884576915384,-0.003613997565222499,interpolado
0.26132866573314667,-0.004986907142737456,interpolado
0.2614284856971395,-0.006113695197492583,interpolado
0.2615283056611323,-0.006984650939983423,interpolado
0.26162812562512505,-0.0075900635807041395,interpolado
0.2617279455891179,-0.007920222330150523,interpolado
0.26182776555311066,-0.00796541639881734,interpolado
0.2619275855171034,-0.007715934997199982,interpolado
0.262,-0.007345,original
0.26212722544508904,-0.00631806587403235,interpolado
0.2622270454090819,-0.005238525318012055,interpolado
0.2623268653730747,-0.00398341719762998,interpolado
0.2624266853370675,-0.0026124735259416753,interpolado
0.26252650530106025,-0.0011854263160024467,interpolado
0.26262632526505303,0.0002379924191299992,interpolado
0.26272614522904586,0.0015980506664010768,interpolado
0.26282596519303864,0.002835016412753153,interpolado
0.2629257851570314,0.003889157645130907,interpolado
0.263,0.004519,original
0.2631254250850171,0.005240340209419545,interpolado
0.2632252450490099,0.005532815070169603,interpolado
0.2633250650130026,0.005610339497437213,interpolado
0.26342488497699534,0.005504828249237125,interpolado
0.2635247049409882,0.0052481960835836835,interpolado
0.263624524904981,0.004872357758491715,interpolado
0.26372434486897384,0.004409228031975357,interpolado
0.2638241648329666,0.0038907216620496675,interpolado
0.26392398479695933,0.0033487534067289304,interpolado
0.264,0.00294,original
0.26412362472494494,0.0023124214501788276,interpolado
0.26422344468893777,0.001844133908645663,interpolado
0.26432326465293055,0.0014116816893220434,interpolado
0.2644230846169234,0.0010164401138736568,interpolado
0.26452290458091615,0.0006597845039652745,interpolado
0.2646227245449089,0.00034309018126250045,interpolado
0.26472254450890176,6.773246743033303e-05,interpolado
0.2648223644728946,-0.00016491331586613683,interpolado
0.2649221844368873,-0.0003534718469614426,interpolado
0.265,-0.000469,original
0.26512182436487297,-0.000593515213976841,interpolado
0.2652216443288658,-0.0006450222193440033,interpolado
0.26532146429285863,-0.0006519928656701542,interpolado
0.26542128425685135,-0.0006153271361010937,interpolado
0.2655211042208442,-0.0005359250137825891,interpolado
0.265620924184837,-0.00041468648186053644,interpolado
0.2657207441488297,-0.0002525115234807099,interpolado
0.2658205641128226,-5.030012178879398e-05,interpolado
0.2659203840768154,0.00019104774006918005,interpolado
0.266,0.000411,original
0.266120024004801,0.0007810804139630869,interpolado
0.2662198439687938,0.0011011351594666394,interpolado
0.26631966393278655,0.0014075260827857423,interpolado
0.26641948389677933,0.0016770138244921618,interpolado
0.2665193038607722,0.0018863590251582904,interpolado
0.26661912382476494,0.002012322325356001,interpolado
0.2667189437887577,0.0020316643656575497,interpolado
0.26681876375275054,0.0019211457866349525,interpolado
0.2669185837167433,0.001657527228860439,interpolado
0.267,0.001313,original
0.267118223644729,0.0005983024956352836,interpolado
0.2672180436087217,-0.0001571575019436819,interpolado
0.2673178635727146,-0.0009987688554730697,interpolado
0.2674176835367073,-0.0018765662232823374,interpolado
0.2675175035007002,-0.0027405842637028117,interpolado
0.26761732346469297,-0.003540857635063924,interpolado
0.26771714342868574,-0.004227420995696575,interpolado
0.2678169633926786,-0.004750309003931412,interpolado
0.2679167833566714,-0.005059556318098249,interpolado
0.268,-0.005118,original
0.26811642328465696,-0.004865773729875402,interpolado
0.26821624324864973,-0.004388462570018925,interpolado
0.2683160632126425,-0.003731182695481666,interpolado
0.26841588317663534,-0.0029517700038979747,interpolado
0.26851570314062817,-0.002108060392900653,interpolado
0.26861552310462095,-0.0012578897601242625,interpolado
0.2687153430686137,-0.00045909400320194566,interpolado
0.26881516303260655,0.00023049098023304303,interpolado
0.2689149829965994,0.0007530292925463152,interpolado
0.269,0.001023,original
0.2691146229245849,0.0010886953882607755,interpolado
0.26921444288857765,0.0008910918332343875,interpolado
0.26931426285257054,0.0004915193878007851,interpolado
0.2694140828165633,-7.642662901913562e-05,interpolado
0.2695139027805562,-0.0007791508982055308,interpolado
0.269613722744549,-0.0015830581007371697,interpolado
0.26971354270854175,-0.002454552917593972,interpolado
0.26981336267253453,-0.0033600400297560083,interpolado
0.26991318263652736,-0.004265924118201823,interpolado
0.27,-0.005028,original
0.27011282256451297,-0.005946320476740258,interpolado
0.27021264252850574,-0.006662180435478931,interpolado
0.2703124624924986,-0.007260153967373289,interpolado
0.27041228245649135,-0.007714202515964301,interpolado
0.270512102420484,-0.00799828752479397,interpolado
0.27061192238447684,-0.008086370437403928,interpolado
0.2707117423484696,-0.007952412697335706,interpolado
0.27081156231246245,-0.007570375748130758,interpolado
0.2709113822764553,-0.006914221033331141,interpolado
0.271,-0.006081,original
0.27111102220444083,-0.004701210330954601,interpolado
0.27121084216843366,-0.0032174181325055028,interpolado
0.27131066213242644,-0.0015930592621113252,interpolado
0.27141048209641927,8.536692926267375e-05,interpolado
0.271510302060412,0.0017313610906539503,interpolado
0.2716101220244048,0.0032584238710998904,interpolado
0.27170994198839765,0.004580055919635341,interpolado
0.2718097619523905,0.005609757885298254,interpolado
0.27190958191638326,0.006261030417124031,interpolado
0.272,0.006452,original
0.27210922184436886,0.006121927200171551,interpolado
0.2722090418083617,0.005357170110758402,interpolado
0.27230886177235447,0.0042481721961581415,interpolado
0.2724086817363473,0.0028899774740587195,interpolado
0.2725085017003401,0.0013776299621462752,interpolado
0.27260832166433285,-0.00019382632189338328,interpolado
0.27270814162832563,-0.0017293473603717969,interpolado
0.27280796159231846,-0.003133889135603885,interpolado
0.2729077815563113,-0.004312407629901367,interpolado
0.273,-0.005118,original
0.2731074214842969,-0.005643235533158178,interpolado
0.2732072414482896,-0.005771424607721548,interpolado
0.2733070614122825,-0.005613627177945168,interpolado
0.2734068813762753,-0.005229033020373351,interpolado
0.27350670134026805,-0.004676831911550196,interpolado
0.2736065213042609,-0.0040162136280194275,interpolado
0.27370634126825366,-0.003306367946325918,interpolado
0.2738061612322465,-0.0026064846430130604,interpolado
0.27390598119623927,-0.001975753494625774,interpolado
0.274,-0.001498,original
0.2741056211242249,-0.0011420299700743814,interpolado
0.27420544108821765,-0.0009691205622706185,interpolado
0.2743052610522105,-0.0009303735590507452,interpolado
0.2744050810162033,-0.0010015291951844649,interpolado
0.27450490098019603,-0.00115832770544139,interpolado
0.2746047209441888,-0.0013765093245913255,interpolado
0.2747045409081816,-0.001631814287403688,interpolado
0.2748043608721744,-0.0018999828286484016,interpolado
0.27490418083616724,-0.002156755183094829,interpolado
0.275,-0.00237,original
0.2751038207641528,-0.0025452221886027747,interpolado
0.2752036407281456,-0.002662507367792669,interpolado
0.27530346069213846,-0.002738263653616251,interpolado
0.2754032806561312,-0.002781027224676316,interpolado
0.27550310062012395,-0.0027993342595757946,interpolado
0.27560292058411684,-0.0028017209369175615,interpolado
0.2757027405481096,-0.0027967234353044935,interpolado
0.27580256051210245,-0.0027928779333394713,interpolado
0.2759023804760952,-0.00279872060962538,interpolado
0.276,-0.002822,original
0.27610202040408083,-0.0028696961218607456,interpolado
0.27620184036807366,-0.002929390230815108,interpolado
0.2763016603320664,-0.0029883805194199507,interpolado
0.2764014802960592,-0.0030331775767905977,interpolado
0.27650130026005204,-0.003050291992042297,interpolado
0.27660112022404487,-0.0030262343542903536,interpolado
0.27670094018803765,-0.002947515252650091,interpolado
0.2768007601520304,-0.002800645276236814,interpolado
0.27690058011602325,-0.002572135014165672,interpolado
0.277,-0.00225,original
0.27710022004400886,-0.0018220841268821591,interpolado
0.2772000400080016,-0.001308373912642134,interpolado
0.27729985997199436,-0.0007285452764185245,interpolado
0.27739967993598724,-0.0001037790814255227,interpolado
0.27749949989998,0.0005447438091216196,interpolado
0.27759931986397285,0.0011958425320090513,interpolado
0.27769913982796557,0.0018283362240214909,interpolado
0.27779895979195834,0.002421044021944754,interpolado
0.2778987797559512,0.0029527850625645662,interpolado
0.278,0.003408,original
0.2780984196839368,0.0037533938671581194,interpolado
0.27819823964792956,0.004009219428925479,interpolado
0.27829805961192233,0.004178410949120879,interpolado
0.27839787957591516,0.00426952422257863,interpolado
0.27849769953990794,0.004291115044132922,interpolado
0.2785975195039008,0.004251739208618073,interpolado
0.27869733946789355,0.004159952510868413,interpolado
0.2787971594318864,0.004024310745718223,interpolado
0.27889697939587926,0.0038533697080016804,interpolado
0.279,0.003649,original
0.2790966193238648,0.003441261379460067,interpolado
0.2791964392878576,0.003226481334425843,interpolado
0.2792962592518504,0.003029483669473562,interpolado
0.2793960792158432,0.0028684070492767458,interpolado
0.2794958991798359,0.002761390138509183,interpolado
0.27959571914382875,0.002726571601844378,interpolado
0.27969553910782163,0.0027820901039559785,interpolado
0.27979535907181435,0.0029460843095175417,interpolado
0.2798951790358072,0.0032366928832028704,interpolado
0.28,0.003698,original
0.28009481896379285,0.004260893669075144,interpolado
0.2801946389277856,0.004968161646974011,interpolado
0.28029445889177834,0.0057460965894894685,interpolado
0.28039427885577123,0.006546935281502675,interpolado
0.28049409881976406,0.007322914507893428,interpolado
0.2805939187837569,0.008026271053543244,interpolado
0.28069373874774967,0.008609241703332035,interpolado
0.2807935587117424,0.00902406324214092,interpolado
0.2808933786757353,0.009222972454850662,interpolado
0.281,0.009143,original
0.2810930186037209,0.008796801188654444,interpolado
0.2811928385677137,0.008178461638212745,interpolado
0.2812926585317065,0.007365157237816218,interpolado
0.2813924784956993,0.006418863535803251,interpolado
0.28149229845969204,0.005401556080514139,interpolado
0.28159211842368476,0.004375210420287604,interpolado
0.2816919383876776,0.0034018021034623535,interpolado
0.2817917583516704,0.0025433066783787086,interpolado
0.2818915783156632,0.001861699693375007,interpolado
0.282,0.001394,original
0.28209121824364874,0.0012624115916591272,interpolado
0.2821910382076416,0.0013634700699192894,interpolado
0.28229085817163435,0.001669000630376541,interpolado
0.2823906781356271,0.002125859494596802,interpolado
0.28249049809961985,0.0026809028841451843,interpolado
0.2825903180636126,0.0032809870205875503,interpolado
0.2826901380276055,0.0038729681254898586,interpolado
0.28278995799159823,0.004403702420417075,interpolado
0.2828897779555911,0.004820046126935367,interpolado
0.283,0.005083,original
0.2830894178835766,0.005107332851423947,interpolado
0.2831892378475695,0.004949364832356813,interpolado
0.2832890578115623,0.004628150975363067,interpolado
0.2833888777755551,0.0041769071344030795,interpolado
0.2834886977395479,0.0036288491634380513,interpolado
0.28358851770354077,0.003017192916428454,interpolado
0.2836883376675336,0.0023751542473346124,interpolado
0.28378815763152637,0.0017359490101179406,interpolado
0.2838879775955192,0.0011327930587384564,interpolado
0.284,0.00054,original
0.2840876175235047,0.00016254620747019552,interpolado
0.2841874374874976,-0.00017664558589473533,interpolado
0.28428725745149036,-0.00042932770999935766,interpolado
0.2843870774154831,-0.0006061681029618849,interpolado
0.28448689737947597,-0.0007178347029000457,interpolado
0.2845867173434687,-0.0007749954479318775,interpolado
0.2846865373074616,-0.0007883182761752978,interpolado
0.28478635727145435,-0.000768471125748216,interpolado
0.28488617723544707,-0.0007261219347685433,interpolado
0.285,-0.000664,original
0.2850858171634327,-0.0006148731854667826,interpolado
0.28518563712742545,-0.0005533719376192578,interpolado
0.2852854570914183,-0.0004819072014036955,interpolado
0.2853852770554111,-0.00039494382555936954,interpolado
0.2854850970194039,-0.0002869466588257343,interpolado
0.28558491698339666,-0.00015238054994210634,interpolado
0.2856847369473895,1.4289652352256535e-05,interpolado
0.2857845569113824,0.00021859909931781183,interpolado
0.28588437687537516,0.0004660829422154325,interpolado
0.286,0.000814,original
0.2860840168033607,0.001109024995011238,interpolado
0.2861838367673535,0.0014842816516286012,interpolado
0.28628365673134626,0.0018564812332239266,interpolado
0.2863834766953391,0.00219403411856406,interpolado
0.28648329665933187,0.0024653506864150817,interpolado
0.28658311662332464,0.002638841315543662,interpolado
0.28668293658731747,0.0026829163847162524,interpolado
0.2867827565513102,0.002565986272699261,interpolado
0.2868825765153029,0.0022564613582592187,interpolado
0.287,0.001603,original
0.2870822164432886,0.0009425456176786251,interpolado
0.2871820364072814,-4.288400341314324e-05,interpolado
0.2872818563712742,-0.001165600385476852,interpolado
0.287381676335267,-0.0023575760105531795,interpolado
0.28748149629925984,-0.0035507833606829593,interpolado
0.2875813162632526,-0.004677194917905012,interpolado
0.28768113622724545,-0.0056687831642606955,interpolado
0.28778095619123817,-0.006457520581789051,interpolado
0.287880776155231,-0.006975379652530861,interpolado
0.288,-0.007144,original
0.2880804160832166,-0.0069391331643180116,interpolado
0.28818023604720944,-0.006367305862341729,interpolado
0.28828005601120227,-0.005517307362553559,interpolado
0.288379875975195,-0.0044677736244474,interpolado
0.2884796959391879,-0.003297340607516707,interpolado
0.2885795159031807,-0.0020846442712569393,interpolado
0.2886793358671735,-0.0009083205751609657,interpolado
0.28877915583116626,0.0001529945212757445,interpolado
0.2888789757951591,0.0010206650585597398,interpolado
0.289,0.0017,original
0.28907861572314464,0.0018706989420067056,interpolado
0.2891784356871374,0.0017943688480166692,interpolado
0.2892782556511302,0.0014331429652648833,interpolado
0.289378075615123,0.0008332990243641844,interpolado
0.2894778955791158,4.111475592687307e-05,interpolado
0.28957771554310857,-0.0008971321094333627,interpolado
0.2896775355071014,-0.001935163841104722,interpolado
0.2897773554710942,-0.003026702708473245,interpolado
0.28987717543508695,-0.004125470980926696,interpolado
0.29,-0.005419,original
0.2900768153630725,-0.0061610111195750964,interpolado
0.2901766353270653,-0.00701971693957518,interpolado
0.29027645529105817,-0.007733771257392778,interpolado
0.29037627525505094,-0.008275675252468778,interpolado
0.2904760952190438,-0.008617930104243698,interpolado
0.2905759151830366,-0.008733036992157536,interpolado
0.29067573514702943,-0.008593497095650765,interpolado
0.29077555511102215,-0.008171811594163922,interpolado
0.290875375075015,-0.00744048166713738,interpolado
0.291,-0.006051,original
0.29107501500300054,-0.004948385509852626,interpolado
0.2911748349669934,-0.003233810962039587,interpolado
0.29127465493098614,-0.0013346354172628849,interpolado
0.2913744748949789,0.0006424473630060166,interpolado
0.2914742948589718,0.0025907436172958234,interpolado
0.2915741148229645,0.004403559584131972,interpolado
0.29167393478695736,0.005974201502044011,interpolado
0.29177375475095013,0.0071959756095577865,interpolado
0.2918735747149429,0.007962188145201912,interpolado
0.292,0.008112,original
0.29207321464292846,0.007716107870075594,interpolado
0.2921730346069213,0.006657931137490243,interpolado
0.2922728545709142,0.0051115978223431,interpolado
0.2923726745349069,0.0031978081950263123,interpolado
0.2924724944988997,0.0010372625259311987,interpolado
0.29257231446289256,-0.0012493389145472168,interpolado
0.29267213442688533,-0.0035412958560175037,interpolado
0.29277195439087816,-0.005717908028088252,interpolado
0.292871774354871,-0.007658475160364412,interpolado
0.293,-0.009611,original
0.2930714142828566,-0.010359311551607115,interpolado
0.2931712342468493,-0.011003556295667564,interpolado
0.2932710542108422,-0.011227971188302509,interpolado
0.29337087417483493,-0.011086165677225568,interpolado
0.29347069413882776,-0.010631749210150497,interpolado
0.29357051410282053,-0.009918331234791675,interpolado
0.29367033406681337,-0.008999521198862777,interpolado
0.2937701540308062,-0.007928928550077022,interpolado
0.29386997399479897,-0.006760162736149477,interpolado
0.294,-0.005179,original
0.2940696139227845,-0.004340607601373688,interpolado
0.2941694338867773,-0.0031729233923186067,interpolado
0.29426925385077013,-0.0020631991791869747,interpolado
0.29436907381476296,-0.0010306949288618717,interpolado
0.29446889377875574,-9.467060822400927e-05,interpolado
0.29456871374274857,0.0007256138158437279,interpolado
0.2946685337067414,0.0014108983764600516,interpolado
0.2947683536707342,0.0019419231067433743,interpolado
0.29486817363472695,0.0022994280398112603,interpolado
0.295,0.002473,original
0.29506781356271256,0.002419733986041853,interpolado
0.29516763352670533,0.0021819597183068574,interpolado
0.29526745349069816,0.001786671575505097,interpolado
0.2953672734546909,0.001270015138545503,interpolado
0.29546709341868377,0.0006681359883360227,interpolado
0.29556691338267654,1.717970578581581e-05,interpolado
0.2956667333466692,-0.0006467081281969551,interpolado
0.2957665533106621,-0.0012873819327041563,interpolado
0.29586637327465487,-0.0018686961268265844,interpolado
0.296,-0.002491,original
0.2960660132026405,-0.002711000149037561,interpolado
0.29616583316663325,-0.00293207122955814,interpolado
0.2962656531306261,-0.003029735346992769,interpolado
0.29636547309461886,-0.0030163233384005814,interpolado
0.29646529305861175,-0.002904166040840816,interpolado
0.2965651130226046,-0.0027055942913728386,interpolado
0.29666493298659724,-0.00243293892705585,interpolado
0.29676475295059007,-0.0020985307849488884,interpolado
0.2968645729145829,-0.0017147007021115672,interpolado
0.297,-0.001137,original
0.2970642128425685,-0.0008479223943088963,interpolado
0.2971640328065613,-0.00038705885299073834,interpolado
0.29726385277055406,8.040973209394875e-05,interpolado
0.2973636727345469,0.0005461119375257394,interpolado
0.2974634926985397,0.0010016763398862374,interpolado
0.2975633126625325,0.0014387315157560307,interpolado
0.2976631326265253,0.001848906041716472,interpolado
0.29776295259051805,0.002223828494348856,interpolado
0.2978627725545109,0.00255512745023386,interpolado
0.298,0.002924,original
0.2980624124824965,0.0030537669848840353,interpolado
0.2981622324464892,0.0032105557852704,interpolado
0.2982620524104821,0.003306105566488956,interpolado
0.2983618723744748,0.003341809659074096,interpolado
0.29846169233846753,0.0033190613935603877,interpolado
0.2985615123024605,0.003239254100482272,interpolado
0.29866133226645325,0.0031037811103743337,interpolado
0.29876115223044614,0.0029140357537709247,interpolado
0.29886097219443886,0.002671411361206754,interpolado
0.299,0.002248,original
0.2990606121224245,0.002033299066922464,interpolado
0.29916043208641724,0.0016439111320403288,interpolado
0.29926025205041007,0.0012158438717734916,interpolado
0.2993600720144028,0.000755857908216482,interpolado
0.2994598919783957,0.0002707138634631233,interpolado
0.29955971194238845,-0.00023282764039281708,interpolado
0.2996595319063812,-0.0007480059812567259,interpolado
0.29975935187037406,-0.0012680605370351164,interpolado
0.29985917183436683,-0.0017862306856333563,interpolado
0.3,-0.002501,original
0.3000588117623524,-0.0027896864733899943,interpolado
0.30015863172634527,-0.0032581235505502277,interpolado
0.3002584516903381,-0.0036888316699489384,interpolado
0.3003582716543308,-0.004069511459125093,interpolado
0.30045809161832365,-0.0043878635456183965,interpolado
0.3005579115823165,-0.004631588556968413,interpolado
0.3006577315463093,-0.004788387120714315,interpolado
0.3007575515103021,-0.004845959864395715,interpolado
0.3008573714742948,-0.004792007415551995,interpolado
0.301,-0.004497,original
0.30105701140228047,-0.0043017125446393415,interpolado
0.30115683136627325,-0.0038667967604718097,interpolado
0.3012566513302661,-0.0033411401701940215,interpolado
0.30135647129425885,-0.0027569854373822333,interpolado
0.30145629125825163,-0.002146575225611839,interpolado
0.3015561112222444,-0.0015421521984581665,interpolado
0.30165593118623724,-0.0009759590194975626,interpolado
0.30175575115023,-0.0004802383523050961,interpolado
0.3018555711142228,-8.7232860456993e-05,interpolado
0.302,0.000234,original
0.3020552110422084,0.0002636906900227039,interpolado
0.30215503100620117,0.00019798241378203823,interpolado
0.30225485097019394,1.2314427109535386e-05,interpolado
0.3023546709341868,-0.00025361872906924345,interpolado
0.30245449089817955,-0.0005601225138290372,interpolado
0.3025543108621723,-0.0008675023862446708,interpolado
0.30265413082616516,-0.0011360638053904521,interpolado
0.30275395079015793,-0.0013261122303412942,interpolado
0.30285377075415076,-0.0013979531201716317,interpolado
0.303,-0.001207,original
0.30305341068213637,-0.0010303034238918567,interpolado
0.3031532306461292,-0.0005561475409347442,interpolado
0.30325305061012203,7.05800155618048e-05,interpolado
0.3033528705741147,0.000808526007650299,interpolado
0.3034526905381076,0.001616337197384275,interpolado
0.30355251050210047,0.0024526603468174213,interpolado
0.30365233046609313,0.0032761422180020167,interpolado
0.303752150430086,0.004045429572992151,interpolado
0.3038519703940788,0.0047191691738401745,interpolado
0.304,0.005454,original
0.3040516103220644,0.005615983805037368,interpolado
0.3041514302860572,0.005788721601664029,interpolado
0.30425125025005,0.005792145462766874,interpolado
0.30435107021404284,0.0056453139581031835,interpolado
0.3044508901780356,0.0053672856574305365,interpolado
0.30455071014202845,0.0049771191305060455,interpolado
0.3046505301060213,0.004493872947087557,interpolado
0.304750350070014,0.0039366056769322855,interpolado
0.30485017003400683,0.003324375889797283,interpolado
0.30494998999799966,0.00267624215544064,interpolado
0.305,0.002344,original
0.30514962992598527,0.0013480627328772575,interpolado
0.30524944988997793,0.0007049902825905333,interpolado
0.3053492698539709,0.00010031443767930526,interpolado
0.3054490898179636,-0.00044768003281164446,interpolado
0.3055489097819565,-0.0009207083598388005,interpolado
0.3056487297459492,-0.0013004857743575274,interpolado
0.30574854970994203,-0.001568727507324008,interpolado
0.30584836967393486,-0.0017071487896941767,interpolado
0.3059481896379276,-0.0016974648524237697,interpolado
0.306,-0.001628,original
0.30614782956591324,-0.0011934605055553692,interpolado
0.306247649529906,-0.0007512263159383415,interpolado
0.3063474694938988,-0.0002381504011381904,interpolado
0.3064472894578916,0.00030342932392545,interpolado
0.3065471094218844,0.0008311749443340863,interpolado
0.3066469293858771,0.0013027485451680694,interpolado
0.30674674934986995,0.0016758122115086557,interpolado
0.3068465693138627,0.0019080280284368833,interpolado
0.30694638927785556,0.001957058081033431,interpolado
0.307,0.001893,original
0.30714602920584116,0.001384279684549887,interpolado
0.30724584916983394,0.0008110396356719957,interpolado
0.30734566913382677,0.00011215137167387083,interpolado
0.30744548909781955,-0.0006626012036198267,interpolado
0.3075453090618124,-0.0014634341863860381,interpolado
0.3076451290258052,-0.0022405636727999916,interpolado
0.3077449489897978,-0.002944205759038268,interpolado
0.30784476895379076,-0.0035245765412772892,interpolado
0.30794458891778353,-0.003931892115692524,interpolado
0.308,-0.004065,original
0.3081442288457691,-0.004071563230224022,interpolado
0.30824404880976186,-0.0038276469789305404,interpolado
0.3083438687737547,-0.0034223092051608966,interpolado
0.30844368873774747,-0.0028919741042890976,interpolado
0.30854350870174035,-0.0022730658716881365,interpolado
0.3086433286657331,-0.0016020087027322585,interpolado
0.30874314862972585,-0.0009152267927946786,interpolado
0.3088429685937187,-0.00024914433724858043,interpolado
0.30894278855771146,0.00035981446853174077,interpolado
0.309,0.000669,original
0.30914242848569706,0.0012844944202816662,interpolado
0.3092422484496899,0.0015969583653693406,interpolado
0.30934206841368267,0.0018260506925820653,interpolado
0.3094418883776755,0.0019845668249431313,interpolado
0.30954170834166833,0.0020853021854762266,interpolado
0.30964152830566116,0.0021410521972049083,interpolado
0.3097413482696539,0.00216461228315266,interpolado
0.3098411682336467,0.0021687778663430604,interpolado
0.3099409881976395,0.00216634436979965,interpolado
0.31,0.002167,original
0.3101406281256252,0.0021807833870109796,interpolado
0.3102404480896179,0.0021870284618778226,interpolado
0.31034026805361076,0.0021754249360016954,interpolado
0.3104400880176035,0.0021328504492625975,interpolado
0.31053990798159625,0.002046182641540517,interpolado
0.31063972794558903,0.001902299152715347,interpolado
0.3107395479095818,0.0016880776226672334,interpolado
0.3108393678735747,0.001390395691275912,interpolado
0.3109391878375674,0.0009961309984216976,interpolado
0.311,0.000703,original
0.31113882776555307,-0.00011689002154886718,interpolado
0.31123864772954585,-0.0008072374258326869,interpolado
0.3113384676935387,-0.001552029596973331,interpolado
0.3114382876575315,-0.002324808769265795,interpolado
0.31153810762152423,-0.003099117177006315,interpolado
0.31163792758551706,-0.0038484970544911314,interpolado
0.3117377475495099,-0.004546490636015235,interpolado
0.31183756751350267,-0.005166640155875202,interpolado
0.3119373874774955,-0.00568248784836617,interpolado
0.312,-0.005941,original
0.31213702740548105,-0.006313692992608189,interpolado
0.3122368473694739,-0.0064338656030263125,interpolado
0.31233666733346666,-0.006444322322729912,interpolado
0.31243648729745943,-0.006360926401839072,interpolado
0.3125363072614522,-0.006199541090473923,interpolado
0.31263612722544504,-0.005976029638754413,interpolado
0.3127359471894378,-0.00570625529680089,interpolado
0.3128357671534307,-0.005406081314733164,interpolado
0.3129355871174234,-0.005091370942671665,interpolado
0.313,-0.004888,original
0.313135227045409,-0.0044773120579900605,interpolado
0.31323504700940186,-0.004195117450967994,interpolado
0.31333486697339463,-0.003936370027807913,interpolado
0.3134346869373874,-0.0037061166608552787,interpolado
0.3135345069013803,-0.003509404222455113,interpolado
0.31363432686537307,-0.0033512795849525096,interpolado
0.31373414682936585,-0.003236789620692818,interpolado
0.3138339667933587,-0.003170981202021088,interpolado
0.31393378675735145,-0.0031589012012825666,interpolado
0.314,-0.003183,original
0.31413342668533706,-0.003306092969600725,interpolado
0.3142332466493299,-0.0034419666318297416,interpolado
0.31433306661332266,-0.003592928307674247,interpolado
0.31443288657731544,-0.0037388489527077867,interpolado
0.3145327065413082,-0.0038595995225041606,interpolado
0.31463252650530105,-0.003935050972637113,interpolado
0.31473234646929377,-0.00394507425868027,interpolado
0.3148321664332866,-0.0038695403362073383,interpolado
0.3149319863972794,-0.0036883201607921115,interpolado
0.315,-0.003494,original
0.31513162632526504,-0.002949411781955764,interpolado
0.31523144628925787,-0.002424000174448414,interpolado
0.31533126625325064,-0.0018404517832321173,interpolado
0.3154310862172434,-0.0012338707167085143,interpolado
0.31553090618123625,-0.0006393610832802723,interpolado
0.31563072614522897,-9.202699134874841e-05,interpolado
0.31573054610922185,0.0003730274506834573,interpolado
0.31583036607321463,0.0007206981344146876,interpolado
0.31593018603720746,0.000915880951443027,interpolado
0.316,0.000943,original
0.3161298259651931,0.0007391586676695596,interpolado
0.3162296459291859,0.0004058852564183612,interpolado
0.3163294658931787,-2.7095769414746106e-05,interpolado
0.31642928585717145,-0.0005109119100623824,interpolado
0.3165291058211642,-0.0009966906657563313,interpolado
0.3166289257851571,-0.0014355595367294182,interpolado
0.31672874574914983,-0.001778646023213479,interpolado
0.3168285657131426,-0.0019770776254411184,interpolado
0.31692838567713544,-0.0019819818436446228,interpolado
0.317,-0.001839,original
0.31712802560512104,-0.0012511843118111943,interpolado
0.31722784556911376,-0.0005467203430235505,interpolado
0.31732766553310654,0.00031653700994361866,interpolado
0.31742748549709937,0.0012865982842082521,interpolado
0.31752730546109215,0.002311474016886627,interpolado
0.31762712542508503,0.0033391747450971995,interpolado
0.31772694538907775,0.004317711005956184,interpolado
0.31782676535307053,0.005195093336581531,interpolado
0.31792658531706336,0.005919332274090976,interpolado
0.318,0.006324,original
0.31812622524504897,0.0067325434300757195,interpolado
0.3182260452090418,0.00683777037655557,interpolado
0.3183258651730345,0.006797738090594124,interpolado
0.3184256851370274,0.0066557714138135455,interpolado
0.3185255051010202,0.00645519518783627,interpolado
0.3186253250650129,0.006239334254284382,interpolado
0.3187251450290058,0.006051513454780408,interpolado
0.31882496499299856,0.005935057630946482,interpolado
0.3189247849569914,0.005933291624404903,interpolado
0.319,0.006034,original
0.31912442488497705,0.006414458814745265,interpolado
0.31922424484896983,0.006858136096551312,interpolado
0.3193240648129626,0.007362433790302954,interpolado
0.31942388477695544,0.007869466196011638,interpolado
0.3195237047409482,0.00832134761368794,interpolado
0.3196235247049411,0.008660192343343472,interpolado
0.3197233446689338,0.008828114684988998,interpolado
0.3198231646329266,0.008767228938635916,interpolado
0.3199229845969194,0.008419649404295113,interpolado
0.32,0.007919,original
0.3201226245249051,0.006677787842309693,interpolado
0.3202224444888978,0.005346047887573251,interpolado
0.3203222644528905,0.0038200613438163535,interpolado
0.32042208441688336,0.0021873301094864806,interpolado
0.32052190438087613,0.0005353560830338943,interpolado
0.320621724344869,-0.0010483588370947274,interpolado
0.32072154430886174,-0.0024763127524491746,interpolado
0.32082136427285446,-0.0036610037645819545,interpolado
0.32092118423684735,-0.0045149299750450195,interpolado
0.321,-0.004898,original
0.32112082416483284,-0.004931968200973553,interpolado
0.3212206441288257,-0.004530660402728162,interpolado
0.3213204640928185,-0.003833634001991218,interpolado
0.32142028405681144,-0.0029275864137252917,interpolado
0.3215201040208041,-0.0018992150528946501,interpolado
0.3216199239847969,-0.0008352173344620726,interpolado
0.32171974394878977,0.00017770932660974312,interpolado
0.32181956391278255,0.0010528675153564024,interpolado
0.32191938387677543,0.0017035598168155446,interpolado
0.322,0.002006,original
0.322119023804761,0.0020293458026025635,interpolado
0.32221884376875376,0.001719024293903536,interpolado
0.3223186637327466,0.0011834213646551848,interpolado
0.32241848369673937,0.0004936468112000314,interpolado
0.32251830366073214,-0.00027918957011809287,interpolado
0.32261812362472486,-0.001063977982956499,interpolado
0.3227179435887177,-0.0017896086309725293,interpolado
0.3228177635527104,-0.0023849717178223116,interpolado
0.3229175835167033,-0.002778957447163389,interpolado
0.323,-0.002902,original
0.3231172234446888,-0.0027130262091148135,interpolado
0.3232170434086817,-0.002261608004697091,interpolado
0.3233168633726745,-0.0016036437489849976,interpolado
0.32341668333666734,-0.0007964623325487774,interpolado
0.3235165033006601,0.00010260735403973785,interpolado
0.32361632326465284,0.0010362364202100539,interpolado
0.3237161432286457,0.0019470959753917522,interpolado
0.32381596319263856,0.002777857129012885,interpolado
0.32391578315663144,0.003471190990503401,interpolado
0.324,0.003907,original
0.32411542308461694,0.004239148991025783,interpolado
0.3242152430486098,0.004301766549083297,interpolado
0.3243150630126025,0.004189172498555285,interpolado
0.3244148829765953,0.003932861454139103,interpolado
0.3245147029405881,0.0035643280305324965,interpolado
0.32461452290458087,0.0031150668424327994,interpolado
0.32471434286857376,0.002616572504537174,interpolado
0.3248141628325665,0.002100339631543629,interpolado
0.32491398279655936,0.0015978628381490756,interpolado
0.325,0.0012,original
0.32511362272454486,0.0007520247640726268,interpolado
0.3252134426885377,0.00043401342918693276,interpolado
0.3253132626525305,0.0001850030608125574,interpolado
0.32541308261652324,3.408561962426597e-06,interpolado
0.3255129025805161,-0.00011235516435005467,interpolado
0.3256127225445089,-0.00016387321511180164,interpolado
0.32571254250850173,-0.00015273068730958675,interpolado
0.32581236247249445,-8.051267793021899e-05,interpolado
0.32591218243648734,5.1195716039583936e-05,interpolado
0.326,0.000215,original
0.3261118223644728,0.00048183892057927275,interpolado
0.3262116423284658,0.0007541613691571216,interpolado
0.32631146229245855,0.0010352541541375634,interpolado
0.3264112822564514,0.0013026007508781655,interpolado
0.32651110222044416,0.0015336846347359053,interpolado
0.3266109221844369,0.0017059892810682206,interpolado
0.32671074214842977,0.0017969981652324178,interpolado
0.3268105621124225,0.0017841947625856693,interpolado
0.3269103820764153,0.0016450625484853347,interpolado
0.327,0.001394,original
0.32711002200440087,0.0009108333032331216,interpolado
0.3272098419683937,0.0003353312211714788,interpolado
0.3273096619323865,-0.00033328265008414576,interpolado
0.32740948189637925,-0.0010588801475749853,interpolado
0.32750930186037197,-0.0018053331083424029,interpolado
0.32760912182436486,-0.0025365133694265035,interpolado
0.3277089417883576,-0.0032162927678690005,interpolado
0.32780876175235046,-0.0038085431407100757,interpolado
0.32790858171634324,-0.00427713632499107,interpolado
0.328,-0.004567,original
0.3281082216443288,-0.004712982203460377,interpolado
0.3282080416083216,-0.004680169375714831,interpolado
0.3283078615723144,-0.00451797657588334,interpolado
0.32840768153630717,-0.004256868087436553,interpolado
0.3285075015003,-0.003927308193844903,interpolado
0.3286073214642928,-0.0035597611785794002,interpolado
0.3287071414282856,-0.0031846913251102984,interpolado
0.32880696139227844,-0.002832562916908659,interpolado
0.32890678135627116,-0.002533840237444901,interpolado
0.329,-0.00233,original
0.32910642128425677,-0.0022099605546420696,interpolado
0.32920624124824965,-0.0022008193533201493,interpolado
0.32930606121224243,-0.002279897491324951,interpolado
0.32940588117623515,-0.0024355305245581478,interpolado
0.32950570114022804,-0.0026560540089215824,interpolado
0.3296055211042208,-0.0029298035003167094,interpolado
0.3297053410682137,-0.003245114554645523,interpolado
0.3298051610322064,-0.0035903227278093735,interpolado
0.32990498099619925,-0.00395376357571013,interpolado
0.33,-0.004306,original
0.3301046209241848,-0.004689677383930931,interpolado
0.33020444088817763,-0.005044238890581701,interpolado
0.3303042608521704,-0.005380961750725384,interpolado
0.33040408081616324,-0.005693350445038399,interpolado
0.330503900780156,-0.005974909454197106,interpolado
0.3306037207441488,-0.006219143258877409,interpolado
0.3307035407081417,-0.006419556339755783,interpolado
0.33080336067213445,-0.006569653177508224,interpolado
0.3309031806361272,-0.006662938252811067,interpolado
0.331,-0.006693,original
0.33110282056411283,-0.006656345470891867,interpolado
0.33120264052810566,-0.0065618800320897275,interpolado
0.33130246049209844,-0.0064208907612167175,interpolado
0.3314022804560912,-0.006244748608671853,interpolado
0.33150210042008404,-0.006044824524854074,interpolado
0.3316019203840768,-0.005832489460162662,interpolado
0.33170174034806965,-0.005619114364996447,interpolado
0.3318015603120625,-0.005416070189754729,interpolado
0.33190138027605526,-0.005234727884836439,interpolado
0.332,-0.005088,original
0.3321010202040409,-0.004978535090526931,interpolado
0.3322008401680338,-0.0049024216678595495,interpolado
0.3323006601320266,-0.004845769441249483,interpolado
0.33240048009601936,-0.004796229726180076,interpolado
0.3325003000600122,-0.004741453838134681,interpolado
0.33260012002400496,-0.004669093092596748,interpolado
0.3326999399879977,-0.004566798805049638,interpolado
0.3327997599519906,-0.004422222290976648,interpolado
0.33289957991598335,-0.004223014865861324,interpolado
0.333,-0.003955,original
0.3330992198439689,-0.003617372393601188,interpolado
0.33319903980796167,-0.0032230402316365063,interpolado
0.3332988597719545,-0.0027985055084820167,interpolado
0.3333986797359472,-0.002368442374668534,interpolado
0.33349849969994005,-0.0019575249807259414,interpolado
0.3335983196639327,-0.0015904274771850367,interpolado
0.3336981396279256,-0.0012918240145759156,interpolado
0.3337979595919184,-0.0010863887434288248,interpolado
0.33389777955591116,-0.0009987958142743344,interpolado
0.334,-0.001057,original
0.33409741948389676,-0.0012660960845271732,interpolado
0.33419723944788954,-0.0016089977080109299,interpolado
0.3342970594118824,-0.0020442473617187083,interpolado
0.33439687937587514,-0.002533668013593013,interpolado
0.334496699339868,-0.0030390826315773462,interpolado
0.33459651930386075,-0.003522314183614137,interpolado
0.3346963392678536,-0.003945185637646666,interpolado
0.33479615923184647,-0.004269519961618086,interpolado
0.33489597919583924,-0.004457140123471025,interpolado
0.335,-0.004466,original
0.33509561912382485,-0.004281234250665101,interpolado
0.3351954390878176,-0.003917887727949179,interpolado
0.33529525905181046,-0.003421546392187027,interpolado
0.33539507901580323,-0.002833928105050821,interpolado
0.335494898979796,-0.002196750728211565,interpolado
0.33559471894378884,-0.0015517321233415914,interpolado
0.3356945389077816,-0.0009405901521121615,interpolado
0.33579435887177445,-0.000405042676194613,interpolado
0.33589417883576717,1.3192442738834179e-05,interpolado
0.336,0.000282,original
0.33609381876375277,0.0003418701903307275,interpolado
0.33619363872774555,0.0002437023835881996,interpolado
0.33629345869173843,1.5781664048771337e-05,interpolado
0.3363932786557312,-0.0003040013438578224,interpolado
0.336493098619724,-0.0006777560157024264,interpolado
0.3365929185837169,-0.0010675917270551436,interpolado
0.33669273854770965,-0.0014356178534867055,interpolado
0.3367925585117024,-0.0017439437705677934,interpolado
0.3368923784756953,-0.0019546788538685844,interpolado
0.337,-0.002029,original
0.3370920184036809,-0.0019392144487791283,interpolado
0.33719183836767364,-0.001689489085851778,interpolado
0.33729165833166647,-0.0012995420846409825,interpolado
0.33739147829565924,-0.0007881636496167382,interpolado
0.3374912982596521,-0.00017414398524805385,interpolado
0.33759111822364474,0.0005237267039948236,interpolado
0.33769093818763757,0.0012866582136426548,interpolado
0.33779075815163034,0.002095860339226342,interpolado
0.3378905781156232,0.0029325428762754235,interpolado
0.338,0.003859,original
0.3380902180436087,0.004612238202104534,interpolado
0.33819003800760156,0.00541069035623238,interpolado
0.3382898579715943,0.006146761158921244,interpolado
0.3383896779355871,0.006793938540891849,interpolado
0.33848949789957994,0.0073257104328661666,interpolado
0.3385893178635727,0.007715564765565914,interpolado
0.33868913782756555,0.007936989469712196,interpolado
0.3387889577915583,0.00796347247602677,interpolado
0.33888877775555115,0.007768501715231143,interpolado
0.339,0.007258,original
0.33908841768353676,0.006617772993378175,interpolado
0.3391882376475296,0.0056825966881133075,interpolado
0.33928805761152236,0.004576578142585102,interpolado
0.33938787757551514,0.0033562799338252287,interpolado
0.3394876975395079,0.002078264638863529,interpolado
0.3395875175035007,0.000799094834729714,interpolado
0.3396873374674935,-0.00042466690154435596,interpolado
0.3397871574314863,-0.0015364579929295576,interpolado
0.33988697739547913,-0.0024797158623942176,interpolado
0.34,-0.003273,original
0.3400866173234648,-0.003645535261916255,interpolado
0.3401864372874575,-0.0038438888673333694,interpolado
0.34028625725145034,-0.0038387615867869263,interpolado
0.3403860772154432,-0.0036760157567603934,interpolado
0.340485897179436,-0.003401513713737263,interpolado
0.3405857171434288,-0.0030611177942007793,interpolado
0.3406855371074216,-0.0027006903346347855,interpolado
0.3407853570714145,-0.002366093671522379,interpolado
0.3408851770354072,-0.002103190141347395,interpolado
0.341,-0.001949,original
0.3410848169633928,-0.0019665167398488434,interpolado
0.3411846369273856,-0.0021063428552607856,interpolado
0.34128445689137843,-0.0023313473382219818,interpolado
0.34138427685537115,-0.0025955051020849487,interpolado
0.3414840968193638,-0.0028527910602025772,interpolado
0.34158391678335676,-0.0030571801259277453,interpolado
0.3416837367473495,-0.0031626472126129895,interpolado
0.34178355671134225,-0.0031231672336111587,interpolado
0.3418833766753351,-0.002892715102275062,interpolado
0.342,-0.00232,original
0.3420830166033207,-0.0016853275167926086,interpolado
0.3421828365673134,-0.00070780437988223,interpolado
0.3422826565313063,0.0004435457668609757,interpolado
0.34238247649529907,0.0017048776610059419,interpolado
0.3424822964592918,0.0030123460401235047,interpolado
0.3425821164232846,0.004302105641784609,interpolado
0.3426819363872775,0.005510311203558032,interpolado
0.34278175635127034,0.00657311746301528,interpolado
0.34288157631526306,0.007426679157725384,interpolado
0.343,0.00808,original
0.3430812162432487,0.008260850387762239,interpolado
0.3431810362072415,0.008206001047796136,interpolado
0.3432808561712343,0.007891844078168534,interpolado
0.3433806761352271,0.0073677426964691714,interpolado
0.3434804960992199,0.0066830601202873055,interpolado
0.3435803160632127,0.00588715956721184,interpolado
0.34368013602720554,0.0050294042548330465,interpolado
0.34377995599119826,0.004159157400739876,interpolado
0.3438797759551911,0.0033257822225212503,interpolado
0.344,0.002441,original
0.3440794158831766,0.001961793863769142,interpolado
0.3441792358471695,0.001479521481090367,interpolado
0.34427905581116214,0.001118060039737062,interpolado
0.3443788757751551,0.000863554800994256,interpolado
0.3444786957391478,0.0007021510261473651,interpolado
0.3445785157031407,0.0006199939764813352,interpolado
0.34467833566713346,0.0006032289132813922,interpolado
0.34477815563112624,0.0006380010978326106,interpolado
0.34487797559511907,0.0007104557914201802,interpolado
0.345,0.00083,original
0.34507761552310473,0.0009140034196661438,interpolado
0.34517743548709745,0.0010274305198177017,interpolado
0.3452772554510902,0.0011460277265687125,interpolado
0.34537707541508306,0.0012688268509889098,interpolado
0.3454768953790759,0.0013948597041478217,interpolado
0.3455767153430686,0.0015231580971152513,interpolado
0.34567653530706144,0.0016527538409607215,interpolado
0.3457763552710542,0.0017826787467539666,interpolado
0.345876175235047,0.0019119646255647226,interpolado
0.346,0.00207,original
0.3460758151630326,0.0021640413821561186,interpolado
0.3461756351270254,0.0022775391044896703,interpolado
0.34627545509101815,0.002369534018974861,interpolado
0.34637527505501103,0.0024294013062177346,interpolado
0.34647509501900375,0.002446516146824237,interpolado
0.3465749149829966,0.0024102537214003954,interpolado
0.34667473494698936,0.0023099892105522633,interpolado
0.3467745549109822,0.0021350977948858567,interpolado
0.346874374874975,0.0018749546550070253,interpolado
0.347,0.00141,original
0.3470740148029606,0.0010592162102939717,interpolado
0.34717383476695335,0.0005130717010108965,interpolado
0.34727365473094607,-8.899820587600977e-05,interpolado
0.347373474694939,-0.0007163743982444184,interpolado
0.3474732946589318,-0.0013384377639709373,interpolado
0.3475731146229246,-0.0019245691909335419,interpolado
0.3476729345869174,-0.002444149567008886,interpolado
0.3477727545509101,-0.0028665597800746293,interpolado
0.347872574514903,-0.0031611807180082136,interpolado
0.348,-0.003303,original
0.34807221444288855,-0.003247977386282619,interpolado
0.3481720344068813,-0.0030180718246219066,interpolado
0.34827185437087416,-0.00263073064019381,interpolado
0.34837167433486693,-0.0021091977677671265,interpolado
0.3484714942988597,-0.001476717142111564,interpolado
0.34857131426285254,-0.0007565326979955666,interpolado
0.3486711342268453,2.8111629810936194e-05,interpolado
0.34877095419083814,0.0008539719065392019,interpolado
0.34887077415483103,0.0016978041974205823,interpolado
0.349,0.002779,original
0.3490704140828166,0.003347049058189728,interpolado
0.34917023404680936,0.004113737048672678,interpolado
0.3492700540108021,0.004824077263184695,interpolado
0.34936987397479496,0.005465765036672038,interpolado
0.34946969393878774,0.006026495704079917,interpolado
0.34956951390278057,0.0064939646003546354,interpolado
0.34966933386677346,0.006855867060442292,interpolado
0.3497691538307661,0.007099898419288397,interpolado
0.34986897379475895,0.007213754011839143,interpolado
0.35,0.007145,original
0.3500686137227445,0.0070035105462866645,interpolado
0.3501684336867373,0.006677718224107116,interpolado
0.35026825365073017,0.006228372380297717,interpolado
0.35036807361472294,0.005676261712673218,interpolado
0.3504678935787158,0.005042174919049478,interpolado
0.3505677135427085,0.004346900697241444,interpolado
0.35066753350670127,0.003611227745063931,interpolado
0.3507673534706941,0.0028559447603329967,interpolado
0.3508671734346869,0.0021018404408630568,interpolado
0.351,0.001136,original
0.3510668133626724,0.0006794188934847176,interpolado
0.35116663332666526,4.0467430215609594e-05,interpolado
0.35126645329065803,-0.0005443348032895872,interpolado
0.3513662732546509,-0.0010722806568184962,interpolado
0.3514660932186437,-0.0015406629801575072,interpolado
0.35156591318263647,-0.0019467746230939073,interpolado
0.35166573314662936,-0.0022879084354148448,interpolado
0.3517655531106221,-0.0025613572669069174,interpolado
0.35186537307461496,-0.0027644139673574037,interpolado
0.352,-0.002922,original
0.35206501300260046,-0.0029491023872823493,interpolado
0.3521648329665933,-0.0029336127721206725,interpolado
0.35226465293058606,-0.0028577026101321594,interpolado
0.35236447289457884,-0.0027312609796818696,interpolado
0.3524642928585717,-0.0025641769591350843,interpolado
0.3525641128225644,-0.002366339626856877,interpolado
0.35266393278655733,-0.002147638061212258,interpolado
0.35276375275055005,-0.0019179613405666059,interpolado
0.35286357271454294,-0.001687198543284813,interpolado
0.353,-0.001388,original
0.3530632126425285,-0.0012617419526681371,interpolado
0.3531630326065213,-0.0010833544259097447,interpolado
0.3532628525705141,-0.0009345974847553969,interpolado
0.353362672534507,-0.0008199479548595478,interpolado
0.35346249249849976,-0.0007438826618769412,interpolado
0.3535623124624926,-0.0007108784314621183,interpolado
0.3536621324264853,-0.000725412089269715,interpolado
0.3537619523904782,-0.0007919604609543321,interpolado
0.353861772354471,-0.0009150003721706628,interpolado
0.354,-0.001187,original
0.3540614122824566,-0.0013475372735290336,interpolado
0.35416123224644935,-0.0016511013679125503,interpolado
0.35426105221044213,-0.0019905750112231505,interpolado
0.3543608721744349,-0.002346606049812833,interpolado
0.3544606921384277,-0.002699842330032838,interpolado
0.35456051210242046,-0.0030309316982350064,interpolado
0.35466033206641323,-0.0033205220007711277,interpolado
0.354760152030406,-0.003549261083992517,interpolado
0.35485997199439884,-0.0036977967942510505,interpolado
0.355,-0.003734,original
0.3550596119223844,-0.0036785596379991406,interpolado
0.3551594318863772,-0.0035013782925426935,interpolado
0.35525925185037,-0.003243533038213599,interpolado
0.35535907181436277,-0.0029338487492970716,interpolado
0.35545889177835566,-0.0026011503000782157,interpolado
0.3555587117423485,-0.002274262564842701,interpolado
0.35565853170634126,-0.001982010417875487,interpolado
0.35575835167033415,-0.0017532187334621985,interpolado
0.35585817163432687,-0.0016167123858879496,interpolado
0.356,-0.001638,original
0.3560578115623125,-0.001733293903104526,interpolado
0.3561576315263053,-0.0019972329005569917,interpolado
0.3562574514902981,-0.002343833076987095,interpolado
0.3563572714542908,-0.0027228115606825268,interpolado
0.35645709141828363,-0.0030838854799310465,interpolado
0.3565569113822764,-0.003376771963019806,interpolado
0.3566567313462693,-0.0035511881382366437,interpolado
0.356756551310262,-0.0035568511338689157,interpolado
0.3568563712742547,-0.003343478078204334,interpolado
0.357,-0.002551,original
0.35705601120224034,-0.0020625517265007096,interpolado
0.35715583116623323,-0.0009737317452705284,interpolado
0.35725565113022595,0.00032003826934999275,interpolado
0.3573554710942188,0.0017311804254370278,interpolado
0.35745529105821156,0.003172116831067008,interpolado
0.3575551110222043,0.0045552695943139355,interpolado
0.3576549309861972,0.005793060823254885,interpolado
0.35775475095019,0.006797912625964076,interpolado
0.3578545709141827,0.007482247110517893,interpolado
0.358,0.007725,original
0.35805421084216843,0.007544067061430623,interpolado
0.3581540308061612,0.006851392746688024,interpolado
0.358253850770154,0.005777732784605871,interpolado
0.35835367073414676,0.004423342758607524,interpolado
0.3584534906981396,0.002888478252115731,interpolado
0.3585533106621324,0.0012733948485558698,interpolado
0.35865313062612525,-0.0003216518686501085,interpolado
0.358752950590118,-0.0017964063160767548,interpolado
0.3588527705541108,-0.003050612910301345,interpolado
0.359,-0.004286,original
0.3590524104820964,-0.004499875199532809,interpolado
0.3591522304460892,-0.00457352375511677,interpolado
0.35925205041008196,-0.004247809116982014,interpolado
0.35935187037407484,-0.003568180418650959,interpolado
0.35945169033806756,-0.002580086793645234,interpolado
0.35955151030206045,-0.0013289773754882159,interpolado
0.3596513302660533,0.00013969870229917384,interpolado
0.35975115023004595,0.0017804923061930276,interpolado
0.3598509701940388,0.0035479543026718493,interpolado
0.36,0.006324,original
0.3600506101220244,0.007280867957284889,interpolado
0.3601504300860172,0.009150108881366482,interpolado
0.36025025005001,0.01094902959021213,interpolado
0.3603500700140028,0.012622100039673411,interpolado
0.36044988997799565,0.01411379018560163,interpolado
0.36054970994198837,0.01536856998384564,interpolado
0.3606495299059812,0.016330909390256873,interpolado
0.36074934986997403,0.01694527836068608,interpolado
0.36084916983396675,0.0171561468509831,interpolado
0.3609489897979596,0.01690798481699864,interpolado
0.361,0.016586,original
0.36114862972594514,0.0148952904867001,interpolado
0.36124844968993797,0.013240957449145257,interpolado
0.36134826965393074,0.011280235568016439,interpolado
0.36144808961792363,0.009108163371460679,interpolado
0.3615479095819164,0.006819779387629511,interpolado
0.3616477295459091,0.004510122144670855,interpolado
0.361747549509902,0.0022742301707326094,interpolado
0.36184736947389473,0.00020714199396637252,interpolado
0.3619471894378875,-0.0015961038574809452,interpolado
0.362,-0.002411,original
0.3621468293658732,-0.0041013048110354645,interpolado
0.362246649329866,-0.004806069832642175,interpolado
0.3623464692938588,-0.005194737570656753,interpolado
0.36244628925785155,-0.005304971587772381,interpolado
0.3625461092218443,-0.005174435446681663,interpolado
0.3626459291858371,-0.004840792710077439,interpolado
0.3627457491498298,-0.004341706940652099,interpolado
0.36284556911382276,-0.0037148417010989215,interpolado
0.3629453890778155,-0.0029978605541099604,interpolado
0.363,-0.002581,original
0.3631450290058011,-0.0014363961762953756,interpolado
0.36324484896979403,-0.0006452818537657211,interpolado
0.3633446689337867,0.0001227649802154539,interpolado
0.3634444888977797,0.0008453568712397148,interpolado
0.36354430886177236,0.0015001063648969878,interpolado
0.36364412882576513,0.0020646260067784285,interpolado
0.363743948789758,0.0025165283424749907,interpolado
0.36384376875375074,0.002833425917576904,interpolado
0.36394358871774357,0.00299293127767523,interpolado
0.364,0.003005,original
0.3641432286457291,0.002777878119620013,interpolado
0.364243048609722,0.0024383902101486055,interpolado
0.36434286857371484,0.0019887590733316056,interpolado
0.36444268853770756,0.0014627804677981066,interpolado
0.3645425085017003,0.0008942501521782585,interpolado
0.36464232846569306,0.00031696388510133984,interpolado
0.3647421484296859,-0.00023528257480339638,interpolado
0.36484196839367866,-0.0007286934689057687,interpolado
0.3649417883576715,-0.001129473038576733,interpolado
0.365,-0.001307,original
0.3651414282856571,-0.0015413393048679075,interpolado
0.36524124824964993,-0.0015541322065992281,interpolado
0.3653410682136427,-0.0014583344816644823,interpolado
0.36544088817763554,-0.0012694809206957223,interpolado
0.3655407081416282,-0.0010031063143253044,interpolado
0.36564052810562103,-0.0006747454531852891,interpolado
0.3657403480696139,-0.00029993312790759825,interpolado
0.36584016803360664,0.00010579587087520599,interpolado
0.3659399879975995,0.0005269067525314142,interpolado
0.366,0.000781,original
0.366139627925585,0.0013602635024528246,interpolado
0.36623944788957785,0.0017631340693590235,interpolado
0.3663392678535706,0.002156734160108778,interpolado
0.3664390878175635,0.0025411563148522013,interpolado
0.36653890778155623,0.0029164930737393883,interpolado
0.36663872774554906,0.003282836976919811,interpolado
0.3667385477095419,0.0036402805645437647,interpolado
0.3668383676735346,0.003988916376760741,interpolado
0.36693818763752745,0.00432883695372083,interpolado
0.367,0.004535,original
0.367137827565513,0.004973722073729643,interpolado
0.3672376475295059,0.005250172074712351,interpolado
0.3673374674934987,0.005468460075798617,interpolado
0.3674372874574914,0.005607753831200595,interpolado
0.36753710742148415,0.00564722109513027,interpolado
0.367636927385477,0.005566029621799578,interpolado
0.3677367473494698,0.0053433471654203936,interpolado
0.36783656731346265,0.004958341480204947,interpolado
0.36793638727745537,0.004390180320365144,interpolado
0.368,0.003923,original
0.3681360272054411,0.0026535913581571427,interpolado
0.3682358471694339,0.0015479854650782723,interpolado
0.3683356671334267,0.00035811970218510515,interpolado
0.3684354870974194,-0.0008597134355197947,interpolado
0.3685353070614123,-0.0020492214530339254,interpolado
0.3686351270254051,-0.0031541118553527906,interpolado
0.3687349469893979,-0.004118092147474408,interpolado
0.3688347669533906,-0.004884869834394536,interpolado
0.3689345869173835,-0.005398152421110607,interpolado
0.369,-0.00557,original
0.369134226845369,-0.005485315165106538,interpolado
0.3692340468093619,-0.0050993091853163705,interpolado
0.36933386677335467,-0.0045022523242040325,interpolado
0.36943368673734744,-0.003751988398944219,interpolado
0.3695335067013403,-0.002906361226711289,interpolado
0.36963332666533305,-0.002023214624681046,interpolado
0.36973314662932577,-0.0011603924100274225,interpolado
0.36983296659331855,-0.0003757383999262444,interpolado
0.3699327865573113,0.0002729035884481378,interpolado
0.37,0.000604,original
0.37013242648529704,0.0009633481910407406,interpolado
0.3702322464492898,0.0010000171552254106,interpolado
0.3703320664132827,0.0008640385224896084,interpolado
0.3704318863772754,0.0005812679649431205,interpolado
0.37053170634126825,0.00017756115469540516,interpolado
0.370631526305261,-0.0003212262361433624,interpolado
0.37073134626925386,-0.0008892385354639927,interpolado
0.37083116623324675,-0.0015006200711561303,interpolado
0.3709309861972394,-0.00212951517111036,interpolado
0.371,-0.002561,original
0.371130626125225,-0.003340398153936916,interpolado
0.37123044608921785,-0.0038845489585719382,interpolado
0.37133026605321073,-0.004367359114965847,interpolado
0.3714300860172035,-0.004773615025221099,interpolado
0.37152990598119623,-0.005088103091439981,interpolado
0.37162972594518895,-0.0052956097157242765,interpolado
0.3717295459091819,-0.005380921300176339,interpolado
0.37182936587317456,-0.0053288242468982035,interpolado
0.37192918583716733,-0.005124104957992098,interpolado
0.372,-0.004878,original
0.372128825765153,-0.004216049683701204,interpolado
0.37222864572914566,-0.003554479235216908,interpolado
0.3723284656931386,-0.002807970334538415,interpolado
0.3724282856571313,-0.0020174253499435015,interpolado
0.3725281056211242,-0.0012237466497082752,interpolado
0.3726279255851169,-0.0004678366021105685,interpolado
0.37272774554910976,0.00020940242457312858,interpolado
0.3728275655131026,0.0007670680620661511,interpolado
0.37292738547709536,0.001164257942090928,interpolado
0.373,0.001329,original
0.37312702540508097,0.0013384970366237758,interpolado
0.3732268453690738,0.0011257404502868751,interpolado
0.3733266653330666,0.0007536295788498349,interpolado
0.37342648529705935,0.0002537494806608338,interpolado
0.3735263052610522,-0.0003423147859328955,interpolado
0.3736261252250449,-0.0010029781625829274,interpolado
0.37372594518903773,-0.00169665559094182,interpolado
0.37382576515303056,-0.002391762012662203,interpolado
0.37392558511702334,-0.0030567123693955416,interpolado
0.374,-0.003514,original
0.374125225045009,-0.0041785991374551235,interpolado
0.37422504500900183,-0.00460582048719752,interpolado
0.37432486497299466,-0.004936800411559488,interpolado
0.3744246849369874,-0.005166680235860056,interpolado
0.37452450490098016,-0.0052906012854188715,interpolado
0.374624324864973,-0.005303704885555195,interpolado
0.37472414482896577,-0.005201132361588522,interpolado
0.37482396479295865,-0.004978025038838092,interpolado
0.3749237847569513,-0.00462952424262355,interpolado
0.375,-0.004276,original
0.37512342468493703,-0.0035511530351202865,interpolado
0.37522324464892975,-0.002867371808501753,interpolado
0.3753230646129227,-0.0021398828296089064,interpolado
0.3754228845769153,-0.0014090416616978408,interpolado
0.3755227045409082,-0.0007152038680230604,interpolado
0.37562252450490097,-9.872501184062367e-05,interpolado
0.3757223444688937,0.0004000393435946018,interpolado
0.3758221644328865,0.0007407336350274838,interpolado
0.37592198439687924,0.0008830022992023573,interpolado
0.376,0.00083,original
0.37612162432486496,0.0004446887975240815,interpolado
0.37622144428885773,-8.000078407942421e-05,interpolado
0.3763212642528505,-0.0007154655352086962,interpolado
0.3764210842168433,-0.0013897870510370005,interpolado
0.3765209041808361,-0.002031046926739005,interpolado
0.37662072414482894,-0.0025673267574879716,interpolado
0.3767205441088217,-0.0029267081384582775,interpolado
0.37682036407281444,-0.0030372726648239022,interpolado
0.3769201840368073,-0.0028271019317587034,interpolado
0.377,-0.00238,original
0.37711982396479293,-0.0012083444198738112,interpolado
0.37721964392878565,0.00013003115594708968,interpolado
0.37731946389277854,0.0016840148831897151,interpolado
0.37741928385677137,0.003347011903536585,interpolado
0.37751910382076415,0.0050124273586737,interpolado
0.3776189237847569,0.006573666390283461,interpolado
0.3777187437487496,0.007924134140051083,interpolado
0.3778185637127426,0.008957235749661336,interpolado
0.3779183836767353,0.009566376360797301,interpolado
0.378,0.009675,original
0.37811802360472085,0.009148626471769656,interpolado
0.37821784356871374,0.008175407723793712,interpolado
0.3783176635327065,0.006844832949201181,interpolado
0.37841748349669935,0.00527620188853482,interpolado
0.37851730346069207,0.0035888142823351983,interpolado
0.378617123424685,0.0019019698711426284,interpolado
0.37871694338867773,0.00033496839550026074,interpolado
0.37881676335267056,-0.0009928904040522784,interpolado
0.3789165833166634,-0.001962306786972238,interpolado
0.379,-0.002411,original
0.379116223244649,-0.002400129238454118,interpolado
0.3792160432086418,-0.001857794410794946,interpolado
0.37931586317263466,-0.0009036455478397637,interpolado
0.3794156831366274,0.00038579316094495994,interpolado
0.3795155031006201,0.0019339975260942717,interpolado
0.37961532306461293,0.003664443358143793,interpolado
0.3797151430286058,0.005500606467626193,interpolado
0.3798149629925985,0.00736596266507804,interpolado
0.3799147829565913,0.009183987761031855,interpolado
0.38,0.010641,original
0.380114422884577,0.012389262486548836,interpolado
0.38021424284856964,0.013702490629090541,interpolado
0.3803140628125625,0.014810326484831854,interpolado
0.3804138827765553,0.015705218554041202,interpolado
0.380513702740548,0.016379615336988916,interpolado
0.38061352270454085,0.016825965333944842,interpolado
0.38071334266853374,0.017036717045178142,interpolado
0.3808131626325265,0.017004318970958707,interpolado
0.3809129825965193,0.016721219611556214,interpolado
0.381,0.016264,original
0.3811126225245049,0.015390173119160569,interpolado
0.3812124424884977,0.01440940334508682,interpolado
0.3813122624524905,0.013302982028230813,interpolado
0.3814120824164833,0.012136307400426599,interpolado
0.381511902380476,0.010974777693506362,interpolado
0.38161172234446883,0.009883791139302312,interpolado
0.3817115423084616,0.008928745969648474,interpolado
0.38181136227245444,0.008175040416376643,interpolado
0.38191118223644727,0.0076880727113204685,interpolado
0.382,0.007532,original
0.3821108221644329,0.007741527074829992,interpolado
0.3822106421284256,0.00824524564628585,interpolado
0.3823104620924186,0.00895886011939832,interpolado
0.38241028205641137,0.009796867489464527,interpolado
0.38251010202040414,0.01067376475178279,interpolado
0.38260992198439703,0.011504048901651508,interpolado
0.3827097419483898,0.012202216934367687,interpolado
0.3828095619123827,0.012682765845229966,interpolado
0.38290938187637547,0.012860192629535742,interpolado
0.383,0.012687,original
0.3831090218043611,0.012000954557025411,interpolado
0.38320884176835396,0.010980809925509049,interpolado
0.3833086617323467,0.009674798663622895,interpolado
0.3834084816963395,0.008169136626800294,interpolado
0.3835083016603323,0.006550039670477174,interpolado
0.38360812162432495,0.004903723650086057,interpolado
0.38370794158831784,0.003316404421063027,interpolado
0.3838077615523106,0.001874297838841387,interpolado
0.38390758151630344,0.00066361975885476,interpolado
0.384,-0.000176,original
0.38410722144428894,-0.000749313180826492,interpolado
0.38420704140828177,-0.000938907049392408,interpolado
0.38430686137227443,-0.0008607410004128467,interpolado
0.38440668133626726,-0.0005773503583635769,interpolado
0.38450650130026004,-0.00015127044772090897,interpolado
0.3846063212642528,0.0003549634070395847,interpolado
0.3847061412282456,0.000878815881441342,interpolado
0.3848059611922384,0.00135775165100866,interpolado
0.3849057811562312,0.0017292353912657333,interpolado
0.385,0.001925,original
0.38510542108421686,0.00192066679175581,interpolado
0.38520524104820963,0.0017282991995373647,interpolado
0.3853050610122025,0.00139786439469702,interpolado
0.38540488097619535,0.000973594627009606,interpolado
0.38550470094018807,0.0004997221462506977,interpolado
0.3856045209041809,2.0479202194907578e-05,interpolado
0.38570434086817373,-0.00041990195538212885,interpolado
0.38580416083216656,-0.0007771890767055955,interpolado
0.3859039807961594,-0.001007149912000492,interpolado
0.386,-0.001067,original
0.38610362072414495,-0.0009226709013135026,interpolado
0.3862034406881377,-0.0006005406041657167,interpolado
0.38630326065213044,-0.0001327417695342768,interpolado
0.3864030806161233,0.00044714586899832656,interpolado
0.3865029005801161,0.0011055425778485953,interpolado
0.3866027205441089,0.0018088686234343826,interpolado
0.38670254050810166,0.002523544272172053,interpolado
0.3868023604720944,0.0032159897904791507,interpolado
0.38690218043608726,0.003852625444773168,interpolado
0.387,0.00439,original
0.3871018203640727,0.004832960250525705,interpolado
0.38720164032806553,0.005160314925973948,interpolado
0.3873014602920583,0.005398172587834856,interpolado
0.3874012802560511,0.005562770229305375,interpolado
0.38750110022004397,0.005670344843582207,interpolado
0.3876009201840367,0.005737133423862361,interpolado
0.3877007401480295,0.005779372963342644,interpolado
0.3878005601120224,0.005813300455219982,interpolado
0.3879003800760151,0.005855152892691269,interpolado
0.388,0.005921,original
0.38810002000400073,0.006020769277793817,interpolado
0.3881998399679936,0.0061363027231318545,interpolado
0.3882996599319863,0.006243381518345974,interpolado
0.3883994798959792,0.006317619576869164,interpolado
0.388499299859972,0.006334630812134288,interpolado
0.3885991198239649,0.006270029137574293,interpolado
0.3886989397879576,0.0060994284666222014,interpolado
0.38879875975195044,0.00579844271271096,interpolado
0.38889857971594327,0.0053426857892732256,interpolado
0.389,0.004696,original
0.38909821964392877,0.00387833562110376,interpolado
0.3891980396079216,0.002876877697663522,interpolado
0.38929785957191443,0.0017358300850091788,interpolado
0.3893976795359072,0.00048762506774748416,interpolado
0.38949749949990004,-0.0008353050695121787,interpolado
0.38959731946389276,-0.0022005280421624938,interpolado
0.38969713942788564,-0.003575611565596236,interpolado
0.3897969593918785,-0.004928123355203886,interpolado
0.38989677935587125,-0.00622563112637892,interpolado
0.39,-0.007475,original
0.3900964192838568,-0.008530994242785354,interpolado
0.39019623924784963,-0.009506709582256722,interpolado
0.39029605921184235,-0.010364294623217578,interpolado
0.39039587917583524,-0.011105195599225315,interpolado
0.39049569913982796,-0.01173085874383555,interpolado
0.3905955191038208,-0.012242730290605174,interpolado
0.3906953390678137,-0.012642256473090805,interpolado
0.39079515903180634,-0.012930883524848443,interpolado
0.3908949789957993,-0.013110057679434855,interpolado
0.391,-0.013182,original
0.3910946189237848,-0.013145029989559506,interpolado
0.3911944388877776,-0.01299836331023951,interpolado
0.3912942588517703,-0.012737019856125202,interpolado
0.3913940788157632,-0.012356794217652815,interpolado
0.391493898779756,-0.01185348098525928,interpolado
0.39159371874374876,-0.011222874749380947,interpolado
0.39169353870774154,-0.010460770100453879,interpolado
0.3917933586717343,-0.009562961628915439,interpolado
0.39189317863572726,-0.008525243925201154,interpolado
0.392,-0.007255,original
0.39209281856371275,-0.0060208328752980895,interpolado
0.3921926385277056,-0.004598288170335263,interpolado
0.3922924584916983,-0.003128089383811081,interpolado
0.39239227845569113,-0.0016625516852307107,interpolado
0.39249209841968385,-0.00025399024410254064,interpolado
0.3925919183836767,0.0010452797700675142,interpolado
0.39269173834766946,0.002182943187773291,interpolado
0.3927915583116623,0.00310668483950677,interpolado
0.39289137827565507,0.0037641895557621735,interpolado
0.393,0.004116,original
0.39309101820364073,0.004085231669432645,interpolado
0.3931908381676335,0.0037452131357138675,interpolado
0.3932906581316262,0.003141593479430299,interpolado
0.3933904780956191,0.0023328922784322894,interpolado
0.39349029805961194,0.001377629110571711,interpolado
0.3935901180236047,0.00033432355369911773,interpolado
0.3936899379875976,-0.0007385048143351352,interpolado
0.3937897579515903,-0.0017823364156788809,interpolado
0.3938895779155832,-0.002738651672482258,interpolado
0.394,-0.003624,original
0.3940892178435688,-0.0041639594762838674,interpolado
0.3941890378075616,-0.004585813161088181,interpolado
0.39428885777155437,-0.004834146229982056,interpolado
0.3943886777355472,-0.004928628465937285,interpolado
0.3944884976995401,-0.004888929651925268,interpolado
0.39458831766353275,-0.004734719570917589,interpolado
0.3946881376275256,-0.004485668005885585,interpolado
0.39478795759151836,-0.004161444739801035,interpolado
0.3948877775555112,-0.00378171955563532,interpolado
0.395,-0.003313,original
0.3950874174834968,-0.002934029585875049,interpolado
0.3951872374474895,-0.0025021723315073767,interpolado
0.39528705741148235,-0.002086572198080277,interpolado
0.3953868773754751,-0.0017032097310229212,interpolado
0.39548669733946795,-0.0013680654757645553,interpolado
0.3955865173034608,-0.0010971199777349743,interpolado
0.39568633726745367,-0.0009063537823633125,interpolado
0.3957861572314464,-0.0008117474350792039,interpolado
0.39588597719543916,-0.0008292814813119348,interpolado
0.396,-0.001007,original
0.3960856171234247,-0.0012571213522354718,interpolado
0.39618543708741755,-0.0016376016308066344,interpolado
0.39628525705141027,-0.0020603964211230452,interpolado
0.39638507701540304,-0.002469490277588403,interpolado
0.3964848969793959,-0.0028088677546063805,interpolado
0.3965847169433887,-0.003022513406580084,interpolado
0.39668453690738154,-0.0030544117879131977,interpolado
0.39678435687137426,-0.0028485474530091696,interpolado
0.3968841768353671,-0.0023489049562715877,interpolado
0.397,-0.001327,original
0.3970838167633527,-0.00026071263247338884,interpolado
0.3971836367273454,0.0012994341600899844,interpolado
0.39728345669133824,0.003069991334055675,interpolado
0.397383276655331,0.004939863929960688,interpolado
0.3974830966193239,0.00679795698834225,interpolado
0.39758291658331674,0.00853317554973447,interpolado
0.39768273654730946,0.010034424654675356,interpolado
0.3977825565113023,0.011190609343699419,interpolado
0.3978823764752951,0.011890634657343779,interpolado
0.398,0.011979,original
0.3980820164032808,0.011500286131207153,interpolado
0.3981818363672735,0.010387557079482041,interpolado
0.39828165633126633,0.008816827668410541,interpolado
0.3983814762952591,0.006919936808814462,interpolado
0.39848129625925194,0.004828723411514882,interpolado
0.39858111622324466,0.002675026387336457,interpolado
0.3986809361872376,0.0005906846470992311,interpolado
0.3987807561512303,-0.0012924628983721495,interpolado
0.39888057611522315,-0.0028425773382566018,interpolado
0.399,-0.004075,original
0.39908021604320876,-0.004437876699813669,interpolado
0.3991800360072015,-0.004419691396722245,interpolado
0.3992798559711943,-0.003989980344881764,interpolado
0.39937967593518703,-0.003265774230207135,interpolado
0.3994794958991799,-0.002364103738612622,interpolado
0.3995793158631727,-0.0014019995560140613,interpolado
0.39967913582716547,-0.0004964923683253143,interpolado
0.39977895579115824,0.00023538713853777553,interpolado
0.39987877575515096,0.0006766082786609498,interpolado
0.4,0.000653,original
0.4000784156831367,0.00023882379647693233,interpolado
0.4001782356471294,-0.0006806414807946032,interpolado
0.4002780556111222,-0.0019197576254811992,interpolado
0.40037787557511495,-0.0033496226733872197,interpolado
0.40047769553910784,-0.004841334660317447,interpolado
0.40057751550310067,-0.006265991622074129,interpolado
0.40067733546709344,-0.007494691594462045,interpolado
0.4007771554310863,-0.00839853261328555,interpolado
0.40087697539507905,-0.008848612714347542,interpolado
0.401,-0.008588,original
0.40107661532306454,-0.007892779101212277,interpolado
0.4011764352870573,-0.006442472829571883,interpolado
0.40127625525105026,-0.004512919880549181,interpolado
0.40137607521504304,-0.0022525095898196885,interpolado
0.40147589517903587,0.0001903687069456232,interpolado
0.4015757151430287,0.0026673256740706664,interpolado
0.40167553510702136,0.005029971975883459,interpolado
0.40177535507101425,0.007129918276711762,interpolado
0.4018751750350071,0.008818775240879873,interpolado
0.402,0.010126,original
0.4020748149629926,0.01038821697148441,interpolado
0.4021746349269854,0.010170880727529051,interpolado
0.4022744548909782,0.009411459376089549,interpolado
0.402374274854971,0.008225960172973886,interpolado
0.4024740948189638,0.006730390373987965,interpolado
0.4025739147829567,0.005040757234940587,interpolado
0.40267373474694934,0.0032730680116380777,interpolado
0.4027735547109422,0.0015433299598865999,interpolado
0.40287337467493495,-3.244966450479135e-05,interpolado
0.403,-0.001628,original
0.4030730146029205,-0.0022690624458110912,interpolado
0.4031728345669134,-0.0028213062008930366,interpolado
0.40327265453090616,-0.0030464414993689186,interpolado
0.403372474494899,-0.002996457171075726,interpolado
0.40347229445889177,-0.0027233420458506767,interpolado
0.4035721144228846,-0.0022790849535313067,interpolado
0.40367193438687743,-0.0017156747239547357,interpolado
0.4037717543508702,-0.0010851001869578135,interpolado
0.4038715743148631,-0.0004393501723784763,interpolado
0.404,0.00033,original
0.40407121424284864,0.0006934476146680521,interpolado
0.4041710342068414,0.0011206901814104554,interpolado
0.40427085417083425,0.0014606611580696611,interpolado
0.4043706741348269,0.0017229490453223287,interpolado
0.4044704940988199,0.0019171423438457947,interpolado
0.40457031406281274,0.0020528295543168797,interpolado
0.4046701340268054,0.0021395991774127423,interpolado
0.4047699539907982,0.002187039713810432,interpolado
0.404869773954791,0.002204739664186935,interpolado
0.405,0.002199,original
0.4050694138827766,0.0021889032535416814,interpolado
0.4051692338467694,0.002169939961401684,interpolado
0.4052690538107622,0.0021484410371413547,interpolado
0.40536887377475495,0.0021274188876376993,interpolado
0.4054686937387478,0.0021098859197676797,interpolado
0.4055685137027405,0.0020988545404082987,interpolado
0.4056683336667333,0.0020973371564365255,interpolado
0.40576815363072616,0.002108346174729353,interpolado
0.4058679735947188,0.0021348940021637514,interpolado
0.406,0.002199,original
0.40606761352270454,0.0022455084233392038,interpolado
0.40616743348669726,0.002320472369902193,interpolado
0.40626725345069015,0.0023858711971063806,interpolado
0.40636707341468287,0.002422567222882247,interpolado
0.4064668933786757,0.0024114227651603976,interpolado
0.4065667133426686,0.002333300141871332,interpolado
0.4066665333066613,0.002169061670945689,interpolado
0.4067663532706541,0.001899569670313829,interpolado
0.4068661732346469,0.0015056864579066052,interpolado
0.407,0.000749,original
0.4070658131626326,0.0002714050969954922,interpolado
0.40716563312662524,-0.0005625272292767138,interpolado
0.4072654530906181,-0.001485914925333973,interpolado
0.40736527305461084,-0.0024507075107276853,interpolado
0.4074650930186036,-0.0034088545050107865,interpolado
0.40756491298259645,-0.004312305427736203,interpolado
0.40766473294658917,-0.005113009798455354,interpolado
0.4077645529105821,-0.00576291713672152,interpolado
0.4078643728745747,-0.006213976962086399,interpolado
0.408,-0.006422,original
0.40806401280256027,-0.006331844119396911,interpolado
0.4081638327665532,-0.005968874074344261,interpolado
0.408263652730546,-0.005382589277748526,interpolado
0.4083634726945388,-0.004627136571374107,interpolado
0.4084632926585316,-0.003756662796984449,interpolado
0.4085631126225244,-0.0028253147963427424,interpolado
0.40866293258651726,-0.0018872394112137635,interpolado
0.4087627525505101,-0.0009965834833602504,interpolado
0.4088625725145028,-0.000207493854546935,interpolado
0.409,0.000613,original
0.40906221244248847,0.0008523531374193462,interpolado
0.40916203240648125,0.0010610984432941127,interpolado
0.4092618523704741,0.0010705311291229673,interpolado
0.40936167233446685,0.0008997163062018037,interpolado
0.4094614922984596,0.000567719085826575,interpolado
0.40956131226245235,9.36045792928781e-05,interpolado
0.4096611322264452,-0.0005035621021028556,interpolado
0.40976095219043807,-0.0012047158470653728,interpolado
0.4098607721544308,-0.0019907915442979895,interpolado
0.41,-0.003193,original
0.4100604120824164,-0.0037407838911067124,interpolado
0.41016023204640917,-0.004655501423308256,interpolado
0.41026005201040205,-0.005550011418542305,interpolado
0.4103598719743947,-0.00638726418001462,interpolado
0.41045969193838755,-0.007130210010932482,interpolado
0.41055951190238044,-0.007741799214502953,interpolado
0.4106593318663732,-0.008184982093932109,interpolado
0.4107591518303661,-0.008422708952427173,interpolado
0.4108589717943588,-0.008417930093194631,interpolado
0.411,-0.007926,original
0.4110586117223445,-0.007536361863547851,interpolado
0.4111584316863372,-0.006651245408296794,interpolado
0.41125825165033014,-0.005549730786053655,interpolado
0.41135807161432286,-0.00430459009625943,interpolado
0.4114578915783157,-0.0029885954383533126,interpolado
0.41155771154230847,-0.0016745189117743338,interpolado
0.41165753150630124,-0.0004351326159637315,interpolado
0.4117573514702941,0.0006567913496394821,interpolado
0.41185717143428685,0.0015284808855959703,interpolado
0.412,0.002248,original
0.41205681136227257,0.0023241490887042707,interpolado
0.4121566313262652,0.0021799438488280935,interpolado
0.41225645129025806,0.0017328199007408476,interpolado
0.41235627125425084,0.0010428195198150267,interpolado
0.41245609121824367,0.0001699849814243607,interpolado
0.41255591118223645,-0.000825641439059112,interpolado
0.4126557311462292,-0.0018840174662613234,interpolado
0.4127555511102219,-0.0029451008248098623,interpolado
0.4128553710742148,-0.003948849239332326,interpolado
0.413,-0.005179,original
0.41305501100220043,-0.00554635695458651,interpolado
0.4131548309661932,-0.00606437456513061,interpolado
0.413254650930186,-0.006406369824393204,interpolado
0.41335447089417876,-0.006590620050572727,interpolado
0.4134542908581716,-0.0066354025618673585,interpolado
0.4135541108221644,-0.0065589946764755365,interpolado
0.4136539307861573,-0.006379673712595734,interpolado
0.4137537507501499,-0.006115716988426307,interpolado
0.4138535707141428,-0.005785401822165436,interpolado
0.414,-0.005219,original
0.4140532106421284,-0.0049985573954614915,interpolado
0.4141530306061212,-0.004573178712402243,interpolado
0.4142528505701139,-0.004139488541818845,interpolado
0.4143526705341068,-0.0037059392387787443,interpolado
0.41445249049809957,-0.0032809831583501055,interpolado
0.41455231046209245,-0.0028730726556001557,interpolado
0.4146521304260852,-0.0024906600855970325,interpolado
0.4147519503900779,-0.002142197803408189,interpolado
0.41485177035407084,-0.0018361381641011539,interpolado
0.415,-0.001478,original
0.41505141028205633,-0.0013847316576135373,interpolado
0.41515123024604916,-0.0012491457784256268,interpolado
0.41525105021004205,-0.0011695057974449928,interpolado
0.41535087017403477,-0.001140887328591476,interpolado
0.4154506901380276,-0.0011583659857849508,interpolado
0.4155505101020204,-0.0012170173829452757,interpolado
0.4156503300660131,-0.0013119171339922263,interpolado
0.4157501500300059,-0.0014381408528456702,interpolado
0.4158499699939987,-0.0015907641534255415,interpolado
0.41594978995799153,-0.0017648626496515136,interpolado
0.416,-0.001859,original
0.41614942988597714,-0.002150298668282842,interpolado
0.41624924984996986,-0.0023320104664055217,interpolado
0.4163490698139628,-0.0024820547493504264,interpolado
0.4164488897779555,-0.00258211295921925,interpolado
0.4165487097419484,-0.0026138665381139573,interpolado
0.41664852970594124,-0.0025589969281363764,interpolado
0.416748349669934,-0.0023991855713884173,interpolado
0.4168481696339267,-0.002116113909971759,interpolado
0.41694798959791957,-0.0016914633859885808,interpolado
0.417,-0.001408,original
0.4171476295259051,-0.0003788632612317864,interpolado
0.41724744948989795,0.00045168508315787887,interpolado
0.4173472694538908,0.0013374878137180244,interpolado
0.4174470894178835,0.0022324821178634907,interpolado
0.4175469093818763,0.0030906051830106077,interpolado
0.41764672934586905,0.0038657941965756187,interpolado
0.4177465493098619,0.004511986345973491,interpolado
0.4178463692738547,0.0049831188186207345,interpolado
0.41794618923784743,0.005233128801932651,interpolado
0.418,0.00526,original
0.4181458291658331,0.004934095555732382,interpolado
0.41824564912982587,0.004427930584861634,interpolado
0.4183454690938187,0.0037463750344240284,interpolado
0.41844528905781153,0.0029368201609668676,interpolado
0.4185451090218043,0.002046657221036342,interpolado
0.4186449289857972,0.0011232774711784606,interpolado
0.41874474894979,0.00021407216794079345,interpolado
0.4188445689137828,-0.000633567432131089,interpolado
0.41894438887777563,-0.0013722500724897015,interpolado
0.419,-0.001719,original
0.4191440288057612,-0.002366316986807454,interpolado
0.41924384876975385,-0.0026214613816210215,interpolado
0.4193436687337468,-0.002739772170198073,interpolado
0.4194434886977395,-0.002740045545911147,interpolado
0.41954330866173234,-0.0026410777021330144,interpolado
0.4196431286257251,-0.002461664832236217,interpolado
0.4197429485897177,-0.00222060312959363,interpolado
0.41984276855371067,-0.001936688787577674,interpolado
0.4199425885177034,-0.0016287179995613339,interpolado
0.42,-0.001448,original
0.420142228445689,-0.000996040244084057,interpolado
0.42024204840968177,-0.0006510757632530294,interpolado
0.4203418683736747,-0.0002578979253871243,interpolado
0.4204416883376675,0.00020566525843631397,interpolado
0.4205415083016603,0.0007617857771405688,interpolado
0.42064132826565304,0.0014326356196491296,interpolado
0.4207411482296459,0.0022403867748843433,interpolado
0.4208409681936387,0.003207211231770213,interpolado
0.42094078815763153,0.004355280979228759,interpolado
0.421,0.005131,original
0.4211404280856173,0.007235193779274486,interpolado
0.4212402480496099,0.008865066199441213,interpolado
0.4213400680136028,0.010512540336697775,interpolado
0.4214398879775956,0.01209494768616098,interpolado
0.4215397079415883,0.013529619742950435,interpolado
0.4216395279055811,0.014733888002185416,interpolado
0.42173934786957384,0.015625083958983235,interpolado
0.4218391678335668,0.016120539108463474,interpolado
0.4219389877975595,0.01613758494574422,interpolado
0.422,0.015877,original
0.422138627725545,0.014492193986160045,interpolado
0.4222384476895378,0.012931366033777638,interpolado
0.4223382676535306,0.01102387809139534,interpolado
0.42243808761752344,0.008880643237624804,interpolado
0.42253790758151627,0.00661257455107453,interpolado
0.42263772754550916,0.0043305851103527596,interpolado
0.42273754750950193,0.0021455879940715512,interpolado
0.42283736747349476,0.00016849628083809222,interpolado
0.4229371874374875,-0.0014897769507358851,interpolado
0.423,-0.00232,original
0.42313682736547326,-0.003479872693845037,interpolado
0.423236647329466,-0.0038236209570940726,interpolado
0.42333646729345864,-0.0038117003869569217,interpolado
0.4234362872574516,-0.0035047906177505684,interpolado
0.4235361072214443,-0.002963571283792598,interpolado
0.4236359271854372,-0.002248722019399708,interpolado
0.42373574714942985,-0.0014209224588899402,interpolado
0.42383556711342263,-0.0005408522365801597,interpolado
0.4239353870774155,0.0003308090132128805,interpolado
0.424,0.000862,original
0.42413502700540107,0.0018321481215358881,interpolado
0.4242348469693938,0.0024251367598154,interpolado
0.4243346669333867,0.002915061496586373,interpolado
0.42443448689737945,0.003304176036995582,interpolado
0.4245343068613722,0.0035947340861891878,interpolado
0.424634126825365,0.0037889893493141,interpolado
0.4247339467893577,0.003889195531516693,interpolado
0.42483376675335055,0.0038976063379436905,interpolado
0.4249335867173434,0.003816475473741611,interpolado
0.425,0.003714,original
0.425133226645329,0.003401969131999347,interpolado
0.4252330466093219,0.0030977940207728492,interpolado
0.42533286657331465,0.0027564893295154067,interpolado
0.4254326865373075,0.0023988969502711202,interpolado
0.42553250650130026,0.0020458587750846993,interpolado
0.42563232646529303,0.0017182166960000788,interpolado
0.4257321464292858,0.0014368126050619317,interpolado
0.42583196639327864,0.0012224883943143705,interpolado
0.4259317863572715,0.0010960859558016534,interpolado
0.426,0.001071,original
0.4261314262852572,0.0011700736899057165,interpolado
0.42623124624924985,0.0013420296159711168,interpolado
0.4263310662132426,0.0015614035353170763,interpolado
0.4264308861772354,0.0017955669228438824,interpolado
0.42653070614122807,0.002011891253451421,interpolado
0.42663052610522106,0.0021777480020400528,interpolado
0.4267303460692138,0.002260508643509737,interpolado
0.42683016603320645,0.002227544652760744,interpolado
0.42692998599719933,0.0020462275046930862,interpolado
0.427,0.001813,original
0.42712962592518494,0.001140064438083622,interpolado
0.4272294458891777,0.000463586350423768,interpolado
0.42732926585317055,-0.00028994636928548215,interpolado
0.4274290858171633,-0.0010653640768256848,interpolado
0.4275289057811562,-0.0018074971279770865,interpolado
0.42762872574514893,-0.0024611758785215727,interpolado
0.42772854570914176,-0.002971230684239526,interpolado
0.42782836567313454,-0.00328249190091247,interpolado
0.4279281856371274,-0.0033397898843214834,interpolado
0.428,-0.003193,original
0.42812782556511303,-0.0025163867207095084,interpolado
0.42822764552910575,-0.0016879516438634778,interpolado
0.4283274654930986,-0.0006752946385093374,interpolado
0.4284272854570914,0.00044940813910320225,interpolado
0.42852710542108424,0.0016139805327225058,interpolado
0.42862692538507696,0.0027462463860994206,interpolado
0.4287267453490698,0.003774029542982307,interpolado
0.4288265653130625,0.004625153847121451,interpolado
0.42892638527705534,0.0052274431422667505,interpolado
0.429,0.00547,original
0.429126025205041,0.00543863511614513,interpolado
0.4292258451690337,0.005060239210847364,interpolado
0.4293256651330266,0.004426427771456006,interpolado
0.42942548509701933,0.00358971899588391,interpolado
0.42952530506101216,0.002602631082045525,interpolado
0.42962512502500494,0.0015176822278539365,interpolado
0.4297249449889977,0.00038739063122201437,interpolado
0.42982476495299055,-0.0007357255099354727,interpolado
0.4299245849169833,-0.001799147997706206,interpolado
0.43,-0.002531,original
0.430124224844969,-0.0035569138753120274,interpolado
0.4302240448089618,-0.004223839570747306,interpolado
0.4303238647729546,-0.004761261984674853,interpolado
0.43042368473694753,-0.005179155167934872,interpolado
0.43052350470094025,-0.005487493171366494,interpolado
0.43062332466493286,-0.00569625004580958,interpolado
0.43072314462892586,-0.00581539984210377,interpolado
0.4308229645929185,-0.005854916611088526,interpolado
0.43092278455691146,-0.0058247744036035035,interpolado
0.431,-0.00576,original
0.4311224244848969,-0.00559189680423295,interpolado
0.4312222444488898,-0.005395120896896155,interpolado
0.43132206441288257,-0.005143147709846745,interpolado
0.4314218843768754,-0.004834527514631438,interpolado
0.4315217043408681,-0.00446781058279758,interpolado
0.43162152430486084,-0.004041547185892021,interpolado
0.43172134426885367,-0.003554287595461471,interpolado
0.4318211642328465,-0.003004582083053476,interpolado
0.43192098419683933,-0.0023909809202144233,interpolado
0.432,-0.001859,original
0.43212062412482494,-0.0009736857536952875,interpolado
0.43222044408881777,-0.00019743101222124946,interpolado
0.43232026405281054,0.0005930040876795141,interpolado
0.4324200840168033,0.0013739317166550898,interpolado
0.43251990398079615,0.0021216640453518404,interpolado
0.4326197239447888,0.0028125132444174403,interpolado
0.4327195439087818,0.003422791484499441,interpolado
0.4328193638727746,0.003928810936244392,interpolado
0.43291918383676725,0.004306883770300066,interpolado
0.433,0.004503,original
0.4331188237647528,0.004596903332866632,interpolado
0.43321864372874574,0.004514203970588383,interpolado
0.4333184636927385,0.004305926458561816,interpolado
0.43341828365673135,0.003992722192402615,interpolado
0.433518103620724,0.0035952425677270206,interpolado
0.4336179235847168,0.0031341389801507707,interpolado
0.4337177435487097,0.0026300628252894625,interpolado
0.4338175635127024,0.002103665498759549,interpolado
0.43391738347669534,0.0015755983961763566,interpolado
0.434,0.001152,original
0.43411702340468084,0.000591562958182974,interpolado
0.4342168433686737,0.00015291523421319533,interpolado
0.4343166633326666,-0.0002492678217607898,interpolado
0.4344164832966593,-0.0006148063068072092,interpolado
0.43451630326065216,-0.0009435203179934382,interpolado
0.4346161232246449,-0.0012352299523874703,interpolado
0.43471594318863777,-0.0014897553070572181,interpolado
0.43481576315263065,-0.0017069164790701802,interpolado
0.43491558311662337,-0.0018865335654942882,interpolado
0.435,-0.002009,original
0.43511522304460903,-0.0021336263361317253,interpolado
0.4352150430086019,-0.0022061901205560493,interpolado
0.43531486297259464,-0.002250663137590727,interpolado
0.43541468293658747,-0.002271587616428368,interpolado
0.4355145029005802,-0.002273505786261525,interpolado
0.435614322864573,-0.0022609598762827598,interpolado
0.4357141428285659,-0.002238492115684623,interpolado
0.43581396279255863,-0.0022106447336596997,interpolado
0.43591378275655135,-0.002181959959400539,interpolado
0.436,-0.00216,original
0.43611342268453696,-0.0021354646973918727,interpolado
0.4362132426485298,-0.002104522162385275,interpolado
0.4363130626125225,-0.002049127044338545,interpolado
0.43641288257651534,-0.00195426222002351,interpolado
0.4365127025405081,-0.001804910566211909,interpolado
0.4366125225045009,-0.0015860549596757422,interpolado
0.4367123424684938,-0.0012826782771865888,interpolado
0.4368121624324865,-0.0008797633955166199,interpolado
0.4369119823964793,-0.0003622931914375317,interpolado
0.437,0.000201,original
0.43711162232446477,0.0010644795780124896,interpolado
0.4372114422884577,0.001946721072547233,interpolado
0.43731126225245043,0.002895406056628155,interpolado
0.4374110822164433,0.0038744807144472124,interpolado
0.4375109021804361,0.004847891230196431,interpolado
0.43761072214442887,0.005779583788066205,interpolado
0.43771054210842175,0.006633504572249021,interpolado
0.4378103620724146,0.007373599766935404,interpolado
0.4379101820364073,0.007963815556317349,interpolado
0.438,0.008337,original
0.438109821964393,0.00856399449168776,interpolado
0.4382096419283858,0.008569257325516347,interpolado
0.4383094618923786,0.00840912064274577,interpolado
0.4384092818563714,0.008108808185599755,interpolado
0.4385091018203642,0.00769354369630171,interpolado
0.4386089217843569,0.007188550917075777,interpolado
0.43870874174834973,0.006619053590145096,interpolado
0.4388085617123426,0.006010275457733978,interpolado
0.4389083816763354,0.0053874402620657895,interpolado
0.439,0.004825,original
0.4391080216043209,0.004195096094263769,interpolado
0.4392078415683136,0.0036483827151610614,interpolado
0.4393076615323065,0.003135298408744244,interpolado
0.4394074814962992,0.00265551233817694,interpolado
0.43950730146029193,0.0022086936666228505,interpolado
0.43960712142428476,0.001794511557246409,interpolado
0.43970694138827754,0.0014126351732110943,interpolado
0.4398067613522703,0.0010627336776812687,interpolado
0.43990658131626315,0.0007444762338206497,interpolado
0.44,0.000475,original
0.44010622124424886,0.0002021579490593423,interpolado
0.4402060412082416,-1.9450186477957877e-05,interpolado
0.4403058611722345,-0.00020469629394154177,interpolado
0.4404056811362273,-0.00035098439409864823,interpolado
0.4405055011002201,-0.00045571850771688224,interpolado
0.44060532106421285,-0.0005163026555635728,interpolado
0.44070514102820557,-0.0005301408584062349,interpolado
0.44080496099219846,-0.0004946371370122809,interpolado
0.4409047809561913,-0.0004071955121491951,interpolado
0.441,-0.000273,original
0.44110442088417684,-7.262456300400929e-05,interpolado
0.4412042408481696,0.000144003909765414,interpolado
0.44130406081216245,0.0003531401654935122,interpolado
0.44140388077615517,0.0005232595128122579,interpolado
0.441503700740148,0.0006228372603540239,interpolado
0.44160352070414083,0.0006203487167509043,interpolado
0.44170334066813366,0.00048426919063519866,interpolado
0.4418031606321264,0.0001830739906389079,interpolado
0.44190298059611915,-0.00031476157460542747,interpolado
0.442,-0.001017,original
0.4421026205241047,-0.0020072238132906326,interpolado
0.44220244048809754,-0.0031557389518407095,interpolado
0.4423022604520905,-0.004411649665257015,interpolado
0.44240208041608314,-0.0057002983975037265,interpolado
0.44250190038007603,-0.0069470275925478,interpolado
0.4426017203440689,-0.008077179694353426,interpolado
0.44270154030806164,-0.009016097146886917,interpolado
0.4428013602720545,-0.009689122394114177,interpolado
0.44290118023604724,-0.010021597880000028,interpolado
0.443,-0.009942,original
0.44310082016403285,-0.00939353359731314,interpolado
0.4432006401280257,-0.008444034567699715,interpolado
0.44330046009201846,-0.007174476475783703,interpolado
0.44340028005601123,-0.005668966811060716,interpolado
0.443500100020004,-0.0040116130630233485,interpolado
0.4435999199839968,-0.0022865227211676313,interpolado
0.4436997399479896,-0.0005778032749868416,interpolado
0.44379955991198244,0.001030437786025709,interpolado
0.4438993798759753,0.0024540929723740395,interpolado
0.444,0.003617,original
0.4440990198039609,0.0044319461465348415,interpolado
0.4441988397679535,0.004944329807975281,interpolado
0.4442986597319464,0.005189520339458465,interpolado
0.44439847969593915,0.005210832312494609,interpolado
0.444498299659932,0.005051580298594241,interpolado
0.44459811962392476,0.004755078869268025,interpolado
0.44469793958791753,0.0043646425960263795,interpolado
0.4447977595519104,0.003923586050379514,interpolado
0.44489757951590314,0.0034752238038383994,interpolado
0.445,0.003053,original
0.4450972194438888,0.0027219921135795094,interpolado
0.4451970394078815,0.0024541084527556632,interpolado
0.44529685937187435,0.002251563052454391,interpolado
0.44539667933586713,0.002106699369478037,interpolado
0.44549649929986007,0.002011860860628555,interpolado
0.44559631926385285,0.0019593909827081697,interpolado
0.4456961392278456,0.0019416331925189388,interpolado
0.4457959591918384,0.0019509309468629965,interpolado
0.4458957791558312,0.0019796277025424525,interpolado
0.446,0.002022,original
0.44609541908381684,0.0020650349549635257,interpolado
0.44619523904780967,0.002109340653292712,interpolado
0.4462950590118025,0.0021483698020961887,interpolado
0.4463948789757953,0.002177508235576918,interpolado
0.446494698939788,0.002192141787937928,interpolado
0.4465945189037809,0.0021876562933822166,interpolado
0.4466943388677736,0.0021594375861127913,interpolado
0.44679415883176643,0.0021028715003326226,interpolado
0.44689397879575926,0.002013343870244777,interpolado
0.447,0.001877,original
0.4470936187237449,0.001717885156887709,interpolado
0.4471934386877376,0.0015091232266084607,interpolado
0.4472932586517304,0.001262161259811332,interpolado
0.4473930786157231,0.0009792060496634023,interpolado
0.4474928985797159,0.0006624643893313487,interpolado
0.44759271854370875,0.00031414307198177256,interpolado
0.44769253850770147,-6.35511092181346e-05,interpolado
0.4477923584716943,-0.0004684113611019855,interpolado
0.44789217843568707,-0.0008982308905025263,interpolado
0.448,-0.001388,original
0.44809181836367273,-0.0018221082954919723,interpolado
0.4481916383276655,-0.0022988996923070017,interpolado
0.44829145829165834,-0.0027649998347071118,interpolado
0.44839127825565117,-0.0032042302632690656,interpolado
0.4484910982196439,-0.0036004125185704113,interpolado
0.4485909181836368,-0.003937368141188608,interpolado
0.44869073814762966,-0.004198918671700557,interpolado
0.4487905581116224,-0.004368885650683819,interpolado
0.4488903780756152,-0.004431090618715483,interpolado
0.449,-0.004356,original
0.4490900180036009,-0.00417180941558988,interpolado
0.44918983796759354,-0.0038497608785911246,interpolado
0.4492896579315863,-0.0034222759409995216,interpolado
0.44938947789557904,-0.002908426601324148,interpolado
0.44948929785957187,-0.002327284858073386,interpolado
0.4495891178235647,-0.001697922709755472,interpolado
0.44968893778755736,-0.0010394121548797067,interpolado
0.4497887577515502,-0.00037082519195397705,interpolado
0.44988857771554297,0.00028876618051237163,interpolado
0.45,0.000991,original
0.45008821764352863,0.0015057090909521987,interpolado
0.4501880376075214,0.002032869341359296,interpolado
0.45028785757151424,0.0024916923423107026,interpolado
0.45038767753550707,0.0028721020752799664,interpolado
0.4504874974994998,0.0031640225217414216,interpolado
0.45058731746349273,0.003357377663169208,interpolado
0.4506871374274855,0.0034420914810371654,interpolado
0.4507869573914784,0.0034080879568194385,interpolado
0.45088677735547117,0.0032452910719901204,interpolado
0.451,0.002892,original
0.4510864172834568,0.0024998572462951664,interpolado
0.4511862372474495,0.001951883786500322,interpolado
0.4512860572114423,0.0013528903846385732,interpolado
0.4513858771754352,0.0007560885289856451,interpolado
0.4514856971394278,0.0002146897078162533,interpolado
0.4515855171034207,-0.00021809459059476618,interpolado
0.45168533706741354,-0.0004890528779718686,interpolado
0.4517851570314063,-0.000544973666040293,interpolado
0.4518849769953991,-0.00033264546652479916,interpolado
0.452,0.000314,original
0.4520846169233847,0.0010934547737013534,interpolado
0.4521844368873774,0.0022787159712360197,interpolado
0.4522842568513703,0.003651165195389349,interpolado
0.452384076815363,0.0051049471772587705,interpolado
0.45248389677935585,0.006534206647939249,interpolado
0.4525837167433487,0.00783308833852886,interpolado
0.45268353670734146,0.008895736980122738,interpolado
0.4527833566713344,0.009616297303818274,interpolado
0.45288317663532707,0.00988891404071209,interpolado
0.453,0.009497,original
0.4530828165633128,0.008689816488644352,interpolado
0.4531826365273055,0.007206383659920924,interpolado
0.4532824564912982,0.005292193845953373,interpolado
0.4533822764552911,0.003082205831405863,interpolado
0.4534820964192839,0.0007113784009463492,interpolado
0.4535819163832767,-0.001685329660762185,interpolado
0.45368173634726955,-0.003972959569051563,interpolado
0.45378155631126227,-0.00601655253925768,interpolado
0.4538813762752551,-0.007681149786715875,interpolado
0.454,-0.00898,original
0.4540810162032408,-0.009354793494262372,interpolado
0.45418083616723354,-0.009287937943500437,interpolado
0.45428065613122626,-0.008734719769966034,interpolado
0.4543804760952191,-0.007798898829568733,interpolado
0.45448029605921186,-0.00658423497821977,interpolado
0.4545801160232047,-0.005194488071828099,interpolado
0.45467993598719747,-0.00373341796630547,interpolado
0.45477975595119025,-0.0023047845175613174,interpolado
0.454879575915183,-0.0010123475815051479,interpolado
0.455,0.000218,original
0.4550792158431687,0.0007614638906105223,interpolado
0.4551790358071614,0.0011552630758362378,interpolado
0.4552788557711542,0.0012684129258645524,interpolado
0.4553786757351471,0.0011480169523436247,interpolado
0.45547849569913984,0.0008411786669218924,interpolado
0.45557831566313267,0.0003950015812473559,interpolado
0.45567813562712545,-0.00014341079303118647,interpolado
0.4557779555911182,-0.0007269549442656632,interpolado
0.45587777555511105,-0.0013085273608081068,interpolado
0.456,-0.001949,original
0.4560774154830966,-0.0022811500629044508,interpolado
0.4561772354470893,-0.0026160631570570844,interpolado
0.4562770554110821,-0.0028475364882047677,interpolado
0.456376875375075,-0.0029774350132342384,interpolado
0.45647669533906776,-0.003007623689032046,interpolado
0.45657651530306065,-0.0029399674724849183,interpolado
0.4566763352670533,-0.002776331320479624,interpolado
0.45677615523104614,-0.0025185801899028472,interpolado
0.456875975195039,-0.0021685790376410603,interpolado
0.457,-0.001608,original
0.4570756151230245,-0.0012005366451178939,interpolado
0.45717543508701736,-0.0005993379827712529,interpolado
0.45727525505101013,5.632324254276462e-05,interpolado
0.4573750750150029,0.0007473261013561643,interpolado
0.4574748949789958,0.0014545496641997875,interpolado
0.4575747149429886,0.002158873001605626,interpolado
0.4576745349069814,0.0028411751841056648,interpolado
0.4577743548709742,0.0034823352822307557,interpolado
0.4578741748349669,0.004063232366513204,interpolado
0.458,0.00468,original
0.4580738147629525,0.00496942164796128,interpolado
0.45817363472694533,0.005274845394119306,interpolado
0.4582734546909381,0.0054865706842881215,interpolado
0.45837327465493105,0.005610224388064107,interpolado
0.4584730946189238,0.00565143337504327,interpolado
0.45857291458291655,0.005615824514821835,interpolado
0.4586727345469095,0.005509024676995868,interpolado
0.4587725545109022,0.005336660731161624,interpolado
0.4588723744748951,0.00510435954691506,interpolado
0.459,0.004729,original
0.45907201440288065,0.004483929881778902,interpolado
0.4591718343668735,0.004124166062807779,interpolado
0.4592716543308662,0.0037675981894255113,interpolado
0.459371474294859,0.003443452929950244,interpolado
0.45947129425885186,0.0031809569527008513,interpolado
0.45957111422284463,0.0030093369259956487,interpolado
0.45967093418683747,0.0029578195181531484,interpolado
0.45977075415083024,0.0030556313974919244,interpolado
0.459870574114823,0.0033319992323306256,interpolado
0.46,0.004004,original
0.4600702140428085,0.004531752434669783,interpolado
0.4601700340068014,0.005445787096735795,interpolado
0.4602698539707942,0.006492095391571674,interpolado
0.46036967393478695,0.007604102447490332,interpolado
0.4604694938987798,0.008715233392802332,interpolado
0.46056931386277256,0.009758913355820107,interpolado
0.4606691338267654,0.010668567464855942,interpolado
0.4607689537907582,0.01137762084822063,interpolado
0.46086877375475105,0.011819498634226704,interpolado
0.461,0.011882,original
0.4610684136827365,0.011642316277491377,interpolado
0.4611682336467294,0.010978759150489624,interpolado
0.4612680536107222,0.009998091053133531,interpolado
0.461367873574715,0.008762114869696637,interpolado
0.4614676935387078,0.007332633484454891,interpolado
0.46156751350270053,0.00577144978168222,interpolado
0.46166733346669336,0.0041403666456522594,interpolado
0.4617671534306861,0.002501186960641401,interpolado
0.4618669733946789,0.0009157136109224442,interpolado
0.462,-0.001007,original
0.4620666133226644,-0.0018501098324053568,interpolado
0.4621664332866573,-0.002950463200028662,interpolado
0.4622662532506501,-0.0038578631444730056,interpolado
0.4623660732146429,-0.00457525949799985,interpolado
0.46246589317863573,-0.005105602092868852,interpolado
0.46256571314262857,-0.005451840761340917,interpolado
0.4626655331066214,-0.0056169253356765335,interpolado
0.4627653530706143,-0.005603805648135976,interpolado
0.46286517303460684,-0.005415431530979833,interpolado
0.463,-0.004888,original
0.4630648129625925,-0.004526148107918608,interpolado
0.4631646329265854,-0.0038516977013510604,interpolado
0.4632644528905782,-0.0030654433197831485,interpolado
0.46336427285457094,-0.0022016518205794228,interpolado
0.4634640928185637,-0.0012945900611042586,interpolado
0.4635639127825566,-0.0003785248987235653,interpolado
0.46366373274654943,0.0005122768091987484,interpolado
0.46376355271054215,0.0013435482052967926,interpolado
0.4638633726745349,0.0020810224322061854,interpolado
0.464,0.002876,original
0.4640630126025205,0.0031396323210022624,interpolado
0.46416283256651336,0.003424582783166534,interpolado
0.4642626525305061,0.0035611692541423863,interpolado
0.4643624724944989,0.003565699573275854,interpolado
0.46446229245849174,0.0034544815799126796,interpolado
0.4645621124224845,0.003243823113398824,interpolado
0.4646619323864773,0.0029500320130799056,interpolado
0.46476175235047007,0.0025894161183020914,interpolado
0.46486157231446285,0.002178283268411071,interpolado
0.465,0.001555,original
0.4650612122424484,0.0012699205084948466,interpolado
0.4651610322064413,0.0008089113488501416,interpolado
0.46526085217043406,0.0003719536934335271,interpolado
0.4653606721344269,-1.8856775084098192e-05,interpolado
0.4654604920984197,-0.0003414243740317355,interpolado
0.4655603120624125,-0.0005736534207378594,interpolado
0.4656601320264053,-0.0006934482325315455,interpolado
0.4657599519903981,-0.0006787131267414941,interpolado
0.4658597719543908,-0.0005073524206966496,interpolado
0.466,4.03e-05,original
0.46605941188237654,0.00039070715551947464,interpolado
0.4661592318463693,0.0011111987386947485,interpolado
0.46625905181036204,0.0019440868349210035,interpolado
0.46635887177435487,0.0028283348440479895,interpolado
0.4664586917383477,0.0037029061659255647,interpolado
0.4665585117023404,0.0045067642004021245,interpolado
0.46665833166633325,0.005178872347327876,interpolado
0.4667581516303259,0.005658194006551437,interpolado
0.4668579715943188,0.0058836925779226145,interpolado
0.467,0.005647,original
0.46705761152230435,0.005333708000909126,interpolado
0.4671574314862972,0.004521441605555429,interpolado
0.46725725145028996,0.0034392926675024258,interpolado
0.46735707141428273,0.002170843882573473,interpolado
0.4674568913782756,0.0007996779465915069,interpolado
0.46755671134226834,-0.0005906224446181989,interpolado
0.4676565313062612,-0.0019164745952333752,interpolado
0.467756351270254,-0.0030942958094288004,interpolado
0.4678561712342467,-0.004040503391381521,interpolado
0.468,-0.004828,original
0.4680558111622323,-0.004908237509387561,interpolado
0.4681556311262252,-0.004750989332386027,interpolado
0.46825545109021804,-0.004268137262330231,interpolado
0.4683552710542108,-0.003530250172444219,interpolado
0.46845509101820354,-0.0026078969359514727,interpolado
0.46855491098219637,-0.00157164642607708,interpolado
0.4686547309461892,-0.000492067516044601,interpolado
0.4687545509101821,0.0005602709209224944,interpolado
0.46885437087417486,0.0015148000115989782,interpolado
0.469,0.002586,original
0.4690540108021604,0.0028509140156871794,interpolado
0.4691538307661532,0.003149594680932646,interpolado
0.469253650730146,0.0032292531746287135,interpolado
0.46935347069413874,0.0031238333298591278,interpolado
0.4694532906581316,0.002867278979707631,interpolado
0.4695531106221244,0.0024935339572583447,interpolado
0.4696529305861172,0.0020365420955949826,interpolado
0.46975275055011,0.001530247227801075,interpolado
0.4698525705141028,0.00100859318696102,interpolado
0.47,0.000282,original
0.47005221044208834,5.412163907761566e-05,interpolado
0.4701520304060811,-0.00033035054150835463,interpolado
0.470251850370074,-0.0006494098279742345,interpolado
0.4703516703340668,-0.0009052263731820857,interpolado
0.47045149029805955,-0.0010999703299946094,interpolado
0.4705513102620523,-0.0012358118512740058,interpolado
0.4706511302260451,-0.0013149210898828136,interpolado
0.470750950190038,-0.0013394681986834476,interpolado
0.4708507701540307,-0.001311623330538296,interpolado
0.471,-0.001177,original
0.47105041008201637,-0.0011076374343418844,interpolado
0.47115023004600914,-0.0009407097105588664,interpolado
0.471250050010002,-0.0007440340362073637,interpolado
0.47134986997399475,-0.0005290585189422057,interpolado
0.4714496899379875,-0.00030723126641776994,interpolado
0.47154950990198036,-9.000038628891414e-05,interpolado
0.4716493298659732,0.00011118601378988093,interpolado
0.47174914982996596,0.00028487982616409724,interpolado
0.47184896979395885,0.0004196329431789324,interpolado
0.4719487897579516,0.0005039972571799179,interpolado
0.472,0.000524,original
0.4721484296859371,0.00048463380153560324,interpolado
0.47224824964993,0.00038175913551783287,interpolado
0.4723480696139228,0.00022294501429247592,interpolado
0.4724478895779156,1.2924351505247476e-05,interpolado
0.47254770954190833,-0.00024356993919773078,interpolado
0.4726475295059011,-0.0005418049441706752,interpolado
0.47274734946989394,-0.000877047749767895,interpolado
0.4728471694338867,-0.0012445654423431296,interpolado
0.4729469893978796,-0.0016396251082508953,interpolado
0.473,-0.001859,original
0.4731466293258651,-0.002489905050405325,interpolado
0.4732464492898579,-0.002925948648620542,interpolado
0.47334626925385076,-0.0033540876909769813,interpolado
0.47344608921784354,-0.003762900203416038,interpolado
0.4735459091818363,-0.00414096421187819,interpolado
0.4736457291458292,-0.004476857742304607,interpolado
0.47374554910982203,-0.004759158820636365,interpolado
0.47384536907381475,-0.004976445472814078,interpolado
0.4739451890378076,-0.005117295724778912,interpolado
0.474,-0.005158,original
0.47414482896579324,-0.005136524190402132,interpolado
0.47424464892978596,-0.005027381433462923,interpolado
0.4743444688937788,-0.004856417928149009,interpolado
0.4744442888577715,-0.004636816336941877,interpolado
0.4745441088217644,-0.004381759322322905,interpolado
0.4746439287857571,-0.004104429546773906,interpolado
0.47474374874974995,-0.0038180096727761185,interpolado
0.47484356871374267,-0.0035356823628113917,interpolado
0.47494338867773545,-0.003270630279361094,interpolado
0.475,-0.003133,original
0.47514302860572105,-0.0028356107543250613,interpolado
0.4752428485697139,-0.0026645896779324448,interpolado
0.4753426685337067,-0.0025165763814777664,interpolado
0.47544248849769954,-0.002385435528962349,interpolado
0.4755423084616923,-0.00226503178438755,interpolado
0.4756421284256851,-0.0021492298117549245,interpolado
0.4757419483896779,-0.0020318942750657603,interpolado
0.4758417683536707,-0.0019068898383216072,interpolado
0.4759415883176635,-0.0017680811655238255,interpolado
0.476,-0.001678,original
0.47614122824564914,-0.001427423733013179,interpolado
0.476241048209642,-0.0012219651370244551,interpolado
0.4763408681736347,-0.000993068626928929,interpolado
0.47644068813762736,-0.0007407722487234114,interpolado
0.4765405081016203,-0.000465114048404662,interpolado
0.476640328065613,-0.00016613207196990425,interpolado
0.4767401480296058,0.00015613563458427392,interpolado
0.4768399679935986,0.0005016510252605968,interpolado
0.4769397879575914,0.0008703760540623176,interpolado
0.477,0.001104,original
0.47713942788557695,0.0016702766322229106,interpolado
0.47723924784957,0.00207992949282955,interpolado
0.4773390678135626,0.002475562661115608,interpolado
0.4774388877775555,0.002841668612754485,interpolado
0.4775387077415484,0.0031627398234195148,interpolado
0.47763852770554105,0.0034232687687835036,interpolado
0.477738347669534,0.003607747924519897,interpolado
0.47783816763352677,0.0037006697663016504,interpolado
0.4779379875975196,0.003686526769802063,interpolado
0.478,0.003617,original
0.4781376275255052,0.0032938137948329165,interpolado
0.478237447489498,0.0029431696504105655,interpolado
0.47833726745349087,0.0025257930616643253,interpolado
0.47843708741748353,0.002069208419297543,interpolado
0.47853690738147636,0.0016009401140134804,interpolado
0.47863672734546914,0.0011485125365161856,interpolado
0.4787365473094619,0.0007394500775087093,interpolado
0.4788363672734547,0.0004012771276950353,interpolado
0.4789361872374474,0.0001615180777784403,interpolado
0.479,7.25e-05,original
0.47913582716543307,6.10520124559933e-05,interpolado
0.47923564712942585,0.00017069959144406016,interpolado
0.4793354670934186,0.00034107269898421723,interpolado
0.47943528705741145,0.0005370937044342349,interpolado
0.4795351070214042,0.0007236849771519381,interpolado
0.4796349269853969,0.0008657688864948353,interpolado
0.4797347469493897,0.000928267801820774,interpolado
0.47983456691338255,0.0008761040924874007,interpolado
0.47993438687737544,0.0006742001278525066,interpolado
0.48,0.000443,original
0.480134026805361,-0.0002742117235133247,interpolado
0.4802338467693537,-0.0009420968320307877,interpolado
0.48033366673334654,-0.0016391451374451048,interpolado
0.48043348669733943,-0.00228907165028989,interpolado
0.4805333066613322,-0.0028155913811001984,interpolado
0.4806331266253249,-0.003142419340409832,interpolado
0.48073294658931776,-0.0031932705387535485,interpolado
0.48083276655331053,-0.002891859986665491,interpolado
0.4809325865173033,-0.002161902694680384,interpolado
0.481,-0.001388,original
0.4811322264452889,0.000805383837309069,interpolado
0.48123204640928174,0.002911305136501927,interpolado
0.48133186637327463,0.005250400717646533,interpolado
0.48143168633726735,0.007683648936163832,interpolado
0.4815315063012601,0.01007202814747999,interpolado
0.48163132626525296,0.012276516707015912,interpolado
0.4817311462292457,0.014158092970196556,interpolado
0.4818309661932385,0.015577735292446191,interpolado
0.4819307861572313,0.01639642202918678,interpolado
0.482,0.016538,original
0.48213042608521695,0.01578015431793625,interpolado
0.4822302460492097,0.01443590983106866,interpolado
0.48233006601320255,0.012587999450990576,interpolado
0.4824298859771954,0.010380663704310629,interpolado
0.4825297059411882,0.007958143117633048,interpolado
0.48262952590518093,0.005464678217567104,interpolado
0.48272934586917376,0.003044509530718005,interpolado
0.48282916583316654,0.0008418775836911344,interpolado
0.48292898579715937,-0.0009989770969044934,interpolado
0.483,-0.002009,original
0.48312862572514503,-0.003099888936885217,interpolado
0.4832284456891378,-0.0033650384509199137,interpolado
0.48332826565313075,-0.0032144753031914416,interpolado
0.48342808561712347,-0.0027324969082803546,interpolado
0.4835279055811163,-0.002003400680766568,interpolado
0.4836277255451091,-0.0011114840352312823,interpolado
0.4837275455091018,-0.00014104438625450456,interpolado
0.48382736547309463,0.0008236208515839356,interpolado
0.48392718543708735,0.0016982142637025771,interpolado
0.484,0.002231,original
0.484126825365073,0.002878155626236745,interpolado
0.4842266453290657,0.003156373720421186,interpolado
0.4843264652930586,0.0032607959920339974,interpolado
0.4844262852570513,0.003218757299286456,interpolado
0.4845261052210441,0.003057592500389932,interpolado
0.48462592518503694,0.0028046364535559993,interpolado
0.48472574514902966,0.0024872240169959794,interpolado
0.48482556511302244,0.0021326900489210547,interpolado
0.48492538507701516,0.0017683694075430125,interpolado
0.485,0.001506,original
0.4851250250050009,0.0011115350603902758,interpolado
0.48522484496899376,0.0008425011233265257,interpolado
0.48532466493298654,0.0006168075202407821,interpolado
0.4854244848969793,0.00043683359301328347,interpolado
0.4855243048609722,0.00030495868352387794,interpolado
0.48562412482496503,0.00022356213365252135,interpolado
0.485723944788958,0.00019502328527929135,interpolado
0.48582376475295075,0.00022172148028414522,interpolado
0.4859235847169434,0.0003060360605470407,interpolado
0.486,0.000411,original
0.4861232246449293,0.000650155449125531,interpolado
0.486223044608922,0.0008876924932443989,interpolado
0.4863228645729149,0.0011433583810517532,interpolado
0.48642268453690757,0.0013976011094625086,interpolado
0.48652250450090034,0.0016308686753920122,interpolado
0.4866223244648931,0.0018236090757555647,interpolado
0.48672214442888584,0.0019562703074681516,interpolado
0.4868219643928787,0.002009300367445105,interpolado
0.4869217843568715,0.001963147252601565,interpolado
0.487,0.001845,original
0.4871214242848571,0.0015098637998711194,interpolado
0.48722124424884977,0.0011234781831307183,interpolado
0.48732106421284266,0.0006689019853056049,interpolado
0.48742088417683543,0.0001758518311880745,interpolado
0.4875207041408281,-0.0003259556544303332,interpolado
0.48762052410482093,-0.0008068038467580951,interpolado
0.48772034406881376,-0.001236976121002889,interpolado
0.4878201640328066,-0.0015867558523733785,interpolado
0.4879199839967994,-0.0018264264160773864,interpolado
0.488,-0.001919,original
0.4881196239247851,-0.0018705055023910408,interpolado
0.48821944388877775,-0.0016736228202510806,interpolado
0.4883192638527706,-0.0013545390015491634,interpolado
0.4884190838167633,-0.0009321066927842315,interpolado
0.48851890378075613,-0.00042517854045472103,interpolado
0.488618723744749,0.0001473928089411218,interpolado
0.4887185437087418,0.000766754708904072,interpolado
0.4888183636727346,0.0014140545129362155,interpolado
0.4889181836367275,0.002070439574538243,interpolado
0.489,0.002602,original
0.489117823564713,0.0033369654835573486,interpolado
0.48921764352870584,0.003917622165510761,interpolado
0.48931746349269867,0.0044471521657877214,interpolado
0.48941728345669144,0.004913673540763076,interpolado
0.48951710342068416,0.005305304346812569,interpolado
0.489616923384677,0.005610162640311781,interpolado
0.48971674334866977,0.0058163664776358075,interpolado
0.4898165633126626,0.005912033915160297,interpolado
0.48991638327665543,0.005885283009260578,interpolado
0.49,0.00576,original
0.4901160232046409,0.005427254062444905,interpolado
0.4902158431686338,0.005017731263611238,interpolado
0.4903156631326266,0.004522995590771251,interpolado
0.4904154830966195,0.003970351280759001,interpolado
0.4905153030606121,0.0033871025704077223,interpolado
0.49061512302460486,0.0028005536965505927,interpolado
0.49071494298859775,0.002238008896021764,interpolado
0.49081476295259047,0.0017267724056541384,interpolado
0.49091458291658335,0.0012941484622817888,interpolado
0.491,0.001007,original
0.49111422284456885,0.000760838273442988,interpolado
0.4912140428085617,0.0006546817422096085,interpolado
0.49131386277255445,0.0006237235121673974,interpolado
0.4914136827365473,0.0006427416842846981,interpolado
0.4915135027005401,0.0006865143595298022,interpolado
0.4916133226645329,0.0007298196388710522,interpolado
0.49171314262852567,0.0007474356232767124,interpolado
0.49181296259251844,0.0007141404137151334,interpolado
0.49191278255651133,0.0006047121111545526,interpolado
0.492,0.000427,original
0.492112422484497,6.880503510932618e-05,interpolado
0.49221224244848977,-0.0003502541069324605,interpolado
0.4923120624124826,-0.000837061006842705,interpolado
0.4924118823764753,-0.001365445299094183,interpolado
0.49251170234046804,-0.0019092366181587734,interpolado
0.4926115223044609,-0.002442264598509525,interpolado
0.49271134226845376,-0.0029383588746183112,interpolado
0.49281116223244653,-0.0033713490809579106,interpolado
0.4929109821964394,-0.0037150648520009612,interpolado
0.493,-0.003925,original
0.49311062212442497,-0.00404162463052155,interpolado
0.49321044208841763,-0.004028949210385195,interpolado
0.49331026205241063,-0.0039304325514291395,interpolado
0.49341008201640335,-0.0037711868115430066,interpolado
0.4935099019803961,-0.0035763241486167162,interpolado
0.4936097219443889,-0.003370956720539811,interpolado
0.49370954190838173,-0.00318019668520226,interpolado
0.4938093618723746,-0.003029156200493679,interpolado
0.49390918183636734,-0.0029429474243037705,interpolado
0.494,-0.002942,original
0.49410882176435283,-0.00305394908189085,interpolado
0.4942086417283458,-0.0032432097258318707,interpolado
0.49430846169233844,-0.003486202187943724,interpolado
0.49440828165633127,-0.003754670733085161,interpolado
0.494508101620324,-0.004020359626114467,interpolado
0.4946079215843169,-0.004255013131890505,interpolado
0.49470774154830965,-0.004430375515271598,interpolado
0.49480756151230243,-0.0045181910411164865,interpolado
0.49490738147629526,-0.004490203974283714,interpolado
0.495,-0.004336,original
0.4951070214042809,-0.0039873574986069435,interpolado
0.4952068413682737,-0.0035267530220662482,interpolado
0.49530666133226653,-0.002974101950066629,interpolado
0.4954064812962593,-0.0023671569516774994,interpolado
0.495506301260252,-0.0017436706959693068,interpolado
0.49560612122424497,-0.001141395852011166,interpolado
0.4957059411882377,-0.0005980850888735185,interpolado
0.4958057611522305,-0.00015149107562578137,interpolado
0.49590558111622335,0.00016063351866241844,interpolado
0.496,0.000298,original
0.49610522104420907,0.00024688641596463284,interpolado
0.49620504100820173,3.418679042092088e-05,interpolado
0.4963048609721946,-0.0002911856651606967,interpolado
0.4964046809361874,-0.0006828559853768665,interpolado
0.4965045009001801,-0.001094449204823552,interpolado
0.49660432086417294,-0.0014795903580975738,interpolado
0.49670414082816566,-0.0017919044797949052,interpolado
0.4968039607921586,-0.0019850166045121895,interpolado
0.49690378075615144,-0.0020125517668458082,interpolado
0.497,-0.001839,original
0.4971034206841369,-0.0014017428369111158,interpolado
0.4972032406481296,-0.0007620444415518842,interpolado
0.4973030606121225,4.9120219028257226e-05,interpolado
0.49740288057611537,0.00098991186925975,interpolado
0.49750270054010803,0.0020184912335711232,interpolado
0.49760252050410086,0.0030930190363924626,interpolado
0.49770234046809375,0.004171656002153952,interpolado
0.4978021604320865,0.005212562855283968,interpolado
0.49790198039607936,0.0061739003202132105,interpolado
0.498,0.007,original
0.4981016203240649,0.0076905099831850445,interpolado
0.4982014402880577,0.00816210363008758,interpolado
0.49830126025205046,0.008386770786506846,interpolado
0.49840108021604335,0.008322672176872629,interpolado
0.49850090018003607,0.007927968525614573,interpolado
0.4986007201440289,0.007160820557162329,interpolado
0.4987005401080217,0.0059793889959447065,interpolado
0.49880036007201445,0.004341834566392589,interpolado
0.4989001800360072,0.002206317992933706,interpolado
0.499,-0.000469,original
