Time - sec,Amplitude - g,tipo_valor
0.0,0.006094,original
9.981996399279867e-05,0.008061777264407271,interpolado
0.00019963992798559732,0.009668546415717816,interpolado
0.000299459891978396,0.010940009798463662,interpolado
0.00039927985597119453,0.011901869757176827,interpolado
0.0004990998199639931,0.012579828636389338,interpolado
0.0005989197839567919,0.012999588780633228,interpolado
0.0006987397479495905,0.01318685253444051,interpolado
0.0007985597119423888,0.013167322242343208,interpolado
0.0008983796759351872,0.01296670024887335,interpolado
0.001,0.012603,original
0.0010980196039207845,0.012124990535944078,interpolado
0.0011978395679135832,0.011535307505548702,interpolado
0.0012976595319063818,0.010867342151908873,interpolado
0.0013974794958991803,0.010146796819556608,interpolado
0.0014972994598919786,0.009399373853023935,interpolado
0.0015971194238847772,0.008650775596842877,interpolado
0.0016969393878775757,0.007926704395545455,interpolado
0.0017967593518703746,0.007252862593663702,interpolado
0.001896579315863173,0.006654952535729635,interpolado
0.002,0.006143,original
0.00209621924384877,0.0057807802173709035,interpolado
0.0021960392078415694,0.005498083856595622,interpolado
0.002295859171834368,0.0052762875500746535,interpolado
0.002395679135827166,0.005081090894541136,interpolado
0.0024954990998199648,0.004878193486728203,interpolado
0.0025953190638127637,0.0046332949233689885,interpolado
0.0026951390278055617,0.004312094801196624,interpolado
0.002794958991798361,0.003880292716944243,interpolado
0.0028947789557911595,0.0033035882673449787,interpolado
0.003,0.002501,original
0.003094418883776757,0.001590933473595052,interpolado
0.0031942388477695545,0.00047130246520127414,interpolado
0.0032940588117623534,-0.0007557393931236168,interpolado
0.0033938787757551514,-0.0020347171481962948,interpolado
0.0034936987397479503,-0.00331015584683343,interpolado
0.0035935187037407475,-0.00452658053585171,interpolado
0.003693338667733547,-0.005628516262067807,interpolado
0.0037931586317263444,-0.006560488072298391,interpolado
0.003892978595719143,-0.007267021013360147,interpolado
0.004,-0.007711,original
0.004092618523704739,-0.007795201376142957,interpolado
0.004192438487697538,-0.007598812462344108,interpolado
0.004292258451690337,-0.007148123369441531,interpolado
0.0043920784156831335,-0.0064877903426889035,interpolado
0.004491898379675935,-0.005662469627339904,interpolado
0.004591718343668733,-0.004716817468648224,interpolado
0.00469153830766153,-0.003695490111867533,interpolado
0.00479135827165433,-0.002643143802251527,interpolado
0.004891178235647129,-0.0016044347850538818,interpolado
0.005,-0.00054,original
0.005090818163632725,0.0002594810747524387,interpolado
0.005190638127625526,0.0010391229519559981,interpolado
0.005290458091618324,0.0017183214787303382,interpolado
0.005390278055611122,0.0023004976843012523,interpolado
0.0054900980196039215,0.0027890725978945304,interpolado
0.00558991798359672,0.00318746724873595,interpolado
0.005689737947589518,0.003499102666051303,interpolado
0.005789557911582318,0.0037273998790663754,interpolado
0.005889377875575115,0.00387577991700695,interpolado
0.006,0.003951,original
0.006089017803560713,0.003946894931327496,interpolado
0.006188837767553511,0.0038796591296042494,interpolado
0.00628865773154631,0.0037529497525454624,interpolado
0.006388477695539108,0.003573760903460688,interpolado
0.006488297659531905,0.00334908668565947,interpolado
0.006588117623524705,0.003085921202451355,interpolado
0.006687937587517502,0.0027912585571458932,interpolado
0.006787757551510303,0.00247209285305263,interpolado
0.006887577515503101,0.002135418193481115,interpolado
0.007,0.001744,original
0.007087217443488696,0.0014374160669027986,interpolado
0.007187037407481496,0.0010892720733952184,interpolado
0.007286857371474294,0.0007498704533694729,interpolado
0.007386677335467093,0.00042528465018347797,interpolado
0.007486497299459892,0.00012158810719515782,interpolado
0.0075863172634526915,-0.0001551457322375727,interpolado
0.00768613722744549,-0.00039884342475679594,interpolado
0.007785957191438287,-0.000603431527004589,interpolado
0.007885777155431088,-0.0007628365956230367,interpolado
0.008,-0.000882,original
0.008085417083416686,-0.0009230145306991574,interpolado
0.008185237047409484,-0.0009215665767207291,interpolado
0.008285057011402286,-0.0008721550772971123,interpolado
0.008384876975395084,-0.0007802995885804306,interpolado
0.008484696939387882,-0.0006515196667228127,interpolado
0.00858451690338068,-0.0004913348678763781,interpolado
0.00868433686737348,-0.000305264748193254,interpolado
0.00878415683136628,-9.882886382556901e-05,interpolado
0.008883976795359077,0.00012245322907455963,interpolado
0.009,0.000391,original
0.009083616723344675,0.0005884090316143308,interpolado
0.00918343668733747,0.0008300129168390817,interpolado
0.009283256651330271,0.0010818527844514256,interpolado
0.009383076615323067,0.0013479145649223086,interpolado
0.009482896579315865,0.0016321841887226769,interpolado
0.009582716543308663,0.0019386475863234912,interpolado
0.009682536507301462,0.002271290688195697,interpolado
0.009782356471294258,0.00263409942481024,interpolado
0.00988217643528706,0.003031059726638082,interpolado
0.01,0.003549,original
0.010081816363272652,0.003939682673323869,interpolado
0.010181636327265452,0.0044262677273715,interpolado
0.01028145629125825,0.004889664099593121,interpolado
0.01038127625525105,0.005293583821238722,interpolado
0.010481096219243848,0.005601738923558291,interpolado
0.010580916183236646,0.005777841437801829,interpolado
0.010680736147229445,0.005785603395219323,interpolado
0.010780556111222242,0.0055887368270607675,interpolado
0.01088037607521504,0.0051509537645761504,interpolado
0.011,0.004258,original
0.01108001600320064,0.003417839484740676,interpolado
0.011179835967193439,0.002146762716296343,interpolado
0.011279655931186237,0.0007068910951519519,interpolado
0.011379475895179035,-0.0008174632531194624,interpolado
0.011479295859171835,-0.002341988202944947,interpolado
0.011579115823164633,-0.003782371628751466,interpolado
0.011678935787157431,-0.005054301404965992,interpolado
0.01177875575115023,-0.006073465406015566,interpolado
0.01187857571514303,-0.006755551506327149,interpolado
0.012,-0.007009,original
0.012078215643128627,-0.0067849347876518555,interpolado
0.012178035607121426,-0.006097711804179766,interpolado
0.012277855571114226,-0.005040755285516645,interpolado
0.01237767553510702,-0.0037005304555857554,interpolado
0.012477495499099822,-0.0021635025383102903,interpolado
0.01257731546309262,-0.0005161367576134948,interpolado
0.012677135427085416,0.0011551016625813623,interpolado
0.012776955391078218,0.002763747498351106,interpolado
0.012876775355071018,0.004223335525772475,interpolado
0.013,0.005691,original
0.013076415283056614,0.006358871678596239,interpolado
0.013176235247049412,0.006958341659759332,interpolado
0.01327605521104221,0.007284716703043816,interpolado
0.013375875175035011,0.007377172968539164,interpolado
0.01347569513902781,0.007274886616334837,interpolado
0.013575515103020611,0.007017033806520299,interpolado
0.01367533506701341,0.006642790699185027,interpolado
0.013775155031006209,0.0061913334544184675,interpolado
0.01387497499499901,0.005701838232310102,interpolado
0.014,0.005095,original
0.014074614922984603,0.00476183282834445,interpolado
0.014174434886977401,0.00435081731137399,interpolado
0.014274254850970199,0.003967951889938646,interpolado
0.014374074814962995,0.003600614825993711,interpolado
0.014473894778955797,0.0032361843814944966,interpolado
0.014573714742948593,0.0028620388183963103,interpolado
0.01467353470694139,0.0024655563986544474,interpolado
0.014773354670934187,0.002034115384224214,interpolado
0.014873174634926982,0.0015550940370609267,interpolado
0.015,0.000858,original
0.01507281456291258,0.00040631671277783897,interpolado
0.01517263452690538,-0.00026044121841956513,interpolado
0.015272454490898178,-0.0009586107672360986,interpolado
0.015372274454890979,-0.0016622723299098733,interpolado
0.015472094418883775,-0.0023455063026790106,interpolado
0.015571914382876577,-0.0029823930817816256,interpolado
0.015671734346869373,-0.0035470130634558603,interpolado
0.015771554310862173,-0.004013446643939823,interpolado
0.015871374274854976,-0.004355774219471653,interpolado
0.016,-0.004572,original
0.016071014202840572,-0.004567619088324212,interpolado
0.016170834166833372,-0.004423281091338199,interpolado
0.016270654130826165,-0.004142022508089508,interpolado
0.01637047409481896,-0.0037510163027726375,interpolado
0.016470294058811764,-0.003277435439582069,interpolado
0.016570114022804557,-0.002748452882712333,interpolado
0.016669933986797354,-0.0021912415963579153,interpolado
0.016769753950790153,-0.0016329745447132952,interpolado
0.016869573914782953,-0.001100824691973012,interpolado
0.017,-0.00049,original
0.017069213842768553,-0.0002215778325164013,interpolado
0.017169033806761345,9.618732104621231e-05,interpolado
0.01726885377075415,0.00033981235556684083,interpolado
0.017368673734746952,0.0005179512883699528,interpolado
0.01746849369873975,0.0006392581367799994,interpolado
0.017568313662732548,0.000712386918121452,interpolado
0.01766813362672535,0.000745991649718775,interpolado
0.017767953590718144,0.0007487263488964299,interpolado
0.017867773554710947,0.0007292450329788813,interpolado
0.018,0.000684,original
0.018067413482696543,0.0006577277661991942,interpolado
0.01816723344668934,0.0006160661851336642,interpolado
0.018267053410682136,0.0005697482605717109,interpolado
0.01836687337467494,0.0005172472174312905,interpolado
0.01846669333866774,0.00045703628063035795,interpolado
0.018566513302660535,0.00038758867508687433,interpolado
0.018666333266653328,0.00030737762571879536,interpolado
0.01876615323064613,0.00021487635744407458,interpolado
0.018865973194638928,0.00010855809518067573,interpolado
0.019,-5.86e-05,original
0.019065613122624524,-0.00015071570092092598,interpolado
0.01916543308661732,-0.00029380711983553016,interpolado
0.019265253050610116,-0.00042458176796794205,interpolado
0.019365073014602913,-0.0005251127424262976,interpolado
0.019464892978595716,-0.0005774731403187233,interpolado
0.019564712942588512,-0.0005637360587533568,interpolado
0.019664532906581312,-0.00046597459483832635,interpolado
0.01976435287057411,-0.0002662618456817723,interpolado
0.019864172834566908,5.3329091608174135e-05,interpolado
0.02,0.000713,original
0.02006381276255251,0.0011214490045643706,interpolado
0.020163632726545307,0.0018701034741237473,interpolado
0.02026345269053811,0.0027198345039798812,interpolado
0.02036327265453091,0.003633356148048219,interpolado
0.02046309261852371,0.004573382460244296,interpolado
0.02056291258251651,0.00550262749448365,interpolado
0.020662732546509306,0.006383805304681723,interpolado
0.02076255251050211,0.007179629944754082,interpolado
0.02086237247449491,0.007852815468616176,interpolado
0.021,0.008511,original
0.02106201240248051,0.00868493186223143,interpolado
0.021161832366473305,0.00881355740128956,interpolado
0.021261652330466105,0.008784261711799283,interpolado
0.0213614722944589,0.008629989965510327,interpolado
0.021461292258451697,0.00838368733417246,interpolado
0.021561112222444494,0.008078298989535415,interpolado
0.02166093218643729,0.007746770103348926,interpolado
0.02176075215043009,0.007422045847362761,interpolado
0.021860572114422883,0.007137071393326649,interpolado
0.022,0.006868,original
0.02206021204240848,0.006815660678704066,interpolado
0.022160032006401275,0.0068033141695173285,interpolado
0.022259851970394078,0.00685328539817166,interpolado
0.02235967193438687,0.006930398082913208,interpolado
0.022459491898379667,0.006999475941988124,interpolado
0.022559311862372467,0.00702534269364256,interpolado
0.022659131826365267,0.006972822056122666,interpolado
0.02275895179035806,0.006806737747674591,interpolado
0.022858771754350866,0.006491913486544479,interpolado
0.023,0.005724,original
0.02305841168233646,0.005278527890118283,interpolado
0.023158231646329266,0.004366608660245365,interpolado
0.023258051610322066,0.003316560905535162,interpolado
0.023357871574314865,0.002188665943317484,interpolado
0.02345769153830767,0.0010432050909221255,interpolado
0.023557511502300465,-5.954033432100021e-05,interpolado
0.02365733146629326,-0.0010592890150820959,interpolado
0.02375715143028606,-0.0018957596340313534,interpolado
0.023856971394278864,-0.0025086708738388773,interpolado
0.024,-0.002877,original
0.024056611322264457,-0.00282659364496157,interpolado
0.024156431286257257,-0.0024855991001454052,interpolado
0.024256251250250056,-0.0018811421696122784,interpolado
0.024356071214242853,-0.0010813429543307387,interpolado
0.024455891178235652,-0.00015432155526927735,interpolado
0.02455571114222845,0.0008318019266036333,interpolado
0.02465553110622125,0.0018089073903194133,interpolado
0.024755351070214045,0.0027088747349095915,interpolado
0.024855171034206848,0.00346358385940568,interpolado
0.025,0.004161,original
0.02505481096219244,0.004267957214372846,interpolado
0.025154630926185237,0.004247040913418439,interpolado
0.02525445089017804,0.003988608151063617,interpolado
0.025354270854170833,0.0035408788769495667,interpolado
0.025454090818163633,0.0029520730407174597,interpolado
0.025553910782156432,0.0022704105920085286,interpolado
0.02565373074614923,0.0015441114804639405,interpolado
0.02575355071014203,0.0008213956557248626,interpolado
0.02585337067413483,0.00015048306743253468,interpolado
0.026,-0.00064,original
0.02605301060212042,-0.0008448066528083382,interpolado
0.026152830566113224,-0.0011112682424550477,interpolado
0.026252650530106014,-0.0012406314774519455,interpolado
0.02635247049409882,-0.001254944412739614,interpolado
0.026452290458091617,-0.001176255103258633,interpolado
0.026552110422084416,-0.0010266116039495871,interpolado
0.026651930386077216,-0.0008280619697530511,interpolado
0.026751750350070016,-0.0006026542556096208,interpolado
0.026851570314062816,-0.0003724365164598721,interpolado
0.027,-6.86e-05,original
0.02705121024204842,1.4967608220507276e-05,interpolado
0.02715103020604122,0.00014534254378718552,interpolado
0.02725085017003401,0.00024146821433430725,interpolado
0.02735067013402681,0.000313769852257047,interpolado
0.027450490098019614,0.0003726726899505761,interpolado
0.02755031006201241,0.00042860195981005996,interpolado
0.027650130026005214,0.0004919828942306704,interpolado
0.027749949989998014,0.0005732407256075799,interpolado
0.02784976995399081,0.0006828006863359526,interpolado
0.027949589917983606,0.0008310880088109602,interpolado
0.028,0.000924,original
0.028149229845969206,0.0012711592136747279,interpolado
0.028249049809962005,0.0015456943092296456,interpolado
0.028348869773954805,0.0018362023418942977,interpolado
0.028448689737947598,0.0021272746310079483,interpolado
0.0285485097019404,0.0024035024959098926,interpolado
0.028648329665933194,0.002649477255939422,interpolado
0.028748149629925987,0.002849790230435804,interpolado
0.028847969593918794,0.0029890327387383357,interpolado
0.028947789557911587,0.0030517961001862988,interpolado
0.029,0.003049,original
0.02914742948589718,0.0029031054516431014,interpolado
0.029247249449889975,0.0027066261830152737,interpolado
0.02934706941388278,0.002449781494988926,interpolado
0.029446889377875568,0.0021485514420160785,interpolado
0.029546709341868368,0.0018189160785487505,interpolado
0.029646529305861168,0.0014768554590389943,interpolado
0.029746349269853964,0.0011383496379388258,interpolado
0.02984616923384676,0.0008193786697002642,interpolado
0.02994598919783956,0.0005359226087753608,interpolado
0.03,0.000403,original
0.03014562912582516,0.00012672969689892495,interpolado
0.030245449089817963,-2.5800894180687922e-06,interpolado
0.03034526905381076,-9.301218581077631e-05,interpolado
0.030445089017803562,-0.0001532142152220685,interpolado
0.030544908981796355,-0.00019183380059481064,interpolado
0.030644728945789155,-0.0002175185648718753,interpolado
0.030744548909781958,-0.0002389161309961305,interpolado
0.03084436887377475,-0.00026467412191044626,interpolado
0.030944188837767558,-0.0003034401605576939,interpolado
0.031,-0.000334,original
0.03114382876575315,-0.00044573035573440355,interpolado
0.03124364872974596,-0.0005412083311279802,interpolado
0.03134346869373875,-0.0006409261788549708,interpolado
0.03144328865773155,-0.0007357679956527285,interpolado
0.03154310862172435,-0.0008166178782586021,interpolado
0.031642928585717156,-0.0008743599234099409,interpolado
0.03174274854970995,-0.0008998782278440944,interpolado
0.03184256851370275,-0.0008840568882984078,interpolado
0.03194238847769555,-0.0008177800015102337,interpolado
0.032,-0.000753,original
0.03214202840568114,-0.0005098607031463457,interpolado
0.03224184836967394,-0.0002866011685181222,interpolado
0.03234166833366674,-3.932766261202312e-05,interpolado
0.03244148829765954,0.00021511236852230365,interpolado
0.03254130826165234,0.0004598714788351979,interpolado
0.032641128225645126,0.0006781022222769981,interpolado
0.03274094818963792,0.0008529571527980433,interpolado
0.03284076815363072,0.0009675888243486786,interpolado
0.03294058811762353,0.001005149790879226,interpolado
0.033,0.000984,original
0.03314022804560912,0.0008014711791773757,interpolado
0.03324004800960192,0.000586264948484,interpolado
0.033339867973594714,0.00032965450165469394,interpolado
0.03343968793758752,5.764662619670557e-05,interpolado
0.03353950790158032,-0.00020375189038266005,interpolado
0.03363932786557312,-0.0004285342605761561,interpolado
0.03373914782956591,-0.0005906936968765155,interpolado
0.033838967793558716,-0.0006642234117764728,interpolado
0.033938787757551506,-0.0006231166177687613,interpolado
0.034,-0.00053,original
0.03413842768553711,-0.00011913585879374627,interpolado
0.03423824764952991,0.00031467327765510053,interpolado
0.034338067613522705,0.0008266250377284305,interpolado
0.0344378875775155,0.0013838513167245994,interpolado
0.0345377075415083,0.0019534840099419636,interpolado
0.0346375275055011,0.002502655012678915,interpolado
0.03473734746949389,0.0029984962202337312,interpolado
0.03483716743348669,0.003408139527904808,interpolado
0.03493698739747949,0.0036987168309905003,interpolado
0.035,0.003806,original
0.035136627325465096,0.0038154851333715837,interpolado
0.03523644728945789,0.003653238945307922,interpolado
0.035336267253450696,0.0033750497390631594,interpolado
0.03543608721744349,0.003004870989631257,interpolado
0.03553590718143629,0.0025666561720061837,interpolado
0.03563572714542908,0.0020843587611819106,interpolado
0.03573554710942189,0.0015819322321523692,interpolado
0.03583536707341469,0.0010833300599116006,interpolado
0.03593518703740749,0.0006125057194535404,interpolado
0.036,0.000333,original
0.036134826965393094,-0.0001618451073551897,interpolado
0.03623464692938588,-0.0004562275608051089,interpolado
0.036334466893378686,-0.0006948405335395594,interpolado
0.03643428685737148,-0.0008825824715112626,interpolado
0.036534106821364286,-0.0010243518206729913,interpolado
0.036633926785357075,-0.0011250470269774987,interpolado
0.03673374674934987,-0.0011895665363775402,interpolado
0.036833566713342675,-0.0012228087948258702,interpolado
0.03693338667733548,-0.0012296722482752413,interpolado
0.037,-0.001222,original
0.037133026605321064,-0.0011828624580224214,interpolado
0.03723284656931387,-0.0011356432316830356,interpolado
0.037332666533306656,-0.0010757606321210398,interpolado
0.03743248649729945,-0.0010055930901128136,interpolado
0.03753230646129226,-0.0009275190364347312,interpolado
0.03763212642528505,-0.0008439169018631831,interpolado
0.03773194638927785,-0.0007571651171745436,interpolado
0.03783176635327065,-0.0006696421131451927,interpolado
0.03793158631726345,-0.0005837263205515096,interpolado
0.038,-0.000527,original
0.03813122624524904,-0.00042540052973094334,interpolado
0.038231046209241844,-0.00035487875462812576,interpolado
0.03833086617323465,-0.0002904071639983407,interpolado
0.03843068613722745,-0.00023217344897813317,interpolado
0.03853050610122025,-0.00018036530070404818,interpolado
0.03863032606521305,-0.00013517041031262805,interpolado
0.038730146029205846,-9.677646894042391e-05,interpolado
0.038829965993198635,-6.53711677239777e-05,interpolado
0.03892978595719144,-4.114219779983432e-05,interpolado
0.039,-2.85e-05,original
0.039129425885177045,-1.3842475425143983e-05,interpolado
0.03922924584916984,-7.157775277570541e-06,interpolado
0.03932906581316264,-1.3102849647248087e-06,interpolado
0.039428885777155434,6.5994362406132426e-06,interpolado
0.03952870574114822,1.947082906566302e-05,interpolado
0.039628525705141034,4.0203334237644e-05,interpolado
0.03972834566913384,7.169639248377557e-05,interpolado
0.03982816563312663,0.00011684944453128093,interpolado
0.03992798559711943,0.00017856193110737332,interpolado
0.04,0.000235,original
0.040127625525105015,0.0003614225129891235,interpolado
0.040227445489097825,0.000481633344128661,interpolado
0.04032726545309062,0.0006179627549313025,interpolado
0.040427085417083425,0.0007680267470131027,interpolado
0.04052690538107623,0.0009294413219900837,interpolado
0.04062672534506901,0.001099822481478299,interpolado
0.04072654530906182,0.0012767862270937921,interpolado
0.04082636527305462,0.001457948560452606,interpolado
0.040926185237047406,0.0016409254831707839,interpolado
0.041,0.001776,original
0.04112582516503301,0.002002528283980785,interpolado
0.0412256451290258,0.002175411106159114,interpolado
0.041325465093018605,0.0023388198307951894,interpolado
0.04142528505701141,0.002489595110223553,interpolado
0.04152510502100421,0.002624577596778761,interpolado
0.041624924984997015,0.002740607942795338,interpolado
0.041724744948989805,0.002834526800607837,interpolado
0.04182456491298261,0.0029031748225508054,interpolado
0.0419243848769754,0.0029433926609587855,interpolado
0.042,0.002953,original
0.04212402480496101,0.0029270861658330792,interpolado
0.0422238447689538,0.0028688429244833327,interpolado
0.0423236647329466,0.0027778498916489008,interpolado
0.0424234846969394,0.0026546569006950234,interpolado
0.042523304660932196,0.002499813784986942,interpolado
0.04262312462492499,0.0023138703778898973,interpolado
0.04272294458891779,0.0020973765127691134,interpolado
0.042822764552910585,0.0018508820229898625,interpolado
0.04292258451690339,0.001574936741917371,interpolado
0.043,0.001341,original
0.04312222444488898,0.0009412601787081635,interpolado
0.04322204440888176,0.0006020782686927721,interpolado
0.04332186437287459,0.00026739454011784477,interpolado
0.04342168433686737,-4.796813761789919e-05,interpolado
0.043521504300860166,-0.0003291868951158109,interpolado
0.043621324264852976,-0.0005614388629772189,interpolado
0.04372114422884576,-0.0007299011718034496,interpolado
0.04382096419283857,-0.0008197509521958324,interpolado
0.04392078415683137,-0.00081616533475569,interpolado
0.044,-0.000737,original
0.044120424084816964,-0.00048047284951712723,interpolado
0.044220244048809754,-0.00016432717205769668,interpolado
0.04432006401280256,0.00022103323734660242,interpolado
0.04441988397679535,0.0006525815118567621,interpolado
0.044519703940788156,0.001107290784633802,interpolado
0.04461952390478095,0.0015621341888386515,interpolado
0.04471934386877376,0.0019940848576323303,interpolado
0.044819163832766545,0.0023801159241758287,interpolado
0.044918983796759356,0.0026972005216301395,interpolado
0.045,0.002888,original
0.04511862372474495,0.0030423016477919007,interpolado
0.04521844368873775,0.003066195910072458,interpolado
0.04531826365273055,0.0030063248200221733,interpolado
0.045418083616723344,0.002874979279550279,interpolado
0.04551790358071613,0.002684450190566004,interpolado
0.04561772354470895,0.002447028454978563,interpolado
0.04571754350870173,0.002175004974697219,interpolado
0.045817363472694536,0.0018806706516311885,interpolado
0.045917183436687325,0.0015763163876897017,interpolado
0.046,0.001325,original
0.046116823364672925,0.0009842669591826909,interpolado
0.04621664332866572,0.0007104521176989352,interpolado
0.046316463292658525,0.0004559215816544446,interpolado
0.04641628325665133,0.0002238159101146733,interpolado
0.04651610322064412,1.727566214509525e-05,interpolado
0.04661592318463692,-0.0001605586031888154,interpolado
0.046715743148629724,-0.0003065463268215843,interpolado
0.04681556311262252,-0.0004175469496877439,interpolado
0.046915383076615316,-0.0004904199127218046,interpolado
0.047,-0.00052,original
0.04711502300460093,-0.0005113677235828955,interpolado
0.04721484296859371,-0.0004628586689493709,interpolado
0.04731466293258652,-0.00038178169094332413,interpolado
0.047414482896579326,-0.00027341602974322905,interpolado
0.047514302860572115,-0.000143040925527585,interpolado
0.04761412282456492,4.0643815251314275e-06,interpolado
0.047713942788557714,0.00016262065123643705,interpolado
0.04781376275255052,0.0003273486434278486,interpolado
0.047913582716543314,0.0004929691179208823,interpolado
0.048,0.000633,original
0.048113222644528914,0.0008054250374256691,interpolado
0.04821304260852171,0.0009400912350396901,interpolado
0.048312862572514506,0.0010515010156063982,interpolado
0.04841268253650731,0.001132954540469502,interpolado
0.04851250250050011,0.0011777519709727112,interpolado
0.04861232246449291,0.0011791934684597283,interpolado
0.048712142428485705,0.001130579194274266,interpolado
0.0488119623924785,0.0010252093097600327,interpolado
0.0489117823564713,0.0008563839762607369,interpolado
0.049,0.000649,original
0.049111422284456904,0.00030731259638537995,interpolado
0.0492112422484497,-5.867458472555337e-05,interpolado
0.049311062212442504,-0.0004624672504859953,interpolado
0.0494108821764353,-0.0008859809496266722,interpolado
0.04951070214042809,-0.0013111312308783088,interpolado
0.049610522104420886,-0.0017198336429716306,interpolado
0.04971034206841369,-0.002094003734637388,interpolado
0.04981016203240649,-0.0024155570546062527,interpolado
0.049909981996399296,-0.002666409151608977,interpolado
0.05,-0.002817,original
0.05010962192438488,-0.002891797612033509,interpolado
0.05020944188837768,-0.0028705846490974913,interpolado
0.05030926185237049,-0.0027835687500855476,interpolado
0.05040908181636328,-0.0026494761704062525,interpolado
0.05050890178035608,-0.002487033165468159,interpolado
0.05060872174434887,-0.002314965990679828,interpolado
0.05070854170834167,-0.0021520009014498204,interpolado
0.05080836167233446,-0.002016864153186693,interpolado
0.050908181636327265,-0.001928282001299002,interpolado
0.051,-0.001904,original
0.051107821564312865,-0.0019582491328331846,interpolado
0.051207641528305654,-0.002076007218541717,interpolado
0.05130746149229845,-0.002241569774425904,interpolado
0.051407281456291254,-0.0024382546563093727,interpolado
0.05150710142028405,-0.0026493797200157028,interpolado
0.05160692138427685,-0.002858262821368519,interpolado
0.05170674134826966,-0.0030482218161914302,interpolado
0.05180656131226244,-0.003202574560308048,interpolado
0.051906381276255235,-0.003304638909541983,interpolado
0.052,-0.003338,original
0.05210602120424085,-0.0032906464920647374,interpolado
0.052205841168233645,-0.003170331373141292,interpolado
0.05230566113222645,-0.002987510858382611,interpolado
0.05240548109621924,-0.0027529073481222634,interpolado
0.05250530106021204,-0.002477243242693821,interpolado
0.05260512102420484,-0.002171240942430831,interpolado
0.05270494098819765,-0.001845622847666908,interpolado
0.052804760952190444,-0.0015111113587356023,interpolado
0.052904580916183254,-0.0011784288759704845,interpolado
0.053,-0.000872,original
0.05310422084416883,-0.0005595292533078171,interpolado
0.05320404080816165,-0.0002842374266313704,interpolado
0.05330386077215444,-3.306915183367883e-05,interpolado
0.053403680736147235,0.00019332859502155592,interpolado
0.05350350070014003,0.00039430883787061225,interpolado
0.05360332066413282,0.000569224600649768,interpolado
0.05370314062812563,0.0007174289072953024,interpolado
0.053802960592118435,0.0008382747817434999,interpolado
0.053902780556111224,0.0009311152479306229,interpolado
0.054,0.000994,original
0.05410242048409682,0.0010309353363131466,interpolado
0.05420224044808961,0.0010408571099330653,interpolado
0.05430206041208242,0.001028550244848838,interpolado
0.05440188037607522,0.0009974963230898128,interpolado
0.054501700340068016,0.0009511769266853356,interpolado
0.05460152030406081,0.0008930736376647533,interpolado
0.054701340268053615,0.0008266680380574122,interpolado
0.05480116023204642,0.0007554417098926587,interpolado
0.054900980196039215,0.0006828762351998341,interpolado
0.055,0.000613,original
0.055100620124024814,0.0005468268404334803,interpolado
0.05520044008801761,0.00048542071778698813,interpolado
0.055300260052010414,0.00042686989247175017,interpolado
0.05540008001600321,0.00036980942930675895,interpolado
0.05549989997999602,0.0003128743931110031,interpolado
0.05559971994398881,0.000254699848703483,interpolado
0.05569953990798162,0.0001939208609031874,interpolado
0.05579935987197441,0.0001291724945291088,interpolado
0.055899179835967205,5.9089814400239754e-05,interpolado
0.056,-1.85e-05,original
0.056098819763952805,-0.00010154359042523667,interpolado
0.056198639727945615,-0.00018873494239683762,interpolado
0.056298459691938404,-0.0002744802327312579,interpolado
0.056398279655931194,-0.0003539935225491987,interpolado
0.056498099619924,-0.00042248887297136143,interpolado
0.05659791958391678,-0.000475180345118447,interpolado
0.05669773954790959,-0.0005072820001111581,interpolado
0.056797559511902386,-0.0005140078990701914,interpolado
0.05689737947589518,-0.0004905721031162507,interpolado
0.057,-0.00043,original
0.05709701940388077,-0.0003363608223269171,interpolado
0.05719683936787358,-0.00021055281073754627,interpolado
0.057296659331866374,-6.493763162491329e-05,interpolado
0.057396479295859164,9.031166692831694e-05,interpolado
0.057496299259851974,0.0002450220368395106,interpolado
0.05759611922384477,0.00038902043002602327,interpolado
0.05769593918783757,0.0005121337984052116,interpolado
0.05779575915183038,0.0006041890938944366,interpolado
0.05789557911582317,0.0006550132684110412,interpolado
0.058,0.000653,original
0.058095219043808766,0.0005956093492746162,interpolado
0.05819503900780156,0.00048701469876018814,interpolado
0.058294858971794365,0.0003415170798610023,interpolado
0.05839467893578716,0.0001719846261500909,interpolado
0.05849449889977996,-8.714528799477091e-06,interpolado
0.05859431886377275,-0.000187712251414669,interpolado
0.058694138827765543,-0.0003521404081224394,interpolado
0.05879395879175835,-0.0004891308653497445,interpolado
0.05889377875575114,-0.0005858154895235397,interpolado
0.059,-0.00063,original
0.059093418683736736,-0.0006094026485056982,interpolado
0.05919323864772953,-0.0005284353244037636,interpolado
0.059293058611722335,-0.0003926449644664613,interpolado
0.05939287857571514,-0.0002082531974640699,interpolado
0.059492698539707935,1.85183478331327e-05,interpolado
0.05959251850370074,0.00028144804265488733,interpolado
0.05969233846769355,0.0005743142582308794,interpolado
0.05979215843168634,0.0008908953657908469,interpolado
0.05989197839567914,0.0012249697365645125,interpolado
0.06,0.001599,original
0.06009161832366474,0.0019201960984683677,interpolado
0.060191438287657544,0.002265231808703977,interpolado
0.06029125825165034,0.002595200185562136,interpolado
0.06039107821564312,0.0028998781721916124,interpolado
0.06049089817963593,0.003169042711741151,interpolado
0.060590718143628736,0.0033924707473594958,interpolado
0.06069053810762152,0.003559939222195391,interpolado
0.06079035807161433,0.0036612250793975855,interpolado
0.06089017803560712,0.0036861052621148097,interpolado
0.061,0.003613,original
0.06108981796359272,0.0034689720522518373,interpolado
0.06118963792758553,0.0032303474169123308,interpolado
0.06128945789157832,0.0029247394630908963,interpolado
0.06138927785557113,0.0025684092870171577,interpolado
0.061489097819563916,0.0021776179849206717,interpolado
0.06158891778355671,0.0017686266530310179,interpolado
0.06168873774754952,0.0013576963875777748,interpolado
0.06178855771154231,0.0009610882847905195,interpolado
0.06188837767553511,0.0005950634408988075,interpolado
0.062,0.000242,original
0.0620880176035207,1.8867403837991416e-05,interpolado
0.06218783756751352,-0.0001660417616661844,interpolado
0.062287657531506314,-0.0002708122958291942,interpolado
0.062387477495499104,-0.00028741421767586295,interpolado
0.06248729745949191,-0.0002078175462310066,interpolado
0.0625871174234847,-2.39923005194776e-05,interpolado
0.06268693738747752,0.0002720915004339517,interpolado
0.06278675735147032,0.0006884638376044393,interpolado
0.0628865773154631,0.0012331546919670776,interpolado
0.063,0.002018,original
0.0630862172434487,0.0027329371537689654,interpolado
0.0631860372074415,0.0036503802224714544,interpolado
0.06328585717143427,0.0046124275631051264,interpolado
0.06338567713542709,0.005564957274482366,interpolado
0.06348549709941989,0.006453847455415155,interpolado
0.06358531706341268,0.007224976204715504,interpolado
0.06368513702740548,0.007824221621195752,interpolado
0.06378495699139829,0.008197461803667856,interpolado
0.06388477695539109,0.008290574850944036,interpolado
0.064,0.007979,original
0.06408441688337667,0.007433864038398002,interpolado
0.06418423684736949,0.0064927620666964695,interpolado
0.06428405681136226,0.005310134103487374,interpolado
0.06438387677535506,0.0039700659408197,interpolado
0.06448369673934787,0.0025566433707429,interpolado
0.06458351670334066,0.0011539521853064802,interpolado
0.06468333666733346,-0.00015392182344064348,interpolado
0.06478315663132625,-0.0012828928634488245,interpolado
0.06488297659531905,-0.0021488751426690707,interpolado
0.065,-0.002716,original
0.06508261652330465,-0.0027706061320451137,interpolado
0.06518243648729745,-0.0024903683303228205,interpolado
0.06528225645129025,-0.001902393376171199,interpolado
0.06538207641528304,-0.0010821413037484424,interpolado
0.06548189637927584,-0.00010507214721312567,interpolado
0.06558171634326866,0.0009533540592766657,interpolado
0.06568153630726145,0.0020176772815624416,interpolado
0.06578135627125424,0.0030124374854857056,interpolado
0.06588117623524704,0.0038621746368883744,interpolado
0.066,0.00458,original
0.06608081616323264,0.004835349551345132,interpolado
0.06618063612722544,0.0049051235169141755,interpolado
0.06628045609121826,0.004745108152153395,interpolado
0.06638027605521105,0.004399798966152852,interpolado
0.06648009601920384,0.003913691468002705,interpolado
0.06657991598319665,0.003331281166792899,interpolado
0.06667973594718946,0.002697063571613665,interpolado
0.06677955591118223,0.0020555341915549064,interpolado
0.06687937587517505,0.0014511885357067944,interpolado
0.067,0.000834,original
0.06707901580316065,0.0005271840394244528,interpolado
0.06717883576715343,0.0002500214731511353,interpolado
0.06727865573114623,8.29937270228152e-05,interpolado
0.06737847569513902,1.1971657699487751e-05,interpolado
0.06747829565913181,2.282612184109521e-05,interpolado
0.06757811562312463,0.00010142797610759139,interpolado
0.06767793558711742,0.0002336480771589074,interpolado
0.06777775555111022,0.0004053572816550304,interpolado
0.067877575515103,0.0006024264462558656,interpolado
0.068,0.000858,original
0.0680772154430886,0.0010162141693958425,interpolado
0.06817703540708141,0.001205539808584008,interpolado
0.06827685537107421,0.0013656879502547726,interpolado
0.06837667533506701,0.0014836453592638405,interpolado
0.06847649529905982,0.0015463988004669872,interpolado
0.06857631526305262,0.0015409350387199372,interpolado
0.06867613522704541,0.0014542408388784523,interpolado
0.06877595519103821,0.0012733029657982526,interpolado
0.06887577515503102,0.0009851081843351354,interpolado
0.069,0.000457,original
0.06907541508301662,3.8126326848949124e-05,interpolado
0.06917523504700944,-0.0006126107674712949,interpolado
0.06927505501100223,-0.0013437318653326902,interpolado
0.069374874974995,-0.002123291301349701,interpolado
0.06947469493898781,-0.0029193434101371205,interpolado
0.0695745149029806,-0.0036999425263093137,interpolado
0.06967433486697341,-0.004433142984481073,interpolado
0.06977415483096622,-0.005086999119266863,interpolado
0.069873974794959,-0.005629565265281191,interpolado
0.07,-0.006106,original
0.0700736147229446,-0.006256099941586239,interpolado
0.07017343468693742,-0.006310018036000909,interpolado
0.07027325465093019,-0.006204267213467214,interpolado
0.07037307461492301,-0.005952602457906487,interpolado
0.07047289457891581,-0.005568778753240097,interpolado
0.07057271454290859,-0.005066551083389485,interpolado
0.0706725345069014,-0.0044596744322758786,interpolado
0.0707723544708942,-0.0037619037838208017,interpolado
0.070872174434887,-0.0029869941219454283,interpolado
0.071,-0.001904,original
0.07107181436287258,-0.001261997879108426,interpolado
0.07117163432686538,-0.00035363818604012767,interpolado
0.07127145429085818,0.000543035491414021,interpolado
0.07137127425485096,0.0013946076313596705,interpolado
0.07147109421884378,0.002167662711902091,interpolado
0.07157091418283656,0.0028287852111465953,interpolado
0.07167073414682937,0.0033445596071987682,interpolado
0.07177055411082216,0.0036815703781638708,interpolado
0.07187037407481495,0.0038064020021473985,interpolado
0.072,0.003597,original
0.07207001400280055,0.0032916927175152045,interpolado
0.07216983396679336,0.002656836189266253,interpolado
0.07226965393078615,0.0018485238789282556,interpolado
0.07236947389477896,0.0009346598650574586,interpolado
0.07246929385877175,-1.6851773789430607e-05,interpolado
0.07256911382276457,-0.0009381069590562092,interpolado
0.07266893378675736,-0.0017612016121862687,interpolado
0.07276875375075015,-0.0024182316546230587,interpolado
0.07286857371474297,-0.0028412930078102953,interpolado
0.073,-0.002927,original
0.07306821364272856,-0.002721745621178198,interpolado
0.07316803360672133,-0.002144997900232104,interpolado
0.07326785357071416,-0.001311187132447088,interpolado
0.07336767353470694,-0.00030004311588780716,interpolado
0.07346749349869973,0.0008087043513809809,interpolado
0.07356731346269255,0.0019353254712949847,interpolado
0.07366713342668534,0.0030000904457893177,interpolado
0.07376695339067814,0.00392326947679968,interpolado
0.07386677335467094,0.004625132766261317,interpolado
0.074,0.005079,original
0.07406641328265653,0.005053228596153023,interpolado
0.07416623324664931,0.004718996648641122,interpolado
0.07426605321064211,0.00409001068506102,interpolado
0.07436587317463492,0.003233947619684757,interpolado
0.0744656931386277,0.002218484366784503,interpolado
0.07456551310262051,0.0011112978406319885,interpolado
0.07466533306661333,-1.9935044500484306e-05,interpolado
0.07476515303060613,-0.0011075373743412136,interpolado
0.07486497299459892,-0.0020838322346179,interpolado
0.075,-0.003107,original
0.07506461292258453,-0.0034364479563713285,interpolado
0.07516443288657731,-0.0037448437936237994,interpolado
0.07526425285057012,-0.0038409065186490615,interpolado
0.07536407281456291,-0.003759965695518042,interpolado
0.07546389277855571,-0.0035373508883016734,interpolado
0.07556371274254853,-0.003208391661070922,interpolado
0.07566353270654129,-0.0028084175778968095,interpolado
0.0757633526705341,-0.002372758202850181,interpolado
0.0758631726345269,-0.001936743100002113,interpolado
0.076,-0.001403,original
0.0760628125625125,-0.0012030608776971133,interpolado
0.0761626325265053,-0.0009468265304237751,interpolado
0.07626245249049812,-0.0007568903848830139,interpolado
0.0763622724544909,-0.0006227548230447811,interpolado
0.0764620924184837,-0.0005339222268789784,interpolado
0.07656191238247648,-0.0004798949783555701,interpolado
0.0766617323464693,-0.0004501754594444801,interpolado
0.07676155231046208,-0.0004342660521156547,interpolado
0.07686137227445489,-0.0004216691383390333,interpolado
0.077,-0.00039,original
0.07706101220244047,-0.00036494338439538196,interpolado
0.07716083216643328,-0.00030832184086148837,interpolado
0.07726065213042609,-0.00023508208143640263,interpolado
0.07736047209441889,-0.00014841780845792335,interpolado
0.07746029205841168,-5.152272426381203e-05,interpolado
0.07756011202240448,5.240946880811905e-05,interpolado
0.07765993198639728,0.0001601850684201135,interpolado
0.07775975195039009,0.0002686103722343562,interpolado
0.07785957191438288,0.00037449167791309146,interpolado
0.078,0.000513,original
0.07805921184236847,0.0005660083247098084,interpolado
0.07815903180636126,0.0006480507312806321,interpolado
0.07825885177035408,0.0007221404070061558,interpolado
0.07835867173434687,0.0007897071366480423,interpolado
0.07845849169833968,0.0008521807049679248,interpolado
0.07855831166233247,0.0009109908967274382,interpolado
0.07865813162632526,0.0009675674966882422,interpolado
0.07875795159031806,0.001023340289611964,interpolado
0.07885777155431087,0.0010797390602602622,interpolado
0.079,0.001164,original
0.07905741148229646,0.001200118766618178,interpolado
0.07915723144628925,0.001266682877959407,interpolado
0.07925705141028205,0.0013388516077481017,interpolado
0.07935687137427486,0.0014175846279424781,interpolado
0.07945669133826766,0.0015038416105007107,interpolado
0.07955651130226044,0.0015985822273810186,interpolado
0.07965633126625327,0.0017027661505415888,interpolado
0.07975615123024606,0.0018173530519405992,interpolado
0.07985597119423883,0.001943302603536279,interpolado
0.08,0.002147,original
0.08005561112222444,0.0022329997620850104,interpolado
0.08015543108621725,0.0023961164264138975,interpolado
0.08025525105021003,0.0025674870216812395,interpolado
0.08035507101420285,0.0027436095002334572,interpolado
0.08045489097819564,0.0029209818144168742,interpolado
0.08055471094218844,0.0030961019165779095,interpolado
0.08065453090618122,0.0032654677590628865,interpolado
0.08075435087017403,0.003425577294218225,interpolado
0.08085417083416682,0.00357292847439027,interpolado
0.081,0.003758,original
0.08105381076215243,0.003815292791733293,interpolado
0.08115363072614523,0.0039021364154666715,interpolado
0.08125345069013802,0.003958983975648702,interpolado
0.08135327065413084,0.003980235078976232,interpolado
0.08145309061812363,0.00396028933214613,interpolado
0.08155291058211642,0.0038935463418552497,interpolado
0.08165273054610922,0.003774405714800478,interpolado
0.08175255051010202,0.0035972670576786404,interpolado
0.0818523704740948,0.003356529977186649,interpolado
0.082,0.002872,original
0.0820520104020804,0.0026624791633655933,interpolado
0.08215183036607318,0.0022121529997231075,interpolado
0.082251650330066,0.0017158396606918827,interpolado
0.08235147029405879,0.0011942449423968907,interpolado
0.08245129025805162,0.0006680746409628283,interpolado
0.08255111022204441,0.00015803455251460862,interpolado
0.08265093018603718,-0.0003151695268228621,interpolado
0.08275075015003001,-0.0007308318009248763,interpolado
0.08285057011402278,-0.0010682464736664807,interpolado
0.083,-0.001382,original
0.08305021004200841,-0.0014264631068895773,interpolado
0.08315003000600119,-0.0014293789761177314,interpolado
0.083249849969994,-0.0013387718652209826,interpolado
0.08334966993398678,-0.0011788777848234105,interpolado
0.0834494898979796,-0.0009739327455490306,interpolado
0.08354930986197237,-0.0007481727580219541,interpolado
0.0836491298259652,-0.0005258338328661785,interpolado
0.08374894978995802,-0.0003311519807057961,interpolado
0.0838487697539508,-0.000188363212164884,interpolado
0.08394858971794358,-0.00012170353786746251,interpolado
0.084,-0.000125,original
0.08414822964592919,-0.00028795833569069735,interpolado
0.08424804960992202,-0.000500158782482345,interpolado
0.0843478695739148,-0.0007681540569157609,interpolado
0.08444768953790761,-0.0010689851081313116,interpolado
0.08454750950190039,-0.0013796928852692113,interpolado
0.08464732946589319,-0.0016773183374698397,interpolado
0.084747149429886,-0.0019389024138734118,interpolado
0.08484696939387879,-0.002141486063620293,interpolado
0.0849467893578716,-0.002262110235850734,interpolado
0.085,-0.002285,original
0.0851464292858572,-0.002189065940258134,interpolado
0.08524624924984998,-0.0020140301528860003,interpolado
0.08534606921384277,-0.0017750236442769427,interpolado
0.08544588917783558,-0.0014936061734002466,interpolado
0.08554570914182837,-0.001191337499225217,interpolado
0.08564552910582116,-0.0008897773807210321,interpolado
0.08574534906981393,-0.0006104855768570337,interpolado
0.08584516903380673,-0.00037502184660240695,interpolado
0.08594498899779954,-0.0002049459489264738,interpolado
0.086,-0.000147,original
0.08614462892578514,-0.0001258817663804568,interpolado
0.08624444888977793,-0.00019972694747304968,interpolado
0.08634426885377072,-0.0003222333437905684,interpolado
0.08644408881776354,-0.00047291500156724587,interpolado
0.0865439087817563,-0.0006312859670373875,interpolado
0.08664372874574912,-0.0007768602864352341,interpolado
0.08674354870974194,-0.0008891520059950355,interpolado
0.08684336867373474,-0.0009476751719510843,interpolado
0.08694318863772751,-0.0009319438305376326,interpolado
0.087,-0.000882,original
0.08714282856571313,-0.0006152618059331977,interpolado
0.08724264852970592,-0.000329918558583721,interpolado
0.08734246849369873,1.4597559004919588e-05,interpolado
0.08744228845769153,0.0003988584852278258,interpolado
0.08754210842168433,0.0008034361584803,interpolado
0.08764192838567711,0.0012089025171574267,interpolado
0.08774174834966993,0.0015958294996545144,interpolado
0.08784156831366274,0.0019447890443666986,interpolado
0.0879413882776555,0.002236353089689135,interpolado
0.088,0.002373,original
0.08814102820564113,0.0025808889394513634,interpolado
0.08824084816963391,0.0026287087335132783,interpolado
0.08834066813362672,0.0025994624393816503,interpolado
0.08844048809761951,0.002497777466506577,interpolado
0.08854030806161234,0.002328281224338105,interpolado
0.0886401280256051,0.0020956011223263594,interpolado
0.08873994798959792,0.0018043645699213527,interpolado
0.0888397679535907,0.0014591989765732406,interpolado
0.08893958791758352,0.0010647317517320067,interpolado
0.089,0.000804,original
0.08913922784556912,0.00015253243623220358,interpolado
0.0892390478095619,-0.0003371768756881437,interpolado
0.0893388677735547,-0.0008252157761858446,interpolado
0.0894386877375475,-0.0012934014247209511,interpolado
0.08953850770154032,-0.0017235509807533105,interpolado
0.08963832766553308,-0.0020974816037427893,interpolado
0.08973814762952591,-0.00239701045314941,interpolado
0.0898379675935187,-0.002603954688433008,interpolado
0.0899377875575115,-0.0027001314690535583,interpolado
0.09,-0.002696,original
0.09013742748549709,-0.002508292943316759,interpolado
0.0902372474494899,-0.002249458534988283,interpolado
0.09033706741348267,-0.0019210187450608921,interpolado
0.0904368873774755,-0.0015527104835652366,interpolado
0.09053670734146826,-0.0011742706605321535,interpolado
0.09063652730546108,-0.0008154361859922815,interpolado
0.09073634726945387,-0.0005059439699764167,interpolado
0.09083616723344669,-0.0002755309225153297,interpolado
0.09093598719743949,-0.00015393395363969757,interpolado
0.091,-0.000147,original
0.09113562712542508,-0.00032836306683324665,interpolado
0.0912354470894179,-0.0005941103755492766,interpolado
0.09133526705341068,-0.0009309247285696228,interpolado
0.09143508701740347,-0.0013021100363264496,interpolado
0.09153490698139627,-0.0016709702092517274,interpolado
0.09163472694538909,-0.0020008091577776283,interpolado
0.09173454690938186,-0.0022549307923361364,interpolado
0.09183436687337468,-0.0023966390233593885,interpolado
0.09193418683736748,-0.002389237761279409,interpolado
0.092,-0.002285,original
0.09213382676535305,-0.0018195117866530637,interpolado
0.09223364672934586,-0.0013139701796669738,interpolado
0.09233346669333865,-0.0007409290431766554,interpolado
0.09243328665733146,-0.00016126828642719165,interpolado
0.09253310662132426,0.00036413218133632874,interpolado
0.09263292658531705,0.0007743924508690349,interpolado
0.09273274654930984,0.0010086326129258114,interpolado
0.09283256651330266,0.0010059727582617073,interpolado
0.09293238647729546,0.0007055329776316558,interpolado
0.093,0.000302,original
0.09313202640528107,-0.0009706769268803659,interpolado
0.09323184636927385,-0.0022580697148727583,interpolado
0.09333166633326664,-0.0037161800551726207,interpolado
0.09343148629725945,-0.005246336154428632,interpolado
0.09353130626125225,-0.006749866219290281,interpolado
0.09363112622524505,-0.008128098456406408,interpolado
0.09373094618923784,-0.00928236107242593,interpolado
0.09383076615323063,-0.010113982273998227,interpolado
0.09393058611722344,-0.01052429026777216,interpolado
0.094,-0.010509,original
0.09413022604520904,-0.009764131834408276,interpolado
0.09423004600920182,-0.008669780220673353,interpolado
0.09432986597319462,-0.007244246618087962,interpolado
0.09442968593718742,-0.005599228257461129,interpolado
0.09452950590118023,-0.0038464223696010394,interpolado
0.09462932586517303,-0.0020975261853168003,interpolado
0.09472914582916582,-0.00046423693541657366,interpolado
0.09482896579315865,0.0009417481492907455,interpolado
0.09492878575715143,0.0020087318379963725,interpolado
0.095,0.002501,original
0.09512842568513703,0.0027505823016518043,interpolado
0.09522824564912984,0.002461073344220191,interpolado
0.09532806561312265,0.0018475250830329495,interpolado
0.09542788557711544,0.0010001804772244117,interpolado
0.09552770554110825,9.282485928524656e-06,interpolado
0.09562752550510104,-0.0010349259317202607,interpolado
0.09572734546909382,-0.0020422018165880454,interpolado
0.09582716543308661,-0.0029223022095403806,interpolado
0.09592698539707945,-0.00358498415144332,interpolado
0.096,-0.00388,original
0.09612662532506505,-0.003951224450283054,interpolado
0.09622644528905783,-0.003675513933098114,interpolado
0.0963262652530506,-0.003182169358428401,interpolado
0.09642608521704342,-0.0025399737024934745,interpolado
0.09652590518103622,-0.0018177099415130971,interpolado
0.096625725145029,-0.001084161051707074,interpolado
0.09672554510902182,-0.00040811000929490344,interpolado
0.09682536507301459,0.00014166020950353935,interpolado
0.09692518503700741,0.0004963666284687092,interpolado
0.097,0.000593,original
0.097124824964993,0.0003926651565533091,interpolado
0.0972246449289858,-2.2550867704212348e-05,interpolado
0.09732446489297861,-0.0005819734961146584,interpolado
0.0974242848569714,-0.0012095339139993938,interpolado
0.0975241048209642,-0.0018291633066794665,interpolado
0.09762392478495698,-0.002364792859476261,interpolado
0.09772374474894979,-0.0027403537577108863,interpolado
0.09782356471294258,-0.002879777186704546,interpolado
0.0979233846769354,-0.0027069943317784874,interpolado
0.098,-0.002315,original
0.09812302460492098,-0.0011755195003648484,interpolado
0.0982228445689138,0.00011848586298146465,interpolado
0.09832266453290657,0.001635552865973215,interpolado
0.09842248449689937,0.0032755236342486547,interpolado
0.09852230446089218,0.004938240293445185,interpolado
0.09862212442488498,0.0065235449692011005,interpolado
0.09872194438887777,0.00793127978715381,interpolado
0.09882176435287057,0.009061286872941545,interpolado
0.09892158431686335,0.009813408352201913,interpolado
0.099,0.010074,original
0.09912122424484898,0.009839560774573161,interpolado
0.09922104420884174,0.009141592955069215,interpolado
0.09932086417283456,0.008081992690622148,interpolado
0.09942068413682738,0.006748860428007823,interpolado
0.09952050410082017,0.005230296614002264,interpolado
0.09962032406481298,0.0036144016953808364,interpolado
0.09972014402880577,0.001989276118919769,interpolado
0.09981996399279859,0.00044302033139440256,interpolado
0.09991978395679138,-0.0009362652204192354,interpolado
0.1,-0.001864,original
0.10011942388477699,-0.002872814804327934,interpolado
0.10021924384876978,-0.0033849059818108224,interpolado
0.10031906381276257,-0.0036184265274865797,interpolado
0.10041888377675537,-0.003594910934463312,interpolado
0.10051870374074814,-0.003335893695849183,interpolado
0.10061852370474098,-0.0028629093047523578,interpolado
0.10071834366873375,-0.0021974922542811162,interpolado
0.10081816363272657,-0.0013611770375434457,interpolado
0.10091798359671933,-0.00037549814764774704,interpolado
0.101,0.000531,original
0.10111762352470495,0.001951903237112101,interpolado
0.10121744348869774,0.0032250417493294137,interpolado
0.10131726345269051,0.004514200050822467,interpolado
0.1014170834166833,0.005776173225471234,interpolado
0.10151690338067614,0.006967756357156392,interpolado
0.10161672334466891,0.008045744529757943,interpolado
0.10171654330866171,0.008966932827156507,interpolado
0.1018163632726545,0.009688116333232251,interpolado
0.1019161832366473,0.010166090131865441,interpolado
0.102,0.010348,original
0.10211582316463289,0.010242289183353896,interpolado
0.1022156431286257,0.009855208654054728,interpolado
0.1023154630926185,0.009240448863537257,interpolado
0.10241528305661132,0.008441991078651075,interpolado
0.10251510302060411,0.007503816566245434,interpolado
0.1026149229845969,0.00646990659317006,interpolado
0.10271474294858972,0.005384242426274137,interpolado
0.10281456291258251,0.004290805332407279,interpolado
0.10291438287657531,0.003233576578419107,interpolado
0.103,0.002389,original
0.1031140228045609,0.0013911590899308647,interpolado
0.1032138427685537,0.000636431317181562,interpolado
0.1033136627325465,-1.404905896709849e-05,interpolado
0.1034134826965393,-0.000566661032963539,interpolado
0.10351330266053212,-0.0010277835992559066,interpolado
0.10361312262452489,-0.0014037957522923985,interpolado
0.10371294258851771,-0.0017010764865213626,interpolado
0.10381276255251048,-0.0019260047963909573,interpolado
0.10391258251650332,-0.0020849596763494902,interpolado
0.104,-0.002175,original
0.10411222244448887,-0.0022280459541150614,interpolado
0.10421204240848168,-0.002213454610007959,interpolado
0.10431186237247447,-0.002136706997178534,interpolado
0.10441168233646726,-0.001993967289805669,interpolado
0.10451150230046007,-0.001781399662068307,interpolado
0.10461132226445288,-0.0014951682881452907,interpolado
0.10471114222844567,-0.0011314373422155475,interpolado
0.10481096219243846,-0.000686370998458047,interpolado
0.10491078215643128,-0.00015613343105156828,interpolado
0.105,0.000393,original
0.10511042208441687,0.0011664284631735672,interpolado
0.10521024204840967,0.0019234306240527297,interpolado
0.10531006201240249,0.002699072925954294,interpolado
0.10540988197639527,0.0034583183892100537,interpolado
0.10550970194038807,0.00416613003415138,interpolado
0.1056095219043809,0.004787470881110049,interpolado
0.10570934186837369,0.005287303950417528,interpolado
0.1058091618323665,0.005630592262405356,interpolado
0.1059089817963593,0.005782298837405206,interpolado
0.106,0.005724,original
0.10610862172434489,0.005389563410341632,interpolado
0.10620844168833767,0.0048700165125356515,interpolado
0.10630826165233048,0.004201001757074935,interpolado
0.10640808161632326,0.0034347649255248238,interpolado
0.10650790158031605,0.0026235517994507174,interpolado
0.10660772154430888,0.001819608160417669,interpolado
0.10670754150830164,0.001075179789991168,interpolado
0.10680736147229446,0.0004425124697362906,interpolado
0.10690718143628726,-2.614801878157323e-05,interpolado
0.107,-0.000269,original
0.10710682136427284,-0.0002828066761408758,interpolado
0.10720664132826564,-7.288089299162926e-05,interpolado
0.10730646129225846,0.0003038733149473765,interpolado
0.10740628125625123,0.0008001135345937127,interpolado
0.10750610122024404,0.0013684973528651815,interpolado
0.10760592118423686,0.001961682356679385,interpolado
0.10770574114822967,0.0025323261329539067,interpolado
0.10780556111222246,0.003033086268606573,interpolado
0.10790538107621526,0.003416620350554919,interpolado
0.108,0.003629,original
0.10810502100420086,0.00365817878948732,interpolado
0.10820484096819366,0.0035057395528823895,interpolado
0.10830466093218646,0.0032109798002387287,interpolado
0.10840448089617927,0.0028066091885985385,interpolado
0.10850430086017206,0.002325337375003836,interpolado
0.10860412082416487,0.001799874016496803,interpolado
0.10870394078815766,0.0012629287701196445,interpolado
0.10880376075215044,0.0007472112929143394,interpolado
0.10890358071614323,0.00028543124192315355,interpolado
0.109,-7.87e-05,original
0.1091032206441288,-0.00035643658883648897,interpolado
0.10920304060812164,-0.0005325953607650734,interpolado
0.10930286057211444,-0.0006449336182281981,interpolado
0.1094026805361072,-0.0007202065459754858,interpolado
0.10950250050010003,-0.0007851693287565879,interpolado
0.10960232046409281,-0.0008665771513211102,interpolado
0.10970214042808561,-0.0009911851984187045,interpolado
0.10980196039207842,-0.0011857486547989942,interpolado
0.10990178035607122,-0.001477022705211564,interpolado
0.11,-0.001884,original
0.11010142028405681,-0.002444566115251566,interpolado
0.11020124024804961,-0.0031036864167368564,interpolado
0.11030106021204243,-0.003826334042859231,interpolado
0.11040088017603521,-0.0045697196453780365,interpolado
0.11050070014002804,-0.005291053876052316,interpolado
0.11060052010402084,-0.005947547386641123,interpolado
0.11070034006801363,-0.006496410828903784,interpolado
0.1108001600320064,-0.006894854854599301,interpolado
0.11089997999599922,-0.007100090115486929,interpolado
0.111,-0.007069,original
0.1110996199239848,-0.006775073210786553,interpolado
0.11119943988797762,-0.006251388868975511,interpolado
0.11129925985197038,-0.0055478164428358285,interpolado
0.1113990798159632,-0.004713898137434245,interpolado
0.11149889977995597,-0.003799176157837918,interpolado
0.11159871974394879,-0.002853192709113527,interpolado
0.1116985397079416,-0.0019254899963281344,interpolado
0.11179835967193437,-0.001065610224548792,interpolado
0.11189817963592717,-0.00032309559884219623,interpolado
0.112,0.000262,original
0.11209781956391278,0.000624811571732245,interpolado
0.11219763952790558,0.0008132309352344811,interpolado
0.11229745949189837,0.0008520177290797578,interpolado
0.11239727945589116,0.0007754200285099918,interpolado
0.11249709941988396,0.0006176859087671056,interpolado
0.11259691938387677,0.00041306344509296045,interpolado
0.11269673934786958,0.00019580071272948423,interpolado
0.11279655931186239,1.4578691861171335e-07,interpolado
0.11289637927585519,-0.00013965325709780604,interpolado
0.113,-0.000189,original
0.11309601920384078,-0.00012367329567724387,interpolado
0.11319583916783359,4.235908158001379e-05,interpolado
0.11329565913182639,0.0002824497771289149,interpolado
0.11339547909581918,0.0005702992233402842,interpolado
0.11349529905981197,0.0008796078525849208,interpolado
0.11359511902380481,0.001184076097233755,interpolado
0.11369493898779758,0.0014574043896575528,interpolado
0.11379475895179039,0.0016732931622272342,interpolado
0.11389457891578318,0.0018054428473136012,interpolado
0.114,0.001825,original
0.11409421884376877,0.001720049784045633,interpolado
0.11419403880776156,0.0014951865656715633,interpolado
0.11429385877175437,0.0011746321361768963,interpolado
0.11439367873574717,0.0007800558220488493,interpolado
0.11449349869973997,0.00033312694977444556,interpolado
0.11459331866373275,-0.00014448515415912885,interpolado
0.11469313862772557,-0.0006311111632646715,interpolado
0.11479295859171834,-0.001105081751055184,interpolado
0.11489277855571114,-0.0015447275910434068,interpolado
0.115,-0.001954,original
0.11509241848369674,-0.0022377514305249734,interpolado
0.11519223844768953,-0.0024714768601584343,interpolado
0.11529205841168236,-0.0026334657242849378,interpolado
0.11539187837567515,-0.0027276298396364945,interpolado
0.11549169833966791,-0.0027578810229451855,interpolado
0.11559151830366074,-0.002728131090943052,interpolado
0.11569133826765354,-0.002642291860362166,interpolado
0.11579115823164633,-0.002504275147934557,interpolado
0.11589097819563912,-0.002317992770392321,interpolado
0.116,-0.002064,original
0.11609061812362471,-0.0018173465611384851,interpolado
0.11619043808761752,-0.001518584957755617,interpolado
0.1162902580516103,-0.0012035496745885583,interpolado
0.11639007801560312,-0.0008847197704731049,interpolado
0.11648989797959591,-0.0005745743042449198,interpolado
0.11658971794358872,-0.0002855923347398376,interpolado
0.11668953790758153,-3.0252920793528862e-05,interpolado
0.11678935787157434,0.00017896487875821172,interpolado
0.11688917783556708,0.0003295820050796158,interpolado
0.117,0.000413,original
0.11708881776355269,0.00040830142489070814,interpolado
0.1171886377275455,0.00033572900085936835,interpolado
0.1172884576915383,0.00020620161491584268,interpolado
0.11738827765553113,3.4524843838231715e-05,interpolado
0.1174880976195239,-0.0001644957355953117,interpolado
0.11758791758351668,-0.0003760545466066205,interpolado
0.11768773754750952,-0.0005853460124176167,interpolado
0.1177875575115023,-0.0007775645562501086,interpolado
0.11788737747549512,-0.0009379046013260132,interpolado
0.118,-0.001062,original
0.11808701740348071,-0.0011062442040418753,interpolado
0.11818683736747351,-0.0011045158272441737,interpolado
0.11828665733146627,-0.001054361216562038,interpolado
0.11838647729545909,-0.0009637741650464121,interpolado
0.11848629725945188,-0.0008407484657482585,interpolado
0.11858611722344467,-0.0006932779117185574,interpolado
0.11868593718743749,-0.0005293562960082258,interpolado
0.11878575715143025,-0.00035697741166826493,interpolado
0.11888557711542305,-0.0001841350517495847,interpolado
0.119,4.25e-06,original
0.11908521704340864,0.00013289749107951387,interpolado
0.11918503700740145,0.0002770197338318636,interpolado
0.11928485697139425,0.0004241764705282552,interpolado
0.11938467693538708,0.000585010177408614,interpolado
0.11948449689937987,0.0007701633307127779,interpolado
0.11958431686337266,0.0009902784066806824,interpolado
0.11968413682736548,0.0012559978815521902,interpolado
0.11978395679135825,0.001577964231567137,interpolado
0.11988377675535104,0.0019668199329654973,interpolado
0.12,0.002518,original
0.12008341668333666,0.002983474876186719,interpolado
0.12018323664732943,0.003595629963578808,interpolado
0.12028305661132226,0.004236195984123315,interpolado
0.12038287657531507,0.004871663543675656,interpolado
0.12048269653930785,0.005468523248091245,interpolado
0.12058251650330064,0.005993265703225755,interpolado
0.12068233646729346,0.006412381514934543,interpolado
0.12078215643128627,0.006692361289073228,interpolado
0.12088197639527908,0.006799695631497239,interpolado
0.121,0.006658,original
0.12108161632326465,0.006369854553042004,interpolado
0.12118143628725746,0.005832733157689323,interpolado
0.12128125625125029,0.005137850143119508,interpolado
0.12138107621524306,0.004333627507854964,interpolado
0.12148089617923587,0.0034684872504177,interpolado
0.12158071614322867,0.002590851369330054,interpolado
0.12168053610722147,0.0017491418631143689,interpolado
0.12178035607121429,0.0009917807302926391,interpolado
0.12188017603520707,0.00036718996938729436,interpolado
0.122,-0.000139,original
0.12207981596319266,-0.0002962350986685019,interpolado
0.12217963592718545,-0.0002969072725702033,interpolado
0.12227945589117825,-0.00010297085786016864,interpolado
0.12237927585517104,0.0002607299536504443,interpolado
0.12247909581916386,0.0007693509701506277,interpolado
0.1225789157831566,0.0013980479998292302,interpolado
0.12267873574714942,0.0021219768508750356,interpolado
0.12277855571114227,0.0029162933314771365,interpolado
0.122878375675135,0.0037561532498242055,interpolado
0.123,0.004805,original
0.12307801560312064,0.005473078977515992,interpolado
0.12317783556711343,0.006299987270506898,interpolado
0.12327765553110624,0.007071995223495598,interpolado
0.12337747549509903,0.007763659726514614,interpolado
0.12347729545909181,0.008349537669596762,interpolado
0.12357711542308461,0.008804185942774502,interpolado
0.12367693538707741,0.009102161436080582,interpolado
0.12377675535107023,0.00921802103954754,interpolado
0.12387657531506302,0.009126321643208025,interpolado
0.124,0.008688,original
0.12407621524304864,0.008224596915197937,interpolado
0.1241760352070414,0.007426890761562374,interpolado
0.12427585517103422,0.0064654192156521255,interpolado
0.124375675135027,0.005397281733014523,interpolado
0.12447549509901981,0.0042795777691973045,interpolado
0.12457531506301257,0.0031694067797482335,interpolado
0.1246751350270054,0.0021238682202146053,interpolado
0.12477495499099822,0.001200061546144305,interpolado
0.12487477495499101,0.00045508621308467886,interpolado
0.125,-0.000139,original
0.12507441488297663,-0.00027777419273138966,interpolado
0.1251742348469694,-0.00023599739171549738,interpolado
0.12527405481096218,1.580057775628182e-05,interpolado
0.125373874774955,0.00042173778273798407,interpolado
0.12547369473894782,0.0009259322902836186,interpolado
0.12557351470294065,0.0014725021674471999,interpolado
0.1256733346669334,0.002005565481282596,interpolado
0.1257731546309262,0.002469240298844131,interpolado
0.125872974594919,0.0028076446871856623,interpolado
0.126,0.002969,original
0.1260726145229046,0.0028922478347598642,interpolado
0.1261724344868974,0.0026079367387005854,interpolado
0.1262722544508902,0.0021668869495588233,interpolado
0.126372074414883,0.0016243971312480752,interpolado
0.1264718943788758,0.0010357659476817928,interpolado
0.12657171434286857,0.0004562920627735788,interpolado
0.12667153430686137,-5.8725859563451806e-05,interpolado
0.12677135427085418,-0.00045398915541568436,interpolado
0.12687117423484698,-0.0006741991608696703,interpolado
0.127,-0.00061,original
0.12707081416283256,-0.00037534864751924825,interpolado
0.1271706341268254,0.0001693675368857957,interpolado
0.12727045409081816,0.0009068289100060838,interpolado
0.12737027405481097,0.0017732862155779767,interpolado
0.1274700940188038,0.0027049901973378305,interpolado
0.12756991398279655,0.003638191599021754,interpolado
0.12766973394678935,0.004509141164366636,interpolado
0.12776955391078218,0.005254089637108577,interpolado
0.12786937387477496,0.005809287760983932,interpolado
0.128,0.006143,original
0.12806901380276056,0.006102350252930493,interpolado
0.1281688337667533,0.00580011981523733,interpolado
0.12826865373074614,0.005265459956187379,interpolado
0.12836847369473897,0.004560150635547336,interpolado
0.12846829365873175,0.0037459718130839004,interpolado
0.12856811362272455,0.0028847034485640134,interpolado
0.12866793358671735,0.0020381255017538806,interpolado
0.12876775355071016,0.0012680179324204392,interpolado
0.12886757351470296,0.000636160700330388,interpolado
0.129,0.000117,original
0.12906721344268854,2.8629512740171752e-05,interpolado
0.12916703340668137,0.00010059978567121796,interpolado
0.12926685337067417,0.00037089439177380684,interpolado
0.12936667333466698,0.0007895137989270042,interpolado
0.12946649329865975,0.001306458475009719,interpolado
0.12956631326265253,0.001871728887901313,interpolado
0.12966613322664536,0.002435325505480718,interpolado
0.12976595319063816,0.002947248795626996,interpolado
0.12986577315463096,0.003357499226219211,interpolado
0.13,0.003661,original
0.13006541308261654,0.003677121631897186,interpolado
0.13016523304660935,0.003544916188181456,interpolado
0.13026505301060212,0.0032570912581302617,interpolado
0.13036487297459495,0.00285187939115955,interpolado
0.13046469293858773,0.002367513136685406,interpolado
0.13056451290258048,0.0018422250441234988,interpolado
0.13066433286657328,0.0013142476628898983,interpolado
0.1307641528305661,0.0008218135424005507,interpolado
0.13086397279455894,0.0004031552320714006,interpolado
0.131,2.04e-05,original
0.1310636127225445,-6.288279414084472e-05,interpolado
0.13116343268653727,-7.83589812848205e-05,interpolado
0.1312632526505301,1.9795355713869272e-05,interpolado
0.1313630726145229,0.0002007495271561531,interpolado
0.13146289257851568,0.0004336728433428885,interpolado
0.13156271254250848,0.0006877346145751388,interpolado
0.13166253250650128,0.0009321041511537726,interpolado
0.1317623524704941,0.0011359507633797166,interpolado
0.13186217243448692,0.0012684437615538982,interpolado
0.132,0.001277,original
0.13206181236247247,0.001198587844130735,interpolado
0.1321616323264653,0.0009749386133472103,interpolado
0.1322614522904581,0.0006606075076404095,interpolado
0.13236127225445085,0.0002889881621436189,interpolado
0.13246109221844365,-0.0001065257880101966,interpolado
0.1325609121824365,-0.0004925407076877605,interpolado
0.1326607321464293,-0.0008356629617558946,interpolado
0.1327605521104221,-0.00110249891508142,interpolado
0.13286037207441484,-0.0012596549325311324,interpolado
0.133,-0.001232,original
0.13306001200240045,-0.001113921530224459,interpolado
0.13315983196639328,-0.0007876387317069092,interpolado
0.13325965193038608,-0.0003316768913888647,interpolado
0.13335947189437886,0.00021642628434906066,interpolado
0.13345929185837166,0.0008191330891267262,interpolado
0.13355911182236446,0.0014389058165635389,interpolado
0.13365893178635727,0.002038206760279047,interpolado
0.13375875175035007,0.002579498213892797,interpolado
0.1338585717143429,0.003025242471024231,interpolado
0.134,0.00342,original
0.13405821164232848,0.0034819997367127055,interpolado
0.1341580316063213,0.003455054686662894,interpolado
0.13425785157031406,0.0032811335177159026,interpolado
0.13435767153430683,0.0029850557762132893,interpolado
0.13445749149829964,0.002591641008496338,interpolado
0.13455731146229247,0.0021257087609065735,interpolado
0.13465713142628524,0.0016120785797854521,interpolado
0.13475695139027807,0.0010755700114744296,interpolado
0.13485677135427082,0.0005410026023151093,interpolado
0.135,-0.000173,original
0.13505641128225646,-0.0004238469590908861,interpolado
0.13515623124624926,-0.0008201997153099923,interpolado
0.13525605121024206,-0.0011578109439705226,interpolado
0.13535587117423484,-0.0014390012148163323,interpolado
0.13545569113822764,-0.0016660910975909897,interpolado
0.13555551110222047,-0.0018414011620381636,interpolado
0.13565533106621325,-0.001967251977901523,interpolado
0.13575515103020602,-0.0020459641149247225,interpolado
0.13585497099419885,-0.0020798581428514745,interpolado
0.136,-0.002054,original
0.13605461092218443,-0.0020225928368550394,interpolado
0.13615443088617726,-0.0019385211622202868,interpolado
0.13625425085017004,-0.0018256416096286818,interpolado
0.13635407081416284,-0.001690623515831977,interpolado
0.13645389077815565,-0.0015401362175820187,interpolado
0.13655371074214845,-0.0013808490516306236,interpolado
0.13665353070614122,-0.0012194313547296103,interpolado
0.13675335067013403,-0.0010625524636308386,interpolado
0.13685317063412686,-0.0009168817150860377,interpolado
0.137,-0.000737,original
0.13705281056211244,-0.0006856258109576906,interpolado
0.13715263052610524,-0.0006085927706418082,interpolado
0.13725245049009802,-0.0005560520294875997,interpolado
0.13735227045409082,-0.0005259138128321601,interpolado
0.13745209041808362,-0.0005160883460126302,interpolado
0.13755191038207643,-0.0005244858543661336,interpolado
0.1376517303460692,-0.0005490165632297935,interpolado
0.137751550310062,-0.0005875906979407208,interpolado
0.1378513702740548,-0.0006381184838360606,interpolado
0.138,-0.000731,original
0.13805101020204044,-0.0007666106518337325,interpolado
0.13815083016603322,-0.0008388389367526695,interpolado
0.13825065013002602,-0.0009102283271221578,interpolado
0.1383504700940188,-0.0009757549765364617,interpolado
0.13845029005801163,-0.0010303950385898647,interpolado
0.1385501100220044,-0.0010691246668766514,interpolado
0.1386499299859972,-0.0010869200149911033,interpolado
0.13874974994999,-0.001078757236527516,interpolado
0.1388495699139828,-0.0010396124850801645,interpolado
0.13894938987797562,-0.0009644619142433334,interpolado
0.139,-0.000911,original
0.13914902980596117,-0.0006940725867987126,interpolado
0.139248849769954,-0.0005100978526838474,interpolado
0.1393486697339468,-0.00030609060920934087,interpolado
0.13944848969793958,-9.149508001023157e-05,interpolado
0.1395483096619324,0.00012424451127844062,interpolado
0.13964812962592518,0.00033168394102158204,interpolado
0.13974794958991799,0.0005213789855842699,interpolado
0.13984776955391082,0.000683885421331407,interpolado
0.13994758951790356,0.0008097590246279531,interpolado
0.14,0.000858,original
0.14014722944588917,0.0009228338396571968,interpolado
0.14024704940988197,0.0009156764123228456,interpolado
0.14034686937387478,0.0008757744245472462,interpolado
0.14044668933786755,0.0008105184041999753,interpolado
0.14054650930186036,0.0007272988791506343,interpolado
0.14064632926585316,0.0006335063772687514,interpolado
0.1407461492298459,0.0005365314264239241,interpolado
0.14084596919383874,0.00044376455448572885,interpolado
0.14094578915783154,0.0003625962893237422,interpolado
0.141,0.000326,original
0.14114542908581712,0.00026071580647935754,interpolado
0.14124524904980995,0.00024387544978025702,interpolado
0.14134506901380273,0.00024959576741698665,interpolado
0.14144488897779556,0.0002776967963003776,interpolado
0.14154470894178833,0.00032799857334124365,interpolado
0.14164452890578116,0.00040032113545044397,interpolado
0.14174434886977394,0.0004944845195387984,interpolado
0.14184416883376677,0.0006103087625171385,interpolado
0.14194398879775955,0.0007476139012962946,interpolado
0.142,0.000834,original
0.14214362872574518,0.0010814088177446926,interpolado
0.14224344868973796,0.0012645156013583114,interpolado
0.14234326865373076,0.0014460912325260672,interpolado
0.14244308861772356,0.0016168153983238593,interpolado
0.14254290858171637,0.0017673677858275505,interpolado
0.14264272854570914,0.0018884280821131242,interpolado
0.14274254850970194,0.0019706759742564367,interpolado
0.14284236847369475,0.002004791149333387,interpolado
0.14294218843768755,0.0019814532944198754,interpolado
0.143,0.001938,original
0.14314182836567316,0.0017357820084126486,interpolado
0.14324164832966593,0.0015261683986520713,interpolado
0.14334146829365874,0.0012757239703652112,interpolado
0.14344128825765154,0.0009973948246322932,interpolado
0.14354110822164431,0.0007041270625333032,interpolado
0.14364092818563715,0.00040886678514845984,interpolado
0.14374074814962995,0.0001245600935579072,interpolado
0.14384056811362275,-0.000135846911158211,interpolado
0.14394038807761556,-0.00035940812791969494,interpolado
0.144,-0.00047,original
0.14414002800560116,-0.0006527205500097196,interpolado
0.14423984796959394,-0.0007223303123015801,interpolado
0.14433966793358677,-0.0007477624250954969,interpolado
0.14443948789757952,-0.0007345710532377937,interpolado
0.1445393078615723,-0.000688310361574778,interpolado
0.14463912782556507,-0.0006145345149527642,interpolado
0.1447389477895579,-0.0005187976782180678,interpolado
0.14483876775355073,-0.00040665401621700495,interpolado
0.14493858771754345,-0.0002836576937959262,interpolado
0.145,-0.000205,original
0.14513822764552908,-2.7119886221554423e-05,interpolado
0.1452380476095219,9.594670078767312e-05,interpolado
0.14533786757351466,0.00020874767839581791,interpolado
0.14543768753750744,0.0003061894669603213,interpolado
0.14553750750150027,0.00038317848683870354,interpolado
0.14563732746549307,0.0004346211583884014,interpolado
0.14573714742948587,0.00045542390196688014,interpolado
0.14583696739347865,0.00044049313793160524,interpolado
0.14593678735747145,0.0003847352866400639,interpolado
0.146,0.000326,original
0.14613642728545706,0.0001382264299589781,interpolado
0.14623624724944986,-3.760905282234525e-05,interpolado
0.14633606721344267,-0.00023091330098346126,interpolado
0.14643588717743547,-0.0004283018352484371,interpolado
0.14653570714142825,-0.0006163901763411777,interpolado
0.14663552710542108,-0.0007817938449856398,interpolado
0.14673534706941385,-0.0009111283619057797,interpolado
0.14683516703340668,-0.0009910092478255404,interpolado
0.14693498699739949,-0.0010080520234689258,interpolado
0.147,-0.000979,original
0.1471346269253851,-0.0008142415734745577,interpolado
0.1472344468893779,-0.0006230697313134699,interpolado
0.14733426685337067,-0.00039683914893077127,interpolado
0.14743408681736345,-0.00015678763910855593,interpolado
0.14753390678135628,7.584698537089373e-05,interpolado
0.14763372674534908,0.0002798269117253536,interpolado
0.14773354670934186,0.00043391432717259986,interpolado
0.14783336667333463,0.0005168714189303972,interpolado
0.14793318663732744,0.0005074603742165727,interpolado
0.148,0.000439,original
0.148132826565313,0.00014501211889144243,interpolado
0.14823264652930587,-0.00018833391271417857,interpolado
0.14833246649329865,-0.0005896184942802255,interpolado
0.14843228645729142,-0.0010331481935484288,interpolado
0.14853210642128423,-0.0014932295782601889,interpolado
0.14863192638527706,-0.0019441692161570054,interpolado
0.14873174634926986,-0.0023602736749803828,interpolado
0.14883156631326264,-0.0027158495224717336,interpolado
0.14893138627725544,-0.002985203326372765,interpolado
0.149,-0.003107,original
0.14913102620524105,-0.0031754243248443225,interpolado
0.14923084616923382,-0.003089837132439114,interpolado
0.14933066613322665,-0.002894725960869238,interpolado
0.14943048609721943,-0.0025987616975784726,interpolado
0.14953030606121223,-0.0022106152300105882,interpolado
0.14963012602520506,-0.001738957445609357,interpolado
0.14972994598919784,-0.0011924592318187097,interpolado
0.14982976595319059,-0.0005797914760821127,interpolado
0.14992958591718342,9.037493415652107e-05,interpolado
0.15,0.000593,original
0.15012922584516902,0.001563365730245938,interpolado
0.1502290458091618,0.00233045600547547,interpolado
0.1503288657731546,0.0030876543181433598,interpolado
0.1504286857371474,0.0038120357837950424,interpolado
0.15052850570114024,0.0044806755179761645,interpolado
0.150628325665133,0.005070648636232371,interpolado
0.15072814562912576,0.005559030254109193,interpolado
0.1508279655931186,0.00592289548715255,interpolado
0.1509277855571114,0.00613931945090794,interpolado
0.151,0.006191,original
0.15112742548509703,0.006056714922851876,interpolado
0.1512272454490898,0.005780024235117762,interpolado
0.15132706541308263,0.0053861324329848356,interpolado
0.15142688537707538,0.0049056779301155295,interpolado
0.1515267053410682,0.004369299140172223,interpolado
0.15162652530506102,0.0038076344768172886,interpolado
0.15172634526905382,0.0032513223537132593,interpolado
0.1518261652330466,0.0027310011845221916,interpolado
0.15192598519703943,0.0022773093829066187,interpolado
0.152,0.002002,original
0.15212562512502495,0.0016759679091245905,interpolado
0.15222544508901778,0.0015276121142614194,interpolado
0.1523252650530106,0.0014569505209831232,interpolado
0.15242508501700336,0.0014452578149135504,interpolado
0.1525249049809962,0.0014738086816765512,interpolado
0.15262472494498897,0.001523877806895958,interpolado
0.1527245449089818,0.0015767398761956533,interpolado
0.1528243648729746,0.0016136695751994736,interpolado
0.15292418483696738,0.001615941589531268,interpolado
0.153,0.001583,original
0.15312382476495298,0.0014517342574493178,interpolado
0.15322364472894576,0.00128720153297645,interpolado
0.15332346469293856,0.0010843999826144598,interpolado
0.15342328465693136,0.0008564234047130132,interpolado
0.1535231046209242,0.0006163655976217774,interpolado
0.15362292458491694,0.0003773203596904837,interpolado
0.1537227445489098,0.00015238148926866304,interpolado
0.15382256451290258,-4.535721529395093e-05,interpolado
0.1539223844768954,-0.0002028019556476912,interpolado
0.154,-0.000289,original
0.154122024404881,-0.0003523559137584421,interpolado
0.15422184436887376,-0.0003500354036782538,interpolado
0.15432166433286656,-0.00031286935730876934,interpolado
0.15442148429685937,-0.00025378199887724076,interpolado
0.15452130426085214,-0.00018569755261091953,interpolado
0.15462112422484495,-0.00012154024273707353,interpolado
0.15472094418883775,-7.42342934829159e-05,interpolado
0.15482076415283055,-5.67039290757172e-05,interpolado
0.15492058411682336,-8.187337374272914e-05,interpolado
0.155,-0.000141,original
0.15512022404480894,-0.00030373117525798457,interpolado
0.15522004400880174,-0.0004920712663077791,interpolado
0.15531986397279454,-0.0007121443422574444,interpolado
0.15541968393678737,-0.000948448084770061,interpolado
0.15551950390078015,-0.0011854801755086454,interpolado
0.15561932386477295,-0.0014077382961364118,interpolado
0.15571914382876575,-0.0015997201283163749,interpolado
0.15581896379275853,-0.001745923353711615,interpolado
0.15591878375675133,-0.0018308456539852121,interpolado
0.156,-0.001844,original
0.15611842368473697,-0.0017640454995253739,interpolado
0.15621824364872974,-0.0016205328266809885,interpolado
0.15631806361272255,-0.001426064203077821,interpolado
0.15641788357671535,-0.0011982214438414243,interpolado
0.15651770354070813,-0.0009545863640974205,interpolado
0.15661752350470093,-0.0007127407789712215,interpolado
0.1567173434686937,-0.0004902665035884475,interpolado
0.15681716343268653,-0.000304745353074651,interpolado
0.15691698339667934,-0.00017375914255538427,interpolado
0.157,-0.000119,original
0.15711662332466492,-0.00013307174968816256,interpolado
0.15721644328865772,-0.00020298101852876324,interpolado
0.15731626325265052,-0.00029458015440512504,interpolado
0.1574160832166433,-0.0003778696467523874,interpolado
0.1575159031806361,-0.00042284998500568616,interpolado
0.1576157231446289,-0.0003995216586001924,interpolado
0.1577155431086217,-0.00027788515697102706,interpolado
0.1578153630726145,-2.7940969553330152e-05,interpolado
0.1579151830366073,0.0003803104142176214,interpolado
0.158,0.000874,original
0.1581148229645929,0.0017707462691484764,interpolado
0.1582146429285857,0.0027178132795378203,interpolado
0.15831446289257853,0.0037652931626206113,interpolado
0.1584142828565713,0.00486045636037448,interpolado
0.15851410282056413,0.005950573314777986,interpolado
0.1586139227845569,0.00698291446780876,interpolado
0.15871374274854974,0.007904750261444743,interpolado
0.1588135627125425,0.00866335113766387,interpolado
0.1589133826765353,0.009205987538443962,interpolado
0.159,0.009461,original
0.15911302260452093,0.009455542343549577,interpolado
0.15921284256851373,0.00916504554593257,interpolado
0.1593126625325065,0.008651202132217194,interpolado
0.15941248249649928,0.007956737910568603,interpolado
0.15951230246049208,0.0071243786891513365,interpolado
0.1596121224244849,0.006196850276130499,interpolado
0.15971194238847772,0.005216878479671026,interpolado
0.1598117623524705,0.00422718910793785,interpolado
0.15991158231646324,0.0032705079690961677,interpolado
0.16,0.002485,original
0.16011122224444888,0.0016184167769937737,interpolado
0.16021104220844165,0.0009666304841547149,interpolado
0.16031086217243448,0.00043937035403584043,interpolado
0.16041068213642726,4.181407526420667e-05,interpolado
0.16051050210042006,-0.00022086066353344376,interpolado
0.16061032206441286,-0.0003434761737300178,interpolado
0.16071014202840567,-0.0003208547666985502,interpolado
0.16080996199239847,-0.00014781875381214581,interpolado
0.16090978195639127,0.00018080955355625496,interpolado
0.161,0.000616,original
0.16110942188437688,0.0013157256494697165,interpolado
0.16120924184836968,0.0020833016476852887,interpolado
0.16130906181236243,0.0029333393717030434,interpolado
0.16140888177635526,0.0038262489955514694,interpolado
0.16150870174034807,0.004722440693258343,interpolado
0.16160852170434087,0.005582324638851666,interpolado
0.1617083416683337,0.006366311006359448,interpolado
0.16180816163232645,0.007034809969809522,interpolado
0.16190798159631928,0.007548231703230279,interpolado
0.162,0.00785,original
0.16210762152430486,0.007965682887952144,interpolado
0.16220744148829772,0.007863815930975558,interpolado
0.16230726145229044,0.007589776998712029,interpolado
0.16240708141628327,0.00717195217141563,interpolado
0.1625069013802761,0.006638727529340648,interpolado
0.16260672134426885,0.006018489152741317,interpolado
0.1627065413082617,0.005339623121871874,interpolado
0.16280636127225448,0.004630515516986746,interpolado
0.16290618123624725,0.00391955241833977,interpolado
0.163,0.003275,original
0.1631058211642329,0.002601298702213292,interpolado
0.1632056411282257,0.002027795722662246,interpolado
0.16330546109221844,0.0015213144693349014,interpolado
0.16340528105621127,0.0010885592292801296,interpolado
0.16350510102020407,0.000736234289547235,interpolado
0.16360492098419685,0.00047104393718537063,interpolado
0.16370474094818963,0.0002996924592437245,interpolado
0.16380456091218243,0.00022888414277135328,interpolado
0.16390438087617523,0.0002653232748174722,interpolado
0.164,0.000407,original
0.16410402080416084,0.0006798729034333073,interpolado
0.1642038407681536,0.0010333343419961913,interpolado
0.1643036607321464,0.0014462811668619288,interpolado
0.1644034806961392,0.0018888965404517575,interpolado
0.16450330066013202,0.002331363625186999,interpolado
0.16460312062412483,0.0027438655834889757,interpolado
0.1647029405881176,0.003096585577778927,interpolado
0.1648027605521104,0.0033597067704783756,interpolado
0.1649025805161032,0.0035034123240085383,interpolado
0.165,0.0035,original
0.16510222044408876,0.003324366825166466,interpolado
0.16520204040808162,0.003005248460212416,interpolado
0.1653018603720744,0.0025724944068185695,interpolado
0.1654016803360672,0.0020580686226747275,interpolado
0.16550150030006006,0.0014939350654706205,interpolado
0.16560132026405278,0.0009120576928959794,interpolado
0.1657011402280456,0.0003444004626406866,interpolado
0.1658009601920384,-0.0001770726676058479,interpolado
0.1659007801560312,-0.000620397740153736,interpolado
0.166,-0.000952,original
0.16610042008401682,-0.001153184929532967,interpolado
0.16620024004800957,-0.0012287381786474172,interpolado
0.16630006001200237,-0.0011980267196085928,interpolado
0.16639987997599523,-0.001078806725567712,interpolado
0.166499699939988,-0.0008888343696760272,interpolado
0.16659951990398078,-0.000645865825084867,interpolado
0.16669933986797358,-0.0003676572649453457,interpolado
0.1667991598319664,-7.196486240877841e-05,interpolado
0.16689897979595922,0.00022345520937358057,interpolado
0.167,0.000504,original
0.1670986197239448,0.0007442288968107259,interpolado
0.16719843968793757,0.0009449823820821449,interpolado
0.1672982596519304,0.001096396075266522,interpolado
0.1673980796159232,0.001191758821765844,interpolado
0.16749789957991598,0.001224359466982099,interpolado
0.16759771954390879,0.0011874868563172955,interpolado
0.16769753950790156,0.001074429835173402,interpolado
0.1677973594718944,0.0008784772489524071,interpolado
0.16789717943588717,0.0005929179430562976,interpolado
0.168,0.000198,original
0.16809681936387277,-0.00026820453109731166,interpolado
0.16819663932786558,-0.0008210864272839398,interpolado
0.16829645929185838,-0.0014170939286024878,interpolado
0.16839627925585118,-0.0020257158694732616,interpolado
0.16849609921984396,-0.0026164410843165704,interpolado
0.1685959191838368,-0.00315875840755258,interpolado
0.16869573914782957,-0.0036221566736019044,interpolado
0.1687955591118224,-0.003976124716884694,interpolado
0.1688953790758152,-0.004190151371821258,interpolado
0.169,-0.004231,original
0.1690950190038008,-0.004085835443083055,interpolado
0.16919483896779358,-0.003769374546208605,interpolado
0.16929465893178638,-0.003319911430266208,interpolado
0.1693944788957792,-0.0027730159686565822,interpolado
0.16949429885977196,-0.0021642580347806216,interpolado
0.16959411882376477,-0.0015292075020386954,interpolado
0.1696939387877576,-0.0009034342438316856,interpolado
0.1697937587517504,-0.0003225081335603105,interpolado
0.16989357871574312,0.00017800095537471184,interpolado
0.17,0.000583,original
0.17009321864372873,0.0008033293728802414,interpolado
0.17019303860772153,0.0009109554392009898,interpolado
0.17029285857171436,0.00090759243815311,interpolado
0.17039267853570716,0.0008154342438361099,interpolado
0.17049249849969994,0.0006566747303495512,interpolado
0.17059231846369274,0.0004535077717928484,interpolado
0.17069213842768555,0.0002281272422655465,interpolado
0.17079195839167835,2.7270158671548084e-06,interpolado
0.17089177835567113,-0.00020049903330281835,interpolado
0.171,-0.00037,original
0.17109141828365676,-0.00045545535425241365,interpolado
0.17119123824764956,-0.0004900003148218484,interpolado
0.17129105821164234,-0.00047049430667789604,interpolado
0.17139087817563514,-0.0004044426751265034,interpolado
0.17149069813962792,-0.0002993507654736511,interpolado
0.17159051810362075,-0.0001627239230252254,interpolado
0.1716903380676135,-2.067493087197259e-06,interpolado
0.1717901580316063,0.00017511317903448663,interpolado
0.1718899779955991,0.00036131274803382745,interpolado
0.172,0.000568,original
0.1720896179235847,0.0007313491463182108,interpolado
0.17218943788757748,0.0009046569916641294,interpolado
0.1722892578515703,0.0010664340831005382,interpolado
0.17238907781556306,0.0012141659871354382,interpolado
0.1724888977795559,0.0013453382702769531,interpolado
0.17258871774354867,0.001457436499033079,interpolado
0.17268853770754145,0.0015479462399118561,interpolado
0.1727883576715343,0.0016143530594213264,interpolado
0.17288817763552702,0.0016541425240695212,interpolado
0.173,0.001664,original
0.17308781756351269,0.001644638155212645,interpolado
0.17318763752750552,0.0015967247366125558,interpolado
0.1732874574914983,0.0015258262682198082,interpolado
0.1733872774554911,0.0014367111837910696,interpolado
0.1734870974194839,0.0013341479170829282,interpolado
0.17358691738347673,0.0012229049018520478,interpolado
0.1736867373474695,0.0011077505718550679,interpolado
0.1737865573114623,0.0009934533608486284,interpolado
0.17388637727545506,0.0008847817025893986,interpolado
0.174,0.000774,original
0.17408601720344072,0.000702507128000393,interpolado
0.17418583716743352,0.000631313626783611,interpolado
0.1742856571314263,0.0005694286712665701,interpolado
0.17438547709541907,0.0005133537627033154,interpolado
0.17448529705941188,0.00045959040234784694,interpolado
0.17458511702340473,0.0004046400914542109,interpolado
0.17468493698739748,0.0003450043312764372,interpolado
0.17478475695139026,0.00027718462306857653,interpolado
0.17488457691538306,0.00019768246808462238,interpolado
0.175,8.66e-05,original
0.17508421684336867,-9.395916599504844e-06,interpolado
0.17518403680736147,-0.00013580972564455638,interpolado
0.1752838567713543,-0.0002700828616859867,interpolado
0.17538367673534705,-0.00040604997535353173,interpolado
0.17548349669933988,-0.0005375457172768153,interpolado
0.1755833166633327,-0.0006584047380854968,interpolado
0.1756831366273255,-0.0007624616884092365,interpolado
0.17578295659131826,-0.000843551218877676,interpolado
0.17588277655531107,-0.0008955079801205212,interpolado
0.176,-0.000911,original
0.1760824164832967,-0.0008887667001898845,interpolado
0.17618223644728948,-0.0008301164749416281,interpolado
0.17628205641128225,-0.000745013771452615,interpolado
0.17638187637527503,-0.0006422696427066063,interpolado
0.17648169633926786,-0.0005306951416874325,interpolado
0.17658151630326066,-0.0004191013213789041,interpolado
0.17668133626725346,-0.0003162992347648307,interpolado
0.17678115623124624,-0.00023109993482904338,interpolado
0.17688097619523904,-0.0001723144745553028,interpolado
0.177,-0.000149,original
0.17708061612322462,-0.00016652762555780263,interpolado
0.17718043608721745,-0.00021225916507413675,interpolado
0.17728025605121023,-0.0002640232043445217,interpolado
0.177380076015203,-0.00029985790237300255,interpolado
0.17747989597919578,-0.000297801418163576,interpolado
0.1775797159431886,-0.00023589191072025361,interpolado
0.17767953590718139,-9.216753904709948e-05,interpolado
0.1777793558711742,0.00015533353785194973,interpolado
0.177879175835167,0.0005285731609728547,interpolado
0.178,0.00118,original
0.17807881576315263,0.0017344428001067856,interpolado
0.17817863572714537,0.0025562953984713324,interpolado
0.1782784556911382,0.003467997345712614,interpolado
0.178378275655131,0.004422367656282941,interpolado
0.17847809561912384,0.005372225344634841,interpolado
0.17857791558311664,0.0062703894252208354,interpolado
0.1786777355471094,0.007069678912493245,interpolado
0.17877755551110222,0.007722912820905046,interpolado
0.17887737547509502,0.00818291016490853,interpolado
0.179,0.008414,original
0.1790770154030806,0.008341442761515864,interpolado
0.17917683536707338,0.008016065402095802,interpolado
0.1792766553310662,0.007470071005606264,interpolado
0.179376475295059,0.006747353689774564,interpolado
0.17947629525905184,0.005891807572327966,interpolado
0.17957611522304462,0.004947326770993729,interpolado
0.1796759351870374,0.003957805403499392,interpolado
0.1797757551510302,0.0029671375875716596,interpolado
0.179875575115023,0.0020192174409380597,interpolado
0.18,0.000964,original
0.1800752150430086,0.0004232548386265758,interpolado
0.18017503500700136,-0.00017879263530373946,interpolado
0.1802748549709942,-0.0006594530872711063,interpolado
0.18037467493498696,-0.0010301142532643949,interpolado
0.18047449489897982,-0.0013021638692726624,interpolado
0.18057431486297257,-0.0014869896712849237,interpolado
0.1806741348269654,-0.0015959793952903356,interpolado
0.1807739547909582,-0.0016405207772778915,interpolado
0.18087377475495103,-0.0016320015532366471,interpolado
0.181,-0.001563,original
0.18107341468293658,-0.0015010343288204206,interpolado
0.18117323464692933,-0.001398043529327627,interpolado
0.18127305461092216,-0.0012797457406043295,interpolado
0.181372874574915,-0.001153035781489694,interpolado
0.1814726945389078,-0.001024808470822887,interpolado
0.18157251450290057,-0.0009019586274431067,interpolado
0.1816723344668934,-0.0007913810701894498,interpolado
0.18177215443088618,-0.0006999706179011173,interpolado
0.18187197439487898,-0.0006346220894172754,interpolado
0.182,-0.0006,original
0.18207161432286456,-0.0006084883062346795,interpolado
0.18217143428685736,-0.0006474102151601492,interpolado
0.18227125425085017,-0.0007064376892786554,interpolado
0.18237107421484292,-0.0007729389647571463,interpolado
0.18247089417883575,-0.0008342822777625704,interpolado
0.1825707141428285,-0.0008778358644618682,interpolado
0.18267053410682133,-0.0008909679610220157,interpolado
0.1827703540708141,-0.0008610468036099445,interpolado
0.18287017403480693,-0.0007754406283926053,interpolado
0.183,-0.00056,original
0.1830698139627925,-0.00038853950129810223,interpolado
0.1831696339267853,-8.535487700372024e-05,interpolado
0.18326945389077812,0.0002676132941171953,interpolado
0.1833692738547709,0.0006497917822312363,interpolado
0.18346909381876367,0.001040607357504886,interpolado
0.1835689137827565,0.0014194867901049589,interpolado
0.18366873374674933,0.001765856850197938,interpolado
0.18376855371074213,0.0020591443079504136,interpolado
0.1838683736747349,0.0022787759335289796,interpolado
0.184,0.002421,original
0.18406801360272054,0.002416887131968751,interpolado
0.18416783356671332,0.0023216842026144453,interpolado
0.18426765353070615,0.0021377717880518505,interpolado
0.18436747349469892,0.0018845675927542595,interpolado
0.18446729345869176,0.0015814893211950594,interpolado
0.18456711342268456,0.0012479546778473723,interpolado
0.18466693338667733,0.0009033813671845731,interpolado
0.18476675335067017,0.0005671870936799568,interpolado
0.18486657331466294,0.0002587895618068186,interpolado
0.185,-7.63e-05,original
0.18506621324264852,-0.00019829657244078793,interpolado
0.18516603320664132,-0.00032676436980755833,interpolado
0.18526585317063415,-0.00039599840167652163,interpolado
0.18536567313462696,-0.0004143769433567885,interpolado
0.18546549309861976,-0.00039027827015748246,interpolado
0.18556531306261254,-0.00033208065738769875,interpolado
0.18566513302660534,-0.0002481623803565497,interpolado
0.18576495299059811,-0.00014690171437314648,interpolado
0.18586477295459095,-3.667693474660004e-05,interpolado
0.186,0.000112,original
0.1860644128825765,0.00017746481842582395,interpolado
0.1861642328465693,0.0002691866485683435,interpolado
0.18626405281056213,0.00034785713107010705,interpolado
0.18636387277455488,0.00041208620296829526,interpolado
0.18646369273854768,0.000460483801300141,interpolado
0.1865635127025405,0.000491659863102821,interpolado
0.1866633326665333,0.0005042243254135318,interpolado
0.1867631526305261,0.00049678712526947,interpolado
0.18686297259451887,0.0004679581997078434,interpolado
0.187,0.000391,original
0.1870626125225045,0.0003407629867404232,interpolado
0.18716243248649728,0.00024267860481189406,interpolado
0.18726225245049008,0.00012547809101408976,interpolado
0.18736207241448286,-7.413239716299326e-06,interpolado
0.18746189237847566,-0.00015257007244269663,interpolado
0.18756171234246843,-0.0003065670922284154,interpolado
0.18766153230646127,-0.0004659789841368043,interpolado
0.187761352270454,-0.0006273804332312118,interpolado
0.18786117223444687,-0.0007873461245749429,interpolado
0.188,-0.001001,original
0.18806081216243245,-0.001089457425588084,interpolado
0.18816063212642525,-0.001227848665035777,interpolado
0.18826045209041806,-0.0013591501154134014,interpolado
0.18836027205441086,-0.0014849371678679042,interpolado
0.18846009201840364,-0.0016067852135463365,interpolado
0.18855991198239644,-0.0017262696435956435,interpolado
0.18865973194638924,-0.0018449658491628074,interpolado
0.18875955191038207,-0.0019644492213948097,interpolado
0.1888593718743748,-0.002086295151438597,interpolado
0.189,-0.002265,original
0.18905901180236043,-0.0023427215271290148,interpolado
0.1891588317663532,-0.002468996263620808,interpolado
0.18925865173034603,-0.0025736824316557614,interpolado
0.18935847169433884,-0.0026393427111247154,interpolado
0.18945829165833164,-0.0026485397819184186,interpolado
0.1895581116223244,-0.002583836323927651,interpolado
0.18965793158631722,-0.002427795017043194,interpolado
0.18975775155031005,-0.0021629785411559172,interpolado
0.18985757151430283,-0.001771949576156458,interpolado
0.19,-0.000961,original
0.19005721144228843,-0.0005435771123463466,interpolado
0.19015703140628126,0.00028993598343892395,interpolado
0.190256851370274,0.0012155244971615486,interpolado
0.1903566713342668,0.0021845884375248053,interpolado
0.19045649129825962,0.003148527813231196,interpolado
0.1905563112622524,0.00405874263298347,interpolado
0.19065613122624522,0.004866632905484382,interpolado
0.19075595119023803,0.005523598639436522,interpolado
0.19085577115423086,0.0059810398435430215,interpolado
0.191,0.006191,original
0.1910554110822164,0.00610624768014239,interpolado
0.1911552310462092,0.005742747745234266,interpolado
0.19125505101020196,0.005165274557168903,interpolado
0.19135487097419485,0.004440944193845666,interpolado
0.1914546909381876,0.003636872733164375,interpolado
0.19155451090218045,0.0028201762530247355,interpolado
0.19165433086617326,0.0020579708313266374,interpolado
0.191754150830166,0.001417372545969341,interpolado
0.19185397079415886,0.0009654974748527635,interpolado
0.192,0.000784,original
0.1920536107221444,0.0008926200674098949,interpolado
0.19215343068613722,0.0013252044471527354,interpolado
0.19225325065013008,0.001991067117781611,interpolado
0.19235307061412282,0.0028116517866070816,interpolado
0.19245289057811563,0.0037084021609397897,interpolado
0.19255271054210846,0.004602761948090373,interpolado
0.19265253050610123,0.005416174855369265,interpolado
0.19275235047009406,0.006070084590087576,interpolado
0.1928521704340868,0.006485934859555702,interpolado
0.193,0.006497,original
0.19305181036207245,0.006292961939016636,interpolado
0.19315163032606528,0.005613069826516964,interpolado
0.193251450290058,0.004624025876424446,interpolado
0.19335127025405083,0.0034073308757451466,interpolado
0.19345109021804363,0.002044485611484991,interpolado
0.19355091018203638,0.0006169908706498976,interpolado
0.1936507301460292,-0.0007936525597538245,interpolado
0.193750550110022,-0.0021059438927210523,interpolado
0.1938503700740148,-0.00323838234124547,interpolado
0.194,-0.004421,original
0.1940500100020004,-0.004640589182715404,interpolado
0.1941498299659932,-0.0048193377536625785,interpolado
0.194249649929986,-0.004699327499581462,interpolado
0.19434946989397883,-0.004337030272333335,interpolado
0.1944492898579716,-0.0037889179237795664,interpolado
0.19454910982196438,-0.0031114623057817295,interpolado
0.19464892978595721,-0.0023611352702008065,interpolado
0.19474874974995002,-0.0015944086688983432,interpolado
0.1948485697139428,-0.0008677543537357116,interpolado
0.19494838967793562,-0.00023764417657428237,interpolado
0.195,3.17e-05,original
0.1951480296059212,0.000550826621282986,interpolado
0.19524784956991403,0.0007141491245292181,interpolado
0.19534766953390686,0.0007549837547424741,interpolado
0.1954474894978996,0.0006973848041569679,interpolado
0.19554730946189236,0.000565406565006959,interpolado
0.19564712942588516,0.00038310332952658265,interpolado
0.195746949389878,0.00017452938995007975,interpolado
0.1958467693538708,-3.6260961488335166e-05,interpolado
0.1959465893178636,-0.00022521343255444825,interpolado
0.196,-0.000309,original
0.19614622924584918,-0.00045826240173473995,interpolado
0.19624604920984193,-0.0005008907825827946,interpolado
0.19634586917383476,-0.0005048502953638875,interpolado
0.1964456891378276,-0.0004782929116160405,interpolado
0.19654550910182036,-0.0004293706028772916,interpolado
0.19664532906581317,-0.00036623534068563445,interpolado
0.19674514902980603,-0.0002970390965791016,interpolado
0.1968449689937988,-0.0002299338420957154,interpolado
0.1969447889577916,-0.0001730715487734979,interpolado
0.197,-0.000149,original
0.1971444288857772,-0.00010913044270892581,interpolado
0.19724424884977002,-7.991103364456985e-05,interpolado
0.1973440688137628,-2.7852191799291446e-05,interpolado
0.1974438887777556,6.574050749441715e-05,interpolado
0.19754370874174837,0.00021956148890414442,interpolado
0.19764352870574114,0.0004523051770974122,interpolado
0.19774334866973398,0.0007826659967417619,interpolado
0.19784316863372675,0.0012293383725047345,interpolado
0.19794298859771955,0.0018110167290536889,interpolado
0.198,0.002211,original
0.19814262852570516,0.0034177349244748664,interpolado
0.198242448489698,0.004374075208245662,interpolado
0.19834226845369077,0.005358189226790934,interpolado
0.19844208841768354,0.00631383496715731,interpolado
0.19854190838167632,0.007184770416392217,interpolado
0.19864172834566915,0.00791475356154227,interpolado
0.19874154830966195,0.00844754238965435,interpolado
0.1988413682736547,0.00872689488777534,interpolado
0.19894118823764753,0.00869656904295219,interpolado
0.199,0.008511,original
0.1991408281656331,0.007552855447487207,interpolado
0.19924064812962589,0.0065390801443543966,interpolado
0.19934046809361874,0.005356083540930355,interpolado
0.19944028805761152,0.004099200616895932,interpolado
0.19954010802160432,0.0028637663519309004,interpolado
0.1996399279855971,0.0017451157257160966,interpolado
0.1997397479495899,0.0008385837179320174,interpolado
0.19983956791358273,0.00023950530825915528,interpolado
0.1999393878775755,4.321547637799617e-05,interpolado
0.2,0.000161,original
0.2001390278055611,0.001145396272966367,interpolado
0.20023884776955392,0.002342999025749224,interpolado
0.20033866773354672,0.0038202139419364362,interpolado
0.20043848769753958,0.005461527047925167,interpolado
0.20053830766153233,0.007151424370111357,interpolado
0.20063812762552516,0.00877439193489132,interpolado
0.20073794758951796,0.010214915768661379,interpolado
0.20083776755351074,0.011357481897817582,interpolado
0.2009375875175035,0.0120865763487569,interpolado
0.201,0.012281,original
0.20113722744548912,0.01193617283147907,interpolado
0.20123704740948192,0.011121782396957382,interpolado
0.2013368673734747,0.009946695203551724,interpolado
0.2014366873374675,0.008512191012729507,interpolado
0.2015365073014603,0.006919549585959102,interpolado
0.20163632726545314,0.005270050684708596,interpolado
0.20173614722944594,0.0036649740704460827,interpolado
0.20183596719343871,0.002205599504640025,interpolado
0.2019357871574315,0.0009932067487576795,interpolado
0.202,0.000391,original
0.20213542708541707,-0.00035395442293340024,interpolado
0.20223524704940987,-0.0005080123200821833,interpolado
0.20233506701340265,-0.00039749863876900257,interpolado
0.20243488697739548,-8.556993503410282e-05,interpolado
0.20253470694138828,0.00036461723508220183,interpolado
0.20263452690538108,0.0008899063155395918,interpolado
0.2027343468693739,0.001427140750297749,interpolado
0.20283416683336672,0.0019131639833162325,interpolado
0.2029339867973595,0.0022848194585550073,interpolado
0.203,0.002437,original
0.20313362672534507,0.0024725731860481257,interpolado
0.20323344668933782,0.0022962089121774786,interpolado
0.20333326665333062,0.0019878248846936686,interpolado
0.2034330866173234,0.0015847376751790833,interpolado
0.20353290658131623,0.0011242638552160812,interpolado
0.203632726545309,0.0006437199963870187,interpolado
0.20373254650930178,0.00018042267027437747,interpolado
0.20383236647329459,-0.00022831155153975,interpolado
0.20393218643728733,-0.000545166097472873,interpolado
0.204,-0.000689,original
0.204131826365273,-0.0007788068394804525,interpolado
0.20423164632926571,-0.0007060481182251114,interpolado
0.20433146629325855,-0.0005422857702300576,interpolado
0.20443128625725135,-0.0003149018641546398,interpolado
0.2045311062212442,-5.127846865820115e-05,interpolado
0.20463092618523698,0.00022120234759991423,interpolado
0.20473074614922976,0.0004751585159602964,interpolado
0.20483056611322262,0.0006832079677637506,interpolado
0.2049303860772154,0.0008179686343508571,interpolado
0.205,0.000854,original
0.20513002600520103,0.0007773326882622578,interpolado
0.2052298459691938,0.0006149561288832674,interpolado
0.2053296659331866,0.0003900104288621979,interpolado
0.2054294858971794,0.00012733607105116192,interpolado
0.20552930586117227,-0.00014822646169776314,interpolado
0.20562912582516507,-0.00041183668653249714,interpolado
0.2057289457891578,-0.0006386541206009066,interpolado
0.20582876575315065,-0.0008038382810510449,interpolado
0.20592858571714343,-0.0008825486850307635,interpolado
0.206,-0.000872,original
0.20612822564512903,-0.0006998890992046742,interpolado
0.20622804560912178,-0.00045664016473742484,interpolado
0.20632786557311455,-0.0001485010934080611,interpolado
0.2064276855371074,0.00019642839591857414,interpolado
0.2065275055011002,0.0005500485843776388,interpolado
0.20662732546509296,0.0008842597531042009,interpolado
0.20672714542908577,0.0011709621832336108,interpolado
0.20682696539307854,0.0013820561559009276,interpolado
0.20692678535707132,0.001489441952241309,interpolado
0.207,0.001486,original
0.20712642528505693,0.0013000056898313038,interpolado
0.20722624524904976,0.001019052081032437,interpolado
0.20732606521304253,0.0006512831592084434,interpolado
0.20742588517703534,0.0002256430407215626,interpolado
0.2075257051410282,-0.00022892415806596974,interpolado
0.207625525105021,-0.0006834743207917941,interpolado
0.20772534506901377,-0.0011090633310939313,interpolado
0.20782516503300655,-0.0014767470726100187,interpolado
0.2079249849969994,-0.0017575814289778192,interpolado
0.208,-0.001894,original
0.20812462492498496,-0.001958733861750155,interpolado
0.2082244448889778,-0.0018818893314092818,interpolado
0.2083242648529706,-0.0017120080484078722,interpolado
0.20842408481696337,-0.0014688847197976,interpolado
0.2085239047809562,-0.00117231405263014,interpolado
0.20862372474494895,-0.0008420907539572608,interpolado
0.2087235447089417,-0.0004980095308304495,interpolado
0.20882336467293455,-0.00015986509030146745,interpolado
0.20892318463692733,0.00015254786057800952,interpolado
0.209,0.000363,original
0.2091228245649129,0.0006261846209894345,interpolado
0.20922264452890574,0.0007683293633530111,interpolado
0.20932246449289854,0.0008428047110237802,interpolado
0.20942228445689137,0.0008465124714680648,interpolado
0.2095221044208841,0.0007763544521522177,interpolado
0.20962192438487698,0.0006292324605425247,interpolado
0.20972174434886978,0.0004020483041053169,interpolado
0.20982156431286259,9.170379030691773e-05,interpolado
0.20992138427685536,-0.00030489927338634955,interpolado
0.21,-0.00068,original
0.21012102420484097,-0.0013603578335859218,interpolado
0.21022084416883377,-0.001989065241750988,interpolado
0.21032066413282655,-0.002650015309815167,interpolado
0.21042048409681935,-0.00331628999715534,interpolado
0.21052030406081212,-0.003960971263148217,interpolado
0.21062012402480496,-0.0045571410671710446,interpolado
0.21071994398879773,-0.00507788136860052,interpolado
0.21081976395279056,-0.005496274126813529,interpolado
0.2109195839167834,-0.005785401301186952,interpolado
0.211,-0.005906,original
0.21111922384476897,-0.005882868023769836,interpolado
0.21121904380876175,-0.005699056353540714,interpolado
0.21131886377275455,-0.005391753628588754,interpolado
0.21141868373674735,-0.004985740346293577,interpolado
0.21151850370074013,-0.004505797004034939,interpolado
0.21161832366473296,-0.003976704099192189,interpolado
0.21171814362872574,-0.003423242129145069,interpolado
0.21181796359271857,-0.002870191591273197,interpolado
0.21191778355671134,-0.002342332982956333,interpolado
0.212,-0.001944,original
0.21211742348469695,-0.0014528171762946374,interpolado
0.21221724344868975,-0.0011039104607126927,interpolado
0.21231706341268256,-0.000811162120217258,interpolado
0.21241688337667528,-0.0005680362466176401,interpolado
0.2125167033406681,-0.0003679969317229525,interpolado
0.21261652330466088,-0.0002045082673425145,interpolado
0.21271634326865368,-7.103434528557217e-05,interpolado
0.2128161632326465,3.896074263862855e-05,interpolado
0.2129159831966392,0.0001320129046208177,interpolado
0.213,0.000202,original
0.21311562312462484,0.0002906201757969675,interpolado
0.21321544308861767,0.00035667957814029057,interpolado
0.21331526305261045,0.0004085089694416425,interpolado
0.21341508301660325,0.0004417882428373275,interpolado
0.21351490298059606,0.0004521972914636756,interpolado
0.21361472294458886,0.000435416008456985,interpolado
0.2137145429085817,0.000387124286953566,interpolado
0.2138143628725745,0.0003030020200897292,interpolado
0.21391418283656732,0.00017872910100182531,interpolado
0.214,3.65e-05,original
0.21411382276455287,-0.00020266527378507134,interpolado
0.21421364272854573,-0.0004458993582014582,interpolado
0.2143134626925385,-0.0007042636920892979,interpolado
0.21441328265653128,-0.0009623142303707327,interpolado
0.21451310262052412,-0.0012046069279681214,interpolado
0.21461292258451692,-0.0014156977398036036,interpolado
0.2147127425485097,-0.0015801426207993912,interpolado
0.21481256251250247,-0.0016824975258776787,interpolado
0.2149123824764953,-0.0017073184099607379,interpolado
0.215,-0.001653,original
0.2151120224044809,-0.001471572376430957,interpolado
0.21521184236847374,-0.0012229366596699712,interpolado
0.21531166233246643,-0.0009159870536846981,interpolado
0.21541148229645926,-0.0005734449144632176,interpolado
0.21551130226045204,-0.00021803159799385884,interpolado
0.21561112222444484,0.00012753153973512328,interpolado
0.21571094218843767,0.0004405231427354784,interpolado
0.21581076215243045,0.0006982218550188901,interpolado
0.21591058211642322,0.0008779063205972533,interpolado
0.216,0.000954,original
0.2161102220444088,0.0009224847525116948,interpolado
0.2162100420084017,0.0007918144495529485,interpolado
0.21630986197239443,0.0005873103777859916,interpolado
0.21640968193638727,0.00033143011933967173,interpolado
0.21650950190038004,4.6631256343004056e-05,interpolado
0.21660932186437284,-0.0002446286290750453,interpolado
0.2167091418283657,-0.0005198919547855093,interpolado
0.21680896179235848,-0.0007567011386593627,interpolado
0.21690878175635125,-0.0009325985985677753,interpolado
0.217,-0.001021,original
0.21710842168433686,-0.001018418175584296,interpolado
0.21720824164832966,-0.0009169376360623704,interpolado
0.2173080616123224,-0.0007290876384831073,interpolado
0.2174078815763153,-0.0004632673966997265,interpolado
0.21750770154030805,-0.00012787612456559188,interpolado
0.21760752150430082,0.00026868696406597204,interpolado
0.2177073414682936,0.0007180226553415095,interpolado
0.21780716143228643,0.0012117317354079483,interpolado
0.2179069813962792,0.0017414149904118454,interpolado
0.218,0.00226,original
0.2181066213242649,0.002873863653310338,interpolado
0.21820644128825759,0.003453291381973572,interpolado
0.21830626125225044,0.00402243444013797,interpolado
0.21840608121624325,0.004566771198231487,interpolado
0.21850590118023605,0.005071780026682231,interpolado
0.21860572114422885,0.00552293929591832,interpolado
0.21870554110822166,0.005905727376367768,interpolado
0.2188053610722144,0.006205622638458907,interpolado
0.21890518103620726,0.0064081034526197326,interpolado
0.219,0.006497,original
0.21910482096419284,0.006469400658736638,interpolado
0.21920464092818565,0.0063354406481178115,interpolado
0.21930446089217845,0.006116784508646283,interpolado
0.21940428085617125,0.005833447867685892,interpolado
0.21950410082016406,0.005505446352600451,interpolado
0.21960392078415683,0.005152795590753775,interpolado
0.21970374074814966,0.004795511209509779,interpolado
0.2198035607121424,0.00445360883623207,interpolado
0.2199033806761352,0.004147104098284567,interpolado
0.22,0.003903,original
0.22010302060412076,0.00371392235436015,interpolado
0.22020284056811365,0.0035910698105524343,interpolado
0.2203026605321064,0.0035123883181283413,interpolado
0.22040248049609926,0.003462811396357494,interpolado
0.22050230046009206,0.003427272564509511,interpolado
0.2206021204240848,0.0033907053418540264,interpolado
0.22070194038807767,0.0033380432476606435,interpolado
0.22080176035207044,0.003254219801198992,interpolado
0.22090158031606327,0.0031241685217386923,interpolado
0.221,0.002936,original
0.22110122024404882,0.002671088154825242,interpolado
0.22120104020804165,0.002352771295591514,interpolado
0.22130086017203446,0.0019971690431209764,interpolado
0.22140068013602723,0.001623578073876277,interpolado
0.22150050010002004,0.0012512950643200618,interpolado
0.2216003200640128,0.0008996166909150708,interpolado
0.22170014002800562,0.0005878396301237503,interpolado
0.22179995999199842,0.00033526055840884796,interpolado
0.22189977995599125,0.00016117615223301088,interpolado
0.222,8.48e-05,original
0.2220994198839768,0.00012002808508521844,interpolado
0.2221992398479696,0.0002573846491650366,interpolado
0.2222990598119624,0.00048193881200814216,interpolado
0.2223988797759552,0.0007786766049561467,interpolado
0.222498699739948,0.001132584059350662,interpolado
0.2225985197039408,0.001528647206533186,interpolado
0.22269833966793356,0.0019518520778455534,interpolado
0.2227981596319264,0.0023871847046292713,interpolado
0.2228979795959192,0.0028196311182259503,interpolado
0.223,0.003243,original
0.22309761952390475,0.0036168739557050577,interpolado
0.2231974394878976,0.00395832079177567,interpolado
0.22329725945189036,0.004250332750943311,interpolado
0.22339707941588313,0.0044847247381543465,interpolado
0.2234968993798759,0.0046533116583551025,interpolado
0.22359671934386877,0.004747908416492041,interpolado
0.22369653930786154,0.004760329917511466,interpolado
0.22379635927185434,0.004682391066359742,interpolado
0.22389617923584715,0.004505906767983234,interpolado
0.224,0.004209,original
0.2240958191638327,0.003829620847318692,interpolado
0.22419563912782553,0.0033463936936099646,interpolado
0.2242954590918183,0.0027991448377526758,interpolado
0.2243952790558112,0.002214009019580804,interpolado
0.2244950990198039,0.0016171209789284957,interpolado
0.22459491898379677,0.0010346154556293934,interpolado
0.22469473894778955,0.0004926271895176423,interpolado
0.22479455891178235,1.7290920427224176e-05,interpolado
0.22489437887577518,-0.000365258611807882,interpolado
0.225,-0.00064,original
0.22509401880376073,-0.0007539803663202987,interpolado
0.22519383876775353,-0.0007519937305531911,interpolado
0.22529365873174637,-0.0006436212024252659,interpolado
0.22539347869573917,-0.00044955875635576407,interpolado
0.2254932986597319,-0.0001905023667640034,interpolado
0.22559311862372475,0.000112851991930923,interpolado
0.22569293858771755,0.0004398083453097121,interpolado
0.22579275855171033,0.0007696707189531243,interpolado
0.2258925785157031,0.0010817431384418366,interpolado
0.226,0.001374,original
0.22609221844368874,0.0015725572990585796,interpolado
0.22619203840768157,0.0017297547164959151,interpolado
0.22629185837167434,0.0018277062696147996,interpolado
0.22639167833566715,0.001867197927505413,interpolado
0.22649149829965998,0.0018490156592579595,interpolado
0.22659131826365272,0.001773945433962602,interpolado
0.22669113822764558,0.0016427732207095244,interpolado
0.22679095819163833,0.0014562849885889077,interpolado
0.22689077815563113,0.0012152667066910097,interpolado
0.227,0.00089,original
0.22709041808361677,0.000574280395268946,interpolado
0.22719023804760957,0.00018682956976484255,interpolado
0.22729005801160235,-0.00022898232356031328,interpolado
0.22738987797559512,-0.0006602877933321073,interpolado
0.22748969793958793,-0.0010942193481764872,interpolado
0.22758951790358076,-0.0015179094967190418,interpolado
0.2276893378675735,-0.0019184907475854759,interpolado
0.22778915783156636,-0.0022830956094014965,interpolado
0.2278889777955591,-0.002598856590792729,interpolado
0.228,-0.002877,original
0.22808861772354472,-0.003035155589306463,interpolado
0.22818843768753755,-0.0031511175090352087,interpolado
0.22828825765153035,-0.003211746130637967,interpolado
0.22838807761552307,-0.0032280012380590676,interpolado
0.22848789757951588,-0.0032108426152428534,interpolado
0.2285877175435087,-0.003171230046133648,interpolado
0.2286875375075015,-0.0031201233146757835,interpolado
0.2287873574714943,-0.0030684822048136088,interpolado
0.2288871774354871,-0.0030272665004914237,interpolado
0.229,-0.003007,original
0.22908681736347272,-0.0030167352543159637,interpolado
0.2291866373274655,-0.0030438261693230186,interpolado
0.22928645729145827,-0.0030703575359191516,interpolado
0.22938627725545108,-0.0030779673580118515,interpolado
0.22948609721944388,-0.003048293639508575,interpolado
0.22958591718343668,-0.002962974384316789,interpolado
0.22968573714742951,-0.0028036475963439623,interpolado
0.22978555711142226,-0.002551951279497645,interpolado
0.22988537707541506,-0.0021895234376851677,interpolado
0.23,-0.001613,original
0.23008501700340067,-0.00106568450847028,interpolado
0.2301848369673935,-0.0003226658526094621,interpolado
0.23028465693138625,0.00048477914907692443,interpolado
0.23038447689537903,0.0013103406002666085,interpolado
0.23048429685937188,0.002107708604636643,interpolado
0.2305841168233647,0.002830573265864302,interpolado
0.2306839367873575,0.003432624687626855,interpolado
0.23078375675135032,0.0038675529736014796,interpolado
0.23088357671534304,0.004089048227465699,interpolado
0.231,0.004016,original
0.2310832166433287,0.0037160373347228212,interpolado
0.23118303660732156,0.0031113232398556575,interpolado
0.2312828565713143,0.0022890363520193173,interpolado
0.23138267653530709,0.0013016305042803042,interpolado
0.2314824964992999,0.00020155952970579336,interpolado
0.23158231646329266,-0.0009587227386372472,interpolado
0.2316821364272855,-0.002126762467681527,interpolado
0.23178195639127827,-0.0032501058243607317,interpolado
0.23188177635527107,-0.004276298975607565,interpolado
0.232,-0.005294,original
0.2320814162832567,-0.005833369977314398,interpolado
0.23218123624724943,-0.006313078418387266,interpolado
0.2322810562112423,-0.006605292062539362,interpolado
0.232380876175235,-0.006723358290444032,interpolado
0.23248069613922784,-0.006680624482774789,interpolado
0.2325805161032206,-0.006490438020205142,interpolado
0.23268033606721336,-0.006166146283408707,interpolado
0.23278015603120622,-0.005721096653058812,interpolado
0.23287997599519897,-0.005168636509829038,interpolado
0.233,-0.004381,original
0.23307961592318466,-0.003796040774142727,interpolado
0.23317943588717743,-0.0030136216190258577,interpolado
0.23327925585117018,-0.0022019788168018695,interpolado
0.23337907581516304,-0.001388254479690064,interpolado
0.23347889577915582,-0.0005995907199095338,interpolado
0.2335787157431486,0.00013687035032062926,interpolado
0.23367853570714142,0.0007939866187811627,interpolado
0.23377835567113422,0.001344615973253345,interpolado
0.23387817563512708,0.0017616163015178894,interpolado
0.234,0.00205,original
0.23407781556311266,0.0020908911089282996,interpolado
0.23417763552710544,0.0019956848536807513,interpolado
0.2342774554910982,0.0017648788917744374,interpolado
0.23437727545509104,0.0014312323344634632,interpolado
0.23447709541908385,0.0010275042930019292,interpolado
0.2345769153830766,0.0005864538786440606,interpolado
0.23467673534706934,0.00014084020264370375,interpolado
0.2347765553110622,-0.00027657762374491983,interpolado
0.23487637527505498,-0.0006330404892677104,interpolado
0.235,-0.000941,original
0.23507601520304058,-0.0010360848261275534,interpolado
0.23517583516703336,-0.0010588629750565184,interpolado
0.23527565513102616,-0.0009858572975113846,interpolado
0.235375475095019,-0.0008389248166233222,interpolado
0.2354752950590118,-0.0006399225555235055,interpolado
0.23557511502300457,-0.00041070753734317235,interpolado
0.2356749349869974,-0.00017313678521336314,interpolado
0.2357747549509902,5.093267773468893e-05,interpolado
0.235874574914983,0.00023964382836981168,interpolado
0.236,0.000393,original
0.23607421484296856,0.000426204723322205,interpolado
0.23617403480696142,0.00040912205718771403,interpolado
0.23627385477095422,0.000336491905821099,interpolado
0.23637367473494703,0.00022502301722123266,interpolado
0.23647349469893983,9.142413938698816e-05,interpolado
0.2365733146629326,-4.759597968272388e-05,interpolado
0.2366731346269254,-0.00017532859198911188,interpolado
0.2367729545909182,-0.0002750649495332641,interpolado
0.236872774554911,-0.00033009630431630755,interpolado
0.237,-0.000309,original
0.23707241448289654,-0.0002417368270432164,interpolado
0.23717223444688937,-9.388460512439842e-05,interpolado
0.23727205441088212,9.696276634398095e-05,interpolado
0.23737187437487497,0.00030778827722105945,interpolado
0.23747169433886778,0.0005155749173659226,interpolado
0.23757151430286058,0.0006973056766378306,interpolado
0.23767133426685336,0.0008299635448958636,interpolado
0.23777115423084616,0.0008905315119991608,interpolado
0.23787097419483894,0.0008559925678068623,interpolado
0.238,0.000633,original
0.23807061412282451,0.00041352299824394154,interpolado
0.23817043408681737,7.764507053564442e-06,interpolado
0.23827025405081015,-0.00046950123521936996,interpolado
0.23837007401480295,-0.0009735468928384191,interpolado
0.23846989397879576,-0.0014596451300670158,interpolado
0.23856971394278853,-0.0018830686111689988,interpolado
0.2386695339067813,-0.0021990900004077883,interpolado
0.23876935387077416,-0.002362981962046944,interpolado
0.23886917383476694,-0.002330017160350025,interpolado
0.239,-0.001914,original
0.23906881376275255,-0.0014999150966170445,interpolado
0.23916863372674535,-0.0006808123382529376,interpolado
0.23926845369073813,0.00034985854952930307,interpolado
0.23936827365473093,0.001539630607738977,interpolado
0.23946809361872373,0.002836036877385012,interpolado
0.23956791358271656,0.004186610399477441,interpolado
0.23966773354670937,0.005538884215025212,interpolado
0.23976755351070214,0.0068403913650376255,interpolado
0.23986737347469492,0.00803866489052398,interpolado
0.24,0.009381,original
0.24006701340268055,0.009918824356506208,interpolado
0.24016683336667333,0.010538498633625028,interpolado
0.24026665333066613,0.010950501556591481,interpolado
0.24036647329465888,0.011165447249222858,interpolado
0.2404662932586517,0.011193949835336614,interpolado
0.2405661132226445,0.011046623438749995,interpolado
0.24066593318663732,0.010734082183280333,interpolado
0.24076575315063006,0.010266940192744958,interpolado
0.2408655731146229,0.009655811590961396,interpolado
0.241,0.008624,original
0.24106521304260844,0.008044989504674593,interpolado
0.2411650330066013,0.00707985713334232,interpolado
0.24126485297059408,0.006046580869237433,interpolado
0.24136467293458683,0.0049759684426987855,interpolado
0.24146449289857963,0.0038988275840643413,interpolado
0.24156431286257246,0.002845966023672947,interpolado
0.24166413282656526,0.0018481914918631593,interpolado
0.24176395279055807,0.0009363117189735372,interpolado
0.24186377275455082,0.00014113443534284061,interpolado
0.242,-0.0007,original
0.24206341268253645,-0.000978094287481558,interpolado
0.24216323264652928,-0.0012738436859567105,interpolado
0.24226305261052206,-0.0014143349780767352,interpolado
0.24236287257451483,-0.001420541042356828,interpolado
0.24246269253850763,-0.0013134347573121648,interpolado
0.24256251250250047,-0.001113989001457906,interpolado
0.24266233246649324,-0.0008431766533092311,interpolado
0.24276215243048604,-0.0005219705913814133,interpolado
0.24286197239447888,-0.000171343694189449,interpolado
0.243,0.000323,original
0.2430616123224644,0.0005350827760432819,interpolado
0.24316143228645726,0.0008617534387747078,interpolado
0.24326125225045006,0.0011670342990947236,interpolado
0.24336107221444292,0.001450407692015305,interpolado
0.2434608921784357,0.0017113559525481687,interpolado
0.2435607121424285,0.0019493614157051206,interpolado
0.24366053210642136,0.0021639064164979665,interpolado
0.24376035207041413,0.0023544732899384623,interpolado
0.24386017203440696,0.0025205443710385185,interpolado
0.244,0.002711,original
0.2440598119623926,0.002777021969213482,interpolado
0.24415963192638537,0.0028645810705939284,interpolado
0.24425945189037815,0.0029208225387185377,interpolado
0.24435927185437095,0.0029422577320323347,interpolado
0.2444590918183637,0.0029253980089802957,interpolado
0.2445589117823565,0.0028667547280074182,interpolado
0.2446587317463493,0.0027628392475586966,interpolado
0.24475855171034205,0.002610162926079176,interpolado
0.2448583716743349,0.0024052371220137695,interpolado
0.245,0.002018,original
0.24505801160232052,0.0018254879576772875,interpolado
0.2451578315663133,0.0014582974797292083,interpolado
0.24525765153030607,0.0010638323903852383,interpolado
0.24535747149429887,0.0006632248202923274,interpolado
0.24545729145829165,0.0002776069000977556,interpolado
0.2455571114222845,-7.188923955130309e-05,interpolado
0.24565693138627728,-0.0003641314680076038,interpolado
0.24575675135027006,-0.0005779876546241392,interpolado
0.24585657131426286,-0.0006923256687536459,interpolado
0.246,-0.00064,original
0.2460562112422485,-0.0005395318919036853,interpolado
0.2461560312062413,-0.0002614128154391338,interpolado
0.24625585117023407,0.00011602521960765384,interpolado
0.2463556711342269,0.0005597103175885683,interpolado
0.24645549109821968,0.0010365705828555593,interpolado
0.24655531106221248,0.0015135341197605762,interpolado
0.24665513102620526,0.0019575290326554534,interpolado
0.2467549509901981,0.0023354834258923975,interpolado
0.24685477095419087,0.0026143254038232247,interpolado
0.247,0.002775,original
0.24705441088217647,0.0027441523176455233,interpolado
0.24715423084616928,0.0025657190441448333,interpolado
0.24725405081016205,0.0022570739594744674,interpolado
0.24735387077415483,0.0018506353173736907,interpolado
0.24745369073814766,0.001378821371581737,interpolado
0.24755351070214046,0.0008740503758378426,interpolado
0.2476533306661332,0.00036874058388137906,interpolado
0.24775315063012604,-0.00010468975054870542,interpolado
0.24785297059411882,-0.000513822373713035,interpolado
0.248,-0.000931,original
0.24805261052210442,-0.0010109806878514963,interpolado
0.24815243048609725,-0.0010667423714612783,interpolado
0.24825225045009003,-0.0010198520494574485,interpolado
0.24835207041408286,-0.0008976920476071833,interpolado
0.24845189037807566,-0.00072764469167769,interpolado
0.24855171034206844,-0.0005370923074362291,interpolado
0.24865153030606116,-0.00035341722064989665,interpolado
0.248751350270054,-0.00020400175708595164,interpolado
0.24885117023404685,-0.00011622824251160044,interpolado
0.249,-0.000159,original
0.24905081016203237,-0.00023417144319982905,interpolado
0.2491506301260252,-0.0004714420770871028,interpolado
0.24925045009001792,-0.0008136413330744401,interpolado
0.2493502700540108,-0.0012442536984838767,interpolado
0.2494500900180036,-0.001746763660637447,interpolado
0.2495499099819964,-0.002304655706857024,interpolado
0.24964972994598925,-0.002901414324465127,interpolado
0.249749549909982,-0.0035205240007831324,interpolado
0.24984936987397474,-0.004145469223133412,interpolado
0.2499491898379676,-0.004759734478838349,interpolado
0.25,-0.005063,original
0.2501488297659532,-0.005886105130898366,interpolado
0.250248649729946,-0.006354372020329294,interpolado
0.25034846969393876,-0.006727598752861439,interpolado
0.2504482896579316,-0.0069819240622923376,interpolado
0.25054810962192436,-0.007093486682419126,interpolado
0.2506479295859172,-0.007038425347039336,interpolado
0.25074774954991,-0.00679287878995045,interpolado
0.2508475695139027,-0.006332985744949916,interpolado
0.2509473894778956,-0.005634884945834715,interpolado
0.251,-0.005163,original
0.2511470294058812,-0.003481201121155165,interpolado
0.251246849369874,-0.0021215829800425075,interpolado
0.25134666933386673,-0.0006724731087447728,interpolado
0.25144648929785957,0.000791256871355565,interpolado
0.2515463092618524,0.0021947353388735635,interpolado
0.2516461292258452,0.0034630906724274165,interpolado
0.25174594918983795,0.004521451250632401,interpolado
0.2518457691538308,0.005294945452105989,interpolado
0.2519455891178236,0.005708701655465012,interpolado
0.252,0.005756,original
0.2521452290458092,0.005239689648533066,interpolado
0.252245049009802,0.0044375957085916505,interpolado
0.25234486897379477,0.0033693056692440894,interpolado
0.2524446889377876,0.002120046818279066,interpolado
0.2525445089017804,0.0007750464434874274,interpolado
0.2526443288657732,-0.0005804681673427989,interpolado
0.252744148829766,-0.0018612697264206507,interpolado
0.25284396879375876,-0.0029821309459574685,interpolado
0.25294378875775153,-0.0038578245381642373,interpolado
0.253,-0.004211,original
0.25314342868573714,-0.004602813459371326,interpolado
0.25324324864972997,-0.004503154992269076,interpolado
0.25334306861372274,-0.004162493488170194,interpolado
0.2534428885777156,-0.0036372067555055575,interpolado
0.25354270854170835,-0.0029836726027069604,interpolado
0.2536425285057011,-0.002258268838205339,interpolado
0.25374234846969396,-0.001517373270431476,interpolado
0.25384216843368673,-0.0008173637078174037,interpolado
0.25394198839767956,-0.00021461795879359986,interpolado
0.254,6.87e-05,original
0.2541416283256651,0.0005126029919771422,interpolado
0.2542414482896579,0.0006396528843000485,interpolado
0.2543412682536507,0.0006422548282821725,interpolado
0.2544410882176435,0.000546023743237463,interpolado
0.2545409081816364,0.00037657454847995564,interpolado
0.25464072814562905,0.00015952216332353798,interpolado
0.25474054810962193,-7.951849291800755e-05,interpolado
0.2548403680736147,-0.000314932500930488,interpolado
0.25494018803760754,-0.0005211049414002167,interpolado
0.255,-0.00062,original
0.2551398279655931,-0.000760453828371809,interpolado
0.255239647929586,-0.0007945551227190053,interpolado
0.25533946789357875,-0.0007870319264422279,interpolado
0.25543928785757153,-0.0007497887695874265,interpolado
0.2555391078215643,-0.0006947301822005917,interpolado
0.25563892778555714,-0.000633760694327653,interpolado
0.2557387477495499,-0.0005787848360145274,interpolado
0.25583856771354274,-0.000541707137307225,interpolado
0.2559383876775355,-0.0005344321282516622,interpolado
0.256,-0.00055,original
0.25613802760552107,-0.0006410351518391946,interpolado
0.2562378475695139,-0.000729248846763295,interpolado
0.25633766753350673,-0.0008090512048691326,interpolado
0.25643748749749956,-0.000856324686244596,interpolado
0.25653730746149234,-0.0008469517509774496,interpolado
0.2566371274254851,-0.00075681485915556,interpolado
0.25673694738947794,-0.0005617964708666136,interpolado
0.25683676735347066,-0.00023777904619864411,interpolado
0.2569365873174635,0.00023935495476090857,interpolado
0.257,0.000633,original
0.25713622724544904,0.001715841923107853,interpolado
0.25723604720944193,0.002655825996966154,interpolado
0.2573358671734347,0.003657835085819016,interpolado
0.2574356871374275,0.004666670374705515,interpolado
0.25753550710142026,0.005627133048662541,interpolado
0.25763532706541303,0.006484024292728684,interpolado
0.25773514702940586,0.007182145291942313,interpolado
0.25783496699339864,0.007666297231340659,interpolado
0.25793478695739147,0.00788128129596222,interpolado
0.258,0.00785,original
0.258134426885377,0.0073370481598630305,interpolado
0.25823424684936985,0.006645485138927627,interpolado
0.2583340668133627,0.005775833268246777,interpolado
0.25843388677735546,0.004805793193280536,interpolado
0.2585337067413483,0.0038130655594887227,interpolado
0.25863352670534107,0.002875351012332851,interpolado
0.25873334666933395,0.002070350197272336,interpolado
0.2588331666333267,0.001475763759768478,interpolado
0.2589329865973195,0.0011692923452811558,interpolado
0.259,0.001164,original
0.25913262652530505,0.0016652835639478665,interpolado
0.25923244648929794,0.0023991030241606592,interpolado
0.25933226645329066,0.003337414478488448,interpolado
0.25943208641728344,0.004388539588088517,interpolado
0.25953190638127627,0.00546080001411841,interpolado
0.259631726345269,0.006462517417733842,interpolado
0.2597315463092619,0.007302013460092782,interpolado
0.2598313662732546,0.007887609802351201,interpolado
0.2599311862372474,0.00812762810566658,interpolado
0.26,0.008044,original
0.260130826165233,0.007277340008250856,interpolado
0.2602306461292258,0.006258120283438537,interpolado
0.26033046609321864,0.004976908211232222,interpolado
0.26043028605721136,0.003536907694257088,interpolado
0.2605301060212042,0.0020413226351379773,interpolado
0.26062992598519696,0.0005933569365022539,interpolado
0.2607297459491898,-0.0007037854990259011,interpolado
0.2608295659131826,-0.0017469007688193426,interpolado
0.2609293858771754,-0.0024327849702531794,interpolado
0.261,-0.002646,original
0.261129025805161,-0.002391505390080281,interpolado
0.26122884576915384,-0.0017137312020459056,interpolado
0.26132866573314667,-0.0007210736941392852,interpolado
0.2614284856971395,0.0004911338718111036,interpolado
0.2615283056611323,0.0018275582339772741,interpolado
0.26162812562512505,0.003192866130528951,interpolado
0.2617279455891179,0.004491724299638783,interpolado
0.26182776555311066,0.005628799479476541,interpolado
0.2619275855171034,0.00650875840821422,interpolado
0.262,0.006932,original
0.26212722544508904,0.007170372902770431,interpolado
0.2622270454090819,0.006961665185846965,interpolado
0.2623268653730747,0.006472937535041092,interpolado
0.2624266853370675,0.005766439290199605,interpolado
0.26252650530106025,0.004904419791168814,interpolado
0.26262632526505303,0.00394912837779652,interpolado
0.26272614522904586,0.002962814389928556,interpolado
0.26282596519303864,0.0020077271674128613,interpolado
0.2629257851570314,0.001146116050095713,interpolado
0.263,0.000603,original
0.2631254250850171,-7.539224308929782e-05,interpolado
0.2632252450490099,-0.00041586771812977813,interpolado
0.2633250650130026,-0.0006029959753362136,interpolado
0.26342488497699534,-0.0006583411714244087,interpolado
0.2635247049409882,-0.0006034674631098758,interpolado
0.263624524904981,-0.00045993900710825406,interpolado
0.26372434486897384,-0.00024931996013497946,interpolado
0.2638241648329666,6.825521094135252e-06,interpolado
0.26392398479695933,0.0002869332798636214,interpolado
0.264,0.000503,original
0.26412362472494494,0.0008379415271733499,interpolado
0.26422344468893777,0.0010858715470541992,interpolado
0.26432326465293055,0.0013080080000468317,interpolado
0.2644230846169234,0.0014990928086067428,interpolado
0.26452290458091615,0.0016538678951898802,interpolado
0.2646227245449089,0.0017670751822518142,interpolado
0.26472254450890176,0.0018334565922483845,interpolado
0.2648223644728946,0.0018477540476353265,interpolado
0.2649221844368873,0.001804709470868366,interpolado
0.265,0.001728,original
0.26512182436487297,0.001533905891509509,interpolado
0.2652216443288658,0.0013291933083795318,interpolado
0.26532146429285863,0.0011072587850034573,interpolado
0.26542128425685135,0.0008903849014549561,interpolado
0.2655211042208442,0.0007008542378072272,interpolado
0.265620924184837,0.000560949374133905,interpolado
0.2657207441488297,0.0004929528905082874,interpolado
0.2658205641128226,0.0005191473670038329,interpolado
0.2659203840768154,0.0006618153836939357,interpolado
0.266,0.000874,original
0.266120024004801,0.0013673151294846836,interpolado
0.2662198439687938,0.001898492419602399,interpolado
0.26631966393278655,0.0024955040239644085,interpolado
0.26641948389677933,0.0031171702809911447,interpolado
0.2665193038607722,0.0037223115291043687,interpolado
0.26661912382476494,0.004269748106724502,interpolado
0.2667189437887577,0.004718300352273014,interpolado
0.26681876375275054,0.00502678860417114,interpolado
0.2669185837167433,0.005154033200839637,interpolado
0.267,0.005095,original
0.267118223644729,0.004726369780571702,interpolado
0.2672180436087217,0.004201485378771705,interpolado
0.2673178635727146,0.0035380930402857703,interpolado
0.2674176835367073,0.002789985331118196,interpolado
0.2675175035007002,0.0020109548172717513,interpolado
0.26761732346469297,0.0012547940647508631,interpolado
0.26771714342868574,0.0005752956395586376,interpolado
0.2678169633926786,2.6252107698353103e-05,interpolado
0.2679167833566714,-0.0003385439648258201,interpolado
0.268,-0.000463,original
0.26811642328465696,-0.00032933943110052165,interpolado
0.26821624324864973,2.3909316700375042e-05,interpolado
0.2683160632126425,0.0005380473059501707,interpolado
0.26841588317663534,0.0011567600605900522,interpolado
0.26851570314062817,0.001823733104562418,interpolado
0.26861552310462095,0.002482651961808283,interpolado
0.2687153430686137,0.0030772021562697894,interpolado
0.26881516303260655,0.00355106921188894,interpolado
0.2689149829965994,0.003847938652606962,interpolado
0.269,0.003919,original
0.2691146229245849,0.003711165336987333,interpolado
0.26921444288857765,0.0032819571492939507,interpolado
0.26931426285257054,0.0026696060513065312,interpolado
0.2694140828165633,0.0019197912160451513,interpolado
0.2695139027805562,0.0010781918165284079,interpolado
0.269613722744549,0.00019048702577662962,interpolado
0.26971354270854175,-0.0006976439831912535,interpolado
0.26981336267253453,-0.0015405220373563141,interpolado
0.26991318263652736,-0.0022924679636982213,interpolado
0.27,-0.002837,original
0.27011282256451297,-0.0033555951594200027,interpolado
0.27021264252850574,-0.003644664613677641,interpolado
0.2703124624924986,-0.0037906403202333733,interpolado
0.27041228245649135,-0.0038091290712858397,interpolado
0.270512102420484,-0.0037157376590339504,interpolado
0.27061192238447684,-0.0035260728756763716,interpolado
0.2707117423484696,-0.003255741513412112,interpolado
0.27081156231246245,-0.002920350364439682,interpolado
0.2709113822764553,-0.0025355062209582555,interpolado
0.271,-0.002165,original
0.27111102220444083,-0.0016795430552344242,interpolado
0.27121084216843366,-0.0012379740148812709,interpolado
0.27131066213242644,-0.000806219133508444,interpolado
0.27141048209641927,-0.0003983891429381623,interpolado
0.271510302060412,-2.8594774991916078e-05,interpolado
0.2716101220244048,0.0002890532385087209,interpolado
0.27170994198839765,0.0005404441657416554,interpolado
0.2718097619523905,0.0007114672748854164,interpolado
0.27190958191638326,0.0007880118341180734,interpolado
0.272,0.000764,original
0.27210922184436886,0.0006087429058285584,interpolado
0.2722090418083617,0.00036239223626936536,interpolado
0.27230886177235447,3.725394863098184e-05,interpolado
0.2724086817363473,-0.0003463379083334658,interpolado
0.2725085017003401,-0.0007680492858713824,interpolado
0.27260832166433285,-0.0012075461352302566,interpolado
0.27270814162832563,-0.0016444944076568356,interpolado
0.27280796159231846,-0.002058560054398823,interpolado
0.2729077815563113,-0.0024294090267029953,interpolado
0.273,-0.002716,original
0.2731074214842969,-0.002965379479122453,interpolado
0.2732072414482896,-0.003117075842246436,interpolado
0.2733070614122825,-0.003196781083232689,interpolado
0.2734068813762753,-0.0032094780567145805,interpolado
0.27350670134026805,-0.0031601496173256248,interpolado
0.2736065213042609,-0.0030537786196992043,interpolado
0.27370634126825366,-0.0028953479184688916,interpolado
0.2738061612322465,-0.0026898403682679697,interpolado
0.27390598119623927,-0.0024422388237301243,interpolado
0.274,-0.002175,original
0.2741056211242249,-0.0018421421161214462,interpolado
0.27420544108821765,-0.0015074202075300697,interpolado
0.2743052610522105,-0.0011657224595936241,interpolado
0.2744050810162033,-0.0008294106767927881,interpolado
0.27450490098019603,-0.0005108466636076663,interpolado
0.2746047209441888,-0.00022239222451840264,interpolado
0.2747045409081816,2.359083599438275e-05,interpolado
0.2748043608721744,0.00021474071345065502,interpolado
0.27490418083616724,0.00033869560336990273,interpolado
0.275,0.000383,original
0.2751038207641528,0.0003413053782613701,interpolado
0.2752036407281456,0.0002270297362695145,interpolado
0.27530346069213846,5.8473529286231055e-05,interpolado
0.2754032806561312,-0.0001461568167236785,interpolado
0.27550310062012395,-0.00036865487579568895,interpolado
0.27560292058411684,-0.0005908142219653149,interpolado
0.2757027405481096,-0.0007944284292676948,interpolado
0.27580256051210245,-0.0009612910717383486,interpolado
0.2759023804760952,-0.001073195723412714,interpolado
0.276,-0.001112,original
0.27610202040408083,-0.0010636608199944123,interpolado
0.27620184036807366,-0.0009308260453061482,interpolado
0.2763016603320664,-0.0007197033311003221,interpolado
0.2764014802960592,-0.00043656433051370155,interpolado
0.27650130026005204,-8.768069668354896e-05,interpolado
0.27660112022404487,0.00032067591725357114,interpolado
0.27670094018803765,0.0007822338581602591,interpolado
0.2768007601520304,0.0012907214728997808,interpolado
0.27690058011602325,0.0018398671083355068,interpolado
0.277,0.002421,original
0.27710022004400886,0.003031987583882513,interpolado
0.2772000400080016,0.0036442158590572517,interpolado
0.27729985997199436,0.004235681692365795,interpolado
0.27739967993598724,0.004781982839514353,interpolado
0.27749949989998,0.005258717056208228,interpolado
0.27759931986397285,0.005641482098153845,interpolado
0.27769913982796557,0.005905875721056692,interpolado
0.27779895979195834,0.006027495680622934,interpolado
0.2778987797559512,0.005981939732558414,interpolado
0.278,0.00574,original
0.2780984196839368,0.005304324145321178,interpolado
0.27819823964792956,0.004701430306377843,interpolado
0.27829805961192233,0.003990801420354761,interpolado
0.27839787957591516,0.003227114828250963,interpolado
0.27849769953990794,0.0024650478710667783,interpolado
0.2785975195039008,0.0017592778898008828,interpolado
0.27869733946789355,0.0011644822254535414,interpolado
0.2787971594318864,0.0007353382190237994,interpolado
0.27889697939587926,0.0005265232115110687,interpolado
0.279,0.0006,original
0.2790966193238648,0.000969471991901017,interpolado
0.2791964392878576,0.0016081589736559193,interpolado
0.2792962592518504,0.0024369670534755434,interpolado
0.2793960792158432,0.0033840871007099625,interpolado
0.2794958991798359,0.004377709984707615,interpolado
0.27959571914382875,0.005346026574819048,interpolado
0.27969553910782163,0.006217227740392677,interpolado
0.27979535907181435,0.006919504350778575,interpolado
0.2798951790358072,0.00738104727532645,interpolado
0.28,0.007528,original
0.28009481896379285,0.0073157868444794875,interpolado
0.2801946389277856,0.006785617076069616,interpolado
0.28029445889177834,0.006015371692992043,interpolado
0.28039427885577123,0.0050808874045674135,interpolado
0.28049409881976406,0.004058000920117992,interpolado
0.2805939187837569,0.003022548948963932,interpolado
0.28069373874774967,0.0020503682004276076,interpolado
0.2807935587117424,0.0012172953838296358,interpolado
0.2808933786757353,0.0005991672084909416,interpolado
0.281,0.000262,original
0.2810930186037209,0.0002917193171307072,interpolado
0.2811928385677137,0.0006202125850988612,interpolado
0.2812926585317065,0.0011895045170270684,interpolado
0.2813924784956993,0.0019317918694595755,interpolado
0.28149229845969204,0.0027792713989392218,interpolado
0.28159211842368476,0.0036641398620100743,interpolado
0.2816919383876776,0.004518594015216281,interpolado
0.2817917583516704,0.005274830615100558,interpolado
0.2818915783156632,0.005865046418207357,interpolado
0.282,0.006239,original
0.28209121824364874,0.0062908325098851815,interpolado
0.2821910382076416,0.00609592305217569,interpolado
0.28229085817163435,0.005683920880849373,interpolado
0.2823906781356271,0.0051020493361521885,interpolado
0.28249049809961985,0.004397531758331163,interpolado
0.2825903180636126,0.0036175914876323766,interpolado
0.2826901380276055,0.0028094518643017423,interpolado
0.28278995799159823,0.002020336228586532,interpolado
0.2828897779555911,0.00129746792073229,interpolado
0.283,0.000633,original
0.2830894178835766,0.00023153491625813732,interpolado
0.2831892378475695,-7.565463638137031e-05,interpolado
0.2832890578115623,-0.0002516341709481704,interpolado
0.2833888777755551,-0.0003145518109554856,interpolado
0.2834886977395479,-0.00028255567991625896,interpolado
0.28358851770354077,-0.00017379390134356055,interpolado
0.2836883376675336,-6.414598750288523e-06,interpolado
0.28378815763152637,0.0002014341043503577,interpolado
0.2838879775955192,0.0004316040844455823,interpolado
0.284,0.000694,original
0.2840876175235047,0.0008879331751477411,interpolado
0.2841874374874976,0.0010903991521524152,interpolado
0.28428725745149036,0.001269546018273922,interpolado
0.2843870774154831,0.001421579012839461,interpolado
0.28448689737947597,0.001542703375175867,interpolado
0.2845867173434687,0.0016291243446102364,interpolado
0.2846865373074616,0.001677047160469591,interpolado
0.28478635727145435,0.0016826770620808798,interpolado
0.28488617723544707,0.0016422192887711096,interpolado
0.285,0.001535,original
0.2850858171634327,0.0014096689168643943,interpolado
0.28518563712742545,0.0012246654587055497,interpolado
0.2852854570914183,0.0010101307425591974,interpolado
0.2853852770554111,0.0007793346568394793,interpolado
0.2854850970194039,0.0005455470899610218,interpolado
0.28558491698339666,0.000322037930338064,interpolado
0.2856847369473895,0.00012207706638486793,interpolado
0.2857845569113824,-4.106561348397419e-05,interpolado
0.28588437687537516,-0.00015412022085426364,interpolado
0.286,-0.000205,original
0.2860840168033607,-0.00017948877815378593,interpolado
0.2861838367673535,-8.732714233339672e-05,interpolado
0.28628365673134626,5.976147288423966e-05,interpolado
0.2863834766953391,0.00024885317709685383,interpolado
0.28648329665933187,0.0004670240799018116,interpolado
0.28658311662332464,0.0007013502908967902,interpolado
0.28668293658731747,0.0009389079196795022,interpolado
0.2867827565513102,0.0011667730758472602,interpolado
0.2868825765153029,0.0013720218689977786,interpolado
0.287,0.001567,original
0.2870822164432886,0.0016638082293429018,interpolado
0.2871820364072814,0.0017318773433328072,interpolado
0.2872818563712742,0.0017419550769917937,interpolado
0.287381676335267,0.0016900669372842307,interpolado
0.28748149629925984,0.0015722384311743505,interpolado
0.2875813162632526,0.001384495065626599,interpolado
0.28768113622724545,0.0011228623476050798,interpolado
0.28778095619123817,0.0007833657840743976,interpolado
0.287880776155231,0.0003620308819987459,interpolado
0.288,-0.000254,original
0.2880804160832166,-0.0007393593544005392,interpolado
0.28818023604720944,-0.001402433554816841,interpolado
0.28828005601120227,-0.0021074531306255633,interpolado
0.288379875975195,-0.0028274939325629,interpolado
0.2884796959391879,-0.003535631811365077,interpolado
0.2885795159031807,-0.004204942617767141,interpolado
0.2886793358671735,-0.004808502202505643,interpolado
0.28877915583116626,-0.005319386416315742,interpolado
0.2888789757951591,-0.005710671109933639,interpolado
0.289,-0.005986,original
0.28907861572314464,-0.006030811373047466,interpolado
0.2891784356871374,-0.005945229717455513,interpolado
0.2892782556511302,-0.0057216229649334005,interpolado
0.289378075615123,-0.005383006696193427,interpolado
0.2894778955791158,-0.004952396491947636,interpolado
0.28957771554310857,-0.004452807932908824,interpolado
0.2896775355071014,-0.003907256599788767,interpolado
0.2897773554710942,-0.003338758073300385,interpolado
0.28987717543508695,-0.0027703279341556933,interpolado
0.29,-0.002105,original
0.2900768153630725,-0.0017238917758850326,interpolado
0.2901766353270653,-0.0012731906607515435,interpolado
0.29027645529105817,-0.0008716734689677919,interpolado
0.29037627525505094,-0.0005180857397567207,interpolado
0.2904760952190438,-0.00021117301234137872,interpolado
0.2905759151830366,5.031917405468724e-05,interpolado
0.29067573514702943,0.0002676452802085623,interpolado
0.29077555511102215,0.0004420597668967994,interpolado
0.290875375075015,0.0005748170948963245,interpolado
0.291,0.000684,original
0.29107501500300054,0.0007208587837538662,interpolado
0.2911748349669934,0.0007417760589063941,interpolado
0.29127465493098614,0.0007379558338628896,interpolado
0.2913744748949789,0.000717447770632859,interpolado
0.2914742948589718,0.0006883015312257709,interpolado
0.2915741148229645,0.0006585667776511472,interpolado
0.29167393478695736,0.0006362931719184504,interpolado
0.29177375475095013,0.0006295303760371951,interpolado
0.2918735747149429,0.0006463280520168516,interpolado
0.292,0.000714,original
0.29207321464292846,0.0007812392754470343,interpolado
0.2921730346069213,0.0008979317145567986,interpolado
0.2922728545709142,0.0010291530874820324,interpolado
0.2923726745349069,0.0011591682436824832,interpolado
0.2924724944988997,0.0012722420326178973,interpolado
0.29257231446289256,0.0013526393037478334,interpolado
0.29267213442688533,0.0013846249065320503,interpolado
0.29277195439087816,0.0013524636904302004,interpolado
0.292871774354871,0.001240420504902003,interpolado
0.293,0.000954,original
0.2930714142828566,0.0007164878955001079,interpolado
0.2931712342468493,0.00030542313613813384,interpolado
0.2932710542108422,-0.00017144213193012498,interpolado
0.29337087417483493,-0.000684943515578667,interpolado
0.29347069413882776,-0.0012059166216825661,interpolado
0.29357051410282053,-0.0017051970571157703,interpolado
0.29367033406681337,-0.002153620428753109,interpolado
0.2937701540308062,-0.0025220223434692995,interpolado
0.29386997399479897,-0.002781238408138458,interpolado
0.294,-0.002907,original
0.2940696139227845,-0.0028590542130794067,interpolado
0.2941694338867773,-0.002664015937146001,interpolado
0.29426925385077013,-0.0023511918890897197,interpolado
0.29436907381476296,-0.0019550785583858804,interpolado
0.29446889377875574,-0.0015101724345090353,interpolado
0.29456871374274857,-0.0010509700069346471,interpolado
0.2946685337067414,-0.0006119677651374321,interpolado
0.2947683536707342,-0.00022766219859215021,interpolado
0.29486817363472695,6.745020322580265e-05,interpolado
0.295,0.000262,original
0.29506781356271256,0.0002558835416629485,interpolado
0.29516763352670533,0.00012967120299391046,interpolado
0.29526745349069816,-0.00010243789473452305,interpolado
0.2953672734546909,-0.00040272079061486613,interpolado
0.29546709341868377,-0.0007334545237401941,interpolado
0.29556691338267654,-0.00105691613320291,interpolado
0.2956667333466692,-0.0013353826580959822,interpolado
0.2957665533106621,-0.0015311311375122766,interpolado
0.29586637327465487,-0.0016064386105443464,interpolado
0.296,-0.001453,original
0.2960660132026405,-0.0012481197325062026,interpolado
0.29616583316663325,-0.0007845009235452704,interpolado
0.2962656531306261,-0.0001626268178137401,interpolado
0.29636547309461886,0.0005871607698794437,interpolado
0.29646529305861175,0.001434520024726834,interpolado
0.2965651130226046,0.002349109131919238,interpolado
0.29666493298659724,0.0033005862766488582,interpolado
0.29676475295059007,0.004258609644107984,interpolado
0.2968645729145829,0.0051928374194872935,interpolado
0.297,0.006368,original
0.2970642128425685,0.006870032932330045,interpolado
0.2971640328065613,0.007574233460173035,interpolado
0.29726385277055406,0.008188606272923869,interpolado
0.2973636727345469,0.00871648301061956,interpolado
0.2974634926985397,0.009161195313298391,interpolado
0.2975633126625325,0.00952607482099756,interpolado
0.2976631326265253,0.009814453173755035,interpolado
0.29776295259051805,0.010029662011608601,interpolado
0.2978627725545109,0.010175032974595724,interpolado
0.298,0.010267,original
0.2980624124824965,0.010269426155076034,interpolado
0.2981622324464892,0.010222595410011139,interpolado
0.2982620524104821,0.010112803219405032,interpolado
0.2983618723744748,0.00993941252381097,interpolado
0.29846169233846753,0.009701786263782047,interpolado
0.2985615123024605,0.009399287379871224,interpolado
0.29866133226645325,0.00903127881263196,interpolado
0.29876115223044614,0.008597123502616995,interpolado
0.29886097219443886,0.008096184390379946,interpolado
0.299,0.007286,original
0.2990606121224245,0.00689209737674669,interpolado
0.29916043208641724,0.006199104624599573,interpolado
0.29926025205041007,0.0054665366111531,interpolado
0.2993600720144028,0.004712270781420942,interpolado
0.2994598919783957,0.003954184580415551,interpolado
0.29955971194238845,0.0032101554531493684,interpolado
0.2996595319063812,0.002498060844636083,interpolado
0.29975935187037406,0.0018357781998877734,interpolado
0.29985917183436683,0.0012411849639180335,interpolado
0.3,0.000552,original
0.3000588117623524,0.00032526243404441303,interpolado
0.30015863172634527,1.6529552248896685e-05,interpolado
0.3002584516903381,-0.00021426740887275732,interpolado
0.3003582716543308,-0.0003878012827559341,interpolado
0.30045809161832365,-0.0005247449028364128,interpolado
0.3005579115823165,-0.0006457711025498916,interpolado
0.3006577315463093,-0.0007715527153318772,interpolado
0.3007575515103021,-0.0009227625746181655,interpolado
0.3008573714742948,-0.0011200735138442298,interpolado
0.301,-0.001523,original
0.30105701140228047,-0.001734153605658247,interpolado
0.30115683136627325,-0.0021633590691316927,interpolado
0.3012566513302661,-0.002643620108099017,interpolado
0.30135647129425885,-0.0031461316449542475,interpolado
0.30145629125825163,-0.003642088602092214,interpolado
0.3015561112222444,-0.00410268590190773,interpolado
0.30165593118623724,-0.004499118466794841,interpolado
0.30175575115023,-0.004802581219148531,interpolado
0.3018555711142228,-0.004984269081363022,interpolado
0.302,-0.004973,original
0.3020552110422084,-0.004868878763826795,interpolado
0.30215503100620117,-0.004550018279979359,interpolado
0.30225485097019394,-0.004092131403451508,interpolado
0.3023546709341868,-0.0035294923277769236,interpolado
0.30245449089817955,-0.0028963752464885384,interpolado
0.3025543108621723,-0.0022270543531191338,interpolado
0.30265413082616516,-0.0015558038412026229,interpolado
0.30275395079015793,-0.0009168979042714568,interpolado
0.30285377075415076,-0.0003446107358595149,interpolado
0.303,0.000302,original
0.30305341068213637,0.0004644744688025222,interpolado
0.3031532306461292,0.000664364523958382,interpolado
0.30325305061012203,0.0007485573083571968,interpolado
0.3033528705741147,0.0007401169021932825,interpolado
0.3034526905381076,0.0006621073856611137,interpolado
0.30355251050210047,0.0005375928389550098,interpolado
0.30365233046609313,0.00038963734226951776,interpolado
0.303752150430086,0.00024130497579889833,interpolado
0.3038519703940788,0.00011565981973772513,interpolado
0.304,2.04e-05,original
0.3040516103220644,2.3773676175916946e-05,interpolado
0.3041514302860572,8.240650260309869e-05,interpolado
0.30425125025005,0.00019580560305714793,interpolado
0.30435107021404284,0.0003473673545319243,interpolado
0.3044508901780356,0.0005204881340210194,interpolado
0.30455071014202845,0.0006985643185183723,interpolado
0.3046505301060213,0.0008649922850175457,interpolado
0.304750350070014,0.0010031684105124058,interpolado
0.30485017003400683,0.0010964890719967564,interpolado
0.30494998999799966,0.001128350646464254,interpolado
0.305,0.001116,original
0.30514962992598527,0.0009598539012475516,interpolado
0.30524944988997793,0.0007751944330752869,interpolado
0.3053492698539709,0.0005453354671457349,interpolado
0.3054490898179636,0.0002867562726429771,interpolado
0.3055489097819565,1.5936118750564152e-05,interpolado
0.3056487297459492,-0.00025064572534737615,interpolado
0.30574854970994203,-0.000496509990467174,interpolado
0.30584836967393486,-0.000705177407425113,interpolado
0.3059481896379276,-0.000860168707037135,interpolado
0.306,-0.000914,original
0.30614782956591324,-0.0009601481184253228,interpolado
0.306247649529906,-0.0009179457211822044,interpolado
0.3063474694938988,-0.0008337945989458205,interpolado
0.3064472894578916,-0.0007225115972940317,interpolado
0.3065471094218844,-0.0005989135618044926,interpolado
0.3066469293858771,-0.00047781733805510784,interpolado
0.30674674934986995,-0.00037403977162357054,interpolado
0.3068465693138627,-0.00030239770808761294,interpolado
0.30694638927785556,-0.00027770799302508174,interpolado
0.307,-0.000289,original
0.30714602920584116,-0.00041844499098392016,interpolado
0.30724584916983394,-0.000585764690015125,interpolado
0.30734566913382677,-0.0008120670526603848,interpolado
0.30744548909781955,-0.0010929896759064167,interpolado
0.3075453090618124,-0.0014241701567404988,interpolado
0.3076451290258052,-0.001801246092149233,interpolado
0.3077449489897978,-0.00221985507911976,interpolado
0.30784476895379076,-0.0026756347146393157,interpolado
0.30794458891778353,-0.0031642225956943605,interpolado
0.308,-0.003448,original
0.3081442288457691,-0.0042141173582704375,interpolado
0.30824404880976186,-0.004743212610491238,interpolado
0.3083438687737547,-0.0052475167698154395,interpolado
0.30844368873774747,-0.0057062455369475944,interpolado
0.30854350870174035,-0.006098614612593307,interpolado
0.3086433286657331,-0.006403839697457256,interpolado
0.30874314862972585,-0.0066011364922447975,interpolado
0.3088429685937187,-0.006669720697661056,interpolado
0.30894278855771146,-0.006588808014411064,interpolado
0.309,-0.006467,original
0.30914242848569706,-0.005918252793221622,interpolado
0.3092422484496899,-0.005353910935330619,interpolado
0.30934206841368267,-0.004671711818956821,interpolado
0.3094418883776755,-0.00389816564262138,interpolado
0.30954170834166833,-0.003059782604844326,interpolado
0.30964152830566116,-0.002183072904145548,interpolado
0.3097413482696539,-0.0012945467390464106,interpolado
0.3098411682336467,-0.0004207143080663398,interpolado
0.3099409881976395,0.000411914190273302,interpolado
0.31,0.000874,original
0.3101406281256252,0.001861086901234229,interpolado
0.3102404480896179,0.002465296490595209,interpolado
0.31034026805361076,0.002992393393383964,interpolado
0.3104400880176035,0.003444982126582302,interpolado
0.31053990798159625,0.0038256672071729256,interpolado
0.31063972794558903,0.004137053152138378,interpolado
0.3107395479095818,0.0043817444784607085,interpolado
0.3108393678735747,0.0045623457031225825,interpolado
0.3109391878375674,0.004681461343106187,interpolado
0.311,0.004725,original
0.31113882776555307,0.004743147177694611,interpolado
0.31123864772954585,0.0046832061973655584,interpolado
0.3113384676935387,0.004558830914007076,interpolado
0.3114382876575315,0.004367034875319131,interpolado
0.31153810762152423,0.004104831629001502,interpolado
0.31163792758551706,0.003769234722753812,interpolado
0.3117377475495099,0.003357257704276262,interpolado
0.31183756751350267,0.0028659141212682175,interpolado
0.3119373874774955,0.0022922175214300554,interpolado
0.312,0.001889,original
0.31213702740548105,0.000899192763688722,interpolado
0.3122368473694739,0.0001162043757855357,interpolado
0.31233666733346666,-0.0006874839981327337,interpolado
0.31243648729745943,-0.0014838403803246571,interpolado
0.3125363072614522,-0.002244832793050154,interpolado
0.31263612722544504,-0.002942429258569067,interpolado
0.3127359471894378,-0.003548597799140081,interpolado
0.3128357671534307,-0.004035306437023315,interpolado
0.3129355871174234,-0.00437452319447769,interpolado
0.313,-0.004502,original
0.313135227045409,-0.004521447136814899,interpolado
0.31323504700940186,-0.0043481776883388746,interpolado
0.31333486697339463,-0.004046523214012946,interpolado
0.3134346869373874,-0.0036441846280160233,interpolado
0.3135345069013803,-0.003168862844526529,interpolado
0.31363432686537307,-0.0026482587777227245,interpolado
0.31373414682936585,-0.0021100733417837602,interpolado
0.3138339667933587,-0.0015820074508876287,interpolado
0.31393378675735145,-0.001091762019213489,interpolado
0.314,-0.000801,original
0.31413342668533706,-0.00032239691948804773,interpolado
0.3142332466493299,-5.476533126722139e-05,interpolado
0.31433306661332266,0.00014137592768980302,interpolado
0.31443288657731544,0.0002713360285810458,interpolado
0.3145327065413082,0.00034042414260487125,interpolado
0.31463252650530105,0.0003539494409595079,interpolado
0.31473234646929377,0.0003172210948431791,interpolado
0.3148321664332866,0.00023554827545408638,interpolado
0.3149319863972794,0.00011424015399055841,interpolado
0.315,1.16e-05,original
0.31513162632526504,-0.00022226481988500333,interpolado
0.31523144628925787,-0.000413851532213264,interpolado
0.31533126625325064,-0.0006008988290588566,interpolado
0.3154310862172434,-0.0007682046452311252,interpolado
0.31553090618123625,-0.0009005669155391368,interpolado
0.31563072614522897,-0.0009827835747922794,interpolado
0.31573054610922185,-0.0009996525577997146,interpolado
0.31583036607321463,-0.0009359717993707623,interpolado
0.31593018603720746,-0.0007765392343145647,interpolado
0.316,-0.0006,original
0.3161298259651931,-0.00012265184186447013,interpolado
0.3162296459291859,0.0003561100320844526,interpolado
0.3163294658931787,0.0009096071711489942,interpolado
0.31642928585717145,0.0015174749363957177,interpolado
0.3165291058211642,0.002159348688890151,interpolado
0.3166289257851571,0.002814863789699195,interpolado
0.31672874574914983,0.0034636555998883265,interpolado
0.3168285657131426,0.004085359480524119,interpolado
0.31692838567713544,0.004659610792673089,interpolado
0.317,0.005031,original
0.31712802560512104,0.005594404174730303,interpolado
0.31722784556911376,0.005950973992865127,interpolado
0.31732766553310654,0.006244241053135955,interpolado
0.31742748549709937,0.006482583978077758,interpolado
0.31752730546109215,0.00667438139022513,interpolado
0.31762712542508503,0.006828011912113152,interpolado
0.31772694538907775,0.006951854166276506,interpolado
0.31782676535307053,0.0070542867752501435,interpolado
0.31792658531706336,0.007143688361568966,interpolado
0.318,0.007206,original
0.31812622524504897,0.007316153700173577,interpolado
0.3182260452090418,0.007413132716838774,interpolado
0.3183258651730345,0.007525493311362684,interpolado
0.3184256851370274,0.007659361147941037,interpolado
0.3185255051010202,0.00782086189076934,interpolado
0.3186253250650129,0.008016121204043427,interpolado
0.3187251450290058,0.008251264751958745,interpolado
0.31882496499299856,0.008532418198711035,interpolado
0.3189247849569914,0.008865707208496151,interpolado
0.319,0.009155,original
0.31912442488497705,0.009700420577400755,interpolado
0.31922424484896983,0.010164866493428546,interpolado
0.3193240648129626,0.010617048206907785,interpolado
0.31942388477695544,0.011023517511597662,interpolado
0.3195237047409482,0.011350826201256674,interpolado
0.3196235247049411,0.011565526069644127,interpolado
0.3197233446689338,0.011634168910518734,interpolado
0.3198231646329266,0.011523306517639623,interpolado
0.3199229845969194,0.011199490684765525,interpolado
0.32,0.010783,original
0.3201226245249051,0.009805691544541566,interpolado
0.3202224444888978,0.008773944866716937,interpolado
0.3203222644528905,0.0075864753705376835,interpolado
0.32042208441688336,0.006295554903588938,interpolado
0.32052190438087613,0.004953455313458011,interpolado
0.320621724344869,0.003612448447729343,interpolado
0.32072154430886174,0.0023248061539903084,interpolado
0.32082136427285446,0.0011428002798260161,interpolado
0.32092118423684735,0.00011870267282181529,interpolado
0.321,-0.000544,original
0.32112082416483284,-0.001270843447220114,interpolado
0.3212206441288257,-0.0016305748029696318,interpolado
0.3213204640928185,-0.0018040152855121766,interpolado
0.32142028405681144,-0.0018206443504029818,interpolado
0.3215201040208041,-0.001709941453197042,interpolado
0.3216199239847969,-0.0015013860494494107,interpolado
0.32171974394878977,-0.0012244575947149216,interpolado
0.32181956391278255,-0.0009086355445488988,interpolado
0.32191938387677543,-0.0005833993545060283,interpolado
0.322,-0.000334,original
0.322119023804761,-1.3562517436716692e-05,interpolado
0.32221884376875376,0.00021018998074847896,interpolado
0.3223186637327466,0.0003955811689611865,interpolado
0.32241848369673937,0.0005451252331576975,interpolado
0.32251830366073214,0.0006613363592939309,interpolado
0.32261812362472486,0.0007467287333260622,interpolado
0.3227179435887177,0.000803816541210199,interpolado
0.3228177635527104,0.0008351139689023623,interpolado
0.3229175835167033,0.0008431352023586732,interpolado
0.323,0.000834,original
0.3231172234446888,0.0007991048725998376,interpolado
0.3232170434086817,0.0007507732952134842,interpolado
0.3233168633726745,0.0006867979202079758,interpolado
0.32341668333666734,0.0006085779572659413,interpolado
0.3235165033006601,0.0005175126160701658,interpolado
0.32361632326465284,0.00041500110630330786,interpolado
0.3237161432286457,0.00030244263764800085,interpolado
0.32381596319263856,0.00018123641978706832,interpolado
0.32391578315663144,5.2781662403075406e-05,interpolado
0.324,-6.02e-05,original
0.32411542308461694,-0.00021813155653831084,interpolado
0.3242152430486098,-0.00034817095378193914,interpolado
0.3243150630126025,-0.0004619114179267097,interpolado
0.3244148829765953,-0.0005496290494093755,interpolado
0.3245147029405881,-0.0006015999486664728,interpolado
0.32461452290458087,-0.0006081002161346966,interpolado
0.32471434286857376,-0.0005594059522506409,interpolado
0.3248141628325665,-0.00044579325745099335,interpolado
0.32491398279655936,-0.00025753823217225416,interpolado
0.325,-2.8e-05,original
0.32511362272454486,0.00037279619361886617,interpolado
0.3252134426885377,0.0007926706266574976,interpolado
0.3253132626525305,0.001247807084143839,interpolado
0.32541308261652324,0.0017113224588582656,interpolado
0.3255129025805161,0.0021563336435801543,interpolado
0.3256127225445089,0.0025559575310896655,interpolado
0.32571254250850173,0.0028833110141668595,interpolado
0.32581236247249445,0.0031115109855912636,interpolado
0.32591218243648734,0.003213674338143001,interpolado
0.326,0.003178,original
0.3261118223644728,0.0029462920630091375,interpolado
0.3262116423284658,0.0025895796549968773,interpolado
0.32631146229245855,0.00212538125843579,interpolado
0.3264112822564514,0.0015862801617034451,interpolado
0.32651110222044416,0.0010048596531784973,interpolado
0.3266109221844369,0.0004137030212387074,interpolado
0.32671074214842977,-0.00015460644573818551,interpolado
0.3268105621124225,-0.0006674854593734922,interpolado
0.3269103820764153,-0.0010923507312894964,interpolado
0.327,-0.001372,original
0.32711002200440087,-0.0015604883294169434,interpolado
0.3272098419683937,-0.0016017096321499804,interpolado
0.3273096619323865,-0.0015449820494392267,interpolado
0.32740948189637925,-0.001414994558763777,interpolado
0.32750930186037197,-0.001236436137602561,interpolado
0.32760912182436486,-0.0010339957634348284,interpolado
0.3277089417883576,-0.000832362413739423,interpolado
0.32780876175235046,-0.0006562250659956194,interpolado
0.32790858171634324,-0.0005302726976823418,interpolado
0.328,-0.00048,original
0.3281082216443288,-0.0005188879389632811,interpolado
0.3282080416083216,-0.000637964143714857,interpolado
0.3283078615723144,-0.0008197179993641936,interpolado
0.32840768153630717,-0.001047448718019233,interpolado
0.3285075015003,-0.0013044555117880188,interpolado
0.3286073214642928,-0.001574037592778155,interpolado
0.3287071414282856,-0.0018394941730978177,interpolado
0.32880696139227844,-0.0020841244648546007,interpolado
0.32890678135627116,-0.0022912276801565503,interpolado
0.329,-0.002436,original
0.32910642128425677,-0.00252982901922504,interpolado
0.32920624124824965,-0.0025478744964208245,interpolado
0.32930606121224243,-0.0025002519185326317,interpolado
0.32940588117623515,-0.002388972839372279,interpolado
0.32950570114022804,-0.002216048812751442,interpolado
0.3296055211042208,-0.001983491392482103,interpolado
0.3297053410682137,-0.0016933121323757928,interpolado
0.3298051610322064,-0.001347522586244624,interpolado
0.32990498099619925,-0.0009481343079002401,interpolado
0.33,-0.00052,original
0.3301046209241848,-1.702478878170244e-08,interpolado
0.33020444088817763,0.0005260679682933711,interpolado
0.3303042608521704,0.0010613175229922233,interpolado
0.33040408081616324,0.0015859533636575422,interpolado
0.330503900780156,0.002080197214639071,interpolado
0.3306037207441488,0.0025242708002857347,interpolado
0.3307035407081417,0.0028983958449474833,interpolado
0.33080336067213445,0.0031827940729733752,interpolado
0.3309031806361272,0.0033576872087131195,interpolado
0.331,0.003404,original
0.33110282056411283,0.0033080109644502255,interpolado
0.33120264052810566,0.0030900620977951806,interpolado
0.33130246049209844,0.002774501985816931,interpolado
0.3314022804560912,0.0023863820348321873,interpolado
0.33150210042008404,0.0019507536511574996,interpolado
0.3316019203840768,0.0014926682411101606,interpolado
0.33170174034806965,0.0010371772110064922,interpolado
0.3318015603120625,0.0006093319671638116,interpolado
0.33190138027605526,0.00023418391589866169,interpolado
0.332,-6.02e-05,original
0.3321010202040409,-0.0002648486226053806,interpolado
0.3322008401680338,-0.0003798352607228788,interpolado
0.3323006601320266,-0.00042383946755045703,interpolado
0.33240048009601936,-0.00041252524801730993,interpolado
0.3325003000600122,-0.000361556607052509,interpolado
0.33260012002400496,-0.00028659754958522654,interpolado
0.3326999399879977,-0.00020331208054455207,interpolado
0.3327997599519906,-0.00012736420485955712,interpolado
0.33289957991598335,-7.441792745944124e-05,interpolado
0.333,-6.02e-05,original
0.3330992198439689,-9.566250862281474e-05,interpolado
0.33319903980796167,-0.0001737099799495438,interpolado
0.3332988597719545,-0.0002823061194519014,interpolado
0.3333986797359472,-0.00040947737832719,interpolado
0.33349849969994005,-0.0005432502077729657,interpolado
0.3335983196639327,-0.0006716510589865036,interpolado
0.3336981396279256,-0.0007827063831653059,interpolado
0.3337979595919184,-0.0008644426315068368,interpolado
0.33389777955591116,-0.0009048862552084297,interpolado
0.334,-0.000891,original
0.33409741948389676,-0.0008181819698236303,interpolado
0.33419723944788954,-0.0006934216072541798,interpolado
0.3342970594118824,-0.0005327924893837571,interpolado
0.33439687937587514,-0.0003513045503816682,interpolado
0.334496699339868,-0.00016396772441685354,interpolado
0.33459651930386075,1.4208054341350522e-05,interpolado
0.3346963392678536,0.0001682128517239252,interpolado
0.33479615923184647,0.00028303673356179813,interpolado
0.33489597919583924,0.00034366976568571297,interpolado
0.335,0.000333,original
0.33509561912382485,0.0002489248732123294,interpolado
0.3351954390878176,0.00010669226110424761,interpolado
0.33529525905181046,-6.154534162403094e-05,interpolado
0.33539507901580323,-0.00022573689443380066,interpolado
0.335494898979796,-0.000355831356786703,interpolado
0.33559471894378884,-0.00042177768814407403,interpolado
0.3356945389077816,-0.0003935248479674942,interpolado
0.33579435887177445,-0.00024102179571833336,interpolado
0.33589417883576717,6.578250914175882e-05,interpolado
0.336,0.000593,original
0.33609381876375277,0.001250464763162248,interpolado
0.33619363872774555,0.002106703153349773,interpolado
0.33629345869173843,0.0030687415026815035,interpolado
0.3363932786557312,0.004079663886452052,interpolado
0.336493098619724,0.005082554379958183,interpolado
0.3365929185837169,0.0060204970584944685,interpolado
0.33669273854770965,0.006836575997357175,interpolado
0.3367925585117024,0.007473875271842307,interpolado
0.3368923784756953,0.007875478957244842,interpolado
0.337,0.007979,original
0.3370920184036809,0.007758931782523094,interpolado
0.33719183836767364,0.007232837206483449,interpolado
0.33729165833166647,0.0064641180291185206,interpolado
0.33739147829565924,0.005510714017696405,interpolado
0.3374912982596521,0.004430564939483329,interpolado
0.33759111822364474,0.0032816105617477324,interpolado
0.33769093818763757,0.0021217906517562624,interpolado
0.33779075815163034,0.0010090449767755404,interpolado
0.3378905781156232,1.313304074045395e-06,interpolado
0.338,-0.000914,original
0.3380902180436087,-0.0014775723817364486,interpolado
0.33819003800760156,-0.0019079514676931212,interpolado
0.3382898579715943,-0.002159734130144948,interpolado
0.3383896779355871,-0.002258064967375394,interpolado
0.33848949789957994,-0.0022280885776683732,interpolado
0.3385893178635727,-0.0020949495593075183,interpolado
0.33868913782756555,-0.0018837925105767196,interpolado
0.3387889577915583,-0.001619762029759502,interpolado
0.33888877775555115,-0.0013280027151399002,interpolado
0.339,-0.001001,original
0.33908841768353676,-0.0007588315318505084,interpolado
0.3391882376475296,-0.0005084205576739486,interpolado
0.33928805761152236,-0.0002812931966996215,interpolado
0.33938787757551514,-7.630987386518423e-05,interpolado
0.3394876975395079,0.00010766898589208989,interpolado
0.3395875175035007,0.0002717829576348812,interpolado
0.3396873374674935,0.0004171716164256022,interpolado
0.3397871574314863,0.00054497453732701,interpolado
0.33988697739547913,0.0006563312954015579,interpolado
0.34,0.000764,original
0.3400866173234648,0.0008340902611283533,interpolado
0.3401864372874575,0.0009013815963891062,interpolado
0.34028625725145034,0.0009537944790102028,interpolado
0.3403860772154432,0.000990867299031031,interpolado
0.340485897179436,0.0010121384464910706,interpolado
0.3405857171434288,0.0010171463114297661,interpolado
0.3406855371074216,0.001005429283886559,interpolado
0.3407853570714145,0.0009765257539008818,interpolado
0.3408851770354072,0.0009299741115122127,interpolado
0.341,0.000854,original
0.3410848169633928,0.0007824576214099806,interpolado
0.3411846369273856,0.0006837094061697406,interpolado
0.34128445689137843,0.0005722971928332236,interpolado
0.34138427685537115,0.00045145216290300426,interpolado
0.3414840968193638,0.00032440549788147297,interpolado
0.34158391678335676,0.00019438837927100749,interpolado
0.3416837367473495,6.463198857420256e-05,interpolado
0.34178355671134225,-6.163249270663226e-05,interpolado
0.3418833766753351,-0.00018117388306890594,interpolado
0.342,-0.000308,original
0.3420830166033207,-0.00038719407210170996,interpolado
0.3421828365673134,-0.00046748321621188627,interpolado
0.3422826565313063,-0.0005287245854875113,interpolado
0.34238247649529907,-0.0005680145925231791,interpolado
0.3424822964592918,-0.0005824496499135924,interpolado
0.3425821164232846,-0.0005691261702533996,interpolado
0.3426819363872775,-0.0005251405661372768,interpolado
0.34278175635127034,-0.0004475892501598356,interpolado
0.34288157631526306,-0.00033356863491582376,interpolado
0.343,-0.000147,original
0.3430812162432487,1.4007596999098553e-05,interpolado
0.3431810362072415,0.0002398727245390046,interpolado
0.3432808561712343,0.00048377418886682476,interpolado
0.3433806761352271,0.0007320480539202372,interpolado
0.3434804960992199,0.0009710303836373279,interpolado
0.3435803160632127,0.0011870572419561617,interpolado
0.34368013602720554,0.001366464692814448,interpolado
0.34377995599119826,0.001495588800150268,interpolado
0.3438797759551911,0.001560765627901592,interpolado
0.344,0.001535,original
0.3440794158831766,0.001447660348682339,interpolado
0.3441792358471695,0.0012709058364440977,interpolado
0.34427905581116214,0.0010405566685928376,interpolado
0.3443788757751551,0.0007791533462779838,interpolado
0.3444786957391478,0.00050923637064941,interpolado
0.3445785157031407,0.0002533462428564175,interpolado
0.34467833566713346,3.402346404887517e-05,interpolado
0.34477815563112624,-0.00012619146462379083,interpolado
0.34487797559511907,-0.00020475804201202426,interpolado
0.345,-0.000157,original
0.34507761552310473,-3.077385969078657e-05,interpolado
0.34517743548709745,0.0002271702980305558,interpolado
0.3452772554510902,0.0005664092292798511,interpolado
0.34537707541508306,0.0009585620422023525,interpolado
0.3454768953790759,0.0013752478449426387,interpolado
0.3455767153430686,0.0017880857456461648,interpolado
0.34567653530706144,0.002168694852457487,interpolado
0.3457763552710542,0.0024886942735218623,interpolado
0.345876175235047,0.0027197031169844178,interpolado
0.346,0.00284,original
0.3460758151630326,0.002804949177689856,interpolado
0.3461756351270254,0.002641272634440915,interpolado
0.34627545509101815,0.0023648043458969173,interpolado
0.34637527505501103,0.0019981559913457687,interpolado
0.34647509501900375,0.0015639392500760166,interpolado
0.3465749149829966,0.0010847658013753386,interpolado
0.34667473494698936,0.0005832473245324073,interpolado
0.3467745549109822,8.199549883509784e-05,interpolado
0.346874374874975,-0.00039637799642871396,interpolado
0.347,-0.000931,original
0.3470740148029606,-0.0011962025608829644,interpolado
0.34717383476695335,-0.0014960862882347132,interpolado
0.34727365473094607,-0.0017379897125078905,interpolado
0.347373474694939,-0.0019310813932054208,interpolado
0.3474732946589318,-0.0020845298898299227,interpolado
0.3475731146229246,-0.0022075037618844067,interpolado
0.3476729345869174,-0.00230917156887157,interpolado
0.3477727545509101,-0.002398701870294317,interpolado
0.347872574514903,-0.002485263225655526,interpolado
0.348,-0.002606,original
0.34807221444288855,-0.0026858242539303527,interpolado
0.3481720344068813,-0.0028143700482075734,interpolado
0.34827185437087416,-0.0029676337425912375,interpolado
0.34837167433486693,-0.0031495691192240474,interpolado
0.3484714942988597,-0.0033641299602483977,interpolado
0.34857131426285254,-0.0036152700478071236,interpolado
0.3486711342268453,-0.00390694316404254,interpolado
0.34877095419083814,-0.0042431030910973725,interpolado
0.34887077415483103,-0.00462770361111444,interpolado
0.349,-0.005204,original
0.3490704140828166,-0.005555448253146546,interpolado
0.34917023404680936,-0.006075041580914625,interpolado
0.3492700540108021,-0.006583293103801605,interpolado
0.34936987397479496,-0.007039828559672628,interpolado
0.34946969393878774,-0.007404273686392073,interpolado
0.34956951390278057,-0.0076362542218251245,interpolado
0.34966933386677346,-0.007695395903836667,interpolado
0.3497691538307661,-0.0075413244702915196,interpolado
0.34986897379475895,-0.00713366565905438,interpolado
0.35,-0.006146,original
0.3500686137227445,-0.005402100325377528,interpolado
0.3501684336867373,-0.0040743495399202904,interpolado
0.35026825365073017,-0.0025189113941885303,interpolado
0.35036807361472294,-0.0008064699822360649,interpolado
0.3504678935787158,0.0009922906018796922,interpolado
0.3505677135427085,0.0028066862641041874,interpolado
0.35066753350670127,0.0045660329103828935,interpolado
0.3507673534706941,0.006199646446658361,interpolado
0.3508671734346869,0.007636842778876844,interpolado
0.351,0.009123,original
0.3510668133626724,0.009644432401574053,interpolado
0.35116663332666526,0.010143521653170975,interpolado
0.35126645329065803,0.010336639118928289,interpolado
0.3513662732546509,0.01025684346040391,interpolado
0.3514660932186437,0.009937193339155602,interpolado
0.35156591318263647,0.009410747416741047,interpolado
0.35166573314662936,0.008710564354717475,interpolado
0.3517655531106221,0.007869702814643338,interpolado
0.35186537307461496,0.0069212214580754005,interpolado
0.352,0.00553,original
0.35206501300260046,0.004833124021000246,interpolado
0.3521648329665933,0.0037523344704048023,interpolado
0.35226465293058606,0.002677873185760729,interpolado
0.35236447289457884,0.0016317248051663498,interpolado
0.3524642928585717,0.0006358739667223238,interpolado
0.3525641128225644,-0.00028769469147244935,interpolado
0.35266393278655733,-0.001116996531318912,interpolado
0.35276375275055005,-0.001830046914716644,interpolado
0.35286357271454294,-0.002404861203566921,interpolado
0.353,-0.002927,original
0.3530632126425285,-0.003053949899462157,interpolado
0.3531630326065213,-0.003116187657574794,interpolado
0.3532628525705141,-0.003033553250993888,interpolado
0.353362672534507,-0.0028338411074405726,interpolado
0.35346249249849976,-0.0025448456546362675,interpolado
0.3535623124624926,-0.002194361320302081,interpolado
0.3536621324264853,-0.0018101825321589836,interpolado
0.3537619523904782,-0.0014201037179286029,interpolado
0.353861772354471,-0.0010519193053317277,interpolado
0.354,-0.00063,original
0.3540614122824566,-0.0004909286910406565,interpolado
0.35416123224644935,-0.0003298452690957931,interpolado
0.35426105221044213,-0.00024012801931797706,interpolado
0.3543608721744349,-0.00021136880834217423,interpolado
0.3544606921384277,-0.00023315950280348966,interpolado
0.35456051210242046,-0.0002950919693369699,interpolado
0.35466033206641323,-0.0003867580745777493,interpolado
0.354760152030406,-0.0004977496851607998,interpolado
0.35485997199439884,-0.0006176586677213098,interpolado
0.355,-0.000781,original
0.3550596119223844,-0.000842942555143703,interpolado
0.3551594318863772,-0.0009334341654430588,interpolado
0.35525925185037,-0.0010067940892751483,interpolado
0.35535907181436277,-0.0010623709737425165,interpolado
0.35545889177835566,-0.0010995134659476712,interpolado
0.3555587117423485,-0.001117570212993061,interpolado
0.35565853170634126,-0.0011158898619811968,interpolado
0.35575835167033415,-0.0010938210600145721,interpolado
0.35585817163432687,-0.0010507124541956814,interpolado
0.356,-0.000952,original
0.3560578115623125,-0.0008986985097071068,interpolado
0.3561576315263053,-0.000787176569643494,interpolado
0.3562574514902981,-0.0006485021172375928,interpolado
0.3563572714542908,-0.00047980280828077335,interpolado
0.35645709141828363,-0.00027820629856433935,interpolado
0.3565569113822764,-4.084024387993854e-05,interpolado
0.3566567313462693,0.00023516769998127107,interpolado
0.356756551310262,0.0005526898772275593,interpolado
0.3568563712742547,0.0009145986320676428,interpolado
0.357,0.001519,original
0.35705601120224034,0.0017825569346086154,interpolado
0.35715583116623323,0.0022844213691968515,interpolado
0.35725565113022595,0.0028152122943029354,interpolado
0.3573554710942188,0.003360539175456541,interpolado
0.35745529105821156,0.00390601147818737,interpolado
0.3575551110222043,0.004437238668024216,interpolado
0.3576549309861972,0.004939830210497059,interpolado
0.35775475095019,0.0053993955711347345,interpolado
0.3578545709141827,0.005801544215466938,interpolado
0.358,0.006255,original
0.35805421084216843,0.006376480844936942,interpolado
0.3581540308061612,0.006529944148739121,interpolado
0.358253850770154,0.006594533116016245,interpolado
0.35835367073414676,0.006572774295822231,interpolado
0.3584534906981396,0.006467194237210811,interpolado
0.3585533106621324,0.006280319489235909,interpolado
0.35865313062612525,0.006014676600951133,interpolado
0.358752950590118,0.005672792121410584,interpolado
0.3588527705541108,0.005257192599667951,interpolado
0.359,0.004515,original
0.3590524104820964,0.004215317783065499,interpolado
0.3591522304460892,0.003602268346294686,interpolado
0.35925205041008196,0.0029485677368766617,interpolado
0.35935187037407484,0.002271796221337063,interpolado
0.35945169033806756,0.001589534066201472,interpolado
0.35955151030206045,0.0009193615379966199,interpolado
0.3596513302660533,0.0002788589032477431,interpolado
0.35975115023004595,-0.0003143935715184756,interpolado
0.3598509701940388,-0.0008428156197764403,interpolado
0.36,-0.001473,original
0.3600506101220244,-0.0016354080301390422,interpolado
0.3601504300860172,-0.0018780193643734163,interpolado
0.36025025005001,-0.0020243754606465753,interpolado
0.3603500700140028,-0.0020827062001333484,interpolado
0.36044988997799565,-0.002061241464008367,interpolado
0.36054970994198837,-0.0019682111334463266,interpolado
0.3606495299059812,-0.0018118450896219016,interpolado
0.36074934986997403,-0.0016003732137096272,interpolado
0.36084916983396675,-0.0013420253868844075,interpolado
0.3609489897979596,-0.0010450314903206316,interpolado
0.361,-0.000881,original
0.36114862972594514,-0.00036956331749145175,interpolado
0.36124844968993797,-1.1657425120906784e-05,interpolado
0.36134826965393074,0.00034501596327286973,interpolado
0.36144808961792363,0.0006894310200911789,interpolado
0.3615479095819164,0.0010105619177345525,interpolado
0.3616477295459091,0.0012973828286041071,interpolado
0.361747549509902,0.0015388679251008798,interpolado
0.36184736947389473,0.0017239913796255168,interpolado
0.3619471894378875,0.0018417273645791306,interpolado
0.362,0.001873,original
0.3621468293658732,0.0018431158698988272,interpolado
0.362246649329866,0.001738099131845478,interpolado
0.3623464692938588,0.0015783401818806571,interpolado
0.36244628925785155,0.001375779563418811,interpolado
0.3625461092218443,0.0011423578198747793,interpolado
0.3626459291858371,0.000890015494663069,interpolado
0.3627457491498298,0.0006306931311981454,interpolado
0.36284556911382276,0.0003763312728949106,interpolado
0.3629453890778155,0.00013887046316770566,interpolado
0.363,2.04e-05,original
0.3631450290058011,-0.00024502586935195534,interpolado
0.36324484896979403,-0.0003885020570190994,interpolado
0.3633446689337867,-0.0005030171888352933,interpolado
0.3634444888977797,-0.000591185771243478,interpolado
0.36354430886177236,-0.0006556223106863658,interpolado
0.36364412882576513,-0.0006989413136068235,interpolado
0.363743948789758,-0.00072375728644767,interpolado
0.36384376875375074,-0.0007326847356516886,interpolado
0.36394358871774357,-0.0007283381676617027,interpolado
0.364,-0.000721,original
0.3641432286457291,-0.0006879219167980332,interpolado
0.364243048609722,-0.0006502719521626891,interpolado
0.36434286857371484,-0.0005981396759177853,interpolado
0.36444268853770756,-0.0005293482416063006,interpolado
0.3645425085017003,-0.0004417208027713504,interpolado
0.36464232846569306,-0.0003330805129559401,interpolado
0.3647421484296859,-0.0002012505257030293,interpolado
0.36484196839367866,-4.405399455580268e-05,interpolado
0.3649417883576715,0.00014068592694287737,interpolado
0.365,0.000262,original
0.3651414282856571,0.0005953925770067197,interpolado
0.36524124824964993,0.0008516040948014777,interpolado
0.3653410682136427,0.0011129108036997068,interpolado
0.36544088817763554,0.0013685984747418055,interpolado
0.3655407081416282,0.0016079528789676074,interpolado
0.36564052810562103,0.0018202597874173783,interpolado
0.3657403480696139,0.0019948049711313253,interpolado
0.36584016803360664,0.0021208742011493706,interpolado
0.3659399879975995,0.002187753248511763,interpolado
0.366,0.002195,original
0.366139627925585,0.002111063793526296,interpolado
0.36623944788957785,0.0019764388658159117,interpolado
0.3663392678535706,0.0017922484348207486,interpolado
0.3664390878175635,0.00156965656398685,interpolado
0.36653890778155623,0.001319827316760174,interpolado
0.36663872774554906,0.0010539247565871063,interpolado
0.3667385477095419,0.0007831129469134669,interpolado
0.3668383676735346,0.0005185559511856635,interpolado
0.36693818763752745,0.00027141783284964844,interpolado
0.367,0.000132,original
0.367137827565513,-0.0001328640189442867,interpolado
0.3672376475295059,-0.00028930792591889634,interpolado
0.3673374674934987,-0.0004212191965551422,interpolado
0.3674372874574914,-0.0005332028792960106,interpolado
0.36753710742148415,-0.0006298640225844436,interpolado
0.367636927385477,-0.0007158076748632284,interpolado
0.3677367473494698,-0.0007956388845753573,interpolado
0.36783656731346265,-0.0008739627001636361,interpolado
0.36793638727745537,-0.0009553841700710023,interpolado
0.368,-0.001011,original
0.3681360272054411,-0.001139442520649316,interpolado
0.3682358471694339,-0.0012304179372923387,interpolado
0.3683356671334267,-0.001306511138897089,interpolado
0.3684354870974194,-0.001356921209952902,interpolado
0.3685353070614123,-0.0013708472349490582,interpolado
0.3686351270254051,-0.0013374882983748194,interpolado
0.3687349469893979,-0.001246043484719421,interpolado
0.3688347669533906,-0.0010857118784722412,interpolado
0.3689345869173835,-0.0008456925641225319,interpolado
0.369,-0.00064,original
0.369134226845369,-9.915931056157517e-05,interpolado
0.3692340468093619,0.00037688635143283156,interpolado
0.36933386677335467,0.0008845672933361781,interpolado
0.36943368673734744,0.0013957640981569924,interpolado
0.3695335067013403,0.0018823573489038078,interpolado
0.36963332666533305,0.0023162276285843496,interpolado
0.36973314662932577,0.002669255520207341,interpolado
0.36983296659331855,0.002913321606780654,interpolado
0.3699327865573113,0.003020306471312787,interpolado
0.37,0.003001,original
0.37013242648529704,0.0027333925920847136,interpolado
0.3702322464492898,0.0023607695882613463,interpolado
0.3703320664132827,0.0018751288101650158,interpolado
0.3704318863772754,0.0013070364710809365,interpolado
0.37053170634126825,0.0006870587842941405,interpolado
0.370631526305261,4.576196309071559e-05,interpolado
0.37073134626925386,-0.0005862877792446287,interpolado
0.37083116623324675,-0.0011785242294257928,interpolado
0.3709309861972394,-0.0017003811741677461,interpolado
0.371,-0.002004,original
0.371130626125225,-0.002427851851077676,interpolado
0.37123044608921785,-0.0026322319854283766,interpolado
0.37133026605321073,-0.0027500362865325325,interpolado
0.3714300860172035,-0.0027966431540752397,interpolado
0.37152990598119623,-0.0027874309877414347,interpolado
0.37162972594518895,-0.002737778187216093,interpolado
0.3717295459091819,-0.0026630631521841336,interpolado
0.37182936587317456,-0.0025786642823306016,interpolado
0.37192918583716733,-0.0024999599773404195,interpolado
0.372,-0.002456,original
0.372128825765153,-0.0024125906296715545,interpolado
0.37222864572914566,-0.0024039514227756353,interpolado
0.3723284656931386,-0.0024078043183398574,interpolado
0.3724282856571313,-0.002415640301779375,interpolado
0.3725281056211242,-0.0024189503585093494,interpolado
0.3726279255851169,-0.002409225473944933,interpolado
0.37272774554910976,-0.002377956633501295,interpolado
0.3728275655131026,-0.0023166348225935516,interpolado
0.37292738547709536,-0.00221675102663693,interpolado
0.373,-0.002115,original
0.37312702540508097,-0.0018740032569812273,interpolado
0.3732268453690738,-0.0016390344819490997,interpolado
0.3733266653330666,-0.0013760766532384925,interpolado
0.37342648529705935,-0.0010962502852465716,interpolado
0.3735263052610522,-0.0008106758923699041,interpolado
0.3736261252250449,-0.0005304739890056792,interpolado
0.37372594518903773,-0.00026676508955060437,interpolado
0.37382576515303056,-3.066970840142505e-05,interpolado
0.37392558511702334,0.00016669164004472575,interpolado
0.374,0.000282,original
0.374125225045009,0.0004065377483031925,interpolado
0.37422504500900183,0.00044887402045006995,interpolado
0.37432486497299466,0.00044778440009333374,interpolado
0.3744246849369874,0.00040979753612108995,interpolado
0.37452450490098016,0.0003414420774214055,interpolado
0.374624324864973,0.00024924667288246086,interpolado
0.37472414482896577,0.00013973997139232714,interpolado
0.37482396479295865,1.9450621839037116e-05,interpolado
0.3749237847569513,-0.0001050927268891711,interpolado
0.375,-0.000199,original
0.37512342468493703,-0.00034102832073214164,interpolado
0.37522324464892975,-0.0004401526192116489,interpolado
0.3753230646129227,-0.0005188466111574931,interpolado
0.3754228845769153,-0.0005712211769216436,interpolado
0.3755227045409082,-0.0005913871968562109,interpolado
0.37562252450490097,-0.000573455551313229,interpolado
0.3757223444688937,-0.0005115371206447781,interpolado
0.3758221644328865,-0.00039974278520284103,interpolado
0.37592198439687924,-0.0002321834253395977,interpolado
0.376,-5.86e-05,original
0.37612162432486496,0.0002863215425674002,interpolado
0.37622144428885773,0.0006189171991140697,interpolado
0.3763212642528505,0.0009759009303717606,interpolado
0.3764210842168433,0.0013383996331128127,interpolado
0.3765209041808361,0.0016875402041103503,interpolado
0.37662072414482894,0.0020044495401367224,interpolado
0.3767205441088217,0.0022702545379648725,interpolado
0.37682036407281444,0.0024660820943676297,interpolado
0.3769201840368073,0.0025730591061175153,interpolado
0.377,0.002582,original
0.37711982396479293,0.0024558802416681336,interpolado
0.37721964392878565,0.0022393601988261644,interpolado
0.37731946389277854,0.0019417780381942723,interpolado
0.37741928385677137,0.0015821086884637873,interpolado
0.37751910382076415,0.0011793270783253282,interpolado
0.3776189237847569,0.0007524081364703417,interpolado
0.3777187437487496,0.0003203267915896106,interpolado
0.3778185637127426,-9.794202762609806e-05,interpolado
0.3779183836767353,-0.0004834233924853175,interpolado
0.378,-0.000761,original
0.37811802360472085,-0.0010854506395865902,interpolado
0.37821784356871374,-0.0012868882670789873,interpolado
0.3783176635327065,-0.0014218349778199885,interpolado
0.37841748349669935,-0.0014906509486574946,interpolado
0.37851730346069207,-0.0014936963564396485,interpolado
0.378617123424685,-0.0014313313780144488,interpolado
0.37871694338867773,-0.0013039161902300143,interpolado
0.37881676335267056,-0.001111810969934255,interpolado
0.3789165833166634,-0.0008553758939754349,interpolado
0.379,-0.000592,original
0.379116223244649,-0.00015705424671866173,interpolado
0.3792160432086418,0.0002571428826353511,interpolado
0.37931586317263466,0.0006840654280685068,interpolado
0.3794156831366274,0.0011001757105435443,interpolado
0.3795155031006201,0.0014819360510239228,interpolado
0.37961532306461293,0.0018058087704730269,interpolado
0.3797151430286058,0.0020482561898537087,interpolado
0.3798149629925985,0.002185740630129434,interpolado
0.3799147829565913,0.002194724412263263,interpolado
0.38,0.002083,original
0.380114422884577,0.0017469706649507958,interpolado
0.38021424284856964,0.0013067430660673712,interpolado
0.3803140628125625,0.0007629739855146732,interpolado
0.3804138827765553,0.00014762138983762904,interpolado
0.380513702740548,-0.0005073567544197219,interpolado
0.38061352270454085,-0.001170002480713434,interpolado
0.38071334266853374,-0.0018083578224984424,interpolado
0.3808131626325265,-0.002390464813231107,interpolado
0.3809129825965193,-0.0028843654863664543,interpolado
0.381,-0.003218,original
0.3811126225245049,-0.003490240788649219,interpolado
0.3812124424884977,-0.003587891641746558,interpolado
0.3813122624524905,-0.0035630803145832285,interpolado
0.3814120824164833,-0.0034278172264466744,interpolado
0.381511902380476,-0.00319411279662432,interpolado
0.38161172234446883,-0.002873977444403374,interpolado
0.3817115423084616,-0.002479421589071605,interpolado
0.38181136227245444,-0.002022455649915999,interpolado
0.38191118223644727,-0.0015150900462244754,interpolado
0.382,-0.001031,original
0.3821108221644329,-0.00039814510183395195,interpolado
0.3822106421284256,0.00018282116661559069,interpolado
0.3823104620924186,0.0007574151078645007,interpolado
0.38241028205641137,0.0013094891449997063,interpolado
0.38251010202040414,0.0018228957011091056,interpolado
0.38260992198439703,0.0022814871992805088,interpolado
0.3827097419483898,0.002669116062600974,interpolado
0.3828095619123827,0.0029696347141584863,interpolado
0.38290938187637547,0.0031668955770402787,interpolado
0.383,0.003243,original
0.3831090218043611,0.0031958674994788877,interpolado
0.38320884176835396,0.003039610990589495,interpolado
0.3833086617323467,0.0028004302973270757,interpolado
0.3834084816963395,0.002502768869660395,interpolado
0.3835083016603323,0.0021710701575587315,interpolado
0.38360812162432495,0.0018297776109906848,interpolado
0.38370794158831784,0.001503334679925586,interpolado
0.3838077615523106,0.001216184814332184,interpolado
0.38390758151630344,0.000992771464179316,interpolado
0.384,0.000864,original
0.38410722144428894,0.0008273421615155618,interpolado
0.38420704140828177,0.0008947669079090621,interpolado
0.38430686137227443,0.0010475277145952015,interpolado
0.38440668133626726,0.0012733424728407937,interpolado
0.38450650130026004,0.0015599290739122538,interpolado
0.3846063212642528,0.0018950054090765547,interpolado
0.3847061412282456,0.0022662893695999907,interpolado
0.3848059611922384,0.002661498846749407,interpolado
0.3849057811562312,0.0030683517317916993,interpolado
0.385,0.003452,original
0.38510542108421686,0.003867568239109137,interpolado
0.38520524104820963,0.004233802014902,interpolado
0.3853050610122025,0.0045595026039619724,interpolado
0.38540488097619535,0.0048309054105320605,interpolado
0.38550470094018807,0.005034245838854834,interpolado
0.3856045209041809,0.005155759293173381,interpolado
0.38570434086817373,0.005181681177730436,interpolado
0.38580416083216656,0.005098246896768966,interpolado
0.3859039807961594,0.004891691854531696,interpolado
0.386,0.004564,original
0.38610362072414495,0.004064614041438276,interpolado
0.3862034406881377,0.003474762665048665,interpolado
0.38630326065213044,0.0028209995585351897,interpolado
0.3864030806161233,0.002145626438506073,interpolado
0.3865029005801161,0.0014909450215706806,interpolado
0.3866027205441089,0.0008992570243369333,interpolado
0.38670254050810166,0.00041286416341410395,interpolado
0.3868023604720944,7.406815541043978e-05,interpolado
0.38690218043608726,-7.482928306548511e-05,interpolado
0.387,4.25e-06,original
0.3871018203640727,0.0003499230628275349,interpolado
0.38720164032806553,0.0009138622931011892,interpolado
0.3873014602920583,0.00165013166615997,interpolado
0.3874012802560511,0.0025085717167723912,interpolado
0.38750110022004397,0.0034390229797054907,interpolado
0.3876009201840367,0.004391325989728251,interpolado
0.3877007401480295,0.005315321281607606,interpolado
0.3878005601120224,0.006160849390112096,interpolado
0.3879003800760151,0.006877750850010085,interpolado
0.388,0.007415,original
0.38810002000400073,0.007737715949200157,interpolado
0.3881998399679936,0.007856236559439844,interpolado
0.3882996599319863,0.007796892911367265,interpolado
0.3883994798959792,0.007585149889460023,interpolado
0.388499299859972,0.007246472378196116,interpolado
0.3885991198239649,0.00680632526205296,interpolado
0.3886989397879576,0.006290173425508809,interpolado
0.38879875975195044,0.005723481753041202,interpolado
0.38889857971594327,0.005131715129127563,interpolado
0.389,0.004531,original
0.38909821964392877,0.003971204762612574,interpolado
0.3891980396079216,0.003431008029574034,interpolado
0.38929785957191443,0.002922465707172378,interpolado
0.3893976795359072,0.0024482952478256624,interpolado
0.38949749949990004,0.0020112141039530314,interpolado
0.38959731946389276,0.0016139397279728285,interpolado
0.38969713942788564,0.0012591895723034882,interpolado
0.3897969593918785,0.0009496810893640212,interpolado
0.38989677935587125,0.000688131731572704,interpolado
0.39,0.000471,original
0.3900964192838568,0.00032008140955740183,interpolado
0.39019623924784963,0.00022095234461919498,interpolado
0.39029605921184235,0.00018459449373645174,interpolado
0.39039587917583524,0.0002157306073268226,interpolado
0.39049569913982796,0.00031908343580796026,interpolado
0.3905955191038208,0.0004993757295975481,interpolado
0.3906953390678137,0.0007613302391134403,interpolado
0.39079515903180634,0.0011096697147730328,interpolado
0.3908949789957993,0.0015491169069944042,interpolado
0.391,0.002115,original
0.3910946189237848,0.0027139617218512394,interpolado
0.3911944388877776,0.0034069762517176952,interpolado
0.3912942588517703,0.004124035204280765,interpolado
0.3913940788157632,0.004825734587703663,interpolado
0.391493898779756,0.0054726704101480525,interpolado
0.39159371874374876,0.006025438679776796,interpolado
0.39169353870774154,0.006444635404752544,interpolado
0.3917933586717343,0.006690856593237276,interpolado
0.39189317863572726,0.006724698253393687,interpolado
0.392,0.006481,original
0.39209281856371275,0.006010484139515591,interpolado
0.3921926385277056,0.005272845447235444,interpolado
0.3922924584916983,0.0043503802765756565,interpolado
0.39239227845569113,0.0032996341057204676,interpolado
0.39249209841968385,0.0021771524128562664,interpolado
0.3925919183836767,0.001039480676167691,interpolado
0.39269173834766946,-5.683562616064733e-05,interpolado
0.3927915583116623,-0.0010552510159423133,interpolado
0.39289137827565507,-0.0018992200149931492,interpolado
0.393,-0.002576,original
0.39309101820364073,-0.0029100683039185423,interpolado
0.3931908381676335,-0.0030535795083075816,interpolado
0.3932906581316262,-0.0030045610772885148,interpolado
0.3933904780956191,-0.002804854571841706,interpolado
0.39349029805961194,-0.0024963015529477577,interpolado
0.3935901180236047,-0.002120743581586964,interpolado
0.3936899379875976,-0.0017200222187394667,interpolado
0.3937897579515903,-0.0013359790253860949,interpolado
0.3938895779155832,-0.0010104555625068388,interpolado
0.394,-0.000769,original
0.3940892178435688,-0.0006937932531849597,interpolado
0.3941890378075616,-0.0007221753413419237,interpolado
0.39428885777155437,-0.0008405247428519674,interpolado
0.3943886777355472,-0.001018912212494201,interpolado
0.3944884976995401,-0.0012274085050474287,interpolado
0.39458831766353275,-0.0014360843752907512,interpolado
0.3946881376275256,-0.0016150105780032694,interpolado
0.39478795759151836,-0.0017342578679637867,interpolado
0.3948877775555112,-0.0017638969999514292,interpolado
0.395,-0.001653,original
0.3950874174834968,-0.0014412799152479186,interpolado
0.3951872374474895,-0.0010811786083661024,interpolado
0.39528705741148235,-0.0006231177856959616,interpolado
0.3953868773754751,-9.653940491279125e-05,interpolado
0.39548669733946795,0.0004691145763082643,interpolado
0.3955865173034608,0.0010444022002911,interpolado
0.39568633726745367,0.0015998815093608543,interpolado
0.3957861572314464,0.002106110545841433,interpolado
0.39588597719543916,0.0025336473520576885,interpolado
0.396,0.002888,original
0.3960856171234247,0.0030412997329433145,interpolado
0.39618543708741755,0.003114947570192272,interpolado
0.39628525705141027,0.0031055994001368092,interpolado
0.39638507701540304,0.0030448904633509745,interpolado
0.3964848969793959,0.0029644560004087046,interpolado
0.3965847169433887,0.0028959312518840844,interpolado
0.39668453690738154,0.0028709514583510547,interpolado
0.39678435687137426,0.002921151860383638,interpolado
0.3968841768353671,0.003078167698555786,interpolado
0.397,0.003436,original
0.3970838167633527,0.00383170962935405,interpolado
0.3971836367273454,0.004427825523771137,interpolado
0.39728345669133824,0.005117891876653093,interpolado
0.397383276655331,0.005857766625692746,interpolado
0.3974830966193239,0.006603307708583036,interpolado
0.39758291658331674,0.007310373063015654,interpolado
0.39768273654730946,0.007934820626683858,interpolado
0.3977825565113023,0.008432508337279477,interpolado
0.3978823764752951,0.008759294132495416,interpolado
0.398,0.008865,original
0.3980820164032808,0.008731454722064337,interpolado
0.3981818363672735,0.008358508990198908,interpolado
0.39828165633126633,0.00779302919624432,interpolado
0.3983814762952591,0.007075926209859499,interpolado
0.39848129625925194,0.00624811090070302,interpolado
0.39858111622324466,0.00535049413843489,interpolado
0.3986809361872376,0.004423986792713229,interpolado
0.3987807561512303,0.0035094997331981477,interpolado
0.39888057611522315,0.0026479438295482017,interpolado
0.399,0.001744,original
0.39908021604320876,0.001242533567488129,interpolado
0.3991800360072015,0.0007364351029643952,interpolado
0.3992798559711943,0.00034816550447592105,interpolado
0.39937967593518703,6.388659894284038e-05,interpolado
0.3994794958991799,-0.00013023978671448139,interpolado
0.3995793158631727,-0.0002480518255753848,interpolado
0.39967913582716547,-0.0003033876907195666,interpolado
0.39977895579115824,-0.0003100855552265214,interpolado
0.39987877575515096,-0.00028198359217584544,interpolado
0.4,-0.000221,original
0.4000784156831367,-0.00017605643487146865,interpolado
0.4001782356471294,-0.00011931709949386552,interpolado
0.4002780556111222,-6.818198932542517e-05,interpolado
0.40037787557511495,-2.811736820192779e-05,interpolado
0.40047769553910784,-4.589499959178298e-06,interpolado
0.40057751550310067,-3.0646484330175362e-06,interpolado
0.40067733546709344,-2.9009077459239767e-05,interpolado
0.4007771554310863,-8.788905087369996e-05,interpolado
0.40087697539507905,-0.00018517083251214767,interpolado
0.401,-0.000366,original
0.40107661532306454,-0.0005154809865760258,interpolado
0.4011764352870573,-0.0007459214871182961,interpolado
0.40127625525105026,-0.0010055778038785173,interpolado
0.40137607521504304,-0.0012823487714094678,interpolado
0.40147589517903587,-0.001564133224264513,interpolado
0.4015757151430287,-0.0018388299969964072,interpolado
0.40167553510702136,-0.002094337924158378,interpolado
0.40177535507101425,-0.0023185558403036126,interpolado
0.4018751750350071,-0.0024993825799849282,interpolado
0.402,-0.002646,original
0.4020748149629926,-0.0026837660687531813,interpolado
0.4021746349269854,-0.0026771421295829125,interpolado
0.4022744548909782,-0.0026113380081386173,interpolado
0.402374274854971,-0.0024928953938792636,interpolado
0.4024740948189638,-0.0023283559762636197,interpolado
0.4025739147829567,-0.0021242614447507637,interpolado
0.40267373474694934,-0.0018871534887995073,interpolado
0.4027735547109422,-0.0016235737978685914,interpolado
0.40287337467493495,-0.0013400640614172033,interpolado
0.403,-0.000962,original
0.4030730146029205,-0.0007395355855080439,interpolado
0.4031728345669134,-0.00043688851158320844,interpolado
0.40327265453090616,-0.0001435142867462148,interpolado
0.403372474494899,0.00013229188999539738,interpolado
0.40347229445889177,0.000382234819634714,interpolado
0.4035721144228846,0.0005980193031642441,interpolado
0.40367193438687743,0.0007713501415769238,interpolado
0.4037717543508702,0.0008939321358655951,interpolado
0.4038715743148631,0.0009574700870229091,interpolado
0.404,0.000939,original
0.40407121424284864,0.0008760395641690125,interpolado
0.4041710342068414,0.0007358933998869365,interpolado
0.40427085417083425,0.0005546677858398554,interpolado
0.4043706741348269,0.00035391728829352776,interpolado
0.4044704940988199,0.00015519647351330373,interpolado
0.40457031406281274,-1.994009223503824e-05,interpolado
0.4046701340268054,-0.0001499378426860642,interpolado
0.4047699539907982,-0.0002132422115742389,interpolado
0.404869773954791,-0.0001882986326339354,interpolado
0.405,1.26e-05,original
0.4050694138827766,0.00020956986926536802,interpolado
0.4051692338467694,0.0005883687772912939,interpolado
0.4052690538107622,0.0010514639231008957,interpolado
0.40536887377475495,0.0015672245093912393,interpolado
0.4054686937387478,0.0021040197388604524,interpolado
0.4055685137027405,0.0026302188142055204,interpolado
0.4056683336667333,0.00311419093812433,interpolado
0.40576815363072616,0.003524305313314678,interpolado
0.4058679735947188,0.0038289311424736868,interpolado
0.406,0.004016,original
0.40606761352270454,0.003998316754351068,interpolado
0.40616743348669726,0.003840990061280974,interpolado
0.40626725345069015,0.0035527791182744855,interpolado
0.40636707341468287,0.0031623429908335166,interpolado
0.4064668933786757,0.0026983407444595275,interpolado
0.4065667133426686,0.00218943144465381,interpolado
0.4066665333066613,0.0016642741569185262,interpolado
0.4067663532706541,0.0011515279467547122,interpolado
0.4068661732346469,0.0006798518796645343,interpolado
0.407,0.000162,original
0.4070658131626326,-2.782722315671881e-05,interpolado
0.40716563312662524,-0.0002368141431128072,interpolado
0.4072654530906181,-0.00036560154602949263,interpolado
0.40736527305461084,-0.00043103512139547453,interpolado
0.4074650930186036,-0.00044996055869967936,interpolado
0.40756491298259645,-0.000439223547430931,interpolado
0.40766473294658917,-0.0004156697770780833,interpolado
0.4077645529105821,-0.0003961449371299652,interpolado
0.4078643728745747,-0.00039749471707544023,interpolado
0.408,-0.000463,original
0.40806401280256027,-0.0005284747506006488,interpolado
0.4081638327665532,-0.0006663099860745281,interpolado
0.408263652730546,-0.000827946602175658,interpolado
0.4083634726945388,-0.0009909585635896907,interpolado
0.4084632926585316,-0.0011329198350025535,interpolado
0.4085631126225244,-0.0012314043811001265,interpolado
0.40866293258651726,-0.0012639861665681325,interpolado
0.4087627525505101,-0.0012082391560924225,interpolado
0.4088625725145028,-0.0010417373143588894,interpolado
0.409,-0.00059,original
0.40906221244248847,-0.00028932210553303983,interpolado
0.40916203240648125,0.00030137994232290986,interpolado
0.4092618523704741,0.0009896669812549665,interpolado
0.40936167233446685,0.0017345895938136343,interpolado
0.4094614922984596,0.0024951983625505626,interpolado
0.40956131226245235,0.003230543870017431,interpolado
0.4096611322264452,0.0038996766987646923,interpolado
0.40976095219043807,0.004461647431344331,interpolado
0.4098607721544308,0.004875506650306987,interpolado
0.41,0.005128,original
0.4100604120824164,0.005098032675139781,interpolado
0.41016023204640917,0.0048737732626908704,interpolado
0.41026005201040205,0.004465331296570043,interpolado
0.4103598719743947,0.003911327382100798,interpolado
0.41045969193838755,0.0032503821246059835,interpolado
0.41055951190238044,0.002521116129408215,interpolado
0.4106593318663732,0.0017621500018313477,interpolado
0.4107591518303661,0.0010121043471976146,interpolado
0.4108589717943588,0.0003095997708308938,interpolado
0.411,-0.000527,original
0.4110586117223445,-0.000800144756128501,interpolado
0.4111584316863372,-0.0011628222517019754,interpolado
0.41125825165033014,-0.00141007977934132,interpolado
0.41135807161432286,-0.0015578613325623837,interpolado
0.4114578915783157,-0.001622110904881452,interpolado
0.41155771154230847,-0.0016187724898146236,interpolado
0.41165753150630124,-0.0015637900808780267,interpolado
0.4117573514702941,-0.001473107671587795,interpolado
0.41185717143428685,-0.0013626692554599797,interpolado
0.412,-0.001202,original
0.41205681136227257,-0.0011457563419433148,interpolado
0.4121566313262652,-0.0010608565333762097,interpolado
0.41225645129025806,-0.0009921932675152618,interpolado
0.41235627125425084,-0.0009380043707809305,interpolado
0.41245609121824367,-0.0008965276695937613,interpolado
0.41255591118223645,-0.0008660009903741929,interpolado
0.4126557311462292,-0.0008446621595427444,interpolado
0.4127555511102219,-0.0008307490035198824,interpolado
0.4128553710742148,-0.00082249934872609,interpolado
0.413,-0.000817,original
0.41305501100220043,-0.0008160140488967982,interpolado
0.4131548309661932,-0.0008157194278114854,interpolado
0.413254650930186,-0.0008180541441116122,interpolado
0.41335447089417876,-0.0008238442034253386,interpolado
0.4134542908581716,-0.0008339156113808152,interpolado
0.4135541108221644,-0.0008490943736062093,interpolado
0.4136539307861573,-0.0008702064957296614,interpolado
0.4137537507501499,-0.0008980779833793334,interpolado
0.4138535707141428,-0.0009335348421834037,interpolado
0.414,-0.001001,original
0.4140532106421284,-0.0010302908755439341,interpolado
0.4141530306061212,-0.0010884964154550612,interpolado
0.4142528505701139,-0.001144364175053672,interpolado
0.4143526705341068,-0.0011900922386401322,interpolado
0.41445249049809957,-0.0012178786905147304,interpolado
0.41455231046209245,-0.0012199216149778327,interpolado
0.4146521304260852,-0.0011884190963297762,interpolado
0.4147519503900779,-0.0011155692188709143,interpolado
0.41485177035407084,-0.0009935700669015076,interpolado
0.415,-0.000705,original
0.41505141028205633,-0.0005711840145477494,interpolado
0.41515123024604916,-0.0002614729643834312,interpolado
0.41525105021004205,0.00011078007158990495,interpolado
0.41535087017403477,0.0005416181984920972,interpolado
0.4154506901380276,0.001027084521442249,interpolado
0.4155505101020204,0.001563222145560478,interpolado
0.4156503300660131,0.0021460741759657706,interpolado
0.4157501500300059,0.0027716837177779955,interpolado
0.4158499699939987,0.003436093876117113,interpolado
0.41594978995799153,0.004135347756101969,interpolado
0.416,0.004499,original
0.41614942988597714,0.005608204503793137,interpolado
0.41624924984996986,0.006335986041584451,interpolado
0.4163490698139628,0.007018677585006959,interpolado
0.4164488897779555,0.007626648914853385,interpolado
0.4165487097419484,0.008130269811917874,interpolado
0.41664852970594124,0.008499910056993352,interpolado
0.416748349669934,0.008705939430873636,interpolado
0.4168481696339267,0.008718727714352175,interpolado
0.41694798959791957,0.008508644688222444,interpolado
0.417,0.008301,original
0.4171476295259051,0.007350387507789188,interpolado
0.41724744948989795,0.006475818258705666,interpolado
0.4173472694538908,0.005485351338764048,interpolado
0.4174470894178835,0.004440319959052204,interpolado
0.4175469093818763,0.0034020573306563573,interpolado
0.41764672934586905,0.00243189666466274,interpolado
0.4177465493098619,0.0015911711721592022,interpolado
0.4178463692738547,0.0009412140642316264,interpolado
0.41794618923784743,0.0005433585519675069,interpolado
0.418,0.000455,original
0.4181458291658331,0.0006805622702618533,interpolado
0.41824564912982587,0.001147249926847052,interpolado
0.4183454690938187,0.0017859330744719045,interpolado
0.41844528905781153,0.0025257022242742224,interpolado
0.4185451090218043,0.0032956478873928737,interpolado
0.4186449289857972,0.004024860574966793,interpolado
0.41874474894979,0.004642430798133696,interpolado
0.4188445689137828,0.005077449068032733,interpolado
0.41894438887777563,0.005259005895801946,interpolado
0.419,0.005224,original
0.4191440288057612,0.004647945317946898,interpolado
0.41924384876975385,0.0039127880207968525,interpolado
0.4193436687337468,0.002981341722421625,interpolado
0.4194434886977395,0.0019222083267245401,interpolado
0.41954330866173234,0.0008039897376073965,interpolado
0.4196431286257251,-0.0003047121410281415,interpolado
0.4197429485897177,-0.001335295405278544,interpolado
0.41984276855371067,-0.002219158151242611,interpolado
0.4199425885177034,-0.0028876984750170623,interpolado
0.42,-0.003148,original
0.420142228445689,-0.0033600819554050108,interpolado
0.42024204840968177,-0.0031897940586772078,interpolado
0.4203418683736747,-0.002809809833735895,interpolado
0.4204416883376675,-0.0022670123527807695,interpolado
0.4205415083016603,-0.0016082846880109308,interpolado
0.42064132826565304,-0.0008805099116252205,interpolado
0.4207411482296459,-0.00013057109582372082,interpolado
0.4208409681936387,0.0005946486871950861,interpolado
0.42094078815763153,0.0012482663652311223,interpolado
0.421,0.001583,original
0.4211404280856173,0.0021809895708929067,interpolado
0.4212402480496099,0.0024500159626748,interpolado
0.4213400680136028,0.0026042330612432944,interpolado
0.4214398879775956,0.0026567230110370924,interpolado
0.4215397079415883,0.002620567956495182,interpolado
0.4216395279055811,0.002508850042056351,interpolado
0.42173934786957384,0.0023346514121596012,interpolado
0.4218391678335668,0.0021110542112436244,interpolado
0.4219389877975595,0.0018511405837475447,interpolado
0.422,0.00168,original
0.422138627725545,0.0012721386084067635,interpolado
0.4222384476895378,0.0009713252881249815,interpolado
0.4223382676535306,0.0006728577573834887,interpolado
0.42243808761752344,0.00038409709144718394,interpolado
0.42253790758151627,0.00011240436558046381,interpolado
0.42263772754550916,-0.00013485934495223716,interpolado
0.42273754750950193,-0.00035033296488607763,interpolado
0.42283736747349476,-0.0005266554189567241,interpolado
0.4229371874374875,-0.0006564656318994134,interpolado
0.423,-0.000711,original
0.42313682736547326,-0.0007519610323816758,interpolado
0.423236647329466,-0.000718334667682793,interpolado
0.42333646729345864,-0.0006355710567761735,interpolado
0.4234362872574516,-0.0005076217437489911,interpolado
0.4235361072214443,-0.00033843827268864487,interpolado
0.4236359271854372,-0.00013197218768220843,interpolado
0.42373574714942985,0.00010782496718283129,interpolado
0.42383556711342263,0.0003770016478193232,interpolado
0.4239353870774155,0.000671606310140181,interpolado
0.424,0.000874,original
0.42413502700540107,0.0013185491946057287,interpolado
0.4242348469693938,0.0016540346432748396,interpolado
0.4243346669333867,0.0019834914668859257,interpolado
0.42443448689737945,0.0022963160218917593,interpolado
0.4245343068613722,0.0025819046647445965,interpolado
0.424634126825365,0.0028296537518973483,interpolado
0.4247339467893577,0.00302895963980234,interpolado
0.42483376675335055,0.0031692186849123284,interpolado
0.4249335867173434,0.003239827243679939,interpolado
0.425,0.003243,original
0.425133226645329,0.0031378185868114927,interpolado
0.4252330466093219,0.002971284142497089,interpolado
0.42533286657331465,0.002740646251997362,interpolado
0.4254326865373075,0.0024558444868368265,interpolado
0.42553250650130026,0.002126818418540492,interpolado
0.42563232646529303,0.001763507618632693,interpolado
0.4257321464292858,0.0013758516586385246,interpolado
0.42583196639327864,0.0009737901100824826,interpolado
0.4259317863572715,0.0005672625444890298,interpolado
0.426,0.000292,original
0.4261314262852572,-0.00021955725599678773,interpolado
0.42623124624924985,-0.0005804009242757094,interpolado
0.4263310662132426,-0.0009067129849473951,interpolado
0.4264308861772354,-0.0011888822142950132,interpolado
0.42653070614122807,-0.00141729738860127,interpolado
0.42663052610522106,-0.0015823472841494336,interpolado
0.4267303460692138,-0.0016744206772223397,interpolado
0.42683016603320645,-0.0016839063441031249,interpolado
0.42692998599719933,-0.0016011930610747402,interpolado
0.427,-0.001483,original
0.42712962592518494,-0.00113525770783846,interpolado
0.4272294458891777,-0.0007843443422464585,interpolado
0.42732926585317055,-0.00039431318673356885,interpolado
0.4274290858171633,4.6287597729459975e-06,interpolado
0.4275289057811562,0.0003822744983451513,interpolado
0.42762872574514893,0.0007084170300559481,interpolado
0.42772854570914176,0.0009528493559774823,interpolado
0.42782836567313454,0.0010853644771824712,interpolado
0.4279281856371274,0.001075755394743385,interpolado
0.428,0.000964,original
0.42812782556511303,0.0005390601706920095,interpolado
0.42822764552910575,6.000294529074502e-05,interpolado
0.4283274654930986,-0.0004883229592195012,interpolado
0.4284272854570914,-0.001051196530692508,interpolado
0.42852710542108424,-0.001573896756981097,interpolado
0.42862692538507696,-0.0020017026259392494,interpolado
0.4287267453490698,-0.0022798931254199416,interpolado
0.4288265653130625,-0.002353747243276909,interpolado
0.42892638527705534,-0.002168543967363439,interpolado
0.429,-0.001834,original
0.429126025205041,-0.0008463645430718586,interpolado
0.4292258451690337,0.00023376090840682284,interpolado
0.4293256651330266,0.0014931072004194961,interpolado
0.42942548509701933,0.0028543656017047054,interpolado
0.42952530506101216,0.004240227380998151,interpolado
0.42962512502500494,0.005573383807037811,interpolado
0.4297249449889977,0.006776526148561543,interpolado
0.42982476495299055,0.007772345674305227,interpolado
0.4299245849169833,0.008483533653007112,interpolado
0.43,0.008785,original
0.430124224844969,0.008786534467269168,interpolado
0.4302240448089618,0.00839290643073451,interpolado
0.4303238647729546,0.007711127469180632,interpolado
0.43042368473694753,0.006800096045977849,interpolado
0.43052350470094025,0.005718710624498197,interpolado
0.43062332466493286,0.004525869668112231,interpolado
0.43072314462892586,0.0032804716401902585,interpolado
0.4308229645929185,0.002041415004104683,interpolado
0.43092278455691146,0.0008675982232252038,interpolado
0.431,4.17e-05,original
0.4311224244848969,-0.0010693395521167433,interpolado
0.4312222444488898,-0.0017967748197740658,interpolado
0.43132206441288257,-0.002372673327634673,interpolado
0.4314218843768754,-0.0028051925776732545,interpolado
0.4315217043408681,-0.0031024900718633714,interpolado
0.43162152430486084,-0.003272723312179345,interpolado
0.43172134426885367,-0.003324049800595211,interpolado
0.4318211642328465,-0.0032646270390849553,interpolado
0.43192098419683933,-0.003102612529622561,interpolado
0.432,-0.002907,original
0.43212062412482494,-0.0025070182528595724,interpolado
0.43222044408881777,-0.0021044446289924597,interpolado
0.43232026405281054,-0.0016587913143098734,interpolado
0.4324200840168033,-0.0011903883539531152,interpolado
0.43251990398079615,-0.0007195657930644879,interpolado
0.4326197239447888,-0.00026665367678550963,interpolado
0.4327195439087818,0.0001480179497422641,interpolado
0.4328193638727746,0.0005041190413765903,interpolado
0.43291918383676725,0.0007813195529760671,interpolado
0.433,0.000934,original
0.4331188237647528,0.0010281603376671726,interpolado
0.43321864372874574,0.0010013954026669128,interpolado
0.4333184636927385,0.0008959204197268742,interpolado
0.43341828365673135,0.0007286183772079188,interpolado
0.433518103620724,0.0005163722634711984,interpolado
0.4336179235847168,0.0002760650668775941,interpolado
0.4337177435487097,2.4579775787924853e-05,interpolado
0.4338175635127024,-0.0002212006214365642,interpolado
0.43391738347669534,-0.00044439313643516727,interpolado
0.434,-0.0006,original
0.43411702340468084,-0.0007614516948693617,interpolado
0.4342168433686737,-0.000847591424952501,interpolado
0.4343166633326666,-0.0008918977338650318,interpolado
0.4344164832966593,-0.0008997154199943394,interpolado
0.43451630326065216,-0.0008763892817277482,interpolado
0.4346161232246449,-0.0008272641174526019,interpolado
0.43471594318863777,-0.0007576847255561873,interpolado
0.43481576315263065,-0.0006729959044259143,interpolado
0.43491558311662337,-0.0005785424524490793,interpolado
0.435,-0.000495,original
0.43511522304460903,-0.00037839204344805843,interpolado
0.4352150430086019,-0.00026840283449097415,interpolado
0.43531486297259464,-0.00014205243113214516,interpolado
0.43541468293658747,8.300324329690747e-06,interpolado
0.4355145029005802,0.00019029658959584888,interpolado
0.435614322864573,0.000411577522367335,interpolado
0.4357141428285659,0.0006797842803456077,interpolado
0.43581396279255863,0.001002558021231577,interpolado
0.43591378275655135,0.001387539902726582,interpolado
0.436,0.001776,original
0.43611342268453696,0.0023670722823102715,interpolado
0.4362132426485298,0.0029415049694440274,interpolado
0.4363130626125225,0.0035421309797311687,interpolado
0.43641288257651534,0.004145425293873392,interpolado
0.4365127025405081,0.004727862892572398,interpolado
0.4366125225045009,0.005265918756528917,interpolado
0.4367123424684938,0.005736067866444908,interpolado
0.4368121624324865,0.006114785203021228,interpolado
0.4369119823964793,0.006378545746959544,interpolado
0.437,0.006497,original
0.43711162232446477,0.006476749693954097,interpolado
0.4372114422884577,0.006310450776546836,interpolado
0.43731126225245043,0.00602283570555454,interpolado
0.4374110822164433,0.0056318010486297474,interpolado
0.4375109021804361,0.005155243373424759,interpolado
0.43761072214442887,0.004611059247592702,interpolado
0.43771054210842175,0.004017145238785585,interpolado
0.4378103620724146,0.0033913979146566603,interpolado
0.4379101820364073,0.0027517138428582023,interpolado
0.438,0.002179,original
0.438109821964393,0.0015019050862529763,interpolado
0.4382096419283858,0.0009264998407630514,interpolado
0.4383094618923786,0.0004066942003496738,interpolado
0.4384092818563714,-4.059132555479237e-05,interpolado
0.4385091018203642,-0.00039843622751782105,interpolado
0.4386089217843569,-0.0006499199961063115,interpolado
0.43870874174834973,-0.000778122121887826,interpolado
0.4388085617123426,-0.0007661220954295187,interpolado
0.4389083816763354,-0.0005969994072987999,interpolado
0.439,-0.000289,original
0.4391080216043209,0.0002670046241555467,interpolado
0.4392078415683136,0.0009276347830556103,interpolado
0.4393076615323065,0.0016820440049705359,interpolado
0.4394074814962992,0.0024842251837822616,interpolado
0.43950730146029193,0.0032881712133728353,interpolado
0.43960712142428476,0.00404787498762295,interpolado
0.43970694138827754,0.004717329400415002,interpolado
0.4398067613522703,0.005250527345629835,interpolado
0.43990658131626315,0.005601461717149456,interpolado
0.44,0.005724,original
0.44010622124424886,0.005590757960242511,interpolado
0.4402060412082416,0.005233783784381262,interpolado
0.4403058611722345,0.0046980555067927055,interpolado
0.4404056811362273,0.004028421759538138,interpolado
0.4405055011002201,0.003269731174677543,interpolado
0.44060532106421285,0.0024668323842724654,interpolado
0.44070514102820557,0.001664574020383182,interpolado
0.44080496099219846,0.0009078047150699706,interpolado
0.4409047809561913,0.00024137310039436914,interpolado
0.441,-0.000269,original
0.44110442088417684,-0.0006542643184194462,interpolado
0.4412042408481696,-0.0008660463333235791,interpolado
0.44130406081216245,-0.0009494608211422972,interpolado
0.44140388077615517,-0.0009287492391443402,interpolado
0.441503700740148,-0.0008281530445985349,interpolado
0.44160352070414083,-0.0006719136947738254,interpolado
0.44170334066813366,-0.0004842726469389954,interpolado
0.4418031606321264,-0.0002894713583627618,interpolado
0.44190298059611915,-0.00011175128631417142,interpolado
0.442,2.16e-05,original
0.4421026205241047,0.00010181832640014117,interpolado
0.44220244048809754,0.00012517092107290623,interpolado
0.4423022604520905,0.00010546658817964209,interpolado
0.44240208041608314,5.346789110408609e-05,interpolado
0.44250190038007603,-2.006260677009683e-05,interpolado
0.4426017203440689,-0.00010436234205910974,interpolado
0.44270154030806164,-0.00018866875137927818,interpolado
0.4428013602720545,-0.00026221927134692795,interpolado
0.44290118023604724,-0.0003142513385782622,interpolado
0.443,-0.000334,original
0.44310082016403285,-0.00031388622646366703,interpolado
0.4432006401280257,-0.0002586458452251986,interpolado
0.44330046009201846,-0.00017601527708092693,interpolado
0.44340028005601123,-7.372855003638e-05,interpolado
0.443500100020004,4.048030790311336e-05,interpolado
0.4435999199839968,0.00015887726873199006,interpolado
0.4436997399479896,0.0002737283044448783,interpolado
0.44379955991198244,0.0003772993870363985,interpolado
0.4438993798759753,0.00046185648850099895,interpolado
0.444,0.00052,original
0.4440990198039609,0.0005447002954081123,interpolado
0.4441988397679535,0.0005379311622901295,interpolado
0.4442986597319464,0.000502120508245773,interpolado
0.44439847969593915,0.0004400306609425862,interpolado
0.444498299659932,0.00035442394804800537,interpolado
0.44459811962392476,0.0002480626972296288,interpolado
0.44469793958791753,0.00012370923615491754,interpolado
0.4447977595519104,-1.587410750870756e-05,interpolado
0.44489757951590314,-0.0001679250060935882,interpolado
0.445,-0.000334,original
0.4450972194438888,-0.0004963957650423131,interpolado
0.4451970394078815,-0.0006547390936814489,interpolado
0.44529685937187435,-0.0007890612409876207,interpolado
0.44539667933586713,-0.0008837122921189723,interpolado
0.44549649929986007,-0.0009230423322338906,interpolado
0.44559631926385285,-0.0008914014464906251,interpolado
0.4456961392278456,-0.0007731397200475143,interpolado
0.4457959591918384,-0.0005526072380627055,interpolado
0.4458957791558312,-0.0002141540856947365,interpolado
0.446,0.000282,original
0.44609541908381684,0.0008709351219142222,interpolado
0.44619523904780967,0.0015951665977035605,interpolado
0.4462950590118025,0.0023900342939031016,interpolado
0.4463948789757953,0.0032150076227298817,interpolado
0.446494698939788,0.004029555996402261,interpolado
0.4465945189037809,0.0047931488271385795,interpolado
0.4466943388677736,0.005465255527155912,interpolado
0.44679415883176643,0.006005345508672887,interpolado
0.44689397879575926,0.006372888183906826,interpolado
0.447,0.006529,original
0.4470936187237449,0.006439125531158485,interpolado
0.4471934386877376,0.006131224213724401,interpolado
0.4472932586517304,0.005642509578668825,interpolado
0.4473930786157231,0.005011845364534015,interpolado
0.4474928985797159,0.00427809530986144,interpolado
0.44759271854370875,0.0034801231531923446,interpolado
0.44769253850770147,0.0026567926330693234,interpolado
0.4477923584716943,0.0018469674880332067,interpolado
0.44789217843568707,0.0010895114566266072,interpolado
0.448,0.000375,original
0.44809181836367273,-0.00011900953943675877,interpolado
0.4481916383276655,-0.0005361132545747662,interpolado
0.44829145829165834,-0.0008367308829297089,interpolado
0.44839127825565117,-0.0010295745236686424,interpolado
0.4484910982196439,-0.0011233562759591495,interpolado
0.4485909181836368,-0.0011267882389685944,interpolado
0.44869073814762966,-0.0010485825118643623,interpolado
0.4487905581116224,-0.0008974511938137607,interpolado
0.4488903780756152,-0.0006821063839843471,interpolado
0.449,-0.000382,original
0.4490900180036009,-9.490774003526868e-05,interpolado
0.44918983796759354,0.00025005411114606223,interpolado
0.4492896579315863,0.000604418045093638,interpolado
0.44938947789557904,0.0009489750783833044,interpolado
0.44948929785957187,0.001264516227591504,interpolado
0.4495891178235647,0.0015318325092946148,interpolado
0.44968893778755736,0.0017317149400685786,interpolado
0.4497887577515502,0.0018449545364898406,interpolado
0.44988857771554297,0.0018523423151345123,interpolado
0.45,0.001712,original
0.45008821764352863,0.0014781777179220148,interpolado
0.4501880376075214,0.0011000962275470225,interpolado
0.45028785757151424,0.0006285874484735983,interpolado
0.45038767753550707,9.182640889968622e-05,interpolado
0.4504874974994998,-0.0004820118629775409,interpolado
0.45058731746349273,-0.0010647523389609936,interpolado
0.4506871374274855,-0.0016282199908526022,interpolado
0.4507869573914784,-0.0021442397904555487,interpolado
0.45088677735547117,-0.0025846367095718366,interpolado
0.451,-0.002957,original
0.4510864172834568,-0.0031306384941801563,interpolado
0.4511862372474495,-0.003218150681657537,interpolado
0.4512860572114423,-0.003199749665443874,interpolado
0.4513858771754352,-0.0030914306482793764,interpolado
0.4514856971394278,-0.0029091888329042426,interpolado
0.4515855171034207,-0.00266901942205851,interpolado
0.45168533706741354,-0.0023869176184826346,interpolado
0.4517851570314063,-0.002078878624916678,interpolado
0.4518849769953991,-0.0017608976441006476,interpolado
0.452,-0.001403,original
0.4520846169233847,-0.0011575042128915435,interpolado
0.4521844368873774,-0.0008908276591009081,interpolado
0.4522842568513703,-0.0006493195404878355,interpolado
0.452384076815363,-0.00043334997966429964,interpolado
0.45248389677935585,-0.00024328909924262903,interpolado
0.4525837167433487,-7.950702183470085e-05,interpolado
0.45268353670734146,5.762612994721543e-05,interpolado
0.4527833566713344,0.00016774023349113004,interpolado
0.45288317663532707,0.00025046516618499345,interpolado
0.453,0.000312,original
0.4530828165633128,0.00033283186629227816,interpolado
0.4531826365273055,0.000336661792976727,interpolado
0.4532824564912982,0.000322479957068747,interpolado
0.4533822764552911,0.00029585061871011847,interpolado
0.4534820964192839,0.0002623380380426711,interpolado
0.4535819163832767,0.00022750647520817212,interpolado
0.45368173634726955,0.00019692019034846052,interpolado
0.45378155631126227,0.00017614344360531418,interpolado
0.4538813762752551,0.00017074049512053329,interpolado
0.454,0.000192,original
0.4540810162032408,0.00022708094740093713,interpolado
0.45418083616723354,0.0002887151253794677,interpolado
0.45428065613122626,0.0003629307750610371,interpolado
0.4543804760952191,0.0004414651276116766,interpolado
0.45448029605921186,0.0005160554141972831,interpolado
0.4545801160232047,0.0005784388659839175,interpolado
0.45467993598719747,0.0006203527141374945,interpolado
0.45477975595119025,0.0006335341898240408,interpolado
0.454879575915183,0.0006097205242095191,interpolado
0.455,0.00052,original
0.4550792158431687,0.00042066521071621756,interpolado
0.4551790358071614,0.00026379559929328404,interpolado
0.4552788557711542,9.304706332767278e-05,interpolado
0.4553786757351471,-6.852754729392602e-05,interpolado
0.45547849569913984,-0.00019787538268454895,interpolado
0.45557831566313267,-0.0002719435929575382,interpolado
0.45567813562712545,-0.00026767932822602757,interpolado
0.4557779555911182,-0.00016202973860330152,interpolado
0.45587777555511105,6.805802579757931e-05,interpolado
0.456,0.000553,original
0.4560774154830966,0.000988080454246539,interpolado
0.4561772354470893,0.0016673326117677115,interpolado
0.4562770554110821,0.0024335382515300926,interpolado
0.456376875375075,0.003236704681716801,interpolado
0.45647669533906776,0.004026839210509596,interpolado
0.45657651530306065,0.004753949146091964,interpolado
0.4566763352670533,0.005368041796645745,interpolado
0.45677615523104614,0.005819124470354043,interpolado
0.456875975195039,0.006057204475399589,interpolado
0.457,0.005981,original
0.4570756151230245,0.005702402790581298,interpolado
0.45717543508701736,0.005093625863993309,interpolado
0.45727525505101013,0.004266363435664648,interpolado
0.4573750750150029,0.003281283565386892,interpolado
0.4574748949789958,0.002199054312953318,interpolado
0.4575747149429886,0.001080343738155569,interpolado
0.4576745349069814,-1.4180099214787674e-05,interpolado
0.4577743548709742,-0.0010238491393643563,interpolado
0.4578741748349669,-0.001887995322502028,interpolado
0.458,-0.002676,original
0.4580738147629525,-0.002943734663936937,interpolado
0.45817363472694533,-0.003087664854777696,interpolado
0.4582734546909381,-0.003016013662625376,interpolado
0.45837327465493105,-0.002767346026398397,interpolado
0.4584730946189238,-0.0023802268850155036,interpolado
0.45857291458291655,-0.0018932211773950572,interpolado
0.4586727345469095,-0.0013448938424551948,interpolado
0.4587725545109022,-0.0007738098191149951,interpolado
0.4588723744748951,-0.0002185340462923233,interpolado
0.459,0.000407,original
0.45907201440288065,0.0006931999503070487,interpolado
0.4591718343668735,0.0010057431140328911,interpolado
0.4592716543308662,0.001227078741631675,interpolado
0.459371474294859,0.0013644525747001312,interpolado
0.45947129425885186,0.001425110354834587,interpolado
0.45957111422284463,0.0014162978236316169,interpolado
0.45967093418683747,0.0013452607226876426,interpolado
0.45977075415083024,0.001219244793599222,interpolado
0.459870574114823,0.0010454957779627004,interpolado
0.46,0.000761,original
0.4600702140428085,0.0005841533920420321,interpolado
0.4601700340068014,0.0003155897286155925,interpolado
0.4602698539707942,3.919842311106691e-05,interpolado
0.46036967393478695,-0.00023136264574143318,interpolado
0.4604694938987798,-0.0004824355992111973,interpolado
0.46056931386277256,-0.0007003625585679764,interpolado
0.4606691338267654,-0.0008714856450814472,interpolado
0.4607689537907582,-0.00098214698002101,interpolado
0.46086877375475105,-0.001018688684656369,interpolado
0.461,-0.000931,original
0.4610684136827365,-0.0008167965593458452,interpolado
0.4611682336467294,-0.0005769782753303319,interpolado
0.4612680536107222,-0.00027169625567179356,interpolado
0.461367873574715,7.515634699098543e-05,interpolado
0.4614676935387078,0.00043968638001851455,interpolado
0.46156751350270053,0.0007980006907718843,interpolado
0.46166733346669336,0.0011262061266121694,interpolado
0.4617671534306861,0.0014004095348999007,interpolado
0.4618669733946789,0.0015967177629962598,interpolado
0.462,0.001696,original
0.4620666133226644,0.001662601621740198,interpolado
0.4621664332866573,0.0015187305564263722,interpolado
0.4622662532506501,0.0012864074858130042,interpolado
0.4623660732146429,0.0009927282920428194,interpolado
0.46246589317863573,0.0006647888572591082,interpolado
0.46256571314262857,0.0003296850636046719,interpolado
0.4626655331066214,1.4512793222296765e-05,interpolado
0.4627653530706143,-0.00025363207174470355,interpolado
0.46286517303460684,-0.0004476536491535605,interpolado
0.463,-0.000544,original
0.4630648129625925,-0.0005072351761613646,interpolado
0.4631646329265854,-0.00035158058509875134,interpolado
0.4632644528905782,-9.626811336799904e-05,interpolado
0.46336427285457094,0.00023556529153184912,interpolado
0.4634640928185637,0.0006207826821019182,interpolado
0.4635639127825566,0.0010362471108426722,interpolado
0.46366373274654943,0.0014588216302554458,interpolado
0.46376355271054215,0.0018653692928406614,interpolado
0.4638633726745349,0.002232753151099454,interpolado
0.464,0.00263,original
0.4640630126025205,0.0027586037593390566,interpolado
0.46416283256651336,0.002887915354391836,interpolado
0.4642626525305061,0.002929174436672044,interpolado
0.4643624724944989,0.0028860080411052735,interpolado
0.46446229245849174,0.002762043202616933,interpolado
0.4645621124224845,0.002560906956132657,interpolado
0.4646619323864773,0.0022862263365777237,interpolado
0.46476175235047007,0.0019416283788779372,interpolado
0.46486157231446285,0.0015307401179586635,interpolado
0.465,0.000858,original
0.4650612122424484,0.0005253254035602825,interpolado
0.4651610322064413,-5.020421076424196e-05,interpolado
0.46526085217043406,-0.0006471023259335615,interpolado
0.4653606721344269,-0.0012428892142603565,interpolado
0.4654604920984197,-0.0018150851480573068,interpolado
0.4655603120624125,-0.0023412103996361382,interpolado
0.4656601320264053,-0.002798785241309781,interpolado
0.4657599519903981,-0.0031653299453900884,interpolado
0.4658597719543908,-0.0034183647841897072,interpolado
0.466,-0.003539,original
0.46605941188237654,-0.0034958670853314313,interpolado
0.4661592318463693,-0.003307827849245026,interpolado
0.46625905181036204,-0.0030017513881813616,interpolado
0.46635887177435487,-0.0026086886075882597,interpolado
0.4664586917383477,-0.00215969041291335,interpolado
0.4665585117023404,-0.001685807709605031,interpolado
0.46665833166633325,-0.001218091403110704,interpolado
0.4667581516303259,-0.0007875923988787899,interpolado
0.4668579715943188,-0.00042536160235691226,interpolado
0.467,-8.87e-05,original
0.46705761152230435,-2.7482048671211205e-05,interpolado
0.4671574314862972,-9.279633704012871e-06,interpolado
0.46725725145028996,-6.412901025145873e-05,interpolado
0.46735707141428273,-0.0001473624065625575,interpolado
0.4674568913782756,-0.00021431205088638308,interpolado
0.46755671134226834,-0.0002203101714718886,interpolado
0.4676565313062612,-0.00012068899656807468,interpolado
0.467756351270254,0.0001292192455759197,interpolado
0.4678561712342467,0.000574082326711068,interpolado
0.468,0.001648,original
0.4680558111622323,0.0022236709463707297,interpolado
0.4681556311262252,0.003445432234960898,interpolado
0.46825545109021804,0.004844231184735502,interpolado
0.4683552710542108,0.006338646179091205,interpolado
0.46845509101820354,0.007847255601424883,interpolado
0.46855491098219637,0.009288637835130877,interpolado
0.4686547309461892,0.010581371263606082,interpolado
0.4687545509101821,0.011644034270247055,interpolado
0.46885437087417486,0.012395205238448634,interpolado
0.469,0.012764,original
0.4690540108021604,0.012641775411537041,interpolado
0.4691538307661532,0.01206699534381293,interpolado
0.469253650730146,0.011111327482384508,interpolado
0.46935347069413874,0.009859655886675278,interpolado
0.4694532906581316,0.008396864616106343,interpolado
0.4695531106221244,0.006807837730101766,interpolado
0.4696529305861172,0.005177459288083179,interpolado
0.46975275055011,0.0035906133494721286,interpolado
0.4698525705141028,0.0021321839736928106,interpolado
0.47,0.000393,original
0.47005221044208834,-6.301177012204763e-05,interpolado
0.4701520304060811,-0.0007008687128628527,interpolado
0.470251850370074,-0.0010702095432486433,interpolado
0.4703516703340668,-0.001217096132638824,interpolado
0.47045149029805955,-0.001187590352393407,interpolado
0.4705513102620523,-0.0010277540738722402,interpolado
0.4706511302260451,-0.0007836491684351458,interpolado
0.470750950190038,-0.0005013375074417589,interpolado
0.4708507701540307,-0.00022688096225220798,interpolado
0.471,6.87e-05,original
0.47105041008201637,0.00011567398759026055,interpolado
0.47115023004600914,0.00012724180064317575,interpolado
0.471250050010002,4.869800080417518e-05,interpolado
0.47134986997399475,-9.825163590008227e-05,interpolado
0.4714496899379875,-0.0002919013334431726,interpolado
0.47154950990198036,-0.0005105453157983081,interpolado
0.4716493298659732,-0.0007324778069390244,interpolado
0.47174914982996596,-0.0009359930308388636,interpolado
0.47184896979395885,-0.001099385211471028,interpolado
0.4719487897579516,-0.0012009485728091103,interpolado
0.472,-0.001222,original
0.4721484296859371,-0.001153124463247214,interpolado
0.47224824964993,-0.0010175341064779454,interpolado
0.4723480696139228,-0.0008302284363506544,interpolado
0.4724478895779156,-0.0006084794112552669,interpolado
0.47254770954190833,-0.0003695589895821485,interpolado
0.4726475295059011,-0.00013073912972129758,interpolado
0.47274734946989394,9.070820993728855e-05,interpolado
0.4728471694338867,0.0002775110710032443,interpolado
0.4729469893978796,0.00041239749508664275,interpolado
0.473,0.000457,original
0.4731466293258651,0.00047299313095836834,interpolado
0.4732464492898579,0.00040719354431817905,interpolado
0.47334626925385076,0.00029357787654358923,interpolado
0.47344608921784354,0.00014451776219478655,interpolado
0.4735459091818363,-2.7615164167757234e-05,interpolado
0.4736457291458292,-0.0002104492679838171,interpolado
0.47374554910982203,-0.00039161291469319093,interpolado
0.47384536907381475,-0.0005587344697353721,interpolado
0.4739451890378076,-0.0006994422985502313,interpolado
0.474,-0.000761,original
0.47414482896579324,-0.0008554485320635285,interpolado
0.47424464892978596,-0.0008553618659755223,interpolado
0.4743444688937788,-0.000795351294229593,interpolado
0.4744442888577715,-0.0006695637456722702,interpolado
0.4745441088217644,-0.000472146149149938,interpolado
0.4746439287857571,-0.00019724543350932704,interpolado
0.47474374874974995,0.00016099147240336066,interpolado
0.47484356871374267,0.0006084176397412155,interpolado
0.47494338867773545,0.0011508861396578981,interpolado
0.475,0.001503,original
0.47514302860572105,0.002527687027977138,interpolado
0.4752428485697139,0.0033254530678051893,interpolado
0.4753426685337067,0.004158931155307616,interpolado
0.47544248849769954,0.004999964030345539,interpolado
0.4755423084616923,0.005820394432780093,interpolado
0.4756421284256851,0.006592065102471047,interpolado
0.4757419483896779,0.007286818779279915,interpolado
0.4758417683536707,0.007876498203066606,interpolado
0.4759415883176635,0.008332946113692218,interpolado
0.476,0.008527,original
0.47614122824564914,0.00875108081865578,interpolado
0.476241048209642,0.008708651935489488,interpolado
0.4763408681736347,0.008510210976930752,interpolado
0.47644068813762736,0.008164807646064033,interpolado
0.4765405081016203,0.007681491645973467,interpolado
0.476640328065613,0.0070693126797440305,interpolado
0.4767401480296058,0.006337320450459498,interpolado
0.4768399679935986,0.005494564661205123,interpolado
0.4769397879575914,0.004550095015064974,interpolado
0.477,0.003935,original
0.47713942788557695,0.0024041554592720187,interpolado
0.47723924784957,0.0012572378765754414,interpolado
0.4773390678135626,0.000107825517679153,interpolado
0.4774388877775555,-0.0010087383408334755,interpolado
0.4775387077415484,-0.0020571104223790024,interpolado
0.47763852770554105,-0.003001947450372244,interpolado
0.477738347669534,-0.003807906148230212,interpolado
0.47783816763352677,-0.004439643239367992,interpolado
0.4779379875975196,-0.004861815447202078,interpolado
0.478,-0.005003,original
0.4781376275255052,-0.00496943407560461,interpolado
0.478237447489498,-0.0046887393066374645,interpolado
0.47833726745349087,-0.0042386702332217535,interpolado
0.47843708741748353,-0.0036602106882176054,interpolado
0.47853690738147636,-0.0029943445044848718,interpolado
0.47863672734546914,-0.0022820555148845394,interpolado
0.4787365473094619,-0.001564327552276105,interpolado
0.4788363672734547,-0.0008821444495206149,interpolado
0.4789361872374474,-0.00027649003947790164,interpolado
0.479,5.17e-05,original
0.47913582716543307,0.0005668341418171737,interpolado
0.47923564712942585,0.0008048125543578117,interpolado
0.4793354670934186,0.0009458938310903141,interpolado
0.47943528705741145,0.0010099089755591225,interpolado
0.4795351070214042,0.0010166889913085068,interpolado
0.4796349269853969,0.0009860648818827483,interpolado
0.4797347469493897,0.000937867650826115,interpolado
0.47983456691338255,0.0008919283016829492,interpolado
0.47993438687737544,0.0008680778379975057,interpolado
0.48,0.000874,original
0.480134026805361,0.0009538897515695312,interpolado
0.4802338467693537,0.0010632181166683036,interpolado
0.48033366673334654,0.001203824939886097,interpolado
0.48043348669733943,0.0013656035974646912,interpolado
0.4805333066613322,0.0015384474656461946,interpolado
0.4806331266253249,0.0017122499206723505,interpolado
0.48073294658931776,0.001876904338785194,interpolado
0.48083276655331053,0.002022304096226738,interpolado
0.4809325865173033,0.0021383425692387574,interpolado
0.481,0.002195,original
0.4811322264452889,0.002247436871183531,interpolado
0.48123204640928174,0.002239099489425376,interpolado
0.48133186637327463,0.0021941447314029893,interpolado
0.48143168633726735,0.0021167349657683103,interpolado
0.4815315063012601,0.0020110325611731477,interpolado
0.48163132626525296,0.0018811998862695112,interpolado
0.4817311462292457,0.001731399309709238,interpolado
0.4818309661932385,0.0015657932001441226,interpolado
0.4819307861572313,0.0013885439262262397,interpolado
0.482,0.001261,original
0.48213042608521695,0.0010154283996302133,interpolado
0.4822302460492097,0.0008267070089130287,interpolado
0.48233006601320255,0.0006409013636872566,interpolado
0.4824298859771954,0.0004612674974035771,interpolado
0.4825297059411882,0.0002910614435122661,interpolado
0.48262952590518093,0.00013353923546398616,interpolado
0.48272934586917376,-8.04309329088823e-06,interpolado
0.48282916583316654,-0.0001304295093019473,interpolado
0.48292898579715937,-0.0002303639791185819,interpolado
0.483,-0.000286,original
0.48312862572514503,-0.00035206561138804494,interpolado
0.4832284456891378,-0.00037529136250521046,interpolado
0.48332826565313075,-0.00037724145387510894,interpolado
0.48342808561712347,-0.00036086476422260785,interpolado
0.4835279055811163,-0.0003291101722725606,interpolado
0.4836277255451091,-0.0002849265567498721,interpolado
0.4837275455091018,-0.00023126279637939666,interpolado
0.48382736547309463,-0.00017106776988596808,interpolado
0.48392718543708735,-0.00010729035599452245,interpolado
0.484,-6.02e-05,original
0.484126825365073,1.8966645363983727e-05,interpolado
0.4842266453290657,7.462363013428592e-05,interpolado
0.4843264652930586,0.00012041042341463419,interpolado
0.4844262852570513,0.0001526483363033322,interpolado
0.4845261052210441,0.00016765867989876795,interpolado
0.48462592518503694,0.00016176276529927946,interpolado
0.48472574514902966,0.0001312819036032365,interpolado
0.48482556511302244,7.253740590895436e-05,interpolado
0.48492538507701516,-1.814941668514691e-05,interpolado
0.485,-0.000109,original
0.4851250250050009,-0.00030648112836751285,interpolado
0.48522484496899376,-0.0004978064791449538,interpolado
0.48532466493298654,-0.0007111395382624531,interpolado
0.4854244848969793,-0.0009392159014620959,interpolado
0.4855243048609722,-0.0011747711644863215,interpolado
0.48562412482496503,-0.0014105409230775847,interpolado
0.485723944788958,-0.0016392607729779462,interpolado
0.48582376475295075,-0.0018536663099299768,interpolado
0.4859235847169434,-0.0020464931296757605,interpolado
0.486,-0.002175,original
0.4861232246449293,-0.0023389028111064467,interpolado
0.486223044608922,-0.0024261178283887168,interpolado
0.4863228645729149,-0.002466614815832292,interpolado
0.48642268453690757,-0.0024548829421791453,interpolado
0.48652250450090034,-0.002385411376171336,interpolado
0.4866223244648931,-0.0022526892865507918,interpolado
0.48672214442888584,-0.002051205842059683,interpolado
0.4868219643928787,-0.001775450211439798,interpolado
0.4869217843568715,-0.0014199115634334644,interpolado
0.487,-0.001082,original
0.4871214242848571,-0.00045507476227475344,interpolado
0.48722124424884977,0.00013433788286804993,interpolado
0.48732106421284266,0.000769183327830071,interpolado
0.48742088417683543,0.0014295290243412605,interpolado
0.4875207041408281,0.0020954424241326273,interpolado
0.48762052410482093,0.0027469909789351902,interpolado
0.48772034406881376,0.0033642421404788832,interpolado
0.4878201640328066,0.003927263360495033,interpolado
0.4879199839967994,0.004416122090713674,interpolado
0.488,0.004741,original
0.4881196239247851,0.005099047772876394,interpolado
0.48821944388877775,0.005284239959759809,interpolado
0.4883192638527706,0.005372451429902638,interpolado
0.4884190838167633,0.005369637575874836,interpolado
0.48851890378075613,0.005281753790246538,interpolado
0.488618723744749,0.005114755465587682,interpolado
0.4887185437087418,0.004874597994468516,interpolado
0.4888183636727346,0.004567236769458833,interpolado
0.4889181836367275,0.004198627183129035,interpolado
0.489,0.003855,original
0.489117823564713,0.0033025597399175093,interpolado
0.48921764352870584,0.0027916393378425333,interpolado
0.48931746349269867,0.0022518456086634588,interpolado
0.48941728345669144,0.0016930569031349397,interpolado
0.48951710342068416,0.0011251515720107318,interpolado
0.489616923384677,0.0005580079660445759,interpolado
0.48971674334866977,1.5044359911541949e-06,interpolado
0.4898165633126626,-0.0005344806673960882,interpolado
0.48991638327665543,-0.0010400689933625015,interpolado
0.49,-0.001433,original
0.4901160232046409,-0.0019229307751932798,interpolado
0.4902158431686338,-0.0022910503536925316,interpolado
0.4903156631326266,-0.0026089967655674178,interpolado
0.4904154830966195,-0.002876019343003561,interpolado
0.4905153030606121,-0.0030913674181871228,interpolado
0.49061512302460486,-0.003254290323304154,interpolado
0.49071494298859775,-0.0033640373905404466,interpolado
0.49081476295259047,-0.0034198579520820943,interpolado
0.49091458291658335,-0.003421001340115009,interpolado
0.491,-0.003378,original
0.49111422284456885,-0.003258543340084287,interpolado
0.4912140428085617,-0.003103926733901868,interpolado
0.49131386277255445,-0.002911288876733423,interpolado
0.4914136827365473,-0.002689046987022368,interpolado
0.4915135027005401,-0.002445618283212498,interpolado
0.4916133226645329,-0.0021894199837470952,interpolado
0.49171314262852567,-0.0019288693070699963,interpolado
0.49181296259251844,-0.0016723834716246035,interpolado
0.49191278255651133,-0.001428379695854332,interpolado
0.492,-0.001232,original
0.492112422484497,-0.0010095525442376985,interpolado
0.49221224244848977,-0.0008424150311960209,interpolado
0.4923120624124826,-0.0007041517102260473,interpolado
0.4924118823764753,-0.0005950543577849505,interpolado
0.49251170234046804,-0.000515414750330076,interpolado
0.4926115223044609,-0.00046552466431856114,interpolado
0.49271134226845376,-0.00044567587620768565,interpolado
0.49281116223244653,-0.00045616016245463855,interpolado
0.4929109821964394,-0.000497269299516676,interpolado
0.493,-0.00056,original
0.49311062212442497,-0.0006690408008145856,interpolado
0.49321044208841763,-0.0007832475082589486,interpolado
0.49331026205241063,-0.0008968254387774686,interpolado
0.49341008201640335,-0.0009946880931132347,interpolado
0.4935099019803961,-0.0010617489720091734,interpolado
0.4936097219443889,-0.0010829215762083832,interpolado
0.49370954190838173,-0.0010431194064538768,interpolado
0.4938093618723746,-0.0009272559634887217,interpolado
0.49390918183636734,-0.0007202447480558179,interpolado
0.494,-0.00044,original
0.49410882176435283,1.8241626239552786e-05,interpolado
0.4942086417283458,0.0005328167741047937,interpolado
0.49430846169233844,0.001108623459203923,interpolado
0.49440828165633127,0.0017175642365003779,interpolado
0.494508101620324,0.0023315416609565646,interpolado
0.4946079215843169,0.002922458287536227,interpolado
0.49470774154830965,0.0034622166712017927,interpolado
0.49480756151230243,0.003922719366916694,interpolado
0.49490738147629526,0.004275868929644187,interpolado
0.495,0.004483,original
0.4951070214042809,0.004558552809679963,interpolado
0.4952068413682737,0.004488438720061935,interpolado
0.49530666133226653,0.004307876066289342,interpolado
0.4954064812962593,0.004041511968258678,interpolado
0.495506301260252,0.0037139935458669264,interpolado
0.49560612122424497,0.00334996791901042,interpolado
0.4957059411882377,0.002974082207586242,interpolado
0.4958057611522305,0.0026109835314908686,interpolado
0.49590558111622335,0.002285319010620803,interpolado
0.496,0.002034,original
0.49610522104420907,0.0018382193608663547,interpolado
0.49620504100820173,0.0017301080540666246,interpolado
0.4963048609721946,0.0016879231812350565,interpolado
0.4964046809361874,0.0017021869801013706,interpolado
0.4965045009001801,0.0017634216883952454,interpolado
0.49660432086417294,0.0018621495438464353,interpolado
0.49670414082816566,0.0019888927841845254,interpolado
0.4968039607921586,0.0021341736471392593,interpolado
0.49690378075615144,0.002288514370440422,interpolado
0.497,0.002437,original
0.4971034206841369,0.002587667672052477,interpolado
0.4972032406481296,0.0027202506228322424,interpolado
0.4973030606121225,0.0028372001082003825,interpolado
0.49740288057611537,0.0029355301414165794,interpolado
0.49750270054010803,0.00301225473574028,interpolado
0.49760252050410086,0.003064387904431101,interpolado
0.49770234046809375,0.0030889436607486054,interpolado
0.4978021604320865,0.0030829360179523203,interpolado
0.49790198039607936,0.0030433789893017935,interpolado
0.498,0.002969,original
0.4981016203240649,0.002851672827476356,interpolado
0.4982014402880577,0.002693551720820447,interpolado
0.49830126025205046,0.0024899372813486273,interpolado
0.49840108021604335,0.002237843522320225,interpolado
0.49850090018003607,0.0019342844569950743,interpolado
0.4986007201440289,0.0015762740986326078,interpolado
0.4987005401080217,0.0011608264604921342,interpolado
0.49880036007201445,0.0006849555558336697,interpolado
0.4989001800360072,0.00014567539791624038,interpolado
0.499,-0.00046,original
