Time - Voltage_1,Amplitude - Voltage_1,tipo_valor
0.0,0.001539,original
9.981996399279867e-05,0.001103265373895878,interpolado
0.00019963992798559732,0.0008664417322132454,interpolado
0.000299459891978396,0.0008080045527643025,interpolado
0.00039927985597119453,0.0009074293133612486,interpolado
0.0004990998199639931,0.0011441914918162844,interpolado
0.0005989197839567919,0.0014977665659416095,interpolado
0.0006987397479495905,0.0019476300135494243,interpolado
0.0007985597119423888,0.0024732573124519285,interpolado
0.0008983796759351872,0.0030541239404613223,interpolado
0.001,0.003681,original
0.0010980196039207845,0.004299477095049578,interpolado
0.0011978395679135832,0.00492291457725284,interpolado
0.0012976595319063818,0.005519493299811791,interpolado
0.0013974794958991803,0.006068688740538633,interpolado
0.0014972994598919786,0.006549976377245562,interpolado
0.0015971194238847772,0.006942831687744782,interpolado
0.0016969393878775757,0.007226730149848492,interpolado
0.0017967593518703746,0.0073811472413688895,interpolado
0.001896579315863173,0.007385558440118178,interpolado
0.002,0.00721,original
0.00209621924384877,0.006869427887358207,interpolado
0.0021960392078415694,0.006354091119301463,interpolado
0.002295859171834368,0.005700888580540245,interpolado
0.002395679135827166,0.004937280307252167,interpolado
0.0024954990998199648,0.004090726335614841,interpolado
0.0025953190638127637,0.0031886867018058804,interpolado
0.0026951390278055617,0.002258621442002895,interpolado
0.002794958991798361,0.0013279905923834904,interpolado
0.0028947789557911595,0.00042425418912528227,interpolado
0.003,-0.000469,original
0.003094418883776757,-0.0011965318636912477,interpolado
0.0031942388477695545,-0.0018843915551644797,interpolado
0.0032940588117623534,-0.0024884472564439828,interpolado
0.0033938787757551514,-0.003008440136128742,interpolado
0.0034936987397479503,-0.003444111362817744,interpolado
0.0035935187037407475,-0.003795202105109977,interpolado
0.003693338667733547,-0.00406145353160443,interpolado
0.0037931586317263444,-0.004242606810900086,interpolado
0.003892978595719143,-0.004338403111595934,interpolado
0.004,-0.004346,original
0.004092618523704739,-0.004273198704876551,interpolado
0.004192438487697538,-0.004113835764956908,interpolado
0.004292258451690337,-0.003872558672235257,interpolado
0.0043920784156831335,-0.0035514314617861803,interpolado
0.004491898379675935,-0.003152518168684259,interpolado
0.004591718343668733,-0.002677882828004081,interpolado
0.00469153830766153,-0.002129589474820223,interpolado
0.00479135827165433,-0.001509702144207277,interpolado
0.004891178235647129,-0.0008202848712398217,interpolado
0.005,8.1e-06,original
0.005090818163632725,0.0007549190824593219,interpolado
0.005190638127625526,0.0016078392530042742,interpolado
0.005290458091618324,0.0024617159252119758,interpolado
0.005390278055611122,0.0032829023432352205,interpolado
0.0054900980196039215,0.0040377517512268,interpolado
0.00558991798359672,0.004692617393339489,interpolado
0.005689737947589518,0.005213852513726081,interpolado
0.005789557911582318,0.005567810356539365,interpolado
0.005889377875575115,0.005720844165932121,interpolado
0.006,0.005615,original
0.006089017803560713,0.005299699107390297,interpolado
0.006188837767553511,0.004734795050056505,interpolado
0.00628865773154631,0.00399676955578026,interpolado
0.006388477695539108,0.0031378152970126644,interpolado
0.006488297659531905,0.0022101249462048024,interpolado
0.006588117623524705,0.0012658911758077543,interpolado
0.006687937587517502,0.0003573066582726282,interpolado
0.006787757551510303,-0.00046343593394950215,interpolado
0.006887577515503101,-0.0011441439284075332,interpolado
0.007,-0.001678,original
0.007087217443488696,-0.0018864047303668288,interpolado
0.007187037407481496,-0.0019199875872265588,interpolado
0.007286857371474294,-0.0017685747375927928,interpolado
0.007386677335467093,-0.0014673970180587223,interpolado
0.007486497299459892,-0.001051685265217544,interpolado
0.0075863172634526915,-0.0005566703156624472,interpolado
0.00768613722744549,-1.7583005986619414e-05,interpolado
0.007785957191438287,0.0005303458272167372,interpolado
0.007885777155431088,0.001051885347354437,interpolado
0.008,0.001571,original
0.008085417083416686,0.0018793441596433133,interpolado
0.008185237047409484,0.0021514591127871734,interpolado
0.008285057011402286,0.0023357106866110935,interpolado
0.008384876975395084,0.002439681425492851,interpolado
0.008484696939387882,0.00247095387381023,interpolado
0.00858451690338068,0.002437110575941012,interpolado
0.00868433686737348,0.002345734076262981,interpolado
0.00878415683136628,0.0022044069191539204,interpolado
0.008883976795359077,0.0020207116489916093,interpolado
0.009,0.001764,original
0.009083616723344675,0.001556767115623159,interpolado
0.00918343668733747,0.0012935671307327929,interpolado
0.009283256651330271,0.0010224591929034914,interpolado
0.009383076615323067,0.0007532732416264431,interpolado
0.009482896579315865,0.0004958392163928377,interpolado
0.009582716543308663,0.0002599870566938516,interpolado
0.009682536507301462,5.5546702020674e-05,interpolado
0.009782356471294258,-0.00010765190813550731,interpolado
0.00988217643528706,-0.00021977883428351264,interpolado
0.01,-0.000273,original
0.010081816363272652,-0.000252254555140029,interpolado
0.010181636327265452,-0.00015970951718543278,interpolado
0.01028145629125825,8.22390817069167e-06,interpolado
0.01038127625525105,0.00025313058968040597,interpolado
0.010481096219243848,0.0005765953960957649,interpolado
0.010580916183236646,0.0009802031961688412,interpolado
0.010680736147229445,0.0014655388586516922,interpolado
0.010780556111222242,0.0020341872522963676,interpolado
0.01088037607521504,0.0026877332458549496,interpolado
0.011,0.003585,original
0.01108001600320064,0.004252019256698244,interpolado
0.011179835967193439,0.005130031007194112,interpolado
0.011279655931186237,0.006018729853188881,interpolado
0.011379475895179035,0.006874990496880429,interpolado
0.011479295859171835,0.007655687640466683,interpolado
0.011579115823164633,0.00831769598614552,interpolado
0.011678935787157431,0.00881789023611482,interpolado
0.01177875575115023,0.009113145092572507,interpolado
0.01187857571514303,0.009160335257716451,interpolado
0.012,0.008821,original
0.012078215643128627,0.008346053349022171,interpolado
0.012178035607121426,0.00747700147486248,interpolado
0.012277855571114226,0.006366070018852123,interpolado
0.01237767553510702,0.005070318474239654,interpolado
0.012477495499099822,0.0036468063342735787,interpolado
0.01257731546309262,0.0021525930922024505,interpolado
0.012677135427085416,0.0006447382412748385,interpolado
0.012776955391078218,-0.0008196987252607698,interpolado
0.012876775355071018,-0.002183658314155811,interpolado
0.013,-0.003644,original
0.013076415283056614,-0.004387015531312466,interpolado
0.013176235247049412,-0.005164739395542025,interpolado
0.01327605521104221,-0.005734362931581644,interpolado
0.013375875175035011,-0.006107143213946648,interpolado
0.01347569513902781,-0.006294337317152336,interpolado
0.013575515103020611,-0.006307202315714019,interpolado
0.01367533506701341,-0.006156995284147011,interpolado
0.013775155031006209,-0.005854973296966614,interpolado
0.01387497499499901,-0.005412393428688144,interpolado
0.014,-0.004677,original
0.014074614922984603,-0.004152192544296677,interpolado
0.014174434886977401,-0.003374373832452996,interpolado
0.014274254850970199,-0.0025412972538796526,interpolado
0.014374074814962995,-0.001687265280382381,interpolado
0.014473894778955797,-0.0008465803837669569,interpolado
0.014573714742948593,-5.354503583915375e-05,interpolado
0.01467353470694139,0.0006575382915952943,interpolado
0.014773354670934187,0.0012523671267306129,interpolado
0.014873174634926982,0.0016966389977610338,interpolado
0.015,0.00199,original
0.01507281456291258,0.002000953863614617,interpolado
0.01517263452690538,0.0018450834297921847,interpolado
0.015272454490898178,0.0015258087087152295,interpolado
0.015372274454890979,0.0010807355941314489,interpolado
0.015472094418883775,0.0005474699797885391,interpolado
0.015571914382876577,-3.638224056579307e-05,interpolado
0.015671734346869373,-0.000633215173183872,interpolado
0.015771554310862173,-0.001205422924317982,interpolado
0.015871374274854976,-0.0017153996002204552,interpolado
0.016,-0.00222,original
0.016071014202840572,-0.0024020226329222434,interpolado
0.016170834166833372,-0.002548598048427656,interpolado
0.016270654130826165,-0.0025905032093316055,interpolado
0.01637047409481896,-0.0025532284905220833,interpolado
0.016470294058811764,-0.0024622642668870646,interpolado
0.016570114022804557,-0.0023431009133145393,interpolado
0.016669933986797354,-0.0022212288046924845,interpolado
0.016769753950790153,-0.0021221383159088806,interpolado
0.016869573914782953,-0.002071319821851715,interpolado
0.017,-0.00212,original
0.017069213842768553,-0.002212203586043554,interpolado
0.017169033806761345,-0.002401396289279947,interpolado
0.01726885377075415,-0.00261108753231156,interpolado
0.017368673734746952,-0.0027901549772605966,interpolado
0.01746849369873975,-0.0028874762862492395,interpolado
0.017568313662732548,-0.002851929121399696,interpolado
0.01766813362672535,-0.0026323911448341525,interpolado
0.017767953590718144,-0.002177740018674819,interpolado
0.017867773554710947,-0.001436853405043864,interpolado
0.018,7.25e-05,original
0.018067413482696543,0.0011002604318208296,interpolado
0.01816723344668934,0.002894524121210858,interpolado
0.018267053410682136,0.004923166733780927,interpolado
0.01836687337467494,0.00708430030599078,interpolado
0.01846669333866774,0.009276036874300179,interpolado
0.018566513302660535,0.011396488475168652,interpolado
0.018666333266653328,0.013343767145055961,interpolado
0.01876615323064613,0.015015984920421848,interpolado
0.018865973194638928,0.016311253837725876,interpolado
0.019,0.017279,original
0.019065613122624524,0.017372977673832255,interpolado
0.01916543308661732,0.017070112588126577,interpolado
0.019265253050610116,0.01631833183842503,interpolado
0.019365073014602913,0.01521823469101234,interpolado
0.019464892978595716,0.013870420412173389,interpolado
0.019564712942588512,0.012375488268192916,interpolado
0.019664532906581312,0.010834037525355661,interpolado
0.01976435287057411,0.009346667449946524,interpolado
0.019864172834566908,0.008013977308250235,interpolado
0.02,0.00663,original
0.02006381276255251,0.006208117914947382,interpolado
0.020163632726545307,0.005833367656520338,interpolado
0.02026345269053811,0.005755326709689555,interpolado
0.02036327265453091,0.005915763685555699,interpolado
0.02046309261852371,0.0062564471952194275,interpolado
0.02056291258251651,0.006719145849781424,interpolado
0.020662732546509306,0.007245628260342315,interpolado
0.02076255251050211,0.0077776630380027995,interpolado
0.02086237247449491,0.0082570187938635,interpolado
0.021,0.008724,original
0.02106201240248051,0.00882765336767014,interpolado
0.021161832366473305,0.008847985256652301,interpolado
0.021261652330466105,0.008699787635246557,interpolado
0.0213614722944589,0.008397042289383707,interpolado
0.021461292258451697,0.007953731004994588,interpolado
0.021561112222444494,0.007383835568010005,interpolado
0.02166093218643729,0.006701337764360747,interpolado
0.02176075215043009,0.005920219379977676,interpolado
0.021860572114422883,0.0050544622007915796,interpolado
0.022,0.00373,original
0.02206021204240848,0.0031258525749104926,interpolado
0.022160032006401275,0.0021059597340764777,interpolado
0.022259851970394078,0.001096535503649517,interpolado
0.02235967193438687,0.00013600035766292255,interpolado
0.022459491898379667,-0.0007372252298501023,interpolado
0.022559311862372467,-0.001484720784856339,interpolado
0.022659131826365267,-0.0020680658333224952,interpolado
0.02275895179035806,-0.0024488399012153597,interpolado
0.022858771754350866,-0.0025886225145016935,interpolado
0.023,-0.0023,original
0.02305841168233646,-0.0019949369643343816,interpolado
0.023158231646329266,-0.0012455123613890292,interpolado
0.023258051610322066,-0.0002630581939512541,interpolado
0.023357871574314865,0.000888873509689477,interpolado
0.02345769153830767,0.0021467307212437226,interpolado
0.023557511502300465,0.0034469614124219066,interpolado
0.02365733146629326,0.0047260135549345855,interpolado
0.02375715143028606,0.005920335120492312,interpolado
0.023856971394278864,0.006966374080805513,interpolado
0.024,0.00808,original
0.024056611322264457,0.008362326530802105,interpolado
0.024156431286257257,0.008641104655332929,interpolado
0.024256251250250056,0.00866844713902866,interpolado
0.024356071214242853,0.008477191318952883,interpolado
0.024455891178235652,0.00810017453216919,interpolado
0.02455571114222845,0.007570234115741139,interpolado
0.02465553110622125,0.006920207406732356,interpolado
0.024755351070214045,0.006182931742206404,interpolado
0.024855171034206848,0.005391244459226842,interpolado
0.025,0.004213,original
0.02505481096219244,0.0037753208902129277,interpolado
0.025154630926185237,0.0030031883697318215,interpolado
0.02525445089017804,0.002270744252758232,interpolado
0.025354270854170833,0.0015867800628753266,interpolado
0.025454090818163633,0.0009600873236662823,interpolado
0.025553910782156432,0.0003994575587143398,interpolado
0.02565373074614923,-8.631770839732793e-05,interpolado
0.02575355071014203,-0.0004884469540855363,interpolado
0.02585337067413483,-0.0007981386547670599,interpolado
0.026,-0.001067,original
0.02605301060212042,-0.0011056519345265475,interpolado
0.026152830566113224,-0.00109925736095364,interpolado
0.026252650530106014,-0.0010025880793095353,interpolado
0.02635247049409882,-0.0008312336349938327,interpolado
0.026452290458091617,-0.0006007835734061481,interpolado
0.026552110422084416,-0.0003268274399460828,interpolado
0.026651930386077216,-2.4954780013230647e-05,interpolado
0.026751750350070016,0.0002892448609927813,interpolado
0.026851570314062816,0.0006001819376723581,interpolado
0.027,0.001023,original
0.02705121024204842,0.0011501808962392204,interpolado
0.02715103020604122,0.0013644658012587684,interpolado
0.02725085017003401,0.001531328444759081,interpolado
0.02735067013402681,0.0016472071538152755,interpolado
0.027450490098019614,0.001708540255502462,interpolado
0.02755031006201241,0.0017117660768957439,interpolado
0.027650130026005214,0.0016533229450702343,interpolado
0.027749949989998014,0.001529649187101035,interpolado
0.02784976995399081,0.0013371831300632642,interpolado
0.027949589917983606,0.0010723631010320272,interpolado
0.028,0.00091,original
0.028149229845969206,0.0003187771347213363,interpolado
0.028249049809962005,-0.0001576137146310899,interpolado
0.028348869773954805,-0.0006876182685580774,interpolado
0.028448689737947598,-0.0012615769207875917,interpolado
0.0285485097019404,-0.0018698300650476546,interpolado
0.028648329665933194,-0.0025027180950662896,interpolado
0.028748149629925987,-0.0031505814045714553,interpolado
0.028847969593918794,-0.003803760387291179,interpolado
0.028947789557911587,-0.004452595436953483,interpolado
0.029,-0.004787,original
0.02914742948589718,-0.0056899416266363795,interpolado
0.029247249449889975,-0.006235622705978421,interpolado
0.02934706941388278,-0.006698403364980774,interpolado
0.029446889377875568,-0.007052508210126371,interpolado
0.029546709341868368,-0.007272161847898141,interpolado
0.029646529305861168,-0.007331588884778982,interpolado
0.029746349269853964,-0.007205013927251823,interpolado
0.02984616923384676,-0.006866661581799564,interpolado
0.02994598919783956,-0.006290756454905149,interpolado
0.03,-0.005871,original
0.03014562912582516,-0.004367473804374431,interpolado
0.030245449089817963,-0.0030920119797490735,interpolado
0.03034526905381076,-0.0016863144080223765,interpolado
0.030445089017803562,-0.00021017935956976346,interpolado
0.030544908981796355,0.001276594895233184,interpolado
0.030644728945789155,0.002714210086011095,interpolado
0.030744548909781958,0.004042867942388391,interpolado
0.03084436887377475,0.0052027701939896445,interpolado
0.030944188837767558,0.006134118570439414,interpolado
0.031,0.006533,original
0.03114382876575315,0.007122323751968476,interpolado
0.03124364872974596,0.00720368961812043,interpolado
0.03134346869373875,0.007063870286813122,interpolado
0.03144328865773155,0.006744080884910728,interpolado
0.03154310862172435,0.00628553653927742,interpolado
0.031642928585717156,0.005729452376777362,interpolado
0.03174274854970995,0.00511704352427468,interpolado
0.03184256851370275,0.004489525108633629,interpolado
0.03194238847769555,0.003888112256718335,interpolado
0.032,0.003569,original
0.03214202840568114,0.002908403799507047,interpolado
0.03224184836967394,0.0025536130805985527,interpolado
0.03234166833366674,0.0022885527804294985,interpolado
0.03244148829765954,0.0021126542454098785,interpolado
0.03254130826165234,0.0020253488219497133,interpolado
0.032641128225645126,0.002026067856459023,interpolado
0.03274094818963792,0.002114242695347828,interpolado
0.03284076815363072,0.0022893046850261645,interpolado
0.03294058811762353,0.002550685171904029,interpolado
0.033,0.002747,original
0.03314022804560912,0.003314886767883921,interpolado
0.03324004800960192,0.003770600300254778,interpolado
0.033339867973594714,0.004231039713105814,interpolado
0.03343968793758752,0.004662653283532613,interpolado
0.03353950790158032,0.005031889288630666,interpolado
0.03363932786557312,0.00530519600549556,interpolado
0.03373914782956591,0.005449021711222846,interpolado
0.033838967793558716,0.005429814682908082,interpolado
0.033938787757551506,0.005214023197646818,interpolado
0.034,0.00497,original
0.03413842768553711,0.004093630969227414,interpolado
0.03423824764952991,0.0032308316772400873,interpolado
0.034338067613522705,0.0022259895591964967,interpolado
0.0344378875775155,0.0011246339272312368,interpolado
0.0345377075415083,-2.7705906521098198e-05,interpolado
0.0346375275055011,-0.0011855006299259878,interpolado
0.03473734746949389,-0.0023032209308486754,interpolado
0.03483716743348669,-0.0033353374971546433,interpolado
0.03493698739747949,-0.004236321016709297,interpolado
0.035,-0.004717,original
0.035136627325465096,-0.005488646989329299,interpolado
0.03523644728945789,-0.005831294782171601,interpolado
0.035336267253450696,-0.0060041069158008695,interpolado
0.03543608721744349,-0.006022098835614066,interpolado
0.03553590718143629,-0.005900285987008128,interpolado
0.03563572714542908,-0.005653683815379986,interpolado
0.03573554710942189,-0.005297307766126554,interpolado
0.03583536707341469,-0.0048461732846448126,interpolado
0.03593518703740749,-0.004315295816331678,interpolado
0.036,-0.003935,original
0.036134826965393094,-0.0030777012085012995,interpolado
0.03623464692938588,-0.0024119000989419282,interpolado
0.036334466893378686,-0.0017454631681423272,interpolado
0.03643428685737148,-0.0011015078620261486,interpolado
0.036534106821364286,-0.0005031516265169078,interpolado
0.036633926785357075,2.6488092461838148e-05,interpolado
0.03673374674934987,0.0004642938489865281,interpolado
0.036833566713342675,0.0007871481971336037,interpolado
0.03693338667733548,0.0009719336909795112,interpolado
0.037,0.001007,original
0.037133026605321064,0.0008630559779067566,interpolado
0.03723284656931387,0.0006180826446110727,interpolado
0.037332666533306656,0.0003094932368542426,interpolado
0.03743248649729945,-1.4270963449149193e-05,interpolado
0.03753230646129226,-0.0003047686743845384,interpolado
0.03763212642528505,-0.0005135586140372989,interpolado
0.03773194638927785,-0.0005921995004928699,interpolado
0.03783176635327065,-0.000492250051836668,interpolado
0.03793158631726345,-0.00016526898615410943,interpolado
0.038,0.000215,original
0.03813122624524904,0.0013154772975692904,interpolado
0.038231046209241844,0.0023998783260976955,interpolado
0.03833086617323465,0.0036112099475492316,interpolado
0.03843068613722745,0.004870953089094743,interpolado
0.03853050610122025,0.006100588677905077,interpolado
0.03863032606521305,0.007221597641151157,interpolado
0.038730146029205846,0.008155460906003668,interpolado
0.038829965993198635,0.008823659399633536,interpolado
0.03892978595719144,0.009147674049211615,interpolado
0.039,0.009127,original
0.039129425885177045,0.008507796221716692,interpolado
0.03922924584916984,0.007595735578988899,interpolado
0.03932906581316264,0.006396621083382617,interpolado
0.039428885777155434,0.004993567113170257,interpolado
0.03952870574114822,0.003469688046624264,interpolado
0.039628525705141034,0.0019080982620170925,interpolado
0.03972834566913384,0.00039191213762119196,interpolado
0.03982816563312663,-0.0009957559482910686,interpolado
0.03992798559711943,-0.0021717916174470455,interpolado
0.04,-0.002842,original
0.040127625525105015,-0.0035987680550268785,interpolado
0.040227445489097825,-0.0038381527760307657,interpolado
0.04032726545309062,-0.003809873542838183,interpolado
0.040427085417083425,-0.003552132214510961,interpolado
0.04052690538107623,-0.003103130650110997,interpolado
0.04062672534506901,-0.0025010707087001374,interpolado
0.04072654530906182,-0.0017841542493402412,interpolado
0.04082636527305462,-0.0009905831310931636,interpolado
0.040926185237047406,-0.00015855921302076353,interpolado
0.041,0.000459,original
0.04112582516503301,0.0014763045692983852,interpolado
0.0412256451290258,0.0022338776951580314,interpolado
0.041325465093018605,0.0029330656896900875,interpolado
0.04142528505701141,0.0035604262532672377,interpolado
0.04152510502100421,0.0041025170862622005,interpolado
0.041624924984997015,0.004545895889047587,interpolado
0.041724744948989805,0.00487712036199612,interpolado
0.04182456491298261,0.005082748205480491,interpolado
0.0419243848769754,0.005149337119873378,interpolado
0.042,0.005099,original
0.04212402480496101,0.004824230777943411,interpolado
0.0422238447689538,0.004454535364209998,interpolado
0.0423236647329466,0.003980429420362568,interpolado
0.0424234846969394,0.0034278901294778922,interpolado
0.042523304660932196,0.0028228946746327393,interpolado
0.04262312462492499,0.0021914202389038827,interpolado
0.04272294458891779,0.001559444005368049,interpolado
0.042822764552910585,0.0009529431571020988,interpolado
0.04292258451690339,0.0003978948771827588,interpolado
0.043,1.94e-05,original
0.04312222444488898,-0.00046082554192860675,interpolado
0.04322204440888176,-0.0007400753879131995,interpolado
0.04332186437287459,-0.0009140583826855902,interpolado
0.04342168433686737,-0.0009793172803503351,interpolado
0.043521504300860166,-0.0009323948350120305,interpolado
0.043621324264852976,-0.0007698338007752575,interpolado
0.04372114422884576,-0.00048817693174459554,interpolado
0.04382096419283857,-8.396698202462632e-05,interpolado
0.04392078415683137,0.00044625329428011175,interpolado
0.044,0.000959,original
0.044120424084816964,0.0018855843597627017,interpolado
0.044220244048809754,0.002748208201548646,interpolado
0.04432006401280256,0.0036528864612565596,interpolado
0.04441988397679535,0.004558757891384977,interpolado
0.044519703940788156,0.0054249612444324845,interpolado
0.04461952390478095,0.006210635272897499,interpolado
0.04471934386877376,0.0068749187292786096,interpolado
0.044819163832766545,0.0073769503660743516,interpolado
0.044918983796759356,0.007675868935783257,interpolado
0.045,0.007741,original
0.04511862372474495,0.00752457292978827,interpolado
0.04521844368873775,0.007093024819755328,interpolado
0.04531826365273055,0.006479956790807139,interpolado
0.045418083616723344,0.005729062568840173,interpolado
0.04551790358071613,0.004884035879750905,interpolado
0.04561772354470895,0.003988570449435745,interpolado
0.04571754350870173,0.0030863600037912913,interpolado
0.045817363472694536,0.002221098268713953,interpolado
0.045917183436687325,0.0014364789701002037,interpolado
0.046,0.000878,original
0.046116823364672925,0.00026854625421203644,interpolado
0.04621664332866572,-9.477633032797668e-05,interpolado
0.046316463292658525,-0.00032775340765300284,interpolado
0.04641628325665133,-0.0004443189938651465,interpolado
0.04651610322064412,-0.0004584071050664811,interpolado
0.04661592318463692,-0.00038395175735908067,interpolado
0.046715743148629724,-0.00023488696684501877,interpolado
0.04681556311262252,-2.514674962635278e-05,interpolado
0.046915383076615316,0.0002313348781948135,interpolado
0.047,0.000475,original
0.04711502300460093,0.0008281058494281448,interpolado
0.04721484296859371,0.001137453952008662,interpolado
0.04731466293258652,0.0014320642467886935,interpolado
0.047414482896579326,0.0016953343435103573,interpolado
0.047514302860572115,0.0019106618519157148,interpolado
0.04761412282456492,0.0020614443817468867,interpolado
0.047713942788557714,0.0021310795427459737,interpolado
0.04781376275255052,0.002102964944655076,interpolado
0.047913582716543314,0.0019604981972162934,interpolado
0.048,0.001732,original
0.048113222644528914,0.0012780923198991057,interpolado
0.04821304260852171,0.0007608617588457607,interpolado
0.048312862572514506,0.00016811490142353802,interpolado
0.04841268253650731,-0.00046743847211720946,interpolado
0.04851250250050011,-0.0011130885815261694,interpolado
0.04861232246449291,-0.0017361256465528983,interpolado
0.048712142428485705,-0.0023038398869470863,interpolado
0.0488119623924785,-0.002783521522458381,interpolado
0.0489117823564713,-0.0031424607728364256,interpolado
0.049,-0.003333,original
0.049111422284456904,-0.0033803601727617812,interpolado
0.0492112422484497,-0.0032569073613703467,interpolado
0.049311062212442504,-0.003001353426000086,interpolado
0.0494108821764353,-0.002637447592741325,interpolado
0.04951070214042809,-0.002188939087684395,interpolado
0.049610522104420886,-0.0016795771369196221,interpolado
0.04971034206841369,-0.0011331109665372984,interpolado
0.04981016203240649,-0.0005732898026278287,interpolado
0.049909981996399296,-2.3862871281505097e-05,interpolado
0.05,0.000443,original
0.05010962192438488,0.0009521377874334361,interpolado
0.05020944188837768,0.0013477594440945524,interpolado
0.05030926185237049,0.0016696077580276095,interpolado
0.05040908181636328,0.0019090025378165354,interpolado
0.05050890178035608,0.002057263592045328,interpolado
0.05060872174434887,0.0021057107292979595,interpolado
0.05070854170834167,0.002045663758158405,interpolado
0.05080836167233446,0.001868442487210636,interpolado
0.050908181636327265,0.0015653667250386017,interpolado
0.051,0.001168,original
0.051107821564312865,0.0005546879409549322,interpolado
0.051207641528305654,-0.00013038831962807937,interpolado
0.05130746149229845,-0.0008992195282767809,interpolado
0.051407281456291254,-0.0017235558820888539,interpolado
0.05150710142028405,-0.002575147578161802,interpolado
0.05160692138427685,-0.003425744813593303,interpolado
0.05170674134826966,-0.004247097785480978,interpolado
0.05180656131226244,-0.005010956690922446,interpolado
0.051906381276255235,-0.005689071727015332,interpolado
0.052,-0.006222,original
0.05210602120424085,-0.006678034302607377,interpolado
0.052205841168233645,-0.006948142492147707,interpolado
0.05230566113222645,-0.0070501074374033365,interpolado
0.05240548109621924,-0.00697051832332419,interpolado
0.05250530106021204,-0.0066959643348602,interpolado
0.05260512102420484,-0.006213034656961253,interpolado
0.05270494098819765,-0.005508318474577344,interpolado
0.052804760952190444,-0.004568404972658379,interpolado
0.052904580916183254,-0.003379883336154287,interpolado
0.053,-0.001999,original
0.05310422084416883,-0.0002241025012785033,interpolado
0.05320404080816165,0.0016558818081479003,interpolado
0.05330386077215444,0.0036147393137498434,interpolado
0.053403680736147235,0.0055566007118459,interpolado
0.05350350070014003,0.007385596698754513,interpolado
0.05360332066413282,0.009005857970794125,interpolado
0.05370314062812563,0.010321515224283187,interpolado
0.053802960592118435,0.011236699155540182,interpolado
0.053902780556111224,0.011655540460883428,interpolado
0.054,0.011495,original
0.05410242048409682,0.010660172551460557,interpolado
0.05420224044808961,0.0092790828169851,interpolado
0.05430206041208242,0.00746218140505524,interpolado
0.05440188037607522,0.005332748441692568,interpolado
0.054501700340068016,0.00301406405291831,interpolado
0.05460152030406081,0.0006294083647538051,interpolado
0.054701340268053615,-0.0016979384967796061,interpolado
0.05480116023204642,-0.003844696405660591,interpolado
0.054900980196039215,-0.005687585235867925,interpolado
0.055,-0.007094,original
0.055100620124024814,-0.00800199055866171,interpolado
0.05520044008801761,-0.008423908832977419,interpolado
0.055300260052010414,-0.008441195327013306,interpolado
0.05540008001600321,-0.008125965666681327,interpolado
0.05549989997999602,-0.007550335477893401,interpolado
0.05559971994398881,-0.006786420386561563,interpolado
0.05569953990798162,-0.005906336018597748,interpolado
0.05579935987197441,-0.004982197999913909,interpolado
0.055899179835967205,-0.004086121956422007,interpolado
0.056,-0.003283,original
0.056098819763952805,-0.002652039857344106,interpolado
0.056198639727945615,-0.002169014768836478,interpolado
0.056298459691938404,-0.001823110277099655,interpolado
0.056398279655931194,-0.0015962883956061082,interpolado
0.056498099619924,-0.001470511137828307,interpolado
0.05659791958391678,-0.001427740517238722,interpolado
0.05669773954790959,-0.001449938547309827,interpolado
0.056797559511902386,-0.0015190672415140874,interpolado
0.05689737947589518,-0.0016170886133239735,interpolado
0.057,-0.001729,original
0.05709701940388077,-0.0018293320288602394,interpolado
0.05719683936787358,-0.0019181140856096212,interpolado
0.057296659331866374,-0.0019852157824471303,interpolado
0.057396479295859164,-0.0020235420956376234,interpolado
0.057496299259851974,-0.0020259980014459703,interpolado
0.05759611922384477,-0.0019854884761370357,interpolado
0.05769593918783757,-0.0018949184959756848,interpolado
0.05779575915183038,-0.001747193037226769,interpolado
0.05789557911582317,-0.001535217076155174,interpolado
0.058,-0.001237,original
0.058095219043808766,-0.000895140110144374,interpolado
0.05819503900780156,-0.0004858620676072721,interpolado
0.058294858971794365,-5.1573457085119384e-05,interpolado
0.05839467893578716,0.0003802131609420613,interpolado
0.05849449889977996,0.0007819852259941527,interpolado
0.05859431886377275,0.0011262301775911334,interpolado
0.058694138827765543,0.0013854354552529486,interpolado
0.05879395879175835,0.0015320884984995444,interpolado
0.05889377875575114,0.0015386767468508673,interpolado
0.059,0.001361,original
0.059093418683736736,0.0010326208693514415,interpolado
0.05919323864772953,0.0005403939596692702,interpolado
0.059293058611722335,-4.5901145084450496e-05,interpolado
0.05939287857571514,-0.000673168957739438,interpolado
0.059492698539707935,-0.0012883139911254104,interpolado
0.05959251850370074,-0.0018382407580721197,interpolado
0.05969233846769355,-0.0022698537714092074,interpolado
0.05979215843168634,-0.0025300575439664292,interpolado
0.05989197839567914,-0.0025657565885735074,interpolado
0.06,-0.00229,original
0.06009161832366474,-0.0017682571750447088,interpolado
0.060191438287657544,-0.0009499495911829897,interpolado
0.06029125825165034,5.2267248235607925e-05,interpolado
0.06039107821564312,0.0011595810632799588,interpolado
0.06049089817963593,0.0022931795740188826,interpolado
0.060590718143628736,0.003374250500521207,interpolado
0.06069053810762152,0.0043239815628557535,interpolado
0.06079035807161433,0.005063560481091389,interpolado
0.06089017803560712,0.005514174975296831,interpolado
0.061,0.005582,original
0.06108981796359272,0.005253203389131344,interpolado
0.06118963792758553,0.004531803257459179,interpolado
0.06128945789157832,0.003518212423662368,interpolado
0.06138927785557113,0.002297858479089944,interpolado
0.061489097819563916,0.000956169015090731,interpolado
0.06158891778355671,-0.00042142837698638444,interpolado
0.06168873774754952,-0.0017495061057925176,interpolado
0.06178855771154231,-0.0029426365799787788,interpolado
0.06188837767553511,-0.0039153922081963406,interpolado
0.062,-0.004637,original
0.0620880176035207,-0.004873914772960267,interpolado
0.06218783756751352,-0.004811149521628469,interpolado
0.062287657531506314,-0.004447265916595557,interpolado
0.062387477495499104,-0.003835518434642493,interpolado
0.06248729745949191,-0.0030291615525501834,interpolado
0.0625871174234847,-0.0020814497470997718,interpolado
0.06268693738747752,-0.0010456374950719633,interpolado
0.06278675735147032,2.5020726752144956e-05,interpolado
0.0628865773154631,0.0010772704415914385,interpolado
0.063,0.002183,original
0.0630862172434487,0.0029192990399501927,interpolado
0.0631860372074415,0.003649018469724977,interpolado
0.06328585717143427,0.0042474900260405755,interpolado
0.06338567713542709,0.004715210943711954,interpolado
0.06348549709941989,0.005052678457553824,interpolado
0.06358531706341268,0.005260389802380965,interpolado
0.06368513702740548,0.0053388422130082385,interpolado
0.06378495699139829,0.005288532924250425,interpolado
0.06388477695539109,0.005109959170922311,interpolado
0.064,0.004745,original
0.06408441688337667,0.0043726428488016795,interpolado
0.06418423684736949,0.0038370220141807332,interpolado
0.06428405681136226,0.0032233826789750896,interpolado
0.06438387677535506,0.0025583678492680302,interpolado
0.06448369673934787,0.0018686205311430899,interpolado
0.06458351670334066,0.0011807837306838148,interpolado
0.06468333666733346,0.0005215004539734661,interpolado
0.06478315663132625,-8.258629290432785e-05,interpolado
0.06488297659531905,-0.0006048335038662843,interpolado
0.065,-0.001077,original
0.06508261652330465,-0.001301821886469443,interpolado
0.06518243648729745,-0.0014634746771943208,interpolado
0.06528225645129025,-0.0015253902118527978,interpolado
0.06538207641528304,-0.0015094435521108716,interpolado
0.06548189637927584,-0.0014375097596345241,interpolado
0.06558171634326866,-0.0013314638960897165,interpolado
0.06568153630726145,-0.0012131810231424379,interpolado
0.06578135627125424,-0.0011045362024586852,interpolado
0.06588117623524704,-0.0010274044957044094,interpolado
0.066,-0.001007,original
0.06608081616323264,-0.0010511261598909341,interpolado
0.06618063612722544,-0.0011585637639111583,interpolado
0.06628045609121826,-0.0013020612783794085,interpolado
0.06638027605521105,-0.001457653486309872,interpolado
0.06648009601920384,-0.0016013751707167328,interpolado
0.06657991598319665,-0.0017092611146142325,interpolado
0.06667973594718946,-0.0017573461010165466,interpolado
0.06677955591118223,-0.0017216649129378927,interpolado
0.06687937587517505,-0.0015782523333924593,interpolado
0.067,-0.001227,original
0.06707901580316065,-0.0008775579023866755,interpolado
0.06717883576715343,-0.0003220962335144235,interpolado
0.06727865573114623,0.0003245717863333382,interpolado
0.06737847569513902,0.0010236814319624363,interpolado
0.06747829565913181,0.001736467978178666,interpolado
0.06757811562312463,0.002424166699788125,interpolado
0.06767793558711742,0.0030480128715965273,interpolado
0.06777775555111022,0.0035692417684099454,interpolado
0.067877575515103,0.0039490886650341405,interpolado
0.068,0.004165,original
0.0680772154430886,0.00413415884426841,interpolado
0.06817703540708141,0.003907904892351931,interpolado
0.06827685537107421,0.003490532556405878,interpolado
0.06837667533506701,0.0029026623495990644,interpolado
0.06847649529905982,0.0021649147851000266,interpolado
0.06857631526305262,0.0012979103760775378,interpolado
0.06867613522704541,0.0003222696357004437,interpolado
0.06877595519103821,-0.000741386922862826,interpolado
0.06887577515503102,-0.0018724387864432793,interpolado
0.069,-0.003343,original
0.06907541508301662,-0.0042518594874282134,interpolado
0.06917523504700944,-0.005433816345045638,interpolado
0.06927505501100223,-0.00654238699408999,interpolado
0.069374874974995,-0.007523741525277279,interpolado
0.06947469493898781,-0.008324050029323907,interpolado
0.0695745149029806,-0.008889482596945799,interpolado
0.06967433486697341,-0.009166209318859244,interpolado
0.06977415483096622,-0.009100400285780269,interpolado
0.069873974794959,-0.008638225588425103,interpolado
0.07,-0.007405,original
0.0700736147229446,-0.0063215138770739395,interpolado
0.07017343468693742,-0.004492844746713355,interpolado
0.07027325465093019,-0.002365797575151127,interpolado
0.07037307461492301,-6.686577818316952e-05,interpolado
0.07047289457891581,0.002277457228393712,interpolado
0.07057271454290859,0.004540678028782692,interpolado
0.0706725345069014,0.006596303207187891,interpolado
0.0707723544708942,0.008317839347812252,interpolado
0.070872174434887,0.009578793034859742,interpolado
0.071,0.010319,original
0.07107181436287258,0.010229023110089854,interpolado
0.07117163432686538,0.00955224519331986,interpolado
0.07127145429085818,0.008353400647696624,interpolado
0.07137127425485096,0.0067645045125129906,interpolado
0.07147109421884378,0.004917571827062281,interpolado
0.07157091418283656,0.0029446176306379603,interpolado
0.07167073414682937,0.0009776569625326494,interpolado
0.07177055411082216,-0.0008512951379599542,interpolado
0.07187037407481495,-0.002410223631547189,interpolado
0.072,-0.003815,original
0.07207001400280055,-0.0042016596028468115,interpolado
0.07216983396679336,-0.004313854778897186,interpolado
0.07226965393078615,-0.003974392913433972,interpolado
0.07236947389477896,-0.0032548713753615044,interpolado
0.07246929385877175,-0.002226887533584397,interpolado
0.07256911382276457,-0.0009620387570067894,interpolado
0.07266893378675736,0.0004680775854667596,interpolado
0.07276875375075015,0.001991864124931601,interpolado
0.07286857371474297,0.0035377234924837296,interpolado
0.073,0.005486,original
0.07306821364272856,0.0064123466103060195,interpolado
0.07316803360672133,0.007637734680533704,interpolado
0.07326785357071416,0.00869614052196247,interpolado
0.07336767353470694,0.00957378804538655,interpolado
0.07346749349869973,0.01025690116160029,interpolado
0.07356731346269255,0.010731703781398299,interpolado
0.07366713342668534,0.010984419815574869,interpolado
0.07376695339067814,0.01100127317492449,interpolado
0.07386677335467094,0.010768487770241543,interpolado
0.074,0.010045,original
0.07406641328265653,0.009502246818121738,interpolado
0.07416623324664931,0.008487079189720043,interpolado
0.07426605321064211,0.007280839402558511,interpolado
0.07436587317463492,0.00593800865995334,interpolado
0.0744656931386277,0.0045130681652208095,interpolado
0.07456551310262051,0.0030604991216765945,interpolado
0.07466533306661333,0.0016347827326371523,interpolado
0.07476515303060613,0.0002904002014181603,interpolado
0.07486497299459892,-0.0009181672686639491,interpolado
0.075,-0.00224,original
0.07506461292258453,-0.002713621997882309,interpolado
0.07516443288657731,-0.0032449820438539526,interpolado
0.07526425285057012,-0.0035570698418379413,interpolado
0.07536407281456291,-0.0036770335627032916,interpolado
0.07546389277855571,-0.0036320213773191386,interpolado
0.07556371274254853,-0.003449181456554568,interpolado
0.07566353270654129,-0.0031556619712787325,interpolado
0.0757633526705341,-0.0027786110923606598,interpolado
0.0758631726345269,-0.002345176990669555,interpolado
0.076,-0.001709,original
0.0760628125625125,-0.0014173050571144794,interpolado
0.0761626325265053,-0.0009703027555987802,interpolado
0.07626245249049812,-0.0005579826573987067,interpolado
0.0763622724544909,-0.0001967351210384357,interpolado
0.0764620924184837,9.704949495800453e-05,interpolado
0.07656191238247648,0.00030698083206640616,interpolado
0.0766617323464693,0.00041666853176269966,interpolado
0.07676155231046208,0.0004097222355227179,interpolado
0.07686137227445489,0.0002697515848223602,interpolado
0.077,-0.000176,original
0.07706101220244047,-0.0004715982653667599,interpolado
0.07716083216643328,-0.0010531184338060937,interpolado
0.07726065213042609,-0.0016966509258951874,interpolado
0.07736047209441889,-0.0023338222208189392,interpolado
0.07746029205841168,-0.002896258797762517,interpolado
0.07756011202240448,-0.0033155871359107675,interpolado
0.07765993198639728,-0.003523433714448797,interpolado
0.07775975195039009,-0.0034514250125615513,interpolado
0.07785957191438288,-0.0030311875094339996,interpolado
0.078,-0.001719,original
0.07805921184236847,-0.0008787475896230809,interpolado
0.07815903180636126,0.000882210566854292,interpolado
0.07825885177035408,0.0029802322021566874,interpolado
0.07835867173434687,0.005305017826493614,interpolado
0.07845849169833968,0.0077462679500737265,interpolado
0.07855831166233247,0.010193683083105603,interpolado
0.07865813162632526,0.012536963735798863,interpolado
0.07875795159031806,0.014665810418361798,interpolado
0.07885777155431087,0.016469923641003935,interpolado
0.079,0.018262,original
0.07905741148229646,0.018668735688533628,interpolado
0.07915723144628925,0.018953783890527917,interpolado
0.07925705141028205,0.01877014701141212,interpolado
0.07935687137427486,0.01819623538664912,interpolado
0.07945669133826766,0.01731045935170199,interpolado
0.07955651130226044,0.016191229242033416,interpolado
0.07965633126625327,0.014916955393106458,interpolado
0.07975615123024606,0.013566048140384238,interpolado
0.07985597119423883,0.012216917819329317,interpolado
0.08,0.010432,original
0.08005561112222444,0.009834882707444955,interpolado
0.08015543108621725,0.00890432303200331,interpolado
0.08025525105021003,0.008140781105353236,interpolado
0.08035507101420285,0.007527362421465623,interpolado
0.08045489097819564,0.00704717247431175,interpolado
0.08055471094218844,0.006683316757862591,interpolado
0.08065453090618122,0.006418900766089355,interpolado
0.08075435087017403,0.006237029992963076,interpolado
0.08085417083416682,0.006120809932454901,interpolado
0.081,0.006034,original
0.08105381076215243,0.00601804259673859,interpolado
0.08115363072614523,0.006004059540683955,interpolado
0.08125345069013802,0.006005754763542389,interpolado
0.08135327065413084,0.006017672808262688,interpolado
0.08145309061812363,0.006034358217793636,interpolado
0.08155291058211642,0.006050355535084034,interpolado
0.08165273054610922,0.00606020930308267,interpolado
0.08175255051010202,0.006058464064738338,interpolado
0.0818523704740948,0.00603966436299983,interpolado
0.082,0.005969,original
0.0820520104020804,0.005929248694610744,interpolado
0.08215183036607318,0.005830587032944684,interpolado
0.082251650330066,0.005703949448757579,interpolado
0.08235147029405879,0.005551046867303797,interpolado
0.08245129025805162,0.0053735902138376335,interpolado
0.08255111022204441,0.005173290413613445,interpolado
0.08265093018603718,0.004951858391885605,interpolado
0.08275075015003001,0.004711005073908387,interpolado
0.08285057011402278,0.004452441384936195,interpolado
0.083,0.004036,original
0.08305021004200841,0.0038890688318625106,interpolado
0.08315003000600119,0.0035887241632477276,interpolado
0.083249849969994,0.003280505667021938,interpolado
0.08334966993398678,0.0029681155062275346,interpolado
0.0834494898979796,0.002655255843906743,interpolado
0.08354930986197237,0.002345628843101959,interpolado
0.0836491298259652,0.0020429366668554085,interpolado
0.08374894978995802,0.0017508814782094444,interpolado
0.0838487697539508,0.0014731654402064143,interpolado
0.08394858971794358,0.001213490715888552,interpolado
0.084,0.001088,original
0.08414822964592919,0.0007628961668610597,interpolado
0.08424804960992202,0.0005789033675607328,interpolado
0.0843478695739148,0.000426951454554786,interpolado
0.08444768953790761,0.0003104170016109037,interpolado
0.08454750950190039,0.00023267658249684378,interpolado
0.08464732946589319,0.00019710677098031123,interpolado
0.084747149429886,0.0002070841408290415,interpolado
0.08484696939387879,0.00026598526581076364,interpolado
0.0849467893578716,0.00037718671969320635,interpolado
0.085,0.000459,original
0.0851464292858572,0.0007586676160324967,interpolado
0.08524624924984998,0.0010044767893933216,interpolado
0.08534606921384277,0.001262969907828222,interpolado
0.08544588917783558,0.00151598965658345,interpolado
0.08554570914182837,0.0017453787209052616,interpolado
0.08564552910582116,0.0019329797860400066,interpolado
0.08574534906981393,0.002060635537233924,interpolado
0.08584516903380673,0.002110188659733336,interpolado
0.08594498899779954,0.0020634818387845195,interpolado
0.086,0.00199,original
0.08614462892578514,0.0016325567034129406,interpolado
0.08624444888977793,0.0012796145199971455,interpolado
0.08634426885377072,0.0008732248752943031,interpolado
0.08644408881776354,0.00044237074002287434,interpolado
0.0865439087817563,1.6035084901092306e-05,interpolado
0.08664372874574912,-0.00037679911935262396,interpolado
0.08674354870974194,-0.0007071489020198799,interpolado
0.08684336867373474,-0.0009460312923824109,interpolado
0.08694318863772751,-0.0010644633197218032,interpolado
0.087,-0.001067,original
0.08714282856571313,-0.0008563479625455048,interpolado
0.08724264852970592,-0.000565621307896316,interpolado
0.08734246849369873,-0.00019934308601216873,interpolado
0.08744228845769153,0.00020530767163876167,interpolado
0.08754210842168433,0.0006111519335885076,interpolado
0.08764192838567711,0.000981010668368882,interpolado
0.08774174834966993,0.001277704844511908,interpolado
0.08784156831366274,0.001464055430549447,interpolado
0.0879413882776555,0.0015028833950134174,interpolado
0.088,0.001442,original
0.08814102820564113,0.0010236989618593298,interpolado
0.08824084816963391,0.0005340032071107633,interpolado
0.08834066813362672,-7.511577853579454e-05,interpolado
0.08844048809761951,-0.0007675555126302138,interpolado
0.08854030806161234,-0.0015072135127226654,interpolado
0.0886401280256051,-0.0022579872963629202,interpolado
0.08873994798959792,-0.002983774381101168,interpolado
0.0888397679535907,-0.0036484722844871845,interpolado
0.08893958791758352,-0.004215978524071134,interpolado
0.089,-0.004497,original
0.08913922784556912,-0.0049394289998508575,interpolado
0.0892390478095619,-0.0050979381106398824,interpolado
0.0893388677735547,-0.005144172887740537,interpolado
0.0894386877375475,-0.005096034449286096,interpolado
0.08953850770154032,-0.004971423913409814,interpolado
0.08963832766553308,-0.004788242398244986,interpolado
0.08973814762952591,-0.004564391021924828,interpolado
0.0898379675935187,-0.004317770902582662,interpolado
0.0899377875575115,-0.004066283158351686,interpolado
0.09,-0.003915,original
0.09013742748549709,-0.003614033964484835,interpolado
0.0902372474494899,-0.0034293390355634532,interpolado
0.09033706741348267,-0.0032770882654628956,interpolado
0.0904368873774755,-0.003160754398182391,interpolado
0.09053670734146826,-0.0030838101777212403,interpolado
0.09063652730546108,-0.003049728348078696,interpolado
0.09073634726945387,-0.003061981653254041,interpolado
0.09083616723344669,-0.0031240428372465373,interpolado
0.09093598719743949,-0.0032393846440554696,interpolado
0.091,-0.003343,original
0.09113562712542508,-0.00363451454315391,interpolado
0.0912354470894179,-0.003891237033355227,interpolado
0.09133526705341068,-0.004162735555479702,interpolado
0.09143508701740347,-0.004430269269942767,interpolado
0.09153490698139627,-0.004675097337159707,interpolado
0.09163472694538909,-0.004878478917545946,interpolado
0.09173454690938186,-0.005021673171516787,interpolado
0.09183436687337468,-0.005085939259487626,interpolado
0.09193418683736748,-0.005052536341873791,interpolado
0.092,-0.004968,original
0.09213382676535305,-0.004632565292125851,interpolado
0.09223364672934586,-0.004257693743978631,interpolado
0.09233346669333865,-0.0037964737689131487,interpolado
0.09243328665733146,-0.003267027270979661,interpolado
0.09253310662132426,-0.0026874761542284653,interpolado
0.09263292658531705,-0.002075942322709611,interpolado
0.09273274654930984,-0.0014505476804734737,interpolado
0.09283256651330266,-0.0008294141315700926,interpolado
0.09293238647729546,-0.0002306635800497646,interpolado
0.093,0.000153,original
0.09313202640528107,0.0008291272396617431,interpolado
0.09323184636927385,0.0012605025810457364,interpolado
0.09333166633326664,0.0016086093268925946,interpolado
0.09343148629725945,0.0018603207474447686,interpolado
0.09353130626125225,0.002002510112944872,interpolado
0.09363112622524505,0.0020220506936354057,interpolado
0.09373094618923784,0.0019058157597589382,interpolado
0.09383076615323063,0.001640678581557982,interpolado
0.09393058611722344,0.0012135124292751577,interpolado
0.094,0.000814,original
0.09413022604520904,-0.00015574338634244227,interpolado
0.09423004600920182,-0.0010409438875415462,interpolado
0.09432986597319462,-0.0019932755133428405,interpolado
0.09442968593718742,-0.0029619041417762847,interpolado
0.09452950590118023,-0.003895995650872358,interpolado
0.09462932586517303,-0.0047447159186610206,interpolado
0.09472914582916582,-0.005457230823172721,interpolado
0.09482896579315865,-0.005982706242437544,interpolado
0.09492878575715143,-0.006270308054485669,interpolado
0.095,-0.006302,original
0.09512842568513703,-0.005968345302990289,interpolado
0.09522824564912984,-0.005420906356028286,interpolado
0.09532806561312265,-0.004688597700286742,interpolado
0.09542788557711544,-0.0038326920085127603,interpolado
0.09552770554110825,-0.0029144619534530744,interpolado
0.09562752550510104,-0.0019951802078548987,interpolado
0.09572734546909382,-0.0011361194444649515,interpolado
0.09582716543308661,-0.00039855233603042944,interpolado
0.09592698539707945,0.00015624844470190009,interpolado
0.096,0.000411,original
0.09612662532506505,0.0005114118944297505,interpolado
0.09622644528905783,0.00033409420952012933,interpolado
0.0963262652530506,-1.1356232345807102e-05,interpolado
0.09642608521704342,-0.0004717223454299992,interpolado
0.09652590518103622,-0.0009937870439942432,interpolado
0.096625725145029,-0.0015243332423003047,interpolado
0.09672554510902182,-0.0020101438546101707,interpolado
0.09682536507301459,-0.002398001795185559,interpolado
0.09692518503700741,-0.00263468997828842,interpolado
0.097,-0.002681,original
0.097124824964993,-0.0024731120058445227,interpolado
0.0972246449289858,-0.002088727797053017,interpolado
0.09732446489297861,-0.0015572905309648773,interpolado
0.0974242848569714,-0.0009219994499995134,interpolado
0.0975241048209642,-0.00022605379657665505,interpolado
0.09762392478495698,0.0004873471868843316,interpolado
0.09772374474894979,0.001175004257963787,interpolado
0.09782356471294258,0.0017937181742420677,interpolado
0.0979233846769354,0.0023002896932997857,interpolado
0.098,0.002586,original
0.09812302460492098,0.0028296561450366635,interpolado
0.0982228445689138,0.002866400911092348,interpolado
0.09832266453290657,0.0028002847769487893,interpolado
0.09842248449689937,0.0026696678851802266,interpolado
0.09852230446089218,0.0025129103783609456,interpolado
0.09862212442488498,0.0023683723990651604,interpolado
0.09872194438887777,0.0022744140898671617,interpolado
0.09882176435287057,0.0022693955933411804,interpolado
0.09892158431686335,0.0023916770520614958,interpolado
0.099,0.002602,original
0.09912122424484898,0.0031421722891305306,interpolado
0.09922104420884174,0.003727628814546737,interpolado
0.09932086417283456,0.004375671475972095,interpolado
0.09942068413682738,0.005026145447313284,interpolado
0.09952050410082017,0.005618895902476981,interpolado
0.09962032406481298,0.006093768015370111,interpolado
0.09972014402880577,0.006390606959899312,interpolado
0.09981996399279859,0.00644925790997143,interpolado
0.09991978395679138,0.006209566039493159,interpolado
0.1,0.00576,original
0.10011942388477699,0.0046398298139487875,interpolado
0.10021924384876978,0.003379145575402621,interpolado
0.10031906381276257,0.0019280715061251574,interpolado
0.10041888377675537,0.0003851549468135996,interpolado
0.10051870374074814,-0.0011510567618356667,interpolado
0.10061852370474098,-0.0025820162791256015,interpolado
0.10071834366873375,-0.003809176264359227,interpolado
0.10081816363272657,-0.004733989376840066,interpolado
0.10091798359671933,-0.005257908275871064,interpolado
0.101,-0.005319,original
0.10111762352470495,-0.0047656961142044955,interpolado
0.10121744348869774,-0.003797808970350616,interpolado
0.10131726345269051,-0.0024887451193169857,interpolado
0.1014170834166833,-0.0009483284510047772,interpolado
0.10151690338067614,0.0007136171446856033,interpolado
0.10161672334466891,0.0023872677778528956,interpolado
0.10171654330866171,0.003962799558596726,interpolado
0.1018163632726545,0.005330388597016026,interpolado
0.1019161832366473,0.00638021100320983,interpolado
0.102,0.006936,original
0.10211582316463289,0.0071337109058803765,interpolado
0.1022156431286257,0.006824625579427531,interpolado
0.1023154630926185,0.006143890955059559,interpolado
0.10241528305661132,0.005160088554807943,interpolado
0.10251510302060411,0.0039417999007037305,interpolado
0.1026149229845969,0.0025576065147785722,interpolado
0.10271474294858972,0.0010760899190634043,interpolado
0.10281456291258251,-0.0004341683644102614,interpolado
0.10291438287657531,-0.0019045868136108954,interpolado
0.103,-0.003082,original
0.1031140228045609,-0.004467705307853651,interpolado
0.1032138427685537,-0.00549736969366841,interpolado
0.1033136627325465,-0.0063519479693537485,interpolado
0.1034134826965393,-0.007027779872300593,interpolado
0.10351330266053212,-0.007521205139899507,interpolado
0.10361312262452489,-0.007828563509541149,interpolado
0.10371294258851771,-0.007946194718616299,interpolado
0.10381276255251048,-0.007870438504515615,interpolado
0.10391258251650332,-0.007597634604629768,interpolado
0.104,-0.007194,original
0.10411222244448887,-0.006455805141643716,interpolado
0.10421204240848168,-0.005624839841988592,interpolado
0.10431186237247447,-0.004667956427059592,interpolado
0.10441168233646726,-0.0036218715586369926,interpolado
0.10451150230046007,-0.00252330189850162,interpolado
0.10461132226445288,-0.0014089641084337053,interpolado
0.10471114222844567,-0.0003155748502139489,interpolado
0.10481096219243846,0.0007201492143769695,interpolado
0.10491078215643128,0.0016614914235587976,interpolado
0.105,0.002393,original
0.10511042208441687,0.0031251174068896966,interpolado
0.10521024204840967,0.0036276660571830386,interpolado
0.10531006201240249,0.0039912252592152345,interpolado
0.10540988197639527,0.0042276295101790875,interpolado
0.10550970194038807,0.004348713307267234,interpolado
0.1056095219043809,0.00436631114767241,interpolado
0.10570934186837369,0.004292257528587294,interpolado
0.1058091618323665,0.004138386947204615,interpolado
0.1059089817963593,0.003916533900717036,interpolado
0.106,0.003665,original
0.10610862172434489,0.0033171194575408467,interpolado
0.10620844168833767,0.002967792247006169,interpolado
0.10630826165233048,0.0026065819401961694,interpolado
0.10640808161632326,0.0022495187431801253,interpolado
0.10650790158031605,0.0019126328620273103,interpolado
0.10660772154430888,0.00161195450280686,interpolado
0.10670754150830164,0.0013635138715880832,interpolado
0.10680736147229446,0.0011833411744401382,interpolado
0.10690718143628726,0.0010874666174322941,interpolado
0.107,0.001088,original
0.10710682136427284,0.001205174210790292,interpolado
0.10720664132826564,0.0014112177705185203,interpolado
0.10730646129225846,0.001689073612403432,interpolado
0.10740628125625123,0.0020177663912577283,interpolado
0.10750610122024404,0.0023763207618942776,interpolado
0.10760592118423686,0.0027437613791258092,interpolado
0.10770574114822967,0.00309911289776505,interpolado
0.10780556111222246,0.0034213999726248738,interpolado
0.10790538107621526,0.00368964725851797,interpolado
0.108,0.003875,original
0.10810502100420086,0.003986376033049396,interpolado
0.10820484096819366,0.00400681059191082,interpolado
0.10830466093218646,0.003955433940728086,interpolado
0.10840448089617927,0.003843496173646048,interpolado
0.10850430086017206,0.003682247384809522,interpolado
0.10860412082416487,0.0034829376683633674,interpolado
0.10870394078815766,0.003256817118452463,interpolado
0.10880376075215044,0.0030151358292215924,interpolado
0.10890358071614323,0.002769143894815666,interpolado
0.109,0.002538,original
0.1091032206441288,0.0023065185854982445,interpolado
0.10920304060812164,0.0020971799067645044,interpolado
0.10930286057211444,0.001898620740728475,interpolado
0.1094026805361072,0.0017073865518457832,interpolado
0.10950250050010003,0.0015200228045719785,interpolado
0.10960232046409281,0.001333074963362712,interpolado
0.10970214042808561,0.001143088492673534,interpolado
0.10980196039207842,0.0009466088569600703,interpolado
0.10990178035607122,0.0007401815206779512,interpolado
0.11,0.000524,original
0.11010142028405681,0.00028376388036023965,interpolado
0.11020124024804961,2.7435699945538925e-05,interpolado
0.11030106021204243,-0.0002515249459641931,interpolado
0.11040088017603521,-0.000556010410758012,interpolado
0.11050070014002804,-0.0008889130478248588,interpolado
0.11060052010402084,-0.001253125210553659,interpolado
0.11070034006801363,-0.001651539252333491,interpolado
0.1108001600320064,-0.0020870475265532206,interpolado
0.11089997999599922,-0.0025625423866019485,interpolado
0.111,-0.003082,original
0.1110996199239848,-0.0036398993491983615,interpolado
0.11119943988797762,-0.004216450078516461,interpolado
0.11129925985197038,-0.004782302205360051,interpolado
0.1113990798159632,-0.005309189561224807,interpolado
0.11149889977995597,-0.005768845977606106,interpolado
0.11159871974394879,-0.006133005285999599,interpolado
0.1116985397079416,-0.006373401317900728,interpolado
0.11179835967193437,-0.006461767904805011,interpolado
0.11189817963592717,-0.006369838878207989,interpolado
0.112,-0.006061,original
0.11209781956391278,-0.005545619277229322,interpolado
0.11219763952790558,-0.0048417053434546675,interpolado
0.11229745949189837,-0.004015985222480634,interpolado
0.11239727945589116,-0.0031268379847291805,interpolado
0.11249709941988396,-0.0022326427006227295,interpolado
0.11259691938387677,-0.0013917784405832211,interpolado
0.11269673934786958,-0.0006626242750329717,interpolado
0.11279655931186239,-0.00010355927439424108,interpolado
0.11289637927585519,0.00022703749091094148,interpolado
0.113,0.000266,original
0.11309601920384078,-1.2461106421649594e-05,interpolado
0.11319583916783359,-0.0005811102422062838,interpolado
0.11329565913182639,-0.001370658542617649,interpolado
0.11339547909581918,-0.00231660296281182,interpolado
0.11349529905981197,-0.0033544404579447865,interpolado
0.11359511902380481,-0.0044196679831729774,interpolado
0.11369493898779758,-0.00544778249365225,interpolado
0.11379475895179039,-0.006374280944539034,interpolado
0.11389457891578318,-0.007134660290989318,interpolado
0.114,-0.007686,original
0.11409421884376877,-0.007913415742596236,interpolado
0.11419403880776156,-0.007899539448082681,interpolado
0.11429385877175437,-0.007660784845589353,interpolado
0.11439367873574717,-0.007235151194334557,interpolado
0.11449349869973997,-0.006660637753536411,interpolado
0.11459331866373275,-0.005975243782413213,interpolado
0.11469313862772557,-0.0052169685401833215,interpolado
0.11479295859171834,-0.004423811286064759,interpolado
0.11489277855571114,-0.0036337712792759904,interpolado
0.115,-0.002832,original
0.11509241848369674,-0.002210075256957137,interpolado
0.11519223844768953,-0.0016176640689669578,interpolado
0.11529205841168236,-0.001108081783842647,interpolado
0.11539187837567515,-0.0006817934201293199,interpolado
0.11549169833966791,-0.0003392639963718324,interpolado
0.11559151830366074,-8.095853111522456e-05,interpolado
0.11569133826765354,9.265795709551141e-05,interpolado
0.11579115823164633,0.00018112044971544896,interpolado
0.11589097819563912,0.00018396392819958977,interpolado
0.116,8.87e-05,original
0.11609061812362471,-6.660983738137034e-05,interpolado
0.11619043808761752,-0.0003030709866613303,interpolado
0.1162902580516103,-0.0005894281139534388,interpolado
0.11639007801560312,-0.0009064466873388947,interpolado
0.11648989797959591,-0.001234892174899029,interpolado
0.11658971794358872,-0.0015555300447150006,interpolado
0.11668953790758153,-0.001849125764868143,interpolado
0.11678935787157434,-0.002096444803439654,interpolado
0.11688917783556708,-0.002278252628510755,interpolado
0.117,-0.00238,original
0.11708881776355269,-0.0023718224230496183,interpolado
0.1171886377275455,-0.002271085307232293,interpolado
0.1172884576915383,-0.0020830419784923443,interpolado
0.11738827765553113,-0.0018176375666268964,interpolado
0.1174880976195239,-0.001484817201433147,interpolado
0.11758791758351668,-0.0010945260127083309,interpolado
0.11768773754750952,-0.0006567091302495168,interpolado
0.1177875575115023,-0.00018131168385399998,interpolado
0.11788737747549512,0.00032172119668117587,interpolado
0.118,0.00091,original
0.11808701740348071,0.0013712578056493615,interpolado
0.11818683736747351,0.0019005967950610008,interpolado
0.11828665733146627,0.0024236403771436816,interpolado
0.11838647729545909,0.002933568678184307,interpolado
0.11848629725945188,0.0034235618244695576,interpolado
0.11858611722344467,0.003886799942286128,interpolado
0.11868593718743749,0.0043164631579209025,interpolado
0.11878575715143025,0.004705731597660519,interpolado
0.11888557711542305,0.005047785387791842,interpolado
0.119,0.005373,original
0.11908521704340864,0.005564059020037338,interpolado
0.11918503700740145,0.005733613899081925,interpolado
0.11928485697139425,0.005848150230786109,interpolado
0.11938467693538708,0.005911354436532184,interpolado
0.11948449689937987,0.005926912937702396,interpolado
0.11958431686337266,0.005898512155679016,interpolado
0.11968413682736548,0.005829838511844303,interpolado
0.11978395679135825,0.005724578427580539,interpolado
0.11988377675535104,0.005586418324269958,interpolado
0.12,0.005389,original
0.12008341668333666,0.005227146829130092,interpolado
0.12018323664732943,0.005022034118737283,interpolado
0.12028305661132226,0.0048176982058223015,interpolado
0.12038287657531507,0.004628138431381856,interpolado
0.12048269653930785,0.004467354136412642,interpolado
0.12058251650330064,0.004349344661911299,interpolado
0.12068233646729346,0.0042881093488745334,interpolado
0.12078215643128627,0.004297647538299006,interpolado
0.12088197639527908,0.004391958571181411,interpolado
0.121,0.004632,original
0.12108161632326465,0.004886294362001238,interpolado
0.12118143628725746,0.005272962501652886,interpolado
0.12128125625125029,0.005708579909491432,interpolado
0.12138107621524306,0.006156629224540292,interpolado
0.12148089617923587,0.006580593085823131,interpolado
0.12158071614322867,0.006943954132363417,interpolado
0.12168053610722147,0.007210195003184652,interpolado
0.12178035607121429,0.007342798337310446,interpolado
0.12188017603520707,0.007305246773764309,interpolado
0.122,0.006984,original
0.12207981596319266,0.006580119621003129,interpolado
0.12217963592718545,0.005880705290643538,interpolado
0.12227945589117825,0.005002565258405432,interpolado
0.12237927585517104,0.00398558730942615,interpolado
0.12247909581916386,0.0028696592288425193,interpolado
0.1225789157831566,0.0016946688017917754,interpolado
0.12267873574714942,0.0005005038134111943,interpolado
0.12277855571114227,-0.0006729479511624527,interpolado
0.122878375675135,-0.0017857987067917427,interpolado
0.123,-0.003002,original
0.12307801560312064,-0.003673447487988103,interpolado
0.12317783556711343,-0.004400970468416136,interpolado
0.12327765553110624,-0.004982261534142725,interpolado
0.12337747549509903,-0.005418924685363439,interpolado
0.12347729545909181,-0.005712563922274025,interpolado
0.12357711542308461,-0.0058647832450700295,interpolado
0.12367693538707741,-0.005877186653947115,interpolado
0.12377675535107023,-0.005751378149100877,interpolado
0.12387657531506302,-0.005488961730726986,interpolado
0.124,-0.004978,original
0.12407621524304864,-0.004562308330960002,interpolado
0.1241760352070414,-0.003917661823261779,interpolado
0.12427585517103422,-0.00318055327972878,interpolado
0.124375675135027,-0.0023739812557589724,interpolado
0.12447549509901981,-0.0015209443067506305,interpolado
0.12457531506301257,-0.0006444409881020552,interpolado
0.1246751350270054,0.00023253014478882318,interpolado
0.12477495499099822,0.0010869705365235917,interpolado
0.12487477495499101,0.00189588163170431,interpolado
0.125,0.002811,original
0.12507441488297663,0.0032865636266181044,interpolado
0.1251742348469694,0.0038379618420905466,interpolado
0.12527405481096218,0.004288285200544729,interpolado
0.125373874774955,0.004635416756115136,interpolado
0.12547369473894782,0.004877239562936418,interpolado
0.12557351470294065,0.005011636675143234,interpolado
0.1256733346669334,0.005036491146870236,interpolado
0.1257731546309262,0.004949686032252097,interpolado
0.125872974594919,0.0047491043854234445,interpolado
0.126,0.004326,original
0.1260726145229046,0.004000025047062854,interpolado
0.1261724344868974,0.003468723112047695,interpolado
0.1262722544508902,0.0028658299529400566,interpolado
0.126372074414883,0.002218551005195145,interpolado
0.1264718943788758,0.001554091704268032,interpolado
0.12657171434286857,0.000899657485613966,interpolado
0.12667153430686137,0.0002824537846876468,interpolado
0.12677135427085418,-0.00027031396305566885,interpolado
0.12687117423484698,-0.0007314403221609104,interpolado
0.127,-0.001147,original
0.12707081416283256,-0.0012728456480846086,interpolado
0.1271706341268254,-0.0013334687736520107,interpolado
0.12727045409081816,-0.0012768946736368934,interpolado
0.12737027405481097,-0.0011246279788597318,interpolado
0.1274700940188038,-0.0008981733201410012,interpolado
0.12756991398279655,-0.0006190353283012588,interpolado
0.12766973394678935,-0.00030871863416082073,interpolado
0.12776955391078218,1.1272131459768225e-05,interpolado
0.12786937387477496,0.00031943233774003215,interpolado
0.128,0.000669,original
0.12806901380276056,0.0008162242686077054,interpolado
0.1281688337667533,0.000986897603316501,interpolado
0.12826865373074614,0.0011205745354495422,interpolado
0.12836847369473897,0.0012317284997588483,interpolado
0.12846829365873175,0.00133483293099644,interpolado
0.12856811362272455,0.0014443612639143052,interpolado
0.12866793358671735,0.0015747869332645213,interpolado
0.12876775355071016,0.00174058337379908,interpolado
0.12886757351470296,0.0019562240202700013,interpolado
0.129,0.002344,original
0.12906721344268854,0.0025924405407881457,interpolado
0.12916703340668137,0.0030087125888670686,interpolado
0.12926685337067417,0.003450797432039365,interpolado
0.12936667333466698,0.0038842096430502524,interpolado
0.12946649329865975,0.004274463794644846,interpolado
0.12956631326265253,0.004587074459568584,interpolado
0.12966613322664536,0.004787556210566569,interpolado
0.12976595319063816,0.004841423620384014,interpolado
0.12986577315463096,0.004714191261766135,interpolado
0.13,0.004197,original
0.13006541308261654,0.0037826115389035667,interpolado
0.13016523304660935,0.002967542126225931,interpolado
0.13026505301060212,0.0019790506471144683,interpolado
0.13036487297459495,0.0008706227228607564,interpolado
0.13046469293858773,-0.00030425602524329973,interpolado
0.13056451290258048,-0.0014920999759067872,interpolado
0.13066433286657328,-0.0026394235078378127,interpolado
0.1307641528305661,-0.003692740999744799,interpolado
0.13086397279455894,-0.004598566830336171,interpolado
0.131,-0.005499,original
0.1310636127225445,-0.005757902713632976,interpolado
0.13116343268653727,-0.0059657962513725475,interpolado
0.1312632526505301,-0.0059679439517945475,interpolado
0.1313630726145229,-0.005805950115606174,interpolado
0.13146289257851568,-0.005521419043514719,interpolado
0.13156271254250848,-0.0051559550362272185,interpolado
0.13166253250650128,-0.004751162394450935,interpolado
0.1317623524704941,-0.004348645418893071,interpolado
0.13186217243448692,-0.003990008410260828,interpolado
0.132,-0.003644,original
0.13206181236247247,-0.0035686093754243604,interpolado
0.1321616323264653,-0.0035544046632286995,interpolado
0.1322614522904581,-0.003661214459228162,interpolado
0.13236127225445085,-0.003875504390716405,interpolado
0.13246109221844365,-0.00418374008498728,interpolado
0.1325609121824365,-0.004572387169334475,interpolado
0.1326607321464293,-0.005027911271051715,interpolado
0.1327605521104221,-0.005536778017432734,interpolado
0.13286037207441484,-0.0060854530357711024,interpolado
0.133,-0.006894,original
0.13306001200240045,-0.007247790008413108,interpolado
0.13315983196639328,-0.007829309062734761,interpolado
0.13325965193038608,-0.00838321824299786,interpolado
0.13335947189437886,-0.008887689000100134,interpolado
0.13345929185837166,-0.009320892784939727,interpolado
0.13355911182236446,-0.00966100104841435,interpolado
0.13365893178635727,-0.009886185241421866,interpolado
0.13375875175035007,-0.009974616814860128,interpolado
0.1338585717143429,-0.009904467219627046,interpolado
0.134,-0.009491,original
0.13405821164232848,-0.009203234773895405,interpolado
0.1341580316063213,-0.008566751735336704,interpolado
0.13425785157031406,-0.007786126138773867,interpolado
0.13435767153430683,-0.006903801144890878,interpolado
0.13445749149829964,-0.00596221991437096,interpolado
0.13455731146229247,-0.005003825607898067,interpolado
0.13465713142628524,-0.004071061386155925,interpolado
0.13475695139027807,-0.003206370409828252,interpolado
0.13485677135427082,-0.0024521958395989636,interpolado
0.135,-0.001648,original
0.13505641128225646,-0.0014430242296165064,interpolado
0.13515623124624926,-0.0012316512148611008,interpolado
0.13525605121024206,-0.0011889971587619274,interpolado
0.13535587117423484,-0.0012862203628500183,interpolado
0.13545569113822764,-0.0014944791286564565,interpolado
0.13555551110222047,-0.0017849317577122914,interpolado
0.13565533106621325,-0.002128736551548571,interpolado
0.13575515103020602,-0.0024970518116962438,interpolado
0.13585497099419885,-0.0028610358396865686,interpolado
0.136,-0.003323,original
0.13605461092218443,-0.003461555280816452,interpolado
0.13615443088617726,-0.0036592040609457403,interpolado
0.13625425085017004,-0.003788846090339655,interpolado
0.13635407081416284,-0.0038550515181635845,interpolado
0.13645389077815565,-0.0038623904935827995,interpolado
0.13655371074214845,-0.0038154331657626163,interpolado
0.13665353070614122,-0.0037187496838683508,interpolado
0.13675335067013403,-0.0035769101970653666,interpolado
0.13685317063412686,-0.0033944848545188967,interpolado
0.137,-0.003062,original
0.13705281056211244,-0.0029258964880321454,interpolado
0.13715263052610524,-0.002643101268734237,interpolado
0.13725245049009802,-0.002321848870073298,interpolado
0.13735227045409082,-0.0019561461276886706,interpolado
0.13745209041808362,-0.001539999877219948,interpolado
0.13755191038207643,-0.0010674169543066455,interpolado
0.1376517303460692,-0.0005324041945882756,interpolado
0.137751550310062,7.103156629546955e-05,interpolado
0.1378513702740548,0.0007488834927054104,interpolado
0.138,0.001909,original
0.13805101020204044,0.002351008723833654,interpolado
0.13815083016603322,0.0032681921379872116,interpolado
0.13825065013002602,0.004229430415301994,interpolado
0.1383504700940188,0.005204758303767287,interpolado
0.13845029005801163,0.006164210551372624,interpolado
0.1385501100220044,0.0070778219061075395,interpolado
0.1386499299859972,0.007915627115961348,interpolado
0.13874974994999,0.008647660928924054,interpolado
0.1388495699139828,0.009243958092984946,interpolado
0.13894938987797562,0.009674553356133559,interpolado
0.139,0.00982,original
0.13914902980596117,0.00994754422968122,interpolado
0.139248849769954,0.0098064082740965,interpolado
0.1393486697339468,0.009509009656154038,interpolado
0.13944848969793958,0.00907724873722891,interpolado
0.1395483096619324,0.008533025878696188,interpolado
0.13964812962592518,0.00789824144193113,interpolado
0.13974794958991799,0.007194795788308442,interpolado
0.13984776955391082,0.006444589279203369,interpolado
0.13994758951790356,0.0056695222759909755,interpolado
0.14,0.00526,original
0.14014722944588917,0.004120194831505777,interpolado
0.14024704940988197,0.00335645816319054,interpolado
0.14034686937387478,0.0025989398006820118,interpolado
0.14044668933786755,0.0018467022104989557,interpolado
0.14054650930186036,0.0010988078591603412,interpolado
0.14064632926585316,0.0003543192131845142,interpolado
0.1407461492298459,-0.00038770126090955357,interpolado
0.14084596919383874,-0.0011281910966031007,interpolado
0.14094578915783154,-0.0018680878273773635,interpolado
0.141,-0.00227,original
0.14114542908581712,-0.003332659578802127,interpolado
0.14124524904980995,-0.00401114144228505,interpolado
0.14134506901380273,-0.004610824599274718,interpolado
0.14144488897779556,-0.005099289395639027,interpolado
0.14154470894178833,-0.005444116177245792,interpolado
0.14164452890578116,-0.005612885289963109,interpolado
0.14174434886977394,-0.005573177079658751,interpolado
0.14184416883376677,-0.005292571892200615,interpolado
0.14194398879775955,-0.0047386500734565885,interpolado
0.142,-0.004296,original
0.14214362872574518,-0.002739603454582194,interpolado
0.14224344868973796,-0.0013973005939240018,interpolado
0.14234326865373076,6.100389577038064e-05,interpolado
0.14244308861772356,0.001550055210317306,interpolado
0.14254290858171637,0.002984598545532746,interpolado
0.14264272854570914,0.0042793790972338675,interpolado
0.14274254850970194,0.005349142061236616,interpolado
0.14284236847369475,0.006108632633357347,interpolado
0.14294218843768755,0.006472596009412406,interpolado
0.143,0.006469,original
0.14314182836567316,0.005764467003316299,interpolado
0.14324164832966593,0.004791565045729632,interpolado
0.14334146829365874,0.0035456867802418214,interpolado
0.14344128825765154,0.0021330686960012815,interpolado
0.14354110822164431,0.0006599472821552043,interpolado
0.14364092818563715,-0.0007674409721480276,interpolado
0.14374074814962995,-0.0020428595777604143,interpolado
0.14384056811362275,-0.0030600720455339495,interpolado
0.14394038807761556,-0.003712841886320511,interpolado
0.144,-0.003885,original
0.14414002800560116,-0.003594149267984393,interpolado
0.14423984796959394,-0.0028947192569113546,interpolado
0.14433966793358677,-0.0018970314120073627,interpolado
0.14443948789757952,-0.0006992481132858847,interpolado
0.1445393078615723,0.0006004682592406468,interpolado
0.14463912782556507,0.0019039553255588088,interpolado
0.1447389477895579,0.003113050705655487,interpolado
0.14483876775355073,0.00412959201951756,interpolado
0.14493858771754345,0.004855416887131764,interpolado
0.145,0.005115,original
0.14513822764552908,0.0051175479130786735,interpolado
0.1452380476095219,0.004691460930038296,interpolado
0.14533786757351466,0.003987652519901276,interpolado
0.14543768753750744,0.003078058306909007,interpolado
0.14553750750150027,0.00203461391530209,interpolado
0.14563732746549307,0.0009292549693218694,interpolado
0.14573714742948587,-0.0001660829067905359,interpolado
0.14583696739347865,-0.001179464088794004,interpolado
0.14593678735747145,-0.0020389529524472024,interpolado
0.146,-0.002471,original
0.14613642728545706,-0.0030520719327264715,interpolado
0.14623624724944986,-0.003200908801326182,interpolado
0.14633606721344267,-0.0031504056107587875,interpolado
0.14643588717743547,-0.002931001913173925,interpolado
0.14653570714142825,-0.002573137260721259,interpolado
0.14663552710542108,-0.0021072512055504656,interpolado
0.14673534706941385,-0.0015637832998112212,interpolado
0.14683516703340668,-0.0009731730956533701,interpolado
0.14693498699739949,-0.00036586014522625146,interpolado
0.147,2.42e-05,original
0.1471346269253851,0.0007842380826207455,interpolado
0.1472344468893779,0.001289514371406857,interpolado
0.14733426685337067,0.0017306475856630908,interpolado
0.14743408681736345,0.0020946173554175903,interpolado
0.14753390678135628,0.002368403310698121,interpolado
0.14763372674534908,0.0025389850815325785,interpolado
0.14773354670934186,0.0025933422979488568,interpolado
0.14783336667333463,0.0025184545899748943,interpolado
0.14793318663732744,0.002301301587638546,interpolado
0.148,0.00207,original
0.148132826565313,0.0014094915711873185,interpolado
0.14823264652930587,0.0007808909078173407,interpolado
0.14833246649329865,8.47963818995985e-05,interpolado
0.14843228645729142,-0.0006373845150253295,interpolado
0.14853210642128423,-0.0013442442914162846,interpolado
0.14863192638527706,-0.0019943754557322905,interpolado
0.14873174634926986,-0.0025463705164323752,interpolado
0.14883156631326264,-0.0029588219819754705,interpolado
0.14893138627725544,-0.003190322360820844,interpolado
0.149,-0.003223,original
0.14913102620524105,-0.002975910652912606,interpolado
0.14923084616923382,-0.00255496241883701,interpolado
0.14933066613322665,-0.0019780608881139815,interpolado
0.14943048609721943,-0.0012862277289521977,interpolado
0.14953030606121223,-0.0005204846095602444,interpolado
0.14963012602520506,0.0002781468018532921,interpolado
0.14972994598919784,0.0010686448370796143,interpolado
0.14982976595319059,0.0018099878279105837,interpolado
0.14992958591718342,0.002461154106137393,interpolado
0.15,0.002844,original
0.15012922584516902,0.003351050400324405,interpolado
0.1502290458091618,0.0035868828729011424,interpolado
0.1503288657731546,0.0037091968233287295,interpolado
0.1504286857371474,0.0037383083011114622,interpolado
0.15052850570114024,0.0036945333557537167,interpolado
0.150628325665133,0.0035981880367598703,interpolado
0.15072814562912576,0.003469588393634338,interpolado
0.1508279655931186,0.0033290504758814207,interpolado
0.1509277855571114,0.0031968903330055294,interpolado
0.151,0.003118,original
0.15112742548509703,0.0030301890323939647,interpolado
0.1512272454490898,0.0030040474224338073,interpolado
0.15132706541308263,0.00300990638209749,interpolado
0.15142688537707538,0.0030427623656146944,interpolado
0.1515267053410682,0.0030976118272150917,interpolado
0.15162652530506102,0.00316945122112835,interpolado
0.15172634526905382,0.003253277001584116,interpolado
0.1518261652330466,0.003344085622812105,interpolado
0.15192598519703943,0.0034368735390419656,interpolado
0.152,0.003504,original
0.15212562512502495,0.003606457630596993,interpolado
0.15222544508901778,0.0036660072332380753,interpolado
0.1523252650530106,0.003694500282737764,interpolado
0.15242508501700336,0.0036811676513683967,interpolado
0.1525249049809962,0.0036152402114023163,interpolado
0.15262472494498897,0.003485948835111905,interpolado
0.1527245449089818,0.003282524394769435,interpolado
0.1528243648729746,0.0029941977626472714,interpolado
0.15292418483696738,0.0026101998110177544,interpolado
0.153,0.002248,original
0.15312382476495298,0.0015272645749697163,interpolado
0.15322364472894576,0.000865755352515726,interpolado
0.15332346469293856,0.0001721990351507352,interpolado
0.15342328465693136,-0.0005165494735309196,interpolado
0.1535231046209242,-0.0011636352699349042,interpolado
0.15362292458491694,-0.0017322034504667404,interpolado
0.1537227445489098,-0.0021853991115324176,interpolado
0.15382256451290258,-0.0024863673495374296,interpolado
0.1539223844768954,-0.0025982532608874436,interpolado
0.154,-0.002531,original
0.154122024404881,-0.0021349547154554133,interpolado
0.15422184436887376,-0.0015966948408920748,interpolado
0.15432166433286656,-0.000923372267508983,interpolado
0.15442148429685937,-0.00016877066868572495,interpolado
0.15452130426085214,0.000613326282198113,interpolado
0.15462112422484495,0.0013691349117627466,interpolado
0.15472094418883775,0.002044871546629021,interpolado
0.15482076415283055,0.002586752513417135,interpolado
0.15492058411682336,0.0029409941387475063,interpolado
0.155,0.003053,original
0.15512022404480894,0.0029008697655080336,interpolado
0.15522004400880174,0.002520583798781265,interpolado
0.15531986397279454,0.001960436365428056,interpolado
0.15541968393678737,0.0012677650389837927,interpolado
0.15551950390078015,0.0004899073929840852,interpolado
0.15561932386477295,-0.00032579899903612447,interpolado
0.15571914382876575,-0.0011320165635412445,interpolado
0.15581896379275853,-0.0018814077269958904,interpolado
0.15591878375675133,-0.0025266349158646765,interpolado
0.156,-0.002942,original
0.15611842368473697,-0.003335497588862988,interpolado
0.15621824364872974,-0.003490706081412846,interpolado
0.15631806361272255,-0.0035114921819605844,interpolado
0.15641788357671535,-0.003423283529148555,interpolado
0.15651770354070813,-0.0032515077616191656,interpolado
0.15661752350470093,-0.0030215925180146637,interpolado
0.1567173434686937,-0.002758965436977439,interpolado
0.15681716343268653,-0.0024890541571498427,interpolado
0.15691698339667934,-0.0022372863171742233,interpolado
0.157,-0.00206,original
0.15711662332466492,-0.0018767115133866694,interpolado
0.15721644328865772,-0.0017608656418269088,interpolado
0.15731626325265052,-0.0016573537583735442,interpolado
0.1574160832166433,-0.001542017103192793,interpolado
0.1575159031806361,-0.0013906969164509246,interpolado
0.1576157231446289,-0.0011792344383140785,interpolado
0.1577155431086217,-0.0008834709089485107,interpolado
0.1578153630726145,-0.0004792475685204392,interpolado
0.1579151830366073,5.7594342803746765e-05,interpolado
0.158,0.000636,original
0.1581148229645929,0.0016050660731908905,interpolado
0.1582146429285857,0.002570182730688093,interpolado
0.15831446289257853,0.0035890654115449117,interpolado
0.1584142828565713,0.004604262152529591,interpolado
0.15851410282056413,0.005558320990411233,interpolado
0.1586139227845569,0.0063937899619580735,interpolado
0.15871374274854974,0.007053217103938638,interpolado
0.1588135627125425,0.007479150453121448,interpolado
0.1589133826765353,0.007614138046275036,interpolado
0.159,0.007451,original
0.15911302260452093,0.0068167044053279,interpolado
0.15921284256851373,0.005934232575708761,interpolado
0.1593126625325065,0.004841562367555666,interpolado
0.15941248249649928,0.0036268875507015517,interpolado
0.15951230246049208,0.0023784018949783076,interpolado
0.1596121224244849,0.001184299170218845,interpolado
0.15971194238847772,0.00013277314625574968,interpolado
0.1598117623524705,-0.0006879824070783953,interpolado
0.15991158231646324,-0.0011897737199509108,interpolado
0.16,-0.001297,original
0.16011122224444888,-0.0009267571097472654,interpolado
0.16021104220844165,-0.000193658888523067,interpolado
0.16031086217243448,0.0008162298276657036,interpolado
0.16041068213642726,0.0020042976298941142,interpolado
0.16051050210042006,0.003271933109238263,interpolado
0.16061032206441286,0.004520524856773259,interpolado
0.16071014202840567,0.005651461463574515,interpolado
0.16080996199239847,0.006566131520717236,interpolado
0.16090978195639127,0.007165923619277368,interpolado
0.161,0.007355,original
0.16110942188437688,0.0070638126794757535,interpolado
0.16120924184836968,0.006351328673962299,interpolado
0.16130906181236243,0.005286475002715364,interpolado
0.16140888177635526,0.003940927073583331,interpolado
0.16150870174034807,0.002386360294415432,interpolado
0.16160852170434087,0.0006944500730606446,interpolado
0.1617083416683337,-0.0010631281826320462,interpolado
0.16180816163232645,-0.0028146990648131795,interpolado
0.16190798159631928,-0.004488587165634764,interpolado
0.162,-0.005901,original
0.16210762152430486,-0.00732911462833044,interpolado
0.16220744148829772,-0.008416925306646793,interpolado
0.16230726145229044,-0.009264727760578087,interpolado
0.16240708141628327,-0.009860695876390744,interpolado
0.1625069013802761,-0.010193003540350446,interpolado
0.16260672134426885,-0.010249824638723135,interpolado
0.1627065413082617,-0.010019333057774771,interpolado
0.16280636127225448,-0.009489702683771483,interpolado
0.16290618123624725,-0.008649107402978928,interpolado
0.163,-0.007565,original
0.1631058211642329,-0.006006306930995137,interpolado
0.1632056411282257,-0.004279689882807551,interpolado
0.16330546109221844,-0.002387662804162761,interpolado
0.16340528105621127,-0.0004120151516588465,interpolado
0.16350510102020407,0.0015654636181045196,interpolado
0.16360492098419685,0.0034629840485281877,interpolado
0.16370474094818963,0.005198756683012547,interpolado
0.16380456091218243,0.006690992064959425,interpolado
0.16390438087617523,0.007857900737769152,interpolado
0.164,0.008595,original
0.16410402080416084,0.008917867371901896,interpolado
0.1642038407681536,0.00880916148717544,interpolado
0.1643036607321464,0.008365070142009275,interpolado
0.1644034806961392,0.007659085958775691,interpolado
0.16450330066013202,0.006764701559847011,interpolado
0.16460312062412483,0.005755409567595547,interpolado
0.1647029405881176,0.004704702604393909,interpolado
0.1648027605521104,0.0036860732926138106,interpolado
0.1649025805161032,0.002773014254627862,interpolado
0.165,0.002054,original
0.16510222044408876,0.0015382487037157732,interpolado
0.16520204040808162,0.0012529378750877071,interpolado
0.1653018603720744,0.001148585209217543,interpolado
0.1654016803360672,0.0011906905387131695,interpolado
0.16550150030006006,0.0013447536961823726,interpolado
0.16560132026405278,0.001576274514232933,interpolado
0.1657011402280456,0.001850752825472559,interpolado
0.1658009601920384,0.0021336884625091906,interpolado
0.1659007801560312,0.0023905812579505426,interpolado
0.166,0.002586,original
0.16610042008401682,0.0026962607381594526,interpolado
0.16620024004800957,0.0027236119471379517,interpolado
0.16630006001200237,0.0026817651142121415,interpolado
0.16639987997599523,0.002583500680541885,interpolado
0.166499699939988,0.0024415990872870626,interpolado
0.16659951990398078,0.0022688407756076053,interpolado
0.16669933986797358,0.002078006186663297,interpolado
0.1667991598319664,0.001881875761614062,interpolado
0.16689897979595922,0.0016932299416197816,interpolado
0.167,0.001523,original
0.1670986197239448,0.0013880944172585893,interpolado
0.16719843968793757,0.0012884402409856599,interpolado
0.1672982596519304,0.0012298355401808528,interpolado
0.1673980796159232,0.0012162292134446236,interpolado
0.16749789957991598,0.001251570159377429,interpolado
0.16759771954390879,0.0013398072765796931,interpolado
0.16769753950790156,0.0014848894636519203,interpolado
0.1677973594718944,0.0016907656191945501,interpolado
0.16789717943588717,0.0019613846418080377,interpolado
0.168,0.002312,original
0.16809681936387277,0.0027049821512057956,interpolado
0.16819663932786558,0.0031369751271340196,interpolado
0.16829645929185838,0.0035502254332512003,interpolado
0.16839627925585118,0.003898283916773685,interpolado
0.16849609921984396,0.0041347014249178225,interpolado
0.1685959191838368,0.004213028804899969,interpolado
0.16869573914782957,0.004086816903936526,interpolado
0.1687955591118224,0.003709616569243797,interpolado
0.1688953790758152,0.0030349786480381334,interpolado
0.169,0.001958,original
0.1690950190038008,0.0006303607345529545,interpolado
0.16919483896779358,-0.0010417579187283002,interpolado
0.16929465893178638,-0.0028879801729633707,interpolado
0.1693944788957792,-0.004796381292075388,interpolado
0.16949429885977196,-0.006655036539986971,interpolado
0.16959411882376477,-0.008352021180622313,interpolado
0.1696939387877576,-0.009775410477904005,interpolado
0.1697937587517504,-0.010813279695755174,interpolado
0.16989357871574312,-0.011353704098098945,interpolado
0.17,-0.011256,original
0.17009321864372873,-0.010529285530448103,interpolado
0.17019303860772153,-0.009179791274434539,interpolado
0.17029285857171436,-0.007380462991181802,interpolado
0.17039267853570716,-0.005275499837416386,interpolado
0.17049249849969994,-0.0030091009698654273,interpolado
0.17059231846369274,-0.0007254655452541285,interpolado
0.17069213842768555,0.0014312072796904042,interpolado
0.17079195839167835,0.0033167183482416696,interpolado
0.17089177835567113,0.004786868503673177,interpolado
0.171,0.005744,original
0.17109141828365676,0.005935672770221469,interpolado
0.17119123824764956,0.005550454225659305,interpolado
0.17129105821164234,0.004642713238557373,interpolado
0.17139087817563514,0.003313384453073556,interpolado
0.17149069813962792,0.0016634025133662326,interpolado
0.17159051810362075,-0.000206297936407662,interpolado
0.1716903380676135,-0.002194782252089822,interpolado
0.1717901580316063,-0.004201115789522369,interpolado
0.1718899779955991,-0.006124363904546907,interpolado
0.172,-0.008027,original
0.1720896179235847,-0.009327953860681745,interpolado
0.17218943788757748,-0.010481538873639342,interpolado
0.1722892578515703,-0.01130704409529729,interpolado
0.17238907781556306,-0.011787181512608411,interpolado
0.1724888977795559,-0.01190466311252589,interpolado
0.17258871774354867,-0.01164220088200246,interpolado
0.17268853770754145,-0.010982506807991031,interpolado
0.1727883576715343,-0.009908292877444526,interpolado
0.17288817763552702,-0.008402271077316325,interpolado
0.173,-0.006181,original
0.17308781756351269,-0.004043258357010456,interpolado
0.17318763752750552,-0.0012922252634194153,interpolado
0.1732874574914983,0.0016681354278554237,interpolado
0.1733872774554911,0.004699968307984758,interpolado
0.1734870974194839,0.007665417968141856,interpolado
0.17358691738347673,0.010426628999497421,interpolado
0.1736867373474695,0.01284574599322299,interpolado
0.1737865573114623,0.014784913540490115,interpolado
0.17388637727545506,0.016106276232470074,interpolado
0.174,0.016683,original
0.17408601720344072,0.01637501117933635,interpolado
0.17418583716743352,0.015296036175162033,interpolado
0.1742856571314263,0.013586300600250123,interpolado
0.17438547709541907,0.011397178856334336,interpolado
0.17448529705941188,0.008880045345146506,interpolado
0.17458511702340473,0.006186274468420233,interpolado
0.17468493698739748,0.003467240627888585,interpolado
0.17478475695139026,0.0008743182252853271,interpolado
0.17488457691538306,-0.0014411183376579568,interpolado
0.175,-0.003574,original
0.17508421684336867,-0.004657215198433125,interpolado
0.17518403680736147,-0.0054506541631292775,interpolado
0.1752838567713543,-0.005788068480930158,interpolado
0.17538367673534705,-0.005749662490373685,interpolado
0.17548349669933988,-0.005415640529997472,interpolado
0.1755833166633327,-0.004866206938339267,interpolado
0.1756831366273255,-0.004181566053936831,interpolado
0.17578295659131826,-0.0034419222153281243,interpolado
0.17588277655531107,-0.002727479761050477,interpolado
0.176,-0.002029,original
0.1760824164832967,-0.0016848868848626844,interpolado
0.17618223644728948,-0.0014278949390355948,interpolado
0.17628205641128225,-0.0013197857055242302,interpolado
0.17638187637527503,-0.0013327823186323673,interpolado
0.17648169633926786,-0.0014391079126638824,interpolado
0.17658151630326066,-0.0016109856219226036,interpolado
0.17668133626725346,-0.0018206385807123585,interpolado
0.17678115623124624,-0.0020402899233369163,interpolado
0.17688097619523904,-0.0022421627841002325,interpolado
0.177,-0.002421,original
0.17708061612322462,-0.002482664334394559,interpolado
0.17718043608721745,-0.00247678272086053,interpolado
0.17728025605121023,-0.002366696443905378,interpolado
0.177380076015203,-0.002138282694741058,interpolado
0.17747989597919578,-0.0017774186645796032,interpolado
0.1775797159431886,-0.001269981544633026,interpolado
0.17767953590718139,-0.0006018485261135504,interpolado
0.1777793558711742,0.00024110319976717687,interpolado
0.177879175835167,0.0012729964417969777,interpolado
0.178,0.002795,original
0.17807881576315263,0.003952012332681294,interpolado
0.17817863572714537,0.005549403491468705,interpolado
0.1782784556911382,0.007215839372330305,interpolado
0.178378275655131,0.008866878812514566,interpolado
0.17847809561912384,0.010418080649270396,interpolado
0.17857791558311664,0.011785003719846695,interpolado
0.1786777355471094,0.012883206861492106,interpolado
0.17877755551110222,0.013628248911456156,interpolado
0.17887737547509502,0.013935688706987408,interpolado
0.179,0.01359,original
0.1790770154030806,0.012916065303536292,interpolado
0.17917683536707338,0.011582495555918376,interpolado
0.1792766553310662,0.009845432707714128,interpolado
0.179376475295059,0.007830350786920176,interpolado
0.17947629525905184,0.005662723821532858,interpolado
0.17957611522304462,0.0034680258395484876,interpolado
0.1796759351870374,0.0013717308689639607,interpolado
0.1797757551510302,-0.000500687062225591,interpolado
0.179875575115023,-0.002023753926023242,interpolado
0.18,-0.003243,original
0.1800752150430086,-0.003534558014676945,interpolado
0.18017503500700136,-0.0034263539523020853,interpolado
0.1802748549709942,-0.002826432255121032,interpolado
0.18037467493498696,-0.0018143534582698657,interpolado
0.18047449489897982,-0.0004696780968847235,interpolado
0.18057431486297257,0.001128033293897796,interpolado
0.1806741348269654,0.0028992201789424642,interpolado
0.1807739547909582,0.004764322023112736,interpolado
0.18087377475495103,0.006643778291272486,interpolado
0.181,0.008917,original
0.18107341468293658,0.01013236428983176,interpolado
0.18117323464692933,0.011636422060377972,interpolado
0.18127305461092216,0.012963597589312963,interpolado
0.181372874574915,0.014107512480065221,interpolado
0.1814726945389078,0.015061788336063236,interpolado
0.18157251450290057,0.015820046760735316,interpolado
0.1816723344668934,0.01637590935751037,interpolado
0.18177215443088618,0.016722997729816648,interpolado
0.18187197439487898,0.01685493348108265,interpolado
0.182,0.016699,original
0.18207161432286456,0.01644989843388744,interpolado
0.18217143428685736,0.015924367505483192,interpolado
0.18227125425085017,0.015215791668198376,interpolado
0.18237107421484292,0.014351343316505153,interpolado
0.18247089417883575,0.013358194844875696,interpolado
0.1825707141428285,0.012263518647782483,interpolado
0.18267053410682133,0.011094487119697074,interpolado
0.1827703540708141,0.009878272655091917,interpolado
0.18287017403480693,0.008642047648439191,interpolado
0.183,0.007049,original
0.1830698139627925,0.006217795342629586,interpolado
0.1831696339267853,0.005078430954126146,interpolado
0.18326945389077812,0.004014028565262472,interpolado
0.1833692738547709,0.003043688871142265,interpolado
0.18346909381876367,0.0021865125668694466,interpolado
0.1835689137827565,0.0014616003475472399,interpolado
0.18366873374674933,0.0008880529082795995,interpolado
0.18376855371074213,0.0004849709441702275,interpolado
0.1838683736747349,0.00027145515032282654,interpolado
0.184,0.000312,original
0.18406801360272054,0.0004857057332865539,interpolado
0.18416783356671332,0.0009019248767500237,interpolado
0.18426765353070615,0.0014623147576074361,interpolado
0.18436747349469892,0.0021135358940517295,interpolado
0.18446729345869176,0.00280224880427565,interpolado
0.18456711342268456,0.0034751140064725274,interpolado
0.18466693338667733,0.004078792018835111,interpolado
0.18476675335067017,0.004559943359556338,interpolado
0.18486657331466294,0.004865228546829147,interpolado
0.185,0.004906,original
0.18506621324264852,0.0047402212916754895,interpolado
0.18516603320664132,0.004277299485121014,interpolado
0.18526585317063415,0.0036090733816071963,interpolado
0.18536567313462696,0.002792776959658225,interpolado
0.18546549309861976,0.0018856441977985476,interpolado
0.18556531306261254,0.000944909074551835,interpolado
0.18566513302660534,2.7805568442519803e-05,interpolado
0.18576495299059811,-0.0008084323420052093,interpolado
0.18586477295459095,-0.0015065706782671656,interpolado
0.186,-0.00213,original
0.1860644128825765,-0.002264178261876553,interpolado
0.1861642328465693,-0.0022757238600779168,interpolado
0.18626405281056213,-0.0020879678418297127,interpolado
0.18636387277455488,-0.0017456240995513933,interpolado
0.18646369273854768,-0.0012934065256621006,interpolado
0.1865635127025405,-0.0007760290125812507,interpolado
0.1866633326665333,-0.00023820545272818433,interpolado
0.1867631526305261,0.00027535026147775703,interpolado
0.18686297259451887,0.0007199242376171229,interpolado
0.187,0.001136,original
0.1870626125225045,0.0012260328132604856,interpolado
0.18716243248649728,0.0012408299664900342,interpolado
0.18726225245049008,0.0011170358806902024,interpolado
0.18736207241448286,0.0008770718706935812,interpolado
0.18746189237847566,0.000543359251332542,interpolado
0.18756171234246843,0.00013831933743964738,interpolado
0.18766153230646127,-0.0003156265561525924,interpolado
0.187761352270454,-0.0007960571146116672,interpolado
0.18786117223444687,-0.0012805510231049342,interpolado
0.188,-0.001919,original
0.18806081216243245,-0.002172971079389399,interpolado
0.18816063212642525,-0.0025512925984150043,interpolado
0.18826045209041806,-0.0028835960165488886,interpolado
0.18836027205441086,-0.0031720706047537236,interpolado
0.18846009201840364,-0.003418905633992415,interpolado
0.18855991198239644,-0.0036262903752276206,interpolado
0.18865973194638924,-0.0037964140994220874,interpolado
0.18875955191038207,-0.00393146607753856,interpolado
0.1888593718743748,-0.00403363558053976,interpolado
0.189,-0.004126,original
0.18905901180236043,-0.004148082572294282,interpolado
0.1891588317663532,-0.004164709332732916,interpolado
0.18925865173034603,-0.004157133409175004,interpolado
0.18935847169433884,-0.004127495496924084,interpolado
0.18945829165833164,-0.004077936291283691,interpolado
0.1895581116223244,-0.004010596487557368,interpolado
0.18965793158631722,-0.003927616781048652,interpolado
0.18975775155031005,-0.0038311378670611144,interpolado
0.18985757151430283,-0.003723300440898239,interpolado
0.19,-0.003554,original
0.19005721144228843,-0.0034822080672066765,interpolado
0.19015703140628126,-0.0033550133005376057,interpolado
0.190256851370274,-0.0032297971685747964,interpolado
0.1903566713342668,-0.00311173528186761,interpolado
0.19045649129825962,-0.003006003250965509,interpolado
0.1905563112622524,-0.0029177766864179225,interpolado
0.19065613122624522,-0.0028522311987742824,interpolado
0.19075595119023803,-0.0028145423985840227,interpolado
0.19085577115423086,-0.0028098858963965514,interpolado
0.191,-0.002872,original
0.1910554110822164,-0.0029199128499603566,interpolado
0.1911552310462092,-0.0030357664012948594,interpolado
0.19125505101020196,-0.0031802967622869974,interpolado
0.19135487097419485,-0.0033425662608305186,interpolado
0.1914546909381876,-0.003511637224819043,interpolado
0.19155451090218045,-0.0036765719821462337,interpolado
0.19165433086617326,-0.0038264328607057123,interpolado
0.191754150830166,-0.003950282188391225,interpolado
0.19185397079415886,-0.00403718229309639,interpolado
0.192,-0.004075,original
0.1920536107221444,-0.004056540825506815,interpolado
0.19215343068613722,-0.003970483339883623,interpolado
0.19225325065013008,-0.0038130532848802026,interpolado
0.19235307061412282,-0.003579381233071737,interpolado
0.19245289057811563,-0.0032645977570333984,interpolado
0.19255271054210846,-0.0028638334293403585,interpolado
0.19265253050610123,-0.0023722188225679354,interpolado
0.19275235047009406,-0.001784884509291029,interpolado
0.1928521704340868,-0.0010969610620849336,interpolado
0.193,0.000117,original
0.19305181036207245,0.0005989640079561783,interpolado
0.19315163032606528,0.0015897863745266666,interpolado
0.193251450290058,0.0026246133221065676,interpolado
0.19335127025405083,0.00365824162766259,interpolado
0.19345109021804363,0.004645468068161704,interpolado
0.19355091018203638,0.005541089420570879,interpolado
0.1936507301460292,0.006299902461856905,interpolado
0.193750550110022,0.006876703968987178,interpolado
0.1938503700740148,0.007226290718928444,interpolado
0.194,0.007226,original
0.1940500100020004,0.007065202818816834,interpolado
0.1941498299659932,0.006518778988892412,interpolado
0.194249649929986,0.005721580797854026,interpolado
0.19434946989397883,0.004733170564478406,interpolado
0.1944492898579716,0.0036131106075421512,interpolado
0.19454910982196438,0.0024209632458222123,interpolado
0.19464892978595721,0.001216290798094519,interpolado
0.19474874974995002,5.865558313600472e-05,interpolado
0.1948485697139428,-0.0009923800802767177,interpolado
0.19494838967793562,-0.0018772538733670457,interpolado
0.195,-0.00225,original
0.1951480296059212,-0.0029623208115302046,interpolado
0.19524784956991403,-0.0031836097508503728,interpolado
0.19534766953390686,-0.0032382726147102132,interpolado
0.1954474894978996,-0.0031625136298652165,interpolado
0.19554730946189236,-0.002992537023070931,interpolado
0.19564712942588516,-0.0027645470210827428,interpolado
0.195746949389878,-0.002514747850656179,interpolado
0.1958467693538708,-0.002279343738546729,interpolado
0.1959465893178636,-0.0020945389115098836,interpolado
0.196,-0.002029,original
0.19614622924584918,-0.0019895445761747865,interpolado
0.19624604920984193,-0.0020533200605055055,interpolado
0.19634586917383476,-0.002161973180256053,interpolado
0.1964456891378276,-0.00229063601601876,interpolado
0.19654550910182036,-0.002414440648385927,interpolado
0.19664532906581317,-0.0025085191579499624,interpolado
0.19674514902980603,-0.0025480036253031596,interpolado
0.1968449689937988,-0.002508026131037851,interpolado
0.1969447889577916,-0.002363718755746369,interpolado
0.197,-0.00223,original
0.1971444288857772,-0.0016912361905766253,interpolado
0.19724424884977002,-0.0011944319816464268,interpolado
0.1973440688137628,-0.0006324136387297368,interpolado
0.1974438887777556,-3.695134635885887e-05,interpolado
0.19754370874174837,0.0005601847109344121,interpolado
0.19764352870574114,0.001127224348617778,interpolado
0.19774334866973398,0.0016323973821591032,interpolado
0.19784316863372675,0.0020439336270262533,interpolado
0.19794298859771955,0.002330062898687033,interpolado
0.198,0.002425,original
0.19814262852570516,0.0024236433019161232,interpolado
0.198242448489698,0.002239252431897413,interpolado
0.19834226845369077,0.0019253827313698347,interpolado
0.19844208841768354,0.0015009087612899638,interpolado
0.19854190838167632,0.000984705082614005,interpolado
0.19864172834566915,0.0003956462562985044,interpolado
0.19874154830966195,-0.0002473931567000947,interpolado
0.1988413682736547,-0.0009255385954253478,interpolado
0.19894118823764753,-0.0016199154989206188,interpolado
0.199,-0.002029,original
0.1991408281656331,-0.0029821931494642983,interpolado
0.19924064812962589,-0.0036133244953926746,interpolado
0.19934046809361874,-0.004186877042068192,interpolado
0.19944028805761152,-0.004684676396382615,interpolado
0.19954010802160432,-0.005088548165228115,interpolado
0.1996399279855971,-0.005380317955496433,interpolado
0.1997397479495899,-0.0055418113740794625,interpolado
0.19983956791358273,-0.005554854027869094,interpolado
0.1999393878775755,-0.005401271523757285,interpolado
0.2,-0.005219,original
0.2001390278055611,-0.004543244243427574,interpolado
0.20023884776955392,-0.0038691155846265145,interpolado
0.20033866773354672,-0.003071030122945003,interpolado
0.20043848769753958,-0.0021790275337829944,interpolado
0.20053830766153233,-0.0012231474925410992,interpolado
0.20063812762552516,-0.00023342967461972738,interpolado
0.20073794758951796,0.0007600862445807208,interpolado
0.20083776755351074,0.0017273605896595723,interpolado
0.2009375875175035,0.0026383536852169665,interpolado
0.201,0.003166,original
0.20113722744548912,0.004194830918663328,interpolado
0.20123704740948192,0.004854344857097917,interpolado
0.2013368673734747,0.005466257423891301,interpolado
0.2014366873374675,0.006054782488927514,interpolado
0.2015365073014603,0.006644133922090084,interpolado
0.20163632726545314,0.007258525593262714,interpolado
0.20173614722944594,0.007922171372329109,interpolado
0.20183596719343871,0.008659285129172752,interpolado
0.2019357871574315,0.00949408073367775,interpolado
0.202,0.010094,original
0.20213542708541707,0.011518621302933464,interpolado
0.20223524704940987,0.01264349803852547,interpolado
0.20233506701340265,0.013765004947724209,interpolado
0.20243488697739548,0.014823379990855463,interpolado
0.20253470694138828,0.015758861128244046,interpolado
0.20263452690538108,0.016511686320215106,interpolado
0.2027343468693739,0.01702209352709378,interpolado
0.20283416683336672,0.017230320709205205,interpolado
0.2029339867973595,0.017076605826874636,interpolado
0.203,0.016747,original
0.20313362672534507,0.01549947471865323,interpolado
0.20323344668933782,0.014140366163069585,interpolado
0.20333326665333062,0.012502983368060824,interpolado
0.2034330866173234,0.010665555104470563,interpolado
0.20353290658131623,0.008706310143142063,interpolado
0.203632726545309,0.006703477254918591,interpolado
0.20373254650930178,0.0047352852106439525,interpolado
0.20383236647329459,0.0028799627811603094,interpolado
0.20393218643728733,0.0012157387373114808,interpolado
0.204,0.000234,original
0.204131826365273,-0.0012685479214209695,interpolado
0.20423164632926571,-0.002076206782216087,interpolado
0.20433146629325855,-0.002634042126740073,interpolado
0.20443128625725135,-0.0029733595420211594,interpolado
0.2045311062212442,-0.0031254646150878445,interpolado
0.20463092618523698,-0.003121662932968625,interpolado
0.20473074614922976,-0.0029932600826920487,interpolado
0.20483056611322262,-0.0027715616512865326,interpolado
0.2049303860772154,-0.002487873225780593,interpolado
0.205,-0.00227,original
0.20513002600520103,-0.0018491339418177024,interpolado
0.2052298459691938,-0.0015192922501528227,interpolado
0.2053296659331866,-0.0011863324330292923,interpolado
0.2054294858971794,-0.0008527446821261907,interpolado
0.20552930586117227,-0.0005210191891225045,interpolado
0.20562912582516507,-0.00019364614569722095,interpolado
0.2057289457891578,0.00012688425647058442,interpolado
0.20582876575315065,0.0004380818257021029,interpolado
0.20592858571714343,0.0007374563703182571,interpolado
0.206,0.000943,original
0.20612822564512903,0.001290871099231318,interpolado
0.20622804560912178,0.0015402770382352863,interpolado
0.20632786557311455,0.0017685166285497731,interpolado
0.2064276855371074,0.001973369945055683,interpolado
0.2065275055011002,0.0021526170626339166,interpolado
0.20662732546509296,0.002304038056165339,interpolado
0.20672714542908577,0.002425413000530937,interpolado
0.20682696539307854,0.0025145219706115673,interpolado
0.20692678535707132,0.002569145041288133,interpolado
0.207,0.002586,original
0.20712642528505693,0.0025673172205348963,interpolado
0.20722624524904976,0.0025111404636494234,interpolado
0.20732606521304253,0.0024200551230197523,interpolado
0.20742588517703534,0.0022955725299830137,interpolado
0.2075257051410282,0.002139204015876336,interpolado
0.207625525105021,0.0019524609120369057,interpolado
0.20772534506901377,0.0017368545498017464,interpolado
0.20782516503300655,0.0014938962605080366,interpolado
0.2079249849969994,0.001225097375492905,interpolado
0.208,0.001007,original
0.20812462492498496,0.000616872334873453,interpolado
0.2082244448889778,0.0002837308963884783,interpolado
0.2083242648529706,-6.331891384459042e-05,interpolado
0.20842408481696337,-0.00042014761616974625,interpolado
0.2085239047809562,-0.0007826257309309823,interpolado
0.20862372474494895,-0.0011466237784721906,interpolado
0.2087235447089417,-0.0015080122791375663,interpolado
0.20882336467293455,-0.0018626617532710033,interpolado
0.20892318463692733,-0.002206442721216493,interpolado
0.209,-0.002461,original
0.2091228245649129,-0.002843080445997376,interpolado
0.20922264452890574,-0.003120553747409151,interpolado
0.20932246449289854,-0.003357704576992512,interpolado
0.20942228445689137,-0.0035446037358989966,interpolado
0.2095221044208841,-0.003671322025280114,interpolado
0.20962192438487698,-0.003727930246287477,interpolado
0.20972174434886978,-0.003704499200072575,interpolado
0.20982156431286259,-0.0035910996877869463,interpolado
0.20992138427685536,-0.003377802510582127,interpolado
0.21,-0.003133,original
0.21012102420484097,-0.0026283904161817995,interpolado
0.21022084416883377,-0.002140051713749494,interpolado
0.21032066413282655,-0.001635680586198727,interpolado
0.21042048409681935,-0.0011612060190669899,interpolado
0.21052030406081212,-0.0007625569978918712,interpolado
0.21062012402480496,-0.00048566250821063036,interpolado
0.21071994398879773,-0.0003764515355608835,interpolado
0.21081976395279056,-0.0004808530654801218,interpolado
0.2109195839167834,-0.0008447960835058375,interpolado
0.211,-0.001358,original
0.21111922384476897,-0.0024922574746793183,interpolado
0.21121904380876175,-0.0036879522846422663,interpolado
0.21131886377275455,-0.004996446213417621,interpolado
0.21141868373674735,-0.006313075828816329,interpolado
0.21151850370074013,-0.007533177698649021,interpolado
0.21161832366473296,-0.008552088390727344,interpolado
0.21171814362872574,-0.009265144472861885,interpolado
0.21181796359271857,-0.009567682512863593,interpolado
0.21191778355671134,-0.009355039078543556,interpolado
0.212,-0.008719,original
0.21211742348469695,-0.007034670393703848,interpolado
0.21221724344868975,-0.005017064775802629,interpolado
0.21231706341268256,-0.002620056310985315,interpolado
0.21241688337667528,6.265444239516194e-06,interpolado
0.2125167033406681,0.0027118109333655136,interpolado
0.21261652330466088,0.005346490599884136,interpolado
0.21271634326865368,0.007760214887287548,interpolado
0.2128161632326465,0.00980289423906791,interpolado
0.2129159831966392,0.01132443909871705,interpolado
0.213,0.012091,original
0.21311562312462484,0.012273452017499091,interpolado
0.21321544308861767,0.011712190239048929,interpolado
0.21331526305261045,0.010610097497861761,interpolado
0.21341508301660325,0.009086118792636502,interpolado
0.21351490298059606,0.007259199122070722,interpolado
0.21361472294458886,0.005248283484863235,interpolado
0.2137145429085817,0.0031723168797124866,interpolado
0.2138143628725745,0.0011502443053169203,interpolado
0.21391418283656732,-0.0006989892396245434,interpolado
0.214,-0.00206,original
0.21411382276455287,-0.0034436995934563415,interpolado
0.21421364272854573,-0.004288285714956484,interpolado
0.2143134626925385,-0.004835387923142063,interpolado
0.21441328265653128,-0.0051301215379994745,interpolado
0.21451310262052412,-0.005217601879515325,interpolado
0.21461292258451692,-0.0051429442676759465,interpolado
0.2147127425485097,-0.004951264022467789,interpolado
0.21481256251250247,-0.004687676463877383,interpolado
0.2149123824764953,-0.0043972969118910195,interpolado
0.215,-0.004156,original
0.2151120224044809,-0.0039033888001890416,interpolado
0.21521184236847374,-0.0037270590863776763,interpolado
0.21531166233246643,-0.003585168687219018,interpolado
0.21541148229645926,-0.003466651850011321,interpolado
0.21551130226045204,-0.003360442822052959,interpolado
0.21561112222444484,-0.0032554758506422627,interpolado
0.21571094218843767,-0.0031406851830775616,interpolado
0.21581076215243045,-0.0030050050666572264,interpolado
0.21591058211642322,-0.002837369748679515,interpolado
0.216,-0.002651,original
0.2161102220444088,-0.0023689383385649652,interpolado
0.2162100420084017,-0.0020802932981851476,interpolado
0.21630986197239443,-0.001780770943010474,interpolado
0.21640968193638727,-0.001490358004040982,interpolado
0.21650950190038004,-0.0012290412122769614,interpolado
0.21660932186437284,-0.0010168072987186201,interpolado
0.2167091418283657,-0.0008736429943661662,interpolado
0.21680896179235848,-0.0008195350302198084,interpolado
0.21690878175635125,-0.0008744701372797194,interpolado
0.217,-0.001037,original
0.21710842168433686,-0.00137463277167894,interpolado
0.21720824164832966,-0.0017744845951111182,interpolado
0.2173080616123224,-0.0021993832286447703,interpolado
0.2174078815763153,-0.002590729765078948,interpolado
0.21750770154030805,-0.002889925297212338,interpolado
0.21760752150430082,-0.0030383709178437423,interpolado
0.2177073414682936,-0.002977467719772019,interpolado
0.21780716143228643,-0.002648616795795952,interpolado
0.2179069813962792,-0.001993219238714328,interpolado
0.218,-0.001037,original
0.2181066213242649,0.0004969204546560333,interpolado
0.21820644128825759,0.002266431914009907,interpolado
0.21830626125225044,0.004243648307030983,interpolado
0.21840608121624325,0.006316368708755734,interpolado
0.21850590118023605,0.008372392194221073,interpolado
0.21860572114422885,0.01029951783846392,interpolado
0.21870554110822166,0.011985544716520767,interpolado
0.2188053610722144,0.013318271903429494,interpolado
0.21890518103620726,0.01418549847422652,interpolado
0.219,0.014476,original
0.21910482096419284,0.014123812917968484,interpolado
0.21920464092818565,0.01323801723577812,interpolado
0.21930446089217845,0.011960200973985272,interpolado
0.21940428085617125,0.010432923309723284,interpolado
0.21950410082016406,0.008798743420125325,interpolado
0.21960392078415683,0.007200220482324576,interpolado
0.21970374074814966,0.005779913673454573,interpolado
0.2198035607121424,0.004680382170647665,interpolado
0.2199033806761352,0.004044185151037451,interpolado
0.22,0.004004,original
0.22010302060412076,0.0046752926176714385,interpolado
0.22020284056811365,0.005908109705876335,interpolado
0.2203026605321064,0.007545212630275309,interpolado
0.22040248049609926,0.009419482666214484,interpolado
0.22050230046009206,0.011363801089039952,interpolado
0.2206021204240848,0.013211049174097354,interpolado
0.22070194038807767,0.014794108196733853,interpolado
0.22080176035207044,0.015945859432295026,interpolado
0.22090158031606327,0.01649918415612699,interpolado
0.221,0.016296,original
0.22110122024404882,0.015204492145751536,interpolado
0.22120104020804165,0.013386426271539232,interpolado
0.22130086017203446,0.011024797755592024,interpolado
0.22140068013602723,0.008311638167321996,interpolado
0.22150050010002004,0.005438979076141218,interpolado
0.2216003200640128,0.002598852051462518,interpolado
0.22170014002800562,-1.6711337303650488e-05,interpolado
0.22179995999199842,-0.0022156795207444245,interpolado
0.22189977995599125,-0.00380602092944773,interpolado
0.222,-0.004597,original
0.2220994198839768,-0.004451655683404052,interpolado
0.2221992398479696,-0.00347948994509036,interpolado
0.2222990598119624,-0.001845214283585161,interpolado
0.2223988797759552,0.0002851637927446128,interpolado
0.222498699739948,0.002745636775532044,interpolado
0.2225985197039408,0.005370197156409469,interpolado
0.22269833966793356,0.007992837427011467,interpolado
0.2227981596319264,0.010447550078970391,interpolado
0.2228979795959192,0.012568327603919315,interpolado
0.223,0.014218,original
0.22309761952390475,0.015181192751839679,interpolado
0.2231974394878976,0.015574299656196958,interpolado
0.22329725945189036,0.01544076195816543,interpolado
0.22339707941588313,0.014852858834774652,interpolado
0.2234968993798759,0.013882869463054491,interpolado
0.22359671934386877,0.012603073020033937,interpolado
0.22369653930786154,0.011085748682742756,interpolado
0.22379635927185434,0.009403175628210496,interpolado
0.22389617923584715,0.007627633033466707,interpolado
0.224,0.00576,original
0.2240958191638327,0.004080548226724187,interpolado
0.22419563912782553,0.0024131424223836646,interpolado
0.2242954590918183,0.0008593530518168026,interpolado
0.2243952790558112,-0.0005506499475504844,interpolado
0.2244950990198039,-0.0017866966382919644,interpolado
0.22459491898379677,-0.0028186170829824202,interpolado
0.22469473894778955,-0.0036162413441955654,interpolado
0.22479455891178235,-0.0041493994845054885,interpolado
0.22489437887577518,-0.004387921566486274,interpolado
0.225,-0.004286,original
0.22509401880376073,-0.0038741702236864306,interpolado
0.22519383876775353,-0.003154841989016565,interpolado
0.22529365873174637,-0.0022125172833756903,interpolado
0.22539347869573917,-0.001116063681405815,interpolado
0.2254932986597319,6.565124225071727e-05,interpolado
0.22559311862372475,0.0012637599129525683,interpolado
0.22569293858771755,0.0024093947560574086,interpolado
0.22579275855171033,0.00343368819692323,interpolado
0.2258925785157031,0.0042677726609078245,interpolado
0.226,0.004874,original
0.22609221844368874,0.005105447874915332,interpolado
0.22619203840768157,0.005081003706036917,interpolado
0.22629185837167434,0.0048193050590176955,interpolado
0.22639167833566715,0.004370217665316637,interpolado
0.22649149829965998,0.0037836072563923063,interpolado
0.22659131826365272,0.003109339563703628,interpolado
0.22669113822764558,0.0023972803187094307,interpolado
0.22679095819163833,0.001697295252868537,interpolado
0.22689077815563113,0.0010592500976399383,interpolado
0.227,0.000491,original
0.22709041808361677,0.0001606742094240292,interpolado
0.22719023804760957,-5.694027073152324e-05,interpolado
0.22729005801160235,-0.00013267173523095793,interpolado
0.22738987797559512,-7.936779706853405e-05,interpolado
0.22748969793958793,9.012393076155369e-05,interpolado
0.22758951790358076,0.0003629558352650797,interpolado
0.2276893378675735,0.0007262803034478167,interpolado
0.22778915783156636,0.0011672497223155374,interpolado
0.2278889777955591,0.0016730164788738653,interpolado
0.228,0.002296,original
0.22808861772354472,0.0028263109805349495,interpolado
0.22818843768753755,0.003438696752770738,interpolado
0.22828825765153035,0.004044407074512636,interpolado
0.22838807761552307,0.0046199562374715075,interpolado
0.22848789757951588,0.0051418585333586906,interpolado
0.2285877175435087,0.00558662825388504,interpolado
0.2286875375075015,0.005930779690761567,interpolado
0.2287873574714943,0.00615082713569925,interpolado
0.2288871774354871,0.006223284880409229,interpolado
0.229,0.006098,original
0.22908681736347272,0.005836660787419051,interpolado
0.2291866373274655,0.005371651073095447,interpolado
0.22928645729145827,0.004753305624074784,interpolado
0.22938627725545108,0.004005309367163704,interpolado
0.22948609721944388,0.003151347229169349,interpolado
0.22958591718343668,0.0022151041368987075,interpolado
0.22968573714742951,0.0012202650171587697,interpolado
0.22978555711142226,0.00019051479675681452,interpolado
0.22988537707541506,-0.0008504615975007464,interpolado
0.23,-0.002029,original
0.23008501700340067,-0.002872268749805858,interpolado
0.2301848369673935,-0.0038133072837031033,interpolado
0.23028465693138625,-0.004687296434816879,interpolado
0.23038447689537903,-0.00547944263039275,interpolado
0.23048429685937188,-0.006174952297675543,interpolado
0.2305841168233647,-0.006759031863910332,interpolado
0.2306839367873575,-0.007216887756342194,interpolado
0.23078375675135032,-0.007533726402216138,interpolado
0.23088357671534304,-0.007694754228777419,interpolado
0.231,-0.007666,original
0.2310832166433287,-0.007494744584614146,interpolado
0.23118303660732156,-0.007143362746542083,interpolado
0.2312828565713143,-0.006663231706197112,interpolado
0.23138267653530709,-0.006086587090956974,interpolado
0.2314824964992999,-0.005445664528199805,interpolado
0.23158231646329266,-0.00477269964530362,interpolado
0.2316821364272855,-0.004099928069646617,interpolado
0.23178195639127827,-0.003459585428606433,interpolado
0.23188177635527107,-0.002883907349561273,interpolado
0.232,-0.00233,original
0.2320814162832567,-0.002050412440543687,interpolado
0.23218123624724943,-0.001811236766807328,interpolado
0.2322810562112423,-0.0016637788188561403,interpolado
0.232380876175235,-0.0015841563614686703,interpolado
0.23248069613922784,-0.0015484871594233845,interpolado
0.2325805161032206,-0.0015328889774987487,interpolado
0.23268033606721336,-0.0015134795804732368,interpolado
0.23278015603120622,-0.0014663767331253102,interpolado
0.23287997599519897,-0.001367698200233437,interpolado
0.233,-0.001147,original
0.23307961592318466,-0.0009249203023454209,interpolado
0.23317943588717743,-0.0005787389175535736,interpolado
0.23327925585117018,-0.0001882325019361439,interpolado
0.23337907581516304,0.00021330501673312482,interpolado
0.23347889577915582,0.0005925797106805758,interpolado
0.2335787157431486,0.0009162976521325516,interpolado
0.23367853570714142,0.001151164913315347,interpolado
0.23377835567113422,0.0012638875664554416,interpolado
0.23387817563512708,0.0012211716837791007,interpolado
0.234,0.00091,original
0.23407781556311266,0.0005425858642535803,interpolado
0.23417763552710544,-9.716024543724315e-05,interpolado
0.2342774554910982,-0.000882690966381619,interpolado
0.23437727545509104,-0.0017670389783877667,interpolado
0.23447709541908385,-0.002703236961264062,interpolado
0.2345769153830766,-0.0036443175948186204,interpolado
0.23467673534706934,-0.004543313558860351,interpolado
0.2347765553110622,-0.005353257533197363,interpolado
0.23487637527505498,-0.006027182197638029,interpolado
0.235,-0.006603,original
0.23507601520304058,-0.006784831351344195,interpolado
0.23517583516703336,-0.006834050717868984,interpolado
0.23527565513102616,-0.006696444510160498,interpolado
0.235375475095019,-0.006402854788230006,interpolado
0.2354752950590118,-0.005984123612088784,interpolado
0.23557511502300457,-0.00547109304174826,interpolado
0.2356749349869974,-0.004894605137219416,interpolado
0.2357747549509902,-0.004285501958513656,interpolado
0.235874574914983,-0.0036746255656422526,interpolado
0.236,-0.002952,original
0.23607421484296856,-0.002568967194047422,interpolado
0.23617403480696142,-0.002114577655256272,interpolado
0.23627385477095422,-0.0017320420652470775,interpolado
0.23637367473494703,-0.0014236728317648505,interpolado
0.23647349469893983,-0.0011917823625546037,interpolado
0.2365733146629326,-0.0010386830653613803,interpolado
0.2366731346269254,-0.0009666873479301063,interpolado
0.2367729545909182,-0.0009781076180058485,interpolado
0.236872774554911,-0.0010752562833336184,interpolado
0.237,-0.001327,original
0.23707241448289654,-0.0015337397919567698,interpolado
0.23717223444688937,-0.0018739412908171276,interpolado
0.23727205441088212,-0.0022481461435330695,interpolado
0.23737187437487497,-0.0026233283588764722,interpolado
0.23747169433886778,-0.002966461945619125,interpolado
0.23757151430286058,-0.0032445209125331028,interpolado
0.23767133426685336,-0.00342447926839018,interpolado
0.23777115423084616,-0.0034733110219622356,interpolado
0.23787097419483894,-0.0033579901820211455,interpolado
0.238,-0.002912,original
0.23807061412282451,-0.002506970968737277,interpolado
0.23817043408681737,-0.0017556834764919504,interpolado
0.23827025405081015,-0.0008292219611737038,interpolado
0.23837007401480295,0.00023452385818619294,interpolado
0.23846989397879576,0.0013976642625561407,interpolado
0.23856971394278853,0.0026223095329055237,interpolado
0.2386695339067813,0.0038705699502027636,interpolado
0.23876935387077416,0.005104555795416593,interpolado
0.23886917383476694,0.006286377349515741,interpolado
0.239,0.007693,original
0.23906881376275255,0.00834345485700111,interpolado
0.23916863372674535,0.009161830127085237,interpolado
0.23926845369073813,0.009822462008022859,interpolado
0.23936827365473093,0.010314677755003967,interpolado
0.23946809361872373,0.010627804623218494,interpolado
0.23956791358271656,0.010751169867856611,interpolado
0.23966773354670937,0.010674100744108198,interpolado
0.23976755351070214,0.010385924507163247,interpolado
0.23986737347469492,0.009875968412211753,interpolado
0.24,0.008837,original
0.24006701340268055,0.008151501069775835,interpolado
0.24016683336667333,0.006962318693363061,interpolado
0.24026665333066613,0.005623848605138882,interpolado
0.24036647329465888,0.004194334582586435,interpolado
0.2404662932586517,0.002732020403187649,interpolado
0.2405661132226445,0.0012951498444256405,interpolado
0.24066593318663732,-5.803331621685449e-05,interpolado
0.24076575315063006,-0.0012692853012571065,interpolado
0.2408655731146229,-0.0022803623332121356,interpolado
0.241,-0.003223,original
0.24106521304260844,-0.003473387531958591,interpolado
0.2411650330066013,-0.0036009494647737702,interpolado
0.24126485297059408,-0.0034508664327343526,interpolado
0.24136467293458683,-0.003058951681366815,interpolado
0.24146449289857963,-0.002461018456197272,interpolado
0.24156431286257246,-0.001692880002752138,interpolado
0.24166413282656526,-0.000790349566557752,interpolado
0.24176395279055807,0.0002107596068595481,interpolado
0.24186377275455082,0.0012746342719731209,interpolado
0.242,0.002763,original
0.24206341268253645,0.00344745188810578,interpolado
0.24216323264652928,0.004485141645378127,interpolado
0.24226305261052206,0.005443292750968633,interpolado
0.24236287257451483,0.006286672192836944,interpolado
0.24246269253850763,0.006980046958943397,interpolado
0.24256251250250047,0.007488184037247599,interpolado
0.24266233246649324,0.007775850415709407,interpolado
0.24276215243048604,0.007807813082288717,interpolado
0.24286197239447888,0.007548839024945408,interpolado
0.243,0.006646,original
0.2430616123224644,0.006022000223734731,interpolado
0.24316143228645726,0.0047612328734264655,interpolado
0.24326125225045006,0.0032687915327007174,interpolado
0.24336107221444292,0.0016332315365437376,interpolado
0.2434608921784357,-5.689178005699604e-05,interpolado
0.2435607121424285,-0.0017130230821143775,interpolado
0.24366053210642136,-0.0032466070346413136,interpolado
0.24376035207041413,-0.004569088302650373,interpolado
0.24386017203440696,-0.005591911551155215,interpolado
0.244,-0.006352,original
0.2440598119623926,-0.006390645427973021,interpolado
0.24415963192638537,-0.00609631901774141,interpolado
0.24425945189037815,-0.005428329552387357,interpolado
0.24435927185437095,-0.004473344674192556,interpolado
0.2444590918183637,-0.003318032025439225,interpolado
0.2445589117823565,-0.0020490592484094564,interpolado
0.2446587317463493,-0.0007530939853853264,interpolado
0.24475855171034205,0.00048319612135074675,interpolado
0.2448583716743349,0.0015731434295173886,interpolado
0.245,0.002699,original
0.24505801160232052,0.002971833118617437,interpolado
0.2451578315663133,0.003188757378460593,interpolado
0.24525765153030607,0.0031298743883487923,interpolado
0.24535747149429887,0.002845887675523085,interpolado
0.24545729145829165,0.0023875007672245524,interpolado
0.2455571114222845,0.0018054171906942914,interpolado
0.24565693138627728,0.0011503404731735862,interpolado
0.24575675135027006,0.00047297414190316096,interpolado
0.24585657131426286,-0.00017597827587571295,interpolado
0.246,-0.000957,original
0.2460562112422485,-0.001187909939489438,interpolado
0.2461560312062413,-0.001489860535736745,interpolado
0.24625585117023407,-0.001669966154449912,interpolado
0.2463556711342269,-0.001747500370203019,interpolado
0.24645549109821968,-0.0017417367575702474,interpolado
0.24655531106221248,-0.00167194889112578,interpolado
0.24665513102620526,-0.001557410345443835,interpolado
0.2467549509901981,-0.0014173946950985258,interpolado
0.24685477095419087,-0.0012711755146640612,interpolado
0.247,-0.001087,original
0.24705441088217647,-0.0010366709182532236,interpolado
0.24715423084616928,-0.0009755076303637367,interpolado
0.24725405081016205,-0.0009537563129441592,interpolado
0.24735387077415483,-0.0009703171033818231,interpolado
0.24745369073814766,-0.001024090139064038,interpolado
0.24755351070214046,-0.0011139755573781125,interpolado
0.2476533306661332,-0.0012388734957113172,interpolado
0.24775315063012604,-0.0013976840914510307,interpolado
0.24785297059411882,-0.0015893074819845327,interpolado
0.248,-0.001929,original
0.24805261052210442,-0.0020663199933937124,interpolado
0.24815243048609725,-0.002343410963262121,interpolado
0.24825225045009003,-0.0026318180194132117,interpolado
0.24835207041408286,-0.0029192450633127687,interpolado
0.24845189037807566,-0.003193395996426647,interpolado
0.24855171034206844,-0.003441974720220639,interpolado
0.24865153030606116,-0.0036526851361607412,interpolado
0.248751350270054,-0.003813231145712738,interpolado
0.24885117023404685,-0.0039113166503424845,interpolado
0.249,-0.003915,original
0.24905081016203237,-0.0038715697032317966,interpolado
0.2491506301260252,-0.0037247312688835975,interpolado
0.24925045009001792,-0.003510730453153865,interpolado
0.2493502700540108,-0.0032467489481073507,interpolado
0.2494500900180036,-0.0029499684458088008,interpolado
0.2495499099819964,-0.002637570638323053,interpolado
0.24964972994598925,-0.002326737217714592,interpolado
0.249749549909982,-0.002034649876048506,interpolado
0.24984936987397474,-0.0017784903053893544,interpolado
0.2499491898379676,-0.001575440197801777,interpolado
0.25,-0.001498,original
0.2501488297659532,-0.0013788508705385838,interpolado
0.250248649729946,-0.001370285838172281,interpolado
0.25034846969393876,-0.0013999362222837399,interpolado
0.2504482896579316,-0.0014514142969075034,interpolado
0.25054810962192436,-0.0015083323360780211,interpolado
0.2506479295859172,-0.0015543026138298487,interpolado
0.25074774954991,-0.001572937404197442,interpolado
0.2508475695139027,-0.001547848981215342,interpolado
0.2509473894778956,-0.0014626496189179962,interpolado
0.251,-0.001388,original
0.2511470294058812,-0.0010669262930735396,interpolado
0.251246849369874,-0.0007798030702825088,interpolado
0.25134666933386673,-0.0004624754957756938,interpolado
0.25144648929785957,-0.0001371565633922913,interpolado
0.2515463092618524,0.00017394073302794762,interpolado
0.2516461292258452,0.00044860339964596584,interpolado
0.25174594918983795,0.0006646184426220708,interpolado
0.2518457691538308,0.0007997728681170488,interpolado
0.2519455891178236,0.0008318536822915083,interpolado
0.252,0.000798,original
0.2521452290458092,0.0005158832775704792,interpolado
0.252245049009802,0.0001737110957618262,interpolado
0.25234486897379477,-0.0002745802496996984,interpolado
0.2524446889377876,-0.0008162507689072304,interpolado
0.2525445089017804,-0.001438560471952974,interpolado
0.2526443288657732,-0.002128769368930416,interpolado
0.252744148829766,-0.0028741374699315964,interpolado
0.25284396879375876,-0.0036619247850496915,interpolado
0.25294378875775153,-0.004479391324377973,interpolado
0.253,-0.004948,original
0.25314342868573714,-0.0061475306220111796,interpolado
0.25324324864972997,-0.006958703160718251,interpolado
0.25334306861372274,-0.007724585048949493,interpolado
0.2534428885777156,-0.008422583543827234,interpolado
0.25354270854170835,-0.009030105902472201,interpolado
0.2536425285057011,-0.009524559382006305,interpolado
0.25374234846969396,-0.00988335123955122,interpolado
0.25384216843368673,-0.010083888732228036,interpolado
0.25394198839767956,-0.010103579117158461,interpolado
0.254,-0.010023,original
0.2541416283256651,-0.009537033471484104,interpolado
0.2542414482896579,-0.008985348571297675,interpolado
0.2543412682536507,-0.008299564204638012,interpolado
0.2544410882176435,-0.00751377543954604,interpolado
0.2545409081816364,-0.006662077344064295,interpolado
0.25464072814562905,-0.005778564986234015,interpolado
0.25474054810962193,-0.004897333434096369,interpolado
0.2548403680736147,-0.004052477755693996,interpolado
0.25494018803760754,-0.0032780930190676482,interpolado
0.255,-0.002862,original
0.2551398279655931,-0.0020578462213958295,interpolado
0.255239647929586,-0.0016217020921140955,interpolado
0.25533946789357875,-0.001291421389662765,interpolado
0.25543928785757153,-0.0010590349869501092,interpolado
0.2555391078215643,-0.0009165737568850325,interpolado
0.25563892778555714,-0.0008560685723760261,interpolado
0.2557387477495499,-0.0008695503063317656,interpolado
0.25583856771354274,-0.0009490498316608804,interpolado
0.2559383876775355,-0.0010865980212720972,interpolado
0.256,-0.001197,original
0.25613802760552107,-0.0015001683097843183,interpolado
0.2562378475695139,-0.0017484221124751474,interpolado
0.25633766753350673,-0.002002323952118143,interpolado
0.25643748749749956,-0.0022452911310896855,interpolado
0.25653730746149234,-0.002460740951765613,interpolado
0.2566371274254851,-0.0026320907165221837,interpolado
0.25673694738947794,-0.002742757727735555,interpolado
0.25683676735347066,-0.002776159287781715,interpolado
0.2569365873174635,-0.002715712699036795,interpolado
0.257,-0.002621,original
0.25713622724544904,-0.0022588773804965902,interpolado
0.25723604720944193,-0.0018675379366115982,interpolado
0.2573358671734347,-0.0013826305821967699,interpolado
0.2574356871374275,-0.0008157411817882925,interpolado
0.25753550710142026,-0.0001784555999235118,interpolado
0.25763532706541303,0.0005176402988611521,interpolado
0.25773514702940586,0.0012609606500294137,interpolado
0.25783496699339864,0.0020399195890437294,interpolado
0.25793478695739147,0.0028429312513682387,interpolado
0.258,0.003375,original
0.258134426885377,0.0044728246329572684,interpolado
0.25823424684936985,0.005270134169280248,interpolado
0.2583340668133627,0.006033941981242166,interpolado
0.25843388677735546,0.006747884848395385,interpolado
0.2585337067413483,0.007395599550292155,interpolado
0.25863352670534107,0.007960722866483657,interpolado
0.25873334666933395,0.008426891576522415,interpolado
0.2588331666333267,0.008777742459959813,interpolado
0.2589329865973195,0.008996912296348053,interpolado
0.259,0.009062,original
0.25913262652530505,0.008988574434252451,interpolado
0.25923244648929794,0.008775097390070007,interpolado
0.25933226645329066,0.008446801308974232,interpolado
0.25943208641728344,0.00802267162032084,interpolado
0.25953190638127627,0.007521693753465335,interpolado
0.259631726345269,0.006962853137764075,interpolado
0.2597315463092619,0.006365135202572268,interpolado
0.2598313662732546,0.0057475253772463755,interpolado
0.2599311862372474,0.005129009091141879,interpolado
0.26,0.004712,original
0.260130826165233,0.003961658831381425,interpolado
0.2602306461292258,0.0034384775937140954,interpolado
0.26033046609321864,0.0029685317156087384,interpolado
0.26043028605721136,0.0025613719788541663,interpolado
0.2605301060212042,0.002226549165239336,interpolado
0.26062992598519696,0.0019736140565537403,interpolado
0.2607297459491898,0.0018121174345862292,interpolado
0.2608295659131826,0.001751610081126104,interpolado
0.2609293858771754,0.0018016427779623677,interpolado
0.261,0.001909,original
0.261129025805161,0.002254430289118154,interpolado
0.26122884576915384,0.0026150722614007456,interpolado
0.26132866573314667,0.003015533103826876,interpolado
0.2614284856971395,0.0034178520340711195,interpolado
0.2615283056611323,0.0037840682698080546,interpolado
0.26162812562512505,0.0040762210287116525,interpolado
0.2617279455891179,0.004256349528456585,interpolado
0.26182776555311066,0.004286492986717024,interpolado
0.2619275855171034,0.0041286906211675,interpolado
0.262,0.003875,original
0.26212722544508904,0.0031280643825430565,interpolado
0.2622270454090819,0.0023222518644289026,interpolado
0.2623268653730747,0.0013787363625876075,interpolado
0.2624266853370675,0.000348403701497587,interpolado
0.26252650530106025,-0.0007178602943629332,interpolado
0.26262632526505303,-0.001769169800513929,interpolado
0.26272614522904586,-0.0027546389924776905,interpolado
0.26282596519303864,-0.003623382045774283,interpolado
0.2629257851570314,-0.004324513135925457,interpolado
0.263,-0.004707,original
0.2631254250850171,-0.005048366311546958,interpolado
0.2632252450490099,-0.005075373710891725,interpolado
0.2633250650130026,-0.004922115952210458,interpolado
0.26342488497699534,-0.004622302381019356,interpolado
0.2635247049409882,-0.0042096423428342996,interpolado
0.263624524904981,-0.0037178451831718982,interpolado
0.26372434486897384,-0.0031806202475477773,interpolado
0.2638241648329666,-0.0026316768814786825,interpolado
0.26392398479695933,-0.0021047244304804587,interpolado
0.264,-0.001739,original
0.26412362472494494,-0.0012384765552174216,interpolado
0.26422344468893777,-0.0009152415796948741,interpolado
0.26432326465293055,-0.0006558380532209479,interpolado
0.2644230846169234,-0.00045243062373350823,interpolado
0.26452290458091615,-0.00029718393916990083,interpolado
0.2646227245449089,-0.00018226264746787552,interpolado
0.26472254450890176,-9.983139656491444e-05,interpolado
0.2648223644728946,-4.205483439857187e-05,interpolado
0.2649221844368873,-1.0976089064893642e-06,interpolado
0.265,2.42e-05,original
0.26512182436487297,6.0140328169277414e-05,interpolado
0.2652216443288658,8.981720076637532e-05,interpolado
0.26532146429285863,0.00012258366729416822,interpolado
0.26542128425685135,0.0001611263376266412,interpolado
0.2655211042208442,0.00020813182163786052,interpolado
0.265620924184837,0.0002662867292017956,interpolado
0.2657207441488297,0.00033827767019249005,interpolado
0.2658205641128226,0.0004267912544840184,interpolado
0.2659203840768154,0.0005345140919503041,interpolado
0.266,0.000636,original
0.266120024004801,0.0008151674968729817,interpolado
0.2662198439687938,0.000980345488605148,interpolado
0.26631966393278655,0.0011514094258803385,interpolado
0.26641948389677933,0.001320117070695357,interpolado
0.2665193038607722,0.0014782261850473791,interpolado
0.26661912382476494,0.0016174945309332227,interpolado
0.2667189437887577,0.0017296798703499785,interpolado
0.26681876375275054,0.0018065399652946747,interpolado
0.2669185837167433,0.0018398325777642202,interpolado
0.267,0.001829,original
0.267118223644729,0.0017489633087541053,interpolado
0.2672180436087217,0.0016348855388787892,interpolado
0.2673178635727146,0.0014933158741196862,interpolado
0.2674176835367073,0.0013384645767144134,interpolado
0.2675175035007002,0.001184541908900269,interpolado
0.26761732346469297,0.0010457581329148837,interpolado
0.26771714342868574,0.0009363235109956231,interpolado
0.2678169633926786,0.0008704483053799184,interpolado
0.2679167833566714,0.000862342778305303,interpolado
0.268,0.00091,original
0.26811642328465696,0.0010684232639769726,interpolado
0.26821624324864973,0.001276391002740349,interpolado
0.2683160632126425,0.0015345894334205688,interpolado
0.26841588317663534,0.0018275103744513652,interpolado
0.26851570314062817,0.0021396456442670697,interpolado
0.26861552310462095,0.0024554870613013547,interpolado
0.2687153430686137,0.002759526443988415,interpolado
0.26881516303260655,0.0030362556107624205,interpolado
0.2689149829965994,0.003270166380057083,interpolado
0.269,0.003424,original
0.2691146229245849,0.003550254892879561,interpolado
0.26921444288857765,0.0035779460172851566,interpolado
0.26931426285257054,0.0035242384553956616,interpolado
0.2694140828165633,0.0033845407852408464,interpolado
0.2695139027805562,0.003154261584850261,interpolado
0.269613722744549,0.002828809432253869,interpolado
0.26971354270854175,0.0024035929054812806,interpolado
0.26981336267253453,0.001874020582561883,interpolado
0.26991318263652736,0.0012355010415259732,interpolado
0.27,0.000588,original
0.27011282256451297,-0.0003753963279074987,interpolado
0.27021264252850574,-0.001303671105590237,interpolado
0.2703124624924986,-0.00225879536198176,interpolado
0.27041228245649135,-0.0031982003589218896,interpolado
0.270512102420484,-0.004079317358252052,interpolado
0.27061192238447684,-0.004859577621813545,interpolado
0.2707117423484696,-0.0054964124114463804,interpolado
0.27081156231246245,-0.005947252988992117,interpolado
0.2709113822764553,-0.006169530616291134,interpolado
0.271,-0.006141,original
0.27111102220444083,-0.0057792658168251305,interpolado
0.27121084216843366,-0.005184117195030273,interpolado
0.27131066213242644,-0.004384888983402987,interpolado
0.27141048209641927,-0.003431217755182026,interpolado
0.271510302060412,-0.002372740083604846,interpolado
0.2716101220244048,-0.0012590925419086682,interpolado
0.27170994198839765,-0.0001399117033325972,interpolado
0.2718097619523905,0.0009351658588867052,interpolado
0.27190958191638326,0.001916503571510176,interpolado
0.272,0.002683,original
0.27210922184436886,0.0034111993742957625,interpolado
0.2722090418083617,0.0038843433458144966,interpolado
0.27230886177235447,0.00417824978316632,interpolado
0.2724086817363473,0.004297264175870398,interpolado
0.2725085017003401,0.004245732013446425,interpolado
0.27260832166433285,0.004027998785413723,interpolado
0.27270814162832563,0.0036484099812920234,interpolado
0.27280796159231846,0.003111311090600394,interpolado
0.2729077815563113,0.00242104760285892,interpolado
0.273,0.001651,original
0.2731074214842969,0.0006051220137701951,interpolado
0.2732072414482896,-0.0004770710838895132,interpolado
0.2733070614122825,-0.0016279471967287358,interpolado
0.2734068813762753,-0.002810841614886107,interpolado
0.27350670134026805,-0.003989089628502181,interpolado
0.2736065213042609,-0.0051260265277175004,interpolado
0.27370634126825366,-0.006184987602670712,interpolado
0.2738061612322465,-0.007129308143502885,interpolado
0.27390598119623927,-0.007922323440352874,interpolado
0.274,-0.008498,original
0.2741056211242249,-0.00891880086063913,interpolado
0.27420544108821765,-0.009107995510538702,interpolado
0.2743052610522105,-0.00911410958867197,interpolado
0.2744050810162033,-0.00895629812453249,interpolado
0.27450490098019603,-0.00865371614761386,interpolado
0.2746047209441888,-0.008225518687409361,interpolado
0.2747045409081816,-0.007690860773413023,interpolado
0.2748043608721744,-0.007068897435117825,interpolado
0.27490418083616724,-0.006378783702018015,interpolado
0.275,-0.00567,original
0.2751038207641528,-0.004870378102652378,interpolado
0.2752036407281456,-0.00408847131581239,interpolado
0.27530346069213846,-0.003311258434391162,interpolado
0.2754032806561312,-0.00255604366955572,interpolado
0.27550310062012395,-0.0018401312324717834,interpolado
0.27560292058411684,-0.0011808253343051575,interpolado
0.2757027405481096,-0.0005954301862227352,interpolado
0.27580256051210245,-0.00010124999939028692,interpolado
0.2759023804760952,0.00028441101502621534,interpolado
0.276,0.00054,original
0.27610202040408083,0.0006675943125680762,interpolado
0.27620184036807366,0.0006686229547755951,interpolado
0.2763016603320664,0.0005673231909360727,interpolado
0.2764014802960592,0.0003836835729217057,interpolado
0.27650130026005204,0.00013769265260502516,interpolado
0.27660112022404487,-0.00015066101814189978,interpolado
0.27670094018803765,-0.00046138888744642317,interpolado
0.2768007601520304,-0.0007745024034363759,interpolado
0.27690058011602325,-0.0010700130142395966,interpolado
0.277,-0.001327,original
0.27710022004400886,-0.0015294779931505598,interpolado
0.2772000400080016,-0.0016606376498977643,interpolado
0.27729985997199436,-0.0017085763066650578,interpolado
0.27739967993598724,-0.0016604591318155042,interpolado
0.27749949989998,-0.0015034512937122707,interpolado
0.27759931986397285,-0.0012247179607182861,interpolado
0.27769913982796557,-0.0008114243011969743,interpolado
0.27779895979195834,-0.00025073548351133446,interpolado
0.2778987797559512,0.0004701833239759603,interpolado
0.278,0.001378,original
0.2780984196839368,0.0024325909923069745,interpolado
0.27819823964792956,0.0036290236539219226,interpolado
0.27829805961192233,0.004894567711085335,interpolado
0.27839787957591516,0.006170325904133758,interpolado
0.27849769953990794,0.00739740097340159,interpolado
0.2785975195039008,0.008516895659225978,interpolado
0.27869733946789355,0.00946991270194149,interpolado
0.2787971594318864,0.010197554841884634,interpolado
0.27889697939587926,0.01064092481939141,interpolado
0.279,0.010738,original
0.2790966193238648,0.010460002175370216,interpolado
0.2791964392878576,0.009850755559363584,interpolado
0.2792962592518504,0.008991727773204878,interpolado
0.2793960792158432,0.007961261817351132,interpolado
0.2794958991798359,0.006837700692261155,interpolado
0.27959571914382875,0.005699387398391437,interpolado
0.27969553910782163,0.004624664936200902,interpolado
0.27979535907181435,0.0036918763061465545,interpolado
0.2798951790358072,0.0029793645086857038,interpolado
0.28,0.002554,original
0.28009481896379285,0.002506915668100234,interpolado
0.2801946389277856,0.002759845552424475,interpolado
0.28029445889177834,0.003251207243815725,interpolado
0.28039427885577123,0.003907942615649463,interpolado
0.28049409881976406,0.00465699354130001,interpolado
0.2805939187837569,0.005425301894143185,interpolado
0.28069373874774967,0.006139809547553188,interpolado
0.2807935587117424,0.006727458374905523,interpolado
0.2808933786757353,0.00711519024957542,interpolado
0.281,0.007226,original
0.2810930186037209,0.007016411591763488,interpolado
0.2811928385677137,0.006506372833991512,interpolado
0.2812926585317065,0.005758309721301317,interpolado
0.2813924784956993,0.004830708138506709,interpolado
0.28149229845969204,0.0037820539704233056,interpolado
0.28159211842368476,0.0026708331018652086,interpolado
0.2816919383876776,0.0015555314176463738,interpolado
0.2817917583516704,0.0004946348025826318,interpolado
0.2818915783156632,-0.0004533708585125583,interpolado
0.282,-0.001287,original
0.28209121824364874,-0.001789019981776195,interpolado
0.2821910382076416,-0.0021477475582567973,interpolado
0.28229085817163435,-0.002344034405151793,interpolado
0.2823906781356271,-0.0024157427926807147,interpolado
0.28249049809961985,-0.002400734991062772,interpolado
0.2825903180636126,-0.002336873270517307,interpolado
0.2826901380276055,-0.0022620199012635526,interpolado
0.28278995799159823,-0.0022140371535208795,interpolado
0.2828897779555911,-0.002230787297508552,interpolado
0.283,-0.00237,original
0.2830894178835766,-0.002598599563010587,interpolado
0.2831892378475695,-0.00294060882789994,interpolado
0.2832890578115623,-0.0033194207916002814,interpolado
0.2833888777755551,-0.003678278001683988,interpolado
0.2834886977395479,-0.003960423005722659,interpolado
0.28358851770354077,-0.00410909835128853,interpolado
0.2836883376675336,-0.0040675465859535374,interpolado
0.28378815763152637,-0.0037790102572897253,interpolado
0.2838879775955192,-0.0031867319128687298,interpolado
0.284,-0.00209,original
0.2840876175235047,-0.0008826409890360788,interpolado
0.2841874374874976,0.0007968392572124897,interpolado
0.28428725745149036,0.002695192981886328,interpolado
0.2843870774154831,0.004703075956333022,interpolado
0.28448689737947597,0.006711143951895905,interpolado
0.2845867173434687,0.008610052739921681,interpolado
0.2846865373074616,0.01029045809175682,interpolado
0.28478635727145435,0.011643015778745006,interpolado
0.28488617723544707,0.01255838157223323,interpolado
0.285,0.012929,original
0.2850858171634327,0.012663624653767663,interpolado
0.28518563712742545,0.011825391948522375,interpolado
0.2852854570914183,0.010524623578180405,interpolado
0.2853852770554111,0.008873531928706059,interpolado
0.2854850970194039,0.0069843293860668365,interpolado
0.28558491698339666,0.0049692283362275345,interpolado
0.2856847369473895,0.002940441165152657,interpolado
0.2857845569113824,0.0010101802588101307,interpolado
0.28588437687537516,-0.0007093419968364335,interpolado
0.286,-0.00229,original
0.2860840168033607,-0.0030845104813666127,interpolado
0.2861838367673535,-0.0036614311949463682,interpolado
0.28628365673134626,-0.003897317262869254,interpolado
0.2863834766953391,-0.003852924983503506,interpolado
0.28648329665933187,-0.003589010655217103,interpolado
0.28658311662332464,-0.003166330576377993,interpolado
0.28668293658731747,-0.0026456410453537713,interpolado
0.2867827565513102,-0.0020876983605129453,interpolado
0.2868825765153029,-0.0015532588202231486,interpolado
0.287,-0.001037,original
0.2870822164432886,-0.0007900137458638225,interpolado
0.2871820364072814,-0.0006127669548484827,interpolado
0.2872818563712742,-0.0005473345455787006,interpolado
0.287381676335267,-0.0005696351634746432,interpolado
0.28748149629925984,-0.0006555874539566715,interpolado
0.2875813162632526,-0.0007811100624449788,interpolado
0.28768113622724545,-0.0009221216343599765,interpolado
0.28778095619123817,-0.0010545408151217963,interpolado
0.287880776155231,-0.0011542862501508159,interpolado
0.288,-0.001197,original
0.2880804160832166,-0.0011618853389336163,interpolado
0.28818023604720944,-0.0010443057346771272,interpolado
0.28828005601120227,-0.000848593040797732,interpolado
0.288379875975195,-0.0005788370138587452,interpolado
0.2884796959391879,-0.00023912741042331835,interpolado
0.2885795159031807,0.00016644601294481097,interpolado
0.2886793358671735,0.0006337934996827314,interpolado
0.28877915583116626,0.001158825293226562,interpolado
0.2888789757951591,0.0017374516370131888,interpolado
0.289,0.002505,original
0.28907861572314464,0.0030365437269447015,interpolado
0.2891784356871374,0.0037237720310418364,interpolado
0.2892782556511302,0.004391476509874855,interpolado
0.289378075615123,0.005003815259708945,interpolado
0.2894778955791158,0.005524946376809167,interpolado
0.28957771554310857,0.005919027957439739,interpolado
0.2896775355071014,0.006150218097865858,interpolado
0.2897773554710942,0.006182674894352055,interpolado
0.28987717543508695,0.005980556443163318,interpolado
0.29,0.005357,original
0.2900768153630725,0.00473753368861377,interpolado
0.2901766353270653,0.003709339338010912,interpolado
0.29027645529105817,0.002496750720639058,interpolado
0.29037627525505094,0.001173303904820515,interpolado
0.2904760952190438,-0.0001874650411226538,interpolado
0.2905759151830366,-0.0015120200488660943,interpolado
0.29067573514702943,-0.0027268250500883696,interpolado
0.29077555511102215,-0.0037583439764652866,interpolado
0.290875375075015,-0.004533040759674745,interpolado
0.291,-0.005028,original
0.29107501500300054,-0.005028362560800525,interpolado
0.2911748349669934,-0.004714262601556181,interpolado
0.29127465493098614,-0.004110151933419738,interpolado
0.2913744748949789,-0.003291484073967224,interpolado
0.2914742948589718,-0.0023337125407742005,interpolado
0.2915741148229645,-0.0013122908514178766,interpolado
0.29167393478695736,-0.0003026725234733206,interpolado
0.29177375475095013,0.000619688925482196,interpolado
0.2918735747149429,0.001379339977873132,interpolado
0.292,0.00199,original
0.29207321464292846,0.0021166991791831636,interpolado
0.2921730346069213,0.0020331342591155387,interpolado
0.2922728545709142,0.0016959771727361472,interpolado
0.2923726745349069,0.0011514567353915401,interpolado
0.2924724944988997,0.00044580176242779745,interpolado
0.29257231446289256,-0.00037475893080776137,interpolado
0.29267213442688533,-0.0012639965289689761,interpolado
0.29277195439087816,-0.00217568221670984,interpolado
0.292871774354871,-0.0030635871786828055,interpolado
0.293,-0.004095,original
0.2930714142828566,-0.004586117133754127,interpolado
0.2931712342468493,-0.005163374911212096,interpolado
0.2932710542108422,-0.005615625787577092,interpolado
0.29337087417483493,-0.00594542699182928,interpolado
0.29347069413882776,-0.006155335752949697,interpolado
0.29357051410282053,-0.006247909299918778,interpolado
0.29367033406681337,-0.006225704861717341,interpolado
0.2937701540308062,-0.006091279667325947,interpolado
0.29386997399479897,-0.005847190945725412,interpolado
0.294,-0.005369,original
0.2940696139227845,-0.0050414018802642955,interpolado
0.2941694338867773,-0.004499097519377177,interpolado
0.29426925385077013,-0.0038918897946107903,interpolado
0.29436907381476296,-0.003242679609629352,interpolado
0.29446889377875574,-0.002574367868095697,interpolado
0.29456871374274857,-0.0019098554736741093,interpolado
0.2946685337067414,-0.0012720433300277513,interpolado
0.2947683536707342,-0.0006838323408198426,interpolado
0.29486817363472695,-0.00016812340971457995,interpolado
0.295,0.000363,original
0.29506781356271256,0.0005558462304988906,interpolado
0.29516763352670533,0.0007400806742217832,interpolado
0.29526745349069816,0.0008136062308372272,interpolado
0.2953672734546909,0.0007853179346754454,interpolado
0.29546709341868377,0.0006641108200667188,interpolado
0.29556691338267654,0.0004588799213414863,interpolado
0.2956667333466692,0.00017852027283000608,interpolado
0.2957665533106621,-0.0001680730911376298,interpolado
0.29586637327465487,-0.0005720051362307321,interpolado
0.296,-0.001187,original
0.2960660132026405,-0.0015155284855083936,interpolado
0.29616583316663325,-0.002026570538273953,interpolado
0.2962656531306261,-0.00253260481262893,interpolado
0.29636547309461886,-0.0030086248209427813,interpolado
0.29646529305861175,-0.003429624075586036,interpolado
0.2965651130226046,-0.003770596088928245,interpolado
0.29666493298659724,-0.00400653437333969,interpolado
0.29676475295059007,-0.00411243244119042,interpolado
0.2968645729145829,-0.004063283804850334,interpolado
0.297,-0.003704,original
0.2970642128425685,-0.0034024282337161813,interpolado
0.2971640328065613,-0.002778963316043707,interpolado
0.29726385277055406,-0.0019970129241780616,interpolado
0.2973636727345469,-0.00109034740351262,interpolado
0.2974634926985397,-9.273709943891266e-05,interpolado
0.2975633126625325,0.000962047642649444,interpolado
0.2976631326265253,0.002040236477360486,interpolado
0.29776295259051805,0.0031080590593023025,interpolado
0.2978627725545109,0.004131745043081201,interpolado
0.298,0.005405,original
0.2980624124824965,0.0059130128531106494,interpolado
0.2981622324464892,0.006624640162374859,interpolado
0.2982620524104821,0.0072123834422893095,interpolado
0.2983618723744748,0.00767651876082798,interpolado
0.29846169233846753,0.008017322185965868,interpolado
0.2985615123024605,0.008235069785677696,interpolado
0.29866133226645325,0.008330037627937855,interpolado
0.29876115223044614,0.008302501780721082,interpolado
0.29886097219443886,0.008152738312002047,interpolado
0.299,0.007741,original
0.2990606121224245,0.007488713796666162,interpolado
0.29916043208641724,0.006992888814909678,interpolado
0.29926025205041007,0.006422502355092249,interpolado
0.2993600720144028,0.005806801026211596,interpolado
0.2994598919783957,0.005175031437264492,interpolado
0.29955971194238845,0.004556440197247675,interpolado
0.2996595319063812,0.00398027391515892,interpolado
0.29975935187037406,0.0034757791999946944,interpolado
0.29985917183436683,0.0030722026607526457,interpolado
0.3,0.002731,original
0.3000588117623524,0.0026832078311735826,interpolado
0.30015863172634527,0.002728389704950592,interpolado
0.3002584516903381,0.0029176881098484622,interpolado
0.3003582716543308,0.003233918063043201,interpolado
0.30045809161832365,0.0036598945817111067,interpolado
0.3005579115823165,0.004178432683028718,interpolado
0.3006577315463093,0.004772347384171677,interpolado
0.3007575515103021,0.005424453702316853,interpolado
0.3008573714742948,0.006117566654639741,interpolado
0.301,0.007145,original
0.30105701140228047,0.007557489116892527,interpolado
0.30115683136627325,0.008258950693648362,interpolado
0.3012566513302661,0.008903159378121028,interpolado
0.30135647129425885,0.009454141567603287,interpolado
0.30145629125825163,0.009875923659389017,interpolado
0.3015561112222444,0.010132532050771798,interpolado
0.30165593118623724,0.010187993139044827,interpolado
0.30175575115023,0.010006333321501613,interpolado
0.3018555711142228,0.009551578995435841,interpolado
0.302,0.008337,original
0.3020552110422084,0.007682364754251886,interpolado
0.30215503100620117,0.006265890752521333,interpolado
0.30225485097019394,0.00462365516066058,interpolado
0.3023546709341868,0.0028428101014881385,interpolado
0.30245449089817955,0.0010105076978197912,interpolado
0.3025543108621723,-0.000786099927528784,interpolado
0.30265413082616516,-0.0024598606517389154,interpolado
0.30275395079015793,-0.003923622351995708,interpolado
0.30285377075415076,-0.005090232905480853,interpolado
0.303,-0.006081,original
0.30305341068213637,-0.006187416390559311,interpolado
0.3031532306461292,-0.0060306627788545,interpolado
0.30325305061012203,-0.005470106824464495,interpolado
0.3033528705741147,-0.004576216104809479,interpolado
0.3034526905381076,-0.003419458197308776,interpolado
0.30355251050210047,-0.002070300679381121,interpolado
0.30365233046609313,-0.0005992111284475732,interpolado
0.303752150430086,0.0009233428780738885,interpolado
0.3038519703940788,0.0024268937627620127,interpolado
0.304,0.004471,original
0.3040516103220644,0.0050966360345410175,interpolado
0.3041514302860572,0.006157251170578826,interpolado
0.30425125025005,0.007017104249971259,interpolado
0.30435107021404284,0.007671719209245928,interpolado
0.3044508901780356,0.00811661998492941,interpolado
0.30455071014202845,0.008347330513549505,interpolado
0.3046505301060213,0.00835937473163325,interpolado
0.304750350070014,0.00814827657570814,interpolado
0.30485017003400683,0.007709559982301179,interpolado
0.30494998999799966,0.007038748887940153,interpolado
0.305,0.006614,original
0.30514962992598527,0.005020511885656239,interpolado
0.30524944988997793,0.003763076343922448,interpolado
0.3053492698539709,0.0024229009400766064,interpolado
0.3054490898179636,0.001062439993545782,interpolado
0.3055489097819565,-0.0002558521762459108,interpolado
0.3056487297459492,-0.0014695212498714296,interpolado
0.30574854970994203,-0.002516112907905969,interpolado
0.30584836967393486,-0.0033331728309243607,interpolado
0.3059481896379276,-0.0038582466995001163,interpolado
0.306,-0.003995,original
0.30614782956591324,-0.0038511088871135274,interpolado
0.306247649529906,-0.0033790082099497704,interpolado
0.3063474694938988,-0.002678986011348222,interpolado
0.3064472894578916,-0.001815104145989756,interpolado
0.3065471094218844,-0.0008514244685535571,interpolado
0.3066469293858771,0.00014799116627920494,interpolado
0.30674674934986995,0.0011190809038289784,interpolado
0.3068465693138627,0.001997782889416146,interpolado
0.30694638927785556,0.002720035268359633,interpolado
0.307,0.003021,original
0.30714602920584116,0.003487683493086004,interpolado
0.30724584916983394,0.003540054934714496,interpolado
0.30734566913382677,0.003409777394862837,interpolado
0.30744548909781955,0.0031261933914286666,interpolado
0.3075453090618124,0.0027186454423091867,interpolado
0.3076451290258052,0.0022164760654023404,interpolado
0.3077449489897978,0.001649027778605413,interpolado
0.30784476895379076,0.0010456430998155458,interpolado
0.30794458891778353,0.0004356645469309004,interpolado
0.308,0.000105,original
0.3081442288457691,-0.0007016506936160505,interpolado
0.30824404880976186,-0.0012128220284578282,interpolado
0.3083438687737547,-0.001685902757096566,interpolado
0.30844368873774747,-0.002121279960039559,interpolado
0.30854350870174035,-0.002519340717795114,interpolado
0.3086433286657331,-0.0028804721108706107,interpolado
0.30874314862972585,-0.003205061219774102,interpolado
0.3088429685937187,-0.00349349512501356,interpolado
0.30894278855771146,-0.0037461609070964874,interpolado
0.309,-0.003875,original
0.30914242848569706,-0.004142172815724855,interpolado
0.3092422484496899,-0.004275886263621292,interpolado
0.30934206841368267,-0.004357517237669082,interpolado
0.3094418883776755,-0.004380092394190098,interpolado
0.30954170834166833,-0.004336638389506362,interpolado
0.30964152830566116,-0.0042201818799397495,interpolado
0.3097413482696539,-0.004023749521812354,interpolado
0.3098411682336467,-0.003740367971445907,interpolado
0.3099409881976395,-0.0033630638851626874,interpolado
0.31,-0.003093,original
0.3101406281256252,-0.002318475895227365,interpolado
0.3102404480896179,-0.0016962610291074915,interpolado
0.31034026805361076,-0.0010539585176127545,interpolado
0.3104400880176035,-0.00042682663467150865,interpolado
0.31053990798159625,0.00014987634578897293,interpolado
0.31063972794558903,0.0006408921498413072,interpolado
0.3107395479095818,0.0010109625035573057,interpolado
0.3108393678735747,0.001224829133009711,interpolado
0.3109391878375674,0.0012472337642706437,interpolado
0.311,0.001152,original
0.31113882776555307,0.0006111655858396176,interpolado
0.31123864772954585,-1.1443892584912878e-05,interpolado
0.3113384676935387,-0.0007823621135483307,interpolado
0.3114382876575315,-0.0016598071252185292,interpolado
0.31153810762152423,-0.0026019969757646684,interpolado
0.31163792758551706,-0.0035671497133560517,interpolado
0.3117377475495099,-0.004513483386160361,interpolado
0.31183756751350267,-0.005399216042347361,interpolado
0.3119373874774955,-0.006182565730084822,interpolado
0.312,-0.006603,original
0.31213702740548105,-0.0072985118609804715,interpolado
0.3122368473694739,-0.007621971858900644,interpolado
0.31233666733346666,-0.007805380507973353,interpolado
0.31243648729745943,-0.007861516881735656,interpolado
0.3125363072614522,-0.007803160053724941,interpolado
0.31263612722544504,-0.00764308909747834,interpolado
0.3127359471894378,-0.007394083086533289,interpolado
0.3128357671534307,-0.007068921094426778,interpolado
0.3129355871174234,-0.006680382194696417,interpolado
0.313,-0.006402,original
0.313135227045409,-0.0057635665528490915,interpolado
0.31323504700940186,-0.005258495864511299,interpolado
0.31333486697339463,-0.0047370536635017455,interpolado
0.3134346869373874,-0.004210273203188876,interpolado
0.3135345069013803,-0.00368918773694026,interpolado
0.31363432686537307,-0.0031848305181234825,interpolado
0.31373414682936585,-0.0027082348001069667,interpolado
0.3138339667933587,-0.0022704338362580525,interpolado
0.31393378675735145,-0.0018824608799450884,interpolado
0.314,-0.001658,original
0.31413342668533706,-0.0012939570192910472,interpolado
0.3142332466493299,-0.0010948547412250752,interpolado
0.31433306661332266,-0.000953463382040388,interpolado
0.31443288657731544,-0.0008653026436806762,interpolado
0.3145327065413082,-0.0008258922280893799,interpolado
0.31463252650530105,-0.0008307518372100478,interpolado
0.31473234646929377,-0.000875401172986207,interpolado
0.3148321664332866,-0.0009553599373614361,interpolado
0.3149319863972794,-0.0010661478322791789,interpolado
0.315,-0.001157,original
0.31513162632526504,-0.001360937437210585,interpolado
0.31523144628925787,-0.0015313310315944687,interpolado
0.31533126625325064,-0.0017064270058716054,interpolado
0.3154310862172434,-0.0018782061046361926,interpolado
0.31553090618123625,-0.0020386490724821397,interpolado
0.31563072614522897,-0.0021797366540037195,interpolado
0.31573054610922185,-0.0022934495937948765,interpolado
0.31583036607321463,-0.002371768636449798,interpolado
0.31593018603720746,-0.0024066745265625953,interpolado
0.316,-0.002401,original
0.3161298259651931,-0.002321823455839176,interpolado
0.3162296459291859,-0.0022130810191504065,interpolado
0.3163294658931787,-0.002076868999897748,interpolado
0.31642928585717145,-0.0019260412047042322,interpolado
0.3165291058211642,-0.0017734514401931527,interpolado
0.3166289257851571,-0.0016319535129874728,interpolado
0.31672874574914983,-0.0015144012297104745,interpolado
0.3168285657131426,-0.0014336483969851926,interpolado
0.31692838567713544,-0.0014025488214347449,interpolado
0.317,-0.001418,original
0.31712802560512104,-0.001520362150077388,interpolado
0.31722784556911376,-0.0016209286246024297,interpolado
0.31732766553310654,-0.001690383009606068,interpolado
0.31742748549709937,-0.0016836703267937804,interpolado
0.31752730546109215,-0.0015557355978710627,interpolado
0.31762712542508503,-0.001261523844543231,interpolado
0.31772694538907775,-0.0007559800885161003,interpolado
0.31782676535307053,5.950648504931839e-06,interpolado
0.31792658531706336,0.0010693233448150373,interpolado
0.318,0.00207,original
0.31812622524504897,0.004227886052855752,interpolado
0.3182260452090418,0.006215817454404703,interpolado
0.3183258651730345,0.008331097046167236,interpolado
0.3184256851370274,0.01046231739277167,interpolado
0.3185255051010202,0.012498071058842729,interpolado
0.3186253250650129,0.014326950609009674,interpolado
0.3187251450290058,0.01583754860789758,interpolado
0.31882496499299856,0.01691845762013466,interpolado
0.3189247849569914,0.017458270210348195,interpolado
0.319,0.01744,original
0.31912442488497705,0.016544355797262492,interpolado
0.31922424484896983,0.015158319037642986,interpolado
0.3193240648129626,0.013310169729470517,interpolado
0.31942388477695544,0.011122026034040085,interpolado
0.3195237047409482,0.008716006112650443,interpolado
0.3196235247049411,0.006214228126595349,interpolado
0.3197233446689338,0.0037388102371739055,interpolado
0.3198231646329266,0.0014118706056810181,interpolado
0.3199229845969194,-0.0006444726065880808,interpolado
0.32,-0.001969,original
0.3201226245249051,-0.0035123097086947703,interpolado
0.3202224444888978,-0.004299523691695017,interpolado
0.3203222644528905,-0.004727322532953964,interpolado
0.32042208441688336,-0.004852929174962791,interpolado
0.32052190438087613,-0.004733566560212571,interpolado
0.320621724344869,-0.004426457631194423,interpolado
0.32072154430886174,-0.003988825330399899,interpolado
0.32082136427285446,-0.00347789260032006,interpolado
0.32092118423684735,-0.0029508823834458017,interpolado
0.321,-0.002561,original
0.32112082416483284,-0.0020591967763618196,interpolado
0.3212206441288257,-0.0017340205397252263,interpolado
0.3213204640928185,-0.0014846181391977285,interpolado
0.32142028405681144,-0.0013062150711380404,interpolado
0.3215201040208041,-0.0011940368319053516,interpolado
0.3216199239847969,-0.0011433089178585398,interpolado
0.32171974394878977,-0.0011492568253566183,interpolado
0.32181956391278255,-0.0012071060507585732,interpolado
0.32191938387677543,-0.0013120820904234578,interpolado
0.322,-0.001428,original
0.322119023804761,-0.001636665542244241,interpolado
0.32221884376875376,-0.0018144681843186505,interpolado
0.3223186637327466,-0.001960933305642356,interpolado
0.32241848369673937,-0.0020442079803585167,interpolado
0.32251830366073214,-0.002032439282610061,interpolado
0.32261812362472486,-0.0018937742865400898,interpolado
0.3227179435887177,-0.0015963600662914242,interpolado
0.3228177635527104,-0.001108343696007415,interpolado
0.3229175835167033,-0.000397872249830517,interpolado
0.323,0.000379,original
0.3231172234446888,0.0017888030310795856,interpolado
0.3232170434086817,0.00320244426143552,interpolado
0.3233168633726745,0.004731985720382534,interpolado
0.32341668333666734,0.006301677284181513,interpolado
0.3235165033006601,0.007835768829089962,interpolado
0.32361632326465284,0.009258510231368025,interpolado
0.3237161432286457,0.010494151367275611,interpolado
0.32381596319263856,0.011466942113070587,interpolado
0.32391578315663144,0.012101132345013225,interpolado
0.324,0.012317,original
0.32411542308461694,0.012089390157892574,interpolado
0.3242152430486098,0.011465434185438161,interpolado
0.3243150630126025,0.010523557855611173,interpolado
0.3244148829765953,0.009338119450868694,interpolado
0.3245147029405881,0.007983477253670114,interpolado
0.32461452290458087,0.006533989546472879,interpolado
0.32471434286857376,0.0050640146117342235,interpolado
0.3248141628325665,0.003647910731913854,interpolado
0.32491398279655936,0.0023600361894683297,interpolado
0.325,0.00141,original
0.32511362272454486,0.00044132942837936574,interpolado
0.3252134426885377,-0.0001568761634599664,interpolado
0.3253132626525305,-0.0005475811444464508,interpolado
0.32541308261652324,-0.0007584541921236964,interpolado
0.3255129025805161,-0.0008171639840346254,interpolado
0.3256127225445089,-0.0007513791977225429,interpolado
0.32571254250850173,-0.0005887685107304791,interpolado
0.32581236247249445,-0.00035700060060176955,interpolado
0.32591218243648734,-8.374414487933218e-05,interpolado
0.326,0.000169,original
0.3261118223644728,0.00048116832424915365,interpolado
0.3262116423284658,0.0007395156553019326,interpolado
0.32631146229245855,0.0009703805161884459,interpolado
0.3264112822564514,0.0011657635521560026,interpolado
0.32651110222044416,0.0013176654084514452,interpolado
0.3266109221844369,0.0014180867303219555,interpolado
0.32671074214842977,0.001459028163014601,interpolado
0.3268105621124225,0.0014324903517763947,interpolado
0.3269103820764153,0.0013304739418544406,interpolado
0.327,0.001168,original
0.32711002200440087,0.0008755388386747826,interpolado
0.3272098419683937,0.0005438096701222584,interpolado
0.3273096619323865,0.0001755440408300619,interpolado
0.32740948189637925,-0.00020351208563187555,interpolado
0.32750930186037197,-0.0005676127456936482,interpolado
0.32760912182436486,-0.0008910119757847417,interpolado
0.3277089417883576,-0.0011479638123353818,interpolado
0.32780876175235046,-0.0013127222917751755,interpolado
0.32790858171634324,-0.0013595414505341847,interpolado
0.328,-0.001277,original
0.3281082216443288,-0.0010101907553115529,interpolado
0.3282080416083216,-0.0006330307143609613,interpolado
0.3283078615723144,-0.0001704900702726394,interpolado
0.32840768153630717,0.0003381427719277265,interpolado
0.3285075015003,0.0008535794072145502,interpolado
0.3286073214642928,0.001336531430561377,interpolado
0.3287071414282856,0.0017477104369428295,interpolado
0.32880696139227844,0.0020478280213325666,interpolado
0.32890678135627116,0.0021975957787049747,interpolado
0.329,0.002167,original
0.32910642128425677,0.001907809466192724,interpolado
0.32920624124824965,0.0014893431413747751,interpolado
0.32930606121224243,0.0009565290132640625,interpolado
0.32940588117623515,0.0003635652590557529,interpolado
0.32950570114022804,-0.00023534994405512247,interpolado
0.3296055211042208,-0.0007860184188725161,interpolado
0.3297053410682137,-0.0012342419882016204,interpolado
0.3298051610322064,-0.001525822474846555,interpolado
0.32990498099619925,-0.0016065617016122464,interpolado
0.33,-0.001438,original
0.3301046209241848,-0.0009424844828659616,interpolado
0.33020444088817763,-0.00021905014825195917,interpolado
0.3303042608521704,0.0006784121547636912,interpolado
0.33040408081616324,0.0016802753645028421,interpolado
0.330503900780156,0.0027169124192875835,interpolado
0.3306037207441488,0.003718696257438243,interpolado
0.3307035407081417,0.004615999817277366,interpolado
0.33080336067213445,0.005339196037125437,interpolado
0.3309031806361272,0.005818657855304505,interpolado
0.331,0.005985,original
0.33110282056411283,0.005792403210805344,interpolado
0.33120264052810566,0.005286165018073416,interpolado
0.33130246049209844,0.004531101554534322,interpolado
0.3314022804560912,0.003592270133050545,interpolado
0.33150210042008404,0.002534728066484165,interpolado
0.3316019203840768,0.001423532667699065,interpolado
0.33170174034806965,0.00032374124955677656,interpolado
0.3318015603120625,-0.0006995888750787681,interpolado
0.33190138027605526,-0.0015814003933455037,interpolado
0.332,-0.00225,original
0.3321010202040409,-0.0026767793459233843,interpolado
0.3322008401680338,-0.002857133737308589,interpolado
0.3323006601320266,-0.0028283921856940585,interpolado
0.33240048009601936,-0.0026212476824953304,interpolado
0.3325003000600122,-0.0022663932191275406,interpolado
0.33260012002400496,-0.0017945217870064692,interpolado
0.3326999399879977,-0.001236326377547331,interpolado
0.3327997599519906,-0.0006224999821651456,interpolado
0.33289957991598335,1.626440772402012e-05,interpolado
0.333,0.000653,original
0.3330992198439689,0.0012489506151027552,interpolado
0.33319903980796167,0.0018004057111632352,interpolado
0.3332988597719545,0.002291979788507484,interpolado
0.3333986797359472,0.002712013547444614,interpolado
0.33349849969994005,0.0030488476882847403,interpolado
0.3335983196639327,0.003290822911337147,interpolado
0.3336981396279256,0.0034262799169117106,interpolado
0.3337979595919184,0.003443559405318068,interpolado
0.33389777955591116,0.003331002076865858,interpolado
0.334,0.003069,original
0.33409741948389676,0.002676121097825744,interpolado
0.33419723944788954,0.002150677034675839,interpolado
0.3342970594118824,0.0015301456459865877,interpolado
0.33439687937587514,0.0008440562308009614,interpolado
0.334496699339868,0.00012193808816050763,interpolado
0.33459651930386075,-0.0006066794828916894,interpolado
0.3346963392678536,-0.0013122671833137505,interpolado
0.33479615923184647,-0.001965295714063749,interpolado
0.33489597919583924,-0.0025362357760986736,interpolado
0.335,-0.003012,original
0.33509561912382485,-0.003319989750142941,interpolado
0.3351954390878176,-0.0035146551429861062,interpolado
0.33529525905181046,-0.0035927312491562365,interpolado
0.33539507901580323,-0.0035673955994238206,interpolado
0.335494898979796,-0.0034518257245594163,interpolado
0.33559471894378884,-0.0032591991553337276,interpolado
0.3356945389077816,-0.003002693422517285,interpolado
0.33579435887177445,-0.0026954860568804747,interpolado
0.33589417883576717,-0.0023507545891942143,interpolado
0.336,-0.001959,original
0.33609381876375277,-0.0016013216449442473,interpolado
0.33619363872774555,-0.00122224283365352,interpolado
0.33629345869173843,-0.000856838460729739,interpolado
0.3363932786557312,-0.0005175068423260103,interpolado
0.336493098619724,-0.00021664629459466715,interpolado
0.3365929185837169,3.3344866311255084e-05,interpolado
0.33669273854770965,0.00022006832423924068,interpolado
0.3367925585117024,0.0003311257630366323,interpolado
0.3368923784756953,0.00035411886655060574,interpolado
0.337,0.000266,original
0.3370920184036809,9.222097957694005e-05,interpolado
0.33719183836767364,-0.0001757906122397954,interpolado
0.33729165833166647,-0.0004945818381984257,interpolado
0.33739147829565924,-0.0008313454827407081,interpolado
0.3374912982596521,-0.001153274330309102,interpolado
0.33759111822364474,-0.0014275611653453604,interpolado
0.33769093818763757,-0.0016213987722917954,interpolado
0.33779075815163034,-0.0017019799355905388,interpolado
0.3378905781156232,-0.001636497439683613,interpolado
0.338,-0.001358,original
0.3380902180436087,-0.0009447451383608247,interpolado
0.33819003800760156,-0.0003162783331556672,interpolado
0.3382898579715943,0.00045591852572949746,interpolado
0.3383896779355871,0.001334497210261151,interpolado
0.33848949789957994,0.002282109492407036,interpolado
0.3385893178635727,0.0032614071441350516,interpolado
0.33868913782756555,0.004235041937411447,interpolado
0.3387889577915583,0.005165665644204608,interpolado
0.33888877775555115,0.0060159300364808444,interpolado
0.339,0.006823,original
0.33908841768353676,0.007331742194845534,interpolado
0.3391882376475296,0.007766610132000619,interpolado
0.33928805761152236,0.008065409175982292,interpolado
0.33938787757551514,0.008240470145944869,interpolado
0.3394876975395079,0.008304123861043202,interpolado
0.3395875175035007,0.008268701140431886,interpolado
0.3396873374674935,0.00814653280326561,interpolado
0.3397871574314863,0.007949949668698894,interpolado
0.33988697739547913,0.007691282555886608,interpolado
0.34,0.007339,original
0.3400866173234648,0.007036746775596232,interpolado
0.3401864372874575,0.006663364204011215,interpolado
0.34028625725145034,0.006272540319186593,interpolado
0.3403860772154432,0.005874099904660988,interpolado
0.340485897179436,0.005477867743972372,interpolado
0.3405857171434288,0.0050936686206587214,interpolado
0.3406855371074216,0.004731327318258652,interpolado
0.3407853570714145,0.004400668620309959,interpolado
0.3408851770354072,0.0041115173103511956,interpolado
0.341,0.003843,original
0.3410848169633928,0.0036942322892665057,interpolado
0.3411846369273856,0.00356243283501021,interpolado
0.34128445689137843,0.003460718891566856,interpolado
0.34138427685537115,0.0033714940239986707,interpolado
0.3414840968193638,0.0032771617973677133,interpolado
0.34158391678335676,0.003160125776736034,interpolado
0.3416837367473495,0.003002789527165875,interpolado
0.34178355671134225,0.002787556613719164,interpolado
0.3418833766753351,0.0024968306014582554,interpolado
0.342,0.002038,original
0.3420830166033207,0.001625546646824406,interpolado
0.3421828365673134,0.001070864479576384,interpolado
0.3422826565313063,0.0005046731947266224,interpolado
0.34238247649529907,-1.7264243579824784e-05,interpolado
0.3424822964592918,-0.0004391848711988763,interpolado
0.3425821164232846,-0.0007053257239862272,interpolado
0.3426819363872775,-0.0007599238377971587,interpolado
0.34278175635127034,-0.0005472162484872656,interpolado
0.34288157631526306,-1.1439991912360215e-05,interpolado
0.343,0.00112,original
0.3430812162432487,0.0022363856945884146,interpolado
0.3431810362072415,0.003914890292845296,interpolado
0.3432808561712343,0.005816571650757656,interpolado
0.3433806761352271,0.007819127607241337,interpolado
0.3434804960992199,0.009800256001215344,interpolado
0.3435803160632127,0.01163765467159864,interpolado
0.34368013602720554,0.013209021457307141,interpolado
0.34377995599119826,0.014392054197259915,interpolado
0.3438797759551911,0.01506445073037517,interpolado
0.344,0.015023,original
0.3440794158831766,0.014410762558666919,interpolado
0.3441792358471695,0.01305502869065217,interpolado
0.34427905581116214,0.011183721606886401,interpolado
0.3443788757751551,0.008944239532527237,interpolado
0.3444786957391478,0.006483980692736179,interpolado
0.3445785157031407,0.00395034331266962,interpolado
0.34467833566713346,0.0014907256174893882,interpolado
0.34477815563112624,-0.0007474741676469658,interpolado
0.34487797559511907,-0.0026168578175814134,interpolado
0.345,-0.004186,original
0.34507761552310473,-0.004679911605208903,interpolado
0.34517743548709745,-0.004780995264880915,interpolado
0.3452772554510902,-0.004384850494827809,interpolado
0.34537707541508306,-0.0036035256566439057,interpolado
0.3454768953790759,-0.0025490691119249616,interpolado
0.3455767153430686,-0.0013335292222647773,interpolado
0.34567653530706144,-6.89543492595935e-05,interpolado
0.3457763552710542,0.0011326071454963891,interpolado
0.345876175235047,0.0021591069004088317,interpolado
0.346,0.003021,original
0.3460758151630326,0.003252441438734418,interpolado
0.3461756351270254,0.0032382505406409663,interpolado
0.34627545509101815,0.002931237670883116,interpolado
0.34637527505501103,0.002407151932632122,interpolado
0.34647509501900375,0.001741742429060189,interpolado
0.3465749149829966,0.0010107582633382625,interpolado
0.34667473494698936,0.00028994853863877784,interpolado
0.3467745549109822,-0.0003449376418670697,interpolado
0.346874374874975,-0.0008181511750078917,interpolado
0.347,-0.001067,original
0.3470740148029606,-0.0009866131762204893,interpolado
0.34717383476695335,-0.0006404584249618443,interpolado
0.34727365473094607,-8.720878581226572e-05,interpolado
0.347373474694939,0.0006009797674058266,interpolado
0.3474732946589318,0.0013519512608688058,interpolado
0.3475731146229246,0.0020935497207545954,interpolado
0.3476729345869174,0.002753619173239508,interpolado
0.3477727545509101,0.0032600036445011383,interpolado
0.347872574514903,0.00354054716071674,interpolado
0.348,0.003456,original
0.34807221444288855,0.0031446761628145105,interpolado
0.3481720344068813,0.0024298030297466,interpolado
0.34827185437087416,0.001451413591481066,interpolado
0.34837167433486693,0.00028296039050223375,interpolado
0.3484714942988597,-0.0010021040307035595,interpolado
0.34857131426285254,-0.002330327129652646,interpolado
0.3486711342268453,-0.0036282563638585057,interpolado
0.34877095419083814,-0.004822439190836865,interpolado
0.34887077415483103,-0.005839423068103217,interpolado
0.349,-0.006773,original
0.3490704140828166,-0.007055213816456606,interpolado
0.34917023404680936,-0.007194820017514078,interpolado
0.3492700540108021,-0.007074179425194081,interpolado
0.34936987397479496,-0.006743423986801329,interpolado
0.34946969393878774,-0.006252685649641154,interpolado
0.34956951390278057,-0.005652096361018375,interpolado
0.34966933386677346,-0.004991788068237563,interpolado
0.3497691538307661,-0.004321892718604417,interpolado
0.34986897379475895,-0.003692542259423204,interpolado
0.35,-0.003012,original
0.3500686137227445,-0.002752725565501143,interpolado
0.3501684336867373,-0.0025005850120830867,interpolado
0.35026825365073017,-0.002387323865906379,interpolado
0.35036807361472294,-0.0024025106028470722,interpolado
0.3504678935787158,-0.00253571369878134,interpolado
0.3505677135427085,-0.0027765016295853494,interpolado
0.35066753350670127,-0.003114442871135506,interpolado
0.3507673534706941,-0.003539105899307625,interpolado
0.3508671734346869,-0.004040059189978358,interpolado
0.351,-0.004807,original
0.3510668133626724,-0.0052280004833508776,interpolado
0.35116663332666526,-0.005879126299491159,interpolado
0.35126645329065803,-0.006527742004461217,interpolado
0.3513662732546509,-0.007141207113382486,interpolado
0.3514660932186437,-0.007686881141375007,interpolado
0.35156591318263647,-0.00813212360355988,interpolado
0.35166573314662936,-0.008444294015057982,interpolado
0.3517655531106221,-0.008590751890989694,interpolado
0.35186537307461496,-0.008538856746475884,interpolado
0.352,-0.008097,original
0.35206501300260046,-0.00771284484262168,interpolado
0.3521648329665933,-0.006922051182672961,interpolado
0.35226465293058606,-0.005924249930881687,interpolado
0.35236447289457884,-0.0047606255740806945,interpolado
0.3524642928585717,-0.0034723625991051796,interpolado
0.3525641128225644,-0.0021006454927884263,interpolado
0.35266393278655733,-0.0006866587419635352,interpolado
0.35276375275055005,0.0007284131665340154,interpolado
0.35286357271454294,0.0021033857458718592,interpolado
0.353,0.003843,original
0.3530632126425285,0.004569486645474836,interpolado
0.3531630326065213,0.005596306819761635,interpolado
0.3532628525705141,0.006464273723513135,interpolado
0.353362672534507,0.007160357494405243,interpolado
0.35346249249849976,0.0076715282701121336,interpolado
0.3535623124624926,0.007984756188309204,interpolado
0.3536621324264853,0.008087011386671401,interpolado
0.3537619523904782,0.007965264002873567,interpolado
0.353861772354471,0.0076064841745905115,interpolado
0.354,0.006694,original
0.3540614122824566,0.006128390378773462,interpolado
0.35416123224644935,0.005026197344874954,interpolado
0.35426105221044213,0.003746496374030852,interpolado
0.3543608721744349,0.002345377125580557,interpolado
0.3544606921384277,0.0008789292588664002,interpolado
0.35456051210242046,-0.0005967575667716169,interpolado
0.35466033206641323,-0.00202559369199351,interpolado
0.354760152030406,-0.0033514894574569153,interpolado
0.35485997199439884,-0.0045183552038224875,interpolado
0.355,-0.00578,original
0.3550596119223844,-0.006153814762313076,interpolado
0.3551594318863772,-0.006564648729260712,interpolado
0.35525925185037,-0.006735031589725352,interpolado
0.35535907181436277,-0.0066983665795226,interpolado
0.35545889177835566,-0.00648805693446761,interpolado
0.3555587117423485,-0.006137505890375941,interpolado
0.35565853170634126,-0.0056801166830625525,interpolado
0.35575835167033415,-0.00514929254834328,interpolado
0.35585817163432687,-0.004578436722033203,interpolado
0.356,-0.003764,original
0.3560578115623125,-0.0034493079696881813,interpolado
0.3561576315263053,-0.0029407582768066435,interpolado
0.3562574514902981,-0.002480188046987296,interpolado
0.3563572714542908,-0.0020721232412790795,interpolado
0.35645709141828363,-0.0017210898207310516,interpolado
0.3565569113822764,-0.001431613746392836,interpolado
0.3566567313462693,-0.0012082209793133534,interpolado
0.356756551310262,-0.0010554374805420862,interpolado
0.3568563712742547,-0.0009777892111281275,interpolado
0.357,-0.001007,original
0.35705601120224034,-0.0010646668163483547,interpolado
0.35715583116623323,-0.0012121582410239411,interpolado
0.35725565113022595,-0.001382090371312233,interpolado
0.3573554710942188,-0.001533638223971421,interpolado
0.35745529105821156,-0.0016259768157596527,interpolado
0.3575551110222043,-0.0016182811634349293,interpolado
0.3576549309861972,-0.0014697262837553148,interpolado
0.35775475095019,-0.0011394871934790757,interpolado
0.3578545709141827,-0.0005867389093642933,interpolado
0.358,0.000701,original
0.35805421084216843,0.001346476954102123,interpolado
0.3581540308061612,0.002743513168140972,interpolado
0.358253850770154,0.004346700393618068,interpolado
0.35835367073414676,0.006080435822129043,interpolado
0.3584534906981396,0.00786911664526981,interpolado
0.3585533106621324,0.00963714005463327,interpolado
0.35865313062612525,0.011308903241816225,interpolado
0.358752950590118,0.012808803398411697,interpolado
0.3588527705541108,0.014061237716015576,interpolado
0.359,0.015297,original
0.3590524104820964,0.015524869899637826,interpolado
0.3591522304460892,0.01566525580873593,interpolado
0.35925205041008196,0.015481594277623129,interpolado
0.35935187037407484,0.015046362637931559,interpolado
0.35945169033806756,0.014432038221292758,interpolado
0.35955151030206045,0.013711098359339398,interpolado
0.3596513302660533,0.01295602038370269,interpolado
0.35975115023004595,0.012239281626015446,interpolado
0.3598509701940388,0.011633359417909188,interpolado
0.36,0.011092,original
0.3600506101220244,0.011040741627884074,interpolado
0.3601504300860172,0.011123010443875843,interpolado
0.36025025005001,0.01138869560495831,interpolado
0.3603500700140028,0.011766075698111817,interpolado
0.36044988997799565,0.01218342931031695,interpolado
0.36054970994198837,0.012569035028553574,interpolado
0.3606495299059812,0.012851171439802283,interpolado
0.36074934986997403,0.012958117131043424,interpolado
0.36084916983396675,0.012818150689257214,interpolado
0.3609489897979596,0.012359550701423768,interpolado
0.361,0.011979,original
0.36114862972594514,0.010286654566331762,interpolado
0.36124844968993797,0.008761522540910454,interpolado
0.36134826965393074,0.007024853370403677,interpolado
0.36144808961792363,0.005163216337817771,interpolado
0.3615479095819164,0.0032631807261630005,interpolado
0.3616477295459091,0.00141131581844652,interpolado
0.361747549509902,-0.00030580910232440794,interpolado
0.36184736947389473,-0.0018016247531396777,interpolado
0.3619471894378875,-0.0029895618509926817,interpolado
0.362,-0.003464,original
0.3621468293658732,-0.0041690849238490485,interpolado
0.362246649329866,-0.0041891095357140425,interpolado
0.3623464692938588,-0.0038976506107764567,interpolado
0.36244628925785155,-0.0033468196461967953,interpolado
0.3625461092218443,-0.002588728139136462,interpolado
0.3626459291858371,-0.0016754875867559884,interpolado
0.3627457491498298,-0.0006592094862155542,interpolado
0.36284556911382276,0.0004079946653229204,interpolado
0.3629453890778155,0.0014740133706997892,interpolado
0.363,0.002038,original
0.3631450290058011,0.00341385878004592,interpolado
0.36324484896979403,0.004239170138633226,interpolado
0.3633446689337867,0.00494991302747706,interpolado
0.3634444888977797,0.005532731194160968,interpolado
0.36354430886177236,0.005974268386267056,interpolado
0.36364412882576513,0.006261168351378457,interpolado
0.363743948789758,0.006380074837077954,interpolado
0.36384376875375074,0.006317631590948175,interpolado
0.36394358871774357,0.006060482360571802,interpolado
0.364,0.005824,original
0.3641432286457291,0.004935604936089157,interpolado
0.364243048609722,0.004118993350924462,interpolado
0.36434286857371484,0.0031875948857671577,interpolado
0.36444268853770756,0.002182817660912787,interpolado
0.3645425085017003,0.001146069796659006,interpolado
0.36464232846569306,0.0001187594133017989,interpolado
0.3647421484296859,-0.0008577053688628344,interpolado
0.36484196839367866,-0.0017419164295372645,interpolado
0.3649417883576715,-0.002492465648425903,interpolado
0.365,-0.002852,original
0.3651414282856571,-0.0034537711633324353,interpolado
0.36524124824964993,-0.003661206022388821,interpolado
0.3653410682136427,-0.003706113927758791,interpolado
0.36544088817763554,-0.0036036762427890997,interpolado
0.3655407081416282,-0.003369074330826557,interpolado
0.36564052810562103,-0.0030174895552178326,interpolado
0.3657403480696139,-0.0025641032793093385,interpolado
0.36584016803360664,-0.002024096866448273,interpolado
0.3659399879975995,-0.0014126516799807425,interpolado
0.366,-0.001017,original
0.366139627925585,-4.019940247662209e-05,interpolado
0.36623944788957785,0.0006781835546016727,interpolado
0.3663392678535706,0.0013860926356975634,interpolado
0.3664390878175635,0.002059514053985669,interpolado
0.36653890778155623,0.0026744340226405364,interpolado
0.36663872774554906,0.0032068387548356944,interpolado
0.3667385477095419,0.0036327144637459284,interpolado
0.3668383676735346,0.0039280473625449815,interpolado
0.36693818763752745,0.0040688236644073434,interpolado
0.367,0.004068,original
0.367137827565513,0.0038143565623435243,interpolado
0.3672376475295059,0.0034451917936016365,interpolado
0.3673374674934987,0.0029540491496751415,interpolado
0.3674372874574914,0.002370945399847898,interpolado
0.36753710742148415,0.0017258973134035645,interpolado
0.367636927385477,0.0010489216596268967,interpolado
0.3677367473494698,0.0003700352078012032,interpolado
0.36783656731346265,-0.00028074527278872227,interpolado
0.36793638727745537,-0.0008734030128592332,interpolado
0.368,-0.001207,original
0.3681360272054411,-0.0017837583995327878,interpolado
0.3682358471694339,-0.002103979267152637,interpolado
0.3683356671334267,-0.002355109488350052,interpolado
0.3684354870974194,-0.0025533074307753914,interpolado
0.3685353070614123,-0.0027147314620788983,interpolado
0.3686351270254051,-0.002855539949910557,interpolado
0.3687349469893979,-0.0029918912619207047,interpolado
0.3688347669533906,-0.003139943765759354,interpolado
0.3689345869173835,-0.00331585582907674,interpolado
0.369,-0.003454,original
0.369134226845369,-0.0038005274358679066,interpolado
0.3692340468093619,-0.004090878899770672,interpolado
0.36933386677335467,-0.0043848250134779715,interpolado
0.36943368673734744,-0.004660609365360583,interpolado
0.3695335067013403,-0.004896475543789246,interpolado
0.36963332666533305,-0.005070667137134311,interpolado
0.36973314662932577,-0.005161427733766566,interpolado
0.36983296659331855,-0.0051470009220565245,interpolado
0.3699327865573113,-0.005005630290374884,interpolado
0.37,-0.004828,original
0.37013242648529704,-0.004277971838492877,interpolado
0.3702322464492898,-0.0037260326239066254,interpolado
0.3703320664132827,-0.003097276039957781,interpolado
0.3704318863772754,-0.0024288939062535315,interpolado
0.37053170634126825,-0.0017580780424009783,interpolado
0.370631526305261,-0.0011220202680083502,interpolado
0.37073134626925386,-0.0005579124026824532,interpolado
0.37083116623324675,-0.00010294626603139659,interpolado
0.3709309861972394,0.00020568632233768818,interpolado
0.371,0.000314,original
0.371130626125225,0.000262377153349728,interpolado
0.37123044608921785,3.0973001132202015e-05,interpolado
0.37133026605321073,-0.00032744594638213595,interpolado
0.3714300860172035,-0.0007772634101237227,interpolado
0.37152990598119623,-0.001282863111023194,interpolado
0.37162972594518895,-0.0018086287700103214,interpolado
0.3717295459091819,-0.002318944108015994,interpolado
0.37182936587317456,-0.002778192845969975,interpolado
0.37192918583716733,-0.003150758704802906,interpolado
0.372,-0.003343,original
0.372128825765153,-0.003510022471439442,interpolado
0.37222864572914566,-0.003485261097557517,interpolado
0.3723284656931386,-0.003337777231006723,interpolado
0.3724282856571313,-0.0030784168200690344,interpolado
0.3725281056211242,-0.0027180258130259888,interpolado
0.3726279255851169,-0.002267450158159799,interpolado
0.37272774554910976,-0.0017375358037521028,interpolado
0.3728275655131026,-0.0011391286980843589,interpolado
0.37292738547709536,-0.0004830747894390471,interpolado
0.373,2.42e-05,original
0.37312702540508097,0.0009501236365462374,interpolado
0.3732268453690738,0.0016742916677729208,interpolado
0.3733266653330666,0.0023567053215237076,interpolado
0.37342648529705935,0.002961869023170231,interpolado
0.3735263052610522,0.00345428719808553,interpolado
0.3736261252250449,0.0037984642716414503,interpolado
0.37372594518903773,0.00395890466921071,interpolado
0.37382576515303056,0.0039001128161656176,interpolado
0.37392558511702334,0.0035865931378786294,interpolado
0.374,0.003166,original
0.374125225045009,0.0020879078469409405,interpolado
0.37422504500900183,0.0009630678608830599,interpolado
0.37432486497299466,-0.00032197163417618975,interpolado
0.3744246849369874,-0.0016978006157420148,interpolado
0.37452450490098016,-0.003095009061322528,interpolado
0.374624324864973,-0.004444186948422814,interpolado
0.37472414482896577,-0.00567592425455032,interpolado
0.37482396479295865,-0.006720810957212224,interpolado
0.3749237847569513,-0.007509437033914002,interpolado
0.375,-0.007896,original
0.37512342468493703,-0.008079175178126565,interpolado
0.37522324464892975,-0.00787388850584313,interpolado
0.3753230646129227,-0.007410885737444258,interpolado
0.3754228845769153,-0.0067442480021298185,interpolado
0.3755227045409082,-0.00592805642909848,interpolado
0.37562252450490097,-0.005016392147550511,interpolado
0.3757223444688937,-0.004063336286684835,interpolado
0.3758221644328865,-0.0031229699757002816,interpolado
0.37592198439687924,-0.00224937434379726,interpolado
0.376,-0.001648,original
0.37612162432486496,-0.0008973671266405302,interpolado
0.37622144428885773,-0.00044054058019126835,interpolado
0.3763212642528505,-0.00010895097925537001,interpolado
0.3764210842168433,0.00011447796967031585,interpolado
0.3765209041808361,0.0002468225600895691,interpolado
0.37662072414482894,0.0003051590855057623,interpolado
0.3767205441088217,0.0003065638394225037,interpolado
0.37682036407281444,0.00026811311534327595,interpolado
0.3769201840368073,0.0002068832067716408,interpolado
0.377,0.000153,original
0.37711982396479293,8.199792352869066e-05,interpolado
0.37721964392878565,4.254173368029153e-05,interpolado
0.37731946389277854,3.0345988307014286e-05,interpolado
0.37741928385677137,5.4185972735511765e-05,interpolado
0.37751910382076415,0.00012283697229245643,interpolado
0.3776189237847569,0.0002450742723044113,interpolado
0.3777187437487496,0.00042967315809803655,interpolado
0.3778185637127426,0.0006854089150001308,interpolado
0.3779183836767353,0.0010210568283370498,interpolado
0.378,0.001361,original
0.37811802360472085,0.0019560621475586226,interpolado
0.37821784356871374,0.0025252503255037725,interpolado
0.3783176635327065,0.0031212970120197085,interpolado
0.37841748349669935,0.0037125833328397924,interpolado
0.37851730346069207,0.004267490413698387,interpolado
0.378617123424685,0.004754399380329775,interpolado
0.37871694338867773,0.00514169135846744,interpolado
0.37881676335267056,0.005397747473845809,interpolado
0.3789165833166634,0.005490948852198625,interpolado
0.379,0.005421,original
0.379116223244649,0.005085786073466129,interpolado
0.3792160432086418,0.004628012151272594,interpolado
0.37931586317263466,0.0040740327720184865,interpolado
0.3794156831366274,0.0034814598611953777,interpolado
0.3795155031006201,0.0029079053442939164,interpolado
0.37961532306461293,0.002410981146804791,interpolado
0.3797151430286058,0.0020482991942195137,interpolado
0.3798149629925985,0.001877471412028683,interpolado
0.3799147829565913,0.0019561097257234494,interpolado
0.38,0.002264,original
0.380114422884577,0.0030573959925253203,interpolado
0.38021424284856964,0.004036268505574134,interpolado
0.3803140628125625,0.0051972125185361095,interpolado
0.3804138827765553,0.006459069362437369,interpolado
0.380513702740548,0.007740680368305957,interpolado
0.38061352270454085,0.00896088686716997,interpolado
0.38071334266853374,0.010038530190055456,interpolado
0.3808131626325265,0.010892451667990966,interpolado
0.3809129825965193,0.011441492632002954,interpolado
0.381,0.011608,original
0.3811126225245049,0.01134058561958088,interpolado
0.3812124424884977,0.010718151725065182,interpolado
0.3813122624524905,0.009824397699649304,interpolado
0.3814120824164833,0.008746469332363473,interpolado
0.381511902380476,0.007571512412236446,interpolado
0.38161172234446883,0.006386672728296776,interpolado
0.3817115423084616,0.005279096069575005,interpolado
0.38181136227245444,0.0043359282250992025,interpolado
0.38191118223644727,0.003644314983899649,interpolado
0.382,0.003311,original
0.3821108221644329,0.003326029052775185,interpolado
0.3822106421284256,0.0036872174213869154,interpolado
0.3823104620924186,0.004294119711329706,interpolado
0.38241028205641137,0.005065925875741427,interpolado
0.38251010202040414,0.005921825867760944,interpolado
0.38260992198439703,0.006781009640527305,interpolado
0.3827097419483898,0.007562667147178102,interpolado
0.3828095619123827,0.008185988340852693,interpolado
0.38290938187637547,0.008570163174688936,interpolado
0.383,0.008644,original
0.3831090218043611,0.00832895717035716,interpolado
0.38320884176835396,0.00769848608944922,interpolado
0.3833086617323467,0.006805512318436173,interpolado
0.3834084816963395,0.005712561102344904,interpolado
0.3835083016603323,0.004482157686204189,interpolado
0.38360812162432495,0.003176827315040266,interpolado
0.38370794158831784,0.0018590952338821548,interpolado
0.3838077615523106,0.0005914866877566767,interpolado
0.38390758151630344,-0.000563473078309235,interpolado
0.384,-0.001478,original
0.38410722144428894,-0.0023025908358864484,interpolado
0.38420704140828177,-0.0028513735123131966,interpolado
0.38430686137227443,-0.0032105774683284785,interpolado
0.38440668133626726,-0.003401167651020429,interpolado
0.38450650130026004,-0.0034441090074769165,interpolado
0.3846063212642528,-0.0033603664847860846,interpolado
0.3847061412282456,-0.003170905030036108,interpolado
0.3848059611922384,-0.0028966895903150447,interpolado
0.3849057811562312,-0.0025586851127107624,interpolado
0.385,-0.0022,original
0.38510542108421686,-0.0017720475157169753,interpolado
0.38520524104820963,-0.001348554054177853,interpolado
0.3853050610122025,-0.0009124420399074866,interpolado
0.38540488097619535,-0.00046877782126362343,interpolado
0.38550470094018807,-2.2627746604752562e-05,interpolado
0.3856045209041809,0.00042094183571162044,interpolado
0.38570434086817373,0.0008568645773270069,interpolado
0.38580416083216656,0.0012800741298836602,interpolado
0.3859039807961594,0.0016855041450238037,interpolado
0.386,0.002054,original
0.38610362072414495,0.002422287247737453,interpolado
0.3862034406881377,0.0027408744717131203,interpolado
0.38630326065213044,0.003016246968597872,interpolado
0.3864030806161233,0.0032408017840113465,interpolado
0.3865029005801161,0.003406935963572821,interpolado
0.3866027205441089,0.0035070465529019996,interpolado
0.38670254050810166,0.0035335305976182964,interpolado
0.3868023604720944,0.003478785143341316,interpolado
0.38690218043608726,0.0033352072356904808,interpolado
0.387,0.003101,original
0.3871018203640727,0.002756072059965012,interpolado
0.38720164032806553,0.0023337369300316826,interpolado
0.3873014602920583,0.001848455189241411,interpolado
0.3874012802560511,0.0013204934589666952,interpolado
0.38750110022004397,0.0007701183605809308,interpolado
0.3876009201840367,0.00021759651545632906,interpolado
0.3877007401480295,-0.00031680545503368757,interpolado
0.3878005601120224,-0.0008128209295166279,interpolado
0.3879003800760151,-0.0012501832866199155,interpolado
0.388,-0.001608,original
0.38810002000400073,-0.0018729365660443728,interpolado
0.3881998399679936,-0.002047999478311689,interpolado
0.3882996599319863,-0.0021436928427066206,interpolado
0.3883994798959792,-0.0021698948601229762,interpolado
0.388499299859972,-0.002136483731454536,interpolado
0.3885991198239649,-0.0020533376575950853,interpolado
0.3886989397879576,-0.0019303348394385292,interpolado
0.38879875975195044,-0.0017773534778786427,interpolado
0.38889857971594327,-0.0016042717738091333,interpolado
0.389,-0.001418,original
0.38909821964392877,-0.0012372231371803762,interpolado
0.3891980396079216,-0.0010624114579942557,interpolado
0.38929785957191443,-0.0009058001492125043,interpolado
0.3893976795359072,-0.0007766564690620338,interpolado
0.38949749949990004,-0.0006842476757700682,interpolado
0.38959731946389276,-0.0006378410275636027,interpolado
0.38969713942788564,-0.0006467037826697353,interpolado
0.3897969593918785,-0.0007201031993155363,interpolado
0.38989677935587125,-0.0008673065357281734,interpolado
0.39,-0.001107,original
0.3900964192838568,-0.0014146993154900815,interpolado
0.39019623924784963,-0.0017980883603855298,interpolado
0.39029605921184235,-0.0022204347666022056,interpolado
0.39039587917583524,-0.002654424874849335,interpolado
0.39049569913982796,-0.0030727450258352133,interpolado
0.3905955191038208,-0.0034480815602688725,interpolado
0.3906953390678137,-0.0037531208188592464,interpolado
0.39079515903180634,-0.0039605491423147735,interpolado
0.3908949789957993,-0.004043052871344446,interpolado
0.391,-0.003965,original
0.3910946189237848,-0.003732034321068894,interpolado
0.3911944388877776,-0.0033373241479385638,interpolado
0.3912942588517703,-0.002818248335140393,interpolado
0.3913940788157632,-0.002203868719647449,interpolado
0.391493898779756,-0.0015232471384340372,interpolado
0.39159371874374876,-0.0008054454284734464,interpolado
0.39169353870774154,-7.95254267388882e-05,interpolado
0.3917933586717343,0.0006254510297952116,interpolado
0.39189317863572726,0.0012804221041559894,interpolado
0.392,0.001893,original
0.39209281856371275,0.002328721602217769,interpolado
0.3921926385277056,0.0026959938092268577,interpolado
0.3922924584916983,0.0029635629661091817,interpolado
0.39239227845569113,0.0031368514418009283,interpolado
0.39249209841968385,0.003221281605237792,interpolado
0.3925919183836767,0.003222275825355776,interpolado
0.39269173834766946,0.0031452564710907007,interpolado
0.3927915583116623,0.0029956459113785385,interpolado
0.39289137827565507,0.0027788665151550107,interpolado
0.393,0.002473,original
0.39309101820364073,0.0021662324672038886,interpolado
0.3931908381676335,0.001786576303299135,interpolado
0.3932906581316262,0.0013726645973152697,interpolado
0.3933904780956191,0.0009357904577322778,interpolado
0.39349029805961194,0.00048724699303107826,interpolado
0.3935901180236047,3.832731169186279e-05,interpolado
0.3936899379875976,-0.000399675477805176,interpolado
0.3937897579515903,-0.0008154682669791182,interpolado
0.3938895779155832,-0.0011977579473499815,interpolado
0.394,-0.001568,original
0.3940892178435688,-0.0018179619289387604,interpolado
0.3941890378075616,-0.0020431040924874127,interpolado
0.39428885777155437,-0.0022103604739394113,interpolado
0.3943886777355472,-0.0023194158384162197,interpolado
0.3944884976995401,-0.002369954951038994,interpolado
0.39458831766353275,-0.0023616625769290914,interpolado
0.3946881376275256,-0.002294223481207735,interpolado
0.39478795759151836,-0.002167322428996278,interpolado
0.3948877775555112,-0.0019806441854159787,interpolado
0.395,-0.001699,original
0.3950874174834968,-0.0014289066971913814,interpolado
0.3951872374474895,-0.001080524604075576,interpolado
0.39528705741148235,-0.0007081616387639132,interpolado
0.3953868773754751,-0.00033125851945990713,interpolado
0.39548669733946795,3.0744035632935854e-05,interpolado
0.3955865173034608,0.0003584053083105068,interpolado
0.39568633726745367,0.0006322845803694462,interpolado
0.3957861572314464,0.0008329411336057432,interpolado
0.39588597719543916,0.0009409342498158664,interpolado
0.396,0.000926,original
0.3960856171234247,0.000806131345982389,interpolado
0.39618543708741755,0.0005649621658896747,interpolado
0.39628525705141027,0.0002410539783107291,interpolado
0.39638507701540304,-0.0001378322479302631,interpolado
0.3964848969793959,-0.0005439355440092393,interpolado
0.3965847169433887,-0.0009494949411014451,interpolado
0.39668453690738154,-0.0013267494703830085,interpolado
0.39678435687137426,-0.0016479381630292046,interpolado
0.3968841768353671,-0.0018853000502159665,interpolado
0.397,-0.002019,original
0.3970838167633527,-0.0020024627287161386,interpolado
0.3971836367273454,-0.0018690124120050741,interpolado
0.39728345669133824,-0.0016332281901589058,interpolado
0.397383276655331,-0.0013176495856769318,interpolado
0.3974830966193239,-0.0009448161210582736,interpolado
0.39758291658331674,-0.0005372673188026947,interpolado
0.39768273654730946,-0.00011754270140910943,interpolado
0.3977825565113023,0.0002918182086226665,interpolado
0.3978823764752951,0.0006682758887935244,interpolado
0.398,0.001039,original
0.3980820164032808,0.001236634357831929,interpolado
0.3981818363672735,0.0014218136582130187,interpolado
0.39828165633126633,0.0015688753872620583,interpolado
0.3983814762952591,0.0017019103090745817,interpolado
0.39848129625925194,0.0018450091877460913,interpolado
0.39858111622324466,0.0020222627873718547,interpolado
0.3986809361872376,0.0022577618720475146,interpolado
0.3987807561512303,0.0025755972058682346,interpolado
0.39888057611522315,0.0029998595529295447,interpolado
0.399,0.003681,original
0.39908021604320876,0.0042578450091423845,interpolado
0.3991800360072015,0.005082209885567933,interpolado
0.3992798559711943,0.005980425789292772,interpolado
0.39937967593518703,0.006905093948725058,interpolado
0.3994794958991799,0.00780881559227301,interpolado
0.3995793158631727,0.008644191948343328,interpolado
0.39967913582716547,0.00936382424534461,interpolado
0.39977895579115824,0.009920313711683771,interpolado
0.39987877575515096,0.010266261575768968,interpolado
0.4,0.010335,original
0.4000784156831367,0.010144444556981819,interpolado
0.4001782356471294,0.00965502341373349,interpolado
0.4002780556111222,0.008931365708224675,interpolado
0.40037787557511495,0.008018984187442915,interpolado
0.40047769553910784,0.006963391598375336,interpolado
0.40057751550310067,0.005810100688010868,interpolado
0.40067733546709344,0.004604624203336705,interpolado
0.4007771554310863,0.0033924748913399224,interpolado
0.40087697539507905,0.002219165499009631,interpolado
0.401,0.000894,original
0.40107661532306454,0.00016719529348293934,interpolado
0.4011764352870573,-0.0006604957002060772,interpolado
0.40127625525105026,-0.0013592879378057216,interpolado
0.40137607521504304,-0.001935714118599585,interpolado
0.40147589517903587,-0.0023963069418726796,interpolado
0.4015757151430287,-0.0027475991069088623,interpolado
0.40167553510702136,-0.002996123312992783,interpolado
0.40177535507101425,-0.003148412259408868,interpolado
0.4018751750350071,-0.0032109986454413146,interpolado
0.402,-0.003173,original
0.4020748149629926,-0.0030940007097605368,interpolado
0.4021746349269854,-0.002936122598780443,interpolado
0.4022744548909782,-0.0027347720641409225,interpolado
0.402374274854971,-0.002507970431075928,interpolado
0.4024740948189638,-0.0022737390248189523,interpolado
0.4025739147829567,-0.0020500991706039868,interpolado
0.40267373474694934,-0.0018550721936646222,interpolado
0.4027735547109422,-0.001706679419234517,interpolado
0.40287337467493495,-0.001622942172547565,interpolado
0.403,-0.001638,original
0.4030730146029205,-0.0017188256146254167,interpolado
0.4031728345669134,-0.0019041452929302954,interpolado
0.40327265453090616,-0.002154694147382784,interpolado
0.403372474494899,-0.0024471922131553137,interpolado
0.40347229445889177,-0.0027583595254208997,interpolado
0.4035721144228846,-0.0030649161193519047,interpolado
0.40367193438687743,-0.003343582030121218,interpolado
0.4037717543508702,-0.003571077292901665,interpolado
0.4038715743148631,-0.0037241219428657034,interpolado
0.404,-0.003774,original
0.40407121424284864,-0.003716261348267853,interpolado
0.4041710342068414,-0.003538687471032554,interpolado
0.40427085417083425,-0.0032649400716483245,interpolado
0.4043706741348269,-0.0029134082824090555,interpolado
0.4044704940988199,-0.002502481235607958,interpolado
0.40457031406281274,-0.0020505480635390765,interpolado
0.4046701340268054,-0.001575997898495775,interpolado
0.4047699539907982,-0.0010972198727713708,interpolado
0.404869773954791,-0.0006326031186599825,interpolado
0.405,-7.82e-05,original
0.4050694138827766,0.00018156629507223108,interpolado
0.4051692338467694,0.0005065358147299684,interpolado
0.4052690538107622,0.0007733196869208025,interpolado
0.40536887377475495,0.0009809478626921057,interpolado
0.4054686937387478,0.001128450293091776,interpolado
0.4055685137027405,0.0012148569291673174,interpolado
0.4056683336667333,0.001239197721966498,interpolado
0.40576815363072616,0.0012005026225369465,interpolado
0.4058679735947188,0.0010978015819263743,interpolado
0.406,0.000862,original
0.40606761352270454,0.0006977343700276396,interpolado
0.40616743348669726,0.0004146842327625998,interpolado
0.40626725345069015,0.00010367356867841142,interpolado
0.40636707341468287,-0.00021246494778919445,interpolado
0.4064668933786757,-0.0005108986422050095,interpolado
0.4065667133426686,-0.0007687948401337867,interpolado
0.4066665333066613,-0.0009633208671398519,interpolado
0.4067663532706541,-0.0010716440487880197,interpolado
0.4068661732346469,-0.0010709317106427842,interpolado
0.407,-0.000859,original
0.4070658131626326,-0.0006541905191068877,interpolado
0.40716563312662524,-0.00023600117668477893,interpolado
0.4072654530906181,0.0002741485047747617,interpolado
0.40736527305461084,0.0008337596376650574,interpolado
0.4074650930186036,0.001400333334380279,interpolado
0.40756491298259645,0.0019313707073146155,interpolado
0.40766473294658917,0.0023843728688613657,interpolado
0.4077645529105821,0.002716840931414894,interpolado
0.4078643728745747,0.0028862760073687186,interpolado
0.408,0.002779,original
0.40806401280256027,0.002569948828142874,interpolado
0.4081638327665532,0.002056730378101776,interpolado
0.408263652730546,0.0013560080774433732,interpolado
0.4083634726945388,0.0005139482626369361,interpolado
0.4084632926585316,-0.0004232827298494089,interpolado
0.4085631126225244,-0.0014095185635477462,interpolado
0.40866293258651726,-0.0023985929019884914,interpolado
0.4087627525505101,-0.0033443394087042185,interpolado
0.4088625725145028,-0.004200591747225386,interpolado
0.409,-0.005148,original
0.40906221244248847,-0.005462880855976723,interpolado
0.40916203240648125,-0.005822526339694961,interpolado
0.4092618523704741,-0.006025979694291616,interpolado
0.40936167233446685,-0.00609974831797475,interpolado
0.4094614922984596,-0.006070339608952793,interpolado
0.40956131226245235,-0.005964260965433941,interpolado
0.4096611322264452,-0.005808019785626599,interpolado
0.40976095219043807,-0.005628123467738902,interpolado
0.4098607721544308,-0.005451079409979332,interpolado
0.41,-0.005259,original
0.4100604120824164,-0.005209875302248406,interpolado
0.41016023204640917,-0.005170371194743576,interpolado
0.41026005201040205,-0.0051657855481779865,interpolado
0.4103598719743947,-0.005176548691323055,interpolado
0.41045969193838755,-0.005183090952950196,interpolado
0.41055951190238044,-0.0051658426618308075,interpolado
0.4106593318663732,-0.0051052341467363255,interpolado
0.4107591518303661,-0.004981695736438083,interpolado
0.4108589717943588,-0.004775657759707626,interpolado
0.411,-0.004306,original
0.4110586117223445,-0.004039736003075261,interpolado
0.4111584316863372,-0.0035049989346578663,interpolado
0.41125825165033014,-0.002900346724574782,interpolado
0.41135807161432286,-0.0022634580497432172,interpolado
0.4114578915783157,-0.0016320115870793782,interpolado
0.41155771154230847,-0.001043686013499482,interpolado
0.41165753150630124,-0.0005361600059207222,interpolado
0.4117573514702941,-0.0001471122412592808,interpolado
0.41185717143428685,8.577860356839633e-05,interpolado
0.412,7.25e-05,original
0.41205681136227257,-6.5245466196837e-05,interpolado
0.4121566313262652,-0.0004794054824891182,interpolado
0.41225645129025806,-0.0010789073472977644,interpolado
0.41235627125425084,-0.001823979725135145,interpolado
0.41245609121824367,-0.0026748512805123397,interpolado
0.41255591118223645,-0.003591750677942173,interpolado
0.4126557311462292,-0.004534906581935529,interpolado
0.4127555511102219,-0.005464547657004832,interpolado
0.4128553710742148,-0.006340902567662471,interpolado
0.413,-0.007435,original
0.41305501100220043,-0.00777591130751723,interpolado
0.4131548309661932,-0.008280245257920323,interpolado
0.413254650930186,-0.008641308059696158,interpolado
0.41335447089417876,-0.008863877574399198,interpolado
0.4134542908581716,-0.008952731663583569,interpolado
0.4135541108221644,-0.008912648188803754,interpolado
0.4136539307861573,-0.008748405011614174,interpolado
0.4137537507501499,-0.008464779993569215,interpolado
0.4138535707141428,-0.008066550996223002,interpolado
0.414,-0.007285,original
0.4140532106421284,-0.006946060058361997,interpolado
0.4141530306061212,-0.006247897710365949,interpolado
0.4142528505701139,-0.00549477983836948,interpolado
0.4143526705341068,-0.004717926091550652,interpolado
0.41445249049809957,-0.003948556119088826,interpolado
0.41455231046209245,-0.0032178895701616807,interpolado
0.4146521304260852,-0.0025571460939485292,interpolado
0.4147519503900779,-0.0019975453396274393,interpolado
0.41485177035407084,-0.0015703069563767088,interpolado
0.415,-0.001247,original
0.41505141028205633,-0.001236125409134989,interpolado
0.41515123024604916,-0.0013524408786007162,interpolado
0.41525105021004205,-0.001614844921947408,interpolado
0.41535087017403477,-0.0019811907272984024,interpolado
0.4154506901380276,-0.0024093314827763877,interpolado
0.4155505101020204,-0.002857120376504903,interpolado
0.4156503300660131,-0.0032824105966065458,interpolado
0.4157501500300059,-0.003643055331204679,interpolado
0.4158499699939987,-0.0038969077684225186,interpolado
0.41594978995799153,-0.004001821096382877,interpolado
0.416,-0.003985,original
0.41614942988597714,-0.00364288388281606,interpolado
0.41624924984996986,-0.0032179082287752303,interpolado
0.4163490698139628,-0.0026836987466123856,interpolado
0.4164488897779555,-0.002081525937286658,interpolado
0.4165487097419484,-0.0014526603017559507,interpolado
0.41664852970594124,-0.0008383723409795006,interpolado
0.416748349669934,-0.0002799325559154851,interpolado
0.4168481696339267,0.00018138855247779744,interpolado
0.41694798959791957,0.0005043204832412933,interpolado
0.417,0.000604,original
0.4171476295259051,0.0006137507202178058,interpolado
0.41724744948989795,0.00043641071009502817,interpolado
0.4173472694538908,0.00015705765537827183,interpolado
0.4174470894178835,-0.00018431167706688405,interpolado
0.4175469093818763,-0.0005477005203753185,interpolado
0.41764672934586905,-0.0008931121076819601,interpolado
0.4177465493098619,-0.0011805496721211564,interpolado
0.4178463692738547,-0.0013700164468279275,interpolado
0.41794618923784743,-0.0014215156649367926,interpolado
0.418,-0.001378,original
0.4181458291658331,-0.0009881913815209295,interpolado
0.41824564912982587,-0.0005278042956280415,interpolado
0.4183454690938187,5.26378673908564e-05,interpolado
0.41844528905781153,0.0007208420747915513,interpolado
0.4185451090218043,0.0014445152938307813,interpolado
0.4186449289857972,0.0021913644917654104,interpolado
0.41874474894979,0.0029290966358510415,interpolado
0.4188445689137828,0.0036254186933448998,interpolado
0.41894438887777563,0.004248037631502648,interpolado
0.419,0.004551,original
0.4191440288057612,0.0051630374299500075,interpolado
0.41924384876975385,0.00544801682389294,interpolado
0.4193436687337468,0.0056279190168357866,interpolado
0.4194434886977395,0.005710484796055767,interpolado
0.41954330866173234,0.005703454948830437,interpolado
0.4196431286257251,0.00561457026243714,interpolado
0.4197429485897177,0.005451571524153399,interpolado
0.41984276855371067,0.005222199521256469,interpolado
0.4199425885177034,0.004934195041024022,interpolado
0.42,0.004745,original
0.420142228445689,0.004218685901692219,interpolado
0.42024204840968177,0.0038225785980316707,interpolado
0.4203418683736747,0.003426133050215314,interpolado
0.4204416883376675,0.0030483612942409305,interpolado
0.4205415083016603,0.0027082753661056363,interpolado
0.42064132826565304,0.0024248873018066276,interpolado
0.4207411482296459,0.0022172091373415647,interpolado
0.4208409681936387,0.0021042529087075754,interpolado
0.42094078815763153,0.0021050306519021303,interpolado
0.421,0.002167,original
0.4211404280856173,0.0024943371434958377,interpolado
0.4212402480496099,0.0028321726711221093,interpolado
0.4213400680136028,0.003206790076874846,interpolado
0.4214398879775956,0.003573631772597687,interpolado
0.4215397079415883,0.0038881401701349096,interpolado
0.4216395279055811,0.004105757681330678,interpolado
0.42173934786957384,0.004181926718028807,interpolado
0.4218391678335668,0.0040720896920734065,interpolado
0.4219389877975595,0.0037316890153086505,interpolado
0.422,0.003391,original
0.422138627725545,0.0022358248044081126,interpolado
0.4222384476895378,0.0011607016606524862,interpolado
0.4223382676535306,-2.9672027526264766e-05,interpolado
0.42243808761752344,-0.0012569694640157036,interpolado
0.42253790758151627,-0.002442863852705395,interpolado
0.42263772754550916,-0.003509028397484803,interpolado
0.42273754750950193,-0.0043771363022416365,interpolado
0.42283736747349476,-0.004968860770865687,interpolado
0.4229371874374875,-0.005205875007245186,interpolado
0.423,-0.005138,original
0.42313682736547326,-0.004374308525791528,interpolado
0.423236647329466,-0.003377069007057118,interpolado
0.42333646729345864,-0.002108594835976735,interpolado
0.4234362872574516,-0.000657925741718991,interpolado
0.4235361072214443,0.0008858985465450223,interpolado
0.4236359271854372,0.0024338382996474638,interpolado
0.42373574714942985,0.0038968537884171255,interpolado
0.42383556711342263,0.005185905283685432,interpolado
0.4239353870774155,0.006211953056283416,interpolado
0.424,0.006694,original
0.42413502700540107,0.007177684159886685,interpolado
0.4242348469693938,0.007131070809576343,interpolado
0.4243346669333867,0.006800667841587895,interpolado
0.42443448689737945,0.006239983344309926,interpolado
0.4245343068613722,0.005502525406132049,interpolado
0.424634126825365,0.004641802115442472,interpolado
0.4247339467893577,0.003711321560631127,interpolado
0.42483376675335055,0.0027645918300865297,interpolado
0.4249335867173434,0.0018551210121971547,interpolado
0.425,0.001297,original
0.425133226645329,0.0003375816520929993,interpolado
0.4252330466093219,-0.0002452940859855334,interpolado
0.42533286657331465,-0.0007206811464474034,interpolado
0.4254326865373075,-0.0010966658543878286,interpolado
0.42553250650130026,-0.0013813345349014308,interpolado
0.42563232646529303,-0.0015827735130835708,interpolado
0.4257321464292858,-0.0017090691140290643,interpolado
0.42583196639327864,-0.001768307662833081,interpolado
0.4259317863572715,-0.0017685754845906418,interpolado
0.426,-0.001739,original
0.4261314262852572,-0.0016218251657273885,interpolado
0.42623124624924985,-0.0014816063182515082,interpolado
0.4263310662132426,-0.0012982029600372648,interpolado
0.4264308861772354,-0.0010725535070515637,interpolado
0.42653070614122807,-0.000805596375261696,interpolado
0.42663052610522106,-0.0004982699806344087,interpolado
0.4267303460692138,-0.00015151273913708354,interpolado
0.42683016603320645,0.00023373693326339735,interpolado
0.42692998599719933,0.0006565406206002374,interpolado
0.427,0.000975,original
0.42712962592518494,0.001601636748335873,interpolado
0.4272294458891777,0.002088652116054874,interpolado
0.42732926585317055,0.0025501446459531805,interpolado
0.4274290858171633,0.002959367490280677,interpolado
0.4275289057811562,0.003289573801286576,interpolado
0.42762872574514893,0.0035140167312208864,interpolado
0.42772854570914176,0.0036059494323330272,interpolado
0.42782836567313454,0.003538625056872831,interpolado
0.4279281856371274,0.003285296757089778,interpolado
0.428,0.002973,original
0.42812782556511303,0.002141889400915701,interpolado
0.42822764552910575,0.0013013776855707454,interpolado
0.4283274654930986,0.00035194591977310663,interpolado
0.4284272854570914,-0.0006524395973293806,interpolado
0.42852710542108424,-0.0016578125665871763,interpolado
0.42862692538507696,-0.0026102066888529273,interpolado
0.4287267453490698,-0.0034556556649771543,interpolado
0.4288265653130625,-0.004140193195812004,interpolado
0.42892638527705534,-0.0046098529822092655,interpolado
0.429,-0.004787,original
0.429126025205041,-0.004723803233867839,interpolado
0.4292258451690337,-0.004392077816941318,interpolado
0.4293256651330266,-0.003866578585134468,interpolado
0.42942548509701933,-0.0031980758149842037,interpolado
0.42952530506101216,-0.0024373397830287223,interpolado
0.42962512502500494,-0.0016351407658051224,interpolado
0.4297249449889977,-0.0008422490398504129,interpolado
0.42982476495299055,-0.00010943488170292651,interpolado
0.4299245849169833,0.0005125314321006516,interpolado
0.43,0.000878,original
0.430124224844969,0.0012432258611100157,interpolado
0.4302240448089618,0.0013369706539684261,interpolado
0.4303238647729546,0.0012732022928539687,interpolado
0.43042368473694753,0.0010708393248577985,interpolado
0.43052350470094025,0.0007488002970713491,interpolado
0.43062332466493286,0.0003260037565857463,interpolado
0.43072314462892586,-0.00017863174950810592,interpolado
0.4308229645929185,-0.000746187674118439,interpolado
0.43092278455691146,-0.0013577454701546572,interpolado
0.431,-0.001849,original
0.4311224244848969,-0.00263856374696816,interpolado
0.4312222444488898,-0.003275448270137952,interpolado
0.43132206441288257,-0.00389059007219262,interpolado
0.4314218843768754,-0.004469530433509165,interpolado
0.4315217043408681,-0.004997810634463275,interpolado
0.43162152430486084,-0.0054609719554316195,interpolado
0.43172134426885367,-0.0058445556767907254,interpolado
0.4318211642328465,-0.006134103078916493,interpolado
0.43192098419683933,-0.006315155442185565,interpolado
0.432,-0.006372,original
0.43212062412482494,-0.006305134969808528,interpolado
0.43222044408881777,-0.006131084727554827,interpolado
0.43232026405281054,-0.005874766271993767,interpolado
0.4324200840168033,-0.005559785121539489,interpolado
0.43251990398079615,-0.005209746794606759,interpolado
0.4326197239447888,-0.0048482568096098085,interpolado
0.4327195439087818,-0.004498920684962853,interpolado
0.4328193638727746,-0.004185343939080691,interpolado
0.43291918383676725,-0.003931132090377399,interpolado
0.433,-0.003785,original
0.4331188237647528,-0.003683100465234778,interpolado
0.43321864372874574,-0.0036852019952702407,interpolado
0.4333184636927385,-0.0037466226709810388,interpolado
0.43341828365673135,-0.003847839516037365,interpolado
0.433518103620724,-0.00396932955410924,interpolado
0.4336179235847168,-0.004091569808866856,interpolado
0.4337177435487097,-0.004195037303980406,interpolado
0.4338175635127024,-0.00426020906311991,interpolado
0.43391738347669534,-0.004267562109955564,interpolado
0.434,-0.004216,original
0.43411702340468084,-0.0040409361822351724,interpolado
0.4342168433686737,-0.0038124775164082,interpolado
0.4343166633326666,-0.0035307492771063527,interpolado
0.4344164832966593,-0.0032142708136729038,interpolado
0.43451630326065216,-0.002881561475451776,interpolado
0.4346161232246449,-0.0025511406117863645,interpolado
0.43471594318863777,-0.002241527572020071,interpolado
0.43481576315263065,-0.0019712417054968106,interpolado
0.43491558311662337,-0.0017588023615599676,interpolado
0.435,-0.001638,original
0.43511522304460903,-0.0015733045431076179,interpolado
0.4352150430086019,-0.0016002168402837883,interpolado
0.43531486297259464,-0.0016898357437072605,interpolado
0.43541468293658747,-0.001828550891518829,interpolado
0.4355145029005802,-0.002002751921859395,interpolado
0.435614322864573,-0.00219882847286956,interpolado
0.4357141428285659,-0.0024031701826903226,interpolado
0.43581396279255863,-0.002602166689462249,interpolado
0.43591378275655135,-0.002782207631326251,interpolado
0.436,-0.002912,original
0.43611342268453696,-0.0030348527285336976,interpolado
0.4362132426485298,-0.0030982202332663395,interpolado
0.4363130626125225,-0.0031220146067581635,interpolado
0.43641288257651534,-0.0031084586172352596,interpolado
0.4365127025405081,-0.0030597750329236354,interpolado
0.4366125225045009,-0.0029781866220493906,interpolado
0.4367123424684938,-0.0028659161528384824,interpolado
0.4368121624324865,-0.00272518639351708,interpolado
0.4369119823964793,-0.002558220112311174,interpolado
0.437,-0.002391,original
0.43711162232446477,-0.0021520217898913095,interpolado
0.4372114422884577,-0.0019054955489361228,interpolado
0.43731126225245043,-0.0016193802049477395,interpolado
0.4374110822164433,-0.0012853975012018023,interpolado
0.4375109021804361,-0.0008952691809738472,interpolado
0.43761072214442887,-0.00044071698754007333,interpolado
0.43771054210842175,8.653733582426307e-05,interpolado
0.4378103620724146,0.000694772045842812,interpolado
0.4379101820364073,0.0013922653992400745,interpolado
0.438,0.002103,original
0.438109821964393,0.0030781970578959354,interpolado
0.4382096419283858,0.004033908233637032,interpolado
0.4383094618923786,0.005017897945989134,interpolado
0.4384092818563714,0.0059936424729571764,interpolado
0.4385091018203642,0.006924618092546071,interpolado
0.4386089217843569,0.007774301082759182,interpolado
0.43870874174834973,0.008506167721601827,interpolado
0.4388085617123426,0.009083694287077589,interpolado
0.4389083816763354,0.009470357057191328,interpolado
0.439,0.009626,original
0.4391080216043209,0.009538549166634032,interpolado
0.4392078415683136,0.009216462815790244,interpolado
0.4393076615323065,0.008691021032638175,interpolado
0.4394074814962992,0.007989865660405337,interpolado
0.43950730146029193,0.007140638542318854,interpolado
0.43960712142428476,0.006170981521607317,interpolado
0.43970694138827754,0.005108536441497313,interpolado
0.4398067613522703,0.00398094514521767,interpolado
0.43990658131626315,0.00281584947599545,interpolado
0.44,0.001716,original
0.44010622124424886,0.00048223531568803926,interpolado
0.4402060412082416,-0.0006388256392746565,interpolado
0.4403058611722345,-0.0017020048895890572,interpolado
0.4404056811362273,-0.0026870154137391836,interpolado
0.4405055011002201,-0.003573570190211318,interpolado
0.44060532106421285,-0.0043413821974896795,interpolado
0.44070514102820557,-0.004970164414060001,interpolado
0.44080496099219846,-0.005439629818407707,interpolado
0.4409047809561913,-0.005729491389017478,interpolado
0.441,-0.00582,original
0.44110442088417684,-0.005701069307401975,interpolado
0.4412042408481696,-0.005406987731041982,interpolado
0.44130406081216245,-0.004978854329179029,interpolado
0.44140388077615517,-0.004458305045090919,interpolado
0.441503700740148,-0.003886975822054431,interpolado
0.44160352070414083,-0.003306502603347527,interpolado
0.44170334066813366,-0.0027585213322472075,interpolado
0.4418031606321264,-0.002284667952030546,interpolado
0.44190298059611915,-0.0019265784059753965,interpolado
0.442,-0.001729,original
0.4421026205241047,-0.0017087339842231529,interpolado
0.44220244048809754,-0.0018442546341380405,interpolado
0.4423022604520905,-0.0020884910080770434,interpolado
0.44240208041608314,-0.002397483842064233,interpolado
0.44250190038007603,-0.002727273872124264,interpolado
0.4426017203440689,-0.0030339018342811132,interpolado
0.44270154030806164,-0.0032734084645593222,interpolado
0.4428013602720545,-0.00340183449898329,interpolado
0.44290118023604724,-0.003375220673577214,interpolado
0.443,-0.003153,original
0.44310082016403285,-0.0026971692639178846,interpolado
0.4432006401280257,-0.0020526993413827284,interpolado
0.44330046009201846,-0.0012661835825535461,interpolado
0.44340028005601123,-0.00038760759747354383,interpolado
0.443500100020004,0.0005330430038158862,interpolado
0.4435999199839968,0.001445782611271388,interpolado
0.4436997399479896,0.00230062561485116,interpolado
0.44379955991198244,0.0030475864045132694,interpolado
0.4438993798759753,0.0036366793702145538,interpolado
0.444,0.00402,original
0.4440990198039609,0.004156920686520585,interpolado
0.4441988397679535,0.004083224572571209,interpolado
0.4442986597319464,0.0038427403900768114,interpolado
0.44439847969593915,0.003481377977281859,interpolado
0.444498299659932,0.003045047172430183,interpolado
0.44459811962392476,0.00257965781376647,interpolado
0.44469793958791753,0.002131119739534674,interpolado
0.4447977595519104,0.0017453427879787855,interpolado
0.44489757951590314,0.001468236797343433,interpolado
0.445,0.001345,original
0.4450972194438888,0.0014096379364628526,interpolado
0.4451970394078815,0.001631163128669952,interpolado
0.44529685937187435,0.0019650205994655315,interpolado
0.44539667933586713,0.0023659434971248093,interpolado
0.44549649929986007,0.0027886649699237886,interpolado
0.44559631926385285,0.0031879181661375864,interpolado
0.4456961392278456,0.0035184362340420485,interpolado
0.4457959591918384,0.0037349523219128654,interpolado
0.4458957791558312,0.0037921995780253862,interpolado
0.446,0.003633,original
0.44609541908381684,0.003263599462869356,interpolado
0.44619523904780967,0.002690830162704254,interpolado
0.4462950590118025,0.001989723745505583,interpolado
0.4463948789757953,0.0012234022547235495,interpolado
0.446494698939788,0.00045498773380719314,interpolado
0.4465945189037809,-0.00025239777379445355,interpolado
0.4466943388677736,-0.0008356322246311775,interpolado
0.44679415883176643,-0.0012315935752541507,interpolado
0.44689397879575926,-0.0013771597822135068,interpolado
0.447,-0.001187,original
0.4470936187237449,-0.0006853370534448226,interpolado
0.4471934386877376,0.00013696522212612927,interpolado
0.4472932586517304,0.0011701401108687596,interpolado
0.4473930786157231,0.0023266236774922874,interpolado
0.4474928985797159,0.0035188519867076465,interpolado
0.44759271854370875,0.004659261103225849,interpolado
0.44769253850770147,0.005660287091755998,interpolado
0.4477923584716943,0.00643436601700951,interpolado
0.44789217843568707,0.006893933943695892,interpolado
0.448,0.006936,original
0.44809181836367273,0.0065418039291897274,interpolado
0.4481916383276655,0.005714709853248219,interpolado
0.44829145829165834,0.004556201374898826,interpolado
0.44839127825565117,0.0031523500664958227,interpolado
0.4484910982196439,0.0015892275003915998,interpolado
0.4485909181836368,-4.709475106181118e-05,interpolado
0.44869073814762966,-0.0016705451155096134,interpolado
0.4487905581116224,-0.003195052020600556,interpolado
0.4488903780756152,-0.004534543893979962,interpolado
0.449,-0.00569,original
0.4490900180036009,-0.006330486064704685,interpolado
0.44918983796759354,-0.006734997318556092,interpolado
0.4492896579315863,-0.0068636599919988635,interpolado
0.44938947789557904,-0.006763672183508335,interpolado
0.44948929785957187,-0.006482231991560103,interpolado
0.4495891178235647,-0.0060665375146293655,interpolado
0.44968893778755736,-0.005563786851192059,interpolado
0.4497887577515502,-0.00502117809972314,interpolado
0.44988857771554297,-0.004485909358698686,interpolado
0.45,-0.003955,original
0.45008821764352863,-0.0036207586192354402,interpolado
0.4501880376075214,-0.0033435802980658533,interpolado
0.45028785757151424,-0.003173692281398588,interpolado
0.45038767753550707,-0.0031111307444944454,interpolado
0.4504874974994998,-0.0031559318626139107,interpolado
0.45058731746349273,-0.003308131811017713,interpolado
0.4506871374274855,-0.0035677667649662917,interpolado
0.4507869573914784,-0.003934872899720549,interpolado
0.45088677735547117,-0.004409486390540687,interpolado
0.451,-0.005078,original
0.4510864172834568,-0.005676082190546117,interpolado
0.4511862372474495,-0.006425704693155363,interpolado
0.4512860572114423,-0.0071915766192892135,interpolado
0.4513858771754352,-0.007924743903435599,interpolado
0.4514856971394278,-0.008576252480083743,interpolado
0.4515855171034207,-0.009097148283722696,interpolado
0.45168533706741354,-0.00943847724884066,interpolado
0.4517851570314063,-0.009551285309926764,interpolado
0.4518849769953991,-0.009386618401469635,interpolado
0.452,-0.008789,original
0.4520846169233847,-0.008040273089991173,interpolado
0.4521844368873774,-0.0068545162721430405,interpolado
0.4522842568513703,-0.0053998439855114785,interpolado
0.452384076815363,-0.0037379133420673773,interpolado
0.45248389677935585,-0.0019303814537844763,interpolado
0.4525837167433487,-3.890543263270895e-05,interpolado
0.45268353670734146,0.0018748576094139366,interpolado
0.4527833566713344,0.0037492505603846254,interpolado
0.45288317663532707,0.005522616308308439,interpolado
0.453,0.007387,original
0.4530828165633128,0.008525621788073288,interpolado
0.4531826365273055,0.009684160123409283,interpolado
0.4532824564912982,0.010610074273274567,interpolado
0.4533822764552911,0.011304577554248333,interpolado
0.4534820964192839,0.011768883282908687,interpolado
0.4535819163832767,0.012004204775835015,interpolado
0.45368173634726955,0.012011755349605933,interpolado
0.45378155631126227,0.011792748320800513,interpolado
0.4538813762752551,0.011348397005997317,interpolado
0.454,0.010529,original
0.4540810162032408,0.009792546222268434,interpolado
0.45418083616723354,0.008720243754840162,interpolado
0.45428065613122626,0.007509412851320602,interpolado
0.4543804760952191,0.006206509449097327,interpolado
0.45448029605921186,0.004857989485560121,interpolado
0.4545801160232047,0.0035103088980958496,interpolado
0.45467993598719747,0.002209923624094344,interpolado
0.45477975595119025,0.0010032896009431625,interpolado
0.454879575915183,-6.313723396992497e-05,interpolado
0.455,-0.001097,original
0.4550792158431687,-0.00159613873263043,interpolado
0.4551790358071614,-0.0020327312516844574,interpolado
0.4552788557711542,-0.0022852581711525523,interpolado
0.4553786757351471,-0.0023864151779645934,interpolado
0.45547849569913984,-0.0023688979590503383,interpolado
0.45557831566313267,-0.002265402201339666,interpolado
0.45567813562712545,-0.002108623591762564,interpolado
0.4557779555911182,-0.001931257817248853,interpolado
0.45587777555511105,-0.0017660005647283077,interpolado
0.456,-0.001628,original
0.4560774154830966,-0.0015982625947853536,interpolado
0.4561772354470893,-0.001617857018236418,interpolado
0.4562770554110821,-0.0016814146679187956,interpolado
0.456376875375075,-0.0017659144207204127,interpolado
0.45647669533906776,-0.0018483351535290404,interpolado
0.45657651530306065,-0.0019056557432326209,interpolado
0.4566763352670533,-0.0019148550667189546,interpolado
0.45677615523104614,-0.0018529120008759616,interpolado
0.456875975195039,-0.0016968054225914003,interpolado
0.457,-0.001337,original
0.4570756151230245,-0.001013811647219884,interpolado
0.45717543508701736,-0.00048068131301864985,interpolado
0.45727525505101013,0.00014664763862529581,interpolado
0.4573750750150029,0.0008388215938391148,interpolado
0.4574748949789958,0.0015664869387487916,interpolado
0.4575747149429886,0.0023002900594814592,interpolado
0.4576745349069814,0.0030108773421642656,interpolado
0.4577743548709742,0.0036688951729231746,interpolado
0.4578741748349669,0.004244989937885647,interpolado
0.458,0.004809,original
0.4580738147629525,0.005037120533451741,interpolado
0.45817363472694533,0.0052288712731811396,interpolado
0.4582734546909381,0.0053019343985372365,interpolado
0.45837327465493105,0.005273320700659963,interpolado
0.4584730946189238,0.005160040970689178,interpolado
0.45857291458291655,0.004979105999764716,interpolado
0.4586727345469095,0.004747526579026264,interpolado
0.4587725545109022,0.004482313499613906,interpolado
0.4588723744748951,0.004200477552667197,interpolado
0.459,0.003843,original
0.45907201440288065,0.003654553076381702,interpolado
0.4591718343668735,0.0034195374970704536,interpolado
0.4592716543308662,0.0032241928965110055,interpolado
0.459371474294859,0.0030787047924804014,interpolado
0.45947129425885186,0.0029932587027560555,interpolado
0.45957111422284463,0.00297804014511512,interpolado
0.45967093418683747,0.003043234637334904,interpolado
0.45977075415083024,0.0031990276971925876,interpolado
0.459870574114823,0.0034556048424656052,interpolado
0.46,0.003955,original
0.4600702140428085,0.004308906135021606,interpolado
0.4601700340068014,0.004890039411091381,interpolado
0.4602698539707942,0.005526146666550435,interpolado
0.46036967393478695,0.006176602199894163,interpolado
0.4604694938987798,0.006800780309616559,interpolado
0.46056931386277256,0.007358055294212721,interpolado
0.4606691338267654,0.007807801452177596,interpolado
0.4607689537907582,0.008109393082005404,interpolado
0.46086877375475105,0.008222204482191164,interpolado
0.461,0.008015,original
0.4610684136827365,0.00772422391226134,interpolado
0.4611682336467294,0.00709962071021288,interpolado
0.4612680536107222,0.006288327577018267,interpolado
0.461367873574715,0.005347378691259145,interpolado
0.4614676935387078,0.004333808231519071,interpolado
0.46156751350270053,0.0033046503763800323,interpolado
0.46166733346669336,0.002316939304423985,interpolado
0.4617671534306861,0.001427709194234535,interpolado
0.4618669733946789,0.0006939942243932443,interpolado
0.462,5.64e-05,original
0.4620666133226644,-8.375656196219104e-05,interpolado
0.4621664332866573,-8.174888659141278e-05,interpolado
0.4622662532506501,0.00013549907830539233,interpolado
0.4623660732146429,0.0005240150557687403,interpolado
0.46246589317863573,0.0010398267688385054,interpolado
0.46256571314262857,0.001638961940555186,interpolado
0.4626655331066214,0.0022774482939594658,interpolado
0.4627653530706143,0.002911313552090942,interpolado
0.46286517303460684,0.0034965854379902864,interpolado
0.463,0.004132,original
0.4630648129625925,0.004348704567492551,interpolado
0.4631646329265854,0.0045742950227405646,interpolado
0.4632644528905782,0.004692697034558176,interpolado
0.46336427285457094,0.004731055852454451,interpolado
0.4634640928185637,0.004716516725938281,interpolado
0.4635639127825566,0.004676224904518604,interpolado
0.46366373274654943,0.004637325637704311,interpolado
0.46376355271054215,0.004626964175004367,interpolado
0.4638633726745349,0.004672285765927656,interpolado
0.464,0.004874,original
0.4640630126025205,0.0050358080341170765,interpolado
0.46416283256651336,0.0053663286920339675,interpolado
0.4642626525305061,0.0057540731476784755,interpolado
0.4643624724944989,0.006160568607916427,interpolado
0.46446229245849174,0.006547342279613695,interpolado
0.4645621124224845,0.0068759213696355,interpolado
0.4646619323864773,0.007107833084847824,interpolado
0.46476175235047007,0.007204604632116065,interpolado
0.46486157231446285,0.007127763218306049,interpolado
0.465,0.006662,original
0.4650612122424484,0.006302955556378066,interpolado
0.4651610322064413,0.005536471274553923,interpolado
0.46526085217043406,0.004593809673809533,interpolado
0.4653606721344269,0.0035303017877589835,interpolado
0.4654604920984197,0.0024012786500160876,interpolado
0.4655603120624125,0.0012620712941965768,interpolado
0.4656601320264053,0.00016801075391370183,interpolado
0.4657599519903981,-0.0008255719372168436,interpolado
0.4658597719543908,-0.0016633457455812347,interpolado
0.466,-0.002471,original
0.46605941188237654,-0.0026534594101421905,interpolado
0.4661592318463693,-0.002752358278558873,interpolado
0.46625905181036204,-0.0026246875082387715,interpolado
0.46635887177435487,-0.0023095019020815634,interpolado
0.4664586917383477,-0.0018458562629865118,interpolado
0.4665585117023404,-0.0012728053938537032,interpolado
0.46665833166633325,-0.0006294040975821037,interpolado
0.4667581516303259,4.529282292800216e-05,interpolado
0.4668579715943188,0.0007122305647774003,interpolado
0.467,0.001571,original
0.46705761152230435,0.0018679983556730193,interpolado
0.4671574314862972,0.0023042850135237903,interpolado
0.46725725145028996,0.0026449638168660086,interpolado
0.46735707141428273,0.002894330531211536,interpolado
0.4674568913782756,0.003056680922072029,interpolado
0.46755671134226834,0.0031363107549589003,interpolado
0.4676565313062612,0.0031375157953838365,interpolado
0.467756351270254,0.003064591808858427,interpolado
0.4678561712342467,0.0029218345608942858,interpolado
0.468,0.002602,original
0.4680558111622323,0.0024441886980341933,interpolado
0.4681556311262252,0.0021215400263170413,interpolado
0.46825545109021804,0.0017561614465516056,interpolado
0.4683552710542108,0.0013587114818079367,interpolado
0.46845509101820354,0.0009398486551560144,interpolado
0.46855491098219637,0.0005102314896665241,interpolado
0.4686547309461892,8.051850840945382e-05,interpolado
0.4687545509101821,-0.00033863176554520805,interpolado
0.46885437087417486,-0.0007365608091267765,interpolado
0.469,-0.001257,original
0.4690540108021604,-0.0014264116650709797,interpolado
0.4691538307661532,-0.0017031482530242242,interpolado
0.469253650730146,-0.0019329889591034632,interpolado
0.46935347069413874,-0.002116280150939163,interpolado
0.4694532906581316,-0.0022533681961622496,interpolado
0.4695531106221244,-0.0023445994624032933,interpolado
0.4696529305861172,-0.0023903203172931033,interpolado
0.46975275055011,-0.002390877128462392,interpolado
0.4698525705141028,-0.002346616263541879,interpolado
0.47,-0.0022,original
0.47005221044208834,-0.0021250574108735883,interpolado
0.4701520304060811,-0.0019491427235310294,interpolado
0.470251850370074,-0.00173173947392508,interpolado
0.4703516703340668,-0.001474470184961068,interpolado
0.47045149029805955,-0.0011789573795437948,interpolado
0.4705513102620523,-0.0008468235805786757,interpolado
0.4706511302260451,-0.0004796913109706432,interpolado
0.470750950190038,-7.918309362455215e-05,interpolado
0.4708507701540307,0.00035307854855406626,interpolado
0.471,0.001055,original
0.47105041008201637,0.0013062056732318673,interpolado
0.47115023004600914,0.0018197560699988794,interpolado
0.471250050010002,0.0023469072362215936,interpolado
0.47134986997399475,0.0028782874887882948,interpolado
0.4714496899379875,0.0034045251445884383,interpolado
0.47154950990198036,0.003916248520510308,interpolado
0.4716493298659732,0.004404085933443076,interpolado
0.47174914982996596,0.0048586657002758545,interpolado
0.47184896979395885,0.005270616137897015,interpolado
0.4719487897579516,0.0056305655631958725,interpolado
0.472,0.005792,original
0.4721484296859371,0.0061729489844637156,interpolado
0.47224824964993,0.0063794263669790475,interpolado
0.4723480696139228,0.006568915558461755,interpolado
0.4724478895779156,0.006761196589993935,interpolado
0.47254770954190833,0.006976049492657248,interpolado
0.4726475295059011,0.007233254297533657,interpolado
0.47274734946989394,0.007552591035705228,interpolado
0.4728471694338867,0.007953839738253478,interpolado
0.4729469893978796,0.008456780436260736,interpolado
0.473,0.008772,original
0.4731466293258651,0.009803074345564329,interpolado
0.4732464492898579,0.010565665751031432,interpolado
0.47334626925385076,0.011304442450519328,interpolado
0.47344608921784354,0.01195630396694773,interpolado
0.4735459091818363,0.01245814982323486,interpolado
0.4736457291458292,0.012746879542300093,interpolado
0.47374554910982203,0.012759392647062318,interpolado
0.47384536907381475,0.012432588660440464,interpolado
0.4739451890378076,0.01170336710535307,interpolado
0.474,0.011109,original
0.47414482896579324,0.008874023879320509,interpolado
0.47424464892978596,0.0068980053238939494,interpolado
0.4743444688937788,0.00469448753925866,interpolado
0.4744442888577715,0.002374722299797886,interpolado
0.4745441088217644,4.996137989462919e-05,interpolado
0.4746439287857571,-0.0021685434460642136,interpolado
0.47474374874974995,-0.004169540403696703,interpolado
0.47484356871374267,-0.005841777718616296,interpolado
0.47494338867773545,-0.00707400361643991,interpolado
0.475,-0.007535,original
0.47514302860572105,-0.007876822251135972,interpolado
0.4752428485697139,-0.007524260938665785,interpolado
0.4753426685337067,-0.0067997879828702885,interpolado
0.47544248849769954,-0.005803057975742802,interpolado
0.4755423084616923,-0.004633725509276043,interpolado
0.4756421284256851,-0.0033914451754647507,interpolado
0.4757419483896779,-0.0021758715663010623,interpolado
0.4758417683536707,-0.0010866592737797701,interpolado
0.4759415883176635,-0.00022346288989358006,interpolado
0.476,0.000137,original
0.47614122824564914,0.0005048433085687185,interpolado
0.476241048209642,0.0004041966061413257,interpolado
0.4763408681736347,8.092361467806563e-05,interpolado
0.47644068813762736,-0.0003981555808029688,interpolado
0.4765405081016203,-0.0009662208952840342,interpolado
0.476640328065613,-0.0015564522437463962,interpolado
0.4767401480296058,-0.0021020295411725573,interpolado
0.4768399679935986,-0.0025361327025438104,interpolado
0.4769397879575914,-0.002791941642842402,interpolado
0.477,-0.002832,original
0.47713942788557695,-0.0025547773485434305,interpolado
0.47723924784957,-0.002091102018439134,interpolado
0.4773390678135626,-0.0014635415215956179,interpolado
0.4774388877775555,-0.0007228033714965636,interpolado
0.4775387077415484,8.040491837460217e-05,interpolado
0.47763852770554105,0.0008953758345330782,interpolado
0.477738347669534,0.0016714018634958318,interpolado
0.47783816763352677,0.00235777549177809,interpolado
0.4779379875975196,0.0029037892058964222,interpolado
0.478,0.00315,original
0.4781376275255052,0.0034138699842884454,interpolado
0.478237447489498,0.0034080995064475466,interpolado
0.47833726745349087,0.0032876493665412597,interpolado
0.47843708741748353,0.00309787493458279,interpolado
0.47853690738147636,0.0028841315805851904,interpolado
0.47863672734546914,0.0026917746745618878,interpolado
0.4787365473094619,0.0025661595865258922,interpolado
0.4788363672734547,0.0025526416864905333,interpolado
0.4789361872374474,0.0026965763444688866,interpolado
0.479,0.002892,original
0.47913582716543307,0.0035938558501520373,interpolado
0.47923564712942585,0.004294960139765685,interpolado
0.4793354670934186,0.005085497604068714,interpolado
0.47943528705741145,0.005905160632747889,interpolado
0.4795351070214042,0.006693641615490033,interpolado
0.4796349269853969,0.007390632941980657,interpolado
0.4797347469493897,0.00793582700190687,interpolado
0.47983456691338255,0.008268916184954447,interpolado
0.47993438687737544,0.008329592880810154,interpolado
0.48,0.008192,original
0.480134026805361,0.007447470520023363,interpolado
0.4802338467693537,0.006566164053066349,interpolado
0.48033366673334654,0.005490547176556296,interpolado
0.48043348669733943,0.004296622739486238,interpolado
0.4805333066613322,0.0030603935908467455,interpolado
0.4806331266253249,0.0018578625796310364,interpolado
0.48073294658931776,0.000765032554830233,interpolado
0.48083276655331053,-0.00014209363456429655,interpolado
0.4809325865173033,-0.000787513139559702,interpolado
0.481,-0.001037,original
0.4811322264452889,-0.0010479856105919214,interpolado
0.48123204640928174,-0.0007111083034155576,interpolado
0.48133186637327463,-0.00016114679067200858,interpolado
0.48143168633726735,0.0005262084115224095,interpolado
0.4815315063012601,0.001275266787052711,interpolado
0.48163132626525296,0.002010337819802363,interpolado
0.4817311462292457,0.002655730993656108,interpolado
0.4818309661932385,0.003135755792498489,interpolado
0.4819307861572313,0.0033747217002132726,interpolado
0.482,0.003359,original
0.48213042608521695,0.002884219533334517,interpolado
0.4822302460492097,0.0022047248332950453,interpolado
0.48233006601320255,0.0013381794333213886,interpolado
0.4824298859771954,0.0003635655866928541,interpolado
0.4825297059411882,-0.0006401344533132395,interpolado
0.48262952590518093,-0.001593938433417433,interpolado
0.48272934586917376,-0.0024188641003419736,interpolado
0.48282916583316654,-0.0030359292008088233,interpolado
0.48292898579715937,-0.003366151481538955,interpolado
0.483,-0.003383,original
0.48312862572514503,-0.002902420391154029,interpolado
0.4832284456891378,-0.002138836662292029,interpolado
0.48332826565313075,-0.0011080148641973383,interpolado
0.48342808561712347,0.00012241486757607863,interpolado
0.4835279055811163,0.0014848223974767126,interpolado
0.4836277255451091,0.002911577589950235,interpolado
0.4837275455091018,0.00433505030944458,interpolado
0.48382736547309463,0.005687610420407676,interpolado
0.48392718543708735,0.006901627787285201,interpolado
0.484,0.007661,original
0.484126825365073,0.008673786275341733,interpolado
0.4842266453290657,0.009208892992115046,interpolado
0.4843264652930586,0.00953601378434505,interpolado
0.4844262852570513,0.009676077742881511,interpolado
0.4845261052210441,0.009650013958574745,interpolado
0.48462592518503694,0.00947875152227491,interpolado
0.48472574514902966,0.00918321952483216,interpolado
0.48482556511302244,0.00878434705709638,interpolado
0.48492538507701516,0.008303063209918141,interpolado
0.485,0.007902,original
0.4851250250050009,0.007172430754056895,interpolado
0.48522484496899376,0.006547586926407746,interpolado
0.48532466493298654,0.005892772725916235,interpolado
0.4854244848969793,0.00521503254321692,interpolado
0.4855243048609722,0.004521410768943269,interpolado
0.48562412482496503,0.003818951793728712,interpolado
0.485723944788958,0.0031147000082078595,interpolado
0.48582376475295075,0.0024156998030137587,interpolado
0.4859235847169434,0.0017289955687810135,interpolado
0.486,0.001216,original
0.4861232246449293,0.0004234213350362776,interpolado
0.486223044608922,-0.0001704776091667616,interpolado
0.4863228645729149,-0.0007041710576521757,interpolado
0.48642268453690757,-0.0011617839030603442,interpolado
0.48652250450090034,-0.0015274410380325609,interpolado
0.4866223244648931,-0.001785267355209914,interpolado
0.48672214442888584,-0.0019193877472330916,interpolado
0.4868219643928787,-0.0019139271067432004,interpolado
0.4869217843568715,-0.0017530103263812195,interpolado
0.487,-0.001508,original
0.4871214242848571,-0.000922525023346059,interpolado
0.48722124424884977,-0.0003071189977315124,interpolado
0.48732106421284266,0.0003704863758388185,interpolado
0.48742088417683543,0.0010554412015993204,interpolado
0.4875207041408281,0.0016928955837855267,interpolado
0.48762052410482093,0.00222799962663286,interpolado
0.48772034406881376,0.0026059034343758683,interpolado
0.4878201640328066,0.002771757111250072,interpolado
0.4879199839967994,0.0026707107614904286,interpolado
0.488,0.00236,original
0.4881196239247851,0.0014895397695897726,interpolado
0.48821944388877775,0.0004709092084207485,interpolado
0.4883192638527706,-0.0007196332353864823,interpolado
0.4884190838167633,-0.001993929731250234,interpolado
0.48851890378075613,-0.003263822448590803,interpolado
0.488618723744749,-0.004441153556828471,interpolado
0.4887185437087418,-0.00543776522538157,interpolado
0.4888183636727346,-0.0061654996236707735,interpolado
0.4889181836367275,-0.006536198921114904,interpolado
0.489,-0.006512,original
0.489117823564713,-0.005907725039533621,interpolado
0.48921764352870584,-0.004964008544353265,interpolado
0.48931746349269867,-0.0037391101596715394,interpolado
0.48941728345669144,-0.002341392075404819,interpolado
0.48951710342068416,-0.0008792164814674672,interpolado
0.489616923384677,0.0005390544322262977,interpolado
0.48971674334866977,0.0018050584757598872,interpolado
0.4898165633126626,0.002810433459219601,interpolado
0.48991638327665543,0.0034468171926893038,interpolado
0.49,0.003617,original
0.4901160232046409,0.003234569261936491,interpolado
0.4902158431686338,0.0024151341137830184,interpolado
0.4903156631326266,0.001251037379303059,interpolado
0.4904154830966195,-0.00015437652044543473,interpolado
0.4905153030606121,-0.0016977631644064114,interpolado
0.49061512302460486,-0.003275778131524121,interpolado
0.49071494298859775,-0.004785077000740153,interpolado
0.49081476295259047,-0.006122315350999444,interpolado
0.49091458291658335,-0.007184148761243851,interpolado
0.491,-0.007796,original
0.49111422284456885,-0.00810554474717219,interpolado
0.4912140428085617,-0.007929361405894361,interpolado
0.49131386277255445,-0.007384866531984207,interpolado
0.4914136827365473,-0.006518169045237311,interpolado
0.4915135027005401,-0.005375377865450797,interpolado
0.4916133226645329,-0.0040026019124195875,interpolado
0.49171314262852567,-0.0024459501059413786,interpolado
0.49181296259251844,-0.0007515313658116056,interpolado
0.49191278255651133,0.001034545388174596,interpolado
0.492,0.002634,original
0.492112422484497,0.004696455694311073,interpolado
0.49221224244848977,0.006476375551026447,interpolado
0.4923120624124826,0.008156538256321575,interpolado
0.4924118823764753,0.009687552361127373,interpolado
0.49251170234046804,0.01102002641637225,interpolado
0.4926115223044609,0.012104568972987747,interpolado
0.49271134226845376,0.012891788581902758,interpolado
0.49281116223244653,0.013332293794048086,interpolado
0.4929109821964394,0.01337669316035376,interpolado
0.493,0.013042,original
0.49311062212442497,0.012109005919471677,interpolado
0.49321044208841763,0.010841727550863132,interpolado
0.49331026205241063,0.009253990327986527,interpolado
0.49341008201640335,0.007425997080418826,interpolado
0.4935099019803961,0.005437950637740145,interpolado
0.4936097219443889,0.003370053829526412,interpolado
0.49370954190838173,0.0013025094853579976,interpolado
0.4938093618723746,-0.0006844795651881908,interpolado
0.49390918183636734,-0.0025107104925350667,interpolado
0.494,-0.003965,original
0.49410882176435283,-0.005382145686561592,interpolado
0.4942086417283458,-0.006378294802208473,interpolado
0.49430846169233844,-0.0071063884524206564,interpolado
0.49440828165633127,-0.007588374789463813,interpolado
0.494508101620324,-0.007846201965602885,interpolado
0.4946079215843169,-0.007901818133103653,interpolado
0.49470774154830965,-0.007777171444231529,interpolado
0.49480756151230243,-0.007494210051252068,interpolado
0.49490738147629526,-0.007074882106430468,interpolado
0.495,-0.006583,original
0.4951070214042809,-0.005916025221836297,interpolado
0.4952068413682737,-0.0052261654965095414,interpolado
0.49530666133226653,-0.0044988898420534745,interpolado
0.4954064812962593,-0.0037615311774755957,interpolado
0.495506301260252,-0.003041422421784641,interpolado
0.49560612122424497,-0.0023658964939877484,interpolado
0.4957059411882377,-0.0017622863130935856,interpolado
0.4958057611522305,-0.0012579247981096696,interpolado
0.49590558111622335,-0.0008801448680437337,interpolado
0.496,-0.000664,original
0.49610522104420907,-0.000600650383153801,interpolado
0.49620504100820173,-0.0006833458141052637,interpolado
0.4963048609721946,-0.0008650456613835064,interpolado
0.4964046809361874,-0.0011064316113459896,interpolado
0.4965045009001801,-0.0013681853503497454,interpolado
0.49660432086417294,-0.0016109885647523348,interpolado
0.49670414082816566,-0.0017955229409107889,interpolado
0.4968039607921586,-0.0018824701651825688,interpolado
0.49690378075615144,-0.0018325119239249192,interpolado
0.497,-0.001618,original
0.4971034206841369,-0.0011788761560025402,interpolado
0.4972032406481296,-0.00057632529601116,interpolado
0.4973030606121225,0.0001636535712090487,interpolado
0.49740288057611537,0.0010033919426454525,interpolado
0.49750270054010803,0.0019052213152836856,interpolado
0.49760252050410086,0.002831473186110782,interpolado
0.49770234046809375,0.003744479052113823,interpolado
0.4978021604320865,0.004606570410278367,interpolado
0.49790198039607936,0.005380078757591914,interpolado
0.498,0.006017,original
0.4981016203240649,0.0065106724076101925,interpolado
0.4982014402880577,0.00679242070428865,interpolado
0.49830126025205046,0.00683491197806181,interpolado
0.49840108021604335,0.006600477725916257,interpolado
0.49850090018003607,0.0060514494448388224,interpolado
0.4986007201440289,0.0051501586318160476,interpolado
0.4987005401080217,0.0038589367838336853,interpolado
0.49880036007201445,0.0021401153978797397,interpolado
0.4989001800360072,-4.397402906115367e-05,interpolado
0.499,-0.002731,original
