Time - Voltage_1,Amplitude - Voltage_1,tipo_valor
0.0,0.000314,original
9.981996399279867e-05,0.0013426573212683534,interpolado
0.00019963992798559732,0.00215408793265159,interpolado
0.000299459891978396,0.0027639660515478867,interpolado
0.00039927985597119453,0.003187965895355412,interpolado
0.0004990998199639931,0.003441761681472344,interpolado
0.0005989197839567919,0.0035410276272968564,interpolado
0.0006987397479495905,0.003501437950227121,interpolado
0.0007985597119423888,0.0033386668676613127,interpolado
0.0008983796759351872,0.003068388596997605,interpolado
0.001,0.002699,original
0.0010980196039207845,0.002268007360969192,interpolado
0.0011978395679135832,0.0017692528304008332,interpolado
0.0012976595319063818,0.0012256879813272693,interpolado
0.0013974794958991803,0.0006529870311466782,interpolado
0.0014972994598919786,6.682419725723165e-05,interpolado
0.0015971194238847772,-0.0005171263029428968,interpolado
0.0016969393878775757,-0.0010831902520555335,interpolado
0.0017967593518703746,-0.001615693432682502,interpolado
0.001896579315863173,-0.0020989616274256304,interpolado
0.002,-0.002531,original
0.00209621924384877,-0.002857379500665543,interpolado
0.0021960392078415694,-0.003115925269222106,interpolado
0.002295859171834368,-0.0032925797583783236,interpolado
0.002395679135827166,-0.0033869649216156346,interpolado
0.0024954990998199648,-0.0033987027124154773,interpolado
0.0025953190638127637,-0.00332741508425929,interpolado
0.0026951390278055617,-0.0031727239906285103,interpolado
0.002794958991798361,-0.0029342513850045752,interpolado
0.0028947789557911595,-0.002611619220868923,interpolado
0.003,-0.00218,original
0.003094418883776757,-0.0017166773258697127,interpolado
0.0031942388477695545,-0.0011725375841948372,interpolado
0.0032940588117623534,-0.0006022312714121155,interpolado
0.0033938787757551514,-3.5960239628713195e-05,interpolado
0.0034936987397479503,0.0004960736590482022,interpolado
0.0035935187037407475,0.0009636685725114701,interpolado
0.003693338667733547,0.0013366226486539233,interpolado
0.0037931586317263444,0.0015847340353683957,interpolado
0.003892978595719143,0.001677800880547722,interpolado
0.004,0.001571,original
0.004092618523704739,0.0012867491492688423,interpolado
0.004192438487697538,0.0008032516354863193,interpolado
0.004292258451690337,0.0001706880602459994,interpolado
0.0043920784156831335,-0.0005753781911741556,interpolado
0.004491898379675935,-0.001399383733496188,interpolado
0.004591718343668733,-0.002265765181442116,interpolado
0.00469153830766153,-0.0031389591497339884,interpolado
0.00479135827165433,-0.003983402253093827,interpolado
0.004891178235647129,-0.004763531106243671,interpolado
0.005,-0.005499,original
0.005090818163632725,-0.005994478559621456,interpolado
0.005190638127625526,-0.006416840335996105,interpolado
0.005290458091618324,-0.006722191582670247,interpolado
0.005390278055611122,-0.006921861961112047,interpolado
0.0054900980196039215,-0.0070271811327896625,interpolado
0.00558991798359672,-0.00704947875917125,interpolado
0.005689737947589518,-0.007000084501724969,interpolado
0.005789557911582318,-0.0068903280219189764,interpolado
0.005889377875575115,-0.006731538981221432,interpolado
0.006,-0.006512,original
0.006089017803560713,-0.006311040395717123,interpolado
0.006188837767553511,-0.006063376297235697,interpolado
0.00628865773154631,-0.005793729578002918,interpolado
0.006388477695539108,-0.005503773030672879,interpolado
0.006488297659531905,-0.005195179447899661,interpolado
0.006588117623524705,-0.004869621622337352,interpolado
0.006687937587517502,-0.00452877234664004,interpolado
0.006787757551510303,-0.00417430441346181,interpolado
0.006887577515503101,-0.003807890615456752,interpolado
0.007,-0.003383,original
0.007087217443488696,-0.0030471870662241813,interpolado
0.007187037407481496,-0.002666231639569946,interpolado
0.007286857371474294,-0.002301434104615628,interpolado
0.007386677335467093,-0.001965894933554657,interpolado
0.007486497299459892,-0.0016727145985804739,interpolado
0.0075863172634526915,-0.001434993571886508,interpolado
0.00768613722744549,-0.001265832325666192,interpolado
0.007785957191438287,-0.001178331332112963,interpolado
0.007885777155431088,-0.0011855910634202534,interpolado
0.008,-0.001327,original
0.008085417083416686,-0.0015329795817919764,interpolado
0.008185237047409484,-0.0018680308056824944,interpolado
0.008285057011402286,-0.002282453163970286,interpolado
0.008384876975395084,-0.002752815867359298,interpolado
0.008484696939387882,-0.003255688126553479,interpolado
0.00858451690338068,-0.0037676391522568,interpolado
0.00868433686737348,-0.00426523815517321,interpolado
0.00878415683136628,-0.004725054346006655,interpolado
0.008883976795359077,-0.005123656935461105,interpolado
0.009,-0.005479,original
0.009083616723344675,-0.005646749999322194,interpolado
0.00918343668733747,-0.005752207998226067,interpolado
0.009283256651330271,-0.005763728255888994,interpolado
0.009383076615323067,-0.00569107355950761,interpolado
0.009482896579315865,-0.005544006696278561,interpolado
0.009582716543308663,-0.0053322904533984845,interpolado
0.009682536507301462,-0.00506568761806402,interpolado
0.009782356471294258,-0.004753960977471818,interpolado
0.00988217643528706,-0.0044068733188185084,interpolado
0.01,-0.003965,original
0.010081816363272652,-0.003645824123372393,interpolado
0.010181636327265452,-0.003252801204520235,interpolado
0.01028145629125825,-0.0028666017040555837,interpolado
0.01038127625525105,-0.002498710337086269,interpolado
0.010481096219243848,-0.0021606118187201297,interpolado
0.010580916183236646,-0.0018637908640649836,interpolado
0.010680736147229445,-0.0016197321882286673,interpolado
0.010780556111222242,-0.0014399205063190153,interpolado
0.01088037607521504,-0.0013358405334438518,interpolado
0.011,-0.001327,original
0.01108001600320064,-0.0013972517721839574,interpolado
0.011179835967193439,-0.0015523905916043912,interpolado
0.011279655931186237,-0.0017544305841864782,interpolado
0.011379475895179035,-0.0019733548757657686,interpolado
0.011479295859171835,-0.002179146592177824,interpolado
0.011579115823164633,-0.002341788859258195,interpolado
0.011678935787157431,-0.002431264802842434,interpolado
0.01177875575115023,-0.0024175575487660993,interpolado
0.01187857571514303,-0.0022706502228647413,interpolado
0.012,-0.001869,original
0.012078215643128627,-0.0014624720937706649,interpolado
0.012178035607121426,-0.0007931141392906675,interpolado
0.012277855571114226,1.152420400173071e-05,interpolado
0.01237767553510702,0.0009153074477366527,interpolado
0.012477495499099822,0.0018821001035442706,interpolado
0.01257731546309262,0.0028757666830547092,interpolado
0.012677135427085416,0.003860171697898093,interpolado
0.012776955391078218,0.0047991796597045945,interpolado
0.012876775355071018,0.005656655080104338,interpolado
0.013,0.006549,original
0.013076415283056614,0.006985049999254057,interpolado
0.013176235247049412,0.007410224864745266,interpolado
0.01327605521104221,0.00767033127868372,interpolado
0.013375875175035011,0.007763787686437807,interpolado
0.01347569513902781,0.007689012533375899,interpolado
0.013575515103020611,0.007444424264866375,interpolado
0.01367533506701341,0.007028441326277628,interpolado
0.013775155031006209,0.006439482162978019,interpolado
0.01387497499499901,0.005675965220335934,interpolado
0.014,0.004471,original
0.014074614922984603,0.0036235209528258944,interpolado
0.014174434886977401,0.002380887249067596,interpolado
0.014274254850970199,0.001072576021905542,interpolado
0.014374074814962995,-0.00023706764251426492,interpolado
0.014473894778955797,-0.00148369865804576,interpolado
0.014573714742948593,-0.002602971938542876,interpolado
0.01467353470694139,-0.0035305423978596083,interpolado
0.014773354670934187,-0.004202064949849891,interpolado
0.014873174634926982,-0.004553194508367675,interpolado
0.015,-0.004436,original
0.01507281456291258,-0.004047121236964414,interpolado
0.01517263452690538,-0.003177067439196726,interpolado
0.015272454490898178,-0.002002644104617639,interpolado
0.015372274454890979,-0.0006175924701650169,interpolado
0.015472094418883775,0.0008843462272232901,interpolado
0.015571914382876577,0.002409430750609407,interpolado
0.015671734346869373,0.003863919863055539,interpolado
0.015771554310862173,0.00515407232762379,interpolado
0.015871374274854976,0.0061861469073763685,interpolado
0.016,0.006984,original
0.016071014202840572,0.0071109422825114555,interpolado
0.016170834166833372,0.00693354639539507,interpolado
0.016270654130826165,0.006403866126535385,interpolado
0.01637047409481896,0.005592209966115259,interpolado
0.016470294058811764,0.004568886404317491,interpolado
0.016570114022804557,0.0034042039313249995,interpolado
0.016669933986797354,0.0021684710373205997,interpolado
0.016769753950790153,0.0009319962124870909,interpolado
0.016869573914782953,-0.0002349120529925899,interpolado
0.017,-0.001538,original
0.017069213842768553,-0.002083594386594092,interpolado
0.017169033806761345,-0.00268506150087735,interpolado
0.01726885377075415,-0.0030820035477449586,interpolado
0.017368673734746952,-0.0032904924522591467,interpolado
0.01746849369873975,-0.0033266001394821284,interpolado
0.017568313662732548,-0.003206398534476141,interpolado
0.01766813362672535,-0.002945959562303404,interpolado
0.017767953590718144,-0.0025613551480261607,interpolado
0.017867773554710947,-0.002068657216706615,interpolado
0.018,-0.001277,original
0.018067413482696543,-0.0008236685343075743,interpolado
0.01816723344668934,-0.00010882850060528534,interpolado
0.018267053410682136,0.0006367627762517687,interpolado
0.01836687337467494,0.0013892412273668704,interpolado
0.01846669333866774,0.002124742783843304,interpolado
0.018566513302660535,0.0028194033767842777,interpolado
0.018666333266653328,0.0034493589372930787,interpolado
0.01876615323064613,0.00399074539647298,interpolado
0.018865973194638928,0.004419698685427205,interpolado
0.019,0.004777,original
0.019065613122624524,0.004846928651825499,interpolado
0.01916543308661732,0.004826645056881789,interpolado
0.019265253050610116,0.0046712713345308755,interpolado
0.019365073014602913,0.00440086948586912,interpolado
0.019464892978595716,0.004035501511992911,interpolado
0.019564712942588512,0.0035952294139986103,interpolado
0.019664532906581312,0.0031001151929825705,interpolado
0.01976435287057411,0.0025702208500411983,interpolado
0.019864172834566908,0.002025608386270845,interpolado
0.02,0.001297,original
0.02006381276255251,0.0009719054169476624,interpolado
0.020163632726545307,0.0004944430217838156,interpolado
0.02026345269053811,6.0988174960218954e-05,interpolado
0.02036327265453091,-0.0003215262731270965,interpolado
0.02046309261852371,-0.0006461674720821464,interpolado
0.02056291258251651,-0.0009060025715089377,interpolado
0.020662732546509306,-0.0010940987210114512,interpolado
0.02076255251050211,-0.0012035230701936991,interpolado
0.02086237247449491,-0.0012273427686596736,interpolado
0.021,-0.001107,original
0.02106201240248051,-0.0009915954195584763,interpolado
0.021161832366473305,-0.0007364373782343743,interpolado
0.021261652330466105,-0.0004149491650993317,interpolado
0.0213614722944589,-4.919166815557381e-05,interpolado
0.021461292258451697,0.00033877422459463463,interpolado
0.021561112222444494,0.0007268876251490679,interpolado
0.02166093218643729,0.001093087645505499,interpolado
0.02176075215043009,0.0014153133976616634,interpolado
0.021860572114422883,0.0016715039936153358,interpolado
0.022,0.001877,original
0.02206021204240848,0.0018987071134845776,interpolado
0.022160032006401275,0.0018452400443433826,interpolado
0.022259851970394078,0.0016888135600851176,interpolado
0.02235967193438687,0.0014393771817751736,interpolado
0.022459491898379667,0.0011068804304789307,interpolado
0.022559311862372467,0.0007012728272617554,interpolado
0.022659131826365267,0.00023250389318905777,interpolado
0.02275895179035806,-0.000289476850673793,interpolado
0.022858771754350866,-0.0008547198832614362,interpolado
0.023,-0.001709,original
0.02305841168233646,-0.002074994729764403,interpolado
0.023158231646329266,-0.0027065518159337405,interpolado
0.023258051610322066,-0.003332079930472572,interpolado
0.023357871574314865,-0.003935640810380303,interpolado
0.02345769153830767,-0.004501296192656338,interpolado
0.023557511502300465,-0.005013107814300021,interpolado
0.02365733146629326,-0.0054551374123107555,interpolado
0.02375715143028606,-0.005811446723687941,interpolado
0.023856971394278864,-0.006066097485430933,interpolado
0.024,-0.006222,original
0.024056611322264457,-0.00620791185821286,interpolado
0.024156431286257257,-0.0060869112550750466,interpolado
0.024256251250250056,-0.005864496707037958,interpolado
0.024356071214242853,-0.005565567330528037,interpolado
0.024455891178235652,-0.00521502224197171,interpolado
0.02455571114222845,-0.004837760557795389,interpolado
0.02465553110622125,-0.0044586813944255295,interpolado
0.024755351070214045,-0.004102683868288549,interpolado
0.024855171034206848,-0.003794667095810866,interpolado
0.025,-0.003484,original
0.02505481096219244,-0.0034208398118446303,interpolado
0.025154630926185237,-0.00337757375696371,interpolado
0.02525445089017804,-0.0034070789643848953,interpolado
0.025354270854170833,-0.0034859645472042114,interpolado
0.025454090818163633,-0.003590839618517695,interpolado
0.025553910782156432,-0.003698313291421371,interpolado
0.02565373074614923,-0.003784994679011271,interpolado
0.02575355071014203,-0.00382749289438343,interpolado
0.02585337067413483,-0.0038024170506338745,interpolado
0.026,-0.003594,original
0.02605301060212042,-0.003457053047846428,interpolado
0.026152830566113224,-0.003113558487072704,interpolado
0.026252650530106014,-0.0026747638589151063,interpolado
0.02635247049409882,-0.002160279496544911,interpolado
0.026452290458091617,-0.0015897157331334494,interpolado
0.026552110422084416,-0.0009826829018520016,interpolado
0.026651930386077216,-0.000358791335871841,interpolado
0.026751750350070016,0.0002623486316356929,interpolado
0.026851570314062816,0.0008611266674993254,interpolado
0.027,0.001668,original
0.02705121024204842,0.0019135958298611671,interpolado
0.02715103020604122,0.002338478325019837,interpolado
0.02725085017003401,0.0026921545387619426,interpolado
0.02735067013402681,0.002974575587549788,interpolado
0.027450490098019614,0.0031856925878456658,interpolado
0.02755031006201241,0.003325456656111849,interpolado
0.027650130026005214,0.0033938189088106347,interpolado
0.027749949989998014,0.0033907304624043078,interpolado
0.02784976995399081,0.0033161424333551567,interpolado
0.027949589917983606,0.0031700059381254697,interpolado
0.028,0.003069,original
0.028149229845969206,0.002666846927278507,interpolado
0.028249049809962005,0.002320200329731379,interpolado
0.028348869773954805,0.0019195288485609732,interpolado
0.028448689737947598,0.0014718854791351097,interpolado
0.0285485097019404,0.0009843232168215673,interpolado
0.028648329665933194,0.0004638950569881187,interpolado
0.028748149629925987,-8.234600499740631e-05,interpolado
0.028847969593918794,-0.0006473469737672354,interpolado
0.028947789557911587,-0.0012240548539535958,interpolado
0.029,-0.001528,original
0.02914742948589718,-0.002380553783896104,interpolado
0.029247249449889975,-0.0029358452704815463,interpolado
0.02934706941388278,-0.0034569848854800224,interpolado
0.029446889377875568,-0.003929795237112258,interpolado
0.029546709341868368,-0.004340098933598977,interpolado
0.029646529305861168,-0.004673718583160859,interpolado
0.029746349269853964,-0.004916476794018632,interpolado
0.02984616923384676,-0.005054196174393001,interpolado
0.02994598919783956,-0.00507269933250467,interpolado
0.03,-0.005028,original
0.03014562912582516,-0.00471670859243921,interpolado
0.030245449089817963,-0.004373411437626922,interpolado
0.03034526905381076,-0.003955679592965149,interpolado
0.030445089017803562,-0.003490610368113587,interpolado
0.030544908981796355,-0.0030053010727319777,interpolado
0.030644728945789155,-0.00252684901648,interpolado
0.030744548909781958,-0.002082351509017402,interpolado
0.03084436887377475,-0.0016989058600038757,interpolado
0.030944188837767558,-0.001403609379099126,interpolado
0.031,-0.001287,original
0.03114382876575315,-0.0011581949906867167,interpolado
0.03124364872974596,-0.0011831325241178107,interpolado
0.03134346869373875,-0.0012692029367126294,interpolado
0.03144328865773155,-0.0013880295165673668,interpolado
0.03154310862172435,-0.001511235551778214,interpolado
0.031642928585717156,-0.0016104443304413617,interpolado
0.03174274854970995,-0.0016572791406530038,interpolado
0.03184256851370275,-0.0016233632705093242,interpolado
0.03194238847769555,-0.0014803200081065198,interpolado
0.032,-0.001337,original
0.03214202840568114,-0.0007750375533462708,interpolado
0.03224184836967394,-0.0002197676000062349,interpolado
0.03234166833366674,0.0004486590347706814,interpolado
0.03244148829765954,0.0012134335362875882,interpolado
0.03254130826165234,0.0020577470898475647,interpolado
0.032641128225645126,0.002964790880753687,interpolado
0.03274094818963792,0.003917756094309034,interpolado
0.03284076815363072,0.004899833915816752,interpolado
0.03294058811762353,0.005894215530579779,interpolado
0.033,0.006485,original
0.03314022804560912,0.007848783958786474,interpolado
0.03324004800960192,0.00876367700347561,interpolado
0.033339867973594714,0.009603492343369508,interpolado
0.03343968793758752,0.010343043685944457,interpolado
0.03353950790158032,0.0109571447386766,interpolado
0.03363932786557312,0.011420609209042231,interpolado
0.03373914782956591,0.011708250804517597,interpolado
0.033838967793558716,0.011794883232578941,interpolado
0.033938787757551506,0.011655320200702503,interpolado
0.034,0.011447,original
0.03413842768553711,0.010632255999034869,interpolado
0.03423824764952991,0.00980803816826226,interpolado
0.034338067613522705,0.00884692987256178,interpolado
0.0344378875775155,0.007803371211002759,interpolado
0.0345377075415083,0.006731802282654515,interpolado
0.0346375275055011,0.005686663186586309,interpolado
0.03473734746949389,0.004722394021867613,interpolado
0.03483716743348669,0.0038934348875676802,interpolado
0.03493698739747949,0.003254225882755836,interpolado
0.035,0.002973,original
0.035136627325465096,0.002713171573294932,interpolado
0.03523644728945789,0.002762174398957332,interpolado
0.035336267253450696,0.0029435175135180476,interpolado
0.03543608721744349,0.0031954735471828905,interpolado
0.03553590718143629,0.0034563151301576743,interpolado
0.03563572714542908,0.0036643148926482124,interpolado
0.03573554710942189,0.0037577454648603206,interpolado
0.03583536707341469,0.0036748794769997936,interpolado
0.03593518703740749,0.00335398955927246,interpolado
0.036,0.002989,original
0.036134826965393094,0.0018117878434391209,interpolado
0.03623464692938588,0.0006651267436203537,interpolado
0.036334466893378686,-0.0006198489411122213,interpolado
0.03643428685737148,-0.0019574132188810104,interpolado
0.036534106821364286,-0.003261840097808685,interpolado
0.036633926785357075,-0.004447403586017834,interpolado
0.03673374674934987,-0.005428377691631048,interpolado
0.036833566713342675,-0.006119036422770916,interpolado
0.03693338667733548,-0.0064336537875600295,interpolado
0.037,-0.006392,original
0.037133026605321064,-0.005661241112280498,interpolado
0.03723284656931387,-0.004636074437506894,interpolado
0.037332666533306656,-0.003302240989819819,interpolado
0.03743248649729945,-0.0017498987996034721,interpolado
0.03753230646129226,-6.920589724193948e-05,interpolado
0.03763212642528505,0.001649679686880344,interpolado
0.03773194638927785,0.003316599922379289,interpolado
0.03783176635327065,0.004841396778870692,interpolado
0.03793158631726345,0.006133912225970354,interpolado
0.038,0.006839,original
0.03813122624524904,0.007712701915896948,interpolado
0.038231046209241844,0.007995831812469078,interpolado
0.03833086617323465,0.00799922584263017,interpolado
0.03843068613722745,0.0077680295730473085,interpolado
0.03853050610122025,0.007347388570387575,interpolado
0.03863032606521305,0.006782448401318013,interpolado
0.038730146029205846,0.006118354632505788,interpolado
0.038829965993198635,0.0054002528306179454,interpolado
0.03892978595719144,0.004673288562321574,interpolado
0.039,0.004181,original
0.039129425885177045,0.0033565777836572952,interpolado
0.03922924584916984,0.0027974460962511454,interpolado
0.03932906581316264,0.0023039767405990336,interpolado
0.039428885777155434,0.0018751349371337988,interpolado
0.03952870574114822,0.0015098859062883216,interpolado
0.039628525705141034,0.0012071948684954806,interpolado
0.03972834566913384,0.0009660270441881566,interpolado
0.03982816563312663,0.0007853476537992187,interpolado
0.03992798559711943,0.0006641219177615711,interpolado
0.04,0.000613,original
0.040127625525105015,0.0005929340412765775,interpolado
0.040227445489097825,0.0006300750368049751,interpolado
0.04032726545309062,0.0007031803654307144,interpolado
0.040427085417083425,0.0008027229421427595,interpolado
0.04052690538107623,0.0009191756819300518,interpolado
0.04062672534506901,0.0010430114997815538,interpolado
0.04072654530906182,0.0011647033106862215,interpolado
0.04082636527305462,0.0012747240296330105,interpolado
0.040926185237047406,0.0013635465716108775,interpolado
0.041,0.00141,original
0.04112582516503301,0.001444432423304485,interpolado
0.0412256451290258,0.0014360659181467531,interpolado
0.041325465093018605,0.0014018706433100699,interpolado
0.04142528505701141,0.0013471292619391874,interpolado
0.04152510502100421,0.0012771244371788536,interpolado
0.041624924984997015,0.001197138832173832,interpolado
0.041724744948989805,0.00111245511006887,interpolado
0.04182456491298261,0.0010283559340087218,interpolado
0.0419243848769754,0.0009501239671381394,interpolado
0.042,0.000898,original
0.04212402480496101,0.0008291650803233066,interpolado
0.0422238447689538,0.0007844845365112602,interpolado
0.0423236647329466,0.0007441638724183725,interpolado
0.0424234846969394,0.0007033907082558307,interpolado
0.042523304660932196,0.0006573526642348224,interpolado
0.04262312462492499,0.0006012373605665345,interpolado
0.04272294458891779,0.0005302324174621491,interpolado
0.042822764552910585,0.0004395254551328632,interpolado
0.04292258451690339,0.0003243040937898599,interpolado
0.043,0.000215,original
0.04312222444488898,6.0877269117196604e-06,interpolado
0.04322204440888176,-0.00018647695724121767,interpolado
0.04332186437287459,-0.0003863154543264812,interpolado
0.04342168433686737,-0.0005818360337607,interpolado
0.043521504300860166,-0.0007614469649605468,interpolado
0.043621324264852976,-0.0009135565173426811,interpolado
0.04372114422884576,-0.0010265729603237597,interpolado
0.04382096419283857,-0.001088904563320443,interpolado
0.04392078415683137,-0.001088959595749385,interpolado
0.044,-0.001037,original
0.044120424084816964,-0.0008659701481024259,interpolado
0.044220244048809754,-0.0006613168921520186,interpolado
0.04432006401280256,-0.00042414873053721054,interpolado
0.04441988397679535,-0.00017737726149492635,interpolado
0.044519703940788156,5.6085916737921946e-05,interpolado
0.04461952390478095,0.00025332920592437667,interpolado
0.04471934386877376,0.00039144100782752836,interpolado
0.044819163832766545,0.0004475097242104515,interpolado
0.044918983796759356,0.00039862375683622127,interpolado
0.045,0.000266,original
0.04511862372474495,-9.042684063590438e-05,interpolado
0.04521844368873775,-0.0005117620204277534,interpolado
0.04531826365273055,-0.0010105297417778829,interpolado
0.045418083616723344,-0.0015551863840238221,interpolado
0.04551790358071613,-0.0021141883265031005,interpolado
0.04561772354470895,-0.0026559919485532844,interpolado
0.04571754350870173,-0.0031490536295118244,interpolado
0.045817363472694536,-0.003561829748716293,interpolado
0.045917183436687325,-0.0038627766855042164,interpolado
0.046,-0.004005,original
0.046116823364672925,-0.004019107743440831,interpolado
0.04621664332866572,-0.0038818780734474192,interpolado
0.046316463292658525,-0.0036374264260103507,interpolado
0.04641628325665133,-0.003314467778919376,interpolado
0.04651610322064412,-0.0029417171099642447,interpolado
0.04661592318463692,-0.002547889396934713,interpolado
0.046715743148629724,-0.0021616996176205337,interpolado
0.04681556311262252,-0.0018118627498114356,interpolado
0.046915383076615316,-0.0015270937712972238,interpolado
0.047,-0.001358,original
0.04711502300460093,-0.0012573304475468174,interpolado
0.04721484296859371,-0.0012832968200814994,interpolado
0.04731466293258652,-0.0014023501628174883,interpolado
0.047414482896579326,-0.0016028576190044892,interpolado
0.047514302860572115,-0.0018731863318921607,interpolado
0.04761412282456492,-0.0022017034447302025,interpolado
0.047713942788557714,-0.002576776100768303,interpolado
0.04781376275255052,-0.0029867714432561493,interpolado
0.047913582716543314,-0.003420056615443429,interpolado
0.048,-0.003805,original
0.048113222644528914,-0.004309690442461358,interpolado
0.04821304260852171,-0.004741493315853277,interpolado
0.048312862572514506,-0.005147645126552872,interpolado
0.04841268253650731,-0.005515384075809959,interpolado
0.04851250250050011,-0.005831948364874372,interpolado
0.04861232246449291,-0.006084576194995883,interpolado
0.048712142428485705,-0.0062605057674243285,interpolado
0.0488119623924785,-0.006346975283409526,interpolado
0.0489117823564713,-0.006331222944201293,interpolado
0.049,-0.006222,original
0.049111422284456904,-0.0059502801228984836,interpolado
0.0492112422484497,-0.005599403173997914,interpolado
0.049311062212442504,-0.005170800937500184,interpolado
0.0494108821764353,-0.004687408903988356,interpolado
0.04951070214042809,-0.004172162564045485,interpolado
0.049610522104420886,-0.0036479974082546363,interpolado
0.04971034206841369,-0.0031378489271988337,interpolado
0.04981016203240649,-0.0026646526114612093,interpolado
0.049909981996399296,-0.002251343951624788,interpolado
0.05,-0.001949,original
0.05010962192438488,-0.0016879575516987899,interpolado
0.05020944188837768,-0.0015430911094069172,interpolado
0.05030926185237049,-0.0014721593825131889,interpolado
0.05040908181636328,-0.0014610684857508049,interpolado
0.05050890178035608,-0.0014957245338529507,interpolado
0.05060872174434887,-0.0015620336415528167,interpolado
0.05070854170834167,-0.0016459019235835963,interpolado
0.05080836167233446,-0.0017332354946784792,interpolado
0.050908181636327265,-0.0018099404695706635,interpolado
0.051,-0.001859,original
0.051107821564312865,-0.0018794527820503377,interpolado
0.051207641528305654,-0.0018665108800402174,interpolado
0.05130746149229845,-0.0018297801401329567,interpolado
0.051407281456291254,-0.001775941662020343,interpolado
0.05150710142028405,-0.001711676545394173,interpolado
0.05160692138427685,-0.001643665889946235,interpolado
0.05170674134826966,-0.001578590795368319,interpolado
0.05180656131226244,-0.0015231323613522155,interpolado
0.051906381276255235,-0.001483971687589715,interpolado
0.052,-0.001468,original
0.05210602120424085,-0.0014739805268784993,interpolado
0.052205841168233645,-0.001477754146703498,interpolado
0.05230566113222645,-0.0014492978918750862,interpolado
0.05240548109621924,-0.0013588003792829027,interpolado
0.05250530106021204,-0.0011764502258165884,interpolado
0.05260512102420484,-0.0008724360483657566,interpolado
0.05270494098819765,-0.00041694646382008766,interpolado
0.052804760952190444,0.00021982991093079385,interpolado
0.052904580916183254,0.0010677044589972495,interpolado
0.053,0.002103,original
0.05310422084416883,0.003493616550403481,interpolado
0.05320404080816165,0.005008115656394542,interpolado
0.05330386077215444,0.006611833427500501,interpolado
0.053403680736147235,0.008216619094596173,interpolado
0.05350350070014003,0.009734321888556266,interpolado
0.05360332066413282,0.011076791040255496,interpolado
0.05370314062812563,0.012155875780568575,interpolado
0.053802960592118435,0.012883425340370246,interpolado
0.053902780556111224,0.013171288950535116,interpolado
0.054,0.012945,original
0.05410242048409682,0.012113219486735036,interpolado
0.05420224044808961,0.01080677940418263,interpolado
0.05430206041208242,0.0091341614206956,interpolado
0.05440188037607522,0.007217530742892198,interpolado
0.054501700340068016,0.005179052577390345,interpolado
0.05460152030406081,0.0031408921308080616,interpolado
0.054701340268053615,0.0012252146097633727,interpolado
0.05480116023204642,-0.0004458147791256979,interpolado
0.054900980196039215,-0.0017500308292412103,interpolado
0.055,-0.002561,original
0.055100620124024814,-0.002808604932833114,interpolado
0.05520044008801761,-0.0025503596761339282,interpolado
0.055300260052010414,-0.001898251739359801,interpolado
0.05540008001600321,-0.0009600002782681804,interpolado
0.05549989997999602,0.00015667555138357747,interpolado
0.05559971994398881,0.0013440565938378636,interpolado
0.05569953990798162,0.002494423693337311,interpolado
0.05579935987197441,0.0035000576941244723,interpolado
0.055899179835967205,0.004253239440441908,interpolado
0.056,0.004648,original
0.056098819763952805,0.004603408151585248,interpolado
0.056198639727945615,0.00418109948929542,interpolado
0.056298459691938404,0.0034697325013697934,interpolado
0.056398279655931194,0.0025597159327356957,interpolado
0.056498099619924,0.001541458528320459,interpolado
0.05659791958391678,0.0005053690330514123,interpolado
0.05669773954790959,-0.0004581438081441766,interpolado
0.056797559511902386,-0.0012586712503388367,interpolado
0.05689737947589518,-0.0018058045486053134,interpolado
0.057,-0.002009,original
0.05709701940388077,-0.0018034755244627852,interpolado
0.05719683936787358,-0.0012333897796305774,interpolado
0.057296659331866374,-0.0003732859738692656,interpolado
0.057396479295859164,0.0007024270358260786,interpolado
0.057496299259851974,0.0019193403924605565,interpolado
0.05759611922384477,0.003203045239039216,interpolado
0.05769593918783757,0.0044791327185671114,interpolado
0.05779575915183038,0.005673193974049367,interpolado
0.05789557911582317,0.0067108201484908725,interpolado
0.058,0.007548,original
0.058095219043808766,0.008035721106530612,interpolado
0.05819503900780156,0.008283567115299652,interpolado
0.058294858971794365,0.008301402259938261,interpolado
0.05839467893578716,0.008129490260682368,interpolado
0.05849449889977996,0.007808094837767947,interpolado
0.05859431886377275,0.007377479711430935,interpolado
0.058694138827765543,0.0068779086019072865,interpolado
0.05879395879175835,0.006349645229432945,interpolado
0.05889377875575114,0.005832953314243856,interpolado
0.059,0.005341,original
0.059093418683736736,0.004987446700408301,interpolado
0.05919323864772953,0.004685092968084562,interpolado
0.059293058611722335,0.004443533108873841,interpolado
0.05939287857571514,0.004245262312895217,interpolado
0.059492698539707935,0.004072775770267767,interpolado
0.05959251850370074,0.003908568671110559,interpolado
0.05969233846769355,0.003735136205542693,interpolado
0.05979215843168634,0.0035349735636832336,interpolado
0.05989197839567914,0.0032905759356512618,interpolado
0.06,0.002956,original
0.06009161832366474,0.0026040240105522777,interpolado
0.060191438287657544,0.0021622439806952658,interpolado
0.06029125825165034,0.001680137605961028,interpolado
0.06039107821564312,0.001178747633969817,interpolado
0.06049089817963593,0.0006791168123419179,interpolado
0.060590718143628736,0.00020228788869761192,interpolado
0.06069053810762152,-0.0002306963893428168,interpolado
0.06079035807161433,-0.0005987932741591079,interpolado
0.06089017803560712,-0.0008809600181309267,interpolado
0.061,-0.001067,original
0.06108981796359272,-0.0011078168377009082,interpolado
0.06118963792758553,-0.001043662740962487,interpolado
0.06128945789157832,-0.000879578789169819,interpolado
0.06138927785557113,-0.0006314583811788043,interpolado
0.061489097819563916,-0.0003151949158453113,interpolado
0.06158891778355671,5.331820797478348e-05,interpolado
0.06168873774754952,0.0004581875914256033,interpolado
0.06178855771154231,0.0008835198356512713,interpolado
0.06188837767553511,0.0013134215417959403,interpolado
0.062,0.00178,original
0.0620880176035207,0.0021239149024576518,interpolado
0.06218783756751352,0.002477005237427359,interpolado
0.062287657531506314,0.0027802341824281532,interpolado
0.062387477495499104,0.003022566942463878,interpolado
0.06248729745949191,0.003192968722538384,interpolado
0.0625871174234847,0.0032804047276554886,interpolado
0.06268693738747752,0.003273840162819055,interpolado
0.06278675735147032,0.0031622402330329057,interpolado
0.0628865773154631,0.0029345701433009202,interpolado
0.063,0.002521,original
0.0630862172434487,0.002090182652390622,interpolado
0.0631860372074415,0.0014779681790515137,interpolado
0.06328585717143427,0.0007628538323686849,interpolado
0.06338567713542709,-3.544526456093728e-05,interpolado
0.06348549709941989,-0.0008972139886401346,interpolado
0.06358531706341268,-0.0018027372167716516,interpolado
0.06368513702740548,-0.002732299825858616,interpolado
0.06378495699139829,-0.00366618669280365,interpolado
0.06388477695539109,-0.004584682694509885,interpolado
0.064,-0.0056,original
0.06408441688337667,-0.006295961366029995,interpolado
0.06418423684736949,-0.007043602865543658,interpolado
0.06428405681136226,-0.007684538137318139,interpolado
0.06438387677535506,-0.008192303979878949,interpolado
0.06448369673934787,-0.008540437191751312,interpolado
0.06458351670334066,-0.00870247457146055,interpolado
0.06468333666733346,-0.008651952917532032,interpolado
0.06478315663132625,-0.008362409028491105,interpolado
0.06488297659531905,-0.007807379702863018,interpolado
0.065,-0.006783,original
0.06508261652330465,-0.005804805084286911,interpolado
0.06518243648729745,-0.004390199546254737,interpolado
0.06528225645129025,-0.0027936729419419473,interpolado
0.06538207641528304,-0.001092401511678556,interpolado
0.06548189637927584,0.0006364385042045193,interpolado
0.06558171634326866,0.0023156708653773008,interpolado
0.06568153630726145,0.003868119331509081,interpolado
0.06578135627125424,0.005216607662269228,interpolado
0.06588117623524704,0.006283959617327654,interpolado
0.066,0.007081,original
0.06608081616323264,0.007279558730065645,interpolado
0.06618063612722544,0.007172703771017689,interpolado
0.06628045609121826,0.0067421716661478755,interpolado
0.06638027605521105,0.00605786915564595,interpolado
0.06648009601920384,0.005189702979701793,interpolado
0.06657991598319665,0.004207579878504914,interpolado
0.06667973594718946,0.003181406592245313,interpolado
0.06677955591118223,0.002181089861112452,interpolado
0.06687937587517505,0.0012765364252962283,interpolado
0.067,0.000411,original
0.06707901580316065,2.6158043635110756e-05,interpolado
0.06717883576715343,-0.0002584098874357183,interpolado
0.06727865573114623,-0.0003450454586538011,interpolado
0.06737847569513902,-0.00026289281373894626,interpolado
0.06747829565913181,-4.109609641105748e-05,interpolado
0.06757811562312463,0.00029120054961006756,interpolado
0.06767793558711742,0.0007048529806044815,interpolado
0.06777775555111022,0.0011707170528524387,interpolado
0.067877575515103,0.0016596486226339543,interpolado
0.068,0.002248,original
0.0680772154430886,0.002591231604576842,interpolado
0.06817703540708141,0.0029865911263531946,interpolado
0.06827685537107421,0.003313590593330737,interpolado
0.06837667533506701,0.003557265932129551,interpolado
0.06847649529905982,0.0037026530693698755,interpolado
0.06857631526305262,0.0037347879316718393,interpolado
0.06867613522704541,0.0036387064456556333,interpolado
0.06877595519103821,0.0033994445379414047,interpolado
0.06887577515503102,0.0030020381351493885,interpolado
0.069,0.002264,original
0.06907541508301662,0.001677985353914426,interpolado
0.06917523504700944,0.0007746635700810116,interpolado
0.06927505501100223,-0.00022331817935243594,interpolado
0.069374874974995,-0.0012606647546656333,interpolado
0.06947469493898781,-0.002282081016138731,interpolado
0.0695745149029806,-0.003232271824051323,interpolado
0.06967433486697341,-0.004055942038683541,interpolado
0.06977415483096622,-0.0046977965203151015,interpolado
0.069873974794959,-0.00510254012922583,interpolado
0.07,-0.005189,original
0.0700736147229446,-0.004988095711721835,interpolado
0.07017343468693742,-0.00445337661962136,interpolado
0.07027325465093019,-0.003683411511423133,interpolado
0.07037307461492301,-0.002751278560366698,interpolado
0.07047289457891581,-0.0017300559396919144,interpolado
0.07057271454290859,-0.0006928218226386887,interpolado
0.0706725345069014,0.000287345617553508,interpolado
0.0707723544708942,0.0011373682076446618,interpolado
0.070872174434887,0.0017841677743952505,interpolado
0.071,0.002199,original
0.07107181436287258,0.0021846335318243286,interpolado
0.07117163432686538,0.001895239839978911,interpolado
0.07127145429085818,0.0013554539351744318,interpolado
0.07137127425485096,0.0006347694485613494,interpolado
0.07147109421884378,-0.00019731998870965164,interpolado
0.07157091418283656,-0.0010713207454878288,interpolado
0.07167073414682937,-0.001917739190622811,interpolado
0.07177055411082216,-0.002667081692963762,interpolado
0.07187037407481495,-0.0032498546213602765,interpolado
0.072,-0.003644,original
0.07207001400280055,-0.0036450565371935768,interpolado
0.07216983396679336,-0.003408574444121704,interpolado
0.07226965393078615,-0.002944673768269721,interpolado
0.07236947389477896,-0.002311476464314495,interpolado
0.07246929385877175,-0.001567104486933181,interpolado
0.07256911382276457,-0.0007696797908025647,interpolado
0.07266893378675736,2.267566940025953e-05,interpolado
0.07276875375075015,0.0007518399389981987,interpolado
0.07286857371474297,0.0013596910633144627,interpolado
0.073,0.001877,original
0.07306821364272856,0.0019849019917567287,interpolado
0.07316803360672133,0.001962874655025567,interpolado
0.07326785357071416,0.0017749164172055443,interpolado
0.07336767353470694,0.0014745090871762536,interpolado
0.07346749349869973,0.001115134473817351,interpolado
0.07356731346269255,0.0007502743860083364,interpolado
0.07366713342668534,0.00043341063262889736,interpolado
0.07376695339067814,0.00021802502255854504,interpolado
0.07386677335467094,0.00015759936467693234,interpolado
0.074,0.000411,original
0.07406641328265653,0.0007096079869914198,interpolado
0.07416623324664931,0.0013476396358806796,interpolado
0.07426605321064211,0.002152792326053679,interpolado
0.07436587317463492,0.003057391058850455,interpolado
0.0744656931386277,0.003993760835610991,interpolado
0.07456551310262051,0.004894226657675666,interpolado
0.07466533306661333,0.005691113526384368,interpolado
0.07476515303060613,0.006316746443077427,interpolado
0.07486497299459892,0.00670345040909481,interpolado
0.075,0.006726,original
0.07506461292258453,0.006495611460218106,interpolado
0.07516443288657731,0.005856085252712984,interpolado
0.07526425285057012,0.004934334465824112,interpolado
0.07536407281456291,0.0038007312768040306,interpolado
0.07546389277855571,0.0025256478629047114,interpolado
0.07556371274254853,0.0011794564013786007,interpolado
0.07566353270654129,-0.00016747093052181343,interpolado
0.0757633526705341,-0.001444761955544617,interpolado
0.0758631726345269,-0.0025820444964371734,interpolado
0.076,-0.003785,original
0.0760628125625125,-0.004159441234294255,interpolado
0.0761626325265053,-0.0045255511902040435,interpolado
0.07626245249049812,-0.004640664361750945,interpolado
0.0763622724544909,-0.004539057654068201,interpolado
0.0764620924184837,-0.004255007972288992,interpolado
0.07656191238247648,-0.0038227922215466037,interpolado
0.0766617323464693,-0.0032766873069741253,interpolado
0.07676155231046208,-0.0026509701337048205,interpolado
0.07686137227445489,-0.0019799176068719987,interpolado
0.077,-0.001037,original
0.07706101220244047,-0.0006381896887387465,interpolado
0.07716083216643328,-2.424723984780191e-05,interpolado
0.07726065213042609,0.0005285921025424172,interpolado
0.07736047209441889,0.0010050861485645405,interpolado
0.07746029205841168,0.001389992708351392,interpolado
0.07756011202240448,0.0016680695920355576,interpolado
0.07765993198639728,0.0018240746097498077,interpolado
0.07775975195039009,0.001842765571626792,interpolado
0.07785957191438288,0.0017089002877992076,interpolado
0.078,0.001233,original
0.07805921184236847,0.0009248808891814388,interpolado
0.07815903180636126,0.0002850488401078135,interpolado
0.07825885177035408,-0.0004607445649163581,interpolado
0.07835867173434687,-0.001260226722095251,interpolado
0.07845849169833968,-0.002061125027632734,interpolado
0.07855831166233247,-0.002811166877732672,interpolado
0.07865813162632526,-0.003458079668599244,interpolado
0.07875795159031806,-0.003949590796436248,interpolado
0.07885777155431087,-0.004233427657447792,interpolado
0.079,-0.004176,original
0.07905741148229646,-0.003972493604090972,interpolado
0.07915723144628925,-0.0033881719109476642,interpolado
0.07925705141028205,-0.0025612148021605225,interpolado
0.07935687137427486,-0.001549897388839748,interpolado
0.07945669133826766,-0.0004124947820960438,interpolado
0.07955651130226044,0.0007927179069604724,interpolado
0.07965633126625327,0.0020074655672192073,interpolado
0.07975615123024606,0.003173473087569567,interpolado
0.07985597119423883,0.004232465356901441,interpolado
0.08,0.005454,original
0.08005561112222444,0.005798608182255105,interpolado
0.08015543108621725,0.0062349151181712486,interpolado
0.08025525105021003,0.006455618787558278,interpolado
0.08035507101420285,0.006482407659790658,interpolado
0.08045489097819564,0.006336970204242775,interpolado
0.08055471094218844,0.006040994890288991,interpolado
0.08065453090618122,0.005616170187303782,interpolado
0.08075435087017403,0.005084184564661431,interpolado
0.08085417083416682,0.00446672649173639,interpolado
0.081,0.003456,original
0.08105381076215243,0.003062206934508397,interpolado
0.08115363072614523,0.002319800005062922,interpolado
0.08125345069013802,0.001582214935277279,interpolado
0.08135327065413084,0.0008734405536276192,interpolado
0.08145309061812363,0.00021746568859007804,interpolado
0.08155291058211642,-0.0003617208313594809,interpolado
0.08165273054610922,-0.0008401301777448539,interpolado
0.08175255051010202,-0.0011937735220901272,interpolado
0.0818523704740948,-0.0013986620359191615,interpolado
0.082,-0.001378,original
0.0820520104020804,-0.0012679260525653073,interpolado
0.08215183036607318,-0.0009233709463741678,interpolado
0.082251650330066,-0.000444222929591091,interpolado
0.08235147029405879,0.0001211109110023728,interpolado
0.08245129025805162,0.0007242234886249479,interpolado
0.08255111022204441,0.0013167077164951274,interpolado
0.08265093018603718,0.0018501565078314075,interpolado
0.08275075015003001,0.0022761627758525085,interpolado
0.08285057011402278,0.0025463194337768903,interpolado
0.083,0.002554,original
0.08305021004200841,0.0024274221607777343,interpolado
0.08315003000600119,0.001990086659407617,interpolado
0.083249849969994,0.001342622872798857,interpolado
0.08334966993398678,0.0005293376959300952,interpolado
0.0834494898979796,-0.00040546197622042364,interpolado
0.08354930986197237,-0.0014174692486739796,interpolado
0.0836491298259652,-0.0024623772264523863,interpolado
0.08374894978995802,-0.0034958790145770318,interpolado
0.0838487697539508,-0.00447366771806931,interpolado
0.08394858971794358,-0.0053514364419510255,interpolado
0.084,-0.00575,original
0.08414822964592919,-0.00666135969424841,interpolado
0.08424804960992202,-0.007089977763418829,interpolado
0.0843478695739148,-0.007385564137130492,interpolado
0.08444768953790761,-0.007561847175379902,interpolado
0.08454750950190039,-0.007632555238163422,interpolado
0.08464732946589319,-0.007611416685477492,interpolado
0.084747149429886,-0.007512159877318535,interpolado
0.08484696939387879,-0.007348513173682937,interpolado
0.0849467893578716,-0.00713420493456713,interpolado
0.085,-0.007004,original
0.0851464292858572,-0.006607707875704776,interpolado
0.08524624924984998,-0.006320745038728873,interpolado
0.08534606921384277,-0.006034238790116083,interpolado
0.08544588917783558,-0.005760379014838483,interpolado
0.08554570914182837,-0.005511355597868145,interpolado
0.08564552910582116,-0.005299358424177032,interpolado
0.08574534906981393,-0.005136577378737239,interpolado
0.08584516903380673,-0.005035202346520761,interpolado
0.08594498899779954,-0.0050074232124996555,interpolado
0.086,-0.005028,original
0.08614462892578514,-0.005204280736874408,interpolado
0.08624444888977793,-0.005404843454518856,interpolado
0.08634426885377072,-0.005645005022119096,interpolado
0.08644408881776354,-0.00590316192245746,interpolado
0.0865439087817563,-0.006157710638316407,interpolado
0.08664372874574912,-0.006387047652478294,interpolado
0.08674354870974194,-0.006569569447725494,interpolado
0.08684336867373474,-0.006683672506840439,interpolado
0.08694318863772751,-0.006707753312605501,interpolado
0.087,-0.006673,original
0.08714282856571313,-0.006421790519498526,interpolado
0.08724264852970592,-0.006133447116541513,interpolado
0.08734246849369873,-0.005779973974295558,interpolado
0.08744228845769153,-0.005385556516089537,interpolado
0.08754210842168433,-0.004974380165252127,interpolado
0.08764192838567711,-0.004570630345112214,interpolado
0.08774174834966993,-0.004198492478998476,interpolado
0.08784156831366274,-0.0038821519902397534,interpolado
0.0879413882776555,-0.0036457943021648573,interpolado
0.088,-0.003554,original
0.08814102820564113,-0.003485055954612371,interpolado
0.08824084816963391,-0.003535377745929989,interpolado
0.08834066813362672,-0.0036355601131525133,interpolado
0.08844048809761951,-0.003757209496943495,interpolado
0.08854030806161234,-0.003871932337966539,interpolado
0.0886401280256051,-0.003951335076885189,interpolado
0.08873994798959792,-0.003967024154363038,interpolado
0.0888397679535907,-0.003890606011063658,interpolado
0.08893958791758352,-0.0036936870876505988,interpolado
0.089,-0.003504,original
0.08913922784556912,-0.0028550639954544846,interpolado
0.0892390478095619,-0.002249308476598699,interpolado
0.0893388677735547,-0.0015698803556205363,interpolado
0.0894386877375475,-0.0008553658265332681,interpolado
0.08953850770154032,-0.00014435108335044834,interpolado
0.08963832766553308,0.0005245776799143676,interpolado
0.08973814762952591,0.0011128342692479083,interpolado
0.0898379675935187,0.0015818324906365544,interpolado
0.0899377875575115,0.0018929861500669772,interpolado
0.09,0.00199,original
0.09013742748549709,0.0019189828886389314,interpolado
0.0902372474494899,0.0016559339978707746,interpolado
0.09033706741348267,0.001253204968252229,interpolado
0.0904368873774755,0.0007447914694979509,interpolado
0.09053670734146826,0.00016468917132284386,interpolado
0.09063652730546108,-0.0004531062565584855,interpolado
0.09073634726945387,-0.0010745991444311889,interpolado
0.09083616723344669,-0.001665793822580416,interpolado
0.09093598719743949,-0.002192694621291563,interpolado
0.091,-0.002481,original
0.09113562712542508,-0.002935570664515006,interpolado
0.0912354470894179,-0.003141526724156329,interpolado
0.09133526705341068,-0.0032484182738853618,interpolado
0.09143508701740347,-0.0032651594249084306,interpolado
0.09153490698139627,-0.003200664288431826,interpolado
0.09163472694538909,-0.003063846975661827,interpolado
0.09173454690938186,-0.0028636215978047655,interpolado
0.09183436687337468,-0.0026089022660668827,interpolado
0.09193418683736748,-0.002308603091654499,interpolado
0.092,-0.00209,original
0.09213382676535305,-0.001606257667143425,interpolado
0.09223364672934586,-0.0012198340573461835,interpolado
0.09233346669333865,-0.0008196173256441818,interpolado
0.09243328665733146,-0.00041286833640845843,interpolado
0.09253310662132426,-6.8479540100565786e-06,interpolado
0.09263292658531705,0.0003911829571801494,interpolado
0.09273274654930984,0.0007739635327910652,interpolado
0.09283256651330266,0.0011342329084518105,interpolado
0.09293238647729546,0.0014647302197913431,interpolado
0.093,0.001668,original
0.09313202640528107,0.00200996170518582,interpolado
0.09323184636927385,0.0022190418917627307,interpolado
0.09333166633326664,0.0023849450351134853,interpolado
0.09343148629725945,0.002507143317295789,interpolado
0.09353130626125225,0.0025851089203674255,interpolado
0.09363112622524505,0.0026183140263861255,interpolado
0.09373094618923784,0.002606230817409644,interpolado
0.09383076615323063,0.0025483314754957296,interpolado
0.09393058611722344,0.002444088182702148,interpolado
0.094,0.002344,original
0.09413022604520904,0.0021013730841979946,interpolado
0.09423004600920182,0.0018861333868645665,interpolado
0.09432986597319462,0.0016654985634903623,interpolado
0.09442968593718742,0.001457625133704806,interpolado
0.09452950590118023,0.0012806696171372073,interpolado
0.09462932586517303,0.0011527885334169778,interpolado
0.09472914582916582,0.0010921384021734487,interpolado
0.09482896579315865,0.0011168757430360097,interpolado
0.09492878575715143,0.001245157075634004,interpolado
0.095,0.00141,original
0.09512842568513703,0.0018707523281988171,interpolado
0.09522824564912984,0.0023529722325380765,interpolado
0.09532806561312265,0.0029197191824476866,interpolado
0.09542788557711544,0.003549070933913974,interpolado
0.09552770554110825,0.00421910524292353,interpolado
0.09562752550510104,0.004907899865462596,interpolado
0.09572734546909382,0.005593532557517778,interpolado
0.09582716543308661,0.0062540810750753096,interpolado
0.09592698539707945,0.006867623174121797,interpolado
0.096,0.007274,original
0.09612662532506505,0.007869672114455963,interpolado
0.09622644528905783,0.008227994646940053,interpolado
0.0963262652530506,0.00847611272587251,interpolado
0.09642608521704342,0.008602900025584285,interpolado
0.09652590518103622,0.008597230220406194,interpolado
0.096625725145029,0.008447976984669143,interpolado
0.09672554510902182,0.008144013992703961,interpolado
0.09682536507301459,0.007674214918841602,interpolado
0.09692518503700741,0.00702745343741281,interpolado
0.097,0.00642,original
0.097124824964993,0.005181892125161093,interpolado
0.0972246449289858,0.004050260101074424,interpolado
0.09732446489297861,0.0028584263902594353,interpolado
0.0974242848569714,0.0016669224994007963,interpolado
0.0975241048209642,0.0005362799351838208,interpolado
0.09762392478495698,-0.0004729697957068089,interpolado
0.09772374474894979,-0.0013002951865859246,interpolado
0.09782356471294258,-0.0018851647307684643,interpolado
0.0979233846769354,-0.002167046921569591,interpolado
0.098,-0.00214,original
0.09812302460492098,-0.0016247290687250865,interpolado
0.0982228445689138,-0.000856939174035634,interpolado
0.09832266453290657,0.00013394533801661118,interpolado
0.09842248449689937,0.0012642123811038928,interpolado
0.09852230446089218,0.0024501498688978894,interpolado
0.09862212442488498,0.003608045715070903,interpolado
0.09872194438887777,0.0046541878332946015,interpolado
0.09882176435287057,0.005504864137241252,interpolado
0.09892158431686335,0.006076362540582659,interpolado
0.099,0.006275,original
0.09912122424484898,0.006091274204562461,interpolado
0.09922104420884174,0.0055472301089147125,interpolado
0.09932086417283456,0.004717761708703302,interpolado
0.09942068413682738,0.0036675482015237956,interpolado
0.09952050410082017,0.002461268784971885,interpolado
0.09962032406481298,0.0011636026566427464,interpolado
0.09972014402880577,-0.0001607709858677631,interpolado
0.09981996399279859,-0.0014471729449645017,interpolado
0.09991978395679138,-0.002630924023051769,interpolado
0.1,-0.003464,original
0.10011942388477699,-0.004453578295643268,interpolado
0.10021924384876978,-0.005054498800711577,interpolado
0.10031906381276257,-0.005461980554245928,interpolado
0.10041888377675537,-0.005687801047527401,interpolado
0.10051870374074814,-0.005743737771837249,interpolado
0.10061852370474098,-0.005641568218456628,interpolado
0.10071834366873375,-0.005393069878666775,interpolado
0.10081816363272657,-0.005010020243748815,interpolado
0.10091798359671933,-0.0045041968049840475,interpolado
0.101,-0.004005,original
0.10111762352470495,-0.003175677862636293,interpolado
0.10121744348869774,-0.0023952733414949303,interpolado
0.10131726345269051,-0.0015738689077516917,interpolado
0.1014170834166833,-0.0007391549313761704,interpolado
0.10151690338067614,8.117821766249598e-05,interpolado
0.10161672334466891,0.0008594401693947176,interpolado
0.10171654330866171,0.0015679405538513394,interpolado
0.1018163632726545,0.0021789890010628786,interpolado
0.1019161832366473,0.0026648951410599042,interpolado
0.102,0.002956,original
0.10211582316463289,0.003163657600140231,interpolado
0.1022156431286257,0.0031796507831326807,interpolado
0.1023154630926185,0.003068754577106865,interpolado
0.10241528305661132,0.00285374074997727,interpolado
0.10251510302060411,0.0025573810696582853,interpolado
0.1026149229845969,0.00220244730406444,interpolado
0.10271474294858972,0.001811711221110084,interpolado
0.10281456291258251,0.0014079445887097148,interpolado
0.10291438287657531,0.0010139191747778385,interpolado
0.103,0.000701,original
0.1031140228045609,0.0003401896597534182,interpolado
0.1032138427685537,7.849920852656099e-05,interpolado
0.1033136627325465,-0.00013401527215947434,interpolado
0.1034134826965393,-0.0002986928726439309,interpolado
0.10351330266053212,-0.00041687268326596013,interpolado
0.10361312262452489,-0.0004898937943647393,interpolado
0.10371294258851771,-0.0005190952962794731,interpolado
0.10381276255251048,-0.0005058162793493369,interpolado
0.10391258251650332,-0.0004513958339135118,interpolado
0.104,-0.000371,original
0.10411222244448887,-0.0002257518090365432,interpolado
0.10421204240848168,-6.320876398760049e-05,interpolado
0.10431186237247447,0.00012377477663389201,interpolado
0.10441168233646726,0.00032851921190709326,interpolado
0.10451150230046007,0.0005443449409110555,interpolado
0.10461132226445288,0.0007645723627249457,interpolado
0.10471114222844567,0.000982521876427841,interpolado
0.10481096219243846,0.0011915138810988197,interpolado
0.10491078215643128,0.0013848687758170476,interpolado
0.105,0.001539,original
0.10511042208441687,0.0016981358418067562,interpolado
0.10521024204840967,0.0018056055821576496,interpolado
0.10531006201240249,0.0018724656425853543,interpolado
0.10540988197639527,0.0018928653194314811,interpolado
0.10550970194038807,0.0018609539090376193,interpolado
0.1056095219043809,0.001770880707745352,interpolado
0.10570934186837369,0.001616795011896272,interpolado
0.1058091618323665,0.0013928461178320081,interpolado
0.1059089817963593,0.001093183321894091,interpolado
0.106,0.000749,original
0.10610862172434489,0.00024866426531225047,interpolado
0.10620844168833767,-0.0002807823402394597,interpolado
0.10630826165233048,-0.0008573149188801998,interpolado
0.10640808161632326,-0.0014618673403280669,interpolado
0.10650790158031605,-0.002075373474301143,interpolado
0.10660772154430888,-0.0026787671905177677,interpolado
0.10670754150830164,-0.003252982358695945,interpolado
0.10680736147229446,-0.0037789528485540026,interpolado
0.10690718143628726,-0.004237612529810025,interpolado
0.107,-0.004587,original
0.10710682136427284,-0.004879873857706533,interpolado
0.10720664132826564,-0.005041787933049503,interpolado
0.10730646129225846,-0.005091939931451466,interpolado
0.10740628125625123,-0.005026631402341486,interpolado
0.10750610122024404,-0.004842163895148626,interpolado
0.10760592118423686,-0.004534838959301973,interpolado
0.10770574114822967,-0.004100958144230673,interpolado
0.10780556111222246,-0.0035368229993636875,interpolado
0.10790538107621526,-0.0028387350741302555,interpolado
0.108,-0.00205,original
0.10810502100420086,-0.0010364890988671053,interpolado
0.10820484096819366,1.7708047331539615e-05,interpolado
0.10830466093218646,0.0011087742362608569,interpolado
0.10840448089617927,0.002185889468862643,interpolado
0.10850430086017206,0.003198233746079278,interpolado
0.10860412082416487,0.004094987068852695,interpolado
0.10870394078815766,0.004825329438124883,interpolado
0.10880376075215044,0.005338440854838132,interpolado
0.10890358071614323,0.005583501319934394,interpolado
0.109,0.005518,original
0.1091032206441288,0.005088469320445913,interpolado
0.10920304060812164,0.004371752347044867,interpolado
0.10930286057211444,0.003429618244245437,interpolado
0.1094026805361072,0.0023321445454102274,interpolado
0.10950250050010003,0.0011494087839013791,interpolado
0.10960232046409281,-4.851150691835931e-05,interpolado
0.10970214042808561,-0.001191538793686876,interpolado
0.10980196039207842,-0.0022095955430415574,interpolado
0.10990178035607122,-0.0030326042216198565,interpolado
0.11,-0.003584,original
0.11010142028405681,-0.0038347676402198765,interpolado
0.11020124024804961,-0.0037993119224369273,interpolado
0.11030106021204243,-0.003537606406629058,interpolado
0.11040088017603521,-0.0031031372718535607,interpolado
0.11050070014002804,-0.0025493906971678307,interpolado
0.11060052010402084,-0.001929852861629326,interpolado
0.11070034006801363,-0.001298009944295241,interpolado
0.1108001600320064,-0.0007073481242231089,interpolado
0.11089997999599922,-0.00021135358047012938,interpolado
0.111,0.000137,original
0.1110996199239848,0.0002967667372938145,interpolado
0.11119943988797762,0.0002867263700657854,interpolado
0.11129925985197038,0.00013785673742045657,interpolado
0.1113990798159632,-0.00011835182932991708,interpolado
0.11149889977995597,-0.0004504089988729742,interpolado
0.11159871974394879,-0.0008268244398965123,interpolado
0.1116985397079416,-0.0012161078210881908,interpolado
0.11179835967193437,-0.0015867688111356614,interpolado
0.11189817963592717,-0.0019073170787267313,interpolado
0.112,-0.00215,original
0.11209781956391278,-0.0022799433219506636,interpolado
0.11219763952790558,-0.0023179568270642616,interpolado
0.11229745949189837,-0.002278728864528062,interpolado
0.11239727945589116,-0.002180685557936494,interpolado
0.11249709941988396,-0.002042253030884023,interpolado
0.11259691938387677,-0.0018818574069650528,interpolado
0.11269673934786958,-0.0017179248097740417,interpolado
0.11279655931186239,-0.0015688813629054525,interpolado
0.11289637927585519,-0.0014531531899536845,interpolado
0.113,-0.001388,original
0.11309601920384078,-0.0013870916033611378,interpolado
0.11319583916783359,-0.0014200775836676397,interpolado
0.11329565913182639,-0.001450899661310563,interpolado
0.11339547909581918,-0.0014423326301518265,interpolado
0.11349529905981197,-0.001357151284053369,interpolado
0.11359511902380481,-0.0011581304168770932,interpolado
0.11369493898779758,-0.0008080448224849855,interpolado
0.11379475895179039,-0.0002696692947388741,interpolado
0.11389457891578318,0.0004942213724992827,interpolado
0.114,0.001587,original
0.11409421884376877,0.0028298732959696703,interpolado
0.11419403880776156,0.004357716620784415,interpolado
0.11429385877175437,0.006016210067524263,interpolado
0.11439367873574717,0.0077171776513808715,interpolado
0.11449349869973997,0.009372443387546817,interpolado
0.11459331866373275,0.010893831291213952,interpolado
0.11469313862772557,0.012193165377574212,interpolado
0.11479295859171834,0.013182269661820055,interpolado
0.11489277855571114,0.013772968159143336,interpolado
0.115,0.013863,original
0.11509241848369674,0.01343259264104688,interpolado
0.11519223844768953,0.012508209102590371,interpolado
0.11529205841168236,0.011213432035607821,interpolado
0.11539187837567515,0.0096577726380351,interpolado
0.11549169833966791,0.007950742107807317,interpolado
0.11559151830366074,0.006201851642860226,interpolado
0.11569133826765354,0.004520612441129599,interpolado
0.11579115823164633,0.0030165357005505116,interpolado
0.11589097819563912,0.0017991326190588959,interpolado
0.116,0.000926,original
0.11609061812362471,0.0006369764144861247,interpolado
0.11619043808761752,0.000726181510703429,interpolado
0.1162902580516103,0.0011512402428236086,interpolado
0.11639007801560312,0.001817836558101029,interpolado
0.11648989797959591,0.0026316544037903525,interpolado
0.11658971794358872,0.003498377727145853,interpolado
0.11668953790758153,0.0043236904754222535,interpolado
0.11678935787157434,0.0050132765958738985,interpolado
0.11688917783556708,0.0054728200357552145,interpolado
0.117,0.005599,original
0.11708881776355269,0.0053442399525017,interpolado
0.1171886377275455,0.004717011008797926,interpolado
0.1172884576915383,0.0037999713604264136,interpolado
0.11738827765553113,0.0026668119506703895,interpolado
0.1174880976195239,0.0013912237228134493,interpolado
0.11758791758351668,4.689762013926945e-05,interpolado
0.11768773754750952,-0.0012924754140690407,interpolado
0.1177875575115023,-0.0025532044365276447,interpolado
0.11788737747549512,-0.0036615985039534123,interpolado
0.118,-0.004637,original
0.11808701740348071,-0.005138123973659902,interpolado
0.11818683736747351,-0.005449754327912952,interpolado
0.11828665733146627,-0.005509339927057366,interpolado
0.11838647729545909,-0.005347399605706998,interpolado
0.11848629725945188,-0.004994452198475657,interpolado
0.11858611722344467,-0.00448101653997726,interpolado
0.11868593718743749,-0.0038376114648255005,interpolado
0.11878575715143025,-0.0030947558076343815,interpolado
0.11888557711542305,-0.0022829684030175315,interpolado
0.119,-0.001307,original
0.11908521704340864,-0.0005735413203280334,interpolado
0.11918503700740145,0.0002723886497429488,interpolado
0.11928485697139425,0.0010854170321093458,interpolado
0.11938467693538708,0.0018459447323297552,interpolado
0.11948449689937987,0.0025343726559623417,interpolado
0.11958431686337266,0.003131101708565669,interpolado
0.11968413682736548,0.0036165327956980066,interpolado
0.11978395679135825,0.003971066822917685,interpolado
0.11988377675535104,0.004175104695783174,interpolado
0.12,0.004197,original
0.12008341668333666,0.004059412387365066,interpolado
0.12018323664732943,0.0037530842608690987,interpolado
0.12028305661132226,0.003333305374490886,interpolado
0.12038287657531507,0.0028433646734690016,interpolado
0.12048269653930785,0.002326551103042061,interpolado
0.12058251650330064,0.0018261536084484592,interpolado
0.12068233646729346,0.0013854611349268645,interpolado
0.12078215643128627,0.0010477626277156941,interpolado
0.12088197639527908,0.0008563470320535579,interpolado
0.121,0.000878,original
0.12108161632326465,0.0010764218885888587,interpolado
0.12118143628725746,0.0014927309910957888,interpolado
0.12128125625125029,0.0020469492076838364,interpolado
0.12138107621524306,0.002682494194029504,interpolado
0.12148089617923587,0.003342783605809616,interpolado
0.12158071614322867,0.00397123509870073,interpolado
0.12168053610722147,0.004511266328379421,interpolado
0.12178035607121429,0.004906294950522486,interpolado
0.12188017603520707,0.005099738620806475,interpolado
0.122,0.004986,original
0.12207981596319266,0.004666424413447894,interpolado
0.12217963592718545,0.004028800648686334,interpolado
0.12227945589117825,0.003193113369599401,interpolado
0.12237927585517104,0.00223050356883361,interpolado
0.12247909581916386,0.0012121122390349984,interpolado
0.1225789157831566,0.0002090803728500032,interpolado
0.12267873574714942,-0.0007074510370749543,interpolado
0.12277855571114227,-0.0014663409980938246,interpolado
0.122878375675135,-0.0019964485175601077,interpolado
0.123,-0.00223,original
0.12307801560312064,-0.002097797450582245,interpolado
0.12317783556711343,-0.0016453340138527673,interpolado
0.12327765553110624,-0.0009492197967990674,interpolado
0.12337747549509903,-8.969526940144714e-05,interpolado
0.12347729545909181,0.0008529990983601636,interpolado
0.12357711542308461,0.001798622836505352,interpolado
0.12367693538707741,0.002666935475054213,interpolado
0.12377675535107023,0.0033776965440264384,interpolado
0.12387657531506302,0.003850665573441806,interpolado
0.124,0.003987,original
0.12407621524304864,0.0037737813107220483,interpolado
0.1241760352070414,0.003182309245653212,interpolado
0.12427585517103422,0.002305830383906206,interpolado
0.124375675135027,0.0012193313171787689,interpolado
0.12447549509901981,-2.2013628310024832e-06,interpolado
0.12457531506301257,-0.0012837810644249347,interpolado
0.1246751350270054,-0.0025504211959054036,interpolado
0.12477495499099822,-0.003727135165574086,interpolado
0.12487477495499101,-0.004738936381733322,interpolado
0.125,-0.00566,original
0.12507441488297663,-0.005976417846743613,interpolado
0.1251742348469694,-0.006144919703713366,interpolado
0.12527405481096218,-0.006065034123527305,interpolado
0.125373874774955,-0.005785792160744178,interpolado
0.12547369473894782,-0.005356224869922811,interpolado
0.12557351470294065,-0.004825363305622037,interpolado
0.1256733346669334,-0.004242238522400846,interpolado
0.1257731546309262,-0.003655881574817738,interpolado
0.125872974594919,-0.0031153235174316957,interpolado
0.126,-0.002571,original
0.1260726145229046,-0.0023631534893702663,interpolado
0.1261724344868974,-0.002197493620908021,interpolado
0.1262722544508902,-0.002150584846037473,interpolado
0.126372074414883,-0.0022001556260397106,interpolado
0.1264718943788758,-0.0023239344221957616,interpolado
0.12657171434286857,-0.002499649695786596,interpolado
0.12667153430686137,-0.002705029908093344,interpolado
0.12677135427085418,-0.0029178035203969864,interpolado
0.12687117423484698,-0.0031156989939785515,interpolado
0.127,-0.003313,original
0.12707081416283256,-0.0033797615543723542,interpolado
0.1271706341268254,-0.0034252731105741396,interpolado
0.12727045409081816,-0.0034240500237167864,interpolado
0.12737027405481097,-0.0033872997651855164,interpolado
0.1274700940188038,-0.003326229806365549,interpolado
0.12756991398279655,-0.0032520476186421246,interpolado
0.12766973394678935,-0.0031759606734004225,interpolado
0.12776955391078218,-0.0031091764420256803,interpolado
0.12786937387477496,-0.0030629023959031177,interpolado
0.128,-0.003052,original
0.12806901380276056,-0.0030752177704942486,interpolado
0.1281688337667533,-0.003137298914433533,interpolado
0.12826865373074614,-0.0032187525223161062,interpolado
0.12836847369473897,-0.0033036085349371,interpolado
0.12846829365873175,-0.0033758968930916434,interpolado
0.12856811362272455,-0.003419647537574863,interpolado
0.12866793358671735,-0.003418890409181917,interpolado
0.12876775355071016,-0.0033576554487079182,interpolado
0.12886757351470296,-0.0032199725969479995,interpolado
0.129,-0.002892,original
0.12906721344268854,-0.0026536607831124737,interpolado
0.12916703340668137,-0.0022234949610875666,interpolado
0.12926685337067417,-0.001727910466833266,interpolado
0.12936667333466698,-0.0011957034908238948,interpolado
0.12946649329865975,-0.0006556702235339227,interpolado
0.12956631326265253,-0.000136606855437366,interpolado
0.12966613322664536,0.0003326904229913046,interpolado
0.12976595319063816,0.0007234254212777663,interpolado
0.12986577315463096,0.0010068019489476972,interpolado
0.13,0.001168,original
0.13006541308261654,0.0011388362130044178,interpolado
0.13016523304660935,0.0009657794604023354,interpolado
0.13026505301060212,0.00065987260116711,interpolado
0.13036487297459495,0.00024650451723901294,interpolado
0.13046469293858773,-0.00024893590944154045,interpolado
0.13056451290258048,-0.0008010597969345573,interpolado
0.13066433286657328,-0.0013844782632996427,interpolado
0.1307641528305661,-0.0019738024265965244,interpolado
0.13086397279455894,-0.002543643404884933,interpolado
0.131,-0.003243,original
0.1310636127225445,-0.003524271347435408,interpolado
0.13116343268653727,-0.0038985070123407233,interpolado
0.1312632526505301,-0.004187803777695366,interpolado
0.1313630726145229,-0.004388821484687847,interpolado
0.13146289257851568,-0.0044982199745066676,interpolado
0.13156271254250848,-0.004512659088340404,interpolado
0.13166253250650128,-0.0044287986673775285,interpolado
0.1317623524704941,-0.004243298552806555,interpolado
0.13186217243448692,-0.003952818585816002,interpolado
0.132,-0.003373,original
0.13206181236247247,-0.0030450635684199368,interpolado
0.1321616323264653,-0.0024450087830782657,interpolado
0.1322614522904581,-0.0017881958579394023,interpolado
0.13236127225445085,-0.0011093163069473648,interpolado
0.13246109221844365,-0.00044306164404559856,interpolado
0.1325609121824365,0.0001758766168218789,interpolado
0.1326607321464293,0.0007128069617112359,interpolado
0.1327605521104221,0.0011330378766786443,interpolado
0.13286037207441484,0.0014018778477802225,interpolado
0.133,0.001458,original
0.13306001200240045,0.0013500790499779683,interpolado
0.13315983196639328,0.0010185058573362628,interpolado
0.13325965193038608,0.0005497540080479091,interpolado
0.13335947189437886,4.671654194544331e-06,interpolado
0.13345929185837166,-0.0005558930521426626,interpolado
0.13355911182236446,-0.001071091958882085,interpolado
0.13365893178635727,-0.0014800769139422412,interpolado
0.13375875175035007,-0.0017219997652416455,interpolado
0.1338585717143429,-0.001736012360698849,interpolado
0.134,-0.001247,original
0.13405821164232848,-0.0008415318120250003,interpolado
0.1341580316063213,0.00010550353425375083,interpolado
0.13425785157031406,0.0013026748164764888,interpolado
0.13435767153430683,0.0026711310763649883,interpolado
0.13445749149829964,0.0041320213556421985,interpolado
0.13455731146229247,0.0056064946960299325,interpolado
0.13465713142628524,0.007015700139250357,interpolado
0.13475695139027807,0.00828078672702565,interpolado
0.13485677135427082,0.009322903501077727,interpolado
0.135,0.010271,original
0.13505641128225646,0.010427188112129131,interpolado
0.13515623124624926,0.010415634823624993,interpolado
0.13525605121024206,0.01009278551738553,interpolado
0.13535587117423484,0.00952487468573489,interpolado
0.13545569113822764,0.008778136820997479,interpolado
0.13555551110222047,0.007918806415497635,interpolado
0.13565533106621325,0.007013117961559709,interpolado
0.13575515103020602,0.006127305951508288,interpolado
0.13585497099419885,0.005327604877667209,interpolado
0.136,0.004455,original
0.13605461092218443,0.004248370602090412,interpolado
0.13615443088617726,0.004037345253876101,interpolado
0.13625425085017004,0.0040014751067962056,interpolado
0.13635407081416284,0.004093301701772985,interpolado
0.13645389077815565,0.004265366579728743,interpolado
0.13655371074214845,0.0044702112815857495,interpolado
0.13665353070614122,0.004660377348266272,interpolado
0.13675335067013403,0.004788406320692563,interpolado
0.13685317063412686,0.004806839739786972,interpolado
0.137,0.004535,original
0.13705281056211244,0.004327313223351997,interpolado
0.13715263052610524,0.0037837483279296214,interpolado
0.13725245049009802,0.0030787330276441354,interpolado
0.13735227045409082,0.0022550467577882906,interpolado
0.13745209041808362,0.0013554689536554078,interpolado
0.13755191038207643,0.0004227790505386374,interpolado
0.1376517303460692,-0.0005002435162688729,interpolado
0.137751550310062,-0.0013708193114737427,interpolado
0.1378513702740548,-0.0021461688997833172,interpolado
0.138,-0.003032,original
0.13805101020204044,-0.003241286618124433,interpolado
0.13815083016603322,-0.0035044737107129166,interpolado
0.13825065013002602,-0.003583853148077408,interpolado
0.1383504700940188,-0.003491268320029672,interpolado
0.13845029005801163,-0.0032385626163815733,interpolado
0.1385501100220044,-0.002837579426944979,interpolado
0.1386499299859972,-0.002300162141531919,interpolado
0.13874974994999,-0.001638154149953957,interpolado
0.1388495699139828,-0.0008633988420230887,interpolado
0.13894938987797562,1.2260392448819801e-05,interpolado
0.139,0.000491,original
0.13914902980596117,0.002002597236866728,interpolado
0.139248849769954,0.0030502461718127797,interpolado
0.1393486697339468,0.0040780721277347675,interpolado
0.13944848969793958,0.005044807824296303,interpolado
0.1395483096619324,0.005909185981160996,interpolado
0.13964812962592518,0.006629939317992283,interpolado
0.13974794958991799,0.007165800554454178,interpolado
0.13984776955391082,0.007475502410210075,interpolado
0.13994758951790356,0.007517777604923581,interpolado
0.14,0.007419,original
0.14014722944588917,0.006689550294557061,interpolado
0.14024704940988197,0.005885199893400779,interpolado
0.14034686937387478,0.004900905812703709,interpolado
0.14044668933786755,0.003797444091417503,interpolado
0.14054650930186036,0.002635590768494144,interpolado
0.14064632926585316,0.0014761218828846254,interpolado
0.1407461492298459,0.00037981347354092306,interpolado
0.14084596919383874,-0.0005925584205853096,interpolado
0.14094578915783154,-0.001380217760542414,interpolado
0.141,-0.001709,original
0.14114542908581712,-0.002209318787294912,interpolado
0.14124524904980995,-0.002271865765858305,interpolado
0.14134506901380273,-0.0021498251086897197,interpolado
0.14144488897779556,-0.0018814185811177886,interpolado
0.14154470894178833,-0.0015048679484712523,interpolado
0.14164452890578116,-0.001058394976078523,interpolado
0.14174434886977394,-0.0005802214292683215,interpolado
0.14184416883376677,-0.00010856907336927459,interpolado
0.14194398879775955,0.0003183403262899874,interpolado
0.142,0.000524,original
0.14214362872574518,0.0009113360280805805,interpolado
0.14224344868973796,0.0010764302191650298,interpolado
0.14234326865373076,0.0011730481252852738,interpolado
0.14244308861772356,0.0012159241952149427,interpolado
0.14254290858171637,0.0012197928777276696,interpolado
0.14264272854570914,0.001199388621597082,interpolado
0.14274254850970194,0.0011694458755968043,interpolado
0.14284236847369475,0.0011446990885004664,interpolado
0.14294218843768755,0.001139882709081698,interpolado
0.143,0.001152,original
0.14314182836567316,0.001235049766773805,interpolado
0.14324164832966593,0.0013234654067776062,interpolado
0.14334146829365874,0.0014202139046414982,interpolado
0.14344128825765154,0.0015108930062325613,interpolado
0.14354110822164431,0.0015811004574179527,interpolado
0.14364092818563715,0.0016164340040647502,interpolado
0.14374074814962995,0.0016024913920400577,interpolado
0.14384056811362275,0.0015248703672109784,interpolado
0.14394038807761556,0.0013691686754446729,interpolado
0.144,0.001233,original
0.14414002800560116,0.0007819732419948353,interpolado
0.14423984796959394,0.0003702584530225135,interpolado
0.14433966793358677,-9.327826363830297e-05,interpolado
0.14443948789757952,-0.0005881350669290421,interpolado
0.1445393078615723,-0.0010938101157915514,interpolado
0.14463912782556507,-0.0015898015691672661,interpolado
0.1447389477895579,-0.0020556075859977548,interpolado
0.14483876775355073,-0.0024707263252245855,interpolado
0.14493858771754345,-0.0028146559457892426,interpolado
0.145,-0.002982,original
0.14513822764552908,-0.0032255763022386854,interpolado
0.1452380476095219,-0.0033094738569948248,interpolado
0.14533786757351466,-0.003340593498280175,interpolado
0.14543768753750744,-0.003340541675912844,interpolado
0.14553750750150027,-0.0033309248397109365,interpolado
0.14563732746549307,-0.0033333494394925563,interpolado
0.14573714742948587,-0.0033694219250758103,interpolado
0.14583696739347865,-0.0034607487462788057,interpolado
0.14593678735747145,-0.0036289363529195926,interpolado
0.146,-0.003785,original
0.14613642728545706,-0.00425704799109257,interpolado
0.14623624724944986,-0.004679498859578312,interpolado
0.14633606721344267,-0.005124669078430459,interpolado
0.14643588717743547,-0.005554772167799698,interpolado
0.14653570714142825,-0.005932021647836338,interpolado
0.14663552710542108,-0.0062186310386908115,interpolado
0.14673534706941385,-0.006376813860513551,interpolado
0.14683516703340668,-0.006368783633455016,interpolado
0.14693498699739949,-0.0061567538776656425,interpolado
0.147,-0.005891,original
0.1471346269253851,-0.005004876239685286,interpolado
0.1472344468893779,-0.004105370473046919,interpolado
0.14733426685337067,-0.00305364347904129,interpolado
0.14743408681736345,-0.0018983074008216588,interpolado
0.14753390678135628,-0.0006879743815421561,interpolado
0.14763372674534908,0.000528743435643367,interpolado
0.14773354670934186,0.0017032339075810506,interpolado
0.14783336667333463,0.0027868848911167575,interpolado
0.14793318663732744,0.003731084243097244,interpolado
0.148,0.004261,original
0.148132826565313,0.005029487820286447,interpolado
0.14823264652930587,0.005363405389560762,interpolado
0.14833246649329865,0.00549879246707672,interpolado
0.14843228645729142,0.005445119013286635,interpolado
0.14853210642128423,0.005211854988642679,interpolado
0.14863192638527706,0.004808470353597095,interpolado
0.14873174634926986,0.004244435068602119,interpolado
0.14883156631326264,0.00352921909411021,interpolado
0.14893138627725544,0.0026722923905732106,interpolado
0.149,0.002006,original
0.14913102620524105,0.0005825272607245387,interpolado
0.14923084616923382,-0.0005920326810473668,interpolado
0.14933066613322665,-0.0018008456373167802,interpolado
0.14943048609721943,-0.0030043555484139477,interpolado
0.14953030606121223,-0.004163006354669434,interpolado
0.14963012602520506,-0.005237241996413802,interpolado
0.14972994598919784,-0.006187506413977369,interpolado
0.14982976595319059,-0.006974243547691236,interpolado
0.14992958591718342,-0.007557897337885682,interpolado
0.15,-0.007826,original
0.15012922584516902,-0.007984480897723316,interpolado
0.1502290458091618,-0.007843750184737144,interpolado
0.1503288657731546,-0.0075114534139539375,interpolado
0.1504286857371474,-0.007022009216250708,interpolado
0.15052850570114024,-0.00640983622250446,interpolado
0.150628325665133,-0.005709353063592183,interpolado
0.15072814562912576,-0.004954978370391099,interpolado
0.1508279655931186,-0.00418113077377778,interpolado
0.1509277855571114,-0.0034222289046294267,interpolado
0.151,-0.002902,original
0.15112742548509703,-0.0020756493198643457,interpolado
0.1512272454490898,-0.0015153638519822435,interpolado
0.15132706541308263,-0.0010335826040653053,interpolado
0.15142688537707538,-0.0006321679574547755,interpolado
0.1515267053410682,-0.00031298229349173304,interpolado
0.15162652530506102,-7.788799351725521e-05,interpolado
0.15172634526905382,7.12525611275497e-05,interpolado
0.1518261652330466,0.00013257698910168638,interpolado
0.15192598519703943,0.00010422290906402377,interpolado
0.152,2.42e-05,original
0.15212562512502495,-0.0002217669520131233,interpolado
0.15222544508901778,-0.000495902196129346,interpolado
0.1523252650530106,-0.000818195288376542,interpolado
0.15242508501700336,-0.00116882615895353,interpolado
0.1525249049809962,-0.0015279747380591317,interpolado
0.15262472494498897,-0.0018758209558920724,interpolado
0.1527245449089818,-0.002192544742651371,interpolado
0.1528243648729746,-0.0024583260285357474,interpolado
0.15292418483696738,-0.002653344743744021,interpolado
0.153,-0.002742,original
0.15312382476495298,-0.0027636812271095946,interpolado
0.15322364472894576,-0.002685543898446443,interpolado
0.15332346469293856,-0.0025409364822839044,interpolado
0.15342328465693136,-0.0023473401685956932,interpolado
0.1535231046209242,-0.002122236147355527,interpolado
0.15362292458491694,-0.0018831056085371865,interpolado
0.1537227445489098,-0.001647429742114254,interpolado
0.15382256451290258,-0.001432689738060508,interpolado
0.1539223844768954,-0.0012563667863496662,interpolado
0.154,-0.001157,original
0.154122024404881,-0.0010797064142516323,interpolado
0.15422184436887376,-0.0010774867454367788,interpolado
0.15432166433286656,-0.0011165234730208173,interpolado
0.15442148429685937,-0.0011841123744404044,interpolado
0.15452130426085214,-0.0012675492271321984,interpolado
0.15462112422484495,-0.0013541298085328344,interpolado
0.15472094418883775,-0.0014311498960790203,interpolado
0.15482076415283055,-0.0014859052672073904,interpolado
0.15492058411682336,-0.0015056916993546026,interpolado
0.155,-0.001488,original
0.15512022404480894,-0.0013959389073377587,interpolado
0.15522004400880174,-0.0012674236929279663,interpolado
0.15531986397279454,-0.0011015587641675284,interpolado
0.15541968393678737,-0.0009076122815176995,interpolado
0.15551950390078015,-0.0006948524054397933,interpolado
0.15561932386477295,-0.0004725472963949441,interpolado
0.15571914382876575,-0.0002499651148444621,interpolado
0.15581896379275853,-3.63740212496012e-05,interpolado
0.15591878375675133,0.00015895782392838506,interpolado
0.156,0.000298,original
0.15611842368473697,0.0004629785211032238,interpolado
0.15621824364872974,0.0005753096565664032,interpolado
0.15631806361272255,0.0006732191771848778,interpolado
0.15641788357671535,0.0007661504050209265,interpolado
0.15651770354070813,0.0008635466621367997,interpolado
0.15661752350470093,0.000974851270594828,interpolado
0.1567173434686937,0.0011095075524572644,interpolado
0.15681716343268653,0.0012769588297863884,interpolado
0.15691698339667934,0.0014866484246444781,interpolado
0.157,0.0017,original
0.15711662332466492,0.002062340571868124,interpolado
0.15721644328865772,0.0024113191887750597,interpolado
0.15731626325265052,0.002773616949317277,interpolado
0.1574160832166433,0.003127919746158479,interpolado
0.1575159031806361,0.003452913471962289,interpolado
0.1576157231446289,0.0037272840193925947,interpolado
0.1577155431086217,0.003929717281113008,interpolado
0.1578153630726145,0.004038899149787236,interpolado
0.1579151830366073,0.004033515518079,interpolado
0.158,0.003923,original
0.1581148229645929,0.00360435998652285,interpolado
0.1582146429285857,0.0031858416727782632,interpolado
0.15831446289257853,0.0026570527526345003,interpolado
0.1584142828565713,0.0020383250743387727,interpolado
0.15851410282056413,0.001349990486137765,interpolado
0.1586139227845569,0.0006123808362786703,interpolado
0.15871374274854974,-0.00015417202699147893,interpolado
0.1588135627125425,-0.0009293362554256519,interpolado
0.1589133826765353,-0.0016927800007766058,interpolado
0.159,-0.00233,original
0.15911302260452093,-0.003101930432232102,interpolado
0.15921284256851373,-0.0037011336268514905,interpolado
0.1593126625325065,-0.004196287779280678,interpolado
0.15941248249649928,-0.0045619016597937805,interpolado
0.15951230246049208,-0.004772484038665201,interpolado
0.1596121224244849,-0.004802543686169013,interpolado
0.15971194238847772,-0.004626589372579411,interpolado
0.1598117623524705,-0.004219129868170591,interpolado
0.15991158231646324,-0.0035546739432169685,interpolado
0.16,-0.002731,original
0.16011122224444888,-0.0013762262570026977,interpolado
0.16021104220844165,7.559599632942835e-05,interpolado
0.16031086217243448,0.00167162788832907,interpolado
0.16041068213642726,0.003335786147594005,interpolado
0.16051050210042006,0.004991987502723414,interpolado
0.16061032206441286,0.006564148682315089,interpolado
0.16071014202840567,0.007976186414967267,interpolado
0.16080996199239847,0.009152017429277905,interpolado
0.16090978195639127,0.010015558453845917,interpolado
0.161,0.010464,original
0.16110942188437688,0.010533514324558298,interpolado
0.16120924184836968,0.01019590674303414,interpolado
0.16130906181236243,0.009547952898234032,interpolado
0.16140888177635526,0.008659680540959334,interpolado
0.16150870174034807,0.007601117422011921,interpolado
0.16160852170434087,0.006442291292193522,interpolado
0.1617083416683337,0.005253229902305878,interpolado
0.16180816163232645,0.004103961003151022,interpolado
0.16190798159631928,0.003064512345530038,interpolado
0.162,0.002264,original
0.16210762152430486,0.0015742297241127373,interpolado
0.16220744148829772,0.0011552865605362053,interpolado
0.16230726145229044,0.0009177707868504703,interpolado
0.16240708141628327,0.0008313789835868076,interpolado
0.1625069013802761,0.0008658077312767044,interpolado
0.16260672134426885,0.0009907536104515602,interpolado
0.1627065413082617,0.0011759132016427752,interpolado
0.16280636127225448,0.0013909830853816854,interpolado
0.16290618123624725,0.001605659842199818,interpolado
0.163,0.00178,original
0.1631058211642329,0.0019212437380684907,interpolado
0.1632056411282257,0.0020075810101108467,interpolado
0.16330546109221844,0.002061777685289362,interpolado
0.16340528105621127,0.002096958007323957,interpolado
0.16350510102020407,0.002126246219934507,interpolado
0.16360492098419685,0.002162766566840904,interpolado
0.16370474094818963,0.0022196432917630238,interpolado
0.16380456091218243,0.002310000638420787,interpolado
0.16390438087617523,0.002446962850534076,interpolado
0.164,0.002634,original
0.16410402080416084,0.0029034908374604073,interpolado
0.1642038407681536,0.0031956673403919075,interpolado
0.1643036607321464,0.0034818350523028127,interpolado
0.1644034806961392,0.0037236459842863107,interpolado
0.16450330066013202,0.0038827521474356663,interpolado
0.16460312062412483,0.003920805552844143,interpolado
0.1647029405881176,0.003799458211605067,interpolado
0.1648027605521104,0.003480362134811647,interpolado
0.1649025805161032,0.002925169333557154,interpolado
0.165,0.002119,original
0.16510222044408876,0.0009762245987914341,interpolado
0.16520204040808162,-0.00036192519137546466,interpolado
0.1653018603720744,-0.0018280736326404213,interpolado
0.1654016803360672,-0.003331377105527473,interpolado
0.16550150030006006,-0.004780991990561016,interpolado
0.16560132026405278,-0.006086074668265436,interpolado
0.1657011402280456,-0.007155781519164875,interpolado
0.1658009601920384,-0.00789926892378433,interpolado
0.1659007801560312,-0.008225693262647866,interpolado
0.166,-0.008047,original
0.16610042008401682,-0.0072979694606436045,interpolado
0.16620024004800957,-0.006063650914306378,interpolado
0.16630006001200237,-0.004450724221873834,interpolado
0.16639987997599523,-0.0025686583206979254,interpolado
0.166499699939988,-0.000526922148130312,interpolado
0.16659951990398078,0.0015650153584767486,interpolado
0.16669933986797358,0.003597685261772781,interpolado
0.1667991598319664,0.005461618624405537,interpolado
0.16689897979595922,0.00704734650902335,interpolado
0.167,0.008257,original
0.1670986197239448,0.008972752166645599,interpolado
0.16719843968793757,0.009256029765426905,interpolado
0.1672982596519304,0.009150279588290509,interpolado
0.1673980796159232,0.008710548496574677,interpolado
0.16749789957991598,0.007991883351617702,interpolado
0.16759771954390879,0.0070493310147581485,interpolado
0.16769753950790156,0.005937938347333757,interpolado
0.1677973594718944,0.004712752210683046,interpolado
0.16789717943588717,0.0034288194661442886,interpolado
0.168,0.002103,original
0.16809681936387277,0.0008996781650663464,interpolado
0.16819663932786558,-0.0002687501279901446,interpolado
0.16829645929185838,-0.0013433966280931287,interpolado
0.16839627925585118,-0.002303560214709271,interpolado
0.16849609921984396,-0.003128539767305241,interpolado
0.1685959191838368,-0.0037976341653475436,interpolado
0.16869573914782957,-0.004290142288303222,interpolado
0.1687955591118224,-0.004585363015638737,interpolado
0.1688953790758152,-0.004662595226820756,interpolado
0.169,-0.004487,original
0.1690950190038008,-0.00409094602494717,interpolado
0.16919483896779358,-0.0034712265599414417,interpolado
0.16929465893178638,-0.0026954050048136045,interpolado
0.1693944788957792,-0.0018169083326383196,interpolado
0.16949429885977196,-0.0008891635164905111,interpolado
0.16959411882376477,3.4402470555691174e-05,interpolado
0.1696939387877576,0.0009003626554253692,interpolado
0.1697937587517504,0.001655290065043861,interpolado
0.16989357871574312,0.0022457577263365045,interpolado
0.17,0.002634,original
0.17009321864372873,0.002732160716437627,interpolado
0.17019303860772153,0.002607622037435391,interpolado
0.17029285857171436,0.002283783395903167,interpolado
0.17039267853570716,0.0017997100170762859,interpolado
0.17049249849969994,0.001194467126190265,interpolado
0.17059231846369274,0.000507119948480091,interpolado
0.17069213842768555,-0.00022326629081874966,interpolado
0.17079195839167835,-0.0009576263664709248,interpolado
0.17089177835567113,-0.0016568950532411006,interpolado
0.171,-0.00233,original
0.17109141828365676,-0.002800195901751948,interpolado
0.17119123824764956,-0.003211159267523558,interpolado
0.17129105821164234,-0.00352502475837696,interpolado
0.17139087817563514,-0.003751924798697789,interpolado
0.17149069813962792,-0.003901991812871654,interpolado
0.17159051810362075,-0.00398535822528427,interpolado
0.1716903380676135,-0.004012156460321222,interpolado
0.1717901580316063,-0.003992518942368149,interpolado
0.1718899779955991,-0.003936578095810707,interpolado
0.172,-0.003845,original
0.1720896179235847,-0.0037548224120332175,interpolado
0.17218943788757748,-0.0036381513566646384,interpolado
0.1722892578515703,-0.003502203180219952,interpolado
0.17238907781556306,-0.003344725680350822,interpolado
0.1724888977795559,-0.0031634666547087796,interpolado
0.17258871774354867,-0.002956173900945481,interpolado
0.17268853770754145,-0.0027205952167125443,interpolado
0.1727883576715343,-0.0024544783996615863,interpolado
0.17288817763552702,-0.002155571247444312,interpolado
0.173,-0.001779,original
0.17308781756351269,-0.0014526486787524119,interpolado
0.17318763752750552,-0.0010617441042009047,interpolado
0.1732874574914983,-0.0006666660377041153,interpolado
0.1733872774554911,-0.0002851784823025811,interpolado
0.1734870974194839,6.495455896348024e-05,interpolado
0.17358691738347673,0.0003659690830535264,interpolado
0.1736867373474695,0.0006001010869271218,interpolado
0.1737865573114623,0.0007495865675438338,interpolado
0.17388637727545506,0.0007966615218632299,interpolado
0.174,0.000703,original
0.17408601720344072,0.0005178089313875497,interpolado
0.17418583716743352,0.00019907916062338626,interpolado
0.1742856571314263,-0.0002008567693397674,interpolado
0.17438547709541907,-0.0006502064253196489,interpolado
0.17448529705941188,-0.0011171773741343793,interpolado
0.17458511702340473,-0.001569977182601709,interpolado
0.17468493698739748,-0.0019768134175395012,interpolado
0.17478475695139026,-0.002305893645765546,interpolado
0.17488457691538306,-0.0025254254340979,interpolado
0.175,-0.002601,original
0.17508421684336867,-0.002514509990355324,interpolado
0.17518403680736147,-0.002269708291284736,interpolado
0.1752838567713543,-0.001895689182464506,interpolado
0.17538367673534705,-0.001418967709705118,interpolado
0.17548349669933988,-0.000866058918817362,interpolado
0.1755833166633327,-0.0002634778556119338,interpolado
0.1756831366273255,0.00036226043410046477,interpolado
0.17578295659131826,0.000984640904508966,interpolado
0.17588277655531107,0.0015771485098032213,interpolado
0.176,0.002199,original
0.1760824164832967,0.002568679507439229,interpolado
0.17618223644728948,0.002934008995690713,interpolado
0.17628205641128225,0.003206115246080704,interpolado
0.17638187637527503,0.0033818774997771348,interpolado
0.17648169633926786,0.003458174997947698,interpolado
0.17658151630326066,0.0034318869817601726,interpolado
0.17668133626725346,0.0032998926923823407,interpolado
0.17678115623124624,0.003059071370982064,interpolado
0.17688097619523904,0.002706302258726992,interpolado
0.177,0.002135,original
0.17708061612322462,0.0016563622435001573,interpolado
0.17718043608721745,0.0009891055630907345,interpolado
0.17728025605121023,0.000278223578658289,interpolado
0.177380076015203,-0.0004347016354169055,interpolado
0.17747989597919578,-0.0011080880047539769,interpolado
0.1775797159431886,-0.001700353454972245,interpolado
0.17767953590718139,-0.0021699159116909204,interpolado
0.1777793558711742,-0.002475193300529596,interpolado
0.177879175835167,-0.0025746035471074435,interpolado
0.178,-0.00236,original
0.17807881576315263,-0.0019978476414682306,interpolado
0.17817863572714537,-0.0013190686406159655,interpolado
0.1782784556911382,-0.0004503051784382715,interpolado
0.178378275655131,0.0005482070386495413,interpolado
0.17847809561912384,0.0016162323042323244,interpolado
0.17857791558311664,0.002693534911894926,interpolado
0.1786777355471094,0.0037198791552219223,interpolado
0.17877755551110222,0.004635029327798745,interpolado
0.17887737547509502,0.0053787497232099515,interpolado
0.179,0.005969,original
0.1790770154030806,0.006118988386654137,interpolado
0.17917683536707338,0.006076180889080986,interpolado
0.1792766553310662,0.005806840950082136,interpolado
0.179376475295059,0.005355635850277293,interpolado
0.17947629525905184,0.0047672328702862,interpolado
0.17957611522304462,0.00408629929072859,interpolado
0.1796759351870374,0.00335750239222441,interpolado
0.1797757551510302,0.00262550945539298,interpolado
0.179875575115023,0.001934987760854235,interpolado
0.18,0.0012,original
0.1800752150430086,0.0008525343012405529,interpolado
0.18017503500700136,0.0005023004033954121,interpolado
0.1802748549709942,0.00026171621859720707,interpolado
0.18037467493498696,0.00011243778722514551,interpolado
0.18047449489897982,3.612114965832119e-05,interpolado
0.18057431486297257,1.4422346275827963e-05,interpolado
0.1806741348269654,2.8997417456751805e-05,interpolado
0.1807739547909582,6.15024035801989e-05,interpolado
0.18087377475495103,9.359334502526335e-05,interpolado
0.181,0.000105,original
0.18107341468293658,8.54029990264006e-05,interpolado
0.18117323464692933,3.344866663746686e-05,interpolado
0.18127305461092216,-3.3515192194752375e-05,interpolado
0.181372874574915,-9.99625624922718e-05,interpolado
0.1814726945389078,-0.00015036742927710572,interpolado
0.18157251450290057,-0.000169203777571269,interpolado
0.1816723344668934,-0.00014094559239678978,interpolado
0.18177215443088618,-5.0066858775672514e-05,interpolado
0.18187197439487898,0.00011895843827006885,interpolado
0.182,0.000475,original
0.18207161432286456,0.0007504372833722643,interpolado
0.18217143428685736,0.0012074351874368557,interpolado
0.18227125425085017,0.0017177452986306646,interpolado
0.18237107421484292,0.0022462725471154967,interpolado
0.18247089417883575,0.0027579218630531597,interpolado
0.1825707141428285,0.003217598176605343,interpolado
0.18267053410682133,0.003590206417934118,interpolado
0.1827703540708141,0.0038406515172011487,interpolado
0.18287017403480693,0.003933838404568249,interpolado
0.183,0.003762,original
0.1830698139627925,0.003513116342617022,interpolado
0.1831696339267853,0.0029914733679966997,interpolado
0.18326945389077812,0.0023229717566116345,interpolado
0.1833692738547709,0.001561241848281051,interpolado
0.18346909381876367,0.0007599139828243964,interpolado
0.1835689137827565,-2.738149993956326e-05,interpolado
0.18366873374674933,-0.0007470142601913859,interpolado
0.18376855371074213,-0.001345353958111845,interpolado
0.1838683736747349,-0.0017687702538817175,interpolado
0.184,-0.001969,original
0.18406801360272054,-0.0018822715562447337,interpolado
0.18416783356671332,-0.0015427356306738946,interpolado
0.18426765353070615,-0.0010038382434003552,interpolado
0.18436747349469892,-0.00032500217327313436,interpolado
0.18446729345869176,0.0004343498008585283,interpolado
0.18456711342268456,0.0012147949001460468,interpolado
0.18466693338667733,0.0019569103457401957,interpolado
0.18476675335067017,0.0026012733587919548,interpolado
0.18486657331466294,0.0030884611604523036,interpolado
0.185,0.003391,original
0.18506621324264852,0.003358561812708797,interpolado
0.18516603320664132,0.0030906630659894136,interpolado
0.18526585317063415,0.0025968765064219796,interpolado
0.18536567313462696,0.001919370052092142,interpolado
0.18546549309861976,0.001100311621085791,interpolado
0.18556531306261254,0.00018186913148811088,interpolado
0.18566513302660534,-0.0007937894986150433,interpolado
0.18576495299059811,-0.0017844963511380219,interpolado
0.18586477295459095,-0.002748083507995178,interpolado
0.186,-0.003935,original
0.1860644128825765,-0.004427209239130446,interpolado
0.1861642328465693,-0.005087302832889032,interpolado
0.18626405281056213,-0.005624428343331273,interpolado
0.18636387277455488,-0.006040679507744542,interpolado
0.18646369273854768,-0.006338150063416547,interpolado
0.1865635127025405,-0.006518933747634632,interpolado
0.1866633326665333,-0.0065851242976862736,interpolado
0.1867631526305261,-0.006538815450858944,interpolado
0.18686297259451887,-0.00638210094444018,interpolado
0.187,-0.005991,original
0.1870626125225045,-0.005746145527173303,interpolado
0.18716243248649728,-0.005275971540133799,interpolado
0.18726225245049008,-0.004716253523812702,interpolado
0.18736207241448286,-0.004076758680890336,interpolado
0.18746189237847566,-0.0033672542140464777,interpolado
0.18756171234246843,-0.002597507325961431,interpolado
0.18766153230646127,-0.0017772852193153315,interpolado
0.187761352270454,-0.0009163550967883135,interpolado
0.18786117223444687,-2.448416106076365e-05,interpolado
0.188,0.001249,original
0.18806081216243245,0.0018122044999438873,interpolado
0.18816063212642525,0.0027242314307987683,interpolado
0.18826045209041806,0.003593676796635836,interpolado
0.18836027205441086,0.004389363270015682,interpolado
0.18846009201840364,0.005080113523499555,interpolado
0.18855991198239644,0.005634750229648019,interpolado
0.18865973194638924,0.006022096061021875,interpolado
0.18875955191038207,0.006210973690181922,interpolado
0.1888593718743748,0.0061702057896890015,interpolado
0.189,0.005663,original
0.18905901180236043,0.0052780196206680735,interpolado
0.1891588317663532,0.004416663218443082,interpolado
0.18925865173034603,0.0033393661517041365,interpolado
0.18935847169433884,0.0021019393465037,interpolado
0.18945829165833164,0.0007601937288951152,interpolado
0.1895581116223244,-0.0006300597750685445,interpolado
0.18965793158631722,-0.0020130102393342048,interpolado
0.18975775155031005,-0.003332846737848439,interpolado
0.18985757151430283,-0.0045337583445589184,interpolado
0.19,-0.005931,original
0.19005721144228843,-0.006357759349211168,interpolado
0.19015703140628126,-0.006910247218965017,interpolado
0.190256851370274,-0.007230667178210893,interpolado
0.1903566713342668,-0.007333195870410229,interpolado
0.19045649129825962,-0.007232009939024155,interpolado
0.1905563112622524,-0.006941286027513923,interpolado
0.19065613122624522,-0.006475200779340789,interpolado
0.19075595119023803,-0.0058479308379662,interpolado
0.19085577115423086,-0.005073652846851059,interpolado
0.191,-0.003724,original
0.1910554110822164,-0.0031417474059349535,interpolado
0.1911552310462092,-0.0020318220052408294,interpolado
0.19125505101020196,-0.0008844034622354968,interpolado
0.19135487097419485,0.00025237364346278085,interpolado
0.1914546909381876,0.0013303747322347746,interpolado
0.19155451090218045,0.0023014652244615695,interpolado
0.19165433086617326,0.0031175105405240535,interpolado
0.191754150830166,0.003730376100803774,interpolado
0.19185397079415886,0.0040919273256815715,interpolado
0.192,0.004068,original
0.1920536107221444,0.003871735376304104,interpolado
0.19215343068613722,0.0032620548724586595,interpolado
0.19225325065013008,0.0023982426431666524,interpolado
0.19235307061412282,0.0013555940218303252,interpolado
0.19245289057811563,0.00020940434185179264,interpolado
0.19255271054210846,-0.0009650310633668298,interpolado
0.19265253050610123,-0.0020924168604231274,interpolado
0.19275235047009406,-0.0030974577159156276,interpolado
0.1928521704340868,-0.00390485829644189,interpolado
0.193,-0.004577,original
0.19305181036207245,-0.004628917540258721,interpolado
0.19315163032606528,-0.004472497378803877,interpolado
0.193251450290058,-0.004036280118400369,interpolado
0.19335127025405083,-0.0033891567453075266,interpolado
0.19345109021804363,-0.0026000182457846773,interpolado
0.19355091018203638,-0.0017377556060911477,interpolado
0.1936507301460292,-0.0008712598124865003,interpolado
0.193750550110022,-6.94218512295678e-05,interpolado
0.1938503700740148,0.0005988672914200833,interpolado
0.194,0.0012,original
0.1940500100020004,0.001261911043576009,interpolado
0.1941498299659932,0.0011854917648986066,interpolado
0.194249649929986,0.0008915964620654981,interpolado
0.19434946989397883,0.0004390066895448873,interpolado
0.1944492898579716,-0.0001134959981950092,interpolado
0.19454910982196438,-0.0007071300466858078,interpolado
0.19464892978595721,-0.001283113901459635,interpolado
0.19474874974995002,-0.0017826660080481112,interpolado
0.1948485697139428,-0.002147004811983016,interpolado
0.19494838967793562,-0.002317348758796136,interpolado
0.195,-0.00231,original
0.1951480296059212,-0.0019059987634598924,interpolado
0.19524784956991403,-0.001382030997471209,interpolado
0.19534766953390686,-0.0007261968032350103,interpolado
0.1954474894978996,5.678041230453414e-07,interpolado
0.19554730946189236,0.0007373268094771023,interpolado
0.19564712942588516,0.0014231441977019257,interpolado
0.195746949389878,0.0019970839536716566,interpolado
0.1958467693538708,0.002398210062260636,interpolado
0.1959465893178636,0.0025655865083432094,interpolado
0.196,0.002538,original
0.19614622924584918,0.0020227800757004516,interpolado
0.19624604920984193,0.0013771056536521487,interpolado
0.19634586917383476,0.0005711735056344743,interpolado
0.1964456891378276,-0.00032725257654913893,interpolado
0.19654550910182036,-0.001250408801095013,interpolado
0.19664532906581317,-0.0021305313762002465,interpolado
0.19674514902980603,-0.002899856510061151,interpolado
0.1968449689937988,-0.0034906204108743014,interpolado
0.1969447889577916,-0.0038350592868362683,interpolado
0.197,-0.003895,original
0.1971444288857772,-0.00357969870781369,interpolado
0.19724424884977002,-0.0030309935067123327,interpolado
0.1973440688137628,-0.002283789311457882,interpolado
0.1974438887777556,-0.0014006431474117686,interpolado
0.19754370874174837,-0.0004441120399346507,interpolado
0.19764352870574114,0.0005232469856120713,interpolado
0.19774334866973398,0.0014388769038672295,interpolado
0.19784316863372675,0.0022402206894696565,interpolado
0.19794298859771955,0.002864721317058038,interpolado
0.198,0.003118,original
0.19814262852570516,0.0033807356418851012,interpolado
0.198242448489698,0.0032862330939067894,interpolado
0.19834226845369077,0.0030033016151950706,interpolado
0.19844208841768354,0.002567637086357432,interpolado
0.19854190838167632,0.002014935388000977,interpolado
0.19864172834566915,0.0013808924007331508,interpolado
0.19874154830966195,0.0007012040051613044,interpolado
0.1988413682736547,1.1566081892786732e-05,interpolado
0.19894118823764753,-0.0006523254884648775,interpolado
0.199,-0.001017,original
0.1991408281656331,-0.0017661359997992946,interpolado
0.19924064812962589,-0.002162751031080897,interpolado
0.19934046809361874,-0.00242200009438894,interpolado
0.19944028805761152,-0.002521113983908993,interpolado
0.19954010802160432,-0.0024373234938266887,interpolado
0.1996399279855971,-0.0021478594183275473,interpolado
0.1997397479495899,-0.0016299525515971428,interpolado
0.19983956791358273,-0.0008608336878210476,interpolado
0.1999393878775755,0.00018226637881483794,interpolado
0.2,0.000959,original
0.2001390278055611,0.003126227390605626,interpolado
0.20023884776955392,0.004902947269743105,interpolado
0.20033866773354672,0.0067510889550137015,interpolado
0.20043848769753958,0.008570704337515894,interpolado
0.20053830766153233,0.010261845308346597,interpolado
0.20063812762552516,0.011724563758603233,interpolado
0.20073794758951796,0.012858911579383242,interpolado
0.20083776755351074,0.013564940661783905,interpolado
0.2009375875175035,0.013742702896903068,interpolado
0.201,0.013541,original
0.20113722744548912,0.01221366838389091,interpolado
0.20123704740948192,0.010622528093523717,interpolado
0.2013368673734747,0.008651916079743893,interpolado
0.2014366873374675,0.00643289283464344,interpolado
0.2015365073014603,0.004096518850316,interpolado
0.20163632726545314,0.0017738546188547071,interpolado
0.20173614722944594,-0.0004040393676472987,interpolado
0.20183596719343871,-0.0023061026170964074,interpolado
0.2019357871574315,-0.003801274637400569,interpolado
0.202,-0.004487,original
0.20213542708541707,-0.005140473378741774,interpolado
0.20223524704940987,-0.0050263361439627265,interpolado
0.20233506701340265,-0.004512022557423682,interpolado
0.20243488697739548,-0.0036917675913451077,interpolado
0.20253470694138828,-0.0026598062179478644,interpolado
0.20263452690538108,-0.0015103734094527315,interpolado
0.2027343468693739,-0.0003377041380804817,interpolado
0.20283416683336672,0.0007639666239478265,interpolado
0.2029339867973595,0.0017004039044120458,interpolado
0.203,0.002183,original
0.20313362672534507,0.0027580155292294224,interpolado
0.20323344668933782,0.0028818965145791654,interpolado
0.20333326665333062,0.0027992139463306593,interpolado
0.2034330866173234,0.0025592369641805773,interpolado
0.20353290658131623,0.0022112347078256573,interpolado
0.203632726545309,0.001804476316962636,interpolado
0.20373254650930178,0.0013882309312883644,interpolado
0.20383236647329459,0.0010117676904993385,interpolado
0.20393218643728733,0.0007243557342924121,interpolado
0.204,0.000605,original
0.204131826365273,0.0005823443016643295,interpolado
0.20423164632926571,0.0007186493316586891,interpolado
0.20433146629325855,0.0009511571490950099,interpolado
0.20443128625725135,0.001247295267670332,interpolado
0.2045311062212442,0.0015744912010817182,interpolado
0.20463092618523698,0.0019001724630262294,interpolado
0.20473074614922976,0.002191766567200854,interpolado
0.20483056611322262,0.0024167010273028248,interpolado
0.2049303860772154,0.002542403357029115,interpolado
0.205,0.002554,original
0.20513002600520103,0.002386303061827678,interpolado
0.2052298459691938,0.0021115230864622602,interpolado
0.2053296659331866,0.001735245082435166,interpolado
0.2054294858971794,0.0012804962148064256,interpolado
0.20552930586117227,0.0007703036486360062,interpolado
0.20562912582516507,0.0002276945489838765,interpolado
0.2057289457891578,-0.0003243039190898427,interpolado
0.20582876575315065,-0.0008626645905254949,interpolado
0.20592858571714343,-0.001364360300262959,interpolado
0.206,-0.001688,original
0.20612822564512903,-0.0021762678019415973,interpolado
0.20622804560912178,-0.0024789238810296313,interpolado
0.20632786557311455,-0.002721480345341739,interpolado
0.2064276855371074,-0.0029109699680406765,interpolado
0.2065275055011002,-0.003054425522289197,interpolado
0.20662732546509296,-0.0031588797812500302,interpolado
0.20672714542908577,-0.0032313655180859877,interpolado
0.20682696539307854,-0.0032789155059597887,interpolado
0.20692678535707132,-0.0033085625180341877,interpolado
0.207,-0.003323,original
0.20712642528505693,-0.0033396886790867213,interpolado
0.20722624524904976,-0.003345569767687994,interpolado
0.20732606521304253,-0.00334434220147386,interpolado
0.20742588517703534,-0.003335389727027196,interpolado
0.2075257051410282,-0.0033180960909308774,interpolado
0.207625525105021,-0.003291845039767788,interpolado
0.20772534506901377,-0.0032560203201207885,interpolado
0.20782516503300655,-0.0032100056785727606,interpolado
0.2079249849969994,-0.003153184861706581,interpolado
0.208,-0.003103,original
0.20812462492498496,-0.003004734878013393,interpolado
0.2082244448889778,-0.002912162035376086,interpolado
0.2083242648529706,-0.0028068392454991325,interpolado
0.20842408481696337,-0.002688382072819021,interpolado
0.2085239047809562,-0.0025564060817722407,interpolado
0.20862372474494895,-0.0024105268367953223,interpolado
0.2087235447089417,-0.0022503599023246754,interpolado
0.20882336467293455,-0.0020755208427968284,interpolado
0.20892318463692733,-0.0018856252226482678,interpolado
0.209,-0.001729,original
0.2091228245649129,-0.00146469154124978,interpolado
0.20922264452890574,-0.001254901642417409,interpolado
0.20932246449289854,-0.0010684940757776386,interpolado
0.20942228445689137,-0.0009230074434117123,interpolado
0.2095221044208841,-0.0008359803474008865,interpolado
0.20962192438487698,-0.000824951389826352,interpolado
0.20972174434886978,-0.0009074591727693847,interpolado
0.20982156431286259,-0.0011010422983112277,interpolado
0.20992138427685536,-0.0014232393685331233,interpolado
0.21,-0.001779,original
0.21012102420484097,-0.0025080957008891997,interpolado
0.21022084416883377,-0.0032425103068894623,interpolado
0.21032066413282655,-0.004059991496000585,interpolado
0.21042048409681935,-0.004925781508730274,interpolado
0.21052030406081212,-0.005805122585585991,interpolado
0.21062012402480496,-0.00666325696707594,interpolado
0.21071994398879773,-0.007465426893707582,interpolado
0.21081976395279056,-0.008176874605988621,interpolado
0.2109195839167834,-0.008762842344426765,interpolado
0.211,-0.00912,original
0.21111922384476897,-0.009434224950648397,interpolado
0.21121904380876175,-0.009512804104735883,interpolado
0.21131886377275455,-0.00944214877057047,interpolado
0.21141868373674735,-0.009240033595286364,interpolado
0.21151850370074013,-0.008924233226017883,interpolado
0.21161832366473296,-0.008512522309899054,interpolado
0.21171814362872574,-0.00802267549406416,interpolado
0.21181796359271857,-0.0074724674256474105,interpolado
0.21191778355671134,-0.0068796727517831885,interpolado
0.212,-0.006372,original
0.21211742348469695,-0.005634967450667708,interpolado
0.21221724344868975,-0.0050079710200536505,interpolado
0.21231706341268256,-0.004389795434723131,interpolado
0.21241688337667528,-0.003789167572229471,interpolado
0.2125167033406681,-0.003214814310125496,interpolado
0.21261652330466088,-0.0026754625259645336,interpolado
0.21271634326865368,-0.0021798390972997458,interpolado
0.2128161632326465,-0.0017366709016842887,interpolado
0.2129159831966392,-0.001354684816671419,interpolado
0.213,-0.001087,original
0.21311562312462484,-0.000805831853941081,interpolado
0.21321544308861767,-0.0006415149352371358,interpolado
0.21331526305261045,-0.0005455012044218844,interpolado
0.21341508301660325,-0.0005136434164576877,interpolado
0.21351490298059606,-0.000541794326306891,interpolado
0.21361472294458886,-0.0006258066889318727,interpolado
0.2137145429085817,-0.0007615332592949944,interpolado
0.2138143628725745,-0.0009448267923586173,interpolado
0.21391418283656732,-0.0011715400430850342,interpolado
0.214,-0.001398,original
0.21411382276455287,-0.0017343726459580224,interpolado
0.21421364272854573,-0.002042528746659908,interpolado
0.2143134626925385,-0.002340582867287759,interpolado
0.21441328265653128,-0.0026071317458791644,interpolado
0.21451310262052412,-0.002820772120471934,interpolado
0.21461292258451692,-0.0029601007291036444,interpolado
0.2147127425485097,-0.0030037143098119523,interpolado
0.21481256251250247,-0.002930209600634553,interpolado
0.2149123824764953,-0.002718183339609067,interpolado
0.215,-0.002401,original
0.2151120224044809,-0.0018056467900015478,interpolado
0.21521184236847374,-0.0011227868742459722,interpolado
0.21531166233246643,-0.00033015169454017406,interpolado
0.21541148229645926,0.0005397759784650834,interpolado
0.21551130226045204,0.0014545133741183844,interpolado
0.21561112222444484,0.0023815777217685162,interpolado
0.21571094218843767,0.0032884862507642715,interpolado
0.21581076215243045,0.004142756190454212,interpolado
0.21591058211642322,0.004911904770187607,interpolado
0.216,0.005502,original
0.2161102220444088,0.006071925079413544,interpolado
0.2162100420084017,0.0064323621472991265,interpolado
0.21630986197239443,0.0066435609609462026,interpolado
0.21640968193638727,0.006704316159202019,interpolado
0.21650950190038004,0.006613422380913627,interpolado
0.21660932186437284,0.006369674264928156,interpolado
0.2167091418283657,0.005971866450092736,interpolado
0.21680896179235848,0.005418793575254671,interpolado
0.21690878175635125,0.0047092502792607845,interpolado
0.217,0.003923,original
0.21710842168433686,0.002827841485974462,interpolado
0.21720824164832966,0.0017141330058464367,interpolado
0.2173080616123224,0.0005554743724661854,interpolado
0.2174078815763153,-0.0005935717498204894,interpolado
0.21750770154030805,-0.001678442696666818,interpolado
0.21760752150430082,-0.0026445758037263473,interpolado
0.2177073414682936,-0.0034374084066524325,interpolado
0.21780716143228643,-0.004002377841099074,interpolado
0.2179069813962792,-0.00428492144271957,interpolado
0.218,-0.004246,original
0.2181066213242649,-0.0038087116848613107,interpolado
0.21820644128825759,-0.00306825702060978,interpolado
0.21830626125225044,-0.0020738577304163144,interpolado
0.21840608121624325,-0.000890252700584632,interpolado
0.21850590118023605,0.0004178191825817091,interpolado
0.21860572114422885,0.0017856190327791544,interpolado
0.21870554110822166,0.0031484079637037732,interpolado
0.2188053610722144,0.004441447089052781,interpolado
0.21890518103620726,0.005599997522522241,interpolado
0.219,0.006517,original
0.21910482096419284,0.0072676478686021515,interpolado
0.21920464092818565,0.007717846149404483,interpolado
0.21930446089217845,0.007912388042513922,interpolado
0.21940428085617125,0.0078537449615788,interpolado
0.21950410082016406,0.007544388320247616,interpolado
0.21960392078415683,0.006986789532168857,interpolado
0.21970374074814966,0.006183420010991279,interpolado
0.2198035607121424,0.005136751170362928,interpolado
0.2199033806761352,0.003849254423932487,interpolado
0.22,0.002376,original
0.22010302060412076,0.0005756544806949795,interpolado
0.22020284056811365,-0.00132669189448276,interpolado
0.2203026605321064,-0.0033048002962103662,interpolado
0.22040248049609926,-0.005279833500085441,interpolado
0.22050230046009206,-0.007172954281705579,interpolado
0.2206021204240848,-0.008905325416667933,interpolado
0.22070194038807767,-0.01039810968057108,interpolado
0.22080176035207044,-0.011572469849012113,interpolado
0.22090158031606327,-0.012349568697588631,interpolado
0.221,-0.01265,original
0.22110122024404882,-0.012424212940345609,interpolado
0.22120104020804165,-0.01172501349942734,interpolado
0.22130086017203446,-0.010632836914468213,interpolado
0.22140068013602723,-0.009227549347775475,interpolado
0.22150050010002004,-0.007589016961656353,interpolado
0.2216003200640128,-0.005797105918418586,interpolado
0.22170014002800562,-0.003931682380368398,interpolado
0.22179995999199842,-0.002072612509813499,interpolado
0.22189977995599125,-0.00029976246906112097,interpolado
0.222,0.001313,original
0.2220994198839768,0.0026818956651654675,interpolado
0.2221992398479696,0.0038161459766927553,interpolado
0.2222990598119624,0.004715403647382621,interpolado
0.2223988797759552,0.005385319811372414,interpolado
0.222498699739948,0.0058315456027994836,interpolado
0.2225985197039408,0.006059732155801146,interpolado
0.22269833966793356,0.006075530604514874,interpolado
0.2227981596319264,0.005884592083077927,interpolado
0.2228979795959192,0.005492567725627648,interpolado
0.223,0.00489,original
0.22309761952390475,0.004134819242835814,interpolado
0.2231974394878976,0.003224018668945313,interpolado
0.22329725945189036,0.0022229624675080685,interpolado
0.22339707941588313,0.001181906241036983,interpolado
0.2234968993798759,0.00015110559204524593,interpolado
0.22359671934386877,-0.0008191838769548237,interpolado
0.22369653930786154,-0.0016787065634500324,interpolado
0.22379635927185434,-0.0023772068649274706,interpolado
0.22389617923584715,-0.0028644291788742374,interpolado
0.224,-0.003093,original
0.2240958191638327,-0.0030192657507936527,interpolado
0.22419563912782553,-0.002685659389395328,interpolado
0.2242954590918183,-0.0021424772801735053,interpolado
0.2243952790558112,-0.0014428989946741987,interpolado
0.2244950990198039,-0.0006401041044436566,interpolado
0.22459491898379677,0.0002127278189725655,interpolado
0.22469473894778955,0.0010624172040282396,interpolado
0.22479455891178235,0.0018557844791773509,interpolado
0.22489437887577518,0.002539650072873885,interpolado
0.225,0.003085,original
0.22509401880376073,0.003376875731339609,interpolado
0.22519383876775353,0.0034963665402127316,interpolado
0.22529365873174637,0.003443084745341467,interpolado
0.22539347869573917,0.0032408107695886977,interpolado
0.2254932986597319,0.00291332503581741,interpolado
0.22559311862372475,0.002484407966890299,interpolado
0.22569293858771755,0.00197783998567032,interpolado
0.22579275855171033,0.001417401515020354,interpolado
0.2258925785157031,0.000826872977803449,interpolado
0.226,0.000185,original
0.22609221844368874,-0.0003518854360428001,interpolado
0.22619203840768157,-0.000910502100038329,interpolado
0.22629185837167434,-0.0014414588423529433,interpolado
0.22639167833566715,-0.0019404007400179479,interpolado
0.22649149829965998,-0.0024029728700650553,interpolado
0.22659131826365272,-0.0028248203095255584,interpolado
0.22669113822764558,-0.003201588135430895,interpolado
0.22679095819163833,-0.0035289214248124985,interpolado
0.22689077815563113,-0.0038024652547017403,interpolado
0.227,-0.004035,original
0.22709041808361677,-0.0041713263914586116,interpolado
0.22719023804760957,-0.0042620408892802995,interpolado
0.22729005801160235,-0.004290186040331486,interpolado
0.22738987797559512,-0.004255940320690351,interpolado
0.22748969793958793,-0.004159482206435026,interpolado
0.22758951790358076,-0.00400099017364367,interpolado
0.2276893378675735,-0.003780642698394433,interpolado
0.22778915783156636,-0.003498618256765475,interpolado
0.2278889777955591,-0.0031550953248350526,interpolado
0.228,-0.002701,original
0.22808861772354472,-0.002287368387603812,interpolado
0.22818843768753755,-0.001787131057757429,interpolado
0.22828825765153035,-0.0012762997956092402,interpolado
0.22838807761552307,-0.0007816402706450503,interpolado
0.22848789757951588,-0.00032991815235025324,interpolado
0.2285877175435087,5.2100889789339396e-05,interpolado
0.2286875375075015,0.0003376511862880542,interpolado
0.2287873574714943,0.0004999670676601938,interpolado
0.2288871774354871,0.000512282864420181,interpolado
0.229,0.000312,original
0.22908681736347272,-1.2018951682464514e-05,interpolado
0.2291866373274655,-0.0005376586813529888,interpolado
0.22928645729145827,-0.0011817399219299677,interpolado
0.22938627725545108,-0.0018968890025216586,interpolado
0.22948609721944388,-0.002635732252235782,interpolado
0.22958591718343668,-0.003350896000180227,interpolado
0.22968573714742951,-0.0039950065754628785,interpolado
0.22978555711142226,-0.004520690307191497,interpolado
0.22988537707541506,-0.0048805735244742765,interpolado
0.23,-0.005028,original
0.23008501700340067,-0.0049222032941452784,interpolado
0.2301848369673935,-0.0045817018274748236,interpolado
0.23028465693138625,-0.0040434266901628576,interpolado
0.23038447689537903,-0.003345072655211989,interpolado
0.23048429685937188,-0.0025243344956252627,interpolado
0.2305841168233647,-0.001618906984405586,interpolado
0.2306839367873575,-0.0006664848945558798,interpolado
0.23078375675135032,0.00029523700092067744,interpolado
0.23088357671534304,0.001228563929021714,interpolado
0.231,0.002231,original
0.2310832166433287,0.002862141610325134,interpolado
0.23118303660732156,0.0035119565235178494,interpolado
0.2312828565713143,0.0040374330845994845,interpolado
0.23138267653530709,0.00443078145819689,interpolado
0.2314824964992999,0.004684211808936464,interpolado
0.23158231646329266,0.004789934301444764,interpolado
0.2316821364272855,0.004740159100348386,interpolado
0.23178195639127827,0.004527096370273861,interpolado
0.23188177635527107,0.004142956275847741,interpolado
0.232,0.003456,original
0.2320814162832567,0.0028351024743797897,interpolado
0.23218123624724943,0.0019393171921196484,interpolado
0.2322810562112423,0.0009380222792360189,interpolado
0.232380876175235,-0.00012329747432882627,interpolado
0.23248069613922784,-0.0011991572786328438,interpolado
0.2325805161032206,-0.0022440723437339907,interpolado
0.23268033606721336,-0.0032125578796899723,interpolado
0.23278015603120622,-0.004059129096559294,interpolado
0.23287997599519897,-0.004738301204399625,interpolado
0.233,-0.005269,original
0.23307961592318466,-0.0054199724213375,interpolado
0.23317943588717743,-0.005402016689587993,interpolado
0.23327925585117018,-0.005193371716396489,interpolado
0.23337907581516304,-0.004836808971185698,interpolado
0.23347889577915582,-0.004375099923378356,interpolado
0.2335787157431486,-0.0038510160423971974,interpolado
0.23367853570714142,-0.003307328797665111,interpolado
0.23377835567113422,-0.0027868096586045193,interpolado
0.23387817563512708,-0.002332230094638311,interpolado
0.234,-0.001929,original
0.23407781556311266,-0.0017860158158783687,interpolado
0.23417763552710544,-0.0017209480895004695,interpolado
0.2342774554910982,-0.001758584535581318,interpolado
0.23437727545509104,-0.0018662165347115458,interpolado
0.23447709541908385,-0.0020111354674817493,interpolado
0.2345769153830766,-0.0021606327144824858,interpolado
0.23467673534706934,-0.002281999656304442,interpolado
0.2347765553110622,-0.0023425276735381723,interpolado
0.23487637527505498,-0.0023095081467742725,interpolado
0.235,-0.00209,original
0.23507601520304058,-0.0018368226136724016,interpolado
0.23517583516703336,-0.0013818668777939927,interpolado
0.23527565513102616,-0.0008181388021414811,interpolado
0.235375475095019,-0.00017856029204801863,interpolado
0.2354752950590118,0.0005039467471532447,interpolado
0.23557511502300457,0.0011964604101289654,interpolado
0.2356749349869974,0.001866058791546384,interpolado
0.2357747549509902,0.0024798199860721582,interpolado
0.235874574914983,0.003004822088373137,interpolado
0.236,0.003488,original
0.23607421484296856,0.003661257095850885,interpolado
0.23617403480696142,0.0037747392678245083,interpolado
0.23627385477095422,0.0037796613058081537,interpolado
0.23637367473494703,0.0037072753311400983,interpolado
0.23647349469893983,0.0035888334651586157,interpolado
0.2365733146629326,0.0034555878292020204,interpolado
0.2366731346269254,0.0033387905446085036,interpolado
0.2367729545909182,0.0032696937327163773,interpolado
0.236872774554911,0.003279549514863916,interpolado
0.237,0.003456,original
0.23707241448289654,0.00365680415295846,interpolado
0.23717223444688937,0.004037185062617001,interpolado
0.23727205441088212,0.004504298210155931,interpolado
0.23737187437487497,0.00502145472746559,interpolado
0.23747169433886778,0.005551965746436173,interpolado
0.23757151430286058,0.006059142398958324,interpolado
0.23767133426685336,0.006506295816922232,interpolado
0.23777115423084616,0.006856737132218243,interpolado
0.23787097419483894,0.007073777476736695,interpolado
0.238,0.007097,original
0.23807061412282451,0.006964412001189295,interpolado
0.23817043408681737,0.006606986883229874,interpolado
0.23827025405081015,0.006071041787860356,interpolado
0.23837007401480295,0.005379414368611036,interpolado
0.23846989397879576,0.004554942279012447,interpolado
0.23856971394278853,0.00362046317259442,interpolado
0.2386695339067813,0.002598814702887458,interpolado
0.23876935387077416,0.0015128345234218525,interpolado
0.23886917383476694,0.0003853602877278957,interpolado
0.239,-0.001117,original
0.23906881376275255,-0.0019022190869605084,interpolado
0.23916863372674535,-0.0030102823385639017,interpolado
0.23926845369073813,-0.004052999442905349,interpolado
0.23936827365473093,-0.004998363938512451,interpolado
0.23946809361872373,-0.0058143693639126,interpolado
0.23956791358271656,-0.006469009257633856,interpolado
0.23966773354670937,-0.006930277158203568,interpolado
0.23976755351070214,-0.007166166604149336,interpolado
0.23986737347469492,-0.007144671133998761,interpolado
0.24,-0.006663,original
0.24006701340268055,-0.006206315760503534,interpolado
0.24016683336667333,-0.005290123600597274,interpolado
0.24026665333066613,-0.004148139818610126,interpolado
0.24036647329465888,-0.0028438614912146914,interpolado
0.2404662932586517,-0.0014407856950824605,interpolado
0.2405661132226445,-2.409506885997582e-06,interpolado
0.24066593318663732,0.001407769996702466,interpolado
0.24076575315063006,0.002726255739010711,interpolado
0.2408655731146229,0.0038895506433662135,interpolado
0.241,0.005099,original
0.24106521304260844,0.0055010831865578555,interpolado
0.2411650330066013,0.0058863097561603905,interpolado
0.24126485297059408,0.0060225743168738416,interpolado
0.24136467293458683,0.005943286883832541,interpolado
0.24146449289857963,0.005681857472170719,interpolado
0.24156431286257246,0.005271696097022655,interpolado
0.24166413282656526,0.004746212773522631,interpolado
0.24176395279055807,0.004138817516804929,interpolado
0.24186377275455082,0.00348292034200402,interpolado
0.242,0.00257,original
0.24206341268253645,0.0021579464759266917,interpolado
0.24216323264652928,0.001535908099519133,interpolado
0.24226305261052206,0.0009487271446937143,interpolado
0.24236287257451483,0.0003990659798754017,interpolado
0.24246269253850763,-0.00011041302651129082,interpolado
0.24256251250250047,-0.0005770475060413862,interpolado
0.24266233246649324,-0.000998175090290064,interpolado
0.24276215243048604,-0.0013711334108324094,interpolado
0.24286197239447888,-0.0016932600992438092,interpolado
0.243,-0.00205,original
0.2430616123224644,-0.0021744475010624428,interpolado
0.24316143228645726,-0.0023294368114561807,interpolado
0.24326125225045006,-0.0024261799288343563,interpolado
0.24336107221444292,-0.002464014759238846,interpolado
0.2434608921784357,-0.0024422792087114356,interpolado
0.2435607121424285,-0.0023603111832939476,interpolado
0.24366053210642136,-0.0022174485890282055,interpolado
0.24376035207041413,-0.0020130293319560962,interpolado
0.24386017203440696,-0.0017463913181193283,interpolado
0.244,-0.001267,original
0.2440598119623926,-0.0010244861371229328,interpolado
0.24415963192638537,-0.0005793852987940527,interpolado
0.24425945189037815,-9.954477927623739e-05,interpolado
0.24435927185437095,0.0003968584198341843,interpolado
0.2444590918183637,0.0008916472969404819,interpolado
0.2445589117823565,0.0013666448504460556,interpolado
0.2446587317463493,0.001803674078754305,interpolado
0.24475855171034205,0.0021845579802685327,interpolado
0.2448583716743349,0.0024911195533923562,interpolado
0.245,0.002763,original
0.24505801160232052,0.0028095639354113982,interpolado
0.2451578315663133,0.0028031632677115136,interpolado
0.24525765153030607,0.0026978819893011714,interpolado
0.24535747149429887,0.002505995205439399,interpolado
0.24545729145829165,0.0022397780213853006,interpolado
0.2455571114222845,0.0019115055423979661,interpolado
0.24565693138627728,0.0015334528737365933,interpolado
0.24575675135027006,0.0011178951206600601,interpolado
0.24585657131426286,0.0006771073884275529,interpolado
0.246,2.42e-05,original
0.2460562112422485,-0.0002311725743748909,interpolado
0.2461560312062413,-0.0006763438334525663,interpolado
0.24625585117023407,-0.0011036835457762816,interpolado
0.2463556711342269,-0.001504779950533003,interpolado
0.24645549109821968,-0.0018712212869098212,interpolado
0.24655531106221248,-0.0021945957940938273,interpolado
0.24665513102620526,-0.002466491711272044,interpolado
0.2467549509901981,-0.0026784972776317164,interpolado
0.24685477095419087,-0.002822200732359851,interpolado
0.247,-0.002892,original
0.24705441088217647,-0.0028718690580378466,interpolado
0.24715423084616928,-0.0027779376764544526,interpolado
0.24725405081016205,-0.002628696010686349,interpolado
0.24735387077415483,-0.0024459175093610314,interpolado
0.24745369073814766,-0.0022513756211059795,interpolado
0.24755351070214046,-0.0020668437945486704,interpolado
0.2476533306661332,-0.0019140954783166205,interpolado
0.24775315063012604,-0.0018149041210372187,interpolado
0.24785297059411882,-0.0017910431713379906,interpolado
0.248,-0.001939,original
0.24805261052210442,-0.002054791646837906,interpolado
0.24815243048609725,-0.0023499060687994584,interpolado
0.24825225045009003,-0.0027063993254474233,interpolado
0.24835207041408286,-0.0030798747363613584,interpolado
0.24845189037807566,-0.0034259356211208923,interpolado
0.24855171034206844,-0.0037001852993055907,interpolado
0.24865153030606116,-0.003858227090495243,interpolado
0.248751350270054,-0.0038556643142693883,interpolado
0.24885117023404685,-0.0036481002902076566,interpolado
0.249,-0.002862,original
0.24905081016203237,-0.0024430879477282614,interpolado
0.2491506301260252,-0.0014219420228858883,interpolado
0.24925045009001792,-0.0002039891630338525,interpolado
0.2493502700540108,0.0011320534527271909,interpolado
0.2494500900180036,0.0025074686452965936,interpolado
0.2495499099819964,0.0038435392355733416,interpolado
0.24964972994598925,0.005061548044457862,interpolado
0.249749549909982,0.006082777892848177,interpolado
0.24984936987397474,0.0068285116016444155,interpolado
0.2499491898379676,0.0072200319917461,interpolado
0.25,0.007258,original
0.2501488297659532,0.0067112356751929825,interpolado
0.250248649729946,0.0058816548438136865,interpolado
0.25034846969393876,0.004769306841252876,interpolado
0.2504482896579316,0.003450559860166075,interpolado
0.25054810962192436,0.0020017820932110805,interpolado
0.2506479295859172,0.0004993417330426803,interpolado
0.25074774954991,-0.00098039302768113,interpolado
0.2508475695139027,-0.00236105399630487,interpolado
0.2509473894778956,-0.0035662729801728505,interpolado
0.251,-0.004105,original
0.2511470294058812,-0.005200049975077088,interpolado
0.251246849369874,-0.005626531205892165,interpolado
0.25134666933386673,-0.005828106272842277,interpolado
0.25144648929785957,-0.0058319307167935906,interpolado
0.2515463092618524,-0.00566516007861233,interpolado
0.2516461292258452,-0.005354949899164556,interpolado
0.25174594918983795,-0.004928455719316838,interpolado
0.2518457691538308,-0.004412833079935261,interpolado
0.2519455891178236,-0.0038352375218857035,interpolado
0.252,-0.003504,original
0.2521452290458092,-0.0025964329222760776,interpolado
0.252245049009802,-0.0019718227212161517,interpolado
0.25234486897379477,-0.0013636495928893066,interpolado
0.2524446889377876,-0.0007867622423573576,interpolado
0.2525445089017804,-0.0002560093746830765,interpolado
0.2526443288657732,0.00021376030507198348,interpolado
0.252744148829766,0.0006076980918451704,interpolado
0.25284396879375876,0.0009109552805746386,interpolado
0.25294378875775153,0.0011086831661983425,interpolado
0.253,0.001168,original
0.25314342868573714,0.0011444211616327684,interpolado
0.25324324864972997,0.000999544665280648,interpolado
0.25334306861372274,0.0007699083968348032,interpolado
0.2534428885777156,0.00047356004208732867,interpolado
0.25354270854170835,0.00012854728683089043,interpolado
0.2536425285057011,-0.0002470821831423311,interpolado
0.25374234846969396,-0.0006352806820402233,interpolado
0.25384216843368673,-0.0010180005240700185,interpolado
0.25394198839767956,-0.0013771940234397915,interpolado
0.254,-0.001568,original
0.2541416283256651,-0.001962305596876475,interpolado
0.2542414482896579,-0.002180181749260328,interpolado
0.2543412682536507,-0.002350582769371657,interpolado
0.2544410882176435,-0.002475405242192984,interpolado
0.2545409081816364,-0.002556545752706501,interpolado
0.25464072814562905,-0.0025959008858946176,interpolado
0.25474054810962193,-0.002595367226739655,interpolado
0.2548403680736147,-0.0025568413602239434,interpolado
0.25494018803760754,-0.0024822198713297717,interpolado
0.255,-0.002421,original
0.2551398279655931,-0.002230568221648292,interpolado
0.255239647929586,-0.00205214821067175,interpolado
0.25533946789357875,-0.0018362672838678166,interpolado
0.25543928785757153,-0.001581093424335594,interpolado
0.2555391078215643,-0.0012847946151747114,interpolado
0.25563892778555714,-0.000945538839484381,interpolado
0.2557387477495499,-0.0005614940803637217,interpolado
0.25583856771354274,-0.00013082832091250408,interpolado
0.2559383876775355,0.000348290455770408,interpolado
0.256,0.000669,original
0.25613802760552107,0.0014478572902006206,interpolado
0.2562378475695139,0.002036569291677336,interpolado
0.25633766753350673,0.0026196462259322905,interpolado
0.25643748749749956,0.0031731449543783907,interpolado
0.25653730746149234,0.003673122338427295,interpolado
0.2566371274254851,0.004095635239491612,interpolado
0.25673694738947794,0.004416740518983769,interpolado
0.25683676735347066,0.004612495038315689,interpolado
0.2569365873174635,0.004658955658899844,interpolado
0.257,0.0046,original
0.25713622724544904,0.004235262504015495,interpolado
0.25723604720944193,0.003803815187708586,interpolado
0.2573358671734347,0.003278238991911978,interpolado
0.2574356871374275,0.0026984194638261737,interpolado
0.25753550710142026,0.002104242150652865,interpolado
0.25763532706541303,0.0015355925995927816,interpolado
0.25773514702940586,0.0010323563578467018,interpolado
0.25783496699339864,0.0006344189726162395,interpolado
0.25793478695739147,0.0003816659911020351,interpolado
0.258,0.000314,original
0.258134426885377,0.0004426811385239936,interpolado
0.25823424684936985,0.0007421736354694227,interpolado
0.2583340668133627,0.0011816611471612273,interpolado
0.25843388677735546,0.0017308319045672487,interpolado
0.2585337067413483,0.00235937413865557,interpolado
0.25863352670534107,0.0030369760803931967,interpolado
0.25873334666933395,0.003733325960748563,interpolado
0.2588331666333267,0.004418112010688601,interpolado
0.2589329865973195,0.005061022461181414,interpolado
0.259,0.005454,original
0.25913262652530505,0.006108704011795591,interpolado
0.25923244648929794,0.006482406252541019,interpolado
0.25933226645329066,0.006745016213780138,interpolado
0.25943208641728344,0.006888565644242588,interpolado
0.25953190638127627,0.006905086292657743,interpolado
0.259631726345269,0.006786609907754986,interpolado
0.2597315463092619,0.006525168238263579,interpolado
0.2598313662732546,0.006112793032913209,interpolado
0.2599311862372474,0.005541516040433177,interpolado
0.26,0.005051,original
0.260130826165233,0.003910685083153949,interpolado
0.2602306461292258,0.002905836837674052,interpolado
0.26033046609321864,0.0018352322951623024,interpolado
0.26043028605721136,0.0007450092139699751,interpolado
0.2605301060212042,-0.00031869464755169256,interpolado
0.26062992598519696,-0.0013097415310496915,interpolado
0.2607297459491898,-0.0021819936781732542,interpolado
0.2608295659131826,-0.0028893133305695853,interpolado
0.2609293858771754,-0.0033855627298873953,interpolado
0.261,-0.003584,original
0.261129025805161,-0.0035920904535866028,interpolado
0.26122884576915384,-0.003323889625046829,interpolado
0.26132866573314667,-0.002862555633115107,interpolado
0.2614284856971395,-0.0022502737731316287,interpolado
0.2615283056611323,-0.0015292293404362521,interpolado
0.26162812562512505,-0.0007416076303700808,interpolado
0.2617279455891179,7.040606172742717e-05,interpolado
0.26182776555311066,0.00086462644051507,interpolado
0.2619275855171034,0.001598868210653012,interpolado
0.262,0.00207,original
0.26212722544508904,0.0027374570223517927,interpolado
0.2622270454090819,0.0031266180887040795,interpolado
0.2623268653730747,0.003410860645772091,interpolado
0.2624266853370675,0.00360242833132828,interpolado
0.26252650530106025,0.00371356478314489,interpolado
0.26262632526505303,0.003756513638994011,interpolado
0.26272614522904586,0.0037435185366479075,interpolado
0.26282596519303864,0.003686823113878805,interpolado
0.2629257851570314,0.0035986710084589136,interpolado
0.263,0.00352,original
0.2631254250850171,0.003371471540529927,interpolado
0.2632252450490099,0.0032360575366387127,interpolado
0.2633250650130026,0.003080626794833799,interpolado
0.26342488497699534,0.0029007890554010396,interpolado
0.2635247049409882,0.0026921540586262384,interpolado
0.263624524904981,0.002450331544795553,interpolado
0.26372434486897384,0.0021709312541946346,interpolado
0.2638241648329666,0.0018495629271097214,interpolado
0.26392398479695933,0.0014818363038265946,interpolado
0.264,0.001168,original
0.26412362472494494,0.0006000360741476731,interpolado
0.26422344468893777,0.00011735666564633083,interpolado
0.26432326465293055,-0.00035649577824794696,interpolado
0.2644230846169234,-0.0007934133941231388,interpolado
0.26452290458091615,-0.0011652883185682122,interpolado
0.2646227245449089,-0.0014440126881712593,interpolado
0.26472254450890176,-0.0016014786395210237,interpolado
0.2648223644728946,-0.0016095783092059807,interpolado
0.2649221844368873,-0.0014402038338146262,interpolado
0.265,-0.001167,original
0.26512182436487297,-0.00048273680098567486,interpolado
0.2652216443288658,0.0002564436090982344,interpolado
0.26532146429285863,0.0010939822733373441,interpolado
0.26542128425685135,0.0019717215994209127,interpolado
0.2655211042208442,0.0028315039950400625,interpolado
0.265620924184837,0.0036151718678840263,interpolado
0.2657207441488297,0.00426456762564351,interpolado
0.2658205641128226,0.00472153367600892,interpolado
0.2659203840768154,0.0049279124266699385,interpolado
0.266,0.004874,original
0.266120024004801,0.004390215772195465,interpolado
0.2662198439687938,0.0036705070333683007,interpolado
0.26631966393278655,0.0027255593960648734,interpolado
0.26641948389677933,0.0016143503057046843,interpolado
0.2665193038607722,0.0003958572077049829,interpolado
0.26661912382476494,-0.0008709424525144358,interpolado
0.2667189437887577,-0.002127071229535803,interpolado
0.26681876375275054,-0.0033135516779413303,interpolado
0.2669185837167433,-0.004371406352311258,interpolado
0.267,-0.005098,original
0.267118223644729,-0.005888038753046968,interpolado
0.2672180436087217,-0.006325915784505474,interpolado
0.2673178635727146,-0.006578415385850216,interpolado
0.2674176835367073,-0.006668578372829271,interpolado
0.2675175035007002,-0.006619445561191107,interpolado
0.26761732346469297,-0.006454057766684139,interpolado
0.26771714342868574,-0.006195455805056718,interpolado
0.2678169633926786,-0.00586668049205699,interpolado
0.2679167833566714,-0.005490772643433679,interpolado
0.268,-0.005158,original
0.26811642328465696,-0.004687062171408348,interpolado
0.26821624324864973,-0.004293614564374905,interpolado
0.2683160632126425,-0.003923402474347351,interpolado
0.26841588317663534,-0.003589405838284979,interpolado
0.26851570314062817,-0.003304604593146316,interpolado
0.26861552310462095,-0.00308197867589056,interpolado
0.2687153430686137,-0.002934508023476419,interpolado
0.26881516303260655,-0.002875172572862764,interpolado
0.2689149829965994,-0.002916952261008547,interpolado
0.269,-0.003042,original
0.2691146229245849,-0.003344654962128896,interpolado
0.26921444288857765,-0.003705953741954057,interpolado
0.26931426285257054,-0.004125607053697818,interpolado
0.2694140828165633,-0.004572522542356276,interpolado
0.2695139027805562,-0.005015607852926468,interpolado
0.269613722744549,-0.005423770630404466,interpolado
0.26971354270854175,-0.005765918519787098,interpolado
0.26981336267253453,-0.006010959166071044,interpolado
0.26991318263652736,-0.006127800214252596,interpolado
0.27,-0.006101,original
0.27011282256451297,-0.0058683525233597265,interpolado
0.27021264252850574,-0.005504243394982358,interpolado
0.2703124624924986,-0.005027769228817011,interpolado
0.27041228245649135,-0.004473653084897294,interpolado
0.270512102420484,-0.003876618023256032,interpolado
0.27061192238447684,-0.0032713871039259557,interpolado
0.2707117423484696,-0.002692683386940815,interpolado
0.27081156231246245,-0.00217522993233307,interpolado
0.2709113822764553,-0.0017537498001363736,interpolado
0.271,-0.001488,original
0.27111102220444083,-0.0013233772550125004,interpolado
0.27121084216843366,-0.001314952893573074,interpolado
0.27131066213242644,-0.0014103701563716086,interpolado
0.27141048209641927,-0.001582320846122031,interpolado
0.271510302060412,-0.001803496765538412,interpolado
0.2716101220244048,-0.0020465897173349333,interpolado
0.27170994198839765,-0.0022842915042253563,interpolado
0.2718097619523905,-0.002489293928923957,interpolado
0.27190958191638326,-0.0026342887941445394,interpolado
0.272,-0.002691,original
0.27210922184436886,-0.002646801276607297,interpolado
0.2722090418083617,-0.0025187214418980774,interpolado
0.27230886177235447,-0.0023343731373148555,interpolado
0.2724086817363473,-0.0021203935890122417,interpolado
0.2725085017003401,-0.0019034200231445339,interpolado
0.27260832166433285,-0.0017100896658660302,interpolado
0.27270814162832563,-0.0015670397433313467,interpolado
0.27280796159231846,-0.0015009074816947473,interpolado
0.2729077815563113,-0.0015383301071107095,interpolado
0.273,-0.001688,original
0.2731074214842969,-0.002016949461987198,interpolado
0.2732072414482896,-0.0024417971294926227,interpolado
0.2733070614122825,-0.0029424191763012327,interpolado
0.2734068813762753,-0.0034807516926872975,interpolado
0.27350670134026805,-0.00401873076892592,interpolado
0.2736065213042609,-0.004518292495292203,interpolado
0.27370634126825366,-0.004941372962060415,interpolado
0.2738061612322465,-0.005249908259505826,interpolado
0.27390598119623927,-0.005405834477902914,interpolado
0.274,-0.005379,original
0.2741056211242249,-0.005123675994343871,interpolado
0.27420544108821765,-0.0046955905672154356,interpolado
0.2743052610522105,-0.004130169324903266,interpolado
0.2744050810162033,-0.003470747503232911,interpolado
0.27450490098019603,-0.0027606603380289823,interpolado
0.2746047209441888,-0.0020432430651159913,interpolado
0.2747045409081816,-0.0013618309203196485,interpolado
0.2748043608721744,-0.000759759139464147,interpolado
0.27490418083616724,-0.00028036295837507226,interpolado
0.275,2.42e-05,original
0.2751038207641528,0.00015189866650614615,interpolado
0.2752036407281456,0.00010038597584667777,interpolado
0.27530346069213846,-8.572810642856898e-05,interpolado
0.2754032806561312,-0.0003706568509443146,interpolado
0.27550310062012395,-0.0007186135283255746,interpolado
0.27560292058411684,-0.0010938114091975028,interpolado
0.2757027405481096,-0.0014604637641846112,interpolado
0.27580256051210245,-0.0017827838639120487,interpolado
0.2759023804760952,-0.0020249849790048655,interpolado
0.276,-0.00215,original
0.27610202040408083,-0.0021341143767355975,interpolado
0.27620184036807366,-0.001976747939939286,interpolado
0.2763016603320664,-0.001689653505521524,interpolado
0.2764014802960592,-0.0012833034267157655,interpolado
0.27650130026005204,-0.0007681700567561782,interpolado
0.27660112022404487,-0.00015472574887591222,interpolado
0.27670094018803765,0.0005465571436906365,interpolado
0.2768007601520304,0.0013252062677100707,interpolado
0.27690058011602325,0.002170749269949165,interpolado
0.277,0.003069,original
0.27710022004400886,0.004018528984480078,interpolado
0.2772000400080016,0.0049873302472718825,interpolado
0.27729985997199436,0.005956204352262137,interpolado
0.27739967993598724,0.006902238066297797,interpolado
0.27749949989998,0.007802518156224243,interpolado
0.27759931986397285,0.008634131388888888,interpolado
0.27769913982796557,0.009374164531137244,interpolado
0.27779895979195834,0.009999704349816233,interpolado
0.2778987797559512,0.010487837611772525,interpolado
0.278,0.010819,original
0.2780984196839368,0.010966058051321217,interpolado
0.27819823964792956,0.010946279737969345,interpolado
0.27829805961192233,0.010769875492099026,interpolado
0.27839787957591516,0.010450404678793157,interpolado
0.27849769953990794,0.010001426663135212,interpolado
0.2785975195039008,0.009436500810207825,interpolado
0.27869733946789355,0.008769186485094735,interpolado
0.2787971594318864,0.008013043052878779,interpolado
0.27889697939587926,0.007181629878642586,interpolado
0.279,0.006259,original
0.2790966193238648,0.00534846823155801,interpolado
0.2791964392878576,0.004381756992419389,interpolado
0.2792962592518504,0.003410112697973768,interpolado
0.2793960792158432,0.002455275481087608,interpolado
0.2794958991798359,0.0015389854746289653,interpolado
0.27959571914382875,0.0006829828114638326,interpolado
0.27969553910782163,-9.099237553984556e-05,interpolado
0.27979535907181435,-0.0007611999535155761,interpolado
0.2798951790358072,-0.0013058997895966412,interpolado
0.28,-0.001719,original
0.28009481896379285,-0.0019380005737988924,interpolado
0.2801946389277856,-0.0020230490827593986,interpolado
0.28029445889177834,-0.0019800522979380435,interpolado
0.28039427885577123,-0.00183056614691062,interpolado
0.28049409881976406,-0.001596146557253202,interpolado
0.2805939187837569,-0.001298349456541455,interpolado
0.28069373874774967,-0.000958730772351618,interpolado
0.2807935587117424,-0.0005988464322594412,interpolado
0.2808933786757353,-0.00024025236384062868,interpolado
0.281,0.000117,original
0.2810930186037209,0.00038936977125685984,interpolado
0.2811928385677137,0.000634757797464492,interpolado
0.2812926585317065,0.0008288509309585632,interpolado
0.2813924784956993,0.0009688415071743994,interpolado
0.28149229845969204,0.0010519218615469565,interpolado
0.28159211842368476,0.0010752843295114424,interpolado
0.2816919383876776,0.0010361212465029306,interpolado
0.2817917583516704,0.0009316249479565764,interpolado
0.2818915783156632,0.000758987769307375,interpolado
0.282,0.000491,original
0.28209121824364874,0.00020138572183380678,interpolado
0.2821910382076416,-0.00016529741771536955,interpolado
0.28229085817163435,-0.0005613103682357524,interpolado
0.2823906781356271,-0.0009633133367344854,interpolado
0.28249049809961985,-0.001347966530217843,interpolado
0.2825903180636126,-0.0016919301556927813,interpolado
0.2826901380276055,-0.001971864420166164,interpolado
0.28278995799159823,-0.0021644295306444024,interpolado
0.2828897779555911,-0.0022462856941344147,interpolado
0.283,-0.00218,original
0.2830894178835766,-0.0019906396492877856,interpolado
0.2831892378475695,-0.0016522849202746488,interpolado
0.2832890578115623,-0.0012068268999580356,interpolado
0.2833888777755551,-0.0006820732044363668,interpolado
0.2834886977395479,-0.0001058314498091137,interpolado
0.28358851770354077,0.0004940907478251154,interpolado
0.2836883376675336,0.0010898857723677686,interpolado
0.28378815763152637,0.0016537460077192916,interpolado
0.2838879775955192,0.0021578638377813997,interpolado
0.284,0.002618,original
0.2840876175235047,0.0028794997069180412,interpolado
0.2841874374874976,0.0030714566670086763,interpolado
0.28428725745149036,0.00315671239420523,interpolado
0.2843870774154831,0.003141687177167551,interpolado
0.28448689737947597,0.0030328013045554025,interpolado
0.2845867173434687,0.0028364750650285457,interpolado
0.2846865373074616,0.00255912874724655,interpolado
0.28478635727145435,0.0022071826398694693,interpolado
0.28488617723544707,0.001787057031556665,interpolado
0.285,0.001233,original
0.2850858171634327,0.0007704433069441922,interpolado
0.28518563712742545,0.00020705919245701365,interpolado
0.2852854570914183,-0.00035501347835090196,interpolado
0.2853852770554111,-0.0008857972129435281,interpolado
0.2854850970194039,-0.0013553145187836472,interpolado
0.28558491698339666,-0.0017335879033349522,interpolado
0.2856847369473895,-0.001990639874060931,interpolado
0.2857845569113824,-0.0020964929384246715,interpolado
0.28588437687537516,-0.002021169603889641,interpolado
0.286,-0.001668,original
0.2860840168033607,-0.0012159176927692625,interpolado
0.2861838367673535,-0.0005009111538340677,interpolado
0.28628365673134626,0.00035147233055454806,interpolado
0.2863834766953391,0.0012823190642811235,interpolado
0.28648329665933187,0.002232715351228264,interpolado
0.28658311662332464,0.0031437474952801343,interpolado
0.28668293658731747,0.003956501800320811,interpolado
0.2867827565513102,0.00461206457023303,interpolado
0.2868825765153029,0.005051522108900939,interpolado
0.287,0.005212,original
0.2870822164432886,0.0050571323212400985,interpolado
0.2871820364072814,0.004599893312780418,interpolado
0.2872818563712742,0.003899753723149442,interpolado
0.287381676335267,0.0030123282714334286,interpolado
0.28748149629925984,0.001993231676718224,interpolado
0.2875813162632526,0.0008980786580914237,interpolado
0.28768113622724545,-0.00021751606536168534,interpolado
0.28778095619123817,-0.0012979377745534007,interpolado
0.287880776155231,-0.002287571750397905,interpolado
0.288,-0.003273,original
0.2880804160832166,-0.003778749235264832,interpolado
0.28818023604720944,-0.004231390649871826,interpolado
0.28828005601120227,-0.004510267366852141,interpolado
0.288379875975195,-0.004637013805988912,interpolado
0.2884796959391879,-0.004633264387064942,interpolado
0.2885795159031807,-0.004520653529863087,interpolado
0.2886793358671735,-0.004320815654166078,interpolado
0.28877915583116626,-0.004055385179756986,interpolado
0.2888789757951591,-0.003745996526418559,interpolado
0.289,-0.003343,original
0.28907861572314464,-0.0030814630264015194,interpolado
0.2891784356871374,-0.002765522500546545,interpolado
0.2892782556511302,-0.0024829548305795837,interpolado
0.289378075615123,-0.0022502440825694077,interpolado
0.2894778955791158,-0.0020838743225848966,interpolado
0.28957771554310857,-0.0020003296166951974,interpolado
0.2896775355071014,-0.0020160940309691885,interpolado
0.2897773554710942,-0.002147651631475813,interpolado
0.28987717543508695,-0.002411486484284004,interpolado
0.29,-0.002942,original
0.2900768153630725,-0.003397225541195044,interpolado
0.2901766353270653,-0.004104365329352069,interpolado
0.29027645529105817,-0.004900248838774603,interpolado
0.29037627525505094,-0.005739496683821396,interpolado
0.2904760952190438,-0.006576729478851305,interpolado
0.2905759151830366,-0.007366567838221778,interpolado
0.29067573514702943,-0.008063632376292028,interpolado
0.29077555511102215,-0.008622543707419664,interpolado
0.290875375075015,-0.008997922445963497,interpolado
0.291,-0.00914,original
0.29107501500300054,-0.0090228542727285,interpolado
0.2911748349669934,-0.008648697716585592,interpolado
0.29127465493098614,-0.008065230186274702,interpolado
0.2913744748949789,-0.007315989734746813,interpolado
0.2914742948589718,-0.006444514414952539,interpolado
0.2915741148229645,-0.005494342279843988,interpolado
0.29167393478695736,-0.004509011382371282,interpolado
0.29177375475095013,-0.003532059775486655,interpolado
0.2918735747149429,-0.002607025512140689,interpolado
0.292,-0.001578,original
0.29207321464292846,-0.0010831799070327665,interpolado
0.2921730346069213,-0.0005302103939718247,interpolado
0.2922728545709142,-0.00010627533534392572,interpolado
0.2923726745349069,0.00020106469029820015,interpolado
0.2924724944988997,0.0004042491044015638,interpolado
0.29257231446289256,0.0005157173284128704,interpolado
0.29267213442688533,0.0005479087837791849,interpolado
0.29277195439087816,0.0005132628919473968,interpolado
0.292871774354871,0.00042421907436447496,interpolado
0.293,0.00025,original
0.2930714142828566,0.00013232068216048067,interpolado
0.2931712342468493,-5.0070600777675885e-05,interpolado
0.2932710542108422,-0.0002476330177923046,interpolado
0.29337087417483493,-0.0004540660681866686,interpolado
0.29347069413882776,-0.0006630692512644734,interpolado
0.29357051410282053,-0.0008683420663289689,interpolado
0.29367033406681337,-0.0010635840126837564,interpolado
0.2937701540308062,-0.0012424945896324132,interpolado
0.29386997399479897,-0.001398773296478223,interpolado
0.294,-0.001558,original
0.2940696139227845,-0.0016190327495506033,interpolado
0.2941694338867773,-0.0016803427773409787,interpolado
0.29426925385077013,-0.0017178293273037574,interpolado
0.29436907381476296,-0.0017393373380995688,interpolado
0.29446889377875574,-0.0017527117483891108,interpolado
0.29456871374274857,-0.00176579749683304,interpolado
0.2946685337067414,-0.0017864395220920308,interpolado
0.2947683536707342,-0.0018224827628267753,interpolado
0.29486817363472695,-0.0018817721576979037,interpolado
0.295,-0.002009,original
0.29506781356271256,-0.0021000501997746283,interpolado
0.29516763352670533,-0.0022561325880084654,interpolado
0.29526745349069816,-0.002421240462943106,interpolado
0.2953672734546909,-0.0025760652899489383,interpolado
0.29546709341868377,-0.002701298534396691,interpolado
0.29556691338267654,-0.0027776316616567958,interpolado
0.2956667333466692,-0.002785756137099913,interpolado
0.2957665533106621,-0.0027063634260965507,interpolado
0.29586637327465487,-0.0025201449940173686,interpolado
0.296,-0.00207,original
0.2960660132026405,-0.0017528053616552755,interpolado
0.29616583316663325,-0.0011719747645023545,interpolado
0.2962656531306261,-0.0005038774675346829,interpolado
0.29636547309461886,0.00021253235370777927,interpolado
0.29646529305861175,0.000938300523686577,interpolado
0.2965651130226046,0.0016344728668616876,interpolado
0.29666493298659724,0.0022620952076943105,interpolado
0.29676475295059007,0.002782213370645497,interpolado
0.2968645729145829,0.0031558731801754484,interpolado
0.297,0.003359,original
0.2970642128425685,0.003312037490829334,interpolado
0.2971640328065613,0.0030758470051745193,interpolado
0.29726385277055406,0.002686884876455156,interpolado
0.2973636727345469,0.0021971752252839395,interpolado
0.2974634926985397,0.0016587421722726303,interpolado
0.2975633126625325,0.0011236098380340892,interpolado
0.2976631326265253,0.0006438023431802677,interpolado
0.29776295259051805,0.00027134380832323805,interpolado
0.2978627725545109,5.825835407567725e-05,interpolado
0.298,0.000121,original
0.2980624124824965,0.00031371097215892663,interpolado
0.2981622324464892,0.0008148288982150932,interpolado
0.2982620524104821,0.0015002144801939184,interpolado
0.2983618723744748,0.0023091695801854954,interpolado
0.29846169233846753,0.003180996060281038,interpolado
0.2985615123024605,0.0040549957825719045,interpolado
0.29866133226645325,0.004870470609147971,interpolado
0.29876115223044614,0.005566722402100952,interpolado
0.29886097219443886,0.0060830530235209315,interpolado
0.299,0.006388,original
0.2990606121224245,0.006336931773423442,interpolado
0.29916043208641724,0.006015512301588246,interpolado
0.29926025205041007,0.0054339158726233764,interpolado
0.2993600720144028,0.004632573832727403,interpolado
0.2994598919783957,0.0036519175280979735,interpolado
0.29955971194238845,0.002532378304932341,interpolado
0.2996595319063812,0.0013143875094296768,interpolado
0.29975935187037406,3.837648778657937e-05,interpolado
0.29985917183436683,-0.0012552234137976094,interpolado
0.3,-0.003032,original
0.3000588117623524,-0.003733358740702198,interpolado
0.30015863172634527,-0.004835168112832524,interpolado
0.3002584516903381,-0.005787911659094525,interpolado
0.3003582716543308,-0.006548056228511854,interpolado
0.30045809161832365,-0.007072068670109812,interpolado
0.3005579115823165,-0.007316415832913177,interpolado
0.3006577315463093,-0.007237564565946382,interpolado
0.3007575515103021,-0.006791981718234014,interpolado
0.3008573714742948,-0.005936134138801279,interpolado
0.301,-0.003915,original
0.30105701140228047,-0.002824772661426384,interpolado
0.30115683136627325,-0.0005811777808367244,interpolado
0.3012566513302661,0.001980644350041374,interpolado
0.30135647129425885,0.004734815054907391,interpolado
0.30145629125825163,0.007555455657465041,interpolado
0.3015561112222444,0.01031668748141819,interpolado
0.30165593118623724,0.01289263185046609,interpolado
0.30175575115023,0.015157410088313823,interpolado
0.3018555711142228,0.01698514351866119,interpolado
0.302,0.0186,original
0.3020552110422084,0.01883234051304257,interpolado
0.30215503100620117,0.018728525128159434,interpolado
0.30225485097019394,0.018035465636210515,interpolado
0.3023546709341868,0.01685348515110093,interpolado
0.30245449089817955,0.015282906786734704,interpolado
0.3025543108621723,0.01342405365701505,interpolado
0.30265413082616516,0.011377248875848357,interpolado
0.30275395079015793,0.009242815557136751,interpolado
0.30285377075415076,0.007121076814786941,interpolado
0.303,0.004245,original
0.30305341068213637,0.003314081458764835,interpolado
0.3031532306461292,0.0017669216264940967,interpolado
0.30325305061012203,0.00045974681795782536,interpolado
0.3033528705741147,-0.0006204710306315492,interpolado
0.3034526905381076,-0.0014867599830638344,interpolado
0.30355251050210047,-0.002152148103128359,interpolado
0.30365233046609313,-0.0026296634546134055,interpolado
0.303752150430086,-0.0029323341013085345,interpolado
0.3038519703940788,-0.0030731881070024305,interpolado
0.304,-0.003012,original
0.3040516103220644,-0.0029218455694127276,interpolado
0.3041514302860572,-0.0026623834580282533,interpolado
0.30425125025005,-0.002312125189158514,interpolado
0.30435107021404284,-0.0018965627710460168,interpolado
0.3044508901780356,-0.0014411882119339907,interpolado
0.30455071014202845,-0.000971493520064712,interpolado
0.3046505301060213,-0.0005129707036814681,interpolado
0.304750350070014,-9.11117710267511e-05,interpolado
0.30485017003400683,0.0002685912696568615,interpolado
0.30494998999799966,0.000540646410126207,interpolado
0.305,0.000636,original
0.30514962992598527,0.0007490429468822031,interpolado
0.30524944988997793,0.0007112886836576299,interpolado
0.3053492698539709,0.000613895618855457,interpolado
0.3054490898179636,0.0004833834432484068,interpolado
0.3055489097819565,0.0003462718476089672,interpolado
0.3056487297459492,0.00022908052270990454,interpolado
0.30574854970994203,0.00015832915932374432,interpolado
0.30584836967393486,0.0001605374482231142,interpolado
0.3059481896379276,0.00026222508018062575,interpolado
0.306,0.000363,original
0.30614782956591324,0.0008345293128441928,interpolado
0.306247649529906,0.0012620478031766021,interpolado
0.3063474694938988,0.0017320292298254921,interpolado
0.3064472894578916,0.0022052546004075837,interpolado
0.3065471094218844,0.0026425049225406176,interpolado
0.3066469293858771,0.0030045612038413494,interpolado
0.30674674934986995,0.0032522044519272967,interpolado
0.3068465693138627,0.0033462156744157247,interpolado
0.30694638927785556,0.003247375878923769,interpolado
0.307,0.003101,original
0.30714602920584116,0.002360226055113892,interpolado
0.30724584916983394,0.0016208690597257884,interpolado
0.30734566913382677,0.0007487073947045047,interpolado
0.30744548909781955,-0.00020740288219225065,interpolado
0.3075453090618124,-0.0011986057132087615,interpolado
0.3076451290258052,-0.002176045040587191,interpolado
0.3077449489897978,-0.0030908648065713627,interpolado
0.30784476895379076,-0.003894208953404972,interpolado
0.30794458891778353,-0.0045372214233303804,interpolado
0.308,-0.004807,original
0.3081442288457691,-0.005191189114086112,interpolado
0.30824404880976186,-0.005230632206226724,interpolado
0.3083438687737547,-0.005130052905396185,interpolado
0.30844368873774747,-0.004928833698072975,interpolado
0.30854350870174035,-0.0046663570707352695,interpolado
0.3086433286657331,-0.00438200550986173,interpolado
0.30874314862972585,-0.004115161501930575,interpolado
0.3088429685937187,-0.0039052075334200637,interpolado
0.30894278855771146,-0.0037915260908087988,interpolado
0.309,-0.003785,original
0.30914242848569706,-0.003975259064362575,interpolado
0.3092422484496899,-0.004248492671128426,interpolado
0.30934206841368267,-0.004598828917887387,interpolado
0.3094418883776755,-0.004992840038369281,interpolado
0.30954170834166833,-0.005397098266304519,interpolado
0.30964152830566116,-0.00577817583542352,interpolado
0.3097413482696539,-0.0061026449794560796,interpolado
0.3098411682336467,-0.006337077932132745,interpolado
0.3099409881976395,-0.0064480469271834704,interpolado
0.31,-0.006442,original
0.3101406281256252,-0.006196085120776678,interpolado
0.3102404480896179,-0.005856865594076253,interpolado
0.31034026805361076,-0.005416585439832427,interpolado
0.3104400880176035,-0.00490662644517501,interpolado
0.31053990798159625,-0.0043583703972330905,interpolado
0.31063972794558903,-0.0038031990831356695,interpolado
0.3107395479095818,-0.0032724942900126913,interpolado
0.3108393678735747,-0.0027976378049929095,interpolado
0.3109391878375674,-0.002410011415206175,interpolado
0.311,-0.00223,original
0.31113882776555307,-0.0019990517811558422,interpolado
0.31123864772954585,-0.001967880877358318,interpolado
0.3113384676935387,-0.002027228089373422,interpolado
0.3114382876575315,-0.0021573458457044303,interpolado
0.31153810762152423,-0.0023384865748547023,interpolado
0.31163792758551706,-0.0025509027053277123,interpolado
0.3117377475495099,-0.002774846665626567,interpolado
0.31183756751350267,-0.002990570884254839,interpolado
0.3119373874774955,-0.0031783277897156335,interpolado
0.312,-0.003273,original
0.31213702740548105,-0.0034020819462653954,interpolado
0.3122368473694739,-0.003433807133317638,interpolado
0.31233666733346666,-0.0034198418894468446,interpolado
0.31243648729745943,-0.003366259856794252,interpolado
0.3125363072614522,-0.003279134677501081,interpolado
0.31263612722544504,-0.00316453999370848,interpolado
0.3127359471894378,-0.003028549447557796,interpolado
0.3128357671534307,-0.002877236681190104,interpolado
0.3129355871174234,-0.0027166753367467915,interpolado
0.313,-0.002611,original
0.313135227045409,-0.0023926858032715195,interpolado
0.31323504700940186,-0.0022433047488422423,interpolado
0.31333486697339463,-0.002112290171027841,interpolado
0.3134346869373874,-0.0020071258588435204,interpolado
0.3135345069013803,-0.0019352956013042569,interpolado
0.31363432686537307,-0.0019042831874250998,interpolado
0.31373414682936585,-0.0019215724062211434,interpolado
0.3138339667933587,-0.001994647046707469,interpolado
0.31393378675735145,-0.0021309908978990547,interpolado
0.314,-0.00226,original
0.31413342668533706,-0.002610325933794188,interpolado
0.3142332466493299,-0.002924517389069177,interpolado
0.31433306661332266,-0.003255036645797943,interpolado
0.31443288657731544,-0.0035764674877716367,interpolado
0.3145327065413082,-0.0038633936987819673,interpolado
0.31463252650530105,-0.004090399062620565,interpolado
0.31473234646929377,-0.004232067363078691,interpolado
0.3148321664332866,-0.004262982383948002,interpolado
0.3149319863972794,-0.004157727909019977,interpolado
0.315,-0.003995,original
0.31513162632526504,-0.003463620003102316,interpolado
0.31523144628925787,-0.002915258051306285,interpolado
0.31533126625325064,-0.0022903012322200017,interpolado
0.3154310862172434,-0.0016328739581368756,interpolado
0.31553090618123625,-0.0009871006413514384,interpolado
0.31563072614522897,-0.000397105694156805,interpolado
0.31573054610922185,9.298647115257136e-05,interpolado
0.31583036607321463,0.00043905144228325807,interpolado
0.31593018603720746,0.0005969648069415032,interpolado
0.316,0.000572,original
0.3161298259651931,0.0002159150050749824,interpolado
0.3162296459291859,-0.0002555031809676373,interpolado
0.3163294658931787,-0.0008150282421588614,interpolado
0.31642928585717145,-0.0013865801936943634,interpolado
0.3165291058211642,-0.00189407905076884,interpolado
0.3166289257851571,-0.002261444828578131,interpolado
0.31672874574914983,-0.002412597542317161,interpolado
0.3168285657131426,-0.002271457207181544,interpolado
0.31692838567713544,-0.001761943838366253,interpolado
0.317,-0.001127,original
0.31712802560512104,0.00060020015471928,interpolado
0.31722784556911376,0.0023637928657090864,interpolado
0.31732766553310654,0.004369559523793748,interpolado
0.31742748549709937,0.006504968178857539,interpolado
0.31752730546109215,0.008657486880781108,interpolado
0.31762712542508503,0.01071458367944979,interpolado
0.31772694538907775,0.012563726624744316,interpolado
0.31782676535307053,0.014092383766548948,interpolado
0.31792658531706336,0.015188023154747224,interpolado
0.318,0.015652,original
0.31812622524504897,0.015697176178539895,interpolado
0.3182260452090418,0.01513662141516318,interpolado
0.3183258651730345,0.01414350520913522,interpolado
0.3184256851370274,0.012804270363966773,interpolado
0.3185255051010202,0.011205359683170943,interpolado
0.3186253250650129,0.009433215970257638,interpolado
0.3187251450290058,0.007574282028740461,interpolado
0.31882496499299856,0.0057150006621300405,interpolado
0.3189247849569914,0.0039418146739370165,interpolado
0.319,0.002715,original
0.31912442488497705,0.0009697578250695846,interpolado
0.31922424484896983,-0.0001708511312385521,interpolado
0.3193240648129626,-0.0010865886632399338,interpolado
0.31942388477695544,-0.0017831534383517741,interpolado
0.3195237047409482,-0.0022662441239901915,interpolado
0.3196235247049411,-0.002541559387572618,interpolado
0.3197233446689338,-0.0026147978965156394,interpolado
0.3198231646329266,-0.002491658318236353,interpolado
0.3199229845969194,-0.0021778393201514227,interpolado
0.32,-0.001809,original
0.3201226245249051,-0.0010092562841824404,interpolado
0.3202224444888978,-0.00019883010273842654,interpolado
0.3203222644528905,0.0007196289321418409,interpolado
0.32042208441688336,0.001713564152633684,interpolado
0.32052190438087613,0.0027504188909107416,interpolado
0.320621724344869,0.0037976364791488804,interpolado
0.32072154430886174,0.004822660249521676,interpolado
0.32082136427285446,0.005792933534204471,interpolado
0.32092118423684735,0.006675899665372475,interpolado
0.321,0.00729,original
0.32112082416483284,0.008058664514770242,interpolado
0.3212206441288257,0.008530080839825803,interpolado
0.3213204640928185,0.008851126039267703,interpolado
0.32142028405681144,0.009019628020885063,interpolado
0.3215201040208041,0.009033414692466433,interpolado
0.3216199239847969,0.008890313961800716,interpolado
0.32171974394878977,0.008588153736676452,interpolado
0.32181956391278255,0.008124761924882727,interpolado
0.32191938387677543,0.007497966434207782,interpolado
0.322,0.006871,original
0.322119023804761,0.00576096253283996,interpolado
0.32221884376875376,0.004711698757892878,interpolado
0.3223186637327466,0.0036105061768716157,interpolado
0.32241848369673937,0.0025100220737830203,interpolado
0.32251830366073214,0.0014628837326363497,interpolado
0.32261812362472486,0.0005217284374389958,interpolado
0.3227179435887177,-0.00026080652780140776,interpolado
0.3228177635527104,-0.0008320838790759615,interpolado
0.3229175835167033,-0.001139466332377226,interpolado
0.323,-0.001157,original
0.3231172234446888,-0.0007838643151486501,interpolado
0.3232170434086817,-0.00015414369667724026,interpolado
0.3233168633726745,0.0006933190265025738,interpolado
0.32341668333666734,0.0016931019100871647,interpolado
0.3235165033006601,0.002779783009770905,interpolado
0.32361632326465284,0.0038879403812498254,interpolado
0.3237161432286457,0.004952152080220004,interpolado
0.32381596319263856,0.005906996162375738,interpolado
0.32391578315663144,0.006687050683413525,interpolado
0.324,0.007161,original
0.32411542308461694,0.007486842241541219,interpolado
0.3242152430486098,0.007491174467320005,interpolado
0.3243150630126025,0.007274420799345294,interpolado
0.3244148829765953,0.006871048076627307,interpolado
0.3245147029405881,0.006315523138176927,interpolado
0.32461452290458087,0.0056423128230044025,interpolado
0.32471434286857376,0.004885883970119716,interpolado
0.3248141628325665,0.004080703418534143,interpolado
0.32491398279655936,0.003261238007257253,interpolado
0.325,0.00257,original
0.32511362272454486,0.0017111410141003192,interpolado
0.3252134426885377,0.0010208407400313633,interpolado
0.3253132626525305,0.0004003719974800076,interpolado
0.32541308261652324,-0.0001409358923059414,interpolado
0.3255129025805161,-0.0005937536080773941,interpolado
0.3256127225445089,-0.0009487518285861903,interpolado
0.32571254250850173,-0.001196601232583951,interpolado
0.32581236247249445,-0.0013279724988219139,interpolado
0.32591218243648734,-0.0013335363060517286,interpolado
0.326,-0.001227,original
0.3261118223644728,-0.0009403009628670671,interpolado
0.3262116423284658,-0.0005724425023691732,interpolado
0.32631146229245855,-0.0001353585276215931,interpolado
0.3264112822564514,0.00033599321679630924,interpolado
0.32651110222044416,0.0008066549863041903,interpolado
0.3266109221844369,0.0012416690363224994,interpolado
0.32671074214842977,0.0016060776222716064,interpolado
0.3268105621124225,0.0018649229995712849,interpolado
0.3269103820764153,0.0019832474236419553,interpolado
0.327,0.001941,original
0.32711002200440087,0.0016774593236684467,interpolado
0.3272098419683937,0.0012770416745893191,interpolado
0.3273096619323865,0.000774841415639889,interpolado
0.32740948189637925,0.0002208446454405355,interpolado
0.32750930186037197,-0.0003349625373884827,interpolado
0.32760912182436486,-0.0008425940342259633,interpolado
0.3277089417883576,-0.0012520637464518477,interpolado
0.32780876175235046,-0.0015133855754451001,interpolado
0.32790858171634324,-0.001576573422585417,interpolado
0.328,-0.001418,original
0.3281082216443288,-0.0009323275425193193,interpolado
0.3282080416083216,-0.00024601486729263123,interpolado
0.3283078615723144,0.0006055693004960562,interpolado
0.32840768153630717,0.0015607085258112433,interpolado
0.3285075015003,0.0025576863736176546,interpolado
0.3286073214642928,0.0035347864088783308,interpolado
0.3287071414282856,0.004430292196558457,interpolado
0.32880696139227844,0.0051824873016211815,interpolado
0.32890678135627116,0.005729655289031207,interpolado
0.329,0.006001,original
0.32910642128425677,0.005983616113459339,interpolado
0.32920624124824965,0.005680843295337298,interpolado
0.32930606121224243,0.005146858835372775,interpolado
0.32940588117623515,0.00442675515086812,interpolado
0.32950570114022804,0.0035656246591252694,interpolado
0.3296055211042208,0.0026085597774476448,interpolado
0.3297053410682137,0.0016006529231366805,interpolado
0.3298051610322064,0.0005869965134959602,interpolado
0.32990498099619925,-0.0003873170341726185,interpolado
0.33,-0.001237,original
0.3301046209241848,-0.002047707634875788,interpolado
0.33020444088817763,-0.0026991020580019367,interpolado
0.3303042608521704,-0.0032392433319187214,interpolado
0.33040408081616324,-0.0036759952346318283,interpolado
0.330503900780156,-0.0040172215441467134,interpolado
0.3306037207441488,-0.004270786038468293,interpolado
0.3307035407081417,-0.004444552495602151,interpolado
0.33080336067213445,-0.004546384693553392,interpolado
0.3309031806361272,-0.004584146410327422,interpolado
0.331,-0.004567,original
0.33110282056411283,-0.0044977041638639545,interpolado
0.33120264052810566,-0.0043823890233637575,interpolado
0.33130246049209844,-0.004220980561853795,interpolado
0.3314022804560912,-0.004014703368815086,interpolado
0.33150210042008404,-0.0037647820337285537,interpolado
0.3316019203840768,-0.003472441146075544,interpolado
0.33170174034806965,-0.0031389052953368054,interpolado
0.3318015603120625,-0.0027653990709937807,interpolado
0.33190138027605526,-0.0023531470625273655,interpolado
0.332,-0.001909,original
0.3321010202040409,-0.0014186857337526906,interpolado
0.3322008401680338,-0.0009070198635955268,interpolado
0.3323006601320266,-0.000377598944665957,interpolado
0.33240048009601936,0.0001603543296351263,interpolado
0.3325003000600122,0.0006976172659068473,interpolado
0.33260012002400496,0.0012249671707474348,interpolado
0.3326999399879977,0.0017331813507560166,interpolado
0.3327997599519906,0.0022130371125316777,interpolado
0.33289957991598335,0.00265531176267271,interpolado
0.333,0.003053,original
0.3330992198439689,0.003391302818876637,interpolado
0.33319903980796167,0.0036731073480360445,interpolado
0.3332988597719545,0.0038935465284740583,interpolado
0.3333986797359472,0.004049970693645797,interpolado
0.33349849969994005,0.0041397301770067976,interpolado
0.3335983196639327,0.004160175312012322,interpolado
0.3336981396279256,0.004108656432117805,interpolado
0.3337979595919184,0.003982523870778517,interpolado
0.33389777955591116,0.0037791279614499632,interpolado
0.334,0.003488,original
0.33409741948389676,0.0031328898350774987,interpolado
0.33419723944788954,0.0027032834953946263,interpolado
0.3342970594118824,0.002223342193082044,interpolado
0.33439687937587514,0.001709408146704854,interpolado
0.334496699339868,0.0011778235748270672,interpolado
0.33459651930386075,0.000644930696013842,interpolado
0.3346963392678536,0.0001270717288294474,interpolado
0.33479615923184647,-0.0003594111081618131,interpolado
0.33489597919583924,-0.0007981755963948314,interpolado
0.335,-0.001187,original
0.33509561912382485,-0.0014702084599028304,interpolado
0.3351954390878176,-0.001690590814324978,interpolado
0.33529525905181046,-0.0018383520584129402,interpolado
0.33539507901580323,-0.0019178179267527566,interpolado
0.335494898979796,-0.001933314153930722,interpolado
0.33559471894378884,-0.0018891664745330217,interpolado
0.3356945389077816,-0.001789700623145883,interpolado
0.33579435887177445,-0.0016392423343554092,interpolado
0.33589417883576717,-0.0014421173427479703,interpolado
0.336,-0.001187,original
0.33609381876375277,-0.0009269804415014176,interpolado
0.33619363872774555,-0.0006299159611194955,interpolado
0.33629345869173843,-0.00032886518051869994,interpolado
0.3363932786557312,-4.123581224270325e-05,interpolado
0.336493098619724,0.0002155644311654625,interpolado
0.3365929185837169,0.00042412783716217357,interpolado
0.33669273854770965,0.0005670466932042525,interpolado
0.3367925585117024,0.000626913286748375,interpolado
0.3368923784756953,0.000586319905251137,interpolado
0.337,0.00041,original
0.3370920184036809,0.0001409118680760509,interpolado
0.33719183836767364,-0.0002507766675975454,interpolado
0.33729165833166647,-0.0007126169552357193,interpolado
0.33739147829565924,-0.0012100150415294553,interpolado
0.3374912982596521,-0.0017083769731707761,interpolado
0.33759111822364474,-0.002173108796850626,interpolado
0.33769093818763757,-0.002569616559260799,interpolado
0.33779075815163034,-0.002863306307092933,interpolado
0.3378905781156232,-0.0030195840870382027,interpolado
0.338,-0.002992,original
0.3380902180436087,-0.0027891269862755836,interpolado
0.33819003800760156,-0.0023890293867400584,interpolado
0.3382898579715943,-0.0018307165675738556,interpolado
0.3383896779355871,-0.0011413511103992718,interpolado
0.33848949789957994,-0.00034809559683770077,interpolado
0.3385893178635727,0.0005218873914896957,interpolado
0.33868913782756555,0.0014414352729602766,interpolado
0.3387889577915583,0.0023833854659533653,interpolado
0.33888877775555115,0.0033205753888462465,interpolado
0.339,0.004326,original
0.33908841768353676,0.005073328620030364,interpolado
0.3391882376475296,0.0058445456278647554,interpolado
0.33928805761152236,0.006523590675307335,interpolado
0.33938787757551514,0.007094563751894976,interpolado
0.3394876975395079,0.007541564847165721,interpolado
0.3395875175035007,0.007848693950657331,interpolado
0.3396873374674935,0.008000051051907098,interpolado
0.3397871574314863,0.0079797361404528,interpolado
0.33988697739547913,0.007771849205832093,interpolado
0.34,0.00729,original
0.3400866173234648,0.006737616236773173,interpolado
0.3401864372874575,0.005942106598135867,interpolado
0.34028625725145034,0.005030185190244586,interpolado
0.3403860772154432,0.0040581037060558245,interpolado
0.340485897179436,0.0030821138385245532,interpolado
0.3405857171434288,0.0021584672806057373,interpolado
0.3406855371074216,0.0013434157252558841,interpolado
0.3407853570714145,0.0006932108654296076,interpolado
0.3408851770354072,0.0002641043940831097,interpolado
0.341,0.000117,original
0.3410848169633928,0.00028155797987504914,interpolado
0.3411846369273856,0.0007355465041072773,interpolado
0.34128445689137843,0.001407056219545922,interpolado
0.34138427685537115,0.002228759836937147,interpolado
0.3414840968193638,0.0031333300670281995,interpolado
0.34158391678335676,0.004053439620566521,interpolado
0.3416837367473495,0.004921761208297993,interpolado
0.34178355671134225,0.005670967540970428,interpolado
0.3418833766753351,0.006233731329329905,interpolado
0.342,0.006565,original
0.3420830166033207,0.006542052763064685,interpolado
0.3421828365673134,0.006252208438022974,interpolado
0.3422826565313063,0.005724998545061277,interpolado
0.34238247649529907,0.005012324110648289,interpolado
0.3424822964592918,0.004166086161251861,interpolado
0.3425821164232846,0.0032381857233395547,interpolado
0.3426819363872775,0.0022805238233805035,interpolado
0.34278175635127034,0.0013450014878417964,interpolado
0.34288157631526306,0.00048351974319257927,interpolado
0.343,-0.000371,original
0.3430812162432487,-0.0008153370552635451,interpolado
0.3431810362072415,-0.001199907609625919,interpolado
0.3432808561712343,-0.001416359734642811,interpolado
0.3433806761352271,-0.001475388655161311,interpolado
0.3434804960992199,-0.0013876895960289082,interpolado
0.3435803160632127,-0.0011639577820927675,interpolado
0.34368013602720554,-0.0008148884382004662,interpolado
0.34377995599119826,-0.0003511767891992416,interpolado
0.3438797759551911,0.00021648194006392463,interpolado
0.344,0.001023,original
0.3440794158831766,0.0016188492308679384,interpolado
0.3441792358471695,0.0024130752419301935,interpolado
0.34427905581116214,0.003225454914815167,interpolado
0.3443788757751551,0.004021338507928503,interpolado
0.3444786957391478,0.004766076279674515,interpolado
0.3445785157031407,0.0054250184884592,interpolado
0.34467833566713346,0.005963515392687022,interpolado
0.34477815563112624,0.00634691725076359,interpolado
0.34487797559511907,0.006540574321094163,interpolado
0.345,0.006469,original
0.34507761552310473,0.006227073111274383,interpolado
0.34517743548709745,0.0057204264335103516,interpolado
0.3452772554510902,0.005044654255763629,interpolado
0.34537707541508306,0.004254678323267704,interpolado
0.3454768953790759,0.003405420381257433,interpolado
0.3455767153430686,0.0025518021749658844,interpolado
0.34567653530706144,0.001748745449627985,interpolado
0.3457763552710542,0.0010511719504772057,interpolado
0.345876175235047,0.0005140034227472547,interpolado
0.346,0.000153,original
0.3460758151630326,0.00013252420390279942,interpolado
0.3461756351270254,0.0003141356465213715,interpolado
0.34627545509101815,0.0006820164247757581,interpolado
0.34637527505501103,0.0011809316942147997,interpolado
0.34647509501900375,0.0017556466103864515,interpolado
0.3465749149829966,0.002350926328839822,interpolado
0.34667473494698936,0.002911536005122762,interpolado
0.3467745549109822,0.0033822407947841377,interpolado
0.346874374874975,0.003707805853372615,interpolado
0.347,0.003826,original
0.3470740148029606,0.003709481005927457,interpolado
0.34717383476695335,0.0033507538665152933,interpolado
0.34727365473094607,0.002802894522427117,interpolado
0.347373474694939,0.002112275154754459,interpolado
0.3474732946589318,0.0013252679445900535,interpolado
0.3475731146229246,0.00048824507302502575,interpolado
0.3476729345869174,-0.00035242127884772736,interpolado
0.3477727545509101,-0.0011503589299367164,interpolado
0.347872574514903,-0.0018591956991503577,interpolado
0.348,-0.002561,original
0.34807221444288855,-0.0028288414846732307,interpolado
0.3481720344068813,-0.0030517825711686773,interpolado
0.34827185437087416,-0.003130230676963231,interpolado
0.34837167433486693,-0.0030932999188087963,interpolado
0.3484714942988597,-0.0029701044134573793,interpolado
0.34857131426285254,-0.0027897582776608264,interpolado
0.3486711342268453,-0.0025813756281713035,interpolado
0.34877095419083814,-0.0023740705817406737,interpolado
0.34887077415483103,-0.0021969572551208028,interpolado
0.349,-0.00206,original
0.3490704140828166,-0.0020467029722452622,interpolado
0.34917023404680936,-0.002094679629074816,interpolado
0.3492700540108021,-0.00220012400564763,interpolado
0.34936987397479496,-0.002339857559408321,interpolado
0.34946969393878774,-0.002490701747801258,interpolado
0.34956951390278057,-0.002629478028271044,interpolado
0.34966933386677346,-0.0027330078582622564,interpolado
0.3497691538307661,-0.0027781126952193024,interpolado
0.34986897379475895,-0.0027416139965867397,interpolado
0.35,-0.002531,original
0.3500686137227445,-0.002334183632737284,interpolado
0.3501684336867373,-0.0019564481661999275,interpolado
0.35026825365073017,-0.0015007767704981613,interpolado
0.35036807361472294,-0.0010011102695211328,interpolado
0.3504678935787158,-0.0004913894871590316,interpolado
0.3505677135427085,-5.55524730120398e-06,interpolado
0.35066753350670127,0.0004224516261629481,interpolado
0.3507673534706941,0.0007586903093433191,interpolado
0.3508671734346869,0.0009692199783506248,interpolado
0.351,0.000996,original
0.3510668133626724,0.0008813081603965603,interpolado
0.35116663332666526,0.0005679449070850257,interpolado
0.35126645329065803,0.0001240134854651879,interpolado
0.3513662732546509,-0.00040601016176219505,interpolado
0.3514660932186437,-0.0009776500918953158,interpolado
0.35156591318263647,-0.0015464303622332509,interpolado
0.35166573314662936,-0.0020678750300750686,interpolado
0.3517655531106221,-0.002497508152718971,interpolado
0.35186537307461496,-0.002790853787464185,interpolado
0.352,-0.002892,original
0.35206501300260046,-0.0027948975713039514,interpolado
0.3521648329665933,-0.002475533279263025,interpolado
0.35226465293058606,-0.001989682587104669,interpolado
0.35236447289457884,-0.0013823170332369391,interpolado
0.3524642928585717,-0.0006984081560690716,interpolado
0.3525641128225644,1.7072505990702017e-05,interpolado
0.35266393278655733,0.0007191534145342188,interpolado
0.35276375275055005,0.0013628630311521383,interpolado
0.35286357271454294,0.0019032298174365796,interpolado
0.353,0.002393,original
0.3530632126425285,0.002497064030601928,interpolado
0.3531630326065213,0.002506287512503712,interpolado
0.3532628525705141,0.0023486348812548612,interpolado
0.353362672534507,0.0020503739635237927,interpolado
0.35346249249849976,0.0016377725859794117,interpolado
0.3535623124624926,0.0011370985752901508,interpolado
0.3536621324264853,0.0005746197581242488,interpolado
0.3537619523904782,-2.3396038849096104e-05,interpolado
0.353861772354471,-0.0006306809889619548,interpolado
0.354,-0.001438,original
0.3540614122824566,-0.0017689002112958152,interpolado
0.35416123224644935,-0.002261997486291528,interpolado
0.35426105221044213,-0.0026972961073185226,interpolado
0.3543608721744349,-0.003072056468904449,interpolado
0.3544606921384277,-0.0033835389655760576,interpolado
0.35456051210242046,-0.0036290039918607424,interpolado
0.35466033206641323,-0.003805711942285749,interpolado
0.354760152030406,-0.00391092321137805,interpolado
0.35485997199439884,-0.003941898193664926,interpolado
0.355,-0.003855,original
0.3550596119223844,-0.0037708536838548627,interpolado
0.3551594318863772,-0.003574880512534214,interpolado
0.35525925185037,-0.0033239854587773874,interpolado
0.35535907181436277,-0.0030343826690612348,interpolado
0.35545889177835566,-0.002722286289862529,interpolado
0.3555587117423485,-0.0024039104676585646,interpolado
0.35565853170634126,-0.002095469348925954,interpolado
0.35575835167033415,-0.0018131770801419933,interpolado
0.35585817163432687,-0.0015732478077834506,interpolado
0.356,-0.001337,original
0.3560578115623125,-0.0012842563127512159,interpolado
0.3561576315263053,-0.001247916142710621,interpolado
0.3562574514902981,-0.001266191957238269,interpolado
0.3563572714542908,-0.0013219867412822255,interpolado
0.35645709141828363,-0.0013982034797906393,interpolado
0.3565569113822764,-0.0014777451577115222,interpolado
0.3566567313462693,-0.0015435147599930465,interpolado
0.356756551310262,-0.0015784152715832345,interpolado
0.3568563712742547,-0.0015653496774302327,interpolado
0.357,-0.001428,original
0.35705601120224034,-0.001327656213288401,interpolado
0.35715583116623323,-0.001082979401109602,interpolado
0.35725565113022595,-0.0007603381667321933,interpolado
0.3573554710942188,-0.00036722661465778735,interpolado
0.35745529105821156,8.886115061215843e-05,interpolado
0.3575551110222043,0.0006004310245754076,interpolado
0.3576549309861972,0.001159988902730794,interpolado
0.35775475095019,0.0017600406805759648,interpolado
0.3578545709141827,0.0023930922536094935,interpolado
0.358,0.003359,original
0.35805421084216843,0.0037280875675878276,interpolado
0.3581540308061612,0.004412304356034496,interpolado
0.358253850770154,0.005091984173999618,interpolado
0.35835367073414676,0.005754733418951146,interpolado
0.3584534906981396,0.0063881584883569925,interpolado
0.3585533106621324,0.0069798657796840205,interpolado
0.35865313062612525,0.007517461690400446,interpolado
0.358752950590118,0.007988552617973233,interpolado
0.3588527705541108,0.008380744959870274,interpolado
0.359,0.008789,original
0.3590524104820964,0.008879783694006695,interpolado
0.3591522304460892,0.008982642155570276,interpolado
0.35925205041008196,0.00901545377702173,interpolado
0.35935187037407484,0.009004135930455527,interpolado
0.35945169033806756,0.00897460598796603,interpolado
0.35955151030206045,0.008952781321647672,interpolado
0.3596513302660533,0.008964579303594844,interpolado
0.35975115023004595,0.009035917305901926,interpolado
0.3598509701940388,0.009192712700663304,interpolado
0.36,0.009642,original
0.3600506101220244,0.009864246791964423,interpolado
0.3601504300860172,0.010379914273598214,interpolado
0.36025025005001,0.010939132751501792,interpolado
0.3603500700140028,0.011471220706285359,interpolado
0.36044988997799565,0.011905496618559056,interpolado
0.36054970994198837,0.01217127896893231,interpolado
0.3606495299059812,0.01219788623801534,interpolado
0.36074934986997403,0.011914636906417824,interpolado
0.36084916983396675,0.011250849454749991,interpolado
0.3609489897979596,0.010135842363620957,interpolado
0.361,0.009369,original
0.36114862972594514,0.0063951611985555035,interpolado
0.36124844968993797,0.003963901321002646,interpolado
0.36134826965393074,0.0013674242432757894,interpolado
0.36144808961792363,-0.0012364527376685372,interpolado
0.3615479095819164,-0.0036899123248681585,interpolado
0.3616477295459091,-0.005835137221365326,interpolado
0.361747549509902,-0.007514310130201594,interpolado
0.36184736947389473,-0.008569613754415811,interpolado
0.3619471894378875,-0.008843230797049746,interpolado
0.362,-0.008618,original
0.3621468293658732,-0.0066100097606873525,interpolado
0.362246649329866,-0.004324279877353281,interpolado
0.3623464692938588,-0.0015380327449703508,interpolado
0.36244628925785155,0.0015372814381573912,interpolado
0.3625461092218443,0.004690212473719551,interpolado
0.3626459291858371,0.007709310163410883,interpolado
0.3627457491498298,0.01038312430892585,interpolado
0.36284556911382276,0.012500204711954517,interpolado
0.3629453890778155,0.013849101174192075,interpolado
0.363,0.014186,original
0.3631450290058011,0.01359864690852114,interpolado
0.36324484896979403,0.012144726575086182,interpolado
0.3633446689337867,0.010046656192211869,interpolado
0.3634444888977797,0.0074883675122468735,interpolado
0.36354430886177236,0.004653792287544858,interpolado
0.36364412882576513,0.0017268622704552875,interpolado
0.363743948789758,-0.0011084907866725992,interpolado
0.36384376875375074,-0.003668335131484812,interpolado
0.36394358871774357,-0.005768739011633207,interpolado
0.364,-0.006683,original
0.3641432286457291,-0.007993662749029424,interpolado
0.364243048609722,-0.008149117937691196,interpolado
0.36434286857371484,-0.0077926651017952,interpolado
0.36444268853770756,-0.0070209868637275494,interpolado
0.3645425085017003,-0.005930765845875534,interpolado
0.36464232846569306,-0.00461868467062522,interpolado
0.3647421484296859,-0.003181425960362175,interpolado
0.36484196839367866,-0.0017156723374744315,interpolado
0.3649417883576715,-0.0003181064243468649,interpolado
0.365,0.000427,original
0.3651414282856571,0.001938142097118033,interpolado
0.36524124824964993,0.0027587748242196724,interpolado
0.3653410682136427,0.003391702713268717,interpolado
0.36544088817763554,0.0038508065475726474,interpolado
0.3655407081416282,0.004149967110437723,interpolado
0.36564052810562103,0.004303065185171009,interpolado
0.3657403480696139,0.004323981555079244,interpolado
0.36584016803360664,0.004226597003469174,interpolado
0.3659399879975995,0.00402479231364747,interpolado
0.366,0.003859,original
0.366139627925585,0.0033673903512999592,interpolado
0.36623944788957785,0.0029515596101879725,interpolado
0.3663392678535706,0.0025075759384961724,interpolado
0.3664390878175635,0.002057967816379717,interpolado
0.36653890778155623,0.0016252637239937474,interpolado
0.36663872774554906,0.0012319921414941357,interpolado
0.3667385477095419,0.0009006815490358457,interpolado
0.3668383676735346,0.0006538604267746319,interpolado
0.36693818763752745,0.0005140572548656678,interpolado
0.367,0.000491,original
0.367137827565513,0.0006206551362224227,interpolado
0.3672376475295059,0.0008340732569542049,interpolado
0.3673374674934987,0.0011091612743535611,interpolado
0.3674372874574914,0.001411549078358181,interpolado
0.36753710742148415,0.001706866558905817,interpolado
0.367636927385477,0.0019607436059337216,interpolado
0.3677367473494698,0.0021388101093797306,interpolado
0.36783656731346265,0.002206695959181226,interpolado
0.36793638727745537,0.002130031045275927,interpolado
0.368,0.00199,original
0.3681360272054411,0.0014419283584320972,interpolado
0.3682358471694339,0.000878542756814774,interpolado
0.3683356671334267,0.00023681222267975816,interpolado
0.3684354870974194,-0.0004314251696015728,interpolado
0.3685353070614123,-0.0010743313456579016,interpolado
0.3686351270254051,-0.0016400682311168324,interpolado
0.3687349469893979,-0.002076797751607274,interpolado
0.3688347669533906,-0.0023326818327570587,interpolado
0.3689345869173835,-0.0023558824001948123,interpolado
0.369,-0.00222,original
0.369134226845369,-0.0015458331944829464,interpolado
0.3692340468093619,-0.0007705187215346279,interpolado
0.36933386677335467,0.0001615974871111032,interpolado
0.36943368673734744,0.0011815553830272073,interpolado
0.3695335067013403,0.002220394917786844,interpolado
0.36963332666533305,0.003209156042961419,interpolado
0.36973314662932577,0.004078878710124533,interpolado
0.36983296659331855,0.00476060287084778,interpolado
0.3699327865573113,0.005185368476704274,interpolado
0.37,0.005292,original
0.37013242648529704,0.005036794212878277,interpolado
0.3702322464492898,0.004490524978863663,interpolado
0.3703320664132827,0.0037020864555502983,interpolado
0.3704318863772754,0.002727431686827008,interpolado
0.37053170634126825,0.0016225137165822023,interpolado
0.370631526305261,0.00044328558870618734,interpolado
0.37073134626925386,-0.000754299652913229,interpolado
0.37083116623324675,-0.0019142889643856418,interpolado
0.3709309861972394,-0.0029807293018226616,interpolado
0.371,-0.003634,original
0.371130626125225,-0.004626031754654729,interpolado
0.37123044608921785,-0.005151911758593436,interpolado
0.37133026605321073,-0.005464772874806754,interpolado
0.3714300860172035,-0.005553858924572142,interpolado
0.37152990598119623,-0.005408413729166566,interpolado
0.37162972594518895,-0.005017681109867293,interpolado
0.3717295459091819,-0.004370904887950989,interpolado
0.37182936587317456,-0.0034573288846954805,interpolado
0.37192918583716733,-0.0022661969213775917,interpolado
0.372,-0.001247,original
0.372128825765153,0.0009533950142249512,interpolado
0.37222864572914566,0.00286560426546774,interpolado
0.3723284656931386,0.004853108911093402,interpolado
0.3724282856571313,0.006819580829730289,interpolado
0.3725281056211242,0.008668691900011054,interpolado
0.3726279255851169,0.010304114000564201,interpolado
0.37272774554910976,0.011629519010021393,interpolado
0.3728275655131026,0.012548578807013601,interpolado
0.37292738547709536,0.012964965270170358,interpolado
0.373,0.012897,original
0.37312702540508097,0.011975812466865528,interpolado
0.3732268453690738,0.010641487642581228,interpolado
0.3733266653330666,0.008891657110568982,interpolado
0.37342648529705935,0.006837900664524145,interpolado
0.3735263052610522,0.0045917980981379355,interpolado
0.3736261252250449,0.002264929205106262,interpolado
0.37372594518903773,-3.112622087872056e-05,interpolado
0.37382576515303056,-0.002184788386124782,interpolado
0.37392558511702334,-0.004084477496936122,interpolado
0.374,-0.005269,original
0.374125225045009,-0.006728675328131452,interpolado
0.37422504500900183,-0.007451861973805838,interpolado
0.37432486497299466,-0.007838279739786548,interpolado
0.3744246849369874,-0.007937591633630527,interpolado
0.37452450490098016,-0.0077994606628952875,interpolado
0.374624324864973,-0.007473549835138355,interpolado
0.37472414482896577,-0.007009522157917058,interpolado
0.37482396479295865,-0.006457040638788418,interpolado
0.3749237847569513,-0.00586576828531042,interpolado
0.375,-0.005419,original
0.37512342468493703,-0.004749489859357086,interpolado
0.37522324464892975,-0.004261078166445723,interpolado
0.3753230646129227,-0.0038188590920892594,interpolado
0.3754228845769153,-0.0034216707154539655,interpolado
0.3755227045409082,-0.003068351115705186,interpolado
0.37562252450490097,-0.002757738372009096,interpolado
0.3757223444688937,-0.002488670563531272,interpolado
0.3758221644328865,-0.0022599857694373822,interpolado
0.37592198439687924,-0.0020705220688934647,interpolado
0.376,-0.001949,original
0.37612162432486496,-0.0018038752882248673,interpolado
0.37622144428885773,-0.0017214021744276417,interpolado
0.3763212642528505,-0.0016680941442394407,interpolado
0.3764210842168433,-0.0016403513771193704,interpolado
0.3765209041808361,-0.0016345740525264432,interpolado
0.37662072414482894,-0.0016471623499197123,interpolado
0.3767205441088217,-0.0016745164487582162,interpolado
0.37682036407281444,-0.0017130365285010262,interpolado
0.3769201840368073,-0.0017591227686071468,interpolado
0.377,-0.001799,original
0.37711982396479293,-0.0018583021035321378,interpolado
0.37721964392878565,-0.0018988203980412474,interpolado
0.37731946389277854,-0.0019226415854319385,interpolado
0.37741928385677137,-0.0019216830321635446,interpolado
0.37751910382076415,-0.0018878621046954178,interpolado
0.3776189237847569,-0.0018130961694869574,interpolado
0.3777187437487496,-0.0016893025929975163,interpolado
0.3778185637127426,-0.0015083987416863423,interpolado
0.3779183836767353,-0.0012623019820129956,interpolado
0.378,-0.001007,original
0.37811802360472085,-0.0005488677699565964,interpolado
0.37821784356871374,-9.396131900378707e-05,interpolado
0.3783176635327065,0.0004056414860108981,interpolado
0.37841748349669935,0.0009338169267972851,interpolado
0.37851730346069207,0.0014744412850660295,interpolado
0.378617123424685,0.0020113908425278136,interpolado
0.37871694338867773,0.0025285418808924215,interpolado
0.37881676335267056,0.003009770681870797,interpolado
0.3789165833166634,0.0034389535271727866,interpolado
0.379,0.003746,original
0.379116223244649,0.004080545130339926,interpolado
0.3792160432086418,0.004277773555068585,interpolado
0.37931586317263466,0.004390206740525965,interpolado
0.3794156831366274,0.004416388606563115,interpolado
0.3795155031006201,0.004354863073031306,interpolado
0.37961532306461293,0.004204174059781607,interpolado
0.3797151430286058,0.003962865486665366,interpolado
0.3798149629925985,0.003629481273533491,interpolado
0.3799147829565913,0.0032025653402375353,interpolado
0.38,0.002763,original
0.380114422884577,0.0020719764363078567,interpolado
0.38021424284856964,0.0014094924151910175,interpolado
0.3803140628125625,0.0007302638907791178,interpolado
0.3804138827765553,7.132512577652858e-05,interpolado
0.380513702740548,-0.0005302896171135196,interpolado
0.38061352270454085,-0.0010375460751876745,interpolado
0.38071334266853374,-0.001413409985741753,interpolado
0.3808131626325265,-0.0016208470860725249,interpolado
0.3809129825965193,-0.001622823113476139,interpolado
0.381,-0.001428,original
0.3811126225245049,-0.0008843352524804284,interpolado
0.3812124424884977,-0.00017384424334327607,interpolado
0.3813122624524905,0.0006939279831894607,interpolado
0.3814120824164833,0.0016637726236557922,interpolado
0.381511902380476,0.0026804808745951605,interpolado
0.38161172234446883,0.0036888439325471097,interpolado
0.3817115423084616,0.004633652994049496,interpolado
0.38181136227245444,0.005459699255642298,interpolado
0.38191118223644727,0.006111773913863573,interpolado
0.382,0.006501,original
0.3821108221644329,0.006694914757091172,interpolado
0.3822106421284256,0.006621375602782788,interpolado
0.3823104620924186,0.006354189774435538,interpolado
0.38241028205641137,0.005933475070150927,interpolado
0.38251010202040414,0.005399349288030064,interpolado
0.38260992198439703,0.0047919302261737965,interpolado
0.3827097419483898,0.004151335682684016,interpolado
0.3828095619123827,0.003517683455661257,interpolado
0.38290938187637547,0.002931091343207444,interpolado
0.383,0.002473,original
0.3831090218043611,0.0020492059754135187,interpolado
0.38320884176835396,0.0017820816028086823,interpolado
0.3833086617323467,0.0016227378074144148,interpolado
0.3834084816963395,0.0015636145959989159,interpolado
0.3835083016603323,0.0015971519753304531,interpolado
0.38360812162432495,0.0017157899521772608,interpolado
0.38370794158831784,0.0019119685333074102,interpolado
0.3838077615523106,0.002178127725489149,interpolado
0.38390758151630344,0.002506707535490882,interpolado
0.384,0.00286,original
0.38410722144428894,0.003318561272840927,interpolado
0.38420704140828177,0.0037746110696100987,interpolado
0.38430686137227443,0.004239467291789585,interpolado
0.38440668133626726,0.004694300636465073,interpolado
0.38450650130026004,0.005120281800721491,interpolado
0.3846063212642528,0.0054985814816447326,interpolado
0.3847061412282456,0.00581037037631981,interpolado
0.3848059611922384,0.0060368191818323935,interpolado
0.3849057811562312,0.006159098595267955,interpolado
0.385,0.006162,original
0.38510542108421686,0.0060234005880052946,interpolado
0.38520524104820963,0.0057684774487071835,interpolado
0.3853050610122025,0.005413332576577035,interpolado
0.38540488097619535,0.004977687517219236,interpolado
0.38550470094018807,0.0044812638162389316,interpolado
0.3856045209041809,0.003943783019240252,interpolado
0.38570434086817373,0.003384966671828453,interpolado
0.38580416083216656,0.002824536319607899,interpolado
0.3859039807961594,0.0022822135081829484,interpolado
0.386,0.001796,original
0.38610362072414495,0.0013274817429964612,interpolado
0.3862034406881377,0.0009361700478971699,interpolado
0.38630326065213044,0.0006058330083207006,interpolado
0.3864030806161233,0.0003385190973266862,interpolado
0.3865029005801161,0.00013627678797518755,interpolado
0.3866027205441089,1.1545533257457464e-06,interpolado
0.38670254050810166,-6.479913356172547e-05,interpolado
0.3868023604720944,-5.953579962755665e-05,interpolado
0.38690218043608726,1.8993028188079826e-05,interpolado
0.387,0.000169,original
0.3871018203640727,0.000401070509581808,interpolado
0.38720164032806553,0.0006915862893393382,interpolado
0.3873014602920583,0.0010296383094301324,interpolado
0.3874012802560511,0.0014004817395929352,interpolado
0.38750110022004397,0.0017893717495658602,interpolado
0.3876009201840367,0.002181563509087854,interpolado
0.3877007401480295,0.0025623121878970054,interpolado
0.3878005601120224,0.002916872955732066,interpolado
0.3879003800760151,0.0032305009823317262,interpolado
0.388,0.003488,original
0.38810002000400073,0.003677244950312401,interpolado
0.3881998399679936,0.0037884336477079115,interpolado
0.3882996599319863,0.003814819991083878,interpolado
0.3883994798959792,0.0037492064418931706,interpolado
0.388499299859972,0.0035843954615887904,interpolado
0.3885991198239649,0.003313189511623477,interpolado
0.3886989397879576,0.0029283910534504617,interpolado
0.38879875975195044,0.002422802548522557,interpolado
0.38889857971594327,0.0017892264582923068,interpolado
0.389,0.001007,original
0.38909821964392877,0.00011769876143633328,interpolado
0.3891980396079216,-0.0008827322375770624,interpolado
0.38929785957191443,-0.0019352638029902993,interpolado
0.3893976795359072,-0.002994331948733565,interpolado
0.38949749949990004,-0.004014372688734739,interpolado
0.38959731946389276,-0.004949822036923483,interpolado
0.38969713942788564,-0.005755116007229275,interpolado
0.3897969593918785,-0.006384690613580276,interpolado
0.38989677935587125,-0.0067929818699062,interpolado
0.39,-0.006934,original
0.3900964192838568,-0.006778089728872124,interpolado
0.39019623924784963,-0.0063578687671268464,interpolado
0.39029605921184235,-0.005725606561431323,interpolado
0.39039587917583524,-0.00493314741024903,interpolado
0.39049569913982796,-0.0040323356120449865,interpolado
0.3905955191038208,-0.0030750154652829137,interpolado
0.3906953390678137,-0.0021130312684263996,interpolado
0.39079515903180634,-0.0011982273199406517,interpolado
0.3908949789957993,-0.0003824479182888349,interpolado
0.391,0.000312,original
0.3910946189237848,0.0007546817442581166,interpolado
0.3911944388877776,0.001039267422394889,interpolado
0.3912942588517703,0.0011549746661854016,interpolado
0.3913940788157632,0.001120560133817981,interpolado
0.391493898779756,0.0009547804834808499,interpolado
0.39159371874374876,0.0006763923733622046,interpolado
0.39169353870774154,0.0003041524616499905,interpolado
0.3917933586717343,-0.00014318259346719439,interpolado
0.39189317863572726,-0.0006468561338016488,interpolado
0.392,-0.001227,original
0.39209281856371275,-0.0017465269254234048,interpolado
0.3921926385277056,-0.0022934554152843774,interpolado
0.3922924584916983,-0.0027977147115417177,interpolado
0.39239227845569113,-0.0032281218403403668,interpolado
0.39249209841968385,-0.0035534938278242484,interpolado
0.3925919183836767,-0.003742647700138041,interpolado
0.39269173834766946,-0.003764400483426119,interpolado
0.3927915583116623,-0.0035875692038328643,interpolado
0.39289137827565507,-0.003180970887502456,interpolado
0.393,-0.002441,original
0.39309101820364073,-0.0015671234477470165,interpolado
0.3931908381676335,-0.0003940937662576717,interpolado
0.3932906581316262,0.0009309493164646355,interpolado
0.3933904780956191,0.0023332765311617223,interpolado
0.39349029805961194,0.003738158608572431,interpolado
0.3935901180236047,0.005070866279437962,interpolado
0.3936899379875976,0.006256670274499357,interpolado
0.3937897579515903,0.007220841324495696,interpolado
0.3938895779155832,0.007888650160168396,interpolado
0.394,0.008192,original
0.3940892178435688,0.008053616560214088,interpolado
0.3941890378075616,0.007531674404978351,interpolado
0.39428885777155437,0.006690599967236648,interpolado
0.3943886777355472,0.005601481287166786,interpolado
0.3944884976995401,0.0043354064049486605,interpolado
0.39458831766353275,0.0029634633607603816,interpolado
0.3946881376275256,0.0015567401947798264,interpolado
0.39478795759151836,0.00018632494718724392,interpolado
0.3948877775555112,-0.0010766943418394925,interpolado
0.395,-0.00228,original
0.3950874174834968,-0.0030073327629335125,interpolado
0.3951872374474895,-0.003619958143348262,interpolado
0.39528705741148235,-0.00402750103891186,interpolado
0.3953868773754751,-0.004258388528655894,interpolado
0.39548669733946795,-0.00434104769161156,interpolado
0.3955865173034608,-0.00430390560680997,interpolado
0.39568633726745367,-0.004175389353282302,interpolado
0.3957861572314464,-0.003983926010059898,interpolado
0.39588597719543916,-0.003757942656173898,interpolado
0.396,-0.003494,original
0.3960856171234247,-0.0033124857853247254,interpolado
0.39618543708741755,-0.0031201754895439538,interpolado
0.39628525705141027,-0.0029427822343512317,interpolado
0.39638507701540304,-0.002774136161159799,interpolado
0.3964848969793959,-0.0026080674113829177,interpolado
0.3965847169433887,-0.0024384061264341238,interpolado
0.39668453690738154,-0.002258982447726574,interpolado
0.39678435687137426,-0.002063626516673817,interpolado
0.3968841768353671,-0.0018461684746891131,interpolado
0.397,-0.001558,original
0.3970838167633527,-0.0013224452438664743,interpolado
0.3971836367273454,-0.0010223953356305274,interpolado
0.39728345669133824,-0.0007161833750633077,interpolado
0.397383276655331,-0.00041971916259826047,interpolado
0.3974830966193239,-0.00014891249866885346,interpolado
0.39758291658331674,8.032681629099704e-05,interpolado
0.39768273654730946,0.0002520889818479186,interpolado
0.3977825565113023,0.000350464197568106,interpolado
0.3978823764752951,0.000359542663018063,interpolado
0.398,0.000234,original
0.3980820164032808,4.9899709196003055e-05,interpolado
0.3981818363672735,-0.000267456245739434,interpolado
0.39828165633126633,-0.0006642590128639182,interpolado
0.3983814762952591,-0.0011160761695442056,interpolado
0.39848129625925194,-0.0015984752931471765,interpolado
0.39858111622324466,-0.0020870239610388894,interpolado
0.3986809361872376,-0.002557289750586467,interpolado
0.3987807561512303,-0.00298484023915598,interpolado
0.39888057611522315,-0.0033452430041143078,interpolado
0.399,-0.003654,original
0.39908021604320876,-0.003769864085209105,interpolado
0.3991800360072015,-0.003813026589683179,interpolado
0.3992798559711943,-0.0037536280696487657,interpolado
0.39937967593518703,-0.0036017870785042152,interpolado
0.3994794958991799,-0.0033676221696476733,interpolado
0.3995793158631727,-0.003061251896477701,interpolado
0.39967913582716547,-0.0026927948123922673,interpolado
0.39977895579115824,-0.0022723694707900825,interpolado
0.39987877575515096,-0.0018100944250692547,interpolado
0.4,-0.001207,original
0.4000784156831367,-0.0008013129156753498,interpolado
0.4001782356471294,-0.0002832614976931582,interpolado
0.4002780556111222,0.00021752536173871213,interpolado
0.40037787557511495,0.0006804898449252193,interpolado
0.40047769553910784,0.0010850741341712365,interpolado
0.40057751550310067,0.0014107204117809744,interpolado
0.40067733546709344,0.0016368708600593435,interpolado
0.4007771554310863,0.0017429676613110365,interpolado
0.40087697539507905,0.001708452997840594,interpolado
0.401,0.001442,original
0.40107661532306454,0.0011406220107157369,interpolado
0.4011764352870573,0.0006199494192491797,interpolado
0.40127625525105026,-1.0175554128528832e-07,interpolado
0.40137607521504304,-0.0006702382974072869,interpolado
0.40147589517903587,-0.0013411669901018531,interpolado
0.4015757151430287,-0.001963594617376557,interpolado
0.40167553510702136,-0.002488227962984115,interpolado
0.40177535507101425,-0.002865773810677032,interpolado
0.4018751750350071,-0.0030469389442072062,interpolado
0.402,-0.002922,original
0.4020748149629926,-0.002630838398770012,interpolado
0.4021746349269854,-0.002019491191061889,interpolado
0.4022744548909782,-0.0012111567367391375,interpolado
0.402374274854971,-0.00026889760413341635,interpolado
0.4024740948189638,0.0007442236384255131,interpolado
0.4025739147829567,0.001765144422605766,interpolado
0.40267373474694934,0.0027308021800771555,interpolado
0.4027735547109422,0.0035781343425093795,interpolado
0.40287337467493495,0.004244078341570734,interpolado
0.403,0.004729,original
0.4030730146029205,0.004786890869060581,interpolado
0.4031728345669134,0.004620301392232482,interpolado
0.40327265453090616,0.004214897141909648,interpolado
0.403372474494899,0.0036201352348731674,interpolado
0.40347229445889177,0.0028854727879030575,interpolado
0.4035721144228846,0.002060366917780771,interpolado
0.40367193438687743,0.0011942747412865525,interpolado
0.4037717543508702,0.00033665337520055093,interpolado
0.4038715743148631,-0.0004630400636956419,interpolado
0.404,-0.001327,original
0.40407121424284864,-0.0016947756401383515,interpolado
0.4041710342068414,-0.0020748532235337724,interpolado
0.40427085417083425,-0.002311316214774942,interpolado
0.4043706741348269,-0.0024201563383401212,interpolado
0.4044704940988199,-0.0024173653187079683,interpolado
0.40457031406281274,-0.0023189348803570107,interpolado
0.4046701340268054,-0.0021408567477657924,interpolado
0.4047699539907982,-0.0018991226454126825,interpolado
0.404869773954791,-0.0016097242977764744,interpolado
0.405,-0.001187,original
0.4050694138827766,-0.000951313743973087,interpolado
0.4051692338467694,-0.0006069395445580903,interpolado
0.4052690538107622,-0.00026108001018973514,interpolado
0.40536887377475495,8.076510368904179e-05,interpolado
0.4054686937387478,0.00041309604163606146,interpolado
0.4055685137027405,0.0007304130482084015,interpolado
0.4056683336667333,0.001027216367963698,interpolado
0.40576815363072616,0.001298006245459543,interpolado
0.4058679735947188,0.0015372829252530804,interpolado
0.406,0.001796,original
0.40606761352270454,0.0018999735839120603,interpolado
0.40616743348669726,0.0020213002485418574,interpolado
0.40626725345069015,0.0021110033502865404,interpolado
0.40636707341468287,0.0021766326434250957,interpolado
0.4064668933786757,0.002225737882236666,interpolado
0.4065667133426686,0.002265868821000357,interpolado
0.4066665333066613,0.002304575213995209,interpolado
0.4067663532706541,0.00234940681550036,interpolado
0.4068661732346469,0.0024079133797948477,interpolado
0.407,0.002521,original
0.4070658131626326,0.002595024144950826,interpolado
0.40716563312662524,0.002723027045607877,interpolado
0.4072654530906181,0.002855780481725166,interpolado
0.40736527305461084,0.0029772561897334145,interpolado
0.4074650930186036,0.003071425906063575,interpolado
0.40756491298259645,0.00312226136714654,interpolado
0.40766473294658917,0.003113734309413124,interpolado
0.4077645529105821,0.003029816469294176,interpolado
0.4078643728745747,0.002854479583220658,interpolado
0.408,0.002441,original
0.40806401280256027,0.002167220101021014,interpolado
0.4081638327665532,0.0016495887326551466,interpolado
0.408263652730546,0.0010430596655765026,interpolado
0.4083634726945388,0.00037220361833850875,interpolado
0.4084632926585316,-0.00033840869050641133,interpolado
0.4085631126225244,-0.0010642065424059206,interpolado
0.40866293258651726,-0.0017806192188064632,interpolado
0.4087627525505101,-0.0024630760011560655,interpolado
0.4088625725145028,-0.0030870061709012183,interpolado
0.409,-0.003805,original
0.40906221244248847,-0.0040625958125176005,interpolado
0.40916203240648125,-0.004390056650569462,interpolado
0.4092618523704741,-0.004624755639587292,interpolado
0.40936167233446685,-0.0047815785687374286,interpolado
0.4094614922984596,-0.0048754112271866094,interpolado
0.40956131226245235,-0.004921139404101438,interpolado
0.4096611322264452,-0.004933648888648453,interpolado
0.40976095219043807,-0.004927825469994275,interpolado
0.4098607721544308,-0.004918554937305502,interpolado
0.41,-0.004928,original
0.4100604120824164,-0.004948080925690934,interpolado
0.41016023204640917,-0.004997745612683361,interpolado
0.41026005201040205,-0.005054203909090118,interpolado
0.4103598719743947,-0.005101627603858612,interpolado
0.41045969193838755,-0.005124188485936356,interpolado
0.41055951190238044,-0.005106058344270807,interpolado
0.4106593318663732,-0.005031408967809456,interpolado
0.4107591518303661,-0.004884412145499684,interpolado
0.4108589717943588,-0.004649239666289122,interpolado
0.411,-0.004136,original
0.4110586117223445,-0.0038528362964543434,interpolado
0.4111584316863372,-0.003291569348185574,interpolado
0.41125825165033014,-0.0026626125374303923,interpolado
0.41135807161432286,-0.0020029350277251216,interpolado
0.4114578915783157,-0.0013495059826050392,interpolado
0.41155771154230847,-0.000739294565605437,interpolado
0.41165753150630124,-0.00020926994026261922,interpolado
0.4117573514702941,0.00020359872988815668,interpolado
0.41185717143428685,0.00046234228131137505,interpolado
0.412,0.000491,original
0.41205681136227257,0.0003727493802786884,interpolado
0.4121566313262652,1.0606503395238501e-05,interpolado
0.41225645129025806,-0.0004915463039536701,interpolado
0.41235627125425084,-0.0010674420247677042,interpolado
0.41245609121824367,-0.0016508136420455316,interpolado
0.41255591118223645,-0.0021753941387870584,interpolado
0.4126557311462292,-0.0025749164979910087,interpolado
0.4127555511102219,-0.0027831137026570352,interpolado
0.4128553710742148,-0.0027337187357843688,interpolado
0.413,-0.00207,original
0.41305501100220043,-0.0016017606525709932,interpolado
0.4131548309661932,-0.0004815758720559924,interpolado
0.413254650930186,0.0009012472336389737,interpolado
0.41335447089417876,0.0024453388142463895,interpolado
0.4134542908581716,0.004049329019496088,interpolado
0.4135541108221644,0.005611847999121332,interpolado
0.4136539307861573,0.007031525902851931,interpolado
0.4137537507501499,0.008206992880420374,interpolado
0.4138535707141428,0.009036879081558608,interpolado
0.414,0.009417,original
0.4140532106421284,0.009259532338885363,interpolado
0.4141530306061212,0.008560729645604344,interpolado
0.4142528505701139,0.007420722232755383,interpolado
0.4143526705341068,0.0059402551174027535,interpolado
0.41445249049809957,0.00422007331661329,interpolado
0.41455231046209245,0.002360921847450366,interpolado
0.4146521304260852,0.0004635457269812483,interpolado
0.4147519503900779,-0.001371310027729915,interpolado
0.41485177035407084,-0.0030429003996188283,interpolado
0.415,-0.005008,original
0.41505141028205633,-0.005496752253924932,interpolado
0.41515123024604916,-0.0061583793315669825,interpolado
0.41525105021004205,-0.006483141873081512,interpolado
0.41535087017403477,-0.006521698401830768,interpolado
0.4154506901380276,-0.0063247074411770365,interpolado
0.4155505101020204,-0.005942827514482457,interpolado
0.4156503300660131,-0.005426717145109779,interpolado
0.4157501500300059,-0.004827034856421141,interpolado
0.4158499699939987,-0.0041944391717784885,interpolado
0.41594978995799153,-0.0035795886145448506,interpolado
0.416,-0.003293,original
0.41614942988597714,-0.002574184078111936,interpolado
0.41624924984996986,-0.002201569616676903,interpolado
0.4163490698139628,-0.0019083331074767498,interpolado
0.4164488897779555,-0.0016886646685428022,interpolado
0.4165487097419484,-0.0015367544179058132,interpolado
0.41664852970594124,-0.0014467924735969506,interpolado
0.416748349669934,-0.0014129689536471158,interpolado
0.4168481696339267,-0.0014294739760873335,interpolado
0.41694798959791957,-0.0014904976589485857,interpolado
0.417,-0.001538,original
0.4171476295259051,-0.001718308571052383,interpolado
0.41724744948989795,-0.0018611416522939038,interpolado
0.4173472694538908,-0.002004320371437244,interpolado
0.4174470894178835,-0.0021335903729263347,interpolado
0.4175469093818763,-0.002234697301205355,interpolado
0.41764672934586905,-0.002293386800718418,interpolado
0.4177465493098619,-0.002295404515909552,interpolado
0.4178463692738547,-0.0022264960912228376,interpolado
0.41794618923784743,-0.0020724071711024435,interpolado
0.418,-0.001949,original
0.4181458291658331,-0.0014692716727083758,interpolado
0.41824564912982587,-0.00104064487968575,interpolado
0.4183454690938187,-0.0005531713282103328,interpolado
0.41844528905781153,-2.646655559581696e-05,interpolado
0.4185451090218043,0.0005198539008449095,interpolado
0.4186449289857972,0.0010661745037990034,interpolado
0.41874474894979,0.0015928797159527066,interpolado
0.4188445689137828,0.0020803539999934358,interpolado
0.41894438887777563,0.0025089818186074995,interpolado
0.419,0.002715,original
0.4191440288057612,0.0031267522805124444,interpolado
0.41924384876975385,0.003320932631844829,interpolado
0.4193436687337468,0.0034535135743912044,interpolado
0.4194434886977395,0.0035358712802234706,interpolado
0.41954330866173234,0.0035793819214137677,interpolado
0.4196431286257251,0.0035954216700341416,interpolado
0.4197429485897177,0.0035953666981566263,interpolado
0.41984276855371067,0.0035905931778532837,interpolado
0.4199425885177034,0.0035924772811961676,interpolado
0.42,0.003601,original
0.420142228445689,0.003654718520768649,interpolado
0.42024204840968177,0.0037173126584475226,interpolado
0.4203418683736747,0.0037968395104672203,interpolado
0.4204416883376675,0.003890146679313564,interpolado
0.4205415083016603,0.003994081767472506,interpolado
0.42064132826565304,0.004105492377430021,interpolado
0.4207411482296459,0.004221226111671897,interpolado
0.4208409681936387,0.004338130572684173,interpolado
0.42094078815763153,0.004453053362952627,interpolado
0.421,0.004519,original
0.4211404280856173,0.004669816186594542,interpolado
0.4212402480496099,0.004781807793514231,interpolado
0.4213400680136028,0.0049075884950853755,interpolado
0.4214398879775956,0.005055797565209473,interpolado
0.4215397079415883,0.005235074277788229,interpolado
0.4216395279055811,0.005454057906723416,interpolado
0.42173934786957384,0.005721387725916434,interpolado
0.4218391678335668,0.006045703009269227,interpolado
0.4219389877975595,0.006435643030683077,interpolado
0.422,0.00671,original
0.422138627725545,0.007431997674758318,interpolado
0.4222384476895378,0.008009490166400788,interpolado
0.4223382676535306,0.00860713226063862,interpolado
0.42243808761752344,0.009200059805781086,interpolado
0.42253790758151627,0.009763408650138463,interpolado
0.42263772754550916,0.010272314642020967,interpolado
0.42273754750950193,0.010701913629737976,interpolado
0.42283736747349476,0.011027341461599876,interpolado
0.4229371874374875,0.011223733985916256,interpolado
0.423,0.01127,original
0.42313682736547326,0.011154145495409436,interpolado
0.423236647329466,0.010915200362893483,interpolado
0.42333646729345864,0.010581357182945382,interpolado
0.4234362872574516,0.010184102893959216,interpolado
0.4235361072214443,0.009754924434329744,interpolado
0.4236359271854372,0.009325308742450845,interpolado
0.42373574714942985,0.008926742756717315,interpolado
0.42383556711342263,0.008590713415523223,interpolado
0.4239353870774155,0.00834870765726278,interpolado
0.424,0.008257,original
0.42413502700540107,0.008242540074029117,interpolado
0.4242348469693938,0.00834294383795031,interpolado
0.4243346669333867,0.008491231093056766,interpolado
0.42443448689737945,0.008645744114354847,interpolado
0.4245343068613722,0.008764825176850663,interpolado
0.424634126825365,0.008806816555550585,interpolado
0.4247339467893577,0.008730060525460845,interpolado
0.42483376675335055,0.00849289936158778,interpolado
0.4249335867173434,0.008053675338937378,interpolado
0.425,0.007629,original
0.425133226645329,0.006442814786429423,interpolado
0.4252330466093219,0.005323326379971155,interpolado
0.42533286657331465,0.004073218152370685,interpolado
0.4254326865373075,0.0027528056789487662,interpolado
0.42553250650130026,0.001422404535028382,interpolado
0.42563232646529303,0.00014233029592962236,interpolado
0.4257321464292858,-0.0010271014630245739,interpolado
0.42583196639327864,-0.002025575166513443,interpolado
0.4259317863572715,-0.0027927752392158467,interpolado
0.426,-0.003153,original
0.4261314262852572,-0.0034325338303028974,interpolado
0.42623124624924985,-0.00332387368285853,interpolado
0.4263310662132426,-0.002988965357621267,interpolado
0.4264308861772354,-0.002473806072855501,interpolado
0.42653070614122807,-0.0018243930468265454,interpolado
0.42663052610522106,-0.0010867234977984558,interpolado
0.4267303460692138,-0.000306794644036792,interpolado
0.42683016603320645,0.00046939629619411694,interpolado
0.42692998599719933,0.0011958521046299291,interpolado
0.427,0.001651,original
0.42712962592518494,0.002334348293152015,interpolado
0.4272294458891777,0.0027209804955576036,interpolado
0.42732926585317055,0.002992154583500007,interpolado
0.4274290858171633,0.0031533246720233743,interpolado
0.4275289057811562,0.003209944876171615,interpolado
0.42762872574514893,0.0031674693109888866,interpolado
0.42772854570914176,0.0030313520915193266,interpolado
0.42782836567313454,0.002807047332807026,interpolado
0.4279281856371274,0.0025000091498958796,interpolado
0.428,0.002231,original
0.42812782556511303,0.0016657166305583538,interpolado
0.42822764552910575,0.001171872512088412,interpolado
0.4283274654930986,0.0006573009086447842,interpolado
0.4284272854570914,0.00014507856272756152,interpolado
0.42852710542108424,-0.00034171778316230623,interpolado
0.42862692538507696,-0.0007800113865249603,interpolado
0.4287267453490698,-0.0011467255048595337,interpolado
0.4288265653130625,-0.001418783395665914,interpolado
0.42892638527705534,-0.0015731083164437784,interpolado
0.429,-0.001598,original
0.429126025205041,-0.0014514018248415223,interpolado
0.4292258451690337,-0.0011861064572935118,interpolado
0.4293256651330266,-0.000812964886561738,interpolado
0.42942548509701933,-0.00035406837252474816,interpolado
0.42952530506101216,0.00016849182493800375,interpolado
0.42962512502500494,0.0007326244459478174,interpolado
0.4297249449889977,0.0013162382306260807,interpolado
0.42982476495299055,0.0018972419190932048,interpolado
0.4299245849169833,0.0024535442514708704,interpolado
0.43,0.002844,original
0.430124224844969,0.0034096938679319287,interpolado
0.4302240448089618,0.003788612008917695,interpolado
0.4303238647729546,0.004096484454376577,interpolado
0.43042368473694753,0.004329941667054395,interpolado
0.43052350470094025,0.004485614109696368,interpolado
0.43062332466493286,0.00456013224504813,interpolado
0.43072314462892586,0.004550126535855134,interpolado
0.4308229645929185,0.004452227444862868,interpolado
0.43092278455691146,0.004263065434816704,interpolado
0.431,0.004052,original
0.4311224244848969,0.00360128737003664,interpolado
0.4312222444488898,0.0031371172349672393,interpolado
0.43132206441288257,0.0025958158256292035,interpolado
0.4314218843768754,0.001986414403244186,interpolado
0.4315217043408681,0.0013179442290351096,interpolado
0.43162152430486084,0.0005994365642238979,interpolado
0.43172134426885367,-0.0001600773299676384,interpolado
0.4318211642328465,-0.0009515661923164102,interpolado
0.43192098419683933,-0.001765998761601042,interpolado
0.432,-0.002421,original
0.43212062412482494,-0.003418378877154675,interpolado
0.43222044408881777,-0.004200546431249487,interpolado
0.43232026405281054,-0.0049005167021330225,interpolado
0.4324200840168033,-0.005478007106729539,interpolado
0.43251990398079615,-0.005892735061961916,interpolado
0.4326197239447888,-0.006104417984754037,interpolado
0.4327195439087818,-0.006072773292029345,interpolado
0.4328193638727746,-0.005757518400711386,interpolado
0.43291918383676725,-0.005118370727723294,interpolado
0.433,-0.004336,original
0.4331188237647528,-0.002745816759998181,interpolado
0.43321864372874574,-0.0010949192809669628,interpolado
0.4333184636927385,0.000740644022179651,interpolado
0.43341828365673135,0.0026640301262622545,interpolado
0.433518103620724,0.004578396008097339,interpolado
0.4336179235847168,0.006386898644504639,interpolado
0.4337177435487097,0.00799269501230364,interpolado
0.4338175635127024,0.00929894208831119,interpolado
0.43391738347669534,0.010208796849347302,interpolado
0.434,0.010593,original
0.43411702340468084,0.010500170491372175,interpolado
0.4342168433686737,0.009898327895373463,interpolado
0.4343166633326666,0.00890273435660615,interpolado
0.4344164832966593,0.007596082570521855,interpolado
0.43451630326065216,0.006061065232574705,interpolado
0.4346161232246449,0.004380375038216687,interpolado
0.43471594318863777,0.002636704682899464,interpolado
0.43481576315263065,0.0009127468620776398,interpolado
0.43491558311662337,-0.0007088057287971067,interpolado
0.435,-0.001939,original
0.43511522304460903,-0.003338279637071446,interpolado
0.4352150430086019,-0.004290430208598919,interpolado
0.43531486297259464,-0.005014089299924859,interpolado
0.43541468293658747,-0.005521575919082611,interpolado
0.4355145029005802,-0.00582520907410504,interpolado
0.435614322864573,-0.005937307773024571,interpolado
0.4357141428285659,-0.0058701910238740905,interpolado
0.43581396279255863,-0.005636177834686429,interpolado
0.43591378275655135,-0.005247587213494354,interpolado
0.436,-0.004797,original
0.43611342268453696,-0.004061715297086645,interpolado
0.4362132426485298,-0.0033158556046634377,interpolado
0.4363130626125225,-0.0025150682429214612,interpolado
0.43641288257651534,-0.0016952524183419919,interpolado
0.4365127025405081,-0.0008923073374062631,interpolado
0.4366125225045009,-0.00014213220659685556,interpolado
0.4367123424684938,0.0005193737676053526,interpolado
0.4368121624324865,0.0010563113787179384,interpolado
0.4369119823964793,0.001432781420259629,interpolado
0.437,0.001603,original
0.43711162232446477,0.0015789304871600075,interpolado
0.4372114422884577,0.0013641588146028915,interpolado
0.43731126225245043,0.0010108232589834097,interpolado
0.4374110822164433,0.0005611558869561533,interpolado
0.4375109021804361,5.738876517549457e-05,interpolado
0.43761072214442887,-0.0004582460397033241,interpolado
0.43771054210842175,-0.0009435164610261635,interpolado
0.4378103620724146,-0.0013561904321378044,interpolado
0.4379101820364073,-0.0016540358863838668,interpolado
0.438,-0.001789,original
0.438109821964393,-0.0017534705390778243,interpolado
0.4382096419283858,-0.001555630468580292,interpolado
0.4383094618923786,-0.0012363835623131446,interpolado
0.4384092818563714,-0.0008307998756727234,interpolado
0.4385091018203642,-0.00037394946405518143,interpolado
0.4386089217843569,9.909761714254257e-05,interpolado
0.43870874174834973,0.0005532713125245195,interpolado
0.4388085617123426,0.0009535015666938144,interpolado
0.4389083816763354,0.0012647183242542749,interpolado
0.439,0.001442,original
0.4391080216043209,0.0014965432104327933,interpolado
0.4392078415683136,0.001432627889761605,interpolado
0.4393076615323065,0.0013041657237693066,interpolado
0.4394074814962992,0.0011552095536559875,interpolado
0.43950730146029193,0.001029812220621694,interpolado
0.43960712142428476,0.0009720265658666866,interpolado
0.43970694138827754,0.0010259054305910536,interpolado
0.4398067613522703,0.0012355016559948567,interpolado
0.43990658131626315,0.0016448680832781906,interpolado
0.44,0.002248,original
0.44010622124424886,0.0032137952320768315,interpolado
0.4402060412082416,0.004327265285256244,interpolado
0.4403058611722345,0.0055564006136491415,interpolado
0.4404056811362273,0.006819139660937647,interpolado
0.4405055011002201,0.00803342087080659,interpolado
0.44060532106421285,0.009117182686938117,interpolado
0.44070514102820557,0.009988363553016445,interpolado
0.44080496099219846,0.010564901912725327,interpolado
0.4409047809561913,0.010764736209747617,interpolado
0.441,0.010529,original
0.44110442088417684,0.009742681646345076,interpolado
0.4412042408481696,0.008557534451339954,interpolado
0.44130406081216245,0.007060322290222584,interpolado
0.44140388077615517,0.005361001016666913,interpolado
0.441503700740148,0.003569526484343423,interpolado
0.44160352070414083,0.0017958545469263882,interpolado
0.44170334066813366,0.00014994105808705872,interpolado
0.4418031606321264,-0.0012582581285030192,interpolado
0.44190298059611915,-0.002318787159170003,interpolado
0.442,-0.002912,original
0.4421026205241047,-0.0029955061967299346,interpolado
0.44220244048809754,-0.002610318381095241,interpolado
0.4423022604520905,-0.001868742420256894,interpolado
0.44240208041608314,-0.0008733932187239195,interpolado
0.44250190038007603,0.0002731143189965169,interpolado
0.4426017203440689,0.001468165288394949,interpolado
0.44270154030806164,0.002609144784963829,interpolado
0.4428013602720545,0.0035934379041954925,interpolado
0.44290118023604724,0.00431842974158065,interpolado
0.443,0.00468,original
0.44310082016403285,0.004609498440275558,interpolado
0.4432006401280257,0.004143548006209196,interpolado
0.44330046009201846,0.003352523477859621,interpolado
0.44340028005601123,0.0023052942139222534,interpolado
0.443500100020004,0.0010707295730905243,interpolado
0.4435999199839968,-0.0002823010859396517,interpolado
0.4436997399479896,-0.0016849284044744073,interpolado
0.44379955991198244,-0.003068283023819979,interpolado
0.4438993798759753,-0.00436349558528029,interpolado
0.444,-0.00551,original
0.4440990198039609,-0.006427500736032035,interpolado
0.4441988397679535,-0.007140769219589023,interpolado
0.4442986597319464,-0.007655511780004842,interpolado
0.44439847969593915,-0.00798573802356533,interpolado
0.444498299659932,-0.00814545755655726,interpolado
0.44459811962392476,-0.008148679985266872,interpolado
0.44469793958791753,-0.008009414915980693,interpolado
0.4447977595519104,-0.007741671954984947,interpolado
0.44489757951590314,-0.007359460708566332,interpolado
0.445,-0.006863,original
0.4450972194438888,-0.006307935034618433,interpolado
0.4451970394078815,-0.005668304954926948,interpolado
0.44529685937187435,-0.004973619815930816,interpolado
0.44539667933586713,-0.004239598894664005,interpolado
0.44549649929986007,-0.0034819614681589083,interpolado
0.44559631926385285,-0.0027164268134495643,interpolado
0.4456961392278456,-0.0019587142075687485,interpolado
0.4457959591918384,-0.0012245429275492524,interpolado
0.4458957791558312,-0.000529632250425089,interpolado
0.446,0.000137,original
0.44609541908381684,0.0006821651676356418,interpolado
0.44619523904780967,0.001184915481666466,interpolado
0.4462950590118025,0.0016209298117050642,interpolado
0.4463948789757953,0.0019925887391097474,interpolado
0.446494698939788,0.0023022728452395677,interpolado
0.4465945189037809,0.0025523627114534433,interpolado
0.4466943388677736,0.002745238919109888,interpolado
0.44679415883176643,0.002883282049567913,interpolado
0.44689397879575926,0.0029688726841861604,interpolado
0.447,0.003005,original
0.4470936187237449,0.002992617160683803,interpolado
0.4471934386877376,0.0029382496371118134,interpolado
0.4472932586517304,0.002846566651044178,interpolado
0.4473930786157231,0.0027228461356976577,interpolado
0.4474928985797159,0.0025723660242888678,interpolado
0.44759271854370875,0.002400404250034364,interpolado
0.44769253850770147,0.002212238746150996,interpolado
0.4477923584716943,0.0020131474458552185,interpolado
0.44789217843568707,0.0018084082823639097,interpolado
0.448,0.001587,original
0.44809181836367273,0.0014029331928768036,interpolado
0.4481916383276655,0.0012115836247955567,interpolado
0.44829145829165834,0.0010332572191816252,interpolado
0.44839127825565117,0.0008719606014287063,interpolado
0.4484910982196439,0.0007317003969301948,interpolado
0.4485909181836368,0.0006164832310795327,interpolado
0.44869073814762966,0.000530315729270347,interpolado
0.4487905581116224,0.0004772045168960445,interpolado
0.4488903780756152,0.0004611562193501839,interpolado
0.449,0.000491,original
0.4490900180036009,0.0005544043175019508,interpolado
0.44918983796759354,0.0006579109705468122,interpolado
0.4492896579315863,0.0007854031535038557,interpolado
0.44938947789557904,0.0009255841836962036,interpolado
0.44948929785957187,0.001067157378447189,interpolado
0.4495891178235647,0.0011988260550801488,interpolado
0.44968893778755736,0.0013092935309181992,interpolado
0.4497887577515502,0.0013872631232847178,interpolado
0.44988857771554297,0.0014214381495028816,interpolado
0.45,0.001394,original
0.45008821764352863,0.0013151390850446218,interpolado
0.4501880376075214,0.0011668355498506658,interpolado
0.45028785757151424,0.0009610109830717715,interpolado
0.45038767753550707,0.0007030694173186032,interpolado
0.4504874974994998,0.0003984148852014947,interpolado
0.45058731746349273,5.2451419330678514e-05,interpolado
0.4506871374274855,-0.0003294169476830262,interpolado
0.4507869573914784,-0.0007417861832296034,interpolado
0.45088677735547117,-0.001179252254698159,interpolado
0.451,-0.001699,original
0.4510864172834568,-0.0021066537497736884,interpolado
0.4511862372474495,-0.0025761298638905237,interpolado
0.4512860572114423,-0.003028297046479079,interpolado
0.4513858771754352,-0.003446608376778596,interpolado
0.4514856971394278,-0.00381451693402908,interpolado
0.4515855171034207,-0.0041154757974704295,interpolado
0.45168533706741354,-0.004332938046342052,interpolado
0.4517851570314063,-0.004450356759883884,interpolado
0.4518849769953991,-0.004451185017335642,interpolado
0.452,-0.004286,original
0.4520846169233847,-0.004041001959779178,interpolado
0.4521844368873774,-0.0036313171665542415,interpolado
0.4522842568513703,-0.0031138271563325402,interpolado
0.452384076815363,-0.0025125614597037893,interpolado
0.45248389677935585,-0.001851549607258734,interpolado
0.4525837167433487,-0.0011548211295867418,interpolado
0.45268353670734146,-0.0004464055572786644,interpolado
0.4527833566713344,0.0002496675790758081,interpolado
0.45288317663532707,0.0009093687488869588,interpolado
0.453,0.001603,original
0.4530828165633128,0.0020251930175918557,interpolado
0.4531826365273055,0.002447705801299162,interpolado
0.4532824564912982,0.002769560911761872,interpolado
0.4533822764552911,0.0029841268199387694,interpolado
0.4534820964192839,0.0030847719967883086,interpolado
0.4535819163832767,0.0030648649132692905,interpolado
0.45368173634726955,0.0029177740403404312,interpolado
0.45378155631126227,0.002636867848960448,interpolado
0.4538813762752551,0.002215514810087765,interpolado
0.454,0.001523,original
0.4540810162032408,0.0009298825816803271,interpolado
0.45418083616723354,9.740224951281728e-05,interpolado
0.45428065613122626,-0.0008016062811767425,interpolado
0.4543804760952191,-0.0017183299179670637,interpolado
0.45448029605921186,-0.002603955568435315,interpolado
0.4545801160232047,-0.003409670140160626,interpolado
0.45467993598719747,-0.004086660540720288,interpolado
0.45477975595119025,-0.00458611367769298,interpolado
0.454879575915183,-0.004859216458656988,interpolado
0.455,-0.004818,original
0.4550792158431687,-0.004540727271562482,interpolado
0.4551790358071614,-0.003943221398560248,interpolado
0.4552788557711542,-0.003131009680182444,interpolado
0.4553786757351471,-0.002170632703648992,interpolado
0.45547849569913984,-0.001128631056181468,interpolado
0.45557831566313267,-7.154532499928473e-05,interpolado
0.45567813562712545,0.0009340839026758722,interpolado
0.4557779555911182,0.0018217160396241058,interpolado
0.45587777555511105,0.0025248104986252597,interpolado
0.456,0.003037,original
0.4560774154830966,0.0031205369104259696,interpolado
0.4561772354470893,0.0029732131151737175,interpolado
0.4562770554110821,0.002587874367391087,interpolado
0.456376875375075,0.0020177654659465946,interpolado
0.45647669533906776,0.0013161312097097683,interpolado
0.45657651530306065,0.0005362163975487645,interpolado
0.4566763352670533,-0.0002687341716666539,interpolado
0.45677615523104614,-0.0010454756990680332,interpolado
0.456875975195039,-0.0017407633857868536,interpolado
0.457,-0.002411,original
0.4570756151230245,-0.002680080195003846,interpolado
0.45717543508701736,-0.002881414676308393,interpolado
0.45727525505101013,-0.0029358643154578034,interpolado
0.4573750750150029,-0.0028741370488255848,interpolado
0.4574748949789958,-0.0027269408127853895,interpolado
0.4575747149429886,-0.0025249835437107806,interpolado
0.4576745349069814,-0.0022989731779752007,interpolado
0.4577743548709742,-0.0020796176519524844,interpolado
0.4578741748349669,-0.0018976249020159924,interpolado
0.458,-0.001769,original
0.4580738147629525,-0.0017644795051128042,interpolado
0.45817363472694533,-0.0018297974625034112,interpolado
0.4582734546909381,-0.0019500046919640618,interpolado
0.45837327465493105,-0.00209527074334107,interpolado
0.4584730946189238,-0.0022357651664804755,interpolado
0.45857291458291655,-0.00234165751122857,interpolado
0.4586727345469095,-0.0023831173274315703,interpolado
0.4587725545109022,-0.0023303141649356294,interpolado
0.4588723744748951,-0.00215341757358687,interpolado
0.459,-0.001699,original
0.45907201440288065,-0.0013123294541578844,interpolado
0.4591718343668735,-0.0006383770270992861,interpolado
0.4592716543308662,0.0001605152674213584,interpolado
0.459371474294859,0.0010453545901050044,interpolado
0.45947129425885186,0.0019771481016507726,interpolado
0.45957111422284463,0.0029169029627592468,interpolado
0.45967093418683747,0.0038256263341310327,interpolado
0.45977075415083024,0.004664325376465222,interpolado
0.459870574114823,0.0053940072504628156,interpolado
0.46,0.006114,original
0.4600702140428085,0.006374129364359649,interpolado
0.4601700340068014,0.0065927207300449,interpolado
0.4602698539707942,0.0066573644249323174,interpolado
0.46036967393478695,0.006594255123268792,interpolado
0.4604694938987798,0.0064295874993011955,interpolado
0.46056931386277256,0.006189556227276315,interpolado
0.4606691338267654,0.005900355981440765,interpolado
0.4607689537907582,0.005588181436041671,interpolado
0.46086877375475105,0.005279227265325504,interpolado
0.461,0.004922,original
0.4610684136827365,0.004774459931270128,interpolado
0.4611682336467294,0.0046143204424022675,interpolado
0.4612680536107222,0.004521384092492996,interpolado
0.461367873574715,0.004497639645654429,interpolado
0.4614676935387078,0.0045450758659988134,interpolado
0.46156751350270053,0.004665681517638333,interpolado
0.46166733346669336,0.0048614453646853364,interpolado
0.4617671534306861,0.005134356171251826,interpolado
0.4618669733946789,0.005486402701450321,interpolado
0.462,0.006082,original
0.4620666133226644,0.00643407273157608,interpolado
0.4621664332866573,0.007009399855172679,interpolado
0.4622662532506501,0.007611721994723287,interpolado
0.4623660732146429,0.008206984901962104,interpolado
0.46246589317863573,0.008761134328622027,interpolado
0.46256571314262857,0.009240116026436969,interpolado
0.4626655331066214,0.009609875747140666,interpolado
0.4627653530706143,0.009836359242466269,interpolado
0.46286517303460684,0.009885512264147585,interpolado
0.463,0.00961,original
0.4630648129625925,0.009319997956181837,interpolado
0.4631646329265854,0.008700363954181787,interpolado
0.4632644528905782,0.007925814181578544,interpolado
0.46336427285457094,0.007058475697951235,interpolado
0.4634640928185637,0.006160475562878776,interpolado
0.4635639127825566,0.005293940835941606,interpolado
0.46366373274654943,0.004520998576718243,interpolado
0.46376355271054215,0.003903775844788987,interpolado
0.4638633726745349,0.00350439969973279,interpolado
0.464,0.003424,original
0.4640630126025205,0.003602121339304501,interpolado
0.46416283256651336,0.00413843492780457,interpolado
0.4642626525305061,0.004924224369866407,interpolado
0.4643624724944989,0.005888665119611765,interpolado
0.46446229245849174,0.006960932631162805,interpolado
0.4645621124224845,0.008070202358639844,interpolado
0.4646619323864773,0.009145649756165565,interpolado
0.46476175235047007,0.010116450277860291,interpolado
0.46486157231446285,0.010911779377846173,interpolado
0.465,0.011592,original
0.4650612122424484,0.0116970858636741,interpolado
0.4651610322064413,0.011616085833968746,interpolado
0.46526085217043406,0.011259355179468784,interpolado
0.4653606721344269,0.010669530784399668,interpolado
0.4654604920984197,0.009889249532986321,interpolado
0.4655603120624125,0.008961148309455047,interpolado
0.4656601320264053,0.007927863998030268,interpolado
0.4657599519903981,0.006832033482938567,interpolado
0.4658597719543908,0.0057162936484048,interpolado
0.466,0.004197,original
0.46605941188237654,0.0035942259276580037,interpolado
0.4661592318463693,0.0026488877470039643,interpolado
0.46625905181036204,0.00179029016797348,interpolado
0.46635887177435487,0.001021013654813459,interpolado
0.4664586917383477,0.0003436386717710081,interpolado
0.4665585117023404,-0.00023925431690566425,interpolado
0.46665833166633325,-0.0007250848469697458,interpolado
0.4667581516303259,-0.0011112724541732396,interpolado
0.4668579715943188,-0.0013952366742689864,interpolado
0.467,-0.001618,original
0.46705761152230435,-0.0016466964035113962,interpolado
0.4671574314862972,-0.0016186627053835162,interpolado
0.46725725145028996,-0.0015038414261617854,interpolado
0.46735707141428273,-0.0013159838345579167,interpolado
0.4674568913782756,-0.0010688411992834576,interpolado
0.46755671134226834,-0.0007761647890503896,interpolado
0.4676565313062612,-0.0004517058725701055,interpolado
0.467756351270254,-0.00010921571855467165,interpolado
0.4678561712342467,0.0002375544042843842,interpolado
0.468,0.000717,original
0.4680558111622323,0.0008892026098426392,interpolado
0.4681556311262252,0.001171954231482836,interpolado
0.46825545109021804,0.0014185986798738088,interpolado
0.4683552710542108,0.0016247604555254757,interpolado
0.46845509101820354,0.001786064058947665,interpolado
0.46855491098219637,0.001898133990649948,interpolado
0.4686547309461892,0.0019565947511421783,interpolado
0.4687545509101821,0.0019570708409340923,interpolado
0.46885437087417486,0.0018951867605354385,interpolado
0.469,0.001684,original
0.4690540108021604,0.001567295896717138,interpolado
0.4691538307661532,0.001302241863316761,interpolado
0.469253650730146,0.000984164367081496,interpolado
0.46935347069413874,0.0006261034013083242,interpolado
0.4694532906581316,0.0002410989592934854,interpolado
0.4695531106221244,-0.00015780896566596451,interpolado
0.4696529305861172,-0.0005575803802736111,interpolado
0.46975275055011,-0.0009451752912330428,interpolado
0.4698525705141028,-0.0013075537052472006,interpolado
0.47,-0.001769,original
0.47005221044208834,-0.0019048882366631023,interpolado
0.4701520304060811,-0.0021225491555918836,interpolado
0.470251850370074,-0.002287558997438157,interpolado
0.4703516703340668,-0.0024031119414464736,interpolado
0.47045149029805955,-0.002472402166861698,interpolado
0.4705513102620523,-0.0024986238529284876,interpolado
0.4706511302260451,-0.002484971178891624,interpolado
0.470750950190038,-0.0024346383239958057,interpolado
0.4708507701540307,-0.00235081946748582,interpolado
0.471,-0.00217,original
0.47105041008201637,-0.0020957630565963414,interpolado
0.47115023004600914,-0.0019373388656775126,interpolado
0.471250050010002,-0.0017766160277474584,interpolado
0.47134986997399475,-0.001629021622416521,interpolado
0.4714496899379875,-0.0015099827292947073,interpolado
0.47154950990198036,-0.0014349264279923115,interpolado
0.4716493298659732,-0.001419279798119412,interpolado
0.47174914982996596,-0.0014784699192862184,interpolado
0.47184896979395885,-0.0016279238711028265,interpolado
0.4719487897579516,-0.0018830687331795742,interpolado
0.472,-0.00206,original
0.4721484296859371,-0.0027391708009709913,interpolado
0.47224824964993,-0.0032826765553111165,interpolado
0.4723480696139228,-0.00384395304480631,interpolado
0.4724478895779156,-0.004378262467295301,interpolado
0.47254770954190833,-0.004840867020615635,interpolado
0.4726475295059011,-0.005187028902605776,interpolado
0.47274734946989394,-0.005372010311103935,interpolado
0.4728471694338867,-0.005351073443948045,interpolado
0.4729469893978796,-0.005079480498976184,interpolado
0.473,-0.004818,original
0.4731466293258651,-0.003664818058318167,interpolado
0.4732464492898579,-0.002595628190683305,interpolado
0.47334626925385076,-0.0013746430688500483,interpolado
0.47344608921784354,-6.964778359342229e-05,interpolado
0.4735459091818363,0.0012515725743087879,interpolado
0.4736457291458292,0.0025212329140809906,interpolado
0.47374554910982203,0.003671548144947476,interpolado
0.47384536907381475,0.004634733176130633,interpolado
0.4739451890378076,0.005343002916855149,interpolado
0.474,0.005599,original
0.47414482896579324,0.005781068648701563,interpolado
0.47424464892978596,0.005537208265035874,interpolado
0.4743444688937788,0.0050437122160271915,interpolado
0.4744442888577715,0.0043455783823810115,interpolado
0.4745441088217644,0.0034878046448023796,interpolado
0.4746439287857571,0.0025153888839978254,interpolado
0.47474374874974995,0.0014733289806718821,interpolado
0.47484356871374267,0.000406622815531285,interpolado
0.47494338867773545,-0.0006397317307189718,interpolado
0.475,-0.001207,original
0.47514302860572105,-0.0025120158707590432,interpolado
0.4752428485697139,-0.0033076453035200204,interpolado
0.4753426685337067,-0.004005254206771171,interpolado
0.47544248849769954,-0.004601903170556508,interpolado
0.4755423084616923,-0.005094652784919816,interpolado
0.4756421284256851,-0.005480563639904091,interpolado
0.4757419483896779,-0.0057566963255533,interpolado
0.4758417683536707,-0.005920111431910677,interpolado
0.4759415883176635,-0.005967869549019947,interpolado
0.476,-0.005941,original
0.47614122824564914,-0.005713299531190581,interpolado
0.476241048209642,-0.005430779231893856,interpolado
0.4763408681736347,-0.005065058059848542,interpolado
0.47644068813762736,-0.004631505870165501,interpolado
0.4765405081016203,-0.004145492517955443,interpolado
0.476640328065613,-0.003622387858329903,interpolado
0.4767401480296058,-0.0030775617463993125,interpolado
0.4768399679935986,-0.002526384037275274,interpolado
0.4769397879575914,-0.001984224586068481,interpolado
0.477,-0.001668,original
0.47713942788557695,-0.000984663929525403,interpolado
0.47723924784957,-0.0005464768405210849,interpolado
0.4773390678135626,-0.00015886183807025268,interpolado
0.4774388877775555,0.00017112465943223328,interpolado
0.4775387077415484,0.00043642623359138496,interpolado
0.47763852770554105,0.0006299864660117871,interpolado
0.477738347669534,0.0007447489382985313,interpolado
0.47783816763352677,0.0007736572320563692,interpolado
0.4779379875975196,0.0007096549288902717,interpolado
0.478,0.00062,original
0.4781376275255052,0.00028928013895952953,interpolado
0.478237447489498,-3.5466057081073276e-05,interpolado
0.47833726745349087,-0.0004019134892985249,interpolado
0.47843708741748353,-0.00078372507808528,interpolado
0.47853690738147636,-0.0011545637438338256,interpolado
0.47863672734546914,-0.0014880924069360308,interpolado
0.4787365473094619,-0.0017579739877845227,interpolado
0.4788363672734547,-0.0019378714067712804,interpolado
0.4789361872374474,-0.002001447584288765,interpolado
0.479,-0.001969,original
0.47913582716543307,-0.0016970239533016054,interpolado
0.47923564712942585,-0.0013496027396706412,interpolado
0.4793354670934186,-0.00090833333233465,interpolado
0.47943528705741145,-0.0004010236956002362,interpolado
0.4795351070214042,0.00014451820622614017,interpolado
0.4796349269853969,0.0007004844088370934,interpolado
0.4797347469493897,0.001239066947926441,interpolado
0.47983456691338255,0.001732457859186803,interpolado
0.47993438687737544,0.002152849178311719,interpolado
0.48,0.002376,original
0.480134026805361,0.002681637420654297,interpolado
0.4802338467693537,0.002794808149076067,interpolado
0.48033366673334654,0.0028296429731000366,interpolado
0.48043348669733943,0.002803536560530092,interpolado
0.4805333066613322,0.00273388357917014,interpolado
0.4806331266253249,0.002638078696824185,interpolado
0.48073294658931776,0.002533516581296114,interpolado
0.48083276655331053,0.0024375919003897964,interpolado
0.4809325865173033,0.002367699321909263,interpolado
0.481,0.002344,original
0.4811322264452889,0.002361222658837044,interpolado
0.48123204640928174,0.002410514697876697,interpolado
0.48133186637327463,0.002469207744976027,interpolado
0.48143168633726735,0.00251761140498604,interpolado
0.4815315063012601,0.002536035282757848,interpolado
0.48163132626525296,0.002504788983142504,interpolado
0.4817311462292457,0.0024041821109911064,interpolado
0.4818309661932385,0.002214524271154606,interpolado
0.4819307861572313,0.0019161250684842828,interpolado
0.482,0.001635,original
0.48213042608521695,0.0009387769770375131,interpolado
0.4822302460492097,0.00030601053205751144,interpolado
0.48233006601320255,-0.0003626534488032927,interpolado
0.4824298859771954,-0.0010211789502959949,interpolado
0.4825297059411882,-0.0016235299571731331,interpolado
0.48262952590518093,-0.0021236704541858775,interpolado
0.48272934586917376,-0.0024755644260864426,interpolado
0.48282916583316654,-0.0026331758576267133,interpolado
0.48292898579715937,-0.002550468733558355,interpolado
0.483,-0.00232,original
0.48312862572514503,-0.0015246903220749672,interpolado
0.4832284456891378,-0.0006506973692313241,interpolado
0.48332826565313075,0.0003606547256652721,interpolado
0.48342808561712347,0.0014299513353050798,interpolado
0.4835279055811163,0.0024777778323806145,interpolado
0.4836277255451091,0.003424719589582097,interpolado
0.4837275455091018,0.0041913619796015425,interpolado
0.48382736547309463,0.004698290375130569,interpolado
0.48392718543708735,0.0048660901488599955,interpolado
0.484,0.004729,original
0.484126825365073,0.0039281299129730945,interpolado
0.4842266453290657,0.0028914754076449388,interpolado
0.4843264652930586,0.001606429102233099,interpolado
0.4844262852570513,0.00017344333337076352,interpolado
0.4845261052210441,-0.0013070295623118272,interpolado
0.48462592518503694,-0.002734537248181279,interpolado
0.48472574514902966,-0.004008627387606692,interpolado
0.48482556511302244,-0.005028847643956838,interpolado
0.48492538507701516,-0.005694745680598825,interpolado
0.485,-0.005901,original
0.4851250250050009,-0.005624425450759863,interpolado
0.48522484496899376,-0.004926440873355362,interpolado
0.48532466493298654,-0.0039033144677132494,interpolado
0.4854244848969793,-0.0026459318680754876,interpolado
0.4855243048609722,-0.0012451787086823654,interpolado
0.48562412482496503,0.0002080593762261395,interpolado
0.485723944788958,0.0016228967524075952,interpolado
0.48582376475295075,0.0029084477856226843,interpolado
0.4859235847169434,0.003973826841629155,interpolado
0.486,0.004584,original
0.4861232246449293,0.005126717436999762,interpolado
0.486223044608922,0.005214005665749411,interpolado
0.4863228645729149,0.005046765856663596,interpolado
0.48642268453690757,0.004681434394955992,interpolado
0.48652250450090034,0.004174447665840041,interpolado
0.4866223244648931,0.0035822420545288647,interpolado
0.48672214442888584,0.002961253946236617,interpolado
0.4868219643928787,0.002367919726176139,interpolado
0.4869217843568715,0.0018586757795615862,interpolado
0.487,0.001555,original
0.4871214242848571,0.0012906046003779783,interpolado
0.48722124424884977,0.0012328931225783922,interpolado
0.48732106421284266,0.0012811044539021784,interpolado
0.48742088417683543,0.001399674446486011,interpolado
0.4875207041408281,0.0015530389524666362,interpolado
0.48762052410482093,0.0017056338239808768,interpolado
0.48772034406881376,0.0018218949131652915,interpolado
0.4878201640328066,0.0018662580721567114,interpolado
0.4879199839967994,0.0018031591530918152,interpolado
0.488,0.001651,original
0.4881196239247851,0.0012359934086964778,interpolado
0.48821944388877775,0.000759600474610484,interpolado
0.4883192638527706,0.00021493342002831014,interpolado
0.4884190838167633,-0.0003510369622037759,interpolado
0.48851890378075613,-0.0008913398792404167,interpolado
0.488618723744749,-0.0013590045382361974,interpolado
0.4887185437087418,-0.0017070601463449332,interpolado
0.4888183636727346,-0.0018885359107213117,interpolado
0.4889181836367275,-0.0018564610385194624,interpolado
0.489,-0.001638,original
0.489117823564713,-0.0009985457360132107,interpolado
0.48921764352870584,-0.0002283736948396833,interpolado
0.48931746349269867,0.0006666436756665073,interpolado
0.48941728345669144,0.0016066227098613965,interpolado
0.48951710342068416,0.0025116797421025246,interpolado
0.489616923384677,0.003301931106747349,interpolado
0.48971674334866977,0.0038974931381520247,interpolado
0.4898165633126626,0.004218482170674185,interpolado
0.48991638327665543,0.004185014538670503,interpolado
0.49,0.003826,original
0.4901160232046409,0.0027828146892388095,interpolado
0.4902158431686338,0.001465762524515161,interpolado
0.4903156631326266,-0.00013167452038436353,interpolado
0.4904154830966195,-0.001907350808956125,interpolado
0.4905153030606121,-0.0037591207046991197,interpolado
0.49061512302460486,-0.005584838571112504,interpolado
0.49071494298859775,-0.007282358771692389,interpolado
0.49081476295259047,-0.008749535669938708,interpolado
0.49091458291658335,-0.009884223629347964,interpolado
0.491,-0.010514,original
0.49111422284456885,-0.01079091145837913,interpolado
0.4912140428085617,-0.010557225928112101,interpolado
0.49131386277255445,-0.009954800443542914,interpolado
0.4914136827365473,-0.009055128091290736,interpolado
0.4915135027005401,-0.007929701957976308,interpolado
0.4916133226645329,-0.006650015130218193,interpolado
0.49171314262852567,-0.005287560694637569,interpolado
0.49181296259251844,-0.003913831737853479,interpolado
0.49191278255651133,-0.0026003213464849506,interpolado
0.492,-0.001558,original
0.492112422484497,-0.00041829707519051395,interpolado
0.49221224244848977,0.0004095216775642205,interpolado
0.4923120624124826,0.0010843223486662194,interpolado
0.4924118823764753,0.001625463163740092,interpolado
0.49251170234046804,0.00205230234840959,interpolado
0.4926115223044609,0.0023841981282995547,interpolado
0.49271134226845376,0.0026405087290339697,interpolado
0.49281116223244653,0.0028405923762373866,interpolado
0.4929109821964394,0.0030038072955342328,interpolado
0.493,0.003134,original
0.49311062212442497,0.00329301328499052,interpolado
0.49321044208841763,0.003437935844579574,interpolado
0.49331026205241063,0.0035857774656997683,interpolado
0.49341008201640335,0.0037380399943018317,interpolado
0.4935099019803961,0.0038962252763362418,interpolado
0.4936097219443889,0.0040618351577538184,interpolado
0.49370954190838173,0.0042363714845050264,interpolado
0.4938093618723746,0.004421336102540597,interpolado
0.49390918183636734,0.004618230857811289,interpolado
0.494,0.004809,original
0.49410882176435283,0.005050451879945013,interpolado
0.4942086417283458,0.005271789365730444,interpolado
0.49430846169233844,0.0054784814007262945,interpolado
0.49440828165633127,0.005656441237458804,interpolado
0.494508101620324,0.005791582128453918,interpolado
0.4946079215843169,0.0058698173262379215,interpolado
0.49470774154830965,0.0058770600833368694,interpolado
0.49480756151230243,0.005799223652276972,interpolado
0.49490738147629526,0.005622221285584251,interpolado
0.495,0.005357,original
0.4951070214042809,0.004921378210856883,interpolado
0.4952068413682737,0.004405933404217632,interpolado
0.49530666133226653,0.0038056578461388947,interpolado
0.4954064812962593,0.0031405754321543657,interpolado
0.495506301260252,0.0024307100577988777,interpolado
0.49560612122424497,0.001696085618605752,interpolado
0.4957059411882377,0.000956726010109894,interpolado
0.4958057611522305,0.00023265512784498673,interpolado
0.49590558111622335,-0.00045610313265525627,interpolado
0.496,-0.001057,original
0.49610522104420907,-0.0016523968883461414,interpolado
0.49620504100820173,-0.0021458608532879666,interpolado
0.4963048609721946,-0.0025745370216396423,interpolado
0.4964046809361874,-0.002943044993719265,interpolado
0.4965045009001801,-0.003256004369844339,interpolado
0.49660432086417294,-0.0035180347503331287,interpolado
0.49670414082816566,-0.0037337557355032573,interpolado
0.4968039607921586,-0.0039077869256727935,interpolado
0.49690378075615144,-0.004044747921159715,interpolado
0.497,-0.004146,original
0.4971034206841369,-0.004224907742404629,interpolado
0.4972032406481296,-0.004271588722799564,interpolado
0.4973030606121225,-0.004288364171100141,interpolado
0.49740288057611537,-0.004274297038408775,interpolado
0.49750270054010803,-0.004228450275827877,interpolado
0.49760252050410086,-0.004149886834459851,interpolado
0.49770234046809375,-0.004037669665407023,interpolado
0.4978021604320865,-0.003890861719771914,interpolado
0.49790198039607936,-0.0037085259486567606,interpolado
0.498,-0.003494,original
0.4981016203240649,-0.0032335227343964273,interpolado
0.4982014402880577,-0.00293898119345578,interpolado
0.49830126025205046,-0.0026051636314449456,interpolado
0.49840108021604335,-0.002231132999465952,interpolado
0.49850090018003607,-0.0018159522486216116,interpolado
0.4986007201440289,-0.0013586843300141278,interpolado
0.4987005401080217,-0.0008583921947456095,interpolado
0.49880036007201445,-0.00031413879391900936,interpolado
0.4989001800360072,0.0002750129213638776,interpolado
0.499,0.00091,original
