Time - Voltage_1,Amplitude - Voltage_1,tipo_valor
0.0,0.00787,original
9.981996399279867e-05,0.009457997206614669,interpolado
0.00019963992798559732,0.01065703766114842,interpolado
0.000299459891978396,0.011497827748712382,interpolado
0.00039927985597119453,0.012011073854417683,interpolado
0.0004990998199639931,0.01222748236337546,interpolado
0.0005989197839567919,0.012177759660696843,interpolado
0.0006987397479495905,0.011892612131492963,interpolado
0.0007985597119423888,0.011402746160874949,interpolado
0.0008983796759351872,0.010738868133953928,interpolado
0.001,0.009916,original
0.0010980196039207845,0.00901190145164743,interpolado
0.0011978395679135832,0.008010225566484203,interpolado
0.0012976595319063818,0.006957363165462497,interpolado
0.0013974794958991803,0.005884020633693454,interpolado
0.0014972994598919786,0.004820904356288199,interpolado
0.0015971194238847772,0.0037987207183578604,interpolado
0.0016969393878775757,0.002848176105013572,interpolado
0.0017967593518703746,0.0019999769013664703,interpolado
0.001896579315863173,0.0012848294925276807,interpolado
0.002,0.000717,original
0.00209621924384877,0.0003681724090341782,interpolado
0.0021960392078415694,0.00017419918965609906,interpolado
0.002295859171834368,0.00012633540499681776,interpolado
0.002395679135827166,0.00019939541734451824,interpolado
0.0024954990998199648,0.0003681935889873878,interpolado
0.0025953190638127637,0.0006075442822136102,interpolado
0.0026951390278055617,0.0008922618593113703,interpolado
0.002794958991798361,0.001197160682568856,interpolado
0.0028947789557911595,0.001497055114274251,interpolado
0.003,0.00178,original
0.003094418883776757,0.0019854074815719856,interpolado
0.0031942388477695545,0.002152460022334015,interpolado
0.0032940588117623534,0.0022733526652261487,interpolado
0.0033938787757551514,0.002353521744956959,interpolado
0.0034936987397479503,0.002398403596235019,interpolado
0.0035935187037407475,0.002413434553768902,interpolado
0.003693338667733547,0.0024040509522671844,interpolado
0.0037931586317263444,0.0023756891264384364,interpolado
0.003892978595719143,0.0023337854109912316,interpolado
0.004,0.00228,original
0.004092618523704739,0.002230676981785964,interpolado
0.004192438487697538,0.0021774129680874094,interpolado
0.004292258451690337,0.0021262609040541836,interpolado
0.0043920784156831335,0.0020794973964575365,interpolado
0.004491898379675935,0.00203939905206872,interpolado
0.004591718343668733,0.002008242477658985,interpolado
0.00469153830766153,0.0019883042799995827,interpolado
0.00479135827165433,0.0019818610658617645,interpolado
0.004891178235647129,0.001991189442016781,interpolado
0.005,0.002022,original
0.005090818163632725,0.002064506778010816,interpolado
0.005190638127625526,0.0021202856449024274,interpolado
0.005290458091618324,0.0021741544296592094,interpolado
0.005390278055611122,0.0022143632315426327,interpolado
0.0054900980196039215,0.0022291621498141687,interpolado
0.00558991798359672,0.002206801283735288,interpolado
0.005689737947589518,0.0021355307325674595,interpolado
0.005789557911582318,0.0020036005955721527,interpolado
0.005889377875575115,0.0017992609720108407,interpolado
0.006,0.001474,original
0.006089017803560713,0.0011295499131813605,interpolado
0.006188837767553511,0.0006647986061851323,interpolado
0.00628865773154631,0.00013179286613434067,interpolado
0.006388477695539108,-0.0004541767695990265,interpolado
0.006488297659531905,-0.001077819763642998,interpolado
0.006588117623524705,-0.001723845578625603,interpolado
0.006687937587517502,-0.002376963677174852,interpolado
0.006787757551510303,-0.003021883521918781,interpolado
0.006887577515503101,-0.0036433145754854023,interpolado
0.007,-0.004296,original
0.007087217443488696,-0.004754056044911058,interpolado
0.007187037407481496,-0.005208916264502672,interpolado
0.007286857371474294,-0.005570831413927829,interpolado
0.007386677335467093,-0.005820084463171641,interpolado
0.007486497299459892,-0.005936958382219217,interpolado
0.0075863172634526915,-0.005901736141055671,interpolado
0.00768613722744549,-0.005694700709666111,interpolado
0.007785957191438287,-0.0052961350580356505,interpolado
0.007885777155431088,-0.0046863221561494065,interpolado
0.008,-0.003704,original
0.008085417083416686,-0.0027635107586224147,interpolado
0.008185237047409484,-0.0014883460232854521,interpolado
0.008285057011402286,-9.053234254645833e-05,interpolado
0.008384876975395084,0.0013594035273980342,interpolado
0.008484696939387882,0.002790934830351491,interpolado
0.00858451690338068,0.004133534810117453,interpolado
0.00868433686737348,0.005316676710499386,interpolado
0.00878415683136628,0.006269833775300763,interpolado
0.008883976795359077,0.00692247924832511,interpolado
0.009,0.00721,original
0.009083616723344675,0.007057495260572648,interpolado
0.00918343668733747,0.006513205118249647,interpolado
0.009283256651330271,0.005637035675250472,interpolado
0.009383076615323067,0.0044949039252451025,interpolado
0.009482896579315865,0.0031527268619035466,interpolado
0.009582716543308663,0.0016764214788957386,interpolado
0.009682536507301462,0.000131904769891675,interpolado
0.009782356471294258,-0.0014149062714386325,interpolado
0.00988217643528706,-0.0028980946514252613,interpolado
0.01,-0.004477,original
0.010081816363272652,-0.005417150160050479,interpolado
0.010181636327265452,-0.006385695562483251,interpolado
0.01028145629125825,-0.007170000040444555,interpolado
0.01038127625525105,-0.00778276092412402,interpolado
0.010481096219243848,-0.008236675543711273,interpolado
0.010580916183236646,-0.008544441229395957,interpolado
0.010680736147229445,-0.008718755311367692,interpolado
0.010780556111222242,-0.008772315119816111,interpolado
0.01088037607521504,-0.00871781798493085,interpolado
0.011,-0.008528,original
0.01108001600320064,-0.0083353859816069,interpolado
0.011179835967193439,-0.008032319924523664,interpolado
0.011279655931186237,-0.007670806314981102,interpolado
0.011379475895179035,-0.007262887549896104,interpolado
0.011479295859171835,-0.006820606026185541,interpolado
0.011579115823164633,-0.006356004140766303,interpolado
0.011678935787157431,-0.005881124290555286,interpolado
0.01177875575115023,-0.005408008872469356,interpolado
0.01187857571514303,-0.004948700283425407,interpolado
0.012,-0.004426,original
0.012078215643128627,-0.004118453285214887,interpolado
0.012178035607121426,-0.003759652727196828,interpolado
0.012277855571114226,-0.0034356932940040634,interpolado
0.01237767553510702,-0.0031434033256431135,interpolado
0.012477495499099822,-0.0028796111621204852,interpolado
0.01257731546309262,-0.002641145143442698,interpolado
0.012677135427085416,-0.002424833609616272,interpolado
0.012776955391078218,-0.002227504900647716,interpolado
0.012876775355071018,-0.0020459873565435486,interpolado
0.013,-0.001839,original
0.013076415283056614,-0.0017183061629094073,interpolado
0.013176235247049412,-0.0015720316601142434,interpolado
0.01327605521104221,-0.001443215287411341,interpolado
0.013375875175035011,-0.0013368039648250312,interpolado
0.01347569513902781,-0.0012577446123796542,interpolado
0.013575515103020611,-0.001210984150099548,interpolado
0.01367533506701341,-0.0012014694980090502,interpolado
0.013775155031006209,-0.0012341475761324969,interpolado
0.01387497499499901,-0.0013139653044942274,interpolado
0.014,-0.001488,original
0.014074614922984603,-0.0016325898064655363,interpolado
0.014174434886977401,-0.001857391887730914,interpolado
0.014274254850970199,-0.002093451107608464,interpolado
0.014374074814962995,-0.002313857246592706,interpolado
0.014473894778955797,-0.0024917000851781535,interpolado
0.014573714742948593,-0.002600069403859318,interpolado
0.01467353470694139,-0.0026120549831307183,interpolado
0.014773354670934187,-0.002500746603486867,interpolado
0.014873174634926982,-0.0022392340454222854,interpolado
0.015,-0.001648,original
0.01507281456291258,-0.001162611315783806,interpolado
0.01517263452690538,-0.0003464163546930367,interpolado
0.015272454490898178,0.0006031569324114221,interpolado
0.015372274454890979,0.0016410501688773659,interpolado
0.015472094418883775,0.0027222049780526074,interpolado
0.015571914382876577,0.0038015629832849392,interpolado
0.015671734346869373,0.004834065807922209,interpolado
0.015771554310862173,0.005774655075312197,interpolado
0.015871374274854976,0.006578272408802756,interpolado
0.016,0.007339,original
0.016071014202840572,0.007599087476180053,interpolado
0.016170834166833372,0.007782554061312948,interpolado
0.016270654130826165,0.0077836989296927155,interpolado
0.01637047409481896,0.007636277496416352,interpolado
0.016470294058811764,0.007374045176580823,interpolado
0.016570114022804557,0.007030757385283118,interpolado
0.016669933986797354,0.006640169537620217,interpolado
0.016769753950790153,0.006236037048689081,interpolado
0.016869573914782953,0.005852115333586718,interpolado
0.017,0.005437,original
0.017069213842768553,0.005276791012238782,interpolado
0.017169033806761345,0.005113506261524415,interpolado
0.01726885377075415,0.005009910541506599,interpolado
0.017368673734746952,0.004943337778102972,interpolado
0.01746849369873975,0.004891121897231173,interpolado
0.017568313662732548,0.004830596824808843,interpolado
0.01766813362672535,0.004739096486753618,interpolado
0.017767953590718144,0.00459395480898314,interpolado
0.017867773554710947,0.004372505717415041,interpolado
0.018,0.003923,original
0.018067413482696543,0.0036127474632211562,interpolado
0.01816723344668934,0.0030652758302594516,interpolado
0.018267053410682136,0.002439807714966708,interpolado
0.01836687337467494,0.001766785462722513,interpolado
0.01846669333866774,0.001076651418906447,interpolado
0.018566513302660535,0.0003998479288981616,interpolado
0.018666333266653328,-0.00023318266192276155,interpolado
0.01876615323064613,-0.0007919980081767357,interpolado
0.018865973194638928,-0.001246155764484118,interpolado
0.019,-0.001638,original
0.019065613122624524,-0.0017209583716101284,interpolado
0.01916543308661732,-0.0017119916814401694,interpolado
0.019265253050610116,-0.0015546518628281995,interpolado
0.019365073014602913,-0.0012655931455680784,interpolado
0.019464892978595716,-0.0008614697594536995,interpolado
0.019564712942588512,-0.00035893593427892566,interpolado
0.019664532906581312,0.00022535410016239052,interpolado
0.01976435287057411,0.0008747461140763365,interpolado
0.019864172834566908,0.0015725858776690588,interpolado
0.02,0.00257,original
0.02006381276255251,0.0030466062545324224,interpolado
0.020163632726545307,0.0037837497193692698,interpolado
0.02026345269053811,0.0044882117345931925,interpolado
0.02036327265453091,0.005134485224715889,interpolado
0.02046309261852371,0.005697063114249136,interpolado
0.02056291258251651,0.006150438327704694,interpolado
0.020662732546509306,0.00646910378959428,interpolado
0.02076255251050211,0.006627552424429668,interpolado
0.02086237247449491,0.00660027715672259,interpolado
0.021,0.006211,original
0.02106201240248051,0.005889755477982426,interpolado
0.021161832366473305,0.005206423789370609,interpolado
0.021261652330466105,0.004366338249987833,interpolado
0.0213614722944589,0.0034247929938742766,interpolado
0.021461292258451697,0.002437082155070214,interpolado
0.021561112222444494,0.0014584998676158234,interpolado
0.02166093218643729,0.0005443402655512833,interpolado
0.02176075215043009,-0.00025010251708313107,interpolado
0.021860572114422883,-0.0008695343462472464,interpolado
0.022,-0.001337,original
0.02206021204240848,-0.001366281697228516,interpolado
0.022160032006401275,-0.001201668846764826,interpolado
0.022259851970394078,-0.0008202567816772675,interpolado
0.02235967193438687,-0.0002786448044614495,interpolado
0.022459491898379667,0.0003665677823870559,interpolado
0.022559311862372467,0.0010587816763726872,interpolado
0.022659131826365267,0.0017413975749998147,interpolado
0.02275895179035806,0.002357816175772878,interpolado
0.022858771754350866,0.002851438176196311,interpolado
0.023,0.00323,original
0.02305841168233646,0.0032473792850767507,interpolado
0.023158231646329266,0.0030987901784341474,interpolado
0.023258051610322066,0.0027663835567532176,interpolado
0.023357871574314865,0.002297887262104158,interpolado
0.02345769153830767,0.0017410291365571443,interpolado
0.023557511502300465,0.0011435370221824126,interpolado
0.02365733146629326,0.0005531387610501414,interpolado
0.02375715143028606,1.7562195230509973e-05,interpolado
0.023856971394278864,-0.00041546483320624656,interpolado
0.024,-0.000762,original
0.024056611322264457,-0.000785518246684084,interpolado
0.024156431286257257,-0.0006759696112587103,interpolado
0.024256251250250056,-0.0004048851206689695,interpolado
0.024356071214242853,-8.719286040520577e-06,interpolado
0.024455891178235652,0.00047607338150100584,interpolado
0.02455571114222845,0.0010130383708299915,interpolado
0.02465553110622125,0.0015657211708207594,interpolado
0.024755351070214045,0.002097667270347691,interpolado
0.024855171034206848,0.0025724221582851614,interpolado
0.025,0.003085,original
0.02505481096219244,0.0032060022645149415,interpolado
0.025154630926185237,0.00332182188199116,interpolado
0.02525445089017804,0.003316710926336072,interpolado
0.025354270854170833,0.003207199702462077,interpolado
0.025454090818163633,0.0030098185152815688,interpolado
0.025553910782156432,0.0027410976697069592,interpolado
0.02565373074614923,0.0024175674706506385,interpolado
0.02575355071014203,0.002055758223024992,interpolado
0.02585337067413483,0.0016722002317424442,interpolado
0.026,0.001104,original
0.02605301060212042,0.00090551602746687,interpolado
0.026152830566113224,0.0005457161635540988,interpolado
0.026252650530106014,0.00020310448463367785,interpolado
0.02635247049409882,-0.0001235438892107532,interpolado
0.026452290458091617,-0.000435453837895522,interpolado
0.026552110422084416,-0.0007338502413369893,interpolado
0.026651930386077216,-0.0010199579794515148,interpolado
0.026751750350070016,-0.0012950019321554284,interpolado
0.026851570314062816,-0.00156020697936509,interpolado
0.027,-0.001939,original
0.02705121024204842,-0.002065869972724698,interpolado
0.02715103020604122,-0.0023057051856561718,interpolado
0.02725085017003401,-0.0025318672230329816,interpolado
0.02735067013402681,-0.002739808565999071,interpolado
0.027450490098019614,-0.0029249816956983775,interpolado
0.02755031006201241,-0.0030828390932748197,interpolado
0.027650130026005214,-0.00320883323987234,interpolado
0.027749949989998014,-0.0032984166166348714,interpolado
0.02784976995399081,-0.003347041704706341,interpolado
0.027949589917983606,-0.003350160985230685,interpolado
0.028,-0.003333,original
0.028149229845969206,-0.0032086539486555674,interpolado
0.028249049809962005,-0.0030733696027133444,interpolado
0.028348869773954805,-0.0029055806409960063,interpolado
0.028448689737947598,-0.002713241104752675,interpolado
0.0285485097019404,-0.0025043050352324576,interpolado
0.028648329665933194,-0.0022867264736844534,interpolado
0.028748149629925987,-0.002068459461357791,interpolado
0.028847969593918794,-0.0018574580395015726,interpolado
0.028947789557911587,-0.001661676249364901,interpolado
0.029,-0.001568,original
0.02914742948589718,-0.001345193145018713,interpolado
0.029247249449889975,-0.0012338941641787764,interpolado
0.02934706941388278,-0.0011585851472184399,interpolado
0.029446889377875568,-0.0011227606931656403,interpolado
0.029546709341868368,-0.0011299154010483222,interpolado
0.029646529305861168,-0.0011835438698944262,interpolado
0.029746349269853964,-0.001287140698731895,interpolado
0.02984616923384676,-0.0014442004865886761,interpolado
0.02994598919783956,-0.001658217832492702,interpolado
0.03,-0.001799,original
0.03014562912582516,-0.0022537592773016453,interpolado
0.030245449089817963,-0.0025939194078600973,interpolado
0.03034526905381076,-0.002922609276020613,interpolado
0.030445089017803562,-0.0032098102761967044,interpolado
0.030544908981796355,-0.003425503802801849,interpolado
0.030644728945789155,-0.0035396712502495627,interpolado
0.030744548909781958,-0.003522294012953339,interpolado
0.03084436887377475,-0.003343353485326682,interpolado
0.030944188837767558,-0.0029728310617830782,interpolado
0.031,-0.002671,original
0.03114382876575315,-0.0015823892406026624,interpolado
0.03124364872974596,-0.0006324032596009815,interpolado
0.03134346869373875,0.0004068619340519255,interpolado
0.03144328865773155,0.0014743197113775478,interpolado
0.03154310862172435,0.002508883443397343,interpolado
0.031642928585717156,0.0034494665011327685,interpolado
0.03174274854970995,0.00423498225560533,interpolado
0.03184256851370275,0.004804344077836372,interpolado
0.03194238847769555,0.005096465338847414,interpolado
0.032,0.005115,original
0.03214202840568114,0.004665490229002325,interpolado
0.03224184836967394,0.003998966892922696,interpolado
0.03234166833366674,0.003117948287249112,interpolado
0.03244148829765954,0.0020880961799943473,interpolado
0.03254130826165234,0.0009750723391712137,interpolado
0.032641128225645126,-0.00015546146720747724,interpolado
0.03274094818963792,-0.0012378434711289169,interpolado
0.03284076815363072,-0.0022064119045803535,interpolado
0.03294058811762353,-0.002995504999548842,interpolado
0.033,-0.003353,original
0.03314022804560912,-0.003822280679587252,interpolado
0.03324004800960192,-0.003878440507999364,interpolado
0.033339867973594714,-0.003750947121018902,interpolado
0.03343968793758752,-0.003481618857612727,interpolado
0.03353950790158032,-0.0031122740567477596,interpolado
0.03363932786557312,-0.00268473105739087,interpolado
0.03373914782956591,-0.002240808198508937,interpolado
0.033838967793558716,-0.001822323819068845,interpolado
0.033938787757551506,-0.0014710962580374743,interpolado
0.034,-0.001307,original
0.03413842768553711,-0.001106611093957539,interpolado
0.03423824764952991,-0.0010807171088230184,interpolado
0.034338067613522705,-0.001122497643719538,interpolado
0.0344378875775155,-0.0012038625813013339,interpolado
0.0345377075415083,-0.0012967218042226438,interpolado
0.0346375275055011,-0.00137298519513771,interpolado
0.03473734746949389,-0.0014045626367007562,interpolado
0.03483716743348669,-0.0013633640115660263,interpolado
0.03493698739747949,-0.0012212992023877575,interpolado
0.035,-0.001067,original
0.035136627325465096,-0.0005418891775298088,interpolado
0.03523644728945789,-1.1002898194419744e-05,interpolado
0.035336267253450696,0.0006240408072386672,interpolado
0.03543608721744349,0.001345286756253066,interpolado
0.03553590718143629,0.002134779766332357,interpolado
0.03563572714542908,0.0029745646549601194,interpolado
0.03573554710942189,0.003846686239619996,interpolado
0.03583536707341469,0.004733189337795441,interpolado
0.03593518703740749,0.005616118766970099,interpolado
0.036,0.006179,original
0.036134826965393094,0.007298013602732519,interpolado
0.03623464692938588,0.008056415980135002,interpolado
0.036334466893378686,0.008731283339036871,interpolado
0.03643428685737148,0.009301197437162309,interpolado
0.036534106821364286,0.009744740032235646,interpolado
0.036633926785357075,0.010040492881981153,interpolado
0.03673374674934987,0.010167037744123116,interpolado
0.036833566713342675,0.010102956376385815,interpolado
0.03693338667733548,0.009826830536493495,interpolado
0.037,0.009514,original
0.037133026605321064,0.008578358717121396,interpolado
0.03723284656931387,0.007649218440713438,interpolado
0.037332666533306656,0.006573663520152754,interpolado
0.03743248649729945,0.0053951383383830966,interpolado
0.03753230646129226,0.004157087278348137,interpolado
0.03763212642528505,0.002902954722991799,interpolado
0.03773194638927785,0.0016761850552577523,interpolado
0.03783176635327065,0.0005202226580897501,interpolado
0.03793158631726345,-0.0005214880855684554,interpolado
0.038,-0.001147,original
0.03813122624524904,-0.002108524730680885,interpolado
0.038231046209241844,-0.0026366326689963443,interpolado
0.03833086617323465,-0.0029998650492852946,interpolado
0.03843068613722745,-0.0032079841206402527,interpolado
0.03853050610122025,-0.003270752132153733,interpolado
0.03863032606521305,-0.0031979313329182444,interpolado
0.038730146029205846,-0.0029992839720263116,interpolado
0.038829965993198635,-0.0026845722985704523,interpolado
0.03892978595719144,-0.002263558561643183,interpolado
0.039,-0.001909,original
0.039129425885177045,-0.0011435702058144696,interpolado
0.03922924584916984,-0.0004708652820316883,interpolado
0.03932906581316264,0.0002571050623827076,interpolado
0.039428885777155434,0.001025358826513933,interpolado
0.03952870574114822,0.0018189140094471555,interpolado
0.039628525705141034,0.0026227886102675457,interpolado
0.03972834566913384,0.0034220006280602723,interpolado
0.03982816563312663,0.004201568061910556,interpolado
0.03992798559711943,0.004946508910903459,interpolado
0.04,0.005454,original
0.040127625525105015,0.006272627623477474,interpolado
0.040227445489097825,0.006824005355456114,interpolado
0.04032726545309062,0.007281121362395355,interpolado
0.040427085417083425,0.007629122173613591,interpolado
0.04052690538107623,0.007853154318429135,interpolado
0.04062672534506901,0.007938364326160392,interpolado
0.04072654530906182,0.007869898726125731,interpolado
0.04082636527305462,0.007632904047643515,interpolado
0.040926185237047406,0.007212526820032121,interpolado
0.041,0.006775,original
0.04112582516503301,0.0057842281293474015,interpolado
0.0412256451290258,0.0048295463034992315,interpolado
0.041325465093018605,0.0037811666093727006,interpolado
0.04142528505701141,0.0026901931855282746,interpolado
0.04152510502100421,0.0016077301705263542,interpolado
0.041624924984997015,0.0005848817029275653,interpolado
0.041724744948989805,-0.0003272480787076996,interpolado
0.04182456491298261,-0.0010775550358189693,interpolado
0.0419243848769754,-0.0016149350298457692,interpolado
0.042,-0.001849,original
0.04212402480496101,-0.0018789957036497505,interpolado
0.0422238447689538,-0.0016295335104229208,interpolado
0.0423236647329466,-0.0011906915124488427,interpolado
0.0424234846969394,-0.0006130223116290376,interpolado
0.042523304660932196,5.292149013497615e-05,interpolado
0.04262312462492499,0.0007565872909416752,interpolado
0.04272294458891779,0.0014474224888895851,interpolado
0.042822764552910585,0.002074874482077087,interpolado
0.04292258451690339,0.00258839066860271,interpolado
0.043,0.002876,original
0.04312222444488898,0.0030959268887685225,interpolado
0.04322204440888176,0.003086824806133959,interpolado
0.04332186437287459,0.0029398561772358625,interpolado
0.04342168433686737,0.002684613944617973,interpolado
0.043521504300860166,0.002350691050824004,interpolado
0.043621324264852976,0.001967680438397674,interpolado
0.04372114422884576,0.0015651750498827002,interpolado
0.04382096419283857,0.0011727678278228026,interpolado
0.04392078415683137,0.0008200517147616765,interpolado
0.044,0.000588,original
0.044120424084816964,0.0003427277867334258,interpolado
0.044220244048809754,0.00023886178325756093,interpolado
0.04432006401280256,0.000222662623725493,interpolado
0.04441988397679535,0.0002918180539691281,interpolado
0.044519703940788156,0.0004440158198203846,interpolado
0.04461952390478095,0.0006769436671111477,interpolado
0.04471934386877376,0.000988289341673331,interpolado
0.044819163832766545,0.0013757405893388395,interpolado
0.044918983796759356,0.0018369851559395798,interpolado
0.045,0.002264,original
0.04511862372474495,0.002962927652161897,interpolado
0.04521844368873775,0.0035861683281688305,interpolado
0.04531826365273055,0.00420606274790975,interpolado
0.045418083616723344,0.004789275407485877,interpolado
0.04551790358071613,0.005302470802998434,interpolado
0.04561772354470895,0.005712313430548677,interpolado
0.04571754350870173,0.00598546778623776,interpolado
0.045817363472694536,0.006088598366166948,interpolado
0.045917183436687325,0.005988369666437459,interpolado
0.046,0.005727,original
0.046116823364672925,0.005067241893525583,interpolado
0.04621664332866572,0.004279256450550334,interpolado
0.046316463292658525,0.003339374727341507,interpolado
0.04641628325665133,0.002299411453144371,interpolado
0.04651610322064412,0.001211181357204243,interpolado
0.04661592318463692,0.00012649916876644206,interpolado
0.046715743148629724,-0.0009028203829237153,interpolado
0.04681556311262252,-0.0018249625686209685,interpolado
0.046915383076615316,-0.002588112659079871,interpolado
0.047,-0.003072,original
0.04711502300460093,-0.003450808458776762,interpolado
0.04721484296859371,-0.0035399022391915612,interpolado
0.04731466293258652,-0.003436873407566893,interpolado
0.047414482896579326,-0.003170810467143312,interpolado
0.047514302860572115,-0.0027708019211614456,interpolado
0.04761412282456492,-0.0022659362728618686,interpolado
0.047713942788557714,-0.001685302025485164,interpolado
0.04781376275255052,-0.0010579876822719187,interpolado
0.047913582716543314,-0.00041308174646271785,interpolado
0.048,0.000137,original
0.048113222644528914,0.0008175781056546146,interpolado
0.04821304260852171,0.0013657943486934075,interpolado
0.048312862572514506,0.0018540974836390859,interpolado
0.04841268253650731,0.0022716016427669,interpolado
0.04851250250050011,0.002607420958352116,interpolado
0.04861232246449291,0.002850669562669938,interpolado
0.048712142428485705,0.00299046158799564,interpolado
0.0488119623924785,0.0030159111666044703,interpolado
0.0489117823564713,0.0029161324307716784,interpolado
0.049,0.002715,original
0.049111422284456904,0.002305285428438971,interpolado
0.0492112422484497,0.0018106662064079914,interpolado
0.049311062212442504,0.00121975385083944,interpolado
0.0494108821764353,0.0005559114023889826,interpolado
0.04951070214042809,-0.0001574980982877101,interpolado
0.049610522104420886,-0.0008971116105349719,interpolado
0.04971034206841369,-0.0016395660936971848,interpolado
0.04981016203240649,-0.0023614985071185772,interpolado
0.049909981996399296,-0.0030395458101435315,interpolado
0.05,-0.003594,original
0.05010962192438488,-0.00417499415401635,interpolado
0.05020944188837768,-0.0046078604565160585,interpolado
0.05030926185237049,-0.004945794003013863,interpolado
0.05040908181636328,-0.00518564173756424,interpolado
0.05050890178035608,-0.005324250604221744,interpolado
0.05060872174434887,-0.005358467547040901,interpolado
0.05070854170834167,-0.005285139510076239,interpolado
0.05080836167233446,-0.005101113437382284,interpolado
0.050908181636327265,-0.004803236273013537,interpolado
0.051,-0.004426,original
0.051107821564312865,-0.0038609109413054376,interpolado
0.051207641528305654,-0.0032492082989170963,interpolado
0.05130746149229845,-0.0025862535116223124,interpolado
0.051407281456291254,-0.0019050499532487389,interpolado
0.05150710142028405,-0.0012386009976241763,interpolado
0.05160692138427685,-0.0006199100185762783,interpolado
0.05170674134826966,-8.198038993274858e-05,interpolado
0.05180656131226244,0.0003421845144787114,interpolado
0.051906381276255235,0.0006195813208303982,interpolado
0.052,0.000717,original
0.05210602120424085,0.0006163168417837669,interpolado
0.052205841168233645,0.0003454881553032423,interpolado
0.05230566113222645,-5.687377774193575e-05,interpolado
0.05240548109621924,-0.0005523661843804849,interpolado
0.05250530106021204,-0.0011025862916411206,interpolado
0.05260512102420484,-0.0016691313265525976,interpolado
0.05270494098819765,-0.0022135985161435517,interpolado
0.052804760952190444,-0.002697585087442739,interpolado
0.052904580916183254,-0.003082688267478874,interpolado
0.053,-0.003323,original
0.05310422084416883,-0.0034162047762946604,interpolado
0.05320404080816165,-0.0033625083390665346,interpolado
0.05330386077215444,-0.003202556838658169,interpolado
0.053403680736147235,-0.0029694901202982826,interpolado
0.05350350070014003,-0.0026964480292155975,interpolado
0.05360332066413282,-0.002416570410638832,interpolado
0.05370314062812563,-0.0021629971097967076,interpolado
0.053802960592118435,-0.0019688679719179333,interpolado
0.053902780556111224,-0.0018673228422312583,interpolado
0.054,-0.001889,original
0.05410242048409682,-0.0020590157977811267,interpolado
0.05420224044808961,-0.0023300358651701545,interpolado
0.05430206041208242,-0.002651450415275382,interpolado
0.05440188037607522,-0.0029701483494194445,interpolado
0.054501700340068016,-0.0032330185689250475,interpolado
0.05460152030406081,-0.0033869499751148758,interpolado
0.054701340268053615,-0.0033788314693116127,interpolado
0.05480116023204642,-0.0031555519528379435,interpolado
0.054900980196039215,-0.0026640003270165073,interpolado
0.055,-0.001859,original
0.055100620124024814,-0.0006873714054326549,interpolado
0.05520044008801761,0.0007637737521050648,interpolado
0.055300260052010414,0.002416441266163829,interpolado
0.05540008001600321,0.004184702435400563,interpolado
0.05549989997999602,0.0059826285584723225,interpolado
0.05559971994398881,0.007724290934035772,interpolado
0.05569953990798162,0.009323760860747973,interpolado
0.05579935987197441,0.010695109637265842,interpolado
0.055899179835967205,0.011752408562246313,interpolado
0.056,0.012414,original
0.056098819763952805,0.012606084231408089,interpolado
0.056198639727945615,0.012383301419398163,interpolado
0.056298459691938404,0.011809695116244573,interpolado
0.056398279655931194,0.010953579965737426,interpolado
0.056498099619924,0.009883270611666826,interpolado
0.05659791958391678,0.008667081697822874,interpolado
0.05669773954790959,0.007373327867995586,interpolado
0.056797559511902386,0.006070323765975248,interpolado
0.05689737947589518,0.004826384035551875,interpolado
0.057,0.003681,original
0.05709701940388077,0.0027757900159462692,interpolado
0.05719683936787358,0.0020221407011904585,interpolado
0.057296659331866374,0.0014311524516868812,interpolado
0.057396479295859164,0.0009851020261941686,interpolado
0.057496299259851974,0.0006662661834708239,interpolado
0.05759611922384477,0.00045692168227539726,interpolado
0.05769593918783757,0.00033934528136643857,interpolado
0.05779575915183038,0.0002958137395024972,interpolado
0.05789557911582317,0.00030860381544212795,interpolado
0.058,0.000363,original
0.058095219043808766,0.0004331177374619003,interpolado
0.05819503900780156,0.000515078308702602,interpolado
0.058294858971794365,0.0005941083576779946,interpolado
0.05839467893578716,0.0006584423576323396,interpolado
0.05849449889977996,0.0006963147818098849,interpolado
0.05859431886377275,0.0006959601034548933,interpolado
0.058694138827765543,0.0006456127958116226,interpolado
0.05879395879175835,0.0005335073321243303,interpolado
0.05889377875575114,0.00034787818563727447,interpolado
0.059,5.64e-05,original
0.059093418683736736,-0.00028512339863033575,interpolado
0.05919323864772953,-0.0007156768235648854,interpolado
0.059293058611722335,-0.0011833549386414627,interpolado
0.05939287857571514,-0.0016568103423128372,interpolado
0.059492698539707935,-0.0021046956330317786,interpolado
0.05959251850370074,-0.0024956634092510813,interpolado
0.05969233846769355,-0.0027983662694234615,interpolado
0.05979215843168634,-0.002981456812001715,interpolado
0.05989197839567914,-0.003013587635438615,interpolado
0.06,-0.002842,original
0.06009161832366474,-0.002509358577332451,interpolado
0.060191438287657544,-0.0019799533544381676,interpolado
0.06029125825165034,-0.0013197180678751288,interpolado
0.06039107821564312,-0.0005731821306928142,interpolado
0.06049089817963593,0.00021512504405926425,interpolado
0.060590718143628736,0.001000674043331597,interpolado
0.06069053810762152,0.0017389354540746724,interpolado
0.06079035807161433,0.00238537986323902,interpolado
0.06089017803560712,0.002895477857775039,interpolado
0.061,0.003246,original
0.06108981796359272,0.0033385544181395734,interpolado
0.06118963792758553,0.0032568727515207936,interpolado
0.06128945789157832,0.003017779861141343,interpolado
0.06138927785557113,0.0026594144443839946,interpolado
0.061489097819563916,0.0022199151986314718,interpolado
0.06158891778355671,0.0017374208212665092,interpolado
0.06168873774754952,0.0012500700096718434,interpolado
0.06178855771154231,0.0007960014612302089,interpolado
0.06188837767553511,0.0004133538733243191,interpolado
0.062,0.000117,original
0.0620880176035207,7.222439273108883e-06,interpolado
0.06218783756751352,9.32366808446004e-07,interpolado
0.062287657531506314,9.256760756003358e-05,interpolado
0.062387477495499104,0.0002532815894874152,interpolado
0.06248729745949191,0.00045422774055014787,interpolado
0.0625871174234847,0.0006665594887077328,interpolado
0.06268693738747752,0.0008614302619197678,interpolado
0.06278675735147032,0.001009993488145762,interpolado
0.0628865773154631,0.0010834025953452482,interpolado
0.063,0.001039,original
0.0630862172434487,0.0008962996611429548,interpolado
0.0631860372074415,0.0006338369373999973,interpolado
0.06328585717143427,0.00030105465903473047,interpolado
0.06338567713542709,-6.638814875638377e-05,interpolado
0.06348549709941989,-0.00043283246077674723,interpolado
0.06358531706341268,-0.0007626192518297599,interpolado
0.06368513702740548,-0.0010200894967189603,interpolado
0.06378495699139829,-0.0011695841702477308,interpolado
0.06388477695539109,-0.0011754442472195594,interpolado
0.064,-0.000957,original
0.06408441688337667,-0.0006226331236709067,interpolado
0.06418423684736949,-6.827485378082629e-05,interpolado
0.06428405681136226,0.0006074116229606863,interpolado
0.06438387677535506,0.001350719096402562,interpolado
0.06448369673934787,0.0021079403563934525,interpolado
0.06458351670334066,0.002825368192782002,interpolado
0.06468333666733346,0.0034492953954171537,interpolado
0.06478315663132625,0.003926014754147489,interpolado
0.06488297659531905,0.004201819058821884,interpolado
0.065,0.004197,original
0.06508261652330465,0.00394624474580587,interpolado
0.06518243648729745,0.0033985605238696166,interpolado
0.06528225645129025,0.0026361146695963542,interpolado
0.06538207641528304,0.00171516724136491,interpolado
0.06548189637927584,0.0006919782975545727,interpolado
0.06558171634326866,-0.00037719210345590144,interpolado
0.06568153630726145,-0.0014360839032873318,interpolado
0.06578135627125424,-0.002428437043560538,interpolado
0.06588117623524704,-0.003297991465896756,interpolado
0.066,-0.004095,original
0.06608081616323264,-0.004452278012805569,interpolado
0.06618063612722544,-0.004703451534480465,interpolado
0.06628045609121826,-0.00478302646808137,interpolado
0.06638027605521105,-0.0047321336094110905,interpolado
0.06648009601920384,-0.004591903754272506,interpolado
0.06657991598319665,-0.0044034676984684345,interpolado
0.06667973594718946,-0.004207956237801767,interpolado
0.06677955591118223,-0.004046500168075303,interpolado
0.06687937587517505,-0.00396023028509193,interpolado
0.067,-0.004015,original
0.06707901580316065,-0.004171783692458195,interpolado
0.06717883576715343,-0.004494416155477772,interpolado
0.06727865573114623,-0.004926973822136868,interpolado
0.06737847569513902,-0.0054381464379125765,interpolado
0.06747829565913181,-0.0059966237482819516,interpolado
0.06757811562312463,-0.006571095498722278,interpolado
0.06767793558711742,-0.007130251434710535,interpolado
0.06777775555111022,-0.0076427813017240125,interpolado
0.067877575515103,-0.008077374845239706,interpolado
0.068,-0.008458,original
0.0680772154430886,-0.008590122744427234,interpolado
0.06817703540708141,-0.008631900995873906,interpolado
0.06827685537107421,-0.008530523486006728,interpolado
0.06837667533506701,-0.008288522636638897,interpolado
0.06847649529905982,-0.00790843086958351,interpolado
0.06857631526305262,-0.007392780606653761,interpolado
0.06867613522704541,-0.006744104269662919,interpolado
0.06877595519103821,-0.005964934280423966,interpolado
0.06887577515503102,-0.00505780306075029,interpolado
0.069,-0.003754,original
0.06907541508301662,-0.0028716879573650778,interpolado
0.06917523504700944,-0.0016178195144977983,interpolado
0.06927505501100223,-0.0002925595256927789,interpolado
0.069374874974995,0.0010751057531898421,interpolado
0.06947469493898781,0.0024561900662904957,interpolado
0.0695745149029806,0.0038217071577488606,interpolado
0.06967433486697341,0.00514267077170537,interpolado
0.06977415483096622,0.0063900946522998815,interpolado
0.069873974794959,0.007534992543672297,interpolado
0.07,0.008789,original
0.0700736147229446,0.009403898060491574,interpolado
0.07017343468693742,0.010099096323903323,interpolado
0.07027325465093019,0.010644251521634104,interpolado
0.07037307461492301,0.011049760956697758,interpolado
0.07047289457891581,0.011326021932107874,interpolado
0.07057271454290859,0.01148343175087812,interpolado
0.0706725345069014,0.011532387716022233,interpolado
0.0707723544708942,0.011483287130553866,interpolado
0.070872174434887,0.011346527297486692,interpolado
0.071,0.01106,original
0.07107181436287258,0.010850696455244477,interpolado
0.07117163432686538,0.01050166990342898,interpolado
0.07127145429085818,0.010081011536307671,interpolado
0.07137127425485096,0.009584252307125882,interpolado
0.07147109421884378,0.00900692316912913,interpolado
0.07157091418283656,0.008344555075562969,interpolado
0.07167073414682937,0.00759267897967267,interpolado
0.07177055411082216,0.0067468258347039,interpolado
0.07187037407481495,0.005802526593901882,interpolado
0.072,0.004422,original
0.07207001400280055,0.003603259235596016,interpolado
0.07216983396679336,0.0023705954537671797,interpolado
0.07226965393078615,0.0010969181823269412,interpolado
0.07236947389477896,-0.00017797886007721135,interpolado
0.07246929385877175,-0.0014143019547970983,interpolado
0.07256911382276457,-0.0025722573831852245,interpolado
0.07266893378675736,-0.0036120514265935723,interpolado
0.07276875375075015,-0.004493890366374192,interpolado
0.07286857371474297,-0.005177980483879489,interpolado
0.073,-0.00571,original
0.07306821364272856,-0.005798447860606438,interpolado
0.07316803360672133,-0.005716201766040281,interpolado
0.07326785357071416,-0.005426053673376597,interpolado
0.07336767353470694,-0.0049767358493078605,interpolado
0.07346749349869973,-0.00441698056052664,interpolado
0.07356731346269255,-0.003795520073725256,interpolado
0.07366713342668534,-0.0031610866555963494,interpolado
0.07376695339067814,-0.0025624125728322187,interpolado
0.07386677335467094,-0.0020482300921254373,interpolado
0.074,-0.001578,original
0.07406641328265653,-0.0014636154730521312,interpolado
0.07416623324664931,-0.0014269803845076234,interpolado
0.07426605321064211,-0.0015118879384781396,interpolado
0.07436587317463492,-0.0016722675916323465,interpolado
0.0744656931386277,-0.001862048800638871,interpolado
0.07456551310262051,-0.0020351610221664212,interpolado
0.07466533306661333,-0.0021455337128836183,interpolado
0.07476515303060613,-0.002147096329459145,interpolado
0.07486497299459892,-0.00199377832856167,interpolado
0.075,-0.001458,original
0.07506461292258453,-0.0010430832475739787,interpolado
0.07516443288657731,-0.00022401886305959212,interpolado
0.07526425285057012,0.0007569140562655333,interpolado
0.07536407281456291,0.0018381585187715345,interpolado
0.07546389277855571,0.0029581575328291162,interpolado
0.07556371274254853,0.0040553541068085305,interpolado
0.07566353270654129,0.005068191249080034,interpolado
0.0757633526705341,0.005935111968014313,interpolado
0.0758631726345269,0.006594559271981542,interpolado
0.076,0.007049,original
0.0760628125625125,0.007049846242806758,interpolado
0.0761626325265053,0.006799981643570068,interpolado
0.07626245249049812,0.006294173618859484,interpolado
0.0763622724544909,0.0055922442914978256,interpolado
0.0764620924184837,0.004754015784307606,interpolado
0.07656191238247648,0.003839310220111752,interpolado
0.0766617323464693,0.002907949721732712,interpolado
0.07676155231046208,0.002019756411993326,interpolado
0.07686137227445489,0.0012345524137164032,interpolado
0.077,0.000427,original
0.07706101220244047,0.00020849763230494422,interpolado
0.07716083216643328,2.360005718847464e-05,interpolado
0.07726065213042609,1.573432513412738e-05,interpolado
0.07736047209441889,0.00014216318845980665,interpolado
0.07746029205841168,0.0003601493994834788,interpolado
0.07756011202240448,0.0006269557105230235,interpolado
0.07765993198639728,0.000899844873896448,interpolado
0.07775975195039009,0.0011360796419216167,interpolado
0.07785957191438288,0.001292922766916526,interpolado
0.078,0.001297,original
0.07805921184236847,0.0012004734930638919,interpolado
0.07815903180636126,0.0009176279180707243,interpolado
0.07825885177035408,0.0005213035826301971,interpolado
0.07835867173434687,5.466773564159409e-05,interpolado
0.07845849169833968,-0.0004391123739956413,interpolado
0.07855831166233247,-0.0009168694973820466,interpolado
0.07865813162632526,-0.0013354363856183638,interpolado
0.07875795159031806,-0.0016516457898050913,interpolado
0.07885777155431087,-0.0018223304610429244,interpolado
0.079,-0.001729,original
0.07905741148229646,-0.0015577612212688435,interpolado
0.07915723144628925,-0.0010974436842595666,interpolado
0.07925705141028205,-0.00048308574923607386,interpolado
0.07935687137427486,0.00022426544092566482,interpolado
0.07945669133826766,0.0009635627433493247,interpolado
0.07955651130226044,0.0016737590151589701,interpolado
0.07965633126625327,0.0022938071134783536,interpolado
0.07975615123024606,0.0027626598954312745,interpolado
0.07985597119423883,0.0030192702181417214,interpolado
0.08,0.002892,original
0.08005561112222444,0.002655157115963775,interpolado
0.08015543108621725,0.001983387957369446,interpolado
0.08025525105021003,0.0010487359072021208,interpolado
0.08035507101420285,-8.55469220120136e-05,interpolado
0.08045489097819564,-0.0013562084177462116,interpolado
0.08055471094218844,-0.002699996467474379,interpolado
0.08065453090618122,-0.00405365895866971,interpolado
0.08075435087017403,-0.005353943778806137,interpolado
0.08085417083416682,-0.006537598815357017,interpolado
0.081,-0.007926,original
0.08105381076215243,-0.008304031865251464,interpolado
0.08115363072614523,-0.00880329088994705,interpolado
0.08125345069013802,-0.009052029093914183,interpolado
0.08135327065413084,-0.009064389662892521,interpolado
0.08145309061812363,-0.008854515782621848,interpolado
0.08155291058211642,-0.008436550638841855,interpolado
0.08165273054610922,-0.007824637417292404,interpolado
0.08175255051010202,-0.007032919303713059,interpolado
0.0818523704740948,-0.006075539483843787,interpolado
0.082,-0.004386,original
0.0820520104020804,-0.003721313946421198,interpolado
0.08215183036607318,-0.0023744075773202643,interpolado
0.082251650330066,-0.0009794761678715031,interpolado
0.08235147029405879,0.00040919098608122793,interpolado
0.08245129025805162,0.001737304588694827,interpolado
0.08255111022204441,0.002950575344125612,interpolado
0.08265093018603718,0.00399471395652996,interpolado
0.08275075015003001,0.00481543113006468,interpolado
0.08285057011402278,0.005358437568886068,interpolado
0.083,0.005534,original
0.08305021004200841,0.005397144758434509,interpolado
0.08315003000600119,0.004857900366842008,interpolado
0.083249849969994,0.004035208759072819,interpolado
0.08334966993398678,0.003015445879621501,interpolado
0.0834494898979796,0.0018849876729821282,interpolado
0.08354930986197237,0.0007302100836493461,interpolado
0.0836491298259652,-0.00036251094388281427,interpolado
0.08374894978995802,-0.001306799465119831,interpolado
0.0838487697539508,-0.0020162795355672643,interpolado
0.08394858971794358,-0.0024045752107309595,interpolado
0.084,-0.002451,original
0.08414822964592919,-0.0019652306106562613,interpolado
0.08424804960992202,-0.00121496967470192,interpolado
0.0843478695739148,-0.00022202177607330364,interpolado
0.08444768953790761,0.0009293627361090374,interpolado
0.08454750950190039,0.0021549335127239765,interpolado
0.08464732946589319,0.003370440204651031,interpolado
0.084747149429886,0.004491632462769056,interpolado
0.08484696939387879,0.005434259937957541,interpolado
0.0849467893578716,0.006114072281095489,interpolado
0.085,0.00634,original
0.0851464292858572,0.0064209999757966285,interpolado
0.08524624924984998,0.006080112339657885,interpolado
0.08534606921384277,0.005480529571865428,interpolado
0.08544588917783558,0.004676278802618692,interpolado
0.08554570914182837,0.003721387162117215,interpolado
0.08564552910582116,0.002669881780560122,interpolado
0.08574534906981393,0.0015757897881470923,interpolado
0.08584516903380673,0.0004931383150772145,interpolado
0.08594498899779954,-0.000524045508449828,interpolado
0.086,-0.001037,original
0.08614462892578514,-0.002174971045284378,interpolado
0.08624444888977793,-0.0027828768144532606,interpolado
0.08634426885377072,-0.003249631310315809,interpolado
0.08644408881776354,-0.003578549484194503,interpolado
0.0865439087817563,-0.003772946287412041,interpolado
0.08664372874574912,-0.003836136671290981,interpolado
0.08674354870974194,-0.0037714355871539527,interpolado
0.08684336867373474,-0.003582157986323544,interpolado
0.08694318863772751,-0.0032716188201224183,interpolado
0.087,-0.003042,original
0.08714282856571313,-0.0023187562346948603,interpolado
0.08724264852970592,-0.0017374722640670166,interpolado
0.08734246849369873,-0.0011414910944412614,interpolado
0.08744228845769153,-0.0005725110044117211,interpolado
0.08754210842168433,-7.223027257220673e-05,interpolado
0.08764192838567711,0.000317652822483178,interpolado
0.08774174834966993,0.0005554400021605744,interpolado
0.08784156831366274,0.000599432987865944,interpolado
0.0879413882776555,0.00040793350100535664,interpolado
0.088,0.000169,original
0.08814102820564113,-0.0007896422473441122,interpolado
0.08824084816963391,-0.0017041519585064562,interpolado
0.08834066813362672,-0.0027196443019126297,interpolado
0.08844048809761951,-0.003752941996028279,interpolado
0.08854030806161234,-0.004720867759319495,interpolado
0.0886401280256051,-0.005540244310251815,interpolado
0.08873994798959792,-0.006127894367291272,interpolado
0.0888397679535907,-0.006400640648903517,interpolado
0.08893958791758352,-0.006275305873554425,interpolado
0.089,-0.005971,original
0.08913922784556912,-0.004588920558718796,interpolado
0.0892390478095619,-0.0031408326520171374,interpolado
0.0893388677735547,-0.0014450815534131306,interpolado
0.0894386877375475,0.00037976912439643024,interpolado
0.08953850770154032,0.0022151557687140554,interpolado
0.08963832766553308,0.003942514766842237,interpolado
0.08973814762952591,0.005443282506084201,interpolado
0.0898379675935187,0.006598895373742285,interpolado
0.0899377875575115,0.007290789757119551,interpolado
0.09,0.007435,original
0.09013742748549709,0.006909281039383157,interpolado
0.0902372474494899,0.005913602464552546,interpolado
0.09033706741348267,0.0045270359142704384,interpolado
0.0904368873774755,0.002861199390383493,interpolado
0.09053670734146826,0.0010277108947391882,interpolado
0.09063652730546108,-0.0008618115708159403,interpolado
0.09073634726945387,-0.0026957500044345922,interpolado
0.09083616723344669,-0.004362486404269507,interpolado
0.09093598719743949,-0.005750402768474101,interpolado
0.091,-0.006442,original
0.09113562712542508,-0.007313581241299029,interpolado
0.0912354470894179,-0.00749272216412441,interpolado
0.09133526705341068,-0.00734308478597144,interpolado
0.09143508701740347,-0.006921156761134182,interpolado
0.09153490698139627,-0.006283425743906847,interpolado
0.09163472694538909,-0.005486379388583358,interpolado
0.09173454690938186,-0.004586505349458026,interpolado
0.09183436687337468,-0.0036402912808247054,interpolado
0.09193418683736748,-0.0027042248369776216,interpolado
0.092,-0.00212,original
0.09213382676535305,-0.001066053051895178,interpolado
0.09223364672934586,-0.00040240941162343044,interpolado
0.09233346669333865,0.00015587113294097504,interpolado
0.09243328665733146,0.0006081543846796489,interpolado
0.09253310662132426,0.0009538061464742606,interpolado
0.09263292658531705,0.0011921922212066159,interpolado
0.09273274654930984,0.0013226784117583588,interpolado
0.09283256651330266,0.0013446305210112362,interpolado
0.09293238647729546,0.001257414351846932,interpolado
0.093,0.001136,original
0.09313202640528107,0.0007623529147689464,interpolado
0.09323184636927385,0.00038538537739463987,interpolado
0.09333166633326664,-4.6596749696314786e-05,interpolado
0.09343148629725945,-0.0005098199430787835,interpolado
0.09353130626125225,-0.0009805106793278758,interpolado
0.09363112622524505,-0.0014348954350185063,interpolado
0.09373094618923784,-0.0018492006867256007,interpolado
0.09383076615323063,-0.0021996529110242546,interpolado
0.09393058611722344,-0.002462478584489357,interpolado
0.094,-0.002581,original
0.09413022604520904,-0.002643374792517001,interpolado
0.09423004600920182,-0.002560328966026094,interpolado
0.09432986597319462,-0.0023768801361312296,interpolado
0.09442968593718742,-0.0021049734776019536,interpolado
0.09452950590118023,-0.0017565541652076874,interpolado
0.09462932586517303,-0.0013435673737180215,interpolado
0.09472914582916582,-0.0008779582779023379,interpolado
0.09482896579315865,-0.0003716720525301874,interpolado
0.09492878575715143,0.0001633461276288555,interpolado
0.095,0.000556,original
0.09512842568513703,0.0012727117151123627,interpolado
0.09522824564912984,0.0018264719496223945,interpolado
0.09532806561312265,0.002367071991651443,interpolado
0.09542788557711544,0.002885141940183848,interpolado
0.09552770554110825,0.0033713118942041635,interpolado
0.09562752550510104,0.0038162119526966667,interpolado
0.09572734546909382,0.004210472214645891,interpolado
0.09582716543308661,0.004544722779036141,interpolado
0.09592698539707945,0.004809593744851921,interpolado
0.096,0.004954,original
0.09612662532506505,0.005099024966767967,interpolado
0.09622644528905783,0.005124585283139421,interpolado
0.0963262652530506,0.005078677426183268,interpolado
0.09642608521704342,0.004967532310807332,interpolado
0.09652590518103622,0.004797380851919455,interpolado
0.096625725145029,0.0045744539644275075,interpolado
0.09672554510902182,0.004304982563239269,interpolado
0.09682536507301459,0.00399519756326265,interpolado
0.09692518503700741,0.0036513298794054036,interpolado
0.097,0.003375,original
0.097124824964993,0.0028923626963326676,interpolado
0.0972246449289858,0.002513052803323666,interpolado
0.09732446489297861,0.0021666545465942734,interpolado
0.0974242848569714,0.001878092749871349,interpolado
0.0975241048209642,0.0016722922368819226,interpolado
0.09762392478495698,0.0015741778313528901,interpolado
0.09772374474894979,0.0016086743570112446,interpolado
0.09782356471294258,0.0018007066375839028,interpolado
0.0979233846769354,0.0021751994967978737,interpolado
0.098,0.002602,original
0.09812302460492098,0.0035436951218661313,interpolado
0.0982228445689138,0.004478825350523238,interpolado
0.09832266453290657,0.005498842902182038,interpolado
0.09842248449689937,0.006540307248035587,interpolado
0.09852230446089218,0.007539777859276376,interpolado
0.09862212442488498,0.008433814207097455,interpolado
0.09872194438887777,0.009158975762691358,interpolado
0.09882176435287057,0.009651821997251056,interpolado
0.09892158431686335,0.009848912381969195,interpolado
0.099,0.009755,original
0.09912122424484898,0.00913970689885255,interpolado
0.09922104420884174,0.008259465379138891,interpolado
0.09932086417283456,0.0071089511032221605,interpolado
0.09942068413682738,0.005750826129829061,interpolado
0.09952050410082017,0.004247752517686408,interpolado
0.09962032406481298,0.0026623923255203784,interpolado
0.09972014402880577,0.0010574076120579978,interpolado
0.09981996399279859,-0.0005045395639745853,interpolado
0.09991978395679138,-0.0019607871438505464,interpolado
0.1,-0.003012,original
0.10011942388477699,-0.004325208793465921,interpolado
0.10021924384876978,-0.005190439748530698,interpolado
0.10031906381276257,-0.005850721460363522,interpolado
0.10041888377675537,-0.006312322431667929,interpolado
0.10051870374074814,-0.006581511165147766,interpolado
0.10061852370474098,-0.006664556163506678,interpolado
0.10071834366873375,-0.00656772592944841,interpolado
0.10081816363272657,-0.006297288965676653,interpolado
0.10091798359671933,-0.005859513774895202,interpolado
0.101,-0.005379,original
0.10111762352470495,-0.004515044317614926,interpolado
0.10121744348869774,-0.003655521621413074,interpolado
0.10131726345269051,-0.0027178129544413094,interpolado
0.1014170834166833,-0.0017376026836787802,interpolado
0.10151690338067614,-0.0007505751761041099,interpolado
0.10161672334466891,0.00020758520130354278,interpolado
0.10171654330866171,0.0011011940815655486,interpolado
0.1018163632726545,0.0018945670977028738,interpolado
0.1019161832366473,0.002552019882736539,interpolado
0.102,0.002973,original
0.10211582316463289,0.0033327536339773068,interpolado
0.1022156431286257,0.0034573813646052026,interpolado
0.1023154630926185,0.003438815526067463,interpolado
0.10241528305661132,0.0033040773179871725,interpolado
0.10251510302060411,0.003080187939987349,interpolado
0.1026149229845969,0.0027941685916911094,interpolado
0.10271474294858972,0.0024730404727214285,interpolado
0.10281456291258251,0.0021438247827014023,interpolado
0.10291438287657531,0.0018335427212541322,interpolado
0.103,0.001603,original
0.1031140228045609,0.0013684640360800096,interpolado
0.1032138427685537,0.001224502295099866,interpolado
0.1033136627325465,0.0011264918654798508,interpolado
0.1034134826965393,0.001063612514909687,interpolado
0.10351330266053212,0.0010250440110791393,interpolado
0.10361312262452489,0.0009999661216779589,interpolado
0.10371294258851771,0.0009775586143958889,interpolado
0.10381276255251048,0.000947001256922687,interpolado
0.10391258251650332,0.0008974738169480944,interpolado
0.104,0.00083,original
0.10411222244448887,0.0007050495408252454,interpolado
0.10421204240848168,0.0005728865748713193,interpolado
0.10431186237247447,0.00043966075369722554,interpolado
0.10441168233646726,0.0003233564582988831,interpolado
0.10451150230046007,0.00024195806967227597,interpolado
0.10461132226445288,0.00021344996881333684,interpolado
0.10471114222844567,0.0002558165367180373,interpolado
0.10481096219243846,0.00038704215438230987,interpolado
0.10491078215643128,0.0006251112028021458,interpolado
0.105,0.000943,original
0.10511042208441687,0.0014781259283384667,interpolado
0.10521024204840967,0.002052608411398708,interpolado
0.10531006201240249,0.0026603202369575867,interpolado
0.10540988197639527,0.0032501399301519684,interpolado
0.10550970194038807,0.0037709460161183973,interpolado
0.1056095219043809,0.004171617019993716,interpolado
0.10570934186837369,0.0044010314669145345,interpolado
0.1058091618323665,0.0044080678820175665,interpolado
0.1059089817963593,0.004141604790439511,interpolado
0.106,0.003617,original
0.10610862172434489,0.0026161396439078758,interpolado
0.10620844168833767,0.001419279175665401,interpolado
0.10630826165233048,5.991520709823915e-05,interpolado
0.10640808161632326,-0.0013619936301317267,interpolado
0.10650790158031605,-0.0027464887043625796,interpolado
0.10660772154430888,-0.003993611383932979,interpolado
0.10670754150830164,-0.00500340303718088,interpolado
0.10680736147229446,-0.005675905032444835,interpolado
0.10690718143628726,-0.005911158738062956,interpolado
0.107,-0.00565,original
0.10710682136427284,-0.004717494065970833,interpolado
0.10720664132826564,-0.0033370242408719206,interpolado
0.10730646129225846,-0.0015999503946973613,interpolado
0.10740628125625123,0.0003615864732234021,interpolado
0.10750610122024404,0.0024154453635619275,interpolado
0.10760592118423686,0.004429485276988961,interpolado
0.10770574114822967,0.006271565214175263,interpolado
0.10780556111222246,0.007809544175792362,interpolado
0.10790538107621526,0.008911281162510875,interpolado
0.108,0.009433,original
0.10810502100420086,0.00932542466348922,interpolado
0.10820484096819366,0.008633504189691686,interpolado
0.10830466093218646,0.007483825164508589,interpolado
0.10840448089617927,0.005991333173565941,interpolado
0.10850430086017206,0.004270973802489055,interpolado
0.10860412082416487,0.0024376926369038465,interpolado
0.10870394078815766,0.0006064352624363001,interpolado
0.10880376075215044,-0.001107852735288373,interpolado
0.10890358071614323,-0.0025902257706439972,interpolado
0.109,-0.003694,original
0.1091032206441288,-0.004433936893930236,interpolado
0.10920304060812164,-0.004758924418613293,interpolado
0.10930286057211444,-0.0047729219428241,interpolado
0.1094026805361072,-0.00454814934388805,interpolado
0.10950250050010003,-0.004156826499130432,interpolado
0.10960232046409281,-0.003671173285876682,interpolado
0.10970214042808561,-0.003163409581452015,interpolado
0.10980196039207842,-0.0027057552631818437,interpolado
0.10990178035607122,-0.0023704302083915585,interpolado
0.11,-0.00223,original
0.11010142028405681,-0.002332001835049307,interpolado
0.11020124024804961,-0.0026359069258897654,interpolado
0.11030106021204243,-0.0030783264566061194,interpolado
0.11040088017603521,-0.0035962174097726287,interpolado
0.11050070014002804,-0.004126536767963371,interpolado
0.11060052010402084,-0.004606241513752415,interpolado
0.11070034006801363,-0.004972288629714029,interpolado
0.1108001600320064,-0.005161635098422259,interpolado
0.11089997999599922,-0.005111237902451299,interpolado
0.111,-0.004757,original
0.1110996199239848,-0.004063140282588219,interpolado
0.11119943988797762,-0.0030845341409453946,interpolado
0.11129925985197038,-0.0019046644254727264,interpolado
0.1113990798159632,-0.0006059599623907355,interpolado
0.11149889977995597,0.0007291504220793821,interpolado
0.11159871974394879,0.0020182379017171484,interpolado
0.1116985397079416,0.003178873650301522,interpolado
0.11179835967193437,0.00412862884161153,interpolado
0.11189817963592717,0.00478507464942659,interpolado
0.112,0.005067,original
0.11209781956391278,0.004914308970221878,interpolado
0.11219763952790558,0.0043845991923218705,interpolado
0.11229745949189837,0.003559903232491284,interpolado
0.11239727945589116,0.002523471631631946,interpolado
0.11249709941988396,0.0013585549306461891,interpolado
0.11259691938387677,0.00014840367043574568,interpolado
0.11269673934786958,-0.001023731608097164,interpolado
0.11279655931186239,-0.002074600364050335,interpolado
0.11289637927585519,-0.0029209520565220033,interpolado
0.113,-0.003494,original
0.11309601920384078,-0.0036892974143896942,interpolado
0.11319583916783359,-0.0035887147759263646,interpolado
0.11329565913182639,-0.003244156681091378,interpolado
0.11339547909581918,-0.0027219929583273046,interpolado
0.11349529905981197,-0.0020885934360768115,interpolado
0.11359511902380481,-0.0014103279427822944,interpolado
0.11369493898779758,-0.0007535663068864952,interpolado
0.11379475895179039,-0.0001846783568318042,interpolado
0.11389457891578318,0.0002299660789391114,interpolado
0.114,0.000427,original
0.11409421884376877,0.00034961874048940195,interpolado
0.11419403880776156,4.69769238967735e-05,interpolado
0.11429385877175437,-0.00041778020280482456,interpolado
0.11439367873574717,-0.0009785006624345428,interpolado
0.11449349869973997,-0.0015690324778118037,interpolado
0.11459331866373275,-0.0021232236717557912,interpolado
0.11469313862772557,-0.002574922267085714,interpolado
0.11479295859171834,-0.002857976286620959,interpolado
0.11489277855571114,-0.0029062337531807307,interpolado
0.115,-0.002621,original
0.11509241848369674,-0.002052724921813744,interpolado
0.11519223844768953,-0.001151471970681547,interpolado
0.11529205841168236,-2.7065770727259946e-05,interpolado
0.11539187837567515,0.001243201997346789,interpolado
0.11549169833966791,0.0025820396528389252,interpolado
0.11559151830366074,0.0039121555150469405,interpolado
0.11569133826765354,0.0051562579032686335,interpolado
0.11579115823164633,0.0062370551368023195,interpolado
0.11589097819563912,0.0070772555349456825,interpolado
0.116,0.007629,original
0.11609061812362471,0.007746322970809061,interpolado
0.11619043808761752,0.0075634970366327044,interpolado
0.1162902580516103,0.007131154982199598,interpolado
0.11639007801560312,0.006529382722955763,interpolado
0.11648989797959591,0.005838266174346948,interpolado
0.11658971794358872,0.005137891251819254,interpolado
0.11668953790758153,0.004508343870818403,interpolado
0.11678935787157434,0.004029709946790423,interpolado
0.11688917783556708,0.003782075395181256,interpolado
0.117,0.003875,original
0.11708881776355269,0.004279380708370764,interpolado
0.1171886377275455,0.005027066331244833,interpolado
0.1172884576915383,0.00599182570480535,interpolado
0.11738827765553113,0.0070768620589476885,interpolado
0.1174880976195239,0.008185378623566823,interpolado
0.11758791758351668,0.009220578628557716,interpolado
0.11768773754750952,0.010085665303815767,interpolado
0.1177875575115023,0.010683841879235852,interpolado
0.11788737747549512,0.01091831158471325,interpolado
0.118,0.010625,original
0.11808701740348071,0.009934602922982089,interpolado
0.11818683736747351,0.008725505534509575,interpolado
0.11828665733146627,0.007200506552628488,interpolado
0.11838647729545909,0.005495208764106987,interpolado
0.11848629725945188,0.003745214955713858,interpolado
0.11858611722344467,0.0020861279142179107,interpolado
0.11868593718743749,0.0006535504263872588,interpolado
0.11878575715143025,-0.0004169147210091456,interpolado
0.11888557711542305,-0.0009896647412030246,interpolado
0.119,-0.000859,original
0.11908521704340864,-0.0001288891173656186,interpolado
0.11918503700740145,0.001334639263224881,interpolado
0.11928485697139425,0.00331487529424352,interpolado
0.11938467693538708,0.005665058634567065,interpolado
0.11948449689937987,0.008238428943071117,interpolado
0.11958431686337266,0.010888225878632616,interpolado
0.11968413682736548,0.013467689100127416,interpolado
0.11978395679135825,0.015830058266431423,interpolado
0.11988377675535104,0.017828573036421512,interpolado
0.12,0.019502,original
0.12008341668333666,0.02016829574300859,interpolado
0.12018323664732943,0.02039912903833976,interpolado
0.12028305661132226,0.020081017249776574,interpolado
0.12038287657531507,0.019286166616741634,interpolado
0.12048269653930785,0.018086783378657812,interpolado
0.12058251650330064,0.016555073774947464,interpolado
0.12068233646729346,0.014763244045033676,interpolado
0.12078215643128627,0.012783500428338639,interpolado
0.12088197639527908,0.010688049164285257,interpolado
0.121,0.00816,original
0.12108161632326465,0.0064356968168411,interpolado
0.12118143628725746,0.004394885681706776,interpolado
0.12128125625125029,0.0024643075024619963,interpolado
0.12138107621524306,0.0006815717237484475,interpolado
0.12148089617923587,-0.0009157122097931967,interpolado
0.12158071614322867,-0.002289934853521514,interpolado
0.12168053610722147,-0.0034034867627952027,interpolado
0.12178035607121429,-0.004218758492973407,interpolado
0.12188017603520707,-0.0046981405994147496,interpolado
0.122,-0.004777,original
0.12207981596319266,-0.0045091190268016276,interpolado
0.12217963592718545,-0.003862514065050121,interpolado
0.12227945589117825,-0.0029475664241140416,interpolado
0.12237927585517104,-0.0018477962549374907,interpolado
0.12247909581916386,-0.0006467237084640362,interpolado
0.1225789157831566,0.0005721310643623112,interpolado
0.12267873574714942,0.0017252479125975204,interpolado
0.12277855571114227,0.0027291066852980495,interpolado
0.122878375675135,0.003500187231519763,interpolado
0.123,0.004004,original
0.12307801560312064,0.0040228311199094315,interpolado
0.12317783556711343,0.003734327446489494,interpolado
0.12327765553110624,0.003167757049910672,interpolado
0.12337747549509903,0.002401700185799012,interpolado
0.12347729545909181,0.0015147371097802276,interpolado
0.12357711542308461,0.0005854480774804741,interpolado
0.12367693538707741,-0.0003075866554745837,interpolado
0.12377675535107023,-0.0010857868334588853,interpolado
0.12387657531506302,-0.001670572200846433,interpolado
0.124,-0.002009,original
0.12407621524304864,-0.0019567556366931953,interpolado
0.1241760352070414,-0.0016163715399074743,interpolado
0.12427585517103422,-0.0010339752716609341,interpolado
0.124375675135027,-0.0002816639708253112,interpolado
0.12447549509901981,0.0005684652237274228,interpolado
0.12457531506301257,0.00144431517312524,interpolado
0.1246751350270054,0.002273788738496489,interpolado
0.12477495499099822,0.0029847887809690533,interpolado
0.12487477495499101,0.0035052181616712303,interpolado
0.125,0.003778,original
0.12507441488297663,0.0036949258597023774,interpolado
0.1251742348469694,0.003316985361960916,interpolado
0.12527405481096218,0.0026863099994927832,interpolado
0.125373874774955,0.0018604076298821875,interpolado
0.12547369473894782,0.0008967861107132693,interpolado
0.12557351470294065,-0.0001470467004298269,interpolado
0.1256733346669334,-0.0012135829459626656,interpolado
0.1257731546309262,-0.00224531476830171,interpolado
0.125872974594919,-0.0031847343098625183,interpolado
0.126,-0.004156,original
0.1260726145229046,-0.004562524421777066,interpolado
0.1261724344868974,-0.004953304016297069,interpolado
0.1262722544508902,-0.00518111122753898,interpolado
0.126372074414883,-0.0052806960779538436,interpolado
0.1264718943788758,-0.005286808589992839,interpolado
0.12657171434286857,-0.005234198786107165,interpolado
0.12667153430686137,-0.005157616688747964,interpolado
0.12677135427085418,-0.005091812320366422,interpolado
0.12687117423484698,-0.005071535703413721,interpolado
0.127,-0.005169,original
0.12707081416283256,-0.005301882037255366,interpolado
0.1271706341268254,-0.0055658435983521205,interpolado
0.12727045409081816,-0.005879781751065512,interpolado
0.12737027405481097,-0.006199734825515137,interpolado
0.1274700940188038,-0.006481741151820594,interpolado
0.12756991398279655,-0.00668183906010144,interpolado
0.12766973394678935,-0.006756066880477392,interpolado
0.12776955391078218,-0.006660462943067983,interpolado
0.12786937387477496,-0.006351065577992803,interpolado
0.128,-0.00555,original
0.12806901380276056,-0.00492131600755198,interpolado
0.1281688337667533,-0.003792326214464276,interpolado
0.12826865373074614,-0.0024662944220257992,interpolado
0.12836847369473897,-0.0010131291686623733,interpolado
0.12846829365873175,0.0004972610072001689,interpolado
0.12856811362272455,0.001994967567135592,interpolado
0.12866793358671735,0.0034100819727189095,interpolado
0.12876775355071016,0.004672695685523877,interpolado
0.12886757351470296,0.005712900167124659,interpolado
0.129,0.00663,original
0.12906721344268854,0.006853397219792604,interpolado
0.12916703340668137,0.006906637965894816,interpolado
0.12926685337067417,0.0066863961753303985,interpolado
0.12936667333466698,0.006259352367484523,interpolado
0.12946649329865975,0.005692187061742533,interpolado
0.12956631326265253,0.0050515807774892734,interpolado
0.12966613322664536,0.004404214034110056,interpolado
0.12976595319063816,0.0038167673509900547,interpolado
0.12986577315463096,0.00335592124751444,interpolado
0.13,0.003053,original
0.13006541308261654,0.0030747304511793048,interpolado
0.13016523304660935,0.0033027256600567127,interpolado
0.13026505301060212,0.0037114944846368455,interpolado
0.13036487297459495,0.004239313120213249,interpolado
0.13046469293858773,0.0048244577620793,interpolado
0.13056451290258048,0.005405204605528879,interpolado
0.13066433286657328,0.005919829845855377,interpolado
0.1307641528305661,0.006306609678352334,interpolado
0.13086397279455894,0.006503820298313294,interpolado
0.131,0.006356,original
0.1310636127225445,0.0060877268940055015,interpolado
0.13116343268653727,0.005427086760807844,interpolado
0.1312632526505301,0.004523115981997874,interpolado
0.1313630726145229,0.0034320512903097547,interpolado
0.13146289257851568,0.002210129418478015,interpolado
0.13156271254250848,0.0009135870992361389,interpolado
0.13166253250650128,-0.00040133893468138074,interpolado
0.1317623524704941,-0.0016784119505403668,interpolado
0.13186217243448692,-0.002861395215606649,interpolado
0.132,-0.004236,original
0.13206181236247247,-0.004723040521688556,interpolado
0.1321616323264653,-0.005335199993134943,interpolado
0.1322614522904581,-0.005746771598102297,interpolado
0.13236127225445085,-0.005974669542977606,interpolado
0.13246109221844365,-0.006035808034148008,interpolado
0.1325609121824365,-0.005947101278000441,interpolado
0.1326607321464293,-0.005725463480921923,interpolado
0.1327605521104221,-0.005387808849299478,interpolado
0.13286037207441484,-0.00495105158952026,interpolado
0.133,-0.004206,original
0.13306001200240045,-0.003848132835145854,interpolado
0.13315983196639328,-0.003219969091502747,interpolado
0.13325965193038608,-0.0025712720119404793,interpolado
0.13335947189437886,-0.0019257709729065004,interpolado
0.13345929185837166,-0.0013071953508477256,interpolado
0.13355911182236446,-0.0007392745222116088,interpolado
0.13365893178635727,-0.0002457378634454234,interpolado
0.13375875175035007,0.00014968524900355328,interpolado
0.1338585717143429,0.0004232654386879896,interpolado
0.134,0.000556,original
0.13405821164232848,0.0005121765749519472,interpolado
0.1341580316063213,0.00031961276362751315,interpolado
0.13425785157031406,1.551781524923174e-05,interpolado
0.13435767153430683,-0.0003573700308599822,interpolado
0.13445749149829964,-0.0007563125353775382,interpolado
0.13455731146229247,-0.0011385714589805358,interpolado
0.13465713142628524,-0.0014614085623461666,interpolado
0.13475695139027807,-0.001682085606151627,interpolado
0.13485677135427082,-0.0017578643510741119,interpolado
0.135,-0.001528,original
0.13505641128225646,-0.0013065479999836533,interpolado
0.13515623124624926,-0.0007473553908847415,interpolado
0.13525605121024206,-1.6644161576918686e-05,interpolado
0.13535587117423484,0.0008361062763711542,interpolado
0.13545569113822764,0.0017614165113902169,interpolado
0.13555551110222047,0.0027098071319111914,interpolado
0.13565533106621325,0.0036317987263649967,interpolado
0.13575515103020602,0.00447791188318234,interpolado
0.13585497099419885,0.00519866719079462,interpolado
0.136,0.005921,original
0.13605461092218443,0.0060684211261769205,interpolado
0.13615443088617726,0.006164521641082347,interpolado
0.13625425085017004,0.0060640140413561585,interpolado
0.13635407081416284,0.005799293297610723,interpolado
0.13645389077815565,0.0054027543804584756,interpolado
0.13655371074214845,0.004906792260511849,interpolado
0.13665353070614122,0.004343801908383274,interpolado
0.13675335067013403,0.0037461782946853536,interpolado
0.13685317063412686,0.0031463163900301767,interpolado
0.137,0.002328,original
0.13705281056211244,0.002068315992973472,interpolado
0.13715263052610524,0.0016296909180510736,interpolado
0.13725245049009802,0.0012476816064839642,interpolado
0.13735227045409082,0.0009084285226712829,interpolado
0.13745209041808362,0.0005980721310124886,interpolado
0.13755191038207643,0.00030275289590692806,interpolado
0.1376517303460692,8.61128175394792e-06,interpolado
0.137751550310062,-0.0002982122470470172,interpolado
0.1378513702740548,-0.0006315772260967878,interpolado
0.138,-0.001207,original
0.13805101020204044,-0.0014328102456071306,interpolado
0.13815083016603322,-0.0019150538131315936,interpolado
0.13825065013002602,-0.0024412711410202693,interpolado
0.1383504700940188,-0.003000169363930267,interpolado
0.13845029005801163,-0.0035804556165188184,interpolado
0.1385501100220044,-0.004170837033443159,interpolado
0.1386499299859972,-0.004760020749360361,interpolado
0.13874974994999,-0.005336713898927988,interpolado
0.1388495699139828,-0.005889623616803109,interpolado
0.13894938987797562,-0.006407457037642957,interpolado
0.139,-0.006653,original
0.13914902980596117,-0.007287322670247087,interpolado
0.139248849769954,-0.007612425671773599,interpolado
0.1393486697339468,-0.00783300550621898,interpolado
0.13944848969793958,-0.007928031825178792,interpolado
0.1395483096619324,-0.007876474280248598,interpolado
0.13964812962592518,-0.007657302523024035,interpolado
0.13974794958991799,-0.007249486205100546,interpolado
0.13984776955391082,-0.0066319949780737335,interpolado
0.13994758951790356,-0.0057837984935391485,interpolado
0.14,-0.005239,original
0.14014722944588917,-0.0033580108613852485,interpolado
0.14024704940988197,-0.0018659873157281033,interpolado
0.14034686937387478,-0.0002759204823019277,interpolado
0.14044668933786755,0.001345628976516417,interpolado
0.14054650930186036,0.002932100398349651,interpolado
0.14064632926585316,0.004416933120821817,interpolado
0.1407461492298459,0.0057335664815556,interpolado
0.14084596919383874,0.006815439818174155,interpolado
0.14094578915783154,0.00759599246830062,interpolado
0.141,0.00787,original
0.14114542908581712,0.008052809345940663,interpolado
0.14124524904980995,0.007780246180880994,interpolado
0.14134506901380273,0.0072543385849950974,interpolado
0.14144488897779556,0.006536417603639769,interpolado
0.14154470894178833,0.00568781428217205,interpolado
0.14164452890578116,0.004769859665948243,interpolado
0.14174434886977394,0.0038438848003253677,interpolado
0.14184416883376677,0.002971220730660213,interpolado
0.14194398879775955,0.002213198502309572,interpolado
0.142,0.001861,original
0.14214362872574518,0.001241311635371795,interpolado
0.14224344868973796,0.0010207101672780642,interpolado
0.14234326865373076,0.0009385765231397571,interpolado
0.14244308861772356,0.0009654220267078058,interpolado
0.14254290858171637,0.0010717580017331062,interpolado
0.14264272854570914,0.0012280957719666568,interpolado
0.14274254850970194,0.0014049466611593705,interpolado
0.14284236847369475,0.001572821993062181,interpolado
0.14294218843768755,0.0017022330914260204,interpolado
0.143,0.001748,original
0.14314182836567316,0.0017489303191594431,interpolado
0.14324164832966593,0.0016697623243187183,interpolado
0.14334146829365874,0.0015416425617136792,interpolado
0.14344128825765154,0.0013794748370611048,interpolado
0.14354110822164431,0.001198162956077632,interpolado
0.14364092818563715,0.001012610724480034,interpolado
0.14374074814962995,0.0008377219479850415,interpolado
0.14384056811362275,0.0006884004323093859,interpolado
0.14394038807761556,0.0005795499831698209,interpolado
0.144,0.00054,original
0.14414002800560116,0.0005314014150388113,interpolado
0.14423984796959394,0.0005871920946871218,interpolado
0.14433966793358677,0.0006831353156312128,interpolado
0.14443948789757952,0.0008091916473029602,interpolado
0.1445393078615723,0.0009553216591343508,interpolado
0.14463912782556507,0.0011114859205572686,interpolado
0.1447389477895579,0.0012676450010036277,interpolado
0.14483876775355073,0.0014137594699053424,interpolado
0.14493858771754345,0.001539789896694296,interpolado
0.145,0.001603,original
0.14513822764552908,0.0016945603294847428,interpolado
0.1452380476095219,0.0017129150363928548,interpolado
0.14533786757351466,0.0016878369102212916,interpolado
0.14543768753750744,0.0016163349714283716,interpolado
0.14553750750150027,0.0014954182404723492,interpolado
0.14563732746549307,0.0013220957378115307,interpolado
0.14573714742948587,0.001093376483904209,interpolado
0.14583696739347865,0.0008062694992086766,interpolado
0.14593678735747145,0.0004577838041833329,interpolado
0.146,0.000204,original
0.14613642728545706,-0.00042619892890705867,interpolado
0.14623624724944986,-0.000938660051485407,interpolado
0.14633606721344267,-0.0014739103086950395,interpolado
0.14643588717743547,-0.002013580651764003,interpolado
0.14653570714142825,-0.0025393020319198966,interpolado
0.14663552710542108,-0.0030327054003904683,interpolado
0.14673534706941385,-0.0034754217084034624,interpolado
0.14683516703340668,-0.003849081907186533,interpolado
0.14693498699739949,-0.004135316947967637,interpolado
0.147,-0.004266,original
0.1471346269253851,-0.004384582787842122,interpolado
0.1472344468893779,-0.0043520468753507355,interpolado
0.14733426685337067,-0.004230685406599801,interpolado
0.14743408681736345,-0.004032816894778528,interpolado
0.14753390678135628,-0.003770759853076219,interpolado
0.14763372674534908,-0.0034568327946821542,interpolado
0.14773354670934186,-0.0031033542327856115,interpolado
0.14783336667333463,-0.0027226426805759814,interpolado
0.14793318663732744,-0.0023270166512423286,interpolado
0.148,-0.00206,original
0.148132826565313,-0.0015324564619561836,interpolado
0.14823264652930587,-0.0011317174658532307,interpolado
0.14833246649329865,-0.0007188142921975469,interpolado
0.14843228645729142,-0.0002861038438257892,interpolado
0.14853210642128423,0.00017405697642504587,interpolado
0.14863192638527706,0.0006693112657180732,interpolado
0.14873174634926986,0.0012073021212164092,interpolado
0.14883156631326264,0.0017956726400829987,interpolado
0.14893138627725544,0.0024420659194812817,interpolado
0.149,0.002924,original
0.14913102620524105,0.003920571849653153,interpolado
0.14923084616923382,0.004702336139297947,interpolado
0.14933066613322665,0.00545660814826863,interpolado
0.14943048609721943,0.006140833722862144,interpolado
0.14953030606121223,0.006712458709375659,interpolado
0.14963012602520506,0.007128928954106339,interpolado
0.14972994598919784,0.007347690303351315,interpolado
0.14982976595319059,0.007326188603407886,interpolado
0.14992958591718342,0.007021869700573126,interpolado
0.15,0.006614,original
0.15012922584516902,0.005431565028131322,interpolado
0.1502290458091618,0.004192501127748527,interpolado
0.1503288657731546,0.0027351925051723094,interpolado
0.1504286857371474,0.0011194079400270167,interpolado
0.15052850570114024,-0.0005950837880633119,interpolado
0.150628325665133,-0.002348513899474643,interpolado
0.15072814562912576,-0.004081113614582464,interpolado
0.1508279655931186,-0.005733114153763713,interpolado
0.1509277855571114,-0.007244746737393868,interpolado
0.151,-0.008217,original
0.15112742548509703,-0.009632457593939955,interpolado
0.1512272454490898,-0.010479413832924738,interpolado
0.15132706541308263,-0.011108616890760627,interpolado
0.15142688537707538,-0.011531321981270624,interpolado
0.1515267053410682,-0.011758784318278004,interpolado
0.15162652530506102,-0.011802259115606029,interpolado
0.15172634526905382,-0.011673001587078036,interpolado
0.1518261652330466,-0.011382266946517207,interpolado
0.15192598519703943,-0.010941310407746832,interpolado
0.152,-0.010524,original
0.15212562512502495,-0.009659222956889748,interpolado
0.15222544508901778,-0.008861278284325268,interpolado
0.1523252650530106,-0.007995322181165486,interpolado
0.15242508501700336,-0.007089076246813316,interpolado
0.1525249049809962,-0.0061702620806716795,interpolado
0.15262472494498897,-0.005266601282143741,interpolado
0.1527245449089818,-0.004405815450631914,interpolado
0.1528243648729746,-0.0036156261855393697,interpolado
0.15292418483696738,-0.002923755086269026,interpolado
0.153,-0.002481,original
0.15312382476495298,-0.0019322381395247639,interpolado
0.15322364472894576,-0.0016350451203958063,interpolado
0.15332346469293856,-0.0014511695252228465,interpolado
0.15342328465693136,-0.0013655353839996261,interpolado
0.1535231046209242,-0.0013630667267198883,interpolado
0.15362292458491694,-0.001428687583377348,interpolado
0.1537227445489098,-0.001547321983965789,interpolado
0.15382256451290258,-0.0017038939584789424,interpolado
0.1539223844768954,-0.0018833275369105524,interpolado
0.154,-0.002029,original
0.154122024404881,-0.0022486479634763637,interpolado
0.15422184436887376,-0.002397055700450221,interpolado
0.15432166433286656,-0.0024946801033381835,interpolado
0.15442148429685937,-0.002520442327533738,interpolado
0.15452130426085214,-0.002453263528430371,interpolado
0.15462112422484495,-0.0022720648614216383,interpolado
0.15472094418883775,-0.0019557674819009304,interpolado
0.15482076415283055,-0.0014832925452617693,interpolado
0.15492058411682336,-0.0008335612068976414,interpolado
0.155,-0.000176,original
0.15512022404480894,0.0010613661919380189,interpolado
0.15522004400880174,0.002263532504335822,interpolado
0.15531986397279454,0.0035711689968751298,interpolado
0.15541968393678737,0.004934541151976321,interpolado
0.15551950390078015,0.006303914452059402,interpolado
0.15561932386477295,0.0076295543795455185,interpolado
0.15571914382876575,0.008861726416854676,interpolado
0.15581896379275853,0.009950696046407251,interpolado
0.15591878375675133,0.010846728750623627,interpolado
0.156,0.011399,original
0.15611842368473697,0.011884331145903846,interpolado
0.15621824364872974,0.01202560756809761,interpolado
0.15631806361272255,0.011957946921769947,interpolado
0.15641788357671535,0.01171528657352042,interpolado
0.15651770354070813,0.011331563889948715,interpolado
0.15661752350470093,0.01084071623765417,interpolado
0.1567173434686937,0.010276680983236438,interpolado
0.15681716343268653,0.009673395493295081,interpolado
0.15691698339667934,0.009064797134429661,interpolado
0.157,0.008579,original
0.15711662332466492,0.007957979099722883,interpolado
0.15721644328865772,0.007486202574234262,interpolado
0.15731626325265052,0.007067916679249784,interpolado
0.1574160832166433,0.006701572609910553,interpolado
0.1575159031806361,0.0063856215613577625,interpolado
0.1576157231446289,0.006118514728732341,interpolado
0.1577155431086217,0.005898703307175495,interpolado
0.1578153630726145,0.005724638491828332,interpolado
0.1579151830366073,0.00559477147783199,interpolado
0.158,0.005518,original
0.1581148229645929,0.005459497556730551,interpolado
0.1582146429285857,0.005442209166988765,interpolado
0.15831446289257853,0.005446495250129251,interpolado
0.1584142828565713,0.005463167088518234,interpolado
0.15851410282056413,0.00548303596452196,interpolado
0.1586139227845569,0.005496913160506654,interpolado
0.15871374274854974,0.005495609958838549,interpolado
0.1588135627125425,0.005469937641883875,interpolado
0.1589133826765353,0.005410707492008888,interpolado
0.159,0.005325,original
0.15911302260452093,0.005158933988018098,interpolado
0.15921284256851373,0.0049672660369550715,interpolado
0.1593126625325065,0.004741554407797318,interpolado
0.15941248249649928,0.0044896200104064254,interpolado
0.15951230246049208,0.004219283754643763,interpolado
0.1596121224244849,0.003938366550370913,interpolado
0.15971194238847772,0.003654689307449389,interpolado
0.1598117623524705,0.0033760729357407014,interpolado
0.15991158231646324,0.0031103383451064367,interpolado
0.16,0.002892,original
0.16011122224444888,0.002644780630247362,interpolado
0.16021104220844165,0.002441187625915433,interpolado
0.16031086217243448,0.0022449184771703955,interpolado
0.16041068213642726,0.0020463685574739873,interpolado
0.16051050210042006,0.0018359332402877833,interpolado
0.16061032206441286,0.001604007899073519,interpolado
0.16071014202840567,0.0013409879072928768,interpolado
0.16080996199239847,0.0010372686384076293,interpolado
0.16090978195639127,0.0006832454658792919,interpolado
0.161,0.000312,original
0.16110942188437688,-0.00020600872995257233,interpolado
0.16120924184836968,-0.0007198980141371777,interpolado
0.16130906181236243,-0.001244955633741736,interpolado
0.16140888177635526,-0.001753788621505902,interpolado
0.16150870174034807,-0.002219004010168883,interpolado
0.16160852170434087,-0.002613208832470034,interpolado
0.1617083416683337,-0.002909010121148711,interpolado
0.16180816163232645,-0.003079014908944238,interpolado
0.16190798159631928,-0.003095830228596074,interpolado
0.162,-0.002952,original
0.16210762152430486,-0.0025748982885814746,interpolado
0.16220744148829772,-0.002057604364241772,interpolado
0.16230726145229044,-0.001422584198257799,interpolado
0.16240708141628327,-0.0007122350959581269,interpolado
0.1625069013802761,3.104563732814415e-05,interpolado
0.16260672134426885,0.0007648606962720772,interpolado
0.1627065413082617,0.00144681277554474,interpolado
0.16280636127225448,0.002034504569817046,interpolado
0.16290618123624725,0.0024855387737603984,interpolado
0.163,0.002747,original
0.1631058211642329,0.002824325118972147,interpolado
0.1632056411282257,0.0027141944374243655,interpolado
0.16330546109221844,0.0024667174552107556,interpolado
0.16340528105621127,0.0021214826208723722,interpolado
0.16350510102020407,0.001718078382950469,interpolado
0.16360492098419685,0.0012960931899862478,interpolado
0.16370474094818963,0.0008951154905210145,interpolado
0.16380456091218243,0.0005547337330957387,interpolado
0.16390438087617523,0.0003145363662517385,interpolado
0.164,0.000215,original
0.16410402080416084,0.00027972707640402727,interpolado
0.1642038407681536,0.0004906892522280187,interpolado
0.1643036607321464,0.0008159547176049811,interpolado
0.1644034806961392,0.0012244807015457688,interpolado
0.16450330066013202,0.0016852244330612738,interpolado
0.16460312062412483,0.0021671431411623902,interpolado
0.1647029405881176,0.0026391940548598845,interpolado
0.1648027605521104,0.00307033440316492,interpolado
0.1649025805161032,0.0034295214150882546,interpolado
0.165,0.003681,original
0.16510222044408876,0.00381814095368576,interpolado
0.16520204040808162,0.0038442855036470544,interpolado
0.1653018603720744,0.003790520262104603,interpolado
0.1654016803360672,0.0036832193885527934,interpolado
0.16550150030006006,0.0035487570424860317,interpolado
0.16560132026405278,0.0034135073833987217,interpolado
0.1657011402280456,0.0033038445707852973,interpolado
0.1658009601920384,0.0032461427641400937,interpolado
0.1659007801560312,0.0032667761229575546,interpolado
0.166,0.003391,original
0.16610042008401682,0.0036384854956203437,interpolado
0.16620024004800957,0.003982672195930995,interpolado
0.16630006001200237,0.0043917718305485015,interpolado
0.16639987997599523,0.004832877324504024,interpolado
0.166499699939988,0.0052730816028288005,interpolado
0.16659951990398078,0.005679477590553969,interpolado
0.16669933986797358,0.0060191582127110095,interpolado
0.1667991598319664,0.006259216394331041,interpolado
0.16689897979595922,0.0063667450604453085,interpolado
0.167,0.006307,original
0.1670986197239448,0.006064021319648679,interpolado
0.16719843968793757,0.0056582497199299635,interpolado
0.1672982596519304,0.0051297656943291164,interpolado
0.1673980796159232,0.004516812620861067,interpolado
0.16749789957991598,0.003857633877540753,interpolado
0.16759771954390879,0.0031904728423832935,interpolado
0.16769753950790156,0.002553572893403245,interpolado
0.1677973594718944,0.0019851774086157292,interpolado
0.16789717943588717,0.0015235297660356776,interpolado
0.168,0.0012,original
0.16809681936387277,0.0010622428691862019,interpolado
0.16819663932786558,0.0010676050341080147,interpolado
0.16829645929185838,0.0011875031026060473,interpolado
0.16839627925585118,0.0013864800051929006,interpolado
0.16849609921984396,0.0016290786723811763,interpolado
0.1685959191838368,0.0018798420346834085,interpolado
0.16869573914782957,0.002103313022612345,interpolado
0.1687955591118224,0.0022640345666805183,interpolado
0.1688953790758152,0.0023265495974005308,interpolado
0.169,0.002248,original
0.1690950190038008,0.002022724401206683,interpolado
0.16919483896779358,0.0016357461647400768,interpolado
0.16929465893178638,0.0011118236552138889,interpolado
0.1693944788957792,0.00046831517131406793,interpolado
0.16949429885977196,-0.00027742098827321615,interpolado
0.16959411882376477,-0.0011080265248624341,interpolado
0.1696939387877576,-0.0020061431397674404,interpolado
0.1697937587517504,-0.0029544125343022873,interpolado
0.16989357871574312,-0.003935476409781025,interpolado
0.17,-0.004998,original
0.17009321864372873,-0.005925337816193534,interpolado
0.17019303860772153,-0.006891048313231552,interpolado
0.17029285857171436,-0.007802787361872868,interpolado
0.17039267853570716,-0.008634233933313602,interpolado
0.17049249849969994,-0.009359066998749695,interpolado
0.17059231846369274,-0.00995096552937767,interpolado
0.17069213842768555,-0.01038360849639343,interpolado
0.17079195839167835,-0.010630674870993102,interpolado
0.17089177835567113,-0.010665843624372801,interpolado
0.171,-0.010434,original
0.17109141828365676,-0.010005259916729993,interpolado
0.17119123824764956,-0.009328807340265404,interpolado
0.17129105821164234,-0.008485652314932457,interpolado
0.17139087817563514,-0.0075280189630737,interpolado
0.17149069813962792,-0.006508131407031975,interpolado
0.17159051810362075,-0.005478213769149254,interpolado
0.1716903380676135,-0.004490490171768364,interpolado
0.1717901580316063,-0.003597184737231857,interpolado
0.1718899779955991,-0.002850521587882471,interpolado
0.172,-0.00226,original
0.1720896179235847,-0.0019942309280468703,interpolado
0.17218943788757748,-0.0019012886187429426,interpolado
0.1722892578515703,-0.0019784048749957165,interpolado
0.17238907781556306,-0.002180069263401947,interpolado
0.1724888977795559,-0.0024607713505585783,interpolado
0.17258871774354867,-0.0027750007030623936,interpolado
0.17268853770754145,-0.0030772468875102134,interpolado
0.1727883576715343,-0.0033219994704988642,interpolado
0.17288817763552702,-0.003463748018625144,interpolado
0.173,-0.003444,original
0.17308781756351269,-0.0032662725295665063,interpolado
0.17318763752750552,-0.0029142049521497402,interpolado
0.1732874574914983,-0.002444076093930648,interpolado
0.1733872774554911,-0.001899208420598618,interpolado
0.1734870974194839,-0.0013229243978425695,interpolado
0.17358691738347673,-0.000758546491351876,interpolado
0.1736867373474695,-0.00024939716681577,interpolado
0.1737865573114623,0.00016120111007651846,interpolado
0.17388637727545506,0.00042992587363570724,interpolado
0.174,0.000508,original
0.17408601720344072,0.0003798244968265908,interpolado
0.17418583716743352,6.618597117519261e-05,interpolado
0.1742856571314263,-0.0003643163206114101,interpolado
0.17438547709541907,-0.0008484908449032452,interpolado
0.17448529705941188,-0.0013231460680707564,interpolado
0.17458511702340473,-0.0017250904564839796,interpolado
0.17468493698739748,-0.001991132476513076,interpolado
0.17478475695139026,-0.002058080594528224,interpolado
0.17488457691538306,-0.001862743276899639,interpolado
0.175,-0.001227,original
0.17508421684336867,-0.00044785640083262805,interpolado
0.17518403680736147,0.0007680820213455076,interpolado
0.1752838567713543,0.0022152133363927654,interpolado
0.17538367673534705,0.003802766599712106,interpolado
0.17548349669933988,0.005439970866705292,interpolado
0.1755833166633327,0.007036055192774462,interpolado
0.1756831366273255,0.008500248633321744,interpolado
0.17578295659131826,0.009741780243748981,interpolado
0.17588277655531107,0.01066987907945901,interpolado
0.176,0.011237,original
0.1760824164832967,0.01123932916586788,interpolado
0.17618223644728948,0.0108457042739544,interpolado
0.17628205641128225,0.010099297549216207,interpolado
0.17638187637527503,0.009086663651250108,interpolado
0.17648169633926786,0.007894357239653498,interpolado
0.17658151630326066,0.0066089329740236175,interpolado
0.17668133626725346,0.005316945513957702,interpolado
0.17678115623124624,0.0041049495190533065,interpolado
0.17688097619523904,0.0030594996489069757,interpolado
0.177,0.002151,original
0.17708061612322462,0.001802153493958447,interpolado
0.17718043608721745,0.0016500205631044924,interpolado
0.17728025605121023,0.0017573321798788554,interpolado
0.177380076015203,0.0020705024411915287,interpolado
0.17747989597919578,0.0025359454439524364,interpolado
0.1775797159431886,0.003100075285071498,interpolado
0.17767953590718139,0.003709306061458461,interpolado
0.1777793558711742,0.004310051870023599,interpolado
0.177879175835167,0.0048487268076766645,interpolado
0.178,0.005341,original
0.17807881576315263,0.00553129036640815,interpolado
0.17817863572714537,0.0056236465350551715,interpolado
0.1782784556911382,0.005565447158417179,interpolado
0.178378275655131,0.005373435124059897,interpolado
0.17847809561912384,0.0050643533195490935,interpolado
0.17857791558311664,0.0046549446324505375,interpolado
0.1786777355471094,0.004161951950330144,interpolado
0.17877755551110222,0.0036021181607534094,interpolado
0.17887737547509502,0.002992186151286224,interpolado
0.179,0.002199,original
0.1790770154030806,0.0016895103537696607,interpolado
0.17917683536707338,0.0010354194787042992,interpolado
0.1792766553310662,0.000410035738599787,interpolado
0.179376475295059,-0.00016321803724759007,interpolado
0.17947629525905184,-0.0006609190195417281,interpolado
0.17957611522304462,-0.0010596443789865234,interpolado
0.1796759351870374,-0.001335971286285815,interpolado
0.1797757551510302,-0.0014664769121436577,interpolado
0.179875575115023,-0.0014277384272638534,interpolado
0.18,-0.001107,original
0.1800752150430086,-0.0007538743805966533,interpolado
0.18017503500700136,-0.00012530399269503121,interpolado
0.1802748549709942,0.0006423415740968947,interpolado
0.18037467493498696,0.0015018494184843101,interpolado
0.18047449489897982,0.002406006639172556,interpolado
0.18057431486297257,0.0033076003348667202,interpolado
0.1806741348269654,0.004159417604272654,interpolado
0.1807739547909582,0.004914245546095441,interpolado
0.18087377475495103,0.00552487125904042,interpolado
0.181,0.006017,original
0.18107341468293658,0.006130198586261315,interpolado
0.18117323464692933,0.0060921186319433905,interpolado
0.18127305461092216,0.005865837462890963,interpolado
0.181372874574915,0.0054876080635387564,interpolado
0.1814726945389078,0.004993683418321498,interpolado
0.18157251450290057,0.004420316511674078,interpolado
0.1816723344668934,0.003803760328030897,interpolado
0.18177215443088618,0.00318026785182683,interpolado
0.18187197439487898,0.0025860920674966033,interpolado
0.182,0.001925,original
0.18207161432286456,0.0016276543982131533,interpolado
0.18217143428685736,0.001300180433361947,interpolado
0.18227125425085017,0.0010619770745891612,interpolado
0.18237107421484292,0.0008997711059285633,interpolado
0.18247089417883575,0.0008002893114139193,interpolado
0.1825707141428285,0.000750258475079004,interpolado
0.18267053410682133,0.0007364053809575595,interpolado
0.1827703540708141,0.0007454568130833716,interpolado
0.18287017403480693,0.0007641395554902076,interpolado
0.183,0.000781,original
0.1830698139627925,0.0007783657343828574,interpolado
0.1831696339267853,0.0007604442108176318,interpolado
0.18326945389077812,0.0007306420676815235,interpolado
0.1833692738547709,0.0006942696810749246,interpolado
0.18346909381876367,0.0006566374270982385,interpolado
0.1835689137827565,0.0006230556818518354,interpolado
0.18366873374674933,0.0005988348214361187,interpolado
0.18376855371074213,0.0005892852219514808,interpolado
0.1838683736747349,0.0005997172594983146,interpolado
0.184,0.000653,original
0.18406801360272054,0.0007007322995497169,interpolado
0.18416783356671332,0.0007884480696606082,interpolado
0.18426765353070615,0.0008843647123054974,interpolado
0.18436747349469892,0.0009741524222014364,interpolado
0.18446729345869176,0.001043481394065463,interpolado
0.18456711342268456,0.0010780218226146708,interpolado
0.18466693338667733,0.0010634439025660894,interpolado
0.18476675335067017,0.0009854178286367713,interpolado
0.18486657331466294,0.0008296137955437693,interpolado
0.185,0.000475,original
0.18506621324264852,0.00022965968722526644,interpolado
0.18516603320664132,-0.00021138864899607673,interpolado
0.18526585317063415,-0.0007086473034090166,interpolado
0.18536567313462696,-0.0012290189196220024,interpolado
0.18546549309861976,-0.001739406141243347,interpolado
0.18556531306261254,-0.002206711611881791,interpolado
0.18566513302660534,-0.00259783797514564,interpolado
0.18576495299059811,-0.002879687874643343,interpolado
0.18586477295459095,-0.0030191639539833507,interpolado
0.186,-0.002922,original
0.1860644128825765,-0.002742302204109137,interpolado
0.1861642328465693,-0.0023136542827748695,interpolado
0.18626405281056213,-0.0017460665443614874,interpolado
0.18636387277455488,-0.001088994483748934,interpolado
0.18646369273854768,-0.00039189359581658686,interpolado
0.1865635127025405,0.0002957806245556286,interpolado
0.1866633326665333,0.0009245726824879594,interpolado
0.1867631526305261,0.0014450270831006511,interpolado
0.18686297259451887,0.0018076883315138771,interpolado
0.187,0.001958,original
0.1870626125225045,0.0018657461507372304,interpolado
0.18716243248649728,0.001523092567994597,interpolado
0.18726225245049008,0.0009805688609021339,interpolado
0.18736207241448286,0.0002844298285173788,interpolado
0.18746189237847566,-0.0005190697301027363,interpolado
0.18756171234246843,-0.0013836750159007096,interpolado
0.18766153230646127,-0.0022631312298192104,interpolado
0.187761352270454,-0.0031111835728009104,interpolado
0.18786117223444687,-0.003881577245788286,interpolado
0.188,-0.004737,original
0.18806081216243245,-0.00500691185134076,interpolado
0.18816063212642525,-0.005311115958022213,interpolado
0.18826045209041806,-0.005461210302580868,interpolado
0.18836027205441086,-0.00547840644205681,interpolado
0.18846009201840364,-0.005383915933490124,interpolado
0.18855991198239644,-0.00519895033392086,interpolado
0.18865973194638924,-0.00494472120038909,interpolado
0.18875955191038207,-0.004642440089934892,interpolado
0.1888593718743748,-0.004313318559598433,interpolado
0.189,-0.003845,original
0.18905901180236043,-0.003658961886075575,interpolado
0.1891588317663532,-0.00336847545408294,interpolado
0.18925865173034603,-0.00311572934690232,interpolado
0.18935847169433884,-0.0029091990053903612,interpolado
0.18945829165833164,-0.0027573598704039286,interpolado
0.1895581116223244,-0.0026686873827998134,interpolado
0.18965793158631722,-0.002651656983434806,interpolado
0.18975775155031005,-0.002714744113165667,interpolado
0.18985757151430283,-0.0028664242128492185,interpolado
0.19,-0.003253,original
0.19005721144228843,-0.0034680314904214304,interpolado
0.19015703140628126,-0.003908132701404018,interpolado
0.190256851370274,-0.004398858189680714,interpolado
0.1903566713342668,-0.004902997590265645,interpolado
0.19045649129825962,-0.005383340538172524,interpolado
0.1905563112622524,-0.005802676668415196,interpolado
0.19065613122624522,-0.006123795616007513,interpolado
0.19075595119023803,-0.0063094870159632836,interpolado
0.19085577115423086,-0.006322540503296469,interpolado
0.191,-0.005961,original
0.1910554110822164,-0.005684549849502518,interpolado
0.1911552310462092,-0.005012199110095021,interpolado
0.19125505101020196,-0.004163332730564146,interpolado
0.19135487097419485,-0.0031939580037703887,interpolado
0.1914546909381876,-0.002160082222574935,interpolado
0.19155451090218045,-0.0011177126798387652,interpolado
0.19165433086617326,-0.0001228566684231222,interpolado
0.191754150830166,0.0007684785188115819,interpolado
0.19185397079415886,0.0015002855890040862,interpolado
0.192,0.002167,original
0.1920536107221444,0.002263917698369955,interpolado
0.19215343068613722,0.00224015075400586,interpolado
0.19225325065013008,0.0019894818972251817,interpolado
0.19235307061412282,0.0015578217395458814,interpolado
0.19245289057811563,0.0009910808924859479,interpolado
0.19255271054210846,0.00033516996756337324,interpolado
0.19265253050610123,-0.00036400042370365865,interpolado
0.19275235047009406,-0.0010605196697975557,interpolado
0.1928521704340868,-0.0017084771592001376,interpolado
0.193,-0.002481,original
0.19305181036207245,-0.0026765880025695406,interpolado
0.19315163032606528,-0.002940065094182507,interpolado
0.193251450290058,-0.003070646779917904,interpolado
0.19335127025405083,-0.0030877985559699356,interpolado
0.19345109021804363,-0.003010985918532897,interpolado
0.19355091018203638,-0.0028596743638010795,interpolado
0.1936507301460292,-0.0026533293879688453,interpolado
0.193750550110022,-0.002411416487230367,interpolado
0.1938503700740148,-0.002153401157779992,interpolado
0.194,-0.001779,original
0.1940500100020004,-0.0016662157807257269,interpolado
0.1941498299659932,-0.0014583178205387045,interpolado
0.194249649929986,-0.0012613733467704746,interpolado
0.19434946989397883,-0.0010609997531406763,interpolado
0.1944492898579716,-0.000842814433368886,interpolado
0.19454910982196438,-0.000592434781174757,interpolado
0.19464892978595721,-0.00029547819027773135,interpolado
0.19474874974995002,6.243794560254964e-05,interpolado
0.1948485697139428,0.0004956962327465077,interpolado
0.19494838967793562,0.0010186792774345664,interpolado
0.195,0.001329,original
0.1951480296059212,0.0023689953955599126,interpolado
0.19524784956991403,0.003164876080501679,interpolado
0.19534766953390686,0.004005895257290943,interpolado
0.1954474894978996,0.004865308632516178,interpolado
0.19554730946189236,0.005716371912765628,interpolado
0.19564712942588516,0.006532340804628246,interpolado
0.195746949389878,0.007286471014692268,interpolado
0.1958467693538708,0.007952018249546168,interpolado
0.1959465893178636,0.008502238215778422,interpolado
0.196,0.00874,original
0.19614622924584918,0.009172600055118819,interpolado
0.19624604920984193,0.009302493965574216,interpolado
0.19634586917383476,0.009317724543583364,interpolado
0.1964456891378276,0.00923521653134524,interpolado
0.19654550910182036,0.009071894671058879,interpolado
0.19664532906581317,0.008844683704923173,interpolado
0.19674514902980603,0.008570508375137129,interpolado
0.1968449689937988,0.00826629342389973,interpolado
0.1969447889577916,0.007948963593409955,interpolado
0.197,0.007774,original
0.1971444288857772,0.007328965766296777,interpolado
0.19724424884977002,0.007021307844327895,interpolado
0.1973440688137628,0.006701869015867162,interpolado
0.1974438887777556,0.00636045188304678,interpolado
0.19754370874174837,0.005986859047998661,interpolado
0.19764352870574114,0.005570893112855,interpolado
0.19774334866973398,0.0051023566797479,interpolado
0.19784316863372675,0.00457105235080946,interpolado
0.19794298859771955,0.003966782728171965,interpolado
0.198,0.003585,original
0.19814262852570516,0.002519375570622938,interpolado
0.198242448489698,0.0017164594812853898,interpolado
0.19834226845369077,0.0009037844032767389,interpolado
0.19844208841768354,0.00011396973110005892,interpolado
0.19854190838167632,-0.0006203651407422335,interpolado
0.19864172834566915,-0.0012666008177470575,interpolado
0.19874154830966195,-0.00179211790541155,interpolado
0.1988413682736547,-0.0021642970092328527,interpolado
0.19894118823764753,-0.0023505187347080815,interpolado
0.199,-0.00236,original
0.1991408281656331,-0.002067925509825995,interpolado
0.19924064812962589,-0.0016334694685522025,interpolado
0.19934046809361874,-0.0010541772610694335,interpolado
0.19944028805761152,-0.00036860804340213034,interpolado
0.19954010802160432,0.0003846790284258589,interpolado
0.1996399279855971,0.001167124798390117,interpolado
0.1997397479495899,0.0019401701104664083,interpolado
0.19983956791358273,0.0026652558086304916,interpolado
0.1999393878775755,0.0033038227368579693,interpolado
0.2,0.003633,original
0.2001390278055611,0.0041874274574115146,interpolado
0.20023884776955392,0.004417568770005237,interpolado
0.20033866773354672,0.004514631727034344,interpolado
0.20043848769753958,0.004485057877831366,interpolado
0.20053830766153233,0.0043352887717287335,interpolado
0.20063812762552516,0.004071765958058926,interpolado
0.20073794758951796,0.00370093098615442,interpolado
0.20083776755351074,0.0032292254053478383,interpolado
0.2009375875175035,0.0026630907649713917,interpolado
0.201,0.002264,original
0.20113722744548912,0.0012831651133965176,interpolado
0.20123704740948192,0.0005133746652765699,interpolado
0.2013368673734747,-0.000270981008835772,interpolado
0.2014366873374675,-0.0010406800047668182,interpolado
0.2015365073014603,-0.001766500418342216,interpolado
0.20163632726545314,-0.0024192203453878318,interpolado
0.20173614722944594,-0.0029696178817295335,interpolado
0.20183596719343871,-0.0033884711231930895,interpolado
0.2019357871574315,-0.003646558165604606,interpolado
0.202,-0.003714,original
0.20213542708541707,-0.00359098456787343,interpolado
0.20223524704940987,-0.0033078222407948664,interpolado
0.20233506701340265,-0.0029023715734540273,interpolado
0.20243488697739548,-0.0024113352979585763,interpolado
0.20253470694138828,-0.0018714161464164986,interpolado
0.20263452690538108,-0.0013193168509356905,interpolado
0.2027343468693739,-0.0007917401436240428,interpolado
0.20283416683336672,-0.0003253887565895656,interpolado
0.2029339867973595,4.303457806011514e-05,interpolado
0.203,0.000215,original
0.20313362672534507,0.0003675081144531564,interpolado
0.20323344668933782,0.00034418598673625607,interpolado
0.20333326665333062,0.00024119971234493515,interpolado
0.2034330866173234,9.243125688928374e-05,interpolado
0.20353290658131623,-6.823741402060051e-05,interpolado
0.203632726545309,-0.0002069243347746204,interpolado
0.20373254650930178,-0.00028974753976266623,interpolado
0.20383236647329459,-0.00028282506337469406,interpolado
0.20393218643728733,-0.00015227494000057454,interpolado
0.204,2.42e-05,original
0.204131826365273,0.0005832084951414762,interpolado
0.20423164632926571,0.001146183272613291,interpolado
0.20433146629325855,0.0017747029034597002,interpolado
0.20443128625725135,0.002419219545544554,interpolado
0.2045311062212442,0.003030185356731848,interpolado
0.20463092618523698,0.0035580524948855712,interpolado
0.20473074614922976,0.003953273117869634,interpolado
0.20483056611322262,0.004166299383548261,interpolado
0.2049303860772154,0.0041475834497853095,interpolado
0.205,0.003971,original
0.20513002600520103,0.0032599650468383254,interpolado
0.2052298459691938,0.002444295952941062,interpolado
0.2053296659331866,0.0014689222674771352,interpolado
0.2054294858971794,0.0004016540762769159,interpolado
0.20552930586117227,-0.0006896985348294208,interpolado
0.20562912582516507,-0.0017373254800116947,interpolado
0.2057289457891578,-0.002673416673439493,interpolado
0.20582876575315065,-0.003430162029283177,interpolado
0.20592858571714343,-0.003939751461712292,interpolado
0.206,-0.004115,original
0.20612822564512903,-0.003992838377287854,interpolado
0.20622804560912178,-0.0035697101154294813,interpolado
0.20632786557311455,-0.002929638607501764,interpolado
0.2064276855371074,-0.0021367655723344365,interpolado
0.2065275055011002,-0.0012552327287572225,interpolado
0.20662732546509296,-0.00034918179560010614,interpolado
0.20672714542908577,0.0005172455083077028,interpolado
0.20682696539307854,0.001279907464136222,interpolado
0.20692678535707132,0.001874662353055721,interpolado
0.207,0.002167,original
0.20712642528505693,0.0023463899379319447,interpolado
0.20722624524904976,0.002253672107692888,interpolado
0.20732606521304253,0.0020210003057434755,interpolado
0.20742588517703534,0.0017097637286282237,interpolado
0.2075257051410282,0.0013813515728916422,interpolado
0.207625525105021,0.0010971530350783122,interpolado
0.20772534506901377,0.0009185573117325755,interpolado
0.20782516503300655,0.0009069535993990305,interpolado
0.2079249849969994,0.0011237310946221912,interpolado
0.208,0.001474,original
0.20812462492498496,0.002439792601997886,interpolado
0.2082244448889778,0.0034767246214528484,interpolado
0.2083242648529706,0.00465349726385466,interpolado
0.20842408481696337,0.005882912748900097,interpolado
0.2085239047809562,0.007077773296285939,interpolado
0.20862372474494895,0.008150881125708687,interpolado
0.2087235447089417,0.009015038456865734,interpolado
0.20882336467293455,0.009583047509453546,interpolado
0.20892318463692733,0.009767710503168887,interpolado
0.209,0.009594,original
0.2091228245649129,0.008699078646367236,interpolado
0.20922264452890574,0.007512217152819491,interpolado
0.20932246449289854,0.006030494905734804,interpolado
0.20942228445689137,0.004362761687116915,interpolado
0.2095221044208841,0.002617867278970044,interpolado
0.20962192438487698,0.0009046614632969392,interpolado
0.20972174434886978,-0.0006680059778981853,interpolado
0.20982156431286259,-0.00199128526261159,interpolado
0.20992138427685536,-0.0029563266088395426,interpolado
0.21,-0.003393,original
0.21012102420484097,-0.0034322848799605075,interpolado
0.21022084416883377,-0.002953729732943644,interpolado
0.21032066413282655,-0.0020985550336074326,interpolado
0.21042048409681935,-0.000946399894491921,interpolado
0.21052030406081212,0.0004230965718624429,interpolado
0.21062012402480496,0.0019302952529163947,interpolado
0.21071994398879773,0.003495557036129535,interpolado
0.21081976395279056,0.00503924280896182,interpolado
0.2109195839167834,0.006481713458873207,interpolado
0.211,0.007516,original
0.21111922384476897,0.008767554398967724,interpolado
0.21121904380876175,0.00954870949804466,interpolado
0.21131886377275455,0.010088604891955247,interpolado
0.21141868373674735,0.01038895071207673,interpolado
0.21151850370074013,0.010451457089786377,interpolado
0.21161832366473296,0.010277834156461468,interpolado
0.21171814362872574,0.009869792043479205,interpolado
0.21181796359271857,0.009229040882216837,interpolado
0.21191778355671134,0.008357290804051886,interpolado
0.212,0.007467,original
0.21211742348469695,0.005944852068722653,interpolado
0.21221724344868975,0.004482179119837911,interpolado
0.21231706341268256,0.0029334630323209943,interpolado
0.21241688337667528,0.0013638757341684392,interpolado
0.2125167033406681,-0.00016141084662452874,interpolado
0.21261652330466088,-0.0015772247820613693,interpolado
0.21271634326865368,-0.002818394144145974,interpolado
0.2128161632326465,-0.0038197470048822353,interpolado
0.2129159831966392,-0.004516111436273901,interpolado
0.213,-0.004818,original
0.21311562312462484,-0.004770405269452106,interpolado
0.21321544308861767,-0.00436433258513885,interpolado
0.21331526305261045,-0.0037027090727506508,interpolado
0.21341508301660325,-0.002864051319903269,interpolado
0.21351490298059606,-0.0019268759142117198,interpolado
0.21361472294458886,-0.0009696994432917214,interpolado
0.2137145429085817,-7.103849475877599e-05,interpolado
0.2138143628725745,0.0006905903437716099,interpolado
0.21391418283656732,0.0012366704846838213,interpolado
0.214,0.001474,original
0.21411382276455287,0.0014075979455826727,interpolado
0.21421364272854573,0.0010575186255307183,interpolado
0.2143134626925385,0.000519772034820805,interpolado
0.21441328265653128,-0.0001243906792058086,interpolado
0.21451310262052412,-0.0007937183692084233,interpolado
0.21461292258451692,-0.0014069598878458014,interpolado
0.2147127425485097,-0.0018828640877768701,interpolado
0.21481256251250247,-0.002140179821660525,interpolado
0.2149123824764953,-0.0020976559421558546,interpolado
0.215,-0.001749,original
0.2151120224044809,-0.0008308473059850334,interpolado
0.21521184236847374,0.00035227208860917506,interpolado
0.21531166233246643,0.0017749810799275508,interpolado
0.21541148229645926,0.0033369991359842683,interpolado
0.21551130226045204,0.0049380457247923375,interpolado
0.21561112222444484,0.006477840314365122,interpolado
0.21571094218843767,0.007856102372715999,interpolado
0.21581076215243045,0.00897255136785807,interpolado
0.21591058211642322,0.009726906767805344,interpolado
0.216,0.010013,original
0.2161102220444088,0.009790227951547013,interpolado
0.2162100420084017,0.009105342784706415,interpolado
0.21630986197239443,0.008051221383446714,interpolado
0.21640968193638727,0.006714817277563904,interpolado
0.21650950190038004,0.005183083996854816,interpolado
0.21660932186437284,0.0035429750711160495,interpolado
0.2167091418283657,0.0018814440301442004,interpolado
0.21680896179235848,0.0002854444037362845,interpolado
0.21690878175635125,-0.0011580702783120082,interpolado
0.217,-0.00227,original
0.21710842168433686,-0.003267459898431575,interpolado
0.21720824164832966,-0.0038999288253000045,interpolado
0.2173080616123224,-0.004301980522133099,interpolado
0.2174078815763153,-0.004516028447532256,interpolado
0.21750770154030805,-0.0045844860600985134,interpolado
0.21760752150430082,-0.004549766818433055,interpolado
0.2177073414682936,-0.004454284181137098,interpolado
0.21780716143228643,-0.004340451606811761,interpolado
0.2179069813962792,-0.004250682554058245,interpolado
0.218,-0.004226,original
0.2181066213242649,-0.004298403463173687,interpolado
0.21820644128825759,-0.004444020517859745,interpolado
0.21830626125225044,-0.004634840621113146,interpolado
0.21840608121624325,-0.0048414665344447315,interpolado
0.21850590118023605,-0.005034501019365369,interpolado
0.21860572114422885,-0.0051845468373859305,interpolado
0.21870554110822166,-0.005262206750017279,interpolado
0.2188053610722144,-0.005238083518770333,interpolado
0.21890518103620726,-0.005082779905155931,interpolado
0.219,-0.004787,original
0.21910482096419284,-0.004271801035670946,interpolado
0.21920464092818565,-0.00361586839710115,interpolado
0.21930446089217845,-0.0028254500914405736,interpolado
0.21940428085617125,-0.0019268942867959778,interpolado
0.21950410082016406,-0.0009465491512739667,interpolado
0.21960392078415683,8.923714701885351e-05,interpolado
0.21970374074814966,0.0011541164399755817,interpolado
0.2198035607121424,0.00222174055949021,interpolado
0.2199033806761352,0.0032657613374558435,interpolado
0.22,0.004229,original
0.22010302060412076,0.005180443787174972,interpolado
0.22020284056811365,0.00601442691588148,interpolado
0.2203026605321064,0.00675095214466279,interpolado
0.22040248049609926,0.007379191541024786,interpolado
0.22050230046009206,0.007888317172473337,interpolado
0.2206021204240848,0.008267501106514237,interpolado
0.22070194038807767,0.008505915410653575,interpolado
0.22080176035207044,0.008592732152397104,interpolado
0.22090158031606327,0.008517123399250695,interpolado
0.221,0.008273,original
0.22110122024404882,0.007842832551649045,interpolado
0.22120104020804165,0.007266344913102173,interpolado
0.22130086017203446,0.006571214106006256,interpolado
0.22140068013602723,0.005789855913391927,interpolado
0.22150050010002004,0.004954686118289811,interpolado
0.2216003200640128,0.004098120503730767,interpolado
0.22170014002800562,0.0032525748527449418,interpolado
0.22179995999199842,0.002450464948363194,interpolado
0.22189977995599125,0.001724206573616152,interpolado
0.222,0.001104,original
0.2220994198839768,0.0006210354107889073,interpolado
0.2221992398479696,0.000261340473912483,interpolado
0.2222990598119624,1.1741165620350067e-05,interpolado
0.2223988797759552,-0.0001431520498854576,interpolado
0.222498699739948,-0.00021872870840290622,interpolado
0.2225985197039408,-0.00023037834572996635,interpolado
0.22269833966793356,-0.0001934904976646067,interpolado
0.2227981596319264,-0.0001234547000047827,interpolado
0.2228979795959192,-3.566048854846028e-05,interpolado
0.223,5.64e-05,original
0.22309761952390475,0.000134556797806195,interpolado
0.2231974394878976,0.00020446791129171164,interpolado
0.22329725945189036,0.0002675252069307185,interpolado
0.22339707941588313,0.00032701798363940954,interpolado
0.2234968993798759,0.00038623554033396216,interpolado
0.22359671934386877,0.00044846717593060247,interpolado
0.22369653930786154,0.0005170021893455079,interpolado
0.22379635927185434,0.0005951298794948726,interpolado
0.22389617923584715,0.0006861395452948905,interpolado
0.224,0.000798,original
0.2240958191638327,0.0009186143042240597,interpolado
0.22419563912782553,0.0010578823737654299,interpolado
0.2242954590918183,0.001205272157825157,interpolado
0.2243952790558112,0.0013549310218411762,interpolado
0.2244950990198039,0.0015010063312513816,interpolado
0.22459491898379677,0.0016376454514937912,interpolado
0.22469473894778955,0.0017589957480062968,interpolado
0.22479455891178235,0.0018592045862268344,interpolado
0.22489437887577518,0.001932419331593337,interpolado
0.225,0.001974,original
0.22509401880376073,0.001975422591577234,interpolado
0.22519383876775353,0.0019400433451402833,interpolado
0.22529365873174637,0.001867737393767666,interpolado
0.22539347869573917,0.0017595927480543313,interpolado
0.2254932986597319,0.0016166974185952718,interpolado
0.22559311862372475,0.0014401394159853586,interpolado
0.22569293858771755,0.001231006750819574,interpolado
0.22579275855171033,0.0009903874336928671,interpolado
0.2258925785157031,0.0007193694752002665,interpolado
0.226,0.000395,original
0.22609221844368874,9.131794920392676e-05,interpolado
0.22619203840768157,-0.0002577164408951902,interpolado
0.22629185837167434,-0.0006206720837220216,interpolado
0.22639167833566715,-0.0009901583147409203,interpolado
0.22649149829965998,-0.001358784469416547,interpolado
0.22659131826365272,-0.0017191598832132543,interpolado
0.22669113822764558,-0.002063893891595498,interpolado
0.22679095819163833,-0.0023855958300277318,interpolado
0.22689077815563113,-0.002676875033974336,interpolado
0.227,-0.002952,original
0.22709041808361677,-0.003139682258133853,interpolado
0.22719023804760957,-0.00330432548192794,interpolado
0.22729005801160235,-0.003425594924070502,interpolado
0.22738987797559512,-0.003504816212220643,interpolado
0.22748969793958793,-0.003543314974037527,interpolado
0.22758951790358076,-0.003542416837180247,interpolado
0.2276893378675735,-0.0035034474293079237,interpolado
0.22778915783156636,-0.003427732378079677,interpolado
0.2278889777955591,-0.003316597311154664,interpolado
0.228,-0.003153,original
0.22808861772354472,-0.00299457273784839,interpolado
0.22818843768753755,-0.002795495863761436,interpolado
0.22828825765153035,-0.0025857771681406985,interpolado
0.22838807761552307,-0.002377059015460369,interpolado
0.22848789757951588,-0.0021809837701944608,interpolado
0.2285877175435087,-0.0020091937968171663,interpolado
0.2286875375075015,-0.0018733314598026172,interpolado
0.2287873574714943,-0.0017850391236249635,interpolado
0.2288871774354871,-0.0017559591527582864,interpolado
0.229,-0.001809,original
0.22908681736347272,-0.001918017611503325,interpolado
0.2291866373274655,-0.002100794055091317,interpolado
0.22928645729145827,-0.002321347979362588,interpolado
0.22938627725545108,-0.0025549507231541336,interpolado
0.22948609721944388,-0.0027768736253027614,interpolado
0.22958591718343668,-0.0029623880246453372,interpolado
0.22968573714742951,-0.0030867652600187283,interpolado
0.22978555711142226,-0.0031252766702598023,interpolado
0.22988537707541506,-0.003053193594205453,interpolado
0.23,-0.002802,original
0.23008501700340067,-0.002485653493382966,interpolado
0.2301848369673935,-0.002001358189071017,interpolado
0.23028465693138625,-0.001439262628432275,interpolado
0.23038447689537903,-0.0008457666442815159,interpolado
0.23048429685937188,-0.0002672700694339853,interpolado
0.2305841168233647,0.0002498272632952225,interpolado
0.2306839367873575,0.0006591255210910083,interpolado
0.23078375675135032,0.000914224871138229,interpolado
0.23088357671534304,0.0009687254806219406,interpolado
0.231,0.000717,original
0.2310832166433287,0.00030040810493324195,interpolado
0.23118303660732156,-0.00042813434008252805,interpolado
0.2312828565713143,-0.001351527307331497,interpolado
0.23138267653530709,-0.0024118182501258393,interpolado
0.2314824964992999,-0.003551054621776968,interpolado
0.23158231646329266,-0.004711283875596535,interpolado
0.2316821364272855,-0.005834553464895887,interpolado
0.23178195639127827,-0.006862910842987306,interpolado
0.23188177635527107,-0.007738403463182121,interpolado
0.232,-0.008498,original
0.2320814162832567,-0.00880692253664942,interpolado
0.23218123624724943,-0.008955731899475397,interpolado
0.2322810562112423,-0.00887924288350093,interpolado
0.232380876175235,-0.008607283191881832,interpolado
0.23248069613922784,-0.008169680527774009,interpolado
0.2325805161032206,-0.007596262594333352,interpolado
0.23268033606721336,-0.0069168570947159575,interpolado
0.23278015603120622,-0.006161291732077341,interpolado
0.23287997599519897,-0.0053593942095735685,interpolado
0.233,-0.004376,original
0.23307961592318466,-0.003734743672157364,interpolado
0.23317943588717743,-0.002960593599326733,interpolado
0.23327925585117018,-0.0022345555666291365,interpolado
0.23337907581516304,-0.0015726240111114808,interpolado
0.23347889577915582,-0.0009907933698204542,interpolado
0.2335787157431486,-0.0005050580798027439,interpolado
0.23367853570714142,-0.00013141257810512467,interpolado
0.23377835567113422,0.00011414869822592717,interpolado
0.23387817563512708,0.00021563131214360435,interpolado
0.234,0.000121,original
0.23407781556311266,-7.19637306087835e-05,interpolado
0.23417763552710544,-0.0004370852553857367,interpolado
0.2342774554910982,-0.0008828450690163078,interpolado
0.23437727545509104,-0.0013536366595025648,interpolado
0.23447709541908385,-0.001793853514846658,interpolado
0.2345769153830766,-0.0021478891230506574,interpolado
0.23467673534706934,-0.0023601369721169257,interpolado
0.2347765553110622,-0.0023749905500475006,interpolado
0.23487637527505498,-0.002136843344844533,interpolado
0.235,-0.001408,original
0.23507601520304058,-0.0006897469499450232,interpolado
0.23517583516703336,0.0005201448425109703,interpolado
0.23527565513102616,0.001951145457849581,interpolado
0.235375475095019,0.0035144874761995886,interpolado
0.2354752950590118,0.005121403477689771,interpolado
0.23557511502300457,0.006683126042448489,interpolado
0.2356749349869974,0.008110887750605412,interpolado
0.2357747549509902,0.009315921182288876,interpolado
0.235874574914983,0.010209458917627662,interpolado
0.236,0.010754,original
0.23607421484296856,0.010718774064888137,interpolado
0.23617403480696142,0.01028554404921538,interpolado
0.23627385477095422,0.009486011102467728,interpolado
0.23637367473494703,0.00840362729894933,interpolado
0.23647349469893983,0.007121844712964323,interpolado
0.2365733146629326,0.005724115418817254,interpolado
0.2366731346269254,0.004293891490811471,interpolado
0.2367729545909182,0.0029146250032514916,interpolado
0.236872774554911,0.0016697680304414582,interpolado
0.237,0.00041,original
0.23707241448289654,-9.035810759477812e-05,interpolado
0.23717223444688937,-0.0005240518167237674,interpolado
0.23727205441088212,-0.0006915176497080407,interpolado
0.23737187437487497,-0.0006263685473132273,interpolado
0.23747169433886778,-0.0003622174503050472,interpolado
0.23757151430286058,6.732270055102732e-05,interpolado
0.23767133426685336,0.0006286389644893244,interpolado
0.23777115423084616,0.001288118400744218,interpolado
0.23787097419483894,0.0020121480685500823,interpolado
0.238,0.002989,original
0.23807061412282451,0.0035206191848526193,interpolado
0.23817043408681737,0.004252462079004998,interpolado
0.23827025405081015,0.004949500812989346,interpolado
0.23837007401480295,0.005598678300852715,interpolado
0.23846989397879576,0.006186937456642005,interpolado
0.23856971394278853,0.006701221194404594,interpolado
0.2386695339067813,0.0071284724281873635,interpolado
0.23876935387077416,0.00745563407203737,interpolado
0.23886917383476694,0.007669649040001657,interpolado
0.239,0.007757,original
0.23906881376275255,0.007707653052916421,interpolado
0.23916863372674535,0.0075264142809942204,interpolado
0.23926845369073813,0.00723061600509456,interpolado
0.23936827365473093,0.006837280548925584,interpolado
0.23946809361872373,0.00636343023619558,interpolado
0.23956791358271656,0.005826087390612424,interpolado
0.23966773354670937,0.005242274335884384,interpolado
0.23976755351070214,0.004629013395719601,interpolado
0.23986737347469492,0.004003326893826222,interpolado
0.24,0.003182,original
0.24006701340268055,0.0027824438325268885,interpolado
0.24016683336667333,0.0022169585257509564,interpolado
0.24026665333066613,0.0016964429876024213,interpolado
0.24036647329465888,0.0012315211146027192,interpolado
0.2404662932586517,0.000832816803272908,interpolado
0.2405661132226445,0.0005109539501344407,interpolado
0.24066593318663732,0.0002765564517086355,interpolado
0.24076575315063006,0.00014024820451680815,interpolado
0.2408655731146229,0.00011265310508026816,interpolado
0.241,0.000266,original
0.24106521304260844,0.0004242143735432935,interpolado
0.2411650330066013,0.0007578583181376401,interpolado
0.24126485297059408,0.0011757019538712543,interpolado
0.24136467293458683,0.0016478388593162941,interpolado
0.24146449289857963,0.002144362613045324,interpolado
0.24156431286257246,0.0026353667936305112,interpolado
0.24166413282656526,0.003090944979644151,interpolado
0.24176395279055807,0.0034811907496585352,interpolado
0.24186377275455082,0.0037761976822458937,interpolado
0.242,0.003971,original
0.24206341268253645,0.0039633542218099165,interpolado
0.24216323264652928,0.0038331047373599053,interpolado
0.24226305261052206,0.0035830881646671353,interpolado
0.24236287257451483,0.0032415520283978943,interpolado
0.24246269253850763,0.002836743853218166,interpolado
0.24256251250250047,0.002396911163794214,interpolado
0.24266233246649324,0.0019503014847922226,interpolado
0.24276215243048604,0.001525162340878484,interpolado
0.24286197239447888,0.0011497412567189364,interpolado
0.243,0.000765,original
0.2430616123224644,0.0006591594724136592,interpolado
0.24316143228645726,0.0005703752511926236,interpolado
0.24326125225045006,0.0005665617599695602,interpolado
0.24336107221444292,0.0006278983985257626,interpolado
0.2434608921784357,0.0007345645666425338,interpolado
0.2435607121424285,0.0008667396641011652,interpolado
0.24366053210642136,0.0010046030906829477,interpolado
0.24376035207041413,0.0011283342461691412,interpolado
0.24386017203440696,0.0012181125303411114,interpolado
0.244,0.001249,original
0.2440598119623926,0.0012175749077095834,interpolado
0.24415963192638537,0.0011054248693581324,interpolado
0.24425945189037815,0.0009267286342089637,interpolado
0.24435927185437095,0.0006908609010661518,interpolado
0.2444590918183637,0.00040719636873391506,interpolado
0.2445589117823565,8.510973601643198e-05,interpolado
0.2446587317463493,-0.0002660242982821206,interpolado
0.24475855171034205,-0.0006368310353574599,interpolado
0.2448583716743349,-0.0010179357764056173,interpolado
0.245,-0.001558,original
0.24505801160232052,-0.0017735639526872055,interpolado
0.2451578315663133,-0.0021297638474269995,interpolado
0.24525765153030607,-0.0024598976661981097,interpolado
0.24535747149429887,-0.002755308356486056,interpolado
0.24545729145829165,-0.003007338865776075,interpolado
0.2455571114222845,-0.0032073321415534983,interpolado
0.24565693138627728,-0.0033466311313036304,interpolado
0.24575675135027006,-0.0034165787825118812,interpolado
0.24585657131426286,-0.003408518042663538,interpolado
0.246,-0.003243,original
0.2460562112422485,-0.003124492739339816,interpolado
0.2461560312062413,-0.0028457463357447004,interpolado
0.24625585117023407,-0.002493730497457886,interpolado
0.2463556711342269,-0.0020849730643306536,interpolado
0.24645549109821968,-0.0016360018762142184,interpolado
0.24655531106221248,-0.0011633447729597973,interpolado
0.24665513102620526,-0.0006835295944187395,interpolado
0.2467549509901981,-0.0002130841804419894,interpolado
0.24685477095419087,0.00023146362911910282,interpolado
0.247,0.000798,original
0.24705441088217647,0.000977126732069487,interpolado
0.24715423084616928,0.0012529074708582833,interpolado
0.24725405081016205,0.0014579528814799077,interpolado
0.24735387077415483,0.0015895036638897716,interpolado
0.24745369073814766,0.0016448005180433717,interpolado
0.24755351070214046,0.0016210841438962043,interpolado
0.2476533306661332,0.0015155952414038073,interpolado
0.24775315063012604,0.0013255745105216204,interpolado
0.24785297059411882,0.001048262651205157,interpolado
0.248,0.000475,original
0.24805261052210442,0.0002214035023618922,interpolado
0.24815243048609725,-0.00031859163239265,interpolado
0.24825225045009003,-0.0009146634402923681,interpolado
0.24835207041408286,-0.0015419024863709194,interpolado
0.24845189037807566,-0.002175399335662103,interpolado
0.24855171034206844,-0.002790244553199551,interpolado
0.24865153030606116,-0.003361528704017408,interpolado
0.248751350270054,-0.0038643423531493004,interpolado
0.24885117023404685,-0.004273776065629023,interpolado
0.249,-0.004657,original
0.24905081016203237,-0.004714083772134683,interpolado
0.2491506301260252,-0.004724433296514096,interpolado
0.24925045009001792,-0.004625370350878718,interpolado
0.2493502700540108,-0.004447389216125008,interpolado
0.2494500900180036,-0.004220984173149425,interpolado
0.2495499099819964,-0.003976649502848494,interpolado
0.24964972994598925,-0.0037448794861184714,interpolado
0.249749549909982,-0.0035561684038560603,interpolado
0.24984936987397474,-0.0034410105369575604,interpolado
0.2499491898379676,-0.0034299001663194335,interpolado
0.25,-0.003474,original
0.2501488297659532,-0.0038058342831388627,interpolado
0.250248649729946,-0.0041580819297162425,interpolado
0.25034846969393876,-0.0045741799973631125,interpolado
0.2504482896579316,-0.005019518241481776,interpolado
0.25054810962192436,-0.005459486417473785,interpolado
0.2506479295859172,-0.0058594742807416425,interpolado
0.25074774954991,-0.006184871586686951,interpolado
0.2508475695139027,-0.006401068090712003,interpolado
0.2509473894778956,-0.006473453548218851,interpolado
0.251,-0.006442,original
0.2511470294058812,-0.006087306071654155,interpolado
0.251246849369874,-0.005665996130955885,interpolado
0.25134666933386673,-0.005143308435077202,interpolado
0.25144648929785957,-0.004557773955461181,interpolado
0.2515463092618524,-0.003947923663551908,interpolado
0.2516461292258452,-0.0033522885307921634,interpolado
0.25174594918983795,-0.0028093995286260407,interpolado
0.2518457691538308,-0.0023577876284966185,interpolado
0.2519455891178236,-0.0020359838018471728,interpolado
0.252,-0.001929,original
0.2521452290458092,-0.0018975021671308648,interpolado
0.252245049009802,-0.0020501527210285368,interpolado
0.25234486897379477,-0.0023029716188807665,interpolado
0.2524446889377876,-0.002619634285980709,interpolado
0.2525445089017804,-0.0029638161476209647,interpolado
0.2526443288657732,-0.003299192629094839,interpolado
0.252744148829766,-0.003589439155694912,interpolado
0.25284396879375876,-0.0037982311527143433,interpolado
0.25294378875775153,-0.003889244045446114,interpolado
0.253,-0.003875,original
0.25314342868573714,-0.0036102982061864777,interpolado
0.25324324864972997,-0.0032760878976918605,interpolado
0.25334306861372274,-0.0028644329967848423,interpolado
0.2534428885777156,-0.002415185550913329,interpolado
0.25354270854170835,-0.0019681976075261584,interpolado
0.2536425285057011,-0.0015633212140714037,interpolado
0.25374234846969396,-0.0012404084179972337,interpolado
0.25384216843368673,-0.0010393112667523442,interpolado
0.25394198839767956,-0.0009998818077848778,interpolado
0.254,-0.001067,original
0.2541416283256651,-0.0015156476124720117,interpolado
0.2542414482896579,-0.002003440014905385,interpolado
0.2543412682536507,-0.002559336669539967,interpolado
0.2544410882176435,-0.003118605660854676,interpolado
0.2545409081816364,-0.0036165150733272417,interpolado
0.25464072814562905,-0.003988332991436356,interpolado
0.25474054810962193,-0.004169327499660437,interpolado
0.2548403680736147,-0.004094766682477633,interpolado
0.25494018803760754,-0.0036999186243661616,interpolado
0.255,-0.003283,original
0.2551398279655931,-0.0017591541455524668,interpolado
0.255239647929586,-0.00029229396011896166,interpolado
0.25533946789357875,0.0013936445418791538,interpolado
0.25543928785757153,0.003213386467419136,interpolado
0.2555391078215643,0.005081656923474418,interpolado
0.25563892778555714,0.00691318101702147,interpolado
0.2557387477495499,0.008622683855036683,interpolado
0.25583856771354274,0.010124890544493611,interpolado
0.2559383876775355,0.011334526192369309,interpolado
0.256,0.011898,original
0.25613802760552107,0.01260036965116304,interpolado
0.2562378475695139,0.012689819091451568,interpolado
0.25633766753350673,0.01249915872910134,interpolado
0.25643748749749956,0.012091496214998191,interpolado
0.25653730746149234,0.011529939200028564,interpolado
0.2566371274254851,0.010877595335078255,interpolado
0.25673694738947794,0.01019757227103286,interpolado
0.25683676735347066,0.009552977658779124,interpolado
0.2569365873174635,0.009006919149202375,interpolado
0.257,0.00874,original
0.25713622724544904,0.008415282036747193,interpolado
0.25723604720944193,0.008343615239941723,interpolado
0.2573358671734347,0.008357438839620038,interpolado
0.2574356871374275,0.008407595504838442,interpolado
0.25753550710142026,0.008444927904653201,interpolado
0.25763532706541303,0.008420278708120687,interpolado
0.25773514702940586,0.00828449058429713,interpolado
0.25783496699339864,0.00798840620223901,interpolado
0.25793478695739147,0.00748286823100228,interpolado
0.258,0.007016,original
0.258134426885377,0.005693341597830039,interpolado
0.25823424684936985,0.004464213675801615,interpolado
0.2583340668133627,0.0030973037863373013,interpolado
0.25843388677735546,0.001657786085950232,interpolado
0.2585337067413483,0.00021083473115337644,interpolado
0.25863352670534107,-0.001178376121537859,interpolado
0.25873334666933395,-0.0024446723156111793,interpolado
0.2588331666333267,-0.0035228796945513804,interpolado
0.2589329865973195,-0.004347824101845444,interpolado
0.259,-0.004727,original
0.25913262652530505,-0.005019601455277671,interpolado
0.25923244648929794,-0.004879465658942585,interpolado
0.25933226645329066,-0.004477787011605223,interpolado
0.25943208641728344,-0.003857787188595847,interpolado
0.25953190638127627,-0.0030626878652442267,interpolado
0.259631726345269,-0.0021357107168815228,interpolado
0.2597315463092619,-0.001120077418837014,interpolado
0.2598313662732546,-5.900964644210357e-05,interpolado
0.2599311862372474,0.001004270924973495,interpolado
0.26,0.001716,original
0.260130826165233,0.002972922509444771,interpolado
0.2602306461292258,0.0038208662843969687,interpolado
0.26033046609321864,0.0045494871852622375,interpolado
0.26043028605721136,0.005137787442243129,interpolado
0.2605301060212042,0.005564769285541886,interpolado
0.26062992598519696,0.005809434945360077,interpolado
0.2607297459491898,0.005850786651900003,interpolado
0.2608295659131826,0.0056678266353636635,interpolado
0.2609293858771754,0.0052395571259531894,interpolado
0.261,0.004777,original
0.261129025805161,0.003596266870923902,interpolado
0.26122884576915384,0.002457978147207821,interpolado
0.26132866573314667,0.0012016514989157377,interpolado
0.2614284856971395,-0.00010156044069393189,interpolado
0.2615283056611323,-0.0013805050383628819,interpolado
0.26162812562512505,-0.0025640296608306586,interpolado
0.2617279455891179,-0.003580981674839489,interpolado
0.26182776555311066,-0.004360208447129213,interpolado
0.2619275855171034,-0.004830557344441445,interpolado
0.262,-0.004938,original
0.26212722544508904,-0.004610436650117497,interpolado
0.2622270454090819,-0.003963404990150635,interpolado
0.2623268653730747,-0.0030552600559340484,interpolado
0.2624266853370675,-0.001960977136453353,interpolado
0.26252650530106025,-0.0007555315206937601,interpolado
0.26262632526505303,0.0004861015023574638,interpolado
0.26272614522904586,0.001688946643715714,interpolado
0.26282596519303864,0.002778028614393727,interpolado
0.2629257851570314,0.0036783721254062926,interpolado
0.263,0.004181,original
0.2631254250850171,0.004651915709871155,interpolado
0.2632252450490099,0.004722942872337673,interpolado
0.2633250650130026,0.004571312899966716,interpolado
0.26342488497699534,0.004239923734594025,interpolado
0.2635247049409882,0.003771673318054947,interpolado
0.263624524904981,0.0032094595921856608,interpolado
0.26372434486897384,0.002596180498821227,interpolado
0.2638241648329666,0.001974733979797983,interpolado
0.26392398479695933,0.0013880179769512361,interpolado
0.264,0.000991,original
0.26412362472494494,0.0004751779464910517,interpolado
0.26422344468893777,0.00017553294789236453,interpolado
0.26432326465293055,-2.5197658803292087e-05,interpolado
0.2644230846169234,-0.0001320985082294888,interpolado
0.26452290458091615,-0.00015025423502014118,interpolado
0.2646227245449089,-8.474947380902208e-05,interpolado
0.26472254450890176,5.933114077004306e-05,interpolado
0.2648223644728946,0.00027690297408340333,interpolado
0.2649221844368873,0.0005628813914970244,interpolado
0.265,0.00083,original
0.26512182436487297,0.0013116570434247756,interpolado
0.2652216443288658,0.0017318550696309254,interpolado
0.26532146429285863,0.002141032448167713,interpolado
0.26542128425685135,0.002507493300787027,interpolado
0.2655211042208442,0.002799541749241594,interpolado
0.265620924184837,0.0029854819152834314,interpolado
0.2657207441488297,0.003033617920665082,interpolado
0.2658205641128226,0.0029122538871387835,interpolado
0.2659203840768154,0.002589693936457013,interpolado
0.266,0.002167,original
0.266120024004801,0.0012436265573585866,interpolado
0.2662198439687938,0.0002786962288680796,interpolado
0.26631966393278655,-0.0007905501687361635,interpolado
0.26641948389677933,-0.0018942543579631376,interpolado
0.2665193038607722,-0.0029625580613242093,interpolado
0.26661912382476494,-0.003925603001328379,interpolado
0.2667189437887577,-0.00471353090048648,interpolado
0.26681876375275054,-0.005256483481308951,interpolado
0.2669185837167433,-0.0054846024663053805,interpolado
0.267,-0.005389,original
0.267118223644729,-0.004758099857746511,interpolado
0.2672180436087217,-0.0038398056114132897,interpolado
0.2673178635727146,-0.0026522145922126985,interpolado
0.2674176835367073,-0.0012742391616711141,interpolado
0.2675175035007002,0.0002152083186878721,interpolado
0.26761732346469297,0.0017372154873375428,interpolado
0.26771714342868574,0.003212869982753675,interpolado
0.2678169633926786,0.004563259443411943,interpolado
0.2679167833566714,0.005709471507785784,interpolado
0.268,0.006452,original
0.26811642328465696,0.007104002380871046,interpolado
0.26821624324864973,0.0073280012182226776,interpolado
0.2683160632126425,0.007280306550541814,interpolado
0.26841588317663534,0.006996546752046628,interpolado
0.26851570314062817,0.0065123501969549455,interpolado
0.26861552310462095,0.005863345259485418,interpolado
0.2687153430686137,0.005085160313855932,interpolado
0.26881516303260655,0.004213423734284082,interpolado
0.2689149829965994,0.0032837638949889548,interpolado
0.269,0.002473,original
0.2691146229245849,0.0013897635257024187,interpolado
0.26921444288857765,0.000481104924502119,interpolado
0.26931426285257054,-0.000372115470367018,interpolado
0.2694140828165633,-0.001147839119926337,interpolado
0.2695139027805562,-0.0018240074851989755,interpolado
0.269613722744549,-0.0023785620272064757,interpolado
0.26971354270854175,-0.002789444206971545,interpolado
0.26981336267253453,-0.0030345954855165707,interpolado
0.26991318263652736,-0.003091957323863574,interpolado
0.27,-0.002972,original
0.27011282256451297,-0.002572125168643816,interpolado
0.27021264252850574,-0.0020308512207645882,interpolado
0.2703124624924986,-0.0013644529682985858,interpolado
0.27041228245649135,-0.0006217079460878768,interpolado
0.270512102420484,0.0001486063110265786,interpolado
0.27061192238447684,0.0008977122682038778,interpolado
0.2707117423484696,0.001576832390601868,interpolado
0.27081156231246245,0.0021371891433799406,interpolado
0.2709113822764553,0.0025300049916961494,interpolado
0.271,0.002699,original
0.27111102220444083,0.0026401930842754173,interpolado
0.27121084216843366,0.0023680963505946337,interpolado
0.27131066213242644,0.001938658256403191,interpolado
0.27141048209641927,0.0014003019613335731,interpolado
0.271510302060412,0.0008014506250175705,interpolado
0.2716101220244048,0.00019052740708683138,interpolado
0.27170994198839765,-0.00038404453282595415,interpolado
0.2718097619523905,-0.0008738420350893796,interpolado
0.27190958191638326,-0.0012304419400708934,interpolado
0.272,-0.001398,original
0.27210922184436886,-0.0013710546442843008,interpolado
0.2722090418083617,-0.0011619374137131434,interpolado
0.27230886177235447,-0.0008244598354817941,interpolado
0.2724086817363473,-0.00040499914630950863,interpolado
0.2725085017003401,5.006741708501024e-05,interpolado
0.27260832166433285,0.0004943626179831374,interpolado
0.27270814162832563,0.0008815092196654974,interpolado
0.27280796159231846,0.001165129985413606,interpolado
0.2729077815563113,0.001298847678508266,interpolado
0.273,0.001249,original
0.2731074214842969,0.0009512922113734774,interpolado
0.2732072414482896,0.00048205274108260545,interpolado
0.2733070614122825,-0.00012042377153010792,interpolado
0.2734068813762753,-0.0008051349168253073,interpolado
0.27350670134026805,-0.0015210782851646308,interpolado
0.2736065213042609,-0.0022172514669097847,interpolado
0.27370634126825366,-0.00284265205242131,interpolado
0.2738061612322465,-0.0033462776320611768,interpolado
0.27390598119623927,-0.003677125796190135,interpolado
0.274,-0.003785,original
0.2741056211242249,-0.0036361352502036074,interpolado
0.27420544108821765,-0.0032676198466643136,interpolado
0.2743052610522105,-0.0027271949075976594,interpolado
0.2744050810162033,-0.0020634041594421062,interpolado
0.27450490098019603,-0.0013247913286352328,interpolado
0.2746047209441888,-0.0005599001416144564,interpolado
0.2747045409081816,0.00018272567518151664,interpolado
0.2748043608721744,0.0008545423953156133,interpolado
0.27490418083616724,0.0014070062923492292,interpolado
0.275,0.00178,original
0.2751038207641528,0.001978609332287839,interpolado
0.2752036407281456,0.002005536270211941,interpolado
0.27530346069213846,0.0019246466621073868,interpolado
0.2754032806561312,0.0017882316344132606,interpolado
0.27550310062012395,0.0016485823135685151,interpolado
0.27560292058411684,0.001557989826012093,interpolado
0.2757027405481096,0.0015687452981830911,interpolado
0.27580256051210245,0.001733139856520411,interpolado
0.2759023804760952,0.002103464627463296,interpolado
0.276,0.002715,original
0.27610202040408083,0.003649698972481521,interpolado
0.27620184036807366,0.004807440468536559,interpolado
0.2763016603320664,0.0061374231530849175,interpolado
0.2764014802960592,0.0075718351680232054,interpolado
0.27650130026005204,0.009042864655245599,interpolado
0.27660112022404487,0.01048269975664944,interpolado
0.27670094018803765,0.011823528614128899,interpolado
0.2768007601520304,0.012997539369580584,interpolado
0.27690058011602325,0.013936920164900737,interpolado
0.277,0.014572,original
0.27710022004400886,0.01486134894701474,interpolado
0.2772000400080016,0.014834605608310592,interpolado
0.27729985997199436,0.01454915532023845,interpolado
0.27739967993598724,0.014060524275841028,interpolado
0.27749949989998,0.013424238668161913,interpolado
0.27759931986397285,0.01269582469024349,interpolado
0.27769913982796557,0.011930808535129627,interpolado
0.27779895979195834,0.011184716395862961,interpolado
0.2778987797559512,0.010513074465486175,interpolado
0.278,0.009965,original
0.2780984196839368,0.009599080852666328,interpolado
0.27819823964792956,0.009368011067018187,interpolado
0.27829805961192233,0.009232535878794084,interpolado
0.27839787957591516,0.009146991540133355,interpolado
0.27849769953990794,0.009065714303175449,interpolado
0.2785975195039008,0.008943040420059603,interpolado
0.27869733946789355,0.008733306142925307,interpolado
0.2787971594318864,0.008390847723911885,interpolado
0.27889697939587926,0.007870001415158371,interpolado
0.279,0.007097,original
0.2790966193238648,0.006126290720626401,interpolado
0.2791964392878576,0.004913287925416474,interpolado
0.2792962592518504,0.0035449712732583305,interpolado
0.2793960792158432,0.0020802175286049537,interpolado
0.2794958991798359,0.0005779034559118136,interpolado
0.27959571914382875,-0.000903094180368871,interpolado
0.27969553910782163,-0.002303898615781617,interpolado
0.27979535907181435,-0.0035656330858734385,interpolado
0.2798951790358072,-0.004629420826191051,interpolado
0.28,-0.005469,original
0.28009481896379285,-0.00594266899399671,interpolado
0.2801946389277856,-0.006174254682922391,interpolado
0.28029445889177834,-0.006177407510002298,interpolado
0.28039427885577123,-0.005998395049884616,interpolado
0.28049409881976406,-0.005683484877217877,interpolado
0.2805939187837569,-0.005278944566650114,interpolado
0.28069373874774967,-0.004831041692830113,interpolado
0.2807935587117424,-0.0043860438304059906,interpolado
0.2808933786757353,-0.003990218554025871,interpolado
0.281,-0.003674,original
0.2810930186037209,-0.0035203105801300204,interpolado
0.2811928385677137,-0.0034638219949822057,interpolado
0.2812926585317065,-0.0034862234501522624,interpolado
0.2813924784956993,-0.0035533664732806916,interpolado
0.28149229845969204,-0.003631102592007919,interpolado
0.28159211842368476,-0.003685283333974494,interpolado
0.2816919383876776,-0.0036817602268209067,interpolado
0.2817917583516704,-0.003586384798187663,interpolado
0.2818915783156632,-0.0033650085757151353,interpolado
0.282,-0.002942,original
0.28209121824364874,-0.002418213268479577,interpolado
0.2821910382076416,-0.0017003316107795136,interpolado
0.28229085817163435,-0.000878656528737665,interpolado
0.2823906781356271,-2.015286337670358e-06,interpolado
0.28249049809961985,0.0008807648524349842,interpolado
0.2825903180636126,0.0017208566235962822,interpolado
0.2826901380276055,0.0024694327631621135,interpolado
0.28278995799159823,0.0030776660071471333,interpolado
0.2828897779555911,0.0034967290915674677,interpolado
0.283,0.003681,original
0.2830894178835766,0.0035848373206258835,interpolado
0.2831892378475695,0.0032519678007515134,interpolado
0.2832890578115623,0.0027371936639701104,interpolado
0.2833888777755551,0.0020985425349850702,interpolado
0.2834886977395479,0.0013940420385010212,interpolado
0.28358851770354077,0.0006817197992215311,interpolado
0.2836883376675336,1.9603441850149332e-05,interpolado
0.28378815763152637,-0.000534279408908468,interpolado
0.2838879775955192,-0.0009219011283509739,interpolado
0.284,-0.001087,original
0.2840876175235047,-0.0009792319876073868,interpolado
0.2841874374874976,-0.00063401433086441,interpolado
0.28428725745149036,-0.00010669103374243982,interpolado
0.2843870774154831,0.0005455929255957173,interpolado
0.28448689737947597,0.0012656925689859889,interpolado
0.2845867173434687,0.0019964629182653857,interpolado
0.2846865373074616,0.002680758995270943,interpolado
0.28478635727145435,0.0032614358218385512,interpolado
0.28488617723544707,0.0036813484198054643,interpolado
0.285,0.003891,original
0.2850858171634327,0.003821171712132281,interpolado
0.28518563712742545,0.0035150856827460713,interpolado
0.2852854570914183,0.003010546640939312,interpolado
0.2853852770554111,0.0023530547306256514,interpolado
0.2854850970194039,0.0015881100957199918,interpolado
0.28558491698339666,0.0007612128801361607,interpolado
0.2856847369473895,-8.213677221215399e-05,interpolado
0.2857845569113824,-0.0008964387174098402,interpolado
0.28588437687537516,-0.0016361928115435946,interpolado
0.286,-0.00234,original
0.2860840168033607,-0.002717458570101997,interpolado
0.2861838367673535,-0.003030707315177787,interpolado
0.28628365673134626,-0.0032245751925204353,interpolado
0.2863834766953391,-0.00332804150537055,interpolado
0.28648329665933187,-0.003370085556968391,interpolado
0.28658311662332464,-0.003379686650554396,interpolado
0.28668293658731747,-0.003385824089368933,interpolado
0.2867827565513102,-0.003417477176652368,interpolado
0.2868825765153029,-0.003503625215645062,interpolado
0.287,-0.003714,original
0.2870822164432886,-0.003949752645442061,interpolado
0.2871820364072814,-0.004318366282512978,interpolado
0.2872818563712742,-0.00474830349930957,interpolado
0.287381676335267,-0.005208724693701544,interpolado
0.28748149629925984,-0.005668790263558671,interpolado
0.2875813162632526,-0.006097660606749949,interpolado
0.28768113622724545,-0.006464496121145345,interpolado
0.28778095619123817,-0.006738457204613957,interpolado
0.287880776155231,-0.006888704255025537,interpolado
0.288,-0.006863,original
0.2880804160832166,-0.006700639669471549,interpolado
0.28818023604720944,-0.006355663597426767,interpolado
0.28828005601120227,-0.005886732235847238,interpolado
0.288379875975195,-0.0053311918415035065,interpolado
0.2884796959391879,-0.004726388671165932,interpolado
0.2885795159031807,-0.004109668981605899,interpolado
0.2886793358671735,-0.003518379029593466,interpolado
0.28877915583116626,-0.0029898650719000046,interpolado
0.2888789757951591,-0.002561473365295873,interpolado
0.289,-0.00223,original
0.28907861572314464,-0.0021493750897033574,interpolado
0.2891784356871374,-0.0021912512990876452,interpolado
0.2892782556511302,-0.0023713950820794575,interpolado
0.289378075615123,-0.002664923309151564,interpolado
0.2894778955791158,-0.0030469528507769887,interpolado
0.28957771554310857,-0.0034926005774280878,interpolado
0.2896775355071014,-0.003976983359578119,interpolado
0.2897773554710942,-0.0044752180676993205,interpolado
0.28987717543508695,-0.0049624215722647485,interpolado
0.29,-0.00551,original
0.2900768153630725,-0.005806478357258689,interpolado
0.2901766353270653,-0.006136685693583257,interpolado
0.29027645529105817,-0.006409353423794651,interpolado
0.29037627525505094,-0.006629563348898428,interpolado
0.2904760952190438,-0.006802397269900044,interpolado
0.2905759151830366,-0.006932936987804673,interpolado
0.29067573514702943,-0.007026264303617829,interpolado
0.29077555511102215,-0.007087461018344778,interpolado
0.290875375075015,-0.007121608932990946,interpolado
0.291,-0.007134,original
0.29107501500300054,-0.007128376339560976,interpolado
0.2911748349669934,-0.007103598938629562,interpolado
0.29127465493098614,-0.007054538711819195,interpolado
0.2913744748949789,-0.006976251082926995,interpolado
0.2914742948589718,-0.00686379147575002,interpolado
0.2915741148229645,-0.006712215314085522,interpolado
0.29167393478695736,-0.006516578021730456,interpolado
0.29177375475095013,-0.006271935022482165,interpolado
0.2918735747149429,-0.005973341740137681,interpolado
0.292,-0.00551,original
0.29207321464292846,-0.005196174841045902,interpolado
0.2921730346069213,-0.0047261804128736875,interpolado
0.2922728545709142,-0.00422591826120973,interpolado
0.2923726745349069,-0.0037155154530224906,interpolado
0.2924724944988997,-0.0032150990552804047,interpolado
0.29257231446289256,-0.0027447961349527476,interpolado
0.29267213442688533,-0.0023247337590079423,interpolado
0.29277195439087816,-0.0019750389944145274,interpolado
0.292871774354871,-0.0017158389081416087,interpolado
0.293,-0.001548,original
0.2930714142828566,-0.0015463458244250627,interpolado
0.2931712342468493,-0.0016399467467766726,interpolado
0.2932710542108422,-0.0018178331146636929,interpolado
0.29337087417483493,-0.0020495805548335438,interpolado
0.29347069413882776,-0.002304764694034077,interpolado
0.29357051410282053,-0.0025529611590126254,interpolado
0.29367033406681337,-0.00276374557651696,interpolado
0.2937701540308062,-0.002906693573294765,interpolado
0.29386997399479897,-0.0029513807760934993,interpolado
0.294,-0.002812,original
0.2940696139227845,-0.0026277103932848714,interpolado
0.2941694338867773,-0.0022411618186291664,interpolado
0.29426925385077013,-0.0017377969936614314,interpolado
0.29436907381476296,-0.0011479564522156739,interpolado
0.29446889377875574,-0.0005019807281247126,interpolado
0.29456871374274857,0.00016978964477728714,interpolado
0.2946685337067414,0.000837014132657235,interpolado
0.2947683536707342,0.0014693522016820302,interpolado
0.29486817363472695,0.0020364633180175225,interpolado
0.295,0.002634,original
0.29506781356271256,0.0028560486939134596,interpolado
0.29516763352670533,0.0030793753299254616,interpolado
0.29526745349069816,0.00319343745430728,interpolado
0.2953672734546909,0.0032139386425569056,interpolado
0.29546709341868377,0.0031565824701724897,interpolado
0.29556691338267654,0.003037072512652213,interpolado
0.2956667333466692,0.002871112345494175,interpolado
0.2957665533106621,0.0026744055441963693,interpolado
0.29586637327465487,0.002462655684257134,interpolado
0.296,0.002183,original
0.2960660132026405,0.0020557423742475645,interpolado
0.29616583316663325,0.001876765146074187,interpolado
0.2962656531306261,0.0017076930610236756,interpolado
0.29636547309461886,0.0015414369515138128,interpolado
0.29646529305861175,0.001370907649962004,interpolado
0.2965651130226046,0.0011890159887860323,interpolado
0.29666493298659724,0.000988672800403403,interpolado
0.29676475295059007,0.0007627889172315805,interpolado
0.2968645729145829,0.0005042751716884102,interpolado
0.297,8.87e-05,original
0.2970642128425685,-0.00013851163839768816,interpolado
0.2971640328065613,-0.0005298198219542306,interpolado
0.29726385277055406,-0.0009640791638751142,interpolado
0.2973636727345469,-0.001437403646627435,interpolado
0.2974634926985397,-0.0019459072526792922,interpolado
0.2975633126625325,-0.0024857039644977006,interpolado
0.2976631326265253,-0.003052907764550511,interpolado
0.29776295259051805,-0.003643632635305638,interpolado
0.2978627725545109,-0.004253992559230004,interpolado
0.298,-0.005118,original
0.2980624124824965,-0.005516958532547441,interpolado
0.2981622324464892,-0.006144440359960636,interpolado
0.2982620524104821,-0.006731532612687836,interpolado
0.2983618723744748,-0.007246980841253471,interpolado
0.29846169233846753,-0.007659530596182973,interpolado
0.2985615123024605,-0.00793792742800155,interpolado
0.29866133226645325,-0.008050916887233969,interpolado
0.29876115223044614,-0.007967244524405413,interpolado
0.29886097219443886,-0.0076556558900410555,interpolado
0.299,-0.006783,original
0.2990606121224245,-0.006227539060274678,interpolado
0.29916043208641724,-0.005111815365595649,interpolado
0.29926025205041007,-0.003807997799469883,interpolado
0.2993600720144028,-0.0023873945792527666,interpolado
0.2994598919783957,-0.0009213139222975303,interpolado
0.29955971194238845,0.0005189359540426961,interpolado
0.2996595319063812,0.0018620468324123697,interpolado
0.29975935187037406,0.0030367104954589865,interpolado
0.29985917183436683,0.003971618725827302,interpolado
0.3,0.004745,original
0.3000588117623524,0.004841382629744643,interpolado
0.30015863172634527,0.004711986932230178,interpolado
0.3002584516903381,0.004264909299006565,interpolado
0.3003582716543308,0.0035592902855146272,interpolado
0.30045809161832365,0.0026542704471944943,interpolado
0.3005579115823165,0.0016089903394858563,interpolado
0.3006577315463093,0.00048259051783019867,interpolado
0.3007575515103021,-0.0006657884623333607,interpolado
0.3008573714742948,-0.0017770060455632231,interpolado
0.301,-0.003183,original
0.30105701140228047,-0.0036534349646030026,interpolado
0.30115683136627325,-0.004338754533570904,interpolado
0.3012566513302661,-0.00485357887216407,interpolado
0.30135647129425885,-0.00520447018740505,interpolado
0.30145629125825163,-0.005397990686317291,interpolado
0.3015561112222444,-0.005440702575923894,interpolado
0.30165593118623724,-0.005339168063247929,interpolado
0.30175575115023,-0.0050999493553124066,interpolado
0.3018555711142228,-0.004729608659140713,interpolado
0.302,-0.003975,original
0.3020552110422084,-0.0036224754172418583,interpolado
0.30215503100620117,-0.00291220617527655,interpolado
0.30225485097019394,-0.0021337021204725975,interpolado
0.3023546709341868,-0.0013171158279901111,interpolado
0.30245449089817955,-0.0004925998729879012,interpolado
0.3025543108621723,0.00030969316937523144,interpolado
0.30265413082616516,0.001059610723939156,interpolado
0.30275395079015793,0.0017270002155454363,interpolado
0.30285377075415076,0.002281709069034089,interpolado
0.303,0.002828,original
0.30305341068213637,0.0029339662083578645,interpolado
0.3031532306461292,0.003003448427837505,interpolado
0.30325305061012203,0.0029293234016350114,interpolado
0.3033528705741147,0.002739861743681281,interpolado
0.3034526905381076,0.002463334067907117,interpolado
0.30355251050210047,0.0021280109882431237,interpolado
0.30365233046609313,0.0017621631186204906,interpolado
0.303752150430086,0.0013940610729696495,interpolado
0.3038519703940788,0.0010519754652218263,interpolado
0.304,0.000653,original
0.3040516103220644,0.0005579412989804379,interpolado
0.3041514302860572,0.0004393970562144238,interpolado
0.30425125025005,0.0003944443571333667,interpolado
0.30435107021404284,0.0004081726166976967,interpolado
0.3044508901780356,0.00046567124986780035,interpolado
0.30455071014202845,0.000552029671604132,interpolado
0.3046505301060213,0.0006523372968669979,interpolado
0.304750350070014,0.000751683540616848,interpolado
0.30485017003400683,0.0008351578178141296,interpolado
0.30494998999799966,0.0008878495434191527,interpolado
0.305,0.000898,original
0.30514962992598527,0.0008512447735303821,interpolado
0.30524944988997793,0.0007584652213719154,interpolado
0.3053492698539709,0.0006197844552767508,interpolado
0.3054490898179636,0.0004381085022577112,interpolado
0.3055489097819565,0.00021634338932726568,interpolado
0.3056487297459492,-4.260485650167076e-05,interpolado
0.30574854970994203,-0.0003358302082165428,interpolado
0.30584836967393486,-0.0006604266388048713,interpolado
0.3059481896379276,-0.0010134881212536275,interpolado
0.306,-0.001207,original
0.30614782956591324,-0.0017829965386162508,interpolado
0.306247649529906,-0.0021655756138077194,interpolado
0.3063474694938988,-0.0025173995669708076,interpolado
0.3064472894578916,-0.0028163778502092477,interpolado
0.3065471094218844,-0.0030404199156274774,interpolado
0.3066469293858771,-0.0031674352153293703,interpolado
0.30674674934986995,-0.0031753332014192066,interpolado
0.3068465693138627,-0.003042023326001002,interpolado
0.30694638927785556,-0.0027454150411790265,interpolado
0.307,-0.002511,original
0.30714602920584116,-0.0016171588799115681,interpolado
0.30724584916983394,-0.0008611233799562691,interpolado
0.30734566913382677,-5.741244330679412e-05,interpolado
0.30744548909781955,0.0007332421858386681,interpolado
0.3075453090618124,0.0014501087632836577,interpolado
0.3076451290258052,0.0020324555448300863,interpolado
0.3077449489897978,0.002419550786281109,interpolado
0.30784476895379076,0.0025506627434394536,interpolado
0.30794458891778353,0.0023650596721076786,interpolado
0.308,0.002103,original
0.3081442288457691,0.0008770098517565434,interpolado
0.30824404880976186,-0.0003300477102962188,interpolado
0.3083438687737547,-0.0017260468436415593,interpolado
0.30844368873774747,-0.0032200967379180877,interpolado
0.30854350870174035,-0.00472130658276756,interpolado
0.3086433286657331,-0.006138785567828465,interpolado
0.30874314862972585,-0.007381642882741847,interpolado
0.3088429685937187,-0.008358987717148365,interpolado
0.30894278855771146,-0.008979929260687093,interpolado
0.309,-0.00914,original
0.30914242848569706,-0.008878067058156918,interpolado
0.3092422484496899,-0.008233470519718598,interpolado
0.30934206841368267,-0.007315161595507023,interpolado
0.3094418883776755,-0.00621613124157162,interpolado
0.30954170834166833,-0.005029370413960299,interpolado
0.30964152830566116,-0.003847870068720778,interpolado
0.3097413482696539,-0.0027646211619027695,interpolado
0.3098411682336467,-0.0018726146495535363,interpolado
0.3099409881976395,-0.0012648414877224662,interpolado
0.31,-0.001077,original
0.3101406281256252,-0.0011963331617992122,interpolado
0.3102404480896179,-0.001688811806963837,interpolado
0.31034026805361076,-0.0024362539666005667,interpolado
0.3104400880176035,-0.003365081880900463,interpolado
0.31053990798159625,-0.004401717790055796,interpolado
0.31063972794558903,-0.00547258393425908,interpolado
0.3107395479095818,-0.006504102553701017,interpolado
0.3108393678735747,-0.007422695888574582,interpolado
0.3109391878375674,-0.008154786179070641,interpolado
0.311,-0.008478,original
0.31113882776555307,-0.0088145006793438,interpolado
0.31123864772954585,-0.008746967968438542,interpolado
0.3113384676935387,-0.008461791874820735,interpolado
0.3114382876575315,-0.00799547190586415,interpolado
0.31153810762152423,-0.0073845075689421245,interpolado
0.31163792758551706,-0.006665398371427682,interpolado
0.3117377475495099,-0.005874643820695078,interpolado
0.31183756751350267,-0.0050487434241169174,interpolado
0.3119373874774955,-0.004224196689067578,interpolado
0.312,-0.003724,original
0.31213702740548105,-0.0027117736578454654,interpolado
0.3122368473694739,-0.0020545353767456287,interpolado
0.31233666733346666,-0.0014709658898182138,interpolado
0.31243648729745943,-0.0009665108484171631,interpolado
0.3125363072614522,-0.0005466159038954265,interpolado
0.31263612722544504,-0.00021672670760613882,interpolado
0.3127359471894378,1.7711089097037264e-05,interpolado
0.3128357671534307,0.00015125183486106258,interpolado
0.3129355871174234,0.00017844987833249312,interpolado
0.313,0.000137,original
0.313135227045409,-9.636265162191552e-05,interpolado
0.31323504700940186,-0.0003715416975484031,interpolado
0.31333486697339463,-0.0007089155233940778,interpolado
0.3134346869373874,-0.0010859303478603203,interpolado
0.3135345069013803,-0.0014800323896490685,interpolado
0.31363432686537307,-0.0018686678674622976,interpolado
0.31373414682936585,-0.002229283000001331,interpolado
0.3138339667933587,-0.0025393240059683082,interpolado
0.31393378675735145,-0.0027762371040646393,interpolado
0.314,-0.002882,original
0.31413342668533706,-0.0029507002458392145,interpolado
0.3142332466493299,-0.0028773525479214006,interpolado
0.31433306661332266,-0.0027007508123835836,interpolado
0.31443288657731544,-0.0024240568743310823,interpolado
0.3145327065413082,-0.002050432568868949,interpolado
0.31463252650530105,-0.0015830397311020206,interpolado
0.31473234646929377,-0.0010250401961359392,interpolado
0.3148321664332866,-0.00037959579907521175,interpolado
0.3149319863972794,0.00035013162497432235,interpolado
0.315,0.000894,original
0.31513162632526504,0.0020409599918486863,interpolado
0.31523144628925787,0.002965398748403658,interpolado
0.31533126625325064,0.003907908173649353,interpolado
0.3154310862172434,0.004842224493050667,interpolado
0.31553090618123625,0.0057420839320709415,interpolado
0.31563072614522897,0.0065812227161755246,interpolado
0.31573054610922185,0.007333377070827865,interpolado
0.31583036607321463,0.00797228322149283,interpolado
0.31593018603720746,0.00847167739363504,interpolado
0.316,0.008724,original
0.3161298259651931,0.008962426038459096,interpolado
0.3162296459291859,0.008956221765442937,interpolado
0.3163294658931787,0.008803022997233257,interpolado
0.31642928585717145,0.00851897773469015,interpolado
0.3165291058211642,0.008120233978674226,interpolado
0.3166289257851571,0.007622939730045347,interpolado
0.31672874574914983,0.007043242989664355,interpolado
0.3168285657131426,0.006397291758391283,interpolado
0.31692838567713544,0.00570123403708602,interpolado
0.317,0.00518,original
0.31712802560512104,0.004225091706900537,interpolado
0.31722784556911376,0.0034834877353737996,interpolado
0.31732766553310654,0.002767408359671725,interpolado
0.31742748549709937,0.0020978378423971997,interpolado
0.31752730546109215,0.001495760446154226,interpolado
0.31762712542508503,0.0009821604335454046,interpolado
0.31772694538907775,0.0005780220671745605,interpolado
0.31782676535307053,0.0003043296096446283,interpolado
0.31792658531706336,0.0001820673235588318,interpolado
0.318,0.000201,original
0.31812622524504897,0.00045762275169541775,interpolado
0.3182260452090418,0.000829480632848275,interpolado
0.3183258651730345,0.0013147615623561731,interpolado
0.3184256851370274,0.0018806001191257501,interpolado
0.3185255051010202,0.0024941308820626684,interpolado
0.3186253250650129,0.0031224884300738755,interpolado
0.3187251450290058,0.003732807342064968,interpolado
0.31882496499299856,0.004292222196942598,interpolado
0.3189247849569914,0.004767867573613306,interpolado
0.319,0.005051,original
0.31912442488497705,0.005350658116984911,interpolado
0.31922424484896983,0.005447067317843478,interpolado
0.3193240648129626,0.005427558791413132,interpolado
0.31942388477695544,0.00530347532731482,interpolado
0.3195237047409482,0.005086159715169725,interpolado
0.3196235247049411,0.004786954744598665,interpolado
0.3197233446689338,0.004417203205223016,interpolado
0.3198231646329266,0.003988247886663678,interpolado
0.3199229845969194,0.0035114315785414172,interpolado
0.32,0.003118,original
0.3201226245249051,0.0024613161558151527,interpolado
0.3202224444888978,0.001917565781463357,interpolado
0.3203222644528905,0.0013837957247676577,interpolado
0.32042208441688336,0.0008769446424518347,interpolado
0.32052190438087613,0.00041395119124050886,interpolado
0.320621724344869,1.175402785723572e-05,interpolado
0.32072154430886174,-0.0003127081909734779,interpolado
0.32082136427285446,-0.0005424968085278256,interpolado
0.32092118423684735,-0.0006606731680817872,interpolado
0.321,-0.000664,original
0.32112082416483284,-0.0005068709873486814,interpolado
0.3212206441288257,-0.00025188014893222436,interpolado
0.3213204640928185,8.94706572268954e-05,interpolado
0.32142028405681144,0.0004920435224317132,interpolado
0.3215201040208041,0.000930700537984458,interpolado
0.3216199239847969,0.001380303795188027,interpolado
0.32171974394878977,0.0018157153853453408,interpolado
0.32181956391278255,0.0022117973997585914,interpolado
0.32191938387677543,0.0025434119297308763,interpolado
0.322,0.002747,original
0.322119023804761,0.002923524588312251,interpolado
0.32221884376875376,0.002967437045472751,interpolado
0.3223186637327466,0.002930422514860125,interpolado
0.32241848369673937,0.0028256995535879963,interpolado
0.32251830366073214,0.00266648671877014,interpolado
0.32261812362472486,0.0024660025675201634,interpolado
0.3227179435887177,0.0022374656569515874,interpolado
0.3228177635527104,0.00199409454417832,interpolado
0.3229175835167033,0.0017491077863137586,interpolado
0.323,0.001555,original
0.3231172234446888,0.0013037550091844028,interpolado
0.3232170434086817,0.0011150164239148463,interpolado
0.3233168633726745,0.0009500951282094086,interpolado
0.32341668333666734,0.0008095892131853165,interpolado
0.3235165033006601,0.0006940967699601373,interpolado
0.32361632326465284,0.0006042158896511962,interpolado
0.3237161432286457,0.0005405446633758756,interpolado
0.32381596319263856,0.0005036811822516567,interpolado
0.32391578315663144,0.0004942235373959095,interpolado
0.324,0.000508,original
0.32411542308461694,0.0005575990108424694,interpolado
0.3242152430486098,0.0006212271234866933,interpolado
0.3243150630126025,0.0006952464306966916,interpolado
0.3244148829765953,0.0007712549342962872,interpolado
0.3245147029405881,0.0008408506361091429,interpolado
0.32461452290458087,0.0008956315379590516,interpolado
0.32471434286857376,0.0009271956416697746,interpolado
0.3248141628325665,0.0009271409490650231,interpolado
0.32491398279655936,0.0008870654619685383,interpolado
0.325,0.000814,original
0.32511362272454486,0.000657481051903696,interpolado
0.3252134426885377,0.00047078094428126995,interpolado
0.3253132626525305,0.0002473093988426284,interpolado
0.32541308261652324,-4.098640376145591e-06,interpolado
0.3255129025805161,-0.0002746082293384475,interpolado
0.3256127225445089,-0.0005553844240080893,interpolado
0.32571254250850173,-0.0008375922803489056,interpolado
0.32581236247249445,-0.0011123968543242586,interpolado
0.32591218243648734,-0.0013709632018981213,interpolado
0.326,-0.001578,original
0.3261118223644728,-0.0018083766416933853,interpolado
0.3262116423284658,-0.0019902755526608608,interpolado
0.32631146229245855,-0.0021598258662913336,interpolado
0.3264112822564514,-0.0023266949761666356,interpolado
0.32651110222044416,-0.00250055027586822,interpolado
0.3266109221844369,-0.0026910591589778122,interpolado
0.32671074214842977,-0.0029078890190771746,interpolado
0.3268105621124225,-0.003160707249747704,interpolado
0.3269103820764153,-0.003459181244571146,interpolado
0.327,-0.003774,original
0.32711002200440087,-0.004220808914506327,interpolado
0.3272098419683937,-0.004649190072067691,interpolado
0.3273096619323865,-0.005058682519206095,interpolado
0.32740948189637925,-0.005409855641493711,interpolado
0.32750930186037197,-0.0056632788245025815,interpolado
0.32760912182436486,-0.005779521453804348,interpolado
0.3277089417883576,-0.005719152914971026,interpolado
0.32780876175235046,-0.005442742593574606,interpolado
0.32790858171634324,-0.004910859875187038,interpolado
0.328,-0.004166,original
0.3281082216443288,-0.002950044710716589,interpolado
0.3282080416083216,-0.0015805203277135648,interpolado
0.3283078615723144,-6.362964101470259e-05,interpolado
0.32840768153630717,0.0015125113802006926,interpolado
0.3285075015003,0.003059786766753442,interpolado
0.3286073214642928,0.004490080549461779,interpolado
0.3287071414282856,0.005715276759147175,interpolado
0.32880696139227844,0.0066472594266282145,interpolado
0.32890678135627116,0.007197912582725638,interpolado
0.329,0.00729,original
0.32910642128425677,0.006838070882639292,interpolado
0.32920624124824965,0.005937697890180203,interpolado
0.32930606121224243,0.004664695903305138,interpolado
0.32940588117623515,0.0031057511181585896,interpolado
0.32950570114022804,0.0013475497308844129,interpolado
0.3296055211042208,-0.0005232220623705305,interpolado
0.3297053410682137,-0.0024198780654633434,interpolado
0.3298051610322064,-0.004255732082247013,interpolado
0.32990498099619925,-0.005944097916577716,interpolado
0.33,-0.007335,original
0.3301046209241848,-0.008553680619990317,interpolado
0.33020444088817763,-0.0094220159299051,interpolado
0.3303042608521704,-0.010031574888706242,interpolado
0.33040408081616324,-0.010410634951270733,interpolado
0.330503900780156,-0.010587473572475048,interpolado
0.3306037207441488,-0.010590368207195435,interpolado
0.3307035407081417,-0.01044759631030836,interpolado
0.33080336067213445,-0.010187435336690425,interpolado
0.3309031806361272,-0.009838162741218013,interpolado
0.331,-0.009441,original
0.33110282056411283,-0.008981645237373449,interpolado
0.33120264052810566,-0.008509764855326226,interpolado
0.33130246049209844,-0.008020120116932039,interpolado
0.3314022804560912,-0.007520416399628528,interpolado
0.33150210042008404,-0.0070183590808533015,interpolado
0.3316019203840768,-0.006521653538044811,interpolado
0.33170174034806965,-0.006038005148640404,interpolado
0.3318015603120625,-0.005575119290078513,interpolado
0.33190138027605526,-0.005140701339796755,interpolado
0.332,-0.004747,original
0.3321010202040409,-0.004385463468311401,interpolado
0.3322008401680338,-0.004064663420004004,interpolado
0.3323006601320266,-0.003772553878973119,interpolado
0.33240048009601936,-0.003501632198286994,interpolado
0.3325003000600122,-0.0032443957310139293,interpolado
0.33260012002400496,-0.002993341830222646,interpolado
0.3326999399879977,-0.0027409678489814368,interpolado
0.3327997599519906,-0.002479771140358593,interpolado
0.33289957991598335,-0.0022022490574228407,interpolado
0.333,-0.001899,original
0.3330992198439689,-0.0015721501062009415,interpolado
0.33319903980796167,-0.001228445741538532,interpolado
0.3332988597719545,-0.0008863054302269326,interpolado
0.3333986797359472,-0.0005622487441085856,interpolado
0.33349849969994005,-0.00027279525502520635,interpolado
0.3335983196639327,-3.4464534819179205e-05,interpolado
0.3336981396279256,0.00013622384466761194,interpolado
0.3337979595919184,0.00022275031159313364,interpolado
0.33389777955591116,0.00020859529411522686,interpolado
0.334,7.25e-05,original
0.33409741948389676,-0.00017845387464007602,interpolado
0.33419723944788954,-0.0005252765854827713,interpolado
0.3342970594118824,-0.0009191816604596534,interpolado
0.33439687937587514,-0.0013161217075064878,interpolado
0.334496699339868,-0.0016720493345598853,interpolado
0.33459651930386075,-0.0019429171495556519,interpolado
0.3346963392678536,-0.0020846777604302245,interpolado
0.33479615923184647,-0.0020532837751197517,interpolado
0.33489597919583924,-0.00180468780156047,interpolado
0.335,-0.001267,original
0.33509561912382485,-0.0004935750124773569,interpolado
0.3351954390878176,0.000566311895410114,interpolado
0.33529525905181046,0.0018341575681752546,interpolado
0.33539507901580323,0.0032593001215018755,interpolado
0.335494898979796,0.004791077671076736,interpolado
0.33559471894378884,0.006378828332583353,interpolado
0.3356945389077816,0.007971890221707792,interpolado
0.33579435887177445,0.009519601454136127,interpolado
0.33589417883576717,0.010971300145551852,interpolado
0.336,0.012349,original
0.33609381876375277,0.013389042710572797,interpolado
0.33619363872774555,0.01428793092464515,interpolado
0.33629345869173843,0.014958678154625893,interpolado
0.3363932786557312,0.015386974817847498,interpolado
0.336493098619724,0.015558511331643638,interpolado
0.3365929185837169,0.015458978113347349,interpolado
0.33669273854770965,0.015074065580292012,interpolado
0.3367925585117024,0.014389464149810386,interpolado
0.3368923784756953,0.01339086423923645,interpolado
0.337,0.011946,original
0.3370920184036809,0.010407702552504545,interpolado
0.33719183836767364,0.00848823625048464,interpolado
0.33729165833166647,0.006392890926047118,interpolado
0.33739147829565924,0.004209008233632127,interpolado
0.3374912982596521,0.002023929827675134,interpolado
0.33759111822364474,-7.500263738362145e-05,interpolado
0.33769093818763757,-0.0020004475071075797,interpolado
0.33779075815163034,-0.003665063127059789,interpolado
0.3378905781156232,-0.004981507842800587,interpolado
0.338,-0.005921,original
0.3380902180436087,-0.00624004283338919,interpolado
0.33819003800760156,-0.006150886114047895,interpolado
0.3382898579715943,-0.005666280868703214,interpolado
0.3383896779355871,-0.0048575616629003135,interpolado
0.33848949789957994,-0.0037960630621836273,interpolado
0.3385893178635727,-0.002553119632097025,interpolado
0.33868913782756555,-0.0012000659381865173,interpolado
0.3387889577915583,0.00019176345400470965,interpolado
0.33888877775555115,0.001551033978930487,interpolado
0.339,0.00294,original
0.33908841768353676,0.003895171993676694,interpolado
0.3391882376475296,0.004803246011466589,interpolado
0.33928805761152236,0.0055336301745985755,interpolado
0.33938787757551514,0.006089340002668173,interpolado
0.3394876975395079,0.006473391015272165,interpolado
0.3395875175035007,0.006688798732006953,interpolado
0.3396873374674935,0.006738578672468627,interpolado
0.3397871574314863,0.006625746356253574,interpolado
0.33988697739547913,0.006353317302958252,interpolado
0.34,0.005856,original
0.3400866173234648,0.005345287692636906,interpolado
0.3401864372874575,0.0046440717674047245,interpolado
0.34028625725145034,0.0038563230530696577,interpolado
0.3403860772154432,0.003017717941467834,interpolado
0.340485897179436,0.0021639328244340765,interpolado
0.3405857171434288,0.0013306440938031742,interpolado
0.3406855371074216,0.0005535281414113095,interpolado
0.3407853570714145,-0.00013173864090709932,interpolado
0.3408851770354072,-0.0006894798613160351,interpolado
0.341,-0.001127,original
0.3410848169633928,-0.0012863392770226902,interpolado
0.3411846369273856,-0.0013094822272323365,interpolado
0.34128445689137843,-0.001182864448839597,interpolado
0.34138427685537115,-0.0009359392682360463,interpolado
0.3414840968193638,-0.0005981600118130742,interpolado
0.34158391678335676,-0.00019898000596186866,interpolado
0.3416837367473495,0.00023214742292569375,interpolado
0.34178355671134225,0.0006657689484586348,interpolado
0.3418833766753351,0.0010724312442450387,interpolado
0.342,0.001474,original
0.3420830166033207,0.0016907088455606768,interpolado
0.3421828365673134,0.0018750584855835727,interpolado
0.3422826565313063,0.0019842554521954337,interpolado
0.34238247649529907,0.002026855512099409,interpolado
0.3424822964592918,0.002011414431998844,interpolado
0.3425821164232846,0.0019464879785969559,interpolado
0.3426819363872775,0.0018406319185970865,interpolado
0.34278175635127034,0.001702402018702394,interpolado
0.34288157631526306,0.0015403540456163012,interpolado
0.343,0.001329,original
0.3430812162432487,0.0011788014366110764,interpolado
0.3431810362072415,0.0009943616927404685,interpolado
0.3432808561712343,0.0008157708895394952,interpolado
0.3433806761352271,0.0006490726716972806,interpolado
0.3434804960992199,0.0005003106839026454,interpolado
0.3435803160632127,0.0003755285708444509,interpolado
0.34368013602720554,0.0002807699772117611,interpolado
0.34377995599119826,0.00022207854769342169,interpolado
0.3438797759551911,0.0002054979269783591,interpolado
0.344,0.00025,original
0.3440794158831766,0.00032097677975931115,interpolado
0.3441792358471695,0.000447395071876337,interpolado
0.34427905581116214,0.0006001583492477518,interpolado
0.3443788757751551,0.0007630666619755409,interpolado
0.3444786957391478,0.0009199200601614105,interpolado
0.3445785157031407,0.0010545185939074102,interpolado
0.34467833566713346,0.0011506623133152782,interpolado
0.34477815563112624,0.0011921512684869907,interpolado
0.34487797559511907,0.0011627855095244046,interpolado
0.345,0.001007,original
0.34507761552310473,0.0008297668419007148,interpolado
0.34517743548709745,0.0005243203100002325,interpolado
0.3452772554510902,0.00015302304809858126,interpolado
0.34537707541508306,-0.00026105534682656763,interpolado
0.3454768953790759,-0.0006948452777968352,interpolado
0.3455767153430686,-0.0011252771478347686,interpolado
0.34567653530706144,-0.0015292813599619708,interpolado
0.3457763552710542,-0.0018837883172007743,interpolado
0.345876175235047,-0.0021657284225734042,interpolado
0.346,-0.00238,original
0.3460758151630326,-0.002423020172594871,interpolado
0.3461756351270254,-0.0023876045580516754,interpolado
0.34627545509101815,-0.0022690378185679064,interpolado
0.34637527505501103,-0.0020906801559170698,interpolado
0.34647509501900375,-0.0018758917718729904,interpolado
0.3465749149829966,-0.001648032868209076,interpolado
0.34667473494698936,-0.0014304636466992064,interpolado
0.3467745549109822,-0.0012465443091168738,interpolado
0.346874374874975,-0.0011196350572356447,interpolado
0.347,-0.001077,original
0.3470740148029606,-0.001127938915543216,interpolado
0.34717383476695335,-0.001284141224620932,interpolado
0.34727365473094607,-0.0015305946488441981,interpolado
0.347373474694939,-0.0018560912783097485,interpolado
0.3474732946589318,-0.002249423203113751,interpolado
0.3475731146229246,-0.0026993825133531644,interpolado
0.3476729345869174,-0.003194761299124017,interpolado
0.3477727545509101,-0.0037243516505230793,interpolado
0.347872574514903,-0.004276945657647197,interpolado
0.348,-0.004998,original
0.34807221444288855,-0.00540456865156208,interpolado
0.3481720344068813,-0.0059370870906597815,interpolado
0.34827185437087416,-0.006400138583634885,interpolado
0.34837167433486693,-0.0067548735436602555,interpolado
0.3484714942988597,-0.006962442383908194,interpolado
0.34857131426285254,-0.00698399551755159,interpolado
0.3486711342268453,-0.006780683357763113,interpolado
0.34877095419083814,-0.0063136563177155405,interpolado
0.34887077415483103,-0.0055440648105810585,interpolado
0.349,-0.004035,original
0.3490704140828166,-0.0029507664409937377,interpolado
0.34917023404680936,-0.0011582494662531091,interpolado
0.3492700540108021,0.0008305592098022854,interpolado
0.34936987397479496,0.0029010733509371163,interpolado
0.34946969393878774,0.004938706720912556,interpolado
0.34956951390278057,0.006828873083493259,interpolado
0.34966933386677346,0.008456986202443555,interpolado
0.3497691538307661,0.0097084598415251,interpolado
0.34986897379475895,0.010468707764502674,interpolado
0.35,0.010529,original
0.3500686137227445,0.010071378072708439,interpolado
0.3501684336867373,0.008866243387178237,interpolado
0.35026825365073017,0.007154090805024462,interpolado
0.35036807361472294,0.005082607046598649,interpolado
0.3504678935787158,0.0027994788322564398,interpolado
0.3505677135427085,0.00045239288235004126,interpolado
0.35066753350670127,-0.0018109640827684821,interpolado
0.3507673534706941,-0.0038429053427432875,interpolado
0.3508671734346869,-0.00549574417722318,interpolado
0.351,-0.006853,original
0.3510668133626724,-0.007086827160539882,interpolado
0.35116663332666526,-0.006911575626587566,interpolado
0.35126645329065803,-0.006216033038153893,interpolado
0.3513662732546509,-0.005121815877719636,interpolado
0.3514660932186437,-0.003750540627767474,interpolado
0.35156591318263647,-0.002223823770778304,interpolado
0.35166573314662936,-0.000663281789232678,interpolado
0.3517655531106221,0.0008094688343862126,interpolado
0.35186537307461496,0.0020728116175984506,interpolado
0.352,0.00323,original
0.35206501300260046,0.0034939108473769635,interpolado
0.3521648329665933,0.0035385897168382515,interpolado
0.35226465293058606,0.00321384692290958,interpolado
0.35236447289457884,0.002595759674085704,interpolado
0.3524642928585717,0.0017604051788623685,interpolado
0.3525641128225644,0.0007838606457343261,interpolado
0.35266393278655733,-0.0002577967168039804,interpolado
0.35276375275055005,-0.0012884897002563337,interpolado
0.35286357271454294,-0.0022321410961287664,interpolado
0.353,-0.003243,original
0.3530632126425285,-0.00355872055288856,interpolado
0.3531630326065213,-0.0038608820939595354,interpolado
0.3532628525705141,-0.003953451300411005,interpolado
0.353362672534507,-0.003871635976488791,interpolado
0.35346249249849976,-0.0036506439264386704,interpolado
0.3535623124624926,-0.00332568295450632,interpolado
0.3536621324264853,-0.0029319608649371813,interpolado
0.3537619523904782,-0.002504685461977383,interpolado
0.353861772354471,-0.0020790645498721667,interpolado
0.354,-0.001558,original
0.3540614122824566,-0.0013714905895548823,interpolado
0.35416123224644935,-0.0011257191072969867,interpolado
0.35426105221044213,-0.0009339209266494997,interpolado
0.3543608721744349,-0.0007765052281514136,interpolado
0.3544606921384277,-0.0006338811923421215,interpolado
0.35456051210242046,-0.0004864579997607564,interpolado
0.35466033206641323,-0.0003146448309464403,interpolado
0.354760152030406,-9.885086643858282e-05,interpolado
0.35485997199439884,0.0001805147132238513,interpolado
0.355,0.000717,original
0.3550596119223844,0.0010069948527141358,interpolado
0.3551594318863772,0.0015705221736203362,interpolado
0.35525925185037,0.002216179920386741,interpolado
0.35535907181436277,0.002926115463162795,interpolado
0.35545889177835566,0.0036824761720980867,interpolado
0.3555587117423485,0.004467409417340925,interpolado
0.35565853170634126,0.005263062569041317,interpolado
0.35575835167033415,0.006051582997347533,interpolado
0.35585817163432687,0.006815118072409166,interpolado
0.356,0.007822,original
0.3560578115623125,0.008196014280033801,interpolado
0.3561576315263053,0.00878118990638133,interpolado
0.3562574514902981,0.009279365247143841,interpolado
0.3563572714542908,0.009678637416055345,interpolado
0.35645709141828363,0.009967103526849626,interpolado
0.3565569113822764,0.010132860693260016,interpolado
0.3566567313462693,0.010164006029020341,interpolado
0.356756551310262,0.010048636647864215,interpolado
0.3568563712742547,0.009774849663525353,interpolado
0.357,0.009079,original
0.35705601120224034,0.008705998527368482,interpolado
0.35715583116623323,0.007918133784491214,interpolado
0.35725565113022595,0.007008387901423972,interpolado
0.3573554710942188,0.00601876024609872,interpolado
0.35745529105821156,0.004991250186447248,interpolado
0.3575551110222043,0.00396785709040308,interpolado
0.3576549309861972,0.0029905803258974966,interpolado
0.35775475095019,0.0021014192608639604,interpolado
0.3578545709141827,0.0013423732632342783,interpolado
0.358,0.000556,original
0.35805421084216843,0.000380495226130456,interpolado
0.3581540308061612,0.00021708988711548012,interpolado
0.358253850770154,0.000228755230867568,interpolado
0.35835367073414676,0.00037775311060878774,interpolado
0.3584534906981396,0.0006263453795615085,interpolado
0.3585533106621324,0.0009367938909476502,interpolado
0.35865313062612525,0.0012713604979897259,interpolado
0.358752950590118,0.0015923070539095561,interpolado
0.3588527705541108,0.0018618954119295392,interpolado
0.359,0.002086,original
0.3590524104820964,0.0020981343118367355,interpolado
0.3591522304460892,0.0020363291687070756,interpolado
0.35925205041008196,0.001904296376924317,interpolado
0.35935187037407484,0.0017509068370727895,interpolado
0.35945169033806756,0.0016250314497367664,interpolado
0.35955151030206045,0.0015755411155007441,interpolado
0.3596513302660533,0.001651306734949057,interpolado
0.35975115023004595,0.0019011992086659752,interpolado
0.3598509701940388,0.0023740894372358333,interpolado
0.36,0.003601,original
0.3600506101220244,0.004181063348768822,interpolado
0.3601504300860172,0.005533233794214124,interpolado
0.36025025005001,0.007076095905370427,interpolado
0.3603500700140028,0.008707367582759213,interpolado
0.36044988997799565,0.010324766726902157,interpolado
0.36054970994198837,0.01182601123831822,interpolado
0.3606495299059812,0.01310881901752912,interpolado
0.36074934986997403,0.014070907965056077,interpolado
0.36084916983396675,0.014609995981418782,interpolado
0.3609489897979596,0.014623800967138516,interpolado
0.361,0.014395,original
0.36114862972594514,0.012796640576152983,interpolado
0.36124844968993797,0.011098878103662606,interpolado
0.36134826965393074,0.009055740766388615,interpolado
0.36144808961792363,0.006801604472356764,interpolado
0.3615479095819164,0.004470845129597476,interpolado
0.3616477295459091,0.002197838646137396,interpolado
0.361747549509902,0.00011696093000331345,interpolado
0.36184736947389473,-0.001637412110774548,interpolado
0.3619471894378875,-0.0029309045681701167,interpolado
0.362,-0.003383,original
0.3621468293658732,-0.0037289134314708785,interpolado
0.362246649329866,-0.0033241144981275106,interpolado
0.3623464692938588,-0.0025319571393503447,interpolado
0.36244628925785155,-0.0014653500125934166,interpolado
0.3625461092218443,-0.00023720177531275015,interpolado
0.3626459291858371,0.0010395789150373952,interpolado
0.3627457491498298,0.002252083401002869,interpolado
0.36284556911382276,0.0032874030251274933,interpolado
0.3629453890778155,0.004032629129957489,interpolado
0.363,0.004277,original
0.3631450290058011,0.004302563851963089,interpolado
0.36324484896979403,0.003886590671761926,interpolado
0.3633446689337867,0.0032154621606808875,interpolado
0.3634444888977797,0.0023746355405936167,interpolado
0.36354430886177236,0.0014495680333753546,interpolado
0.36364412882576513,0.0005257168608999532,interpolado
0.363743948789758,-0.0003114607549587399,interpolado
0.36384376875375074,-0.0009765075923254781,interpolado
0.36394358871774357,-0.0013839664293266237,interpolado
0.364,-0.001468,original
0.3641432286457291,-0.0011662605120547368,interpolado
0.364243048609722,-0.0006067781869058414,interpolado
0.36434286857371484,0.0001467611441911099,interpolado
0.36444268853770756,0.0010133335664236176,interpolado
0.3645425085017003,0.0019119151649774494,interpolado
0.36464232846569306,0.0027614820250398244,interpolado
0.3647421484296859,0.0034810102317978575,interpolado
0.36484196839367866,0.003989475870437475,interpolado
0.3649417883576715,0.0042058550261459115,interpolado
0.365,0.004165,original
0.3651414282856571,0.0035189788421729562,interpolado
0.36524124824964993,0.0026928872007746857,interpolado
0.3653410682136427,0.0016621664984101958,interpolado
0.36544088817763554,0.0005160788795749376,interpolado
0.3655407081416282,-0.0006561135112332915,interpolado
0.36564052810562103,-0.0017651485295186197,interpolado
0.3657403480696139,-0.0027217640307850375,interpolado
0.36584016803360664,-0.003436697870534952,interpolado
0.3659399879975995,-0.003820687904272567,interpolado
0.366,-0.003855,original
0.366139627925585,-0.0033252883687598577,interpolado
0.36623944788957785,-0.00253062254332788,interpolado
0.3663392678535706,-0.001502845865842963,interpolado
0.3664390878175635,-0.0003423251679490644,interpolado
0.36653890778155623,0.0008505727187101517,interpolado
0.36663872774554906,0.001975480962488996,interpolado
0.3667385477095419,0.0029320327317442804,interpolado
0.3668383676735346,0.0036198611948305833,interpolado
0.36693818763752745,0.003938599520104171,interpolado
0.367,0.003907,original
0.367137827565513,0.0031548573977550646,interpolado
0.3672376475295059,0.0021252410633009465,interpolado
0.3673374674934987,0.0007999794358312114,interpolado
0.3674372874574914,-0.0007218152140131193,interpolado
0.36753710742148415,-0.002341030615591466,interpolado
0.367636927385477,-0.003958554498260498,interpolado
0.3677367473494698,-0.0054752745913804034,interpolado
0.36783656731346265,-0.006792078624307964,interpolado
0.36793638727745537,-0.007809854326402567,interpolado
0.368,-0.008257,original
0.3681360272054411,-0.008621301617126539,interpolado
0.3682358471694339,-0.008439766258650578,interpolado
0.3683356671334267,-0.00795169682170382,interpolado
0.3684354870974194,-0.007222597425915436,interpolado
0.3685353070614123,-0.006317972190914056,interpolado
0.3686351270254051,-0.005303325236329882,interpolado
0.3687349469893979,-0.004244160681791037,interpolado
0.3688347669533906,-0.003205982646927894,interpolado
0.3689345869173835,-0.0022542952513690453,interpolado
0.369,-0.001709,original
0.369134226845369,-0.0008404978209791241,interpolado
0.3692340468093619,-0.00040404514600338946,interpolado
0.36933386677335467,-0.0001314656466017369,interpolado
0.36943368673734744,-9.517855068567205e-06,interpolado
0.3695335067013403,-2.496030369861452e-05,interpolado
0.36963332666533305,-0.00016455152478654628,interpolado
0.36973314662932577,-0.00041505005062719187,interpolado
0.36983296659331855,-0.000763214413514957,interpolado
0.3699327865573113,-0.0011958031457446415,interpolado
0.37,-0.001528,original
0.37013242648529704,-0.002256512754899644,interpolado
0.3702322464492898,-0.0028419433356398445,interpolado
0.3703320664132827,-0.0034302833174681743,interpolado
0.3704318863772754,-0.003996020776505073,interpolado
0.37053170634126825,-0.004513643788870938,interpolado
0.370631526305261,-0.004957640430685303,interpolado
0.37073134626925386,-0.005302498778068756,interpolado
0.37083116623324675,-0.005522706907141028,interpolado
0.3709309861972394,-0.00559275289402246,interpolado
0.371,-0.00554,original
0.371130626125225,-0.005205981076101961,interpolado
0.37123044608921785,-0.00478774365825128,interpolado
0.37133026605321073,-0.004275967101889273,interpolado
0.3714300860172035,-0.003713869239125608,interpolado
0.37152990598119623,-0.0031446679020698492,interpolado
0.37162972594518895,-0.0026115809228325192,interpolado
0.3717295459091819,-0.0021578261335229525,interpolado
0.37182936587317456,-0.0018266213662515435,interpolado
0.37192918583716733,-0.0016611844531278866,interpolado
0.372,-0.001668,original
0.372128825765153,-0.0019649560948709574,interpolado
0.37222864572914566,-0.0023930179998897646,interpolado
0.3723284656931386,-0.0029325605189895135,interpolado
0.3724282856571313,-0.0035276307706444596,interpolado
0.3725281056211242,-0.004122275873330077,interpolado
0.3726279255851169,-0.004660542945520559,interpolado
0.37272774554910976,-0.005086479105691125,interpolado
0.3728275655131026,-0.005344131472316738,interpolado
0.37292738547709536,-0.00537754716387197,interpolado
0.373,-0.005229,original
0.37312702540508097,-0.00459111024086527,interpolado
0.3732268453690738,-0.0038191863642936846,interpolado
0.3733266653330666,-0.002885409863414082,interpolado
0.37342648529705935,-0.001859764005604291,interpolado
0.3735263052610522,-0.000812232058240012,interpolado
0.3736261252250449,0.0001872027113008029,interpolado
0.37372594518903773,0.0010685570356419823,interpolado
0.37382576515303056,0.0017618476474070884,interpolado
0.37392558511702334,0.002197091279218562,interpolado
0.374,0.002312,original
0.374125225045009,0.0020637014059306084,interpolado
0.37422504500900183,0.0015460550748095248,interpolado
0.37432486497299466,0.0008343495584872226,interpolado
0.3744246849369874,1.114959960149943e-05,interpolado
0.37452450490098016,-0.0008409800592114932,interpolado
0.374624324864973,-0.0016394746753137972,interpolado
0.37472414482896577,-0.0023017695060689185,interpolado
0.37482396479295865,-0.002745299808840056,interpolado
0.3749237847569513,-0.0028875008409897105,interpolado
0.375,-0.002742,original
0.37512342468493703,-0.0019918396173333364,interpolado
0.37522324464892975,-0.001001110848384848,interpolado
0.3753230646129227,0.00023658953490848051,interpolado
0.3754228845769153,0.0016318516364854005,interpolado
0.3755227045409082,0.003095265560287523,interpolado
0.37562252450490097,0.004537421410253342,interpolado
0.3757223444688937,0.005868909290323829,interpolado
0.3758221644328865,0.007000319304439701,interpolado
0.37592198439687924,0.007842241556539828,interpolado
0.376,0.008241,original
0.37612162432486496,0.008346704204253104,interpolado
0.37622144428885773,0.008018979711728491,interpolado
0.3763212642528505,0.007387924397943606,interpolado
0.3764210842168433,0.006519100784158472,interpolado
0.3765209041808361,0.005478071391631488,interpolado
0.37662072414482894,0.004330398741623132,interpolado
0.3767205441088217,0.0031416453553921517,interpolado
0.37682036407281444,0.001977373754197212,interpolado
0.3769201840368073,0.0009031464592989208,interpolado
0.377,0.000153,original
0.37711982396479293,-0.0007366704607676714,interpolado
0.37721964392878565,-0.001269897393947362,interpolado
0.37731946389277854,-0.0016320692878405258,interpolado
0.37741928385677137,-0.0018399901391029491,interpolado
0.37751910382076415,-0.0019104639443910624,interpolado
0.3776189237847569,-0.0018602947003609747,interpolado
0.3777187437487496,-0.0017062864036689425,interpolado
0.3778185637127426,-0.001465243050970992,interpolado
0.3779183836767353,-0.0011539686389235764,interpolado
0.378,-0.000859,original
0.37811802360472085,-0.00038764025768688406,interpolado
0.37821784356871374,3.510232836805376e-05,interpolado
0.3783176635327065,0.00046325526961513066,interpolado
0.37841748349669935,0.0008811121322544901,interpolado
0.37851730346069207,0.001272966482486995,interpolado
0.378617123424685,0.0016231118865134512,interpolado
0.37871694338867773,0.001915841910534088,interpolado
0.37881676335267056,0.0021354501207498373,interpolado
0.3789165833166634,0.0022662300833610734,interpolado
0.379,0.002296,original
0.379116223244649,0.002212722663049041,interpolado
0.3792160432086418,0.002060020829613123,interpolado
0.37931586317263466,0.001872844937820959,interpolado
0.3794156831366274,0.0016896300189645197,interpolado
0.3795155031006201,0.0015488111043354554,interpolado
0.37961532306461293,0.0014888232252255069,interpolado
0.3797151430286058,0.0015481014129265047,interpolado
0.3798149629925985,0.0017650806987303076,interpolado
0.3799147829565913,0.002178196113928438,interpolado
0.38,0.002715,original
0.380114422884577,0.003717983039283926,interpolado
0.38021424284856964,0.004791023735032497,interpolado
0.3803140628125625,0.005969482481587585,interpolado
0.3804138827765553,0.007177896416986564,interpolado
0.380513702740548,0.008340802679268771,interpolado
0.38061352270454085,0.009382738406473457,interpolado
0.38071334266853374,0.010228240736638142,interpolado
0.3808131626325265,0.010801846807802388,interpolado
0.3809129825965193,0.011028093758004235,interpolado
0.381,0.010883,original
0.3811126225245049,0.010176952180734888,interpolado
0.3812124424884977,0.009138497884012322,interpolado
0.3813122624524905,0.007809081920047265,interpolado
0.3814120824164833,0.006281571183830186,interpolado
0.381511902380476,0.004648832570349362,interpolado
0.38161172234446883,0.00300373297459284,interpolado
0.3817115423084616,0.0014391392915514348,interpolado
0.38181136227245444,4.791841621246476e-05,interpolado
0.38191118223644727,-0.001077062756433534,interpolado
0.382,-0.001779,original
0.3821108221644329,-0.0021945743752339658,interpolado
0.3822106421284256,-0.002185025256829207,interpolado
0.3823104620924186,-0.0018869146695422872,interpolado
0.38241028205641137,-0.0013728303822680258,interpolado
0.38251010202040414,-0.0007153601639007814,interpolado
0.38260992198439703,1.2908216665400823e-05,interpolado
0.3827097419483898,0.0007393869905352255,interpolado
0.3828095619123827,0.0013914883888149609,interpolado
0.38290938187637547,0.001896624642609394,interpolado
0.383,0.002167,original
0.3831090218043611,0.002203261660347932,interpolado
0.38320884176835396,0.001998450945242495,interpolado
0.3833086617323467,0.0016223632945735788,interpolado
0.3834084816963395,0.0011295695629762396,interpolado
0.3835083016603323,0.0005746406050863983,interpolado
0.38360812162432495,1.2147275538852372e-05,interpolado
0.38370794158831784,-0.0005033395710303964,interpolado
0.3838077615523106,-0.0009172490799863127,interpolado
0.38390758151630344,-0.0011750103966936384,interpolado
0.384,-0.001227,original
0.38410722144428894,-0.0010273990725328567,interpolado
0.38420704140828177,-0.0006355714434983944,interpolado
0.38430686137227443,-0.00010623158593580796,interpolado
0.38440668133626726,0.0005009664545503192,interpolado
0.38450650130026004,0.001126368632354359,interpolado
0.3846063212642528,0.0017103209018720033,interpolado
0.3847061412282456,0.0021931692174976467,interpolado
0.3848059611922384,0.0025152595336267033,interpolado
0.3849057811562312,0.002616937804654229,interpolado
0.385,0.002457,original
0.38510542108421686,0.0019466962802314268,interpolado
0.38520524104820963,0.001196695688081845,interpolado
0.3853050610122025,0.00026262558613551713,interpolado
0.38540488097619535,-0.0007814405856921456,interpolado
0.38550470094018807,-0.001861429387483941,interpolado
0.3856045209041809,-0.002903267379324968,interpolado
0.38570434086817373,-0.003832881121298029,interpolado
0.38580416083216656,-0.00457619717348771,interpolado
0.3859039807961594,-0.005059142095978179,interpolado
0.386,-0.005209,original
0.38610362072414495,-0.004976404730182486,interpolado
0.3862034406881377,-0.004422818473423469,interpolado
0.38630326065213044,-0.0036271783026575683,interpolado
0.3864030806161233,-0.002669777421727185,interpolado
0.3865029005801161,-0.0016309090344763827,interpolado
0.3866027205441089,-0.0005908663447470694,interpolado
0.38670254050810166,0.00037005744361660094,interpolado
0.3868023604720944,0.001171569126772245,interpolado
0.38690218043608726,0.0017333755008771337,interpolado
0.387,0.001974,original
0.3871018203640727,0.0018427131482085487,interpolado
0.38720164032806553,0.0013796670286748873,interpolado
0.3873014602920583,0.0006528140732975755,interpolado
0.3874012802560511,-0.0002710768453770412,interpolado
0.38750110022004397,-0.0013252368548010045,interpolado
0.3876009201840367,-0.0024428970824285005,interpolado
0.3877007401480295,-0.0035572886557113568,interpolado
0.3878005601120224,-0.0046016427021032804,interpolado
0.3879003800760151,-0.005509190349057822,interpolado
0.388,-0.006212,original
0.38810002000400073,-0.006663506574311374,interpolado
0.3881998399679936,-0.0068766303527611735,interpolado
0.3882996599319863,-0.006885458346450856,interpolado
0.3883994798959792,-0.006722914842320662,interpolado
0.388499299859972,-0.006421924127311151,interpolado
0.3885991198239649,-0.006015410488362399,interpolado
0.3886989397879576,-0.00553629821241524,interpolado
0.38879875975195044,-0.005017511586409845,interpolado
0.38889857971594327,-0.0044919748972862905,interpolado
0.389,-0.003985,original
0.38909821964392877,-0.0035454569036509733,interpolado
0.3891980396079216,-0.003147616287337657,interpolado
0.38929785957191443,-0.0027886111929099713,interpolado
0.3893976795359072,-0.0024579622004226795,interpolado
0.38949749949990004,-0.002145189889931322,interpolado
0.38959731946389276,-0.0018398148414908808,interpolado
0.38969713942788564,-0.0015313576351563601,interpolado
0.3897969593918785,-0.0012093388509832723,interpolado
0.38989677935587125,-0.0008632790690264225,interpolado
0.39,-0.000469,original
0.3900964192838568,-6.191541116003152e-05,interpolado
0.39019623924784963,0.000383501731383779,interpolado
0.39029605921184235,0.0008320989188801594,interpolado
0.39039587917583524,0.0012624223014758322,interpolado
0.39049569913982796,0.0016530180293165575,interpolado
0.3905955191038208,0.0019824322525488327,interpolado
0.3906953390678137,0.0022292111213190174,interpolado
0.39079515903180634,0.0023719007857730756,interpolado
0.3908949789957993,0.002389047396057392,interpolado
0.391,0.002248,original
0.3910946189237848,0.001967543306901711,interpolado
0.3911944388877776,0.0015303746903596218,interpolado
0.3912942588517703,0.0009730649470420952,interpolado
0.3913940788157632,0.0003209888753228929,interpolado
0.391493898779756,-0.0004004787264228968,interpolado
0.39159371874374876,-0.0011659630598212633,interpolado
0.39169353870774154,-0.0019500893264982903,interpolado
0.3917933586717343,-0.0027274827280787456,interpolado
0.39189317863572726,-0.00347276846618911,interpolado
0.392,-0.004206,original
0.39209281856371275,-0.004767870564375596,interpolado
0.3921926385277056,-0.005283265190280012,interpolado
0.3922924584916983,-0.005698938216159133,interpolado
0.39239227845569113,-0.006007073247807824,interpolado
0.39249209841968385,-0.006199853891020149,interpolado
0.3925919183836767,-0.006269463751590723,interpolado
0.39269173834766946,-0.006208086435313881,interpolado
0.3927915583116623,-0.006007905547984105,interpolado
0.39289137827565507,-0.00566110469539557,interpolado
0.393,-0.005108,original
0.39309101820364073,-0.004503514368849306,interpolado
0.3931908381676335,-0.00372860199514259,interpolado
0.3932906581316262,-0.0028837915005569914,interpolado
0.3933904780956191,-0.002017750477447438,interpolado
0.39349029805961194,-0.0011791465181707154,interpolado
0.3935901180236047,-0.00041664721508215014,interpolado
0.3936899379875976,0.00022107983946276352,interpolado
0.3937897579515903,0.0006853670531074905,interpolado
0.3938895779155832,0.0009275468334966816,interpolado
0.394,0.000878,original
0.3940892178435688,0.0005672781669904854,interpolado
0.3941890378075616,-9.568964156734906e-06,interpolado
0.39428885777155437,-0.0007427700374027543,interpolado
0.3943886777355472,-0.001543477823485827,interpolado
0.3944884976995401,-0.002322845093142573,interpolado
0.39458831766353275,-0.0029920246171109745,interpolado
0.3946881376275256,-0.0034621691661287676,interpolado
0.39478795759151836,-0.003644431510932939,interpolado
0.3948877775555112,-0.0034499644222613615,interpolado
0.395,-0.002671,original
0.3950874174834968,-0.0015994308775272744,interpolado
0.3951872374474895,4.667586926924613e-05,interpolado
0.39528705741148235,0.0020231155955817465,interpolado
0.3953868773754751,0.004204535851043868,interpolado
0.39548669733946795,0.006465584185289714,interpolado
0.3955865173034608,0.00868090814794956,interpolado
0.39568633726745367,0.010725155288658554,interpolado
0.3957861572314464,0.012472973157047214,interpolado
0.39588597719543916,0.013799009302749578,interpolado
0.396,0.014637,original
0.3960856171234247,0.01471011996457163,interpolado
0.39618543708741755,0.014254971794981903,interpolado
0.39628525705141027,0.013332257945840528,interpolado
0.39638507701540304,0.01206188734375643,interpolado
0.3964848969793959,0.010563768915337762,interpolado
0.3965847169433887,0.00895781158719526,interpolado
0.39668453690738154,0.007363924285936312,interpolado
0.39678435687137426,0.005902015938171766,interpolado
0.3968841768353671,0.004691995470509744,interpolado
0.397,0.003762,original
0.3970838167633527,0.0034854179083376193,interpolado
0.3971836367273454,0.0035427047993676197,interpolado
0.39728345669133824,0.00392439239295723,interpolado
0.397383276655331,0.004529088614511137,interpolado
0.3974830966193239,0.005255401389434524,interpolado
0.39758291658331674,0.006001938643131305,interpolado
0.39768273654730946,0.006667308301006945,interpolado
0.3977825565113023,0.007150118288465431,interpolado
0.3978823764752951,0.007348976530911925,interpolado
0.398,0.007081,original
0.3980820164032808,0.006510358312081441,interpolado
0.3981818363672735,0.005457742549924351,interpolado
0.39828165633126633,0.004131150857620636,interpolado
0.3983814762952591,0.0026573061358326627,interpolado
0.39848129625925194,0.0011629312852224603,interpolado
0.39858111622324466,-0.0002252507935454032,interpolado
0.3986809361872376,-0.0013805171998094719,interpolado
0.3987807561512303,-0.0021761450329055554,interpolado
0.39888057611522315,-0.0024854113921715278,interpolado
0.399,-0.002039,original
0.39908021604320876,-0.001163027392905218,interpolado
0.3991800360072015,0.0004888763674145393,interpolado
0.3992798559711943,0.0026114796830622017,interpolado
0.39937967593518703,0.00504177855797342,interpolado
0.3994794958991799,0.0076167689960845025,interpolado
0.3995793158631727,0.01017344700132739,interpolado
0.39967913582716547,0.012548808577639608,interpolado
0.39977895579115824,0.014579849728953322,interpolado
0.39987877575515096,0.016103566459204785,interpolado
0.4,0.017037,original
0.4000784156831367,0.017000424351338875,interpolado
0.4001782356471294,0.016275674369154596,interpolado
0.4002780556111222,0.014909001949529568,interpolado
0.40037787557511495,0.013027180387052712,interpolado
0.40047769553910784,0.010756982976311821,interpolado
0.40057751550310067,0.008225183011898585,interpolado
0.40067733546709344,0.005558553788400977,interpolado
0.4007771554310863,0.002883868600406661,interpolado
0.40087697539507905,0.00032790074250779646,interpolado
0.401,-0.002471,original
0.40107661532306454,-0.003931551483178953,interpolado
0.4011764352870573,-0.0054913943735091396,interpolado
0.40127625525105026,-0.006677835629418285,interpolado
0.40137607521504304,-0.007506904709309598,interpolado
0.40147589517903587,-0.007994631071588541,interpolado
0.4015757151430287,-0.008157044174659104,interpolado
0.40167553510702136,-0.008010173476926166,interpolado
0.40177535507101425,-0.007570048436793929,interpolado
0.4018751750350071,-0.00685269851266741,interpolado
0.402,-0.00559,original
0.4020748149629926,-0.004654416769692359,interpolado
0.4021746349269854,-0.0032481481589961545,interpolado
0.4022744548909782,-0.0017278740757907282,interpolado
0.402374274854971,-0.00016626966846641452,interpolado
0.4024740948189638,0.0013639899145898215,interpolado
0.4025739147829567,0.0027902295249876362,interpolado
0.40267373474694934,0.0040397740143392775,interpolado
0.4027735547109422,0.005039948234256608,interpolado
0.40287337467493495,0.00571807703634987,interpolado
0.403,0.006001,original
0.4030730146029205,0.005828752958786709,interpolado
0.4031728345669134,0.005242723880621775,interpolado
0.40327265453090616,0.004342720428652639,interpolado
0.403372474494899,0.0032286219072110885,interpolado
0.40347229445889177,0.0020003076206267546,interpolado
0.4035721144228846,0.0007576568732317868,interpolado
0.40367193438687743,-0.0003994510306437281,interpolado
0.4037717543508702,-0.0013711367866695164,interpolado
0.4038715743148631,-0.0020575210905137108,interpolado
0.404,-0.00236,original
0.40407121424284864,-0.002187313992918315,interpolado
0.4041710342068414,-0.0015784866559798957,interpolado
0.40427085417083425,-0.0006372063873922614,interpolado
0.4043706741348269,0.0005307564058411571,interpolado
0.4044704940988199,0.0018196313167191894,interpolado
0.40457031406281274,0.0031236479382380166,interpolado
0.4046701340268054,0.004337035863395986,interpolado
0.4047699539907982,0.005354024685191252,interpolado
0.404869773954791,0.0060688439966202976,interpolado
0.405,0.006372,original
0.4050694138827766,0.00618015526756758,interpolado
0.4051692338467694,0.005505799273155902,interpolado
0.4052690538107622,0.004446899041098708,interpolado
0.40536887377475495,0.0030986448540689733,interpolado
0.4054686937387478,0.0015562269947370965,interpolado
0.4055685137027405,-8.516425422340757e-05,interpolado
0.4056683336667333,-0.0017303386101415784,interpolado
0.40576815363072616,-0.0032841057903464726,interpolado
0.4058679735947188,-0.0046512755121645485,interpolado
0.406,-0.006011,original
0.40606761352270454,-0.006452960304671617,interpolado
0.40616743348669726,-0.006801244379187243,interpolado
0.40626725345069015,-0.00683796473125167,interpolado
0.40636707341468287,-0.0066204300488553365,interpolado
0.4064668933786757,-0.006205949019988804,interpolado
0.4065667133426686,-0.005651830332642189,interpolado
0.4066665333066613,-0.0050153826748065905,interpolado
0.4067663532706541,-0.004353914734471828,interpolado
0.4068661732346469,-0.0037247351996291178,interpolado
0.407,-0.003032,original
0.4070658131626326,-0.0027887269527947767,interpolado
0.40716563312662524,-0.002544250463276505,interpolado
0.4072654530906181,-0.002431062258561259,interpolado
0.40736527305461084,-0.0024279840683635603,interpolado
0.4074650930186036,-0.002513837622397718,interpolado
0.40756491298259645,-0.002667444650378238,interpolado
0.40766473294658917,-0.0028676268820193467,interpolado
0.4077645529105821,-0.0030932060470356465,interpolado
0.4078643728745747,-0.003323003875141284,interpolado
0.408,-0.003604,original
0.40806401280256027,-0.0037118515859489182,interpolado
0.4081638327665532,-0.0038478743853818773,interpolado
0.408263652730546,-0.003952287646099409,interpolado
0.4083634726945388,-0.004033697657998208,interpolado
0.4084632926585316,-0.0041007107109751395,interpolado
0.4085631126225244,-0.004161933094927038,interpolado
0.40866293258651726,-0.004225971099750639,interpolado
0.4087627525505101,-0.004301431015342827,interpolado
0.4088625725145028,-0.004396919131600322,interpolado
0.409,-0.004577,original
0.40906221244248847,-0.004682382987957693,interpolado
0.40916203240648125,-0.004889224465884682,interpolado
0.4092618523704741,-0.00514962869011145,interpolado
0.40936167233446685,-0.005471653288358573,interpolado
0.4094614922984596,-0.005863355888347036,interpolado
0.40956131226245235,-0.0063327941177979815,interpolado
0.4096611322264452,-0.006888025604431749,interpolado
0.40976095219043807,-0.007537107975969828,interpolado
0.4098607721544308,-0.008288098860132351,interpolado
0.41,-0.009521,original
0.4100604120824164,-0.01012508063292309,interpolado
0.41016023204640917,-0.011177943514095047,interpolado
0.41026005201040205,-0.0122365129100245,interpolado
0.4103598719743947,-0.013228836683303914,interpolado
0.41045969193838755,-0.014082962696527562,interpolado
0.41055951190238044,-0.014726938812289399,interpolado
0.4106593318663732,-0.015088812893182355,interpolado
0.4107591518303661,-0.015096632801800422,interpolado
0.4108589717943588,-0.01467844640073723,interpolado
0.411,-0.013222,original
0.4110586117223445,-0.012283299423040659,interpolado
0.4111584316863372,-0.010287632492645174,interpolado
0.41125825165033014,-0.007909943695265707,interpolado
0.41135807161432286,-0.0052873272358844375,interpolado
0.4114578915783157,-0.0025568773194796276,interpolado
0.41155771154230847,0.00014431184897070368,interpolado
0.41165753150630124,0.0026791460644840087,interpolado
0.4117573514702941,0.004910531122082319,interpolado
0.41185717143428685,0.0067013728167870015,interpolado
0.412,0.008225,original
0.41205681136227257,0.008421229816651533,interpolado
0.4121566313262652,0.008231135266662448,interpolado
0.41225645129025806,0.007469893125557785,interpolado
0.41235627125425084,0.0062666525130785225,interpolado
0.41245609121824367,0.0047505625489677895,interpolado
0.41255591118223645,0.0030507723529657987,interpolado
0.4126557311462292,0.0012964310448162347,interpolado
0.4127555511102219,-0.0003833122557400713,interpolado
0.4128553710742148,-0.0018593084289621185,interpolado
0.413,-0.003373,original
0.41305501100220043,-0.0036895047473793053,interpolado
0.4131548309661932,-0.003908031026101165,interpolado
0.413254650930186,-0.0037421554127106374,interpolado
0.41335447089417876,-0.003279311365476766,interpolado
0.4134542908581716,-0.002606932342669477,interpolado
0.4135541108221644,-0.0018124518025574912,interpolado
0.4136539307861573,-0.000983303203411104,interpolado
0.4137537507501499,-0.00020692000349926216,interpolado
0.4138535707141428,0.0004292643389089603,interpolado
0.414,0.000926,original
0.4140532106421284,0.0009356255766818334,interpolado
0.4141530306061212,0.0007251197877758426,interpolado
0.4142528505701139,0.00028719377806727206,interpolado
0.4143526705341068,-0.00029435228663565646,interpolado
0.41445249049809957,-0.0009357182405236959,interpolado
0.41455231046209245,-0.001553103917788891,interpolado
0.4146521304260852,-0.0020627091526219496,interpolado
0.4147519503900779,-0.0023807337792146653,interpolado
0.41485177035407084,-0.0024233776317584034,interpolado
0.415,-0.001799,original
0.41505141028205633,-0.0013519114732991769,interpolado
0.41515123024604916,-0.00017783707765976157,interpolado
0.41525105021004205,0.0013014642339078555,interpolado
0.41535087017403477,0.002968242486795057,interpolado
0.4154506901380276,0.004704747706390367,interpolado
0.4155505101020204,0.006393229918086,interpolado
0.4156503300660131,0.007915939147270457,interpolado
0.4157501500300059,0.009155125419335122,interpolado
0.4158499699939987,0.009993038759670763,interpolado
0.41594978995799153,0.010311929193666818,interpolado
0.416,0.010239,original
0.41614942988597714,0.00905607384942957,interpolado
0.41624924984996986,0.007600836454998306,interpolado
0.4163490698139628,0.005755937359692881,interpolado
0.4164488897779555,0.0036440601289123723,interpolado
0.4165487097419484,0.0013878883280515712,interpolado
0.41664852970594124,-0.0008898944774899831,interpolado
0.416748349669934,-0.003066604722316534,interpolado
0.4168481696339267,-0.005019558841032095,interpolado
0.41694798959791957,-0.00662607326823747,interpolado
0.417,-0.007285,original
0.4171476295259051,-0.008411562173770589,interpolado
0.41724744948989795,-0.008622890873429826,interpolado
0.4173472694538908,-0.008468384797317796,interpolado
0.4174470894178835,-0.008015496394173191,interpolado
0.4175469093818763,-0.007331678112734515,interpolado
0.41764672934586905,-0.006484382401739754,interpolado
0.4177465493098619,-0.005541061709928374,interpolado
0.4178463692738547,-0.004569168486037896,interpolado
0.41794618923784743,-0.0036361551788079254,interpolado
0.418,-0.003173,original
0.4181458291658331,-0.0021077091098997513,interpolado
0.41824564912982587,-0.0015113337003251543,interpolado
0.4183454690938187,-0.0009922276395126584,interpolado
0.41844528905781153,-0.000523805297159856,interpolado
0.4185451090218043,-7.948104296346835e-05,interpolado
0.4186449289857972,0.0003673307533797301,interpolado
0.41874474894979,0.0008432157221722272,interpolado
0.4188445689137828,0.0013747594937175546,interpolado
0.41894438887777563,0.001988547698318107,interpolado
0.419,0.002376,original
0.4191440288057612,0.00353638885593539,interpolado
0.41924384876975385,0.004430001858023642,interpolado
0.4193436687337468,0.0053521063687682145,interpolado
0.4194434886977395,0.006263752639176404,interpolado
0.41954330866173234,0.0071259909202570524,interpolado
0.4196431286257251,0.00789987146301889,interpolado
0.4197429485897177,0.00854644451846937,interpolado
0.41984276855371067,0.009026760337617509,interpolado
0.4199425885177034,0.009301869171471078,interpolado
0.42,0.009352,original
0.420142228445689,0.009117681472028483,interpolado
0.42024204840968177,0.00868889632436122,interpolado
0.4203418683736747,0.008085271805527646,interpolado
0.4204416883376675,0.007344632661113124,interpolado
0.4205415083016603,0.006504803636702047,interpolado
0.42064132826565304,0.005603609477878583,interpolado
0.4207411482296459,0.004678874930228429,interpolado
0.4208409681936387,0.0037684247393352873,interpolado
0.42094078815763153,0.0029100836507848613,interpolado
0.421,0.002441,original
0.4211404280856173,0.001482466408960794,interpolado
0.4212402480496099,0.00093301717472574,interpolado
0.4213400680136028,0.0004907054274310894,interpolado
0.4214398879775956,0.00015335672176075433,interpolado
0.4215397079415883,-8.120338760211548e-05,interpolado
0.4216395279055811,-0.0002151493459741439,interpolado
0.42173934786957384,-0.0002506555986717596,interpolado
0.4218391678335668,-0.00018989659101158152,interpolado
0.4219389877975595,-3.5046768310254234e-05,interpolado
0.422,0.000105,original
0.422138627725545,0.000538941995148065,interpolado
0.4222384476895378,0.0009250493629798708,interpolado
0.4223382676535306,0.0013468635020576533,interpolado
0.42243808761752344,0.0017814100970962195,interpolado
0.42253790758151627,0.002205714832811082,interpolado
0.42263772754550916,0.002596803393917729,interpolado
0.42273754750950193,0.0029317014651310037,interpolado
0.42283736747349476,0.003187434731166535,interpolado
0.4229371874374875,0.003341028876739314,interpolado
0.423,0.003375,original
0.42313682736547326,0.0032711345154656977,interpolado
0.423236647329466,0.00306907740832597,interpolado
0.42333646729345864,0.0027902463996597013,interpolado
0.4234362872574516,0.0024611295389811117,interpolado
0.4235361072214443,0.002108214875804988,interpolado
0.4236359271854372,0.0017579904596453832,interpolado
0.42373574714942985,0.0014369443400171094,interpolado
0.42383556711342263,0.0011715645664343783,interpolado
0.4239353870774155,0.000988339188411529,interpolado
0.424,0.000926,original
0.42413502700540107,0.0009510806347688977,interpolado
0.4242348469693938,0.0010742858200157655,interpolado
0.4243346669333867,0.0012531540369702637,interpolado
0.42443448689737945,0.001457879180638341,interpolado
0.4245343068613722,0.0016586551460255907,interpolado
0.424634126825365,0.0018256758281380333,interpolado
0.4247339467893577,0.0019291351219813029,interpolado
0.42483376675335055,0.0019392269225613386,interpolado
0.4249335867173434,0.0018261451248838727,interpolado
0.425,0.001668,original
0.425133226645329,0.0011418695178764303,interpolado
0.4252330466093219,0.0006137607126346231,interpolado
0.42533286657331465,2.3741746709568434e-05,interpolado
0.4254326865373075,-0.0005806858102856336,interpolado
0.42553250650130026,-0.0011520203887368638,interpolado
0.42563232646529303,-0.001642760419031268,interpolado
0.4257321464292858,-0.002005404331554852,interpolado
0.42583196639327864,-0.002192450556694487,interpolado
0.4259317863572715,-0.002156397524836654,interpolado
0.426,-0.001979,original
0.4261314262852572,-0.0012729788798225559,interpolado
0.42623124624924985,-0.0004960487677928366,interpolado
0.4263310662132426,0.00040172100939558263,interpolado
0.4264308861772354,0.0013416722728481001,interpolado
0.42653070614122807,0.002245146843668511,interpolado
0.42663052610522106,0.003033486542962604,interpolado
0.4267303460692138,0.0036280331918343393,interpolado
0.42683016603320645,0.003950128611389077,interpolado
0.42692998599719933,0.003921114622731565,interpolado
0.427,0.003649,original
0.42712962592518494,0.002559640592451294,interpolado
0.4272294458891777,0.0012986219310101754,interpolado
0.42732926585317055,-0.0002218352409427131,interpolado
0.4274290858171633,-0.0019036275477898293,interpolado
0.4275289057811562,-0.0036486516139107726,interpolado
0.42762872574514893,-0.005358804063688854,interpolado
0.42772854570914176,-0.00693598152150364,interpolado
0.42782836567313454,-0.008282080611737595,interpolado
0.4279281856371274,-0.009298997958772683,interpolado
0.428,-0.009772,original
0.42812782556511303,-0.010014412555172393,interpolado
0.42822764552910575,-0.009741219620484187,interpolado
0.4283274654930986,-0.00914742729550026,interpolado
0.4284272854570914,-0.008310764306388416,interpolado
0.42852710542108424,-0.007308959379317954,interpolado
0.42862692538507696,-0.006219741240456181,interpolado
0.4287267453490698,-0.005120838615972678,interpolado
0.4288265653130625,-0.004089980232035182,interpolado
0.42892638527705534,-0.003204894814811588,interpolado
0.429,-0.002691,original
0.429126025205041,-0.002140298463135642,interpolado
0.4292258451690337,-0.0019560508322765922,interpolado
0.4293256651330266,-0.0019407256662534653,interpolado
0.42942548509701933,-0.0020448639694724286,interpolado
0.42952530506101216,-0.0022190067463395925,interpolado
0.42962512502500494,-0.0024136950012612316,interpolado
0.4297249449889977,-0.0025794697386436667,interpolado
0.42982476495299055,-0.002666871962892939,interpolado
0.4299245849169833,-0.0026264426784153305,interpolado
0.43,-0.002481,original
0.430124224844969,-0.001998311727330206,interpolado
0.4302240448089618,-0.0014433779039089959,interpolado
0.4303238647729546,-0.0008007433600553278,interpolado
0.43042368473694753,-0.00012697179532111303,interpolado
0.43052350470094025,0.0005213730907403188,interpolado
0.43062332466493286,0.0010877275985767803,interpolado
0.43072314462892586,0.0015155280286359028,interpolado
0.4308229645929185,0.0017482106813646293,interpolado
0.43092278455691146,0.0017292118572105946,interpolado
0.431,0.001506,original
0.4311224244848969,0.0007494693690705269,interpolado
0.4312222444488898,-0.00016687350469176153,interpolado
0.43132206441288257,-0.0012747303621888197,interpolado
0.4314218843768754,-0.0025020197874140687,interpolado
0.4315217043408681,-0.003776660364358391,interpolado
0.43162152430486084,-0.005026570677014716,interpolado
0.43172134426885367,-0.006179669309375926,interpolado
0.4318211642328465,-0.007163874845432982,interpolado
0.43192098419683933,-0.007907105869179169,interpolado
0.432,-0.008277,original
0.43212062412482494,-0.008419518230760576,interpolado
0.43222044408881777,-0.008197192212650504,interpolado
0.43232026405281054,-0.00772489710946501,interpolado
0.4324200840168033,-0.007057036273382876,interpolado
0.43251990398079615,-0.006248013056584116,interpolado
0.4326197239447888,-0.0053522308112476545,interpolado
0.4327195439087818,-0.004424092889552223,interpolado
0.4328193638727746,-0.00351800264367812,interpolado
0.43291918383676725,-0.0026883634258036498,interpolado
0.433,-0.00211,original
0.4331188237647528,-0.0014558216693350819,interpolado
0.43321864372874574,-0.0010761499213627205,interpolado
0.4333184636927385,-0.0008329248881765643,interpolado
0.43341828365673135,-0.0007085908704975462,interpolado
0.433518103620724,-0.0006855921690470184,interpolado
0.4336179235847168,-0.0007463730845461052,interpolado
0.4337177435487097,-0.0008733779177161152,interpolado
0.4338175635127024,-0.0010490509692781225,interpolado
0.43391738347669534,-0.0012558365399535252,interpolado
0.434,-0.001438,original
0.43411702340468084,-0.0016934978903613515,interpolado
0.4342168433686737,-0.0018935175592190451,interpolado
0.4343166633326666,-0.002062317704342303,interpolado
0.4344164832966593,-0.0021859749939612786,interpolado
0.43451630326065216,-0.002250566096305814,interpolado
0.4346161232246449,-0.002242167679605975,interpolado
0.43471594318863777,-0.002146856412091667,interpolado
0.43481576315263065,-0.0019507089619929746,interpolado
0.43491558311662337,-0.0016398019975398532,interpolado
0.435,-0.001277,original
0.43511522304460903,-0.0006286929993565579,interpolado
0.4352150430086019,5.130296893853828e-05,interpolado
0.43531486297259464,0.0008120224334938999,interpolado
0.43541468293658747,0.001625737616087563,interpolado
0.4355145029005802,0.002464720738497678,interpolado
0.435614322864573,0.003301244022500989,interpolado
0.4357141428285659,0.004107579689876075,interpolado
0.43581396279255863,0.004855999962399709,interpolado
0.43591378275655135,0.00551877706185004,interpolado
0.436,0.006001,original
0.43611342268453696,0.006483324698625974,interpolado
0.4362132426485298,0.006761386805229513,interpolado
0.4363130626125225,0.006902603625016936,interpolado
0.43641288257651534,0.006907197464732509,interpolado
0.4365127025405081,0.006775390631120193,interpolado
0.4366125225045009,0.006507405430924211,interpolado
0.4367123424684938,0.0061034641708883385,interpolado
0.4368121624324865,0.005563789157757101,interpolado
0.4369119823964793,0.004888602698274382,interpolado
0.437,0.004181,original
0.43711162232446477,0.003141513487460378,interpolado
0.4372114422884577,0.002112887612277041,interpolado
0.43731126225245043,0.00103079517720135,interpolado
0.4374110822164433,-6.622866894025423e-05,interpolado
0.4375109021804361,-0.0011396487773213744,interpolado
0.43761072214442887,-0.0021509299991138158,interpolado
0.43771054210842175,-0.0030615371854916733,interpolado
0.4378103620724146,-0.0038329351876269365,interpolado
0.4379101820364073,-0.004426588856693157,interpolado
0.438,-0.004777,original
0.438109821964393,-0.004943328389781478,interpolado
0.4382096419283858,-0.004872635397947821,interpolado
0.4383094618923786,-0.004629078854700281,interpolado
0.4384092818563714,-0.004249840850815481,interpolado
0.4385091018203642,-0.00377210347706974,interpolado
0.4386089217843569,-0.003233048824240214,interpolado
0.43870874174834973,-0.002669858983102953,interpolado
0.4388085617123426,-0.0021197160444352083,interpolado
0.4389083816763354,-0.0016198020990132735,interpolado
0.439,-0.001237,original
0.4391080216043209,-0.0009096024013439478,interpolado
0.4392078415683136,-0.0007235408746133983,interpolado
0.4393076615323065,-0.0006399554724522738,interpolado
0.4394074814962992,-0.0006496912936643044,interpolado
0.43950730146029193,-0.000743593437053428,interpolado
0.43960712142428476,-0.0009125070014233998,interpolado
0.43970694138827754,-0.0011472770855782601,interpolado
0.4398067613522703,-0.0014387487883216078,interpolado
0.43990658131626315,-0.0017777672084574197,interpolado
0.44,-0.00213,original
0.44010622124424886,-0.002560929123112456,interpolado
0.4402060412082416,-0.002982018234287722,interpolado
0.4403058611722345,-0.003404830841794838,interpolado
0.4404056811362273,-0.0038157532050955706,interpolado
0.4405055011002201,-0.004201171583652599,interpolado
0.44060532106421285,-0.004547472236927735,interpolado
0.44070514102820557,-0.00484104142438344,interpolado
0.44080496099219846,-0.0050682654054820635,interpolado
0.4409047809561913,-0.005215530439685588,interpolado
0.441,-0.005269,original
0.44110442088417684,-0.005220734303890159,interpolado
0.4412042408481696,-0.005078890485243846,interpolado
0.44130406081216245,-0.004856314004836034,interpolado
0.44140388077615517,-0.004565627108804071,interpolado
0.441503700740148,-0.004219452043284742,interpolado
0.44160352070414083,-0.0038304110544155334,interpolado
0.44170334066813366,-0.003411126388333359,interpolado
0.4418031606321264,-0.00297422029117507,interpolado
0.44190298059611915,-0.0025323150090782497,interpolado
0.442,-0.00211,original
0.4421026205241047,-0.0016817963391948282,interpolado
0.44220244048809754,-0.0012859407626831412,interpolado
0.4423022604520905,-0.0009109423027132575,interpolado
0.44240208041608314,-0.0005572772480603045,interpolado
0.44250190038007603,-0.00022542188749860093,interpolado
0.4426017203440689,8.414749019677359e-05,interpolado
0.44270154030806164,0.0003709545962512988,interpolado
0.4428013602720545,0.0006345231418904033,interpolado
0.44290118023604724,0.0008743768383390831,interpolado
0.443,0.001088,original
0.44310082016403285,0.001280739558086179,interpolado
0.4432006401280257,0.0014445611225880554,interpolado
0.44330046009201846,0.0015793101308572088,interpolado
0.44340028005601123,0.0016827926237101113,interpolado
0.443500100020004,0.001752814641963498,interpolado
0.4435999199839968,0.0017871822264339124,interpolado
0.4436997399479896,0.0017837014179380257,interpolado
0.44379955991198244,0.0017401782572924248,interpolado
0.4438993798759753,0.0016544187853137788,interpolado
0.444,0.001523,original
0.4440990198039609,0.0013490034535179993,interpolado
0.4441988397679535,0.0011346446208693561,interpolado
0.4442986597319464,0.0008887217917273953,interpolado
0.44439847969593915,0.0006188042137853927,interpolado
0.444498299659932,0.00033246113473605883,interpolado
0.44459811962392476,3.7261802272715405e-05,interpolado
0.44469793958791753,-0.0002592245359117923,interpolado
0.4447977595519104,-0.0005494286321246214,interpolado
0.44489757951590314,-0.0008257812386724457,interpolado
0.445,-0.001087,original
0.4450972194438888,-0.0013084782875984545,interpolado
0.4451970394078815,-0.001511217125933656,interpolado
0.44529685937187435,-0.0016932016887708555,interpolado
0.44539667933586713,-0.0018587040769086599,interpolado
0.44549649929986007,-0.0020119963911460668,interpolado
0.44559631926385285,-0.0021573507322817146,interpolado
0.4456961392278456,-0.0022990392011144993,interpolado
0.4457959591918384,-0.002441333898443308,interpolado
0.4458957791558312,-0.0025885069250667935,interpolado
0.446,-0.002752,original
0.44609541908381684,-0.00291355469184751,interpolado
0.44619523904780967,-0.0030932649714523284,interpolado
0.4462950590118025,-0.0032812154501566317,interpolado
0.4463948789757953,-0.0034746602572816488,interpolado
0.446494698939788,-0.003670853522148923,interpolado
0.4465945189037809,-0.003867049374080002,interpolado
0.4466943388677736,-0.004060501942396107,interpolado
0.44679415883176643,-0.004248465356418887,interpolado
0.44689397879575926,-0.0044281937454695745,interpolado
0.447,-0.004607,original
0.4470936187237449,-0.004752875820189057,interpolado
0.4471934386877376,-0.004898571610573508,interpolado
0.4472932586517304,-0.005037928962330353,interpolado
0.4473930786157231,-0.0051748484933643426,interpolado
0.4474928985797159,-0.005313230821580463,interpolado
0.44759271854370875,-0.005456976564883702,interpolado
0.44769253850770147,-0.005609986341178808,interpolado
0.4477923584716943,-0.00577616076837086,interpolado
0.44789217843568707,-0.005959400464364582,interpolado
0.448,-0.006181,original
0.44809181836367273,-0.006390435603348711,interpolado
0.4481916383276655,-0.00663012829699782,interpolado
0.44829145829165834,-0.0068692978902177,interpolado
0.44839127825565117,-0.007094556661054408,interpolado
0.4484910982196439,-0.007292516887554413,interpolado
0.4485909181836368,-0.00744979084776412,interpolado
0.44869073814762966,-0.007552990819729679,interpolado
0.4487905581116224,-0.007588729081497519,interpolado
0.4488903780756152,-0.007543617911113926,interpolado
0.449,-0.007385,original
0.4490900180036009,-0.00716009909127687,interpolado
0.44918983796759354,-0.006815597435591336,interpolado
0.4492896579315863,-0.006380302683052487,interpolado
0.44938947789557904,-0.00586375651564116,interpolado
0.44948929785957187,-0.005275500615337494,interpolado
0.4495891178235647,-0.004625076664121466,interpolado
0.44968893778755736,-0.003922026343974153,interpolado
0.4497887577515502,-0.0031758913368751455,interpolado
0.44988857771554297,-0.002396213324805628,interpolado
0.45,-0.001498,original
0.45008821764352863,-0.0007768623582513164,interpolado
0.4501880376075214,2.476744066959812e-05,interpolado
0.45028785757151424,0.0007813723197007253,interpolado
0.45038767753550707,0.001461963578485441,interpolado
0.4504874974994998,0.0020355525166684094,interpolado
0.45058731746349273,0.0024711504338940584,interpolado
0.4506871374274855,0.0027377686298061185,interpolado
0.4507869573914784,0.0028044184040490784,interpolado
0.45088677735547117,0.002640111056267079,interpolado
0.451,0.002135,original
0.4510864172834568,0.0015049390263154577,interpolado
0.4511862372474495,0.0005543417112622307,interpolado
0.4512860572114423,-0.0005740049955114486,interpolado
0.4513858771754352,-0.001816133722037494,interpolado
0.4514856971394278,-0.003108077096349683,interpolado
0.4515855171034207,-0.004385867746481905,interpolado
0.45168533706741354,-0.005585538300465903,interpolado
0.4517851570314063,-0.006643121386335593,interpolado
0.4518849769953991,-0.007494649632124571,interpolado
0.452,-0.008137,original
0.4520846169233847,-0.008335195747604884,interpolado
0.4521844368873774,-0.008292564742232783,interpolado
0.4522842568513703,-0.007997735055493458,interpolado
0.452384076815363,-0.007500245928916478,interpolado
0.45248389677935585,-0.006849636604032319,interpolado
0.4525837167433487,-0.006095446322370214,interpolado
0.45268353670734146,-0.0052872143254609205,interpolado
0.4527833566713344,-0.0044744798548339475,interpolado
0.45288317663532707,-0.0037067821520187804,interpolado
0.453,-0.002932,original
0.4530828165633128,-0.0024981393140960343,interpolado
0.4531826365273055,-0.0020994296346789855,interpolado
0.4532824564912982,-0.0018186813074113804,interpolado
0.4533822764552911,-0.001636987836134763,interpolado
0.4534820964192839,-0.0015354427246909463,interpolado
0.4535819163832767,-0.0014951394769214157,interpolado
0.45368173634726955,-0.001497171596667828,interpolado
0.45378155631126227,-0.001522632587771766,interpolado
0.4538813762752551,-0.0015526159540748647,interpolado
0.454,-0.001568,original
0.4540810162032408,-0.0015521635210143342,interpolado
0.45418083616723354,-0.0014988702206050674,interpolado
0.45428065613122626,-0.001407809683466022,interpolado
0.4543804760952191,-0.0012784767961595259,interpolado
0.45448029605921186,-0.0011103664452481329,interpolado
0.4545801160232047,-0.0009029735172940666,interpolado
0.45467993598719747,-0.0006557928988599669,interpolado
0.45477975595119025,-0.00036831947650814076,interpolado
0.454879575915183,-4.004813680080516e-05,interpolado
0.455,0.000411,original
0.4550792158431687,0.0007399322757598422,interpolado
0.4551790358071614,0.0011833314135266042,interpolado
0.4552788557711542,0.001648523249107914,interpolado
0.4553786757351471,0.0021242902021178637,interpolado
0.45547849569913984,0.002599414692169748,interpolado
0.45557831566313267,0.0030626791388779083,interpolado
0.45567813562712545,0.003502865961855652,interpolado
0.4557779555911182,0.003908757580717068,interpolado
0.45587777555511105,0.0042691364150761685,interpolado
0.456,0.004632,original
0.4560774154830966,0.00480991256555083,interpolado
0.4561772354470893,0.00498214577732057,interpolado
0.4562770554110821,0.005096588922496293,interpolado
0.456376875375075,0.005160380997088161,interpolado
0.45647669533906776,0.0051806609971062475,interpolado
0.45657651530306065,0.0051645679185607215,interpolado
0.4566763352670533,0.0051192407574617415,interpolado
0.45677615523104614,0.00505181850981945,interpolado
0.456875975195039,0.0049694401716439355,interpolado
0.457,0.004857,original
0.4570756151230245,0.0047865637300561975,interpolado
0.45717543508701736,0.004681385208025934,interpolado
0.45727525505101013,0.004545958610911218,interpolado
0.4573750750150029,0.004362474090563213,interpolado
0.4574748949789958,0.004113121798833398,interpolado
0.4575747149429886,0.003780091887572965,interpolado
0.4576745349069814,0.003345574508632922,interpolado
0.4577743548709742,0.0027917598138650257,interpolado
0.4578741748349669,0.002100837955119921,interpolado
0.458,0.001007,original
0.4580738147629525,0.0002417377001648866,interpolado
0.45817363472694533,-0.0009036273017964511,interpolado
0.4582734546909381,-0.0021204320979447554,interpolado
0.45837327465493105,-0.0033477809207276784,interpolado
0.4584730946189238,-0.004524778002590206,interpolado
0.45857291458291655,-0.005590527575979393,interpolado
0.4586727345469095,-0.006484133873342058,interpolado
0.4587725545109022,-0.007144701127123549,interpolado
0.4588723744748951,-0.007511333569770905,interpolado
0.459,-0.007455,original
0.45907201440288065,-0.0071277123517076765,interpolado
0.4591718343668735,-0.006354159161224785,interpolado
0.4592716543308662,-0.005276933293317091,interpolado
0.459371474294859,-0.003970981537773134,interpolado
0.45947129425885186,-0.0025112506843840187,interpolado
0.45957111422284463,-0.0009726875229387206,interpolado
0.45967093418683747,0.0005697611567739721,interpolado
0.45977075415083024,0.0020411485649626804,interpolado
0.459870574114823,0.003366527911839315,interpolado
0.46,0.004745,original
0.4600702140428085,0.0052859026517796965,interpolado
0.4601700340068014,0.005808428509865158,interpolado
0.4602698539707942,0.006073908087950451,interpolado
0.46036967393478695,0.006118201327181893,interpolado
0.4604694938987798,0.005977168168705423,interpolado
0.46056931386277256,0.0056866685536671,interpolado
0.4606691338267654,0.005282562423212649,interpolado
0.4607689537907582,0.004800709718488512,interpolado
0.46086877375475105,0.004276970380640171,interpolado
0.461,0.003585,original
0.4610684136827365,0.0032452900008200073,interpolado
0.4611682336467294,0.002783566131935962,interpolado
0.4612680536107222,0.0023611540031527045,interpolado
0.461367873574715,0.0019769831700171886,interpolado
0.4614676935387078,0.0016299831880772666,interpolado
0.46156751350270053,0.0013190836128801392,interpolado
0.46166733346669336,0.0010432139999730884,interpolado
0.4617671534306861,0.0008013039049038453,interpolado
0.4618669733946789,0.000592282883219565,interpolado
0.462,0.000363,original
0.4620666133226644,0.00026880564903289026,interpolado
0.4621664332866573,0.00015464737406579968,interpolado
0.4622662532506501,7.513428355894396e-05,interpolado
0.4623660732146429,3.281721497529938e-05,interpolado
0.46246589317863573,3.024700577797525e-05,interpolado
0.46256571314262857,6.99744934299989e-05,interpolado
0.4626655331066214,0.0001545505153944915,interpolado
0.4627653530706143,0.00028652590913442154,interpolado
0.46286517303460684,0.00046845151211288464,interpolado
0.463,0.000798,original
0.4630648129625925,0.0009914550087679248,interpolado
0.4631646329265854,0.0013246597959965772,interpolado
0.4632644528905782,0.0016854214981309379,interpolado
0.46336427285457094,0.0020565270091977227,interpolado
0.4634640928185637,0.0024207632232236716,interpolado
0.4635639127825566,0.0027609170342349143,interpolado
0.46366373274654943,0.0030597753362583495,interpolado
0.46376355271054215,0.0033001250233201797,interpolado
0.4638633726745349,0.003464752989447125,interpolado
0.464,0.003536,original
0.4640630126025205,0.003499723590848154,interpolado
0.46416283256651336,0.00336206740717625,interpolado
0.4642626525305061,0.003147236647888086,interpolado
0.4643624724944989,0.002879335633345511,interpolado
0.46446229245849174,0.002582468683910256,interpolado
0.4645621124224845,0.002280740119944562,interpolado
0.4646619323864773,0.0019982542618100217,interpolado
0.46476175235047007,0.00175911542986886,interpolado
0.46486157231446285,0.0015874279444828125,interpolado
0.465,0.001506,original
0.4650612122424484,0.001540512724578133,interpolado
0.4651610322064413,0.001676031468374021,interpolado
0.46526085217043406,0.0018783921898963714,interpolado
0.4653606721344269,0.0021115547393359435,interpolado
0.4654604920984197,0.0023394789668835622,interpolado
0.4655603120624125,0.0025261247227296676,interpolado
0.4656601320264053,0.0026354518570651307,interpolado
0.4657599519903981,0.002631420220080522,interpolado
0.4658597719543908,0.002477989661966635,interpolado
0.466,0.001941,original
0.46605941188237654,0.00158223540863804,interpolado
0.4661592318463693,0.0008275953115053561,interpolado
0.46625905181036204,-6.33501186204549e-05,interpolado
0.46635887177435487,-0.001028060831173331,interpolado
0.4664586917383477,-0.0020039967755873713,interpolado
0.4665585117023404,-0.002928617901295034,interpolado
0.46665833166633325,-0.0037393841577308367,interpolado
0.4667581516303259,-0.004373755494327421,interpolado
0.4668579715943188,-0.004769191860518842,interpolado
0.467,-0.004797,original
0.46705761152230435,-0.004597322705629964,interpolado
0.4671574314862972,-0.003982667572807552,interpolado
0.46725725145028996,-0.003086788291093175,interpolado
0.46735707141428273,-0.0019789461324938966,interpolado
0.4674568913782756,-0.0007284023690162999,interpolado
0.46755671134226834,0.0005955817273308835,interpolado
0.4676565313062612,0.0019237448845417305,interpolado
0.467756351270254,0.003186825830607426,interpolado
0.4678561712342467,0.004315563293521404,interpolado
0.468,0.005566,original
0.4680558111622323,0.005896239102317087,interpolado
0.4681556311262252,0.006274145802156479,interpolado
0.46825545109021804,0.00641601925516421,interpolado
0.4683552710542108,0.006365069020760535,interpolado
0.46845509101820354,0.006164504658365275,interpolado
0.46855491098219637,0.005857535727398649,interpolado
0.4686547309461892,0.005487371787280551,interpolado
0.4687545509101821,0.005097222397430739,interpolado
0.46885437087417486,0.0047302971172696355,interpolado
0.469,0.004326,original
0.4690540108021604,0.004237209164415624,interpolado
0.4691538307661532,0.004160576626738149,interpolado
0.469253650730146,0.004177978594783439,interpolado
0.46935347069413874,0.004266419305499165,interpolado
0.4694532906581316,0.004402902995833099,interpolado
0.4695531106221244,0.004564433902732779,interpolado
0.4696529305861172,0.00472801626314597,interpolado
0.46975275055011,0.0048706543140204445,interpolado
0.4698525705141028,0.004969352292303733,interpolado
0.47,0.004986,original
0.47005221044208834,0.004943934598177142,interpolado
0.4701520304060811,0.004796281758094833,interpolado
0.470251850370074,0.004575905136245187,interpolado
0.4703516703340668,0.004301304327699195,interpolado
0.47045149029805955,0.003990978927527323,interpolado
0.4705513102620523,0.003663428530800667,interpolado
0.4706511302260451,0.003337152732589805,interpolado
0.470750950190038,0.0030306511279653207,interpolado
0.4708507701540307,0.0027624233119983043,interpolado
0.471,0.002473,original
0.47105041008201637,0.0024139887821603904,interpolado
0.47115023004600914,0.002351240176124063,interpolado
0.471250050010002,0.0023447694189061676,interpolado
0.47134986997399475,0.002375870824963873,interpolado
0.4714496899379875,0.002425838708754355,interpolado
0.47154950990198036,0.002475967384734717,interpolado
0.4716493298659732,0.0025075511673621513,interpolado
0.47174914982996596,0.002501884371093804,interpolado
0.47184896979395885,0.002440261310386844,interpolado
0.4719487897579516,0.002303976299698342,interpolado
0.472,0.002199,original
0.4721484296859371,0.0017564092795451843,interpolado
0.47224824964993,0.0013714944808933746,interpolado
0.4723480696139228,0.0009451639232590995,interpolado
0.4724478895779156,0.0005021659079257316,interpolado
0.47254770954190833,6.724873617759418e-05,interpolado
0.4726475295059011,-0.0003348392907017402,interpolado
0.47274734946989394,-0.0006793498714286227,interpolado
0.4728471694338867,-0.0009415347047188425,interpolado
0.4729469893978796,-0.0010966454892888428,interpolado
0.473,-0.001127,original
0.4731466293258651,-0.0010170828768269755,interpolado
0.4732464492898579,-0.0008165408886092096,interpolado
0.47334626925385076,-0.0005521546256123038,interpolado
0.47344608921784354,-0.00025678071070727246,interpolado
0.4735459091818363,3.672423323427054e-05,interpolado
0.4736457291458292,0.00029550358334121617,interpolado
0.47374554910982203,0.00048670071674237504,interpolado
0.47384536907381475,0.0005774590105662507,interpolado
0.4739451890378076,0.000534921841941636,interpolado
0.474,0.000443,original
0.47414482896579324,-3.533300644135852e-05,interpolado
0.47424464892978596,-0.000498662138153468,interpolado
0.4743444688937788,-0.0010046028489932419,interpolado
0.4744442888577715,-0.0014953878231339286,interpolado
0.4745441088217644,-0.001913249744748738,interpolado
0.4746439287857571,-0.0022004212980101935,interpolado
0.47474374874974995,-0.002299135167091555,interpolado
0.47484356871374267,-0.002151624036165696,interpolado
0.47494338867773545,-0.0017001205894057415,interpolado
0.475,-0.001287,original
0.47514302860572105,0.0002662246624474963,interpolado
0.4752428485697139,0.0016658601276132842,interpolado
0.4753426685337067,0.00320505032043859,interpolado
0.47544248849769954,0.004778994254535825,interpolado
0.4755423084616923,0.006282890943517467,interpolado
0.4756421284256851,0.0076119394009934865,interpolado
0.4757419483896779,0.008661338640576924,interpolado
0.4758417683536707,0.00932628767587825,interpolado
0.4759415883176635,0.009501985520509819,interpolado
0.476,0.009336,original
0.47614122824564914,0.008081428844805665,interpolado
0.476241048209642,0.006617388623209247,interpolado
0.4763408681736347,0.004833252513035596,interpolado
0.47644068813762736,0.0028678637308623615,interpolado
0.4765405081016203,0.0008600654932667967,interpolado
0.476640328065613,-0.0010512989831704604,interpolado
0.4767401480296058,-0.0027273864818730055,interpolado
0.4768399679935986,-0.004029353786260573,interpolado
0.4769397879575914,-0.004818357679755811,interpolado
0.477,-0.004988,original
0.47713942788557695,-0.004427905599053033,interpolado
0.47723924784957,-0.0033547612841555692,interpolado
0.4773390678135626,-0.001877141428283935,interpolado
0.4774388877775555,-0.00013318149995903973,interpolado
0.4775387077415484,0.0017389830322988033,interpolado
0.47763852770554105,0.0036012166999660773,interpolado
0.477738347669534,0.00531538403452333,interpolado
0.47783816763352677,0.0067433495674472195,interpolado
0.4779379875975196,0.007746977830217396,interpolado
0.478,0.008096,original
0.4781376275255052,0.008037628453936853,interpolado
0.478237447489498,0.007389990943714691,interpolado
0.47833726745349087,0.006358749417547861,interpolado
0.47843708741748353,0.005055173873653423,interpolado
0.47853690738147636,0.0035905343102478468,interpolado
0.47863672734546914,0.0020761007255501096,interpolado
0.4787365473094619,0.0006231431177759647,interpolado
0.4788363672734547,-0.0006570685148556206,interpolado
0.4789361872374474,-0.0016532641741281828,interpolado
0.479,-0.00209,original
0.47913582716543307,-0.002426205406579887,interpolado
0.47923564712942585,-0.0022306793035747766,interpolado
0.4793354670934186,-0.0017427594308321265,interpolado
0.47943528705741145,-0.0010361625439960966,interpolado
0.4795351070214042,-0.00018460539871036067,interpolado
0.4796349269853969,0.0007381952493799287,interpolado
0.4797347469493897,0.001658522644631535,interpolado
0.47983456691338255,0.0025026600313992277,interpolado
0.47993438687737544,0.003196890654039353,interpolado
0.48,0.003536,original
0.480134026805361,0.003888422231134381,interpolado
0.4802338467693537,0.0038961091020963037,interpolado
0.48033366673334654,0.003735764163108607,interpolado
0.48043348669733943,0.0034518008949692507,interpolado
0.4805333066613322,0.003088632778475737,interpolado
0.4806331266253249,0.0026906732944262522,interpolado
0.48073294658931776,0.002302335923618376,interpolado
0.48083276655331053,0.001968034146849708,interpolado
0.4809325865173033,0.0017321814449184042,interpolado
0.481,0.001651,original
0.4811322264452889,0.0017040242307711053,interpolado
0.48123204640928174,0.0019002689283502056,interpolado
0.48133186637327463,0.002195876615962826,interpolado
0.48143168633726735,0.0025592320985534213,interpolado
0.4815315063012601,0.0029587201810671562,interpolado
0.48163132626525296,0.0033627256684483735,interpolado
0.4817311462292457,0.003739633365642084,interpolado
0.4818309661932385,0.004057828077593242,interpolado
0.4819307861572313,0.004285694609246277,interpolado
0.482,0.004374,original
0.48213042608521695,0.004362480397400221,interpolado
0.4822302460492097,0.004212940655942855,interpolado
0.48233006601320255,0.0039613772899047325,interpolado
0.4824298859771954,0.0036259300152936096,interpolado
0.4825297059411882,0.0032247385481165985,interpolado
0.48262952590518093,0.0027759426043816203,interpolado
0.48272934586917376,0.002297681900095934,interpolado
0.48282916583316654,0.0018080961512667334,interpolado
0.48292898579715937,0.0013253250739020356,interpolado
0.483,0.000996,original
0.48312862572514503,0.0004476260893021892,interpolado
0.4832284456891378,7.039086135333564e-05,interpolado
0.48332826565313075,-0.00026058475725874764,interpolado
0.48342808561712347,-0.0005416302704495368,interpolado
0.4835279055811163,-0.0007690751821351852,interpolado
0.4836277255451091,-0.0009392489962312847,interpolado
0.4837275455091018,-0.0010484812166538222,interpolado
0.48382736547309463,-0.0010931013473186497,interpolado
0.48392718543708735,-0.0010694388921415618,interpolado
0.484,-0.001007,original
0.484126825365073,-0.0008104890269537506,interpolado
0.4842266453290657,-0.0005971651332357923,interpolado
0.4843264652930586,-0.0003533821515603696,interpolado
0.4844262852570513,-9.859424217931633e-05,interpolado
0.4845261052210441,0.0001477444346560729,interpolado
0.48462592518503694,0.0003661797186939624,interpolado
0.48472574514902966,0.0005372574496829389,interpolado
0.48482556511302244,0.0006415234673714837,interpolado
0.48492538507701516,0.0006595236115079189,interpolado
0.485,0.000605,original
0.4851250250050009,0.000371533641254451,interpolado
0.48522484496899376,7.481423234485327e-05,interpolado
0.48532466493298654,-0.0002991565127946787,interpolado
0.4854244848969793,-0.0007312840373459346,interpolado
0.4855243048609722,-0.001202473784491318,interpolado
0.48562412482496503,-0.0016936311974133182,interpolado
0.485723944788958,-0.0021856617192935962,interpolado
0.48582376475295075,-0.0026594707933148905,interpolado
0.4859235847169434,-0.0030959638626588785,interpolado
0.486,-0.003393,original
0.4861232246449293,-0.003788114538329248,interpolado
0.486223044608922,-0.004035024630362235,interpolado
0.4863228645729149,-0.004221624601505444,interpolado
0.48642268453690757,-0.0043527110800692164,interpolado
0.48652250450090034,-0.004433080694364228,interpolado
0.4866223244648931,-0.004467530072701033,interpolado
0.48672214442888584,-0.004460855843390151,interpolado
0.4868219643928787,-0.0044178546347421275,interpolado
0.4869217843568715,-0.0043433230750675655,interpolado
0.487,-0.004266,original
0.4871214242848571,-0.004118710081275119,interpolado
0.48722124424884977,-0.003977633412131023,interpolado
0.48732106421284266,-0.0038231391372637955,interpolado
0.48742088417683543,-0.0036595394272975327,interpolado
0.4875207041408281,-0.0034911464528560743,interpolado
0.48762052410482093,-0.003322272384563253,interpolado
0.48772034406881376,-0.0031572293930431806,interpolado
0.4878201640328066,-0.0030003296489196037,interpolado
0.4879199839967994,-0.0028558853228166214,interpolado
0.488,-0.002752,original
0.4881196239247851,-0.0026244879080620067,interpolado
0.48821944388877775,-0.0025581627841744932,interpolado
0.4883192638527706,-0.002543585726854954,interpolado
0.4884190838167633,-0.002595096198486519,interpolado
0.48851890378075613,-0.0027270336614522717,interpolado
0.488618723744749,-0.002953737578135475,interpolado
0.4887185437087418,-0.003289547410918991,interpolado
0.4888183636727346,-0.0037488026221863162,interpolado
0.4889181836367275,-0.004345842674320057,interpolado
0.489,-0.004948,original
0.489117823564713,-0.005990459261475761,interpolado
0.48921764352870584,-0.006979899774718777,interpolado
0.48931746349269867,-0.008003985564899556,interpolado
0.48941728345669144,-0.009003445607895037,interpolado
0.48951710342068416,-0.009919008879583902,interpolado
0.489616923384677,-0.010691404355844633,interpolado
0.48971674334866977,-0.011261361012554458,interpolado
0.4898165633126626,-0.011569607825592045,interpolado
0.48991638327665543,-0.011556873770835134,interpolado
0.49,-0.011256,original
0.4901160232046409,-0.010369307123220765,interpolado
0.4902158431686338,-0.009244274184049845,interpolado
0.4903156631326266,-0.007874542083072786,interpolado
0.4904154830966195,-0.006345760588973426,interpolado
0.4905153030606121,-0.004743579470433351,interpolado
0.49061512302460486,-0.0031536484961339874,interpolado
0.49071494298859775,-0.0016616174347594149,interpolado
0.49081476295259047,-0.0003531360549903704,interpolado
0.49091458291658335,0.0006861458744893736,interpolado
0.491,0.001297,original
0.49111422284456885,0.0016512658026122346,interpolado
0.4912140428085617,0.0015741448004367067,interpolado
0.49131386277255445,0.0012008176001034197,interpolado
0.4914136827365473,0.0005928125367643108,interpolado
0.4915135027005401,-0.00018834205442759137,interpolado
0.4916133226645329,-0.0010811178383207567,interpolado
0.49171314262852567,-0.0020239864797618377,interpolado
0.49181296259251844,-0.0029554196435989796,interpolado
0.49191278255651133,-0.0038138889946803,interpolado
0.492,-0.004456,original
0.492112422484497,-0.005083041518547403,interpolado
0.49221224244848977,-0.005452091228762176,interpolado
0.4923120624124826,-0.005655828480468638,interpolado
0.4924118823764753,-0.005705042170120259,interpolado
0.49251170234046804,-0.005610521194170476,interpolado
0.4926115223044609,-0.005383054449072687,interpolado
0.49271134226845376,-0.005033430831280631,interpolado
0.49281116223244653,-0.004572439237247704,interpolado
0.4929109821964394,-0.004010868563427057,interpolado
0.493,-0.003434,original
0.49311062212442497,-0.002634906722361478,interpolado
0.49321044208841763,-0.0018702336817945466,interpolado
0.49331026205241063,-0.0011016801389479238,interpolado
0.49341008201640335,-0.00036543228386325566,interpolado
0.4935099019803961,0.0003023236934165779,interpolado
0.4936097219443889,0.0008654016028502335,interpolado
0.49370954190838173,0.0012876152543950304,interpolado
0.4938093618723746,0.0015327784580092699,interpolado
0.49390918183636734,0.0015647050236508619,interpolado
0.494,0.001378,original
0.49410882176435283,0.00086885207862729,interpolado
0.4942086417283458,0.00019362722601131208,interpolado
0.49430846169233844,-0.0006000321283638239,interpolado
0.49440828165633127,-0.001433706324785699,interpolado
0.494508101620324,-0.002228975703540472,interpolado
0.4946079215843169,-0.0029074206049160565,interpolado
0.49470774154830965,-0.0033906213691987834,interpolado
0.49480756151230243,-0.0036001583366761904,interpolado
0.49490738147629526,-0.003457611847635208,interpolado
0.495,-0.002942,original
0.4951070214042809,-0.0018421214899894509,interpolado
0.4952068413682737,-0.00041866913688942475,interpolado
0.49530666133226653,0.0012717443071121538,interpolado
0.4954064812962593,0.003115080376748987,interpolado
0.495506301260252,0.004997300606751634,interpolado
0.49560612122424497,0.006804366531854704,interpolado
0.4957059411882377,0.008422239686788794,interpolado
0.4958057611522305,0.009736881606287592,interpolado
0.49590558111622335,0.010634253825084126,interpolado
0.496,0.010996,original
0.49610522104420907,0.010765521758880708,interpolado
0.49620504100820173,0.010011554268230976,interpolado
0.4963048609721946,0.008852272027927356,interpolado
0.4964046809361874,0.007401525643186405,interpolado
0.4965045009001801,0.005773165719227205,interpolado
0.49660432086417294,0.004081042861265498,interpolado
0.49670414082816566,0.0024390076745206364,interpolado
0.4968039607921586,0.0009609107642091044,interpolado
0.49690378075615144,-0.00023939726445225016,interpolado
0.497,-0.001027,original
0.4971034206841369,-0.0013841919408773902,interpolado
0.4972032406481296,-0.001285136349583965,interpolado
0.4973030606121225,-0.0008147984067687779,interpolado
0.49740288057611537,-3.7076096336333586e-05,interpolado
0.49750270054010803,0.0009841325978075226,interpolado
0.49760252050410086,0.0021849296917581945,interpolado
0.49770234046809375,0.003501417201611485,interpolado
0.4978021604320865,0.004869697143460951,interpolado
0.49790198039607936,0.006225871533403082,interpolado
0.498,0.007484,original
0.4981016203240649,0.008646311721941708,interpolado
0.4982014402880577,0.009582781552729507,interpolado
0.49830126025205046,0.010251553895988792,interpolado
0.49840108021604335,0.010588730767815267,interpolado
0.49850090018003607,0.010530414184303576,interpolado
0.4986007201440289,0.010012706161549065,interpolado
0.4987005401080217,0.00897170871564604,interpolado
0.49880036007201445,0.007343523862690679,interpolado
0.4989001800360072,0.005064253618776148,interpolado
0.499,0.00207,original
