Time - Voltage_1,Amplitude - Voltage_1,tipo_valor
0.0,0.001974,original
9.981996399279867e-05,0.0007889643026082555,interpolado
0.00019963992798559732,-0.00031508490921618957,interpolado
0.000299459891978396,-0.0013387485776651551,interpolado
0.00039927985597119453,-0.0022826276449304608,interpolado
0.0004990998199639931,-0.003147323053203926,interpolado
0.0005989197839567919,-0.003933435744677373,interpolado
0.0006987397479495905,-0.004641566661542617,interpolado
0.0007985597119423888,-0.005272316745991481,interpolado
0.0008983796759351872,-0.005826286940215783,interpolado
0.001,-0.006312,original
0.0010980196039207845,-0.006706291426757987,interpolado
0.0011978395679135832,-0.007033527603459527,interpolado
0.0012976595319063818,-0.007286387658703785,interpolado
0.0013974794958991803,-0.007465472534682582,interpolado
0.0014972994598919786,-0.007571383173587735,interpolado
0.0015971194238847772,-0.007604720517611068,interpolado
0.0016969393878775757,-0.007566085508944396,interpolado
0.0017967593518703746,-0.007456079089779543,interpolado
0.001896579315863173,-0.007275302202308328,interpolado
0.002,-0.007014,original
0.00209621924384877,-0.006705779019204155,interpolado
0.0021960392078415694,-0.006330750752625047,interpolado
0.002295859171834368,-0.005912856248530197,interpolado
0.002395679135827166,-0.005465680868039637,interpolado
0.0024954990998199648,-0.005002809972273404,interpolado
0.0025953190638127637,-0.004537828922351528,interpolado
0.0026951390278055617,-0.004084323079394047,interpolado
0.002794958991798361,-0.0036558778045209838,interpolado
0.0028947789557911595,-0.0032660784588523766,interpolado
0.003,-0.002912,original
0.003094418883776757,-0.002653652819355282,interpolado
0.0031942388477695545,-0.0024373663915685006,interpolado
0.0032940588117623534,-0.002271215225586634,interpolado
0.0033938787757551514,-0.002146762845425745,interpolado
0.0034936987397479503,-0.0020555727751018927,interpolado
0.0035935187037407475,-0.001989208538631139,interpolado
0.003693338667733547,-0.0019392336600295489,interpolado
0.0037931586317263444,-0.0018972116633131802,interpolado
0.003892978595719143,-0.0018547060724980957,interpolado
0.004,-0.001799,original
0.004092618523704739,-0.0017363843503245702,interpolado
0.004192438487697538,-0.0016568413050932161,interpolado
0.004292258451690337,-0.001570381149979695,interpolado
0.0043920784156831335,-0.001482734645681979,interpolado
0.004491898379675935,-0.0013996325528980401,interpolado
0.004591718343668733,-0.0013268056323258526,interpolado
0.00469153830766153,-0.001269984644663387,interpolado
0.00479135827165433,-0.0012349003506086178,interpolado
0.004891178235647129,-0.0012272835108595166,interpolado
0.005,-0.001257,original
0.005090818163632725,-0.001313859721554132,interpolado
0.005190638127625526,-0.001394029096253211,interpolado
0.005290458091618324,-0.0014710996941190242,interpolado
0.005390278055611122,-0.001522794775648622,interpolado
0.0054900980196039215,-0.0015268376013390515,interpolado
0.00558991798359672,-0.0014609514316873626,interpolado
0.005689737947589518,-0.001302859527190603,interpolado
0.005789557911582318,-0.0010302851483458184,interpolado
0.005889377875575115,-0.0006209515556500626,interpolado
0.006,1.94e-05,original
0.006089017803560713,0.0006875263134222908,interpolado
0.006188837767553511,0.001558976243932672,interpolado
0.00628865773154631,0.0025030658361054428,interpolado
0.006388477695539108,0.003461076036445658,interpolado
0.006488297659531905,0.004374287791458394,interpolado
0.006588117623524705,0.005183982047648736,interpolado
0.006687937587517502,0.0058314397515217345,interpolado
0.006787757551510303,0.006257941849582475,interpolado
0.006887577515503101,0.006404769288336022,interpolado
0.007,0.006162,original
0.007087217443488696,0.005640452197663902,interpolado
0.007187037407481496,0.004737101005797284,interpolado
0.007286857371474294,0.003587654147444053,interpolado
0.007386677335467093,0.002276664385358833,interpolado
0.007486497299459892,0.0008886844822962828,interpolado
0.0075863172634526915,-0.0004917327989889701,interpolado
0.00768613722744549,-0.001780034695742301,interpolado
0.007785957191438287,-0.002891668445209046,interpolado
0.007885777155431088,-0.003742081284634587,interpolado
0.008,-0.004286,original
0.008085417083416686,-0.004337827073831068,interpolado
0.008185237047409484,-0.004051744358035183,interpolado
0.008285057011402286,-0.0034646518249885202,interpolado
0.008384876975395084,-0.002652809508654245,interpolado
0.008484696939387882,-0.0016924774429955443,interpolado
0.00858451690338068,-0.0006599156619755441,interpolado
0.00868433686737348,0.00036861580044257413,interpolado
0.00878415683136628,0.0013168569102956264,interpolado
0.008883976795359077,0.0021085476336204865,interpolado
0.009,0.002731,original
0.009083616723344675,0.002929347759633516,interpolado
0.00918343668733747,0.002909573523919894,interpolado
0.009283256651330271,0.00265537096862762,interpolado
0.009383076615323067,0.002214093952049036,interpolado
0.009482896579315865,0.0016330963324765037,interpolado
0.009582716543308663,0.0009597319682023494,interpolado
0.009682536507301462,0.0002413547175189302,interpolado
0.009782356471294258,-0.0004746815612813946,interpolado
0.00988217643528706,-0.0011410230099063007,interpolado
0.01,-0.001799,original
0.010081816363272652,-0.002141120595356637,interpolado
0.010181636327265452,-0.0024330561207780085,interpolado
0.01028145629125825,-0.002603153433282128,interpolado
0.01038127625525105,-0.002668506640615588,interpolado
0.010481096219243848,-0.0026462098505249825,interpolado
0.010580916183236646,-0.002553357170756902,interpolado
0.010680736147229445,-0.0024070427090579394,interpolado
0.010780556111222242,-0.0022243605731746886,interpolado
0.01088037607521504,-0.0020224048708537374,interpolado
0.011,-0.001779,original
0.01108001600320064,-0.0016277944466608358,interpolado
0.011179835967193439,-0.0014575926304869343,interpolado
0.011279655931186237,-0.001310161324706069,interpolado
0.011379475895179035,-0.0011879785695190499,interpolado
0.011479295859171835,-0.0010935224051266783,interpolado
0.011579115823164633,-0.0010292708717297642,interpolado
0.011678935787157431,-0.0009977020095291145,interpolado
0.01177875575115023,-0.001001293858725535,interpolado
0.01187857571514303,-0.0010425244595198327,interpolado
0.012,-0.001147,original
0.012078215643128627,-0.0012465777848332154,interpolado
0.012178035607121426,-0.001402249064800073,interpolado
0.012277855571114226,-0.0015779712320759499,interpolado
0.01237767553510702,-0.0017608037734673234,interpolado
0.012477495499099822,-0.0019378061757806808,interpolado
0.01257731546309262,-0.0020960379258224988,interpolado
0.012677135427085416,-0.0022225585103992558,interpolado
0.012776955391078218,-0.002304427416317437,interpolado
0.012876775355071018,-0.00232870413038352,interpolado
0.013,-0.00226,original
0.013076415283056614,-0.0021549187390261853,interpolado
0.013176235247049412,-0.0019535609993023718,interpolado
0.01327605521104221,-0.0016947915455665522,interpolado
0.013375875175035011,-0.0013950902082988286,interpolado
0.01347569513902781,-0.001070936817979315,interpolado
0.013575515103020611,-0.0007388112050881221,interpolado
0.01367533506701341,-0.0004151932001053672,interpolado
0.013775155031006209,-0.00011656263351114908,interpolado
0.01387497499499901,0.0001406006642144157,interpolado
0.014,0.000379,original
0.014074614922984603,0.0004671410430934076,interpolado
0.014174434886977401,0.0005308767667722341,interpolado
0.014274254850970199,0.0005508622421621065,interpolado
0.014374074814962995,0.0005470333898237069,interpolado
0.014473894778955797,0.0005393261303177164,interpolado
0.014573714742948593,0.0005476763842048159,interpolado
0.01467353470694139,0.0005920200720456873,interpolado
0.014773354670934187,0.0006922931144010119,interpolado
0.014873174634926982,0.0008684314318314672,interpolado
0.015,0.001233,original
0.01507281456291258,0.0015246603637682021,interpolado
0.01517263452690538,0.0020062563198361273,interpolado
0.015272454490898178,0.0025529085842261314,interpolado
0.015372274454890979,0.0031321941298176606,interpolado
0.015472094418883775,0.0037116899294901673,interpolado
0.015571914382876577,0.004258972956123099,interpolado
0.015671734346869373,0.0047416201825959264,interpolado
0.015771554310862173,0.005127208581788091,interpolado
0.015871374274854976,0.005383315126579063,interpolado
0.016,0.00547,original
0.016071014202840572,0.005381543724369808,interpolado
0.016170834166833372,0.005108332192891966,interpolado
0.016270654130826165,0.004694388743220133,interpolado
0.01637047409481896,0.0041764971167349355,interpolado
0.016470294058811764,0.003591441054816981,interpolado
0.016570114022804557,0.002976004298846936,interpolado
0.016669933986797354,0.002366970590205413,interpolado
0.016769753950790153,0.0018011236702730198,interpolado
0.016869573914782953,0.0013152472804304257,interpolado
0.017,0.000862,original
0.017069213842768553,0.0007265962866654344,interpolado
0.017169033806761345,0.0006478189855505727,interpolado
0.01726885377075415,0.0006759200647709803,interpolado
0.017368673734746952,0.0007766852414194418,interpolado
0.01746849369873975,0.0009159002325887255,interpolado
0.017568313662732548,0.0010593507553716124,interpolado
0.01766813362672535,0.0011728225268608837,interpolado
0.017767953590718144,0.0012221012641493076,interpolado
0.017867773554710947,0.0011729726843296635,interpolado
0.018,0.000898,original
0.018067413482696543,0.0006468494613108161,interpolado
0.01816723344668934,0.00015731674332729458,interpolado
0.018267053410682136,-0.00042999318354072926,interpolado
0.01836687337467494,-0.0010672298501833127,interpolado
0.01846669333866774,-0.0017065427874905156,interpolado
0.018566513302660535,-0.002300081526352337,interpolado
0.018666333266653328,-0.0027999955976588365,interpolado
0.01876615323064613,-0.0031584345323000668,interpolado
0.018865973194638928,-0.0033275478611660414,interpolado
0.019,-0.003173,original
0.019065613122624524,-0.0029118046281977022,interpolado
0.01916543308661732,-0.0023071249443432367,interpolado
0.019265253050610116,-0.001511099250815494,interpolado
0.019365073014602913,-0.0005901471568580015,interpolado
0.019464892978595716,0.0003893117282856215,interpolado
0.019564712942588512,0.0013608577953718494,interpolado
0.019664532906581312,0.002258071435157152,interpolado
0.01976435287057411,0.003014533038397913,interpolado
0.019864172834566908,0.003563822995850603,interpolado
0.02,0.003859,original
0.02006381276255251,0.0037810705545116593,interpolado
0.020163632726545307,0.0034032905587104674,interpolado
0.02026345269053811,0.002773311865382918,interpolado
0.02036327265453091,0.001959317605178832,interpolado
0.02046309261852371,0.0010294909087479667,interpolado
0.02056291258251651,5.201490674006158e-05,interpolado
0.020662732546509306,-0.0009049272701950333,interpolado
0.02076255251050211,-0.0017731524914076093,interpolado
0.02086237247449491,-0.0024844776262478267,interpolado
0.021,-0.003082,original
0.02106201240248051,-0.0031688745454737997,interpolado
0.021161832366473305,-0.0030872751832577206,interpolado
0.021261652330466105,-0.002786177951339905,interpolado
0.0213614722944589,-0.0023270131120193536,interpolado
0.021461292258451697,-0.0017712109275951184,interpolado
0.021561112222444494,-0.0011802016603661987,interpolado
0.02166093218643729,-0.0006154155726315981,interpolado
0.02176075215043009,-0.0001382829266903734,interpolado
0.021860572114422883,0.00018976601515847936,interpolado
0.022,0.000282,original
0.02206021204240848,0.00015729741370921593,interpolado
0.022160032006401275,-0.0002521772377516456,interpolado
0.022259851970394078,-0.0008633685779608017,interpolado
0.02235967193438687,-0.0016172681889602943,interpolado
0.022459491898379667,-0.0024548676527922273,interpolado
0.022559311862372467,-0.0033171585514987167,interpolado
0.022659131826365267,-0.004145132467121788,interpolado
0.02275895179035806,-0.004879780981703555,interpolado
0.022858771754350866,-0.005462095677286125,interpolado
0.023,-0.005911,original
0.02305841168233646,-0.005937377390087086,interpolado
0.023158231646329266,-0.005778253196462772,interpolado
0.023258051610322066,-0.005405789083009967,interpolado
0.023357871574314865,-0.004871392254944197,interpolado
0.02345769153830767,-0.004226469917480963,interpolado
0.023557511502300465,-0.0035224292758358304,interpolado
0.02365733146629326,-0.0028106775352243043,interpolado
0.02375715143028606,-0.0021426219008618846,interpolado
0.023856971394278864,-0.001569669577964145,interpolado
0.024,-0.001017,original
0.024056611322264457,-0.0009119373274059095,interpolado
0.024156431286257257,-0.0008771372237577764,interpolado
0.024256251250250056,-0.001000472876742938,interpolado
0.024356071214242853,-0.0012423596866267361,interpolado
0.024455891178235652,-0.0015632130536745237,interpolado
0.02455571114222845,-0.0019234483781516638,interpolado
0.02465553110622125,-0.002283481060323481,interpolado
0.024755351070214045,-0.00260372650045534,interpolado
0.024855171034206848,-0.0028446000988125975,interpolado
0.025,-0.002972,original
0.02505481096219244,-0.002931321953001561,interpolado
0.025154630926185237,-0.00272722070872671,interpolado
0.02525445089017804,-0.002365611231572511,interpolado
0.025354270854170833,-0.001858682274856173,interpolado
0.025454090818163633,-0.0012186225918948892,interpolado
0.025553910782156432,-0.00045762093600592115,interpolado
0.02565373074614923,0.00041213393949353675,interpolado
0.02575355071014203,0.0013784532812863028,interpolado
0.02585337067413483,0.0024291483360550942,interpolado
0.026,0.0041,original
0.02605301060212042,0.0047342287757020105,interpolado
0.026152830566113224,0.005949262330648383,interpolado
0.026252650530106014,0.00715809868328263,interpolado
0.02635247049409882,0.008321236078837784,interpolado
0.026452290458091617,0.009399172762546763,interpolado
0.026552110422084416,0.0103524069796426,interpolado
0.026651930386077216,0.011141436975358309,interpolado
0.026751750350070016,0.011726760994926833,interpolado
0.026851570314062816,0.0120688772835812,interpolado
0.027,0.012043,original
0.02705121024204842,0.011868043542467191,interpolado
0.02715103020604122,0.011306731168336737,interpolado
0.02725085017003401,0.010516581060711624,interpolado
0.02735067013402681,0.009572020115456966,interpolado
0.027450490098019614,0.008547475228437861,interpolado
0.02755031006201241,0.007517373295519509,interpolado
0.027650130026005214,0.006556141212567015,interpolado
0.027749949989998014,0.005738205875445481,interpolado
0.02784976995399081,0.0051379941800200985,interpolado
0.027949589917983606,0.0048299330221559696,interpolado
0.028,0.004809,original
0.028149229845969206,0.005293863561955157,interpolado
0.028249049809962005,0.0059654898257779,interpolado
0.028348869773954805,0.00680535140237263,interpolado
0.028448689737947598,0.007718887411446457,interpolado
0.0285485097019404,0.00861153697270658,interpolado
0.028648329665933194,0.009388739205860194,interpolado
0.028748149629925987,0.009955933230614411,interpolado
0.028847969593918794,0.01021855816667644,interpolado
0.028947789557911587,0.010082053133753432,interpolado
0.029,0.00982,original
0.02914742948589718,0.008344482676433954,interpolado
0.029247249449889975,0.006856065336496256,interpolado
0.02934706941388278,0.005102636602991434,interpolado
0.029446889377875568,0.003196487283489067,interpolado
0.029546709341868368,0.0012499081855587158,interpolado
0.029646529305861168,-0.0006248098832298608,interpolado
0.029746349269853964,-0.0023153761153071107,interpolado
0.02984616923384676,-0.0037094997031034437,interpolado
0.02994598919783956,-0.004694889839049141,interpolado
0.03,-0.005018,original
0.03014562912582516,-0.0050968477406175125,interpolado
0.030245449089817963,-0.004585853661155339,interpolado
0.03034526905381076,-0.0037231608864577875,interpolado
0.030445089017803562,-0.002602340707944561,interpolado
0.030544908981796355,-0.0013169644170354824,interpolado
0.030644728945789155,3.939669484979074e-05,interpolado
0.030744548909781958,0.0013731713362914147,interpolado
0.03084436887377475,0.00259078821586969,interpolado
0.030944188837767558,0.0035986760421649073,interpolado
0.031,0.004036,original
0.03114382876575315,0.00468136165162601,interpolado
0.03124364872974596,0.004770403859429273,interpolado
0.03134346869373875,0.004620000929652372,interpolado
0.03144328865773155,0.004277747393215113,interpolado
0.03154310862172435,0.0037912377810373037,interpolado
0.031642928585717156,0.0032080666240387463,interpolado
0.03174274854970995,0.002575828453139199,interpolado
0.03184256851370275,0.0019421177992585586,interpolado
0.03194238847769555,0.0013545291933165834,interpolado
0.032,0.001055,original
0.03214202840568114,0.00048211536422391944,interpolado
0.03224184836967394,0.00021616131471943148,interpolado
0.03234166833366674,5.559088121352521e-05,interpolado
0.03244148829765954,-6.118164062223847e-06,interpolado
0.03254130826165234,2.4511951123782472e-05,interpolado
0.032641128225645126,0.00014095899900314196,interpolado
0.03274094818963792,0.00033670075180745266,interpolado
0.03284076815363072,0.0006052149817683335,interpolado
0.03294058811762353,0.0009399794611173449,interpolado
0.033,0.001168,original
0.03314022804560912,0.0017730244969063746,interpolado
0.03324004800960192,0.0022306735887968167,interpolado
0.033339867973594714,0.002680884853990873,interpolado
0.03343968793758752,0.0030973427452697924,interpolado
0.03353950790158032,0.003453731715414736,interpolado
0.03363932786557312,0.0037237362172069578,interpolado
0.03373914782956591,0.0038810407034276777,interpolado
0.033838967793558716,0.003899329626858119,interpolado
0.033938787757551506,0.003752287440279502,interpolado
0.034,0.003569,original
0.03413842768553711,0.002892188230414159,interpolado
0.03423824764952991,0.0022356828490539297,interpolado
0.034338067613522705,0.001497814228647327,interpolado
0.0344378875775155,0.0007315496094307016,interpolado
0.0345377075415083,-1.0143768359598658e-05,interpolado
0.0346375275055011,-0.0006742986644872606,interpolado
0.03473734746949389,-0.0012079478387158396,interpolado
0.03483716743348669,-0.0015581240508090327,interpolado
0.03493698739747949,-0.00167186006053049,interpolado
0.035,-0.001598,original
0.035136627325465096,-0.0010278093245131667,interpolado
0.03523644728945789,-0.00032218296256637075,interpolado
0.035336267253450696,0.0005564729827658921,interpolado
0.03543608721744349,0.0015449121219519274,interpolado
0.03553590718143629,0.002579888065459997,interpolado
0.03563572714542908,0.0035981544237583597,interpolado
0.03573554710942189,0.004536464807315338,interpolado
0.03583536707341469,0.005331572826599061,interpolado
0.03593518703740749,0.005920232092077856,interpolado
0.036,0.006162,original
0.036134826965393094,0.006267596529591268,interpolado
0.03623464692938588,0.006038437435939825,interpolado
0.036334466893378686,0.005592397959279497,interpolado
0.03643428685737148,0.004969415350771356,interpolado
0.036534106821364286,0.004209426861576391,interpolado
0.036633926785357075,0.0033523697428556017,interpolado
0.03673374674934987,0.0024381812457700018,interpolado
0.036833566713342675,0.0015067986214805972,interpolado
0.03693338667733548,0.0005981591211483355,interpolado
0.037,2.42e-05,original
0.037133026605321064,-0.001008558740060526,interpolado
0.03723284656931387,-0.0016853338005083838,interpolado
0.037332666533306656,-0.0022826125640632165,interpolado
0.03743248649729945,-0.0028046114909234627,interpolado
0.03753230646129226,-0.003255547041287592,interpolado
0.03763212642528505,-0.0036396356753539806,interpolado
0.03773194638927785,-0.003961093853321102,interpolado
0.03783176635327065,-0.004224138035387397,interpolado
0.03793158631726345,-0.004432984681751301,interpolado
0.038,-0.004547,original
0.03813122624524904,-0.0047064108448457796,interpolado
0.038231046209241844,-0.004784470722181654,interpolado
0.03833086617323465,-0.004834121014668101,interpolado
0.03843068613722745,-0.004863432843039958,interpolado
0.03853050610122025,-0.004880477328032062,interpolado
0.03863032606521305,-0.004893325590379256,interpolado
0.038730146029205846,-0.004910048750816378,interpolado
0.038829965993198635,-0.004938717930078265,interpolado
0.03892978595719144,-0.0049874042488997575,interpolado
0.039,-0.005038,original
0.039129425885177045,-0.005167658602358172,interpolado
0.03922924584916984,-0.005281740265275929,interpolado
0.03932906581316264,-0.005388358368128309,interpolado
0.039428885777155434,-0.00546956062318629,interpolado
0.03952870574114822,-0.005507394742720833,interpolado
0.039628525705141034,-0.005483908439002905,interpolado
0.03972834566913384,-0.005381149424303473,interpolado
0.03982816563312663,-0.005181165410893481,interpolado
0.03992798559711943,-0.004866004111043924,interpolado
0.04,-0.004557,original
0.040127625525105015,-0.0038378829938633193,interpolado
0.040227445489097825,-0.003160544869958534,interpolado
0.04032726545309062,-0.002424049702601979,interpolado
0.040427085417083425,-0.001666546230940616,interpolado
0.04052690538107623,-0.0009261831941215652,interpolado
0.04062672534506901,-0.00024110933129178956,interpolado
0.04072654530906182,0.00035052661840169697,interpolado
0.04082636527305462,0.0008105759158118786,interpolado
0.040926185237047406,0.0011008898217917426,interpolado
0.041,0.001184,original
0.04112582516503301,0.0010449253774727767,interpolado
0.0412256451290258,0.0007173198861167229,interpolado
0.041325465093018605,0.00023809561924407327,interpolado
0.04142528505701141,-0.00035537747906666734,interpolado
0.04152510502100421,-0.0010257294647370394,interpolado
0.041624924984997015,-0.0017355903936884403,interpolado
0.041724744948989805,-0.0024475903218424094,interpolado
0.04182456491298261,-0.00312435930512044,interpolado
0.0419243848769754,-0.0037285273994440244,interpolado
0.042,-0.004115,original
0.04212402480496101,-0.0045843412401442955,interpolado
0.0422238447689538,-0.004818503851697752,interpolado
0.0423236647329466,-0.004934123022581606,interpolado
0.0424234846969394,-0.00493999956392274,interpolado
0.042523304660932196,-0.004844934286848038,interpolado
0.04262312462492499,-0.004657728002484388,interpolado
0.04272294458891779,-0.004387181521958651,interpolado
0.042822764552910585,-0.004042095656397753,interpolado
0.04292258451690339,-0.0036312712169285608,interpolado
0.043,-0.003273,original
0.04312222444488898,-0.0026511928403568454,interpolado
0.04322204440888176,-0.002113857304700252,interpolado
0.04332186437287459,-0.001572035737594766,interpolado
0.04342168433686737,-0.0010462394003277068,interpolado
0.043521504300860166,-0.0005569795541862782,interpolado
0.043621324264852976,-0.00012476746045772178,interpolado
0.04372114422884576,0.00022988561957071817,interpolado
0.04382096419283857,0.00048646842461180084,interpolado
0.04392078415683137,0.0006244696933782875,interpolado
0.044,0.000636,original
0.044120424084816964,0.00047811734502973267,interpolado
0.044220244048809754,0.00021629353794660696,interpolado
0.04432006401280256,-0.0001297843690146441,interpolado
0.04441988397679535,-0.0005278847958232113,interpolado
0.044519703940788156,-0.0009457761624483118,interpolado
0.04461952390478095,-0.0013512268888590776,interpolado
0.04471934386877376,-0.0017120053950247262,interpolado
0.044819163832766545,-0.0019958801009144476,interpolado
0.044918983796759356,-0.002170619426497433,interpolado
0.045,-0.00221,original
0.04511862372474495,-0.002080579997364246,interpolado
0.04521844368873775,-0.0018227082121674042,interpolado
0.04531826365273055,-0.0014583250066758965,interpolado
0.045418083616723344,-0.0010153119783200115,interpolado
0.04551790358071613,-0.0005215507245300399,interpolado
0.04561772354470895,-4.922842736232806e-06,interpolado
0.04571754350870173,0.0005066900696310475,interpolado
0.045817363472694536,0.0009854064151415482,interpolado
0.045917183436687325,0.0014033445963649801,interpolado
0.046,0.001684,original
0.046116823364672925,0.0019612775670357096,interpolado
0.04621664332866572,0.0021151871270953296,interpolado
0.046316463292658525,0.0022260975934444826,interpolado
0.04641628325665133,0.0023257057848011685,interpolado
0.04651610322064412,0.002445708519883377,interpolado
0.04661592318463692,0.002617802617409097,interpolado
0.046715743148629724,0.002873684896096319,interpolado
0.04681556311262252,0.0032450521746630596,interpolado
0.046915383076615316,0.0037636012718272605,interpolado
0.047,0.004342,original
0.04711502300460093,0.0053467789813390594,interpolado
0.04721484296859371,0.006374296282826272,interpolado
0.04731466293258652,0.007487960936645466,interpolado
0.047414482896579326,0.00863220435292291,interpolado
0.047514302860572115,0.009751457941784634,interpolado
0.04761412282456492,0.01079015311335691,interpolado
0.047713942788557714,0.011692721277765931,interpolado
0.04781376275255052,0.012403593845137888,interpolado
0.047913582716543314,0.012867202225598968,interpolado
0.048,0.013026,original
0.048113222644528914,0.01285701177487663,interpolado
0.04821304260852171,0.012396361240276403,interpolado
0.048312862572514506,0.011700114081300271,interpolado
0.04841268253650731,0.010822313932574964,interpolado
0.04851250250050011,0.009817004428727127,interpolado
0.04861232246449291,0.00873822920438363,interpolado
0.048712142428485705,0.007640031894171133,interpolado
0.0488119623924785,0.006576456132716358,interpolado
0.0489117823564713,0.005601545554646032,interpolado
0.049,0.004857,original
0.049111422284456904,0.00411469588059473,interpolado
0.0492112422484497,0.0036184147202919814,interpolado
0.049311062212442504,0.0032516981174571923,interpolado
0.0494108821764353,0.0029857655523162665,interpolado
0.04951070214042809,0.002791836505095107,interpolado
0.049610522104420886,0.0026411304560196177,interpolado
0.04971034206841369,0.0025048668853156915,interpolado
0.04981016203240649,0.0023542652732092503,interpolado
0.049909981996399296,0.0021605450999261865,interpolado
0.05,0.001925,original
0.05010962192438488,0.0015409698794049181,interpolado
0.05020944188837768,0.0011189505767520334,interpolado
0.05030926185237049,0.0006560112025681241,interpolado
0.05040908181636328,0.00017928619773079484,interpolado
0.05050890178035608,-0.00028408999688244374,interpolado
0.05060872174434887,-0.0007069829403940494,interpolado
0.05070854170834167,-0.0010622581919264825,interpolado
0.05080836167233446,-0.0013227813106022012,interpolado
0.050908181636327265,-0.0014614178555436706,interpolado
0.051,-0.001458,original
0.051107821564312865,-0.001277110787208493,interpolado
0.051207641528305654,-0.000964777813196061,interpolado
0.05130746149229845,-0.0005469746681459443,interpolado
0.051407281456291254,-5.663639955933143e-05,interpolado
0.05150710142028405,0.00047330194506248153,interpolado
0.05160692138427685,0.0010099053182183028,interpolado
0.05170674134826966,0.0015202386724069063,interpolado
0.05180656131226244,0.0019713669601270673,interpolado
0.051906381276255235,0.0023303551338775606,interpolado
0.052,0.002554,original
0.05210602120424085,0.002651335948184139,interpolado
0.052205841168233645,0.002606838869311494,interpolado
0.05230566113222645,0.0024537533834943772,interpolado
0.05240548109621924,0.002215053730518265,interpolado
0.05250530106021204,0.0019137141501686366,interpolado
0.05260512102420484,0.0015727088822309447,interpolado
0.05270494098819765,0.001215012166490715,interpolado
0.052804760952190444,0.0008635982427334036,interpolado
0.052904580916183254,0.0005414413507444873,interpolado
0.053,0.000282,original
0.05310422084416883,7.115684881444459e-05,interpolado
0.05320404080816165,-6.205755092960866e-05,interpolado
0.05330386077215444,-0.00013487881928909125,interpolado
0.053403680736147235,-0.00015405788207005445,interpolado
0.05350350070014003,-0.00012634566507853764,interpolado
0.05360332066413282,-5.849309412058029e-05,interpolado
0.05370314062812563,4.2748904997777894e-05,interpolado
0.053802960592118435,0.00017062940647050723,interpolado
0.053902780556111224,0.0003183974844915499,interpolado
0.054,0.000475,original
0.05410242048409682,0.0006474612770130923,interpolado
0.05420224044808961,0.000820205491281156,interpolado
0.05430206041208242,0.0009956086171926007,interpolado
0.05440188037607522,0.0011717444016627106,interpolado
0.054501700340068016,0.0013466865916068069,interpolado
0.05460152030406081,0.0015185089339401984,interpolado
0.054701340268053615,0.0016852851755781945,interpolado
0.05480116023204642,0.0018450890634361039,interpolado
0.054900980196039215,0.001995994344429246,interpolado
0.055,0.002135,original
0.055100620124024814,0.0022617182614805592,interpolado
0.05520044008801761,0.002362729753268972,interpolado
0.055300260052010414,0.002427307510096253,interpolado
0.05540008001600321,0.0024436498020682937,interpolado
0.05549989997999602,0.00239995489929098,interpolado
0.05559971994398881,0.0022844210718702077,interpolado
0.05569953990798162,0.002085246589911869,interpolado
0.05579935987197441,0.0017906297235218529,interpolado
0.055899179835967205,0.0013887687428060511,interpolado
0.056,0.000862,original
0.056098819763952805,0.0002237743888215559,interpolado
0.056198639727945615,-0.0005160253049499899,interpolado
0.056298459691938404,-0.0013159266977728716,interpolado
0.056398279655931194,-0.002140319316026003,interpolado
0.056498099619924,-0.0029535926860882983,interpolado
0.05659791958391678,-0.0037201363343386676,interpolado
0.05669773954790959,-0.004404339787156072,interpolado
0.056797559511902386,-0.004970592570919324,interpolado
0.05689737947589518,-0.00538328421200739,interpolado
0.057,-0.00561,original
0.05709701940388077,-0.005618218257226746,interpolado
0.05719683936787358,-0.005449750797507449,interpolado
0.057296659331866374,-0.005148625880102729,interpolado
0.057396479295859164,-0.004762067832364708,interpolado
0.057496299259851974,-0.004337300981645442,interpolado
0.05759611922384477,-0.00392154965529701,interpolado
0.05769593918783757,-0.0035620381806714856,interpolado
0.05779575915183038,-0.003305990885120934,interpolado
0.05789557911582317,-0.003200632095997467,interpolado
0.058,-0.003303,original
0.058095219043808766,-0.003616402352203888,interpolado
0.05819503900780156,-0.00413653261635333,interpolado
0.058294858971794365,-0.00480074521349926,interpolado
0.05839467893578716,-0.005556206791058837,interpolado
0.05849449889977996,-0.0063500839964490555,interpolado
0.05859431886377275,-0.00712954347708707,interpolado
0.058694138827765543,-0.007841751880389984,interpolado
0.05879395879175835,-0.008433875853774902,interpolado
0.05889377875575114,-0.008853082044658928,interpolado
0.059,-0.00905,original
0.059093418683736736,-0.008974724334816449,interpolado
0.05919323864772953,-0.008662723060202264,interpolado
0.059293058611722335,-0.008155171653223577,interpolado
0.05939287857571514,-0.007496712774934671,interpolado
0.059492698539707935,-0.00673198908638983,interpolado
0.05959251850370074,-0.005905643248643286,interpolado
0.05969233846769355,-0.005062317922749436,interpolado
0.05979215843168634,-0.004246655769762512,interpolado
0.05989197839567914,-0.0035032994507368026,interpolado
0.06,-0.002832,original
0.06009161832366474,-0.0024037158495636575,interpolado
0.060191438287657544,-0.00207723165523767,interpolado
0.06029125825165034,-0.0018772218008069107,interpolado
0.06039107821564312,-0.0017834630465907435,interpolado
0.06049089817963593,-0.0017757321529085616,interpolado
0.060590718143628736,-0.0018338058800797562,interpolado
0.06069053810762152,-0.0019374609884237194,interpolado
0.06079035807161433,-0.002066474238259854,interpolado
0.06089017803560712,-0.0022006223899075326,interpolado
0.061,-0.00233,original
0.06108981796359272,-0.0024056087439084254,interpolado
0.06118963792758553,-0.002452146248260125,interpolado
0.06128945789157832,-0.002457008878481634,interpolado
0.06138927785557113,-0.0024179138043939927,interpolado
0.061489097819563916,-0.002332578195818245,interpolado
0.06158891778355671,-0.0021987192225754308,interpolado
0.06168873774754952,-0.0020140540544865923,interpolado
0.06178855771154231,-0.0017762998613727692,interpolado
0.06188837767553511,-0.001483173813054982,interpolado
0.062,-0.001087,original
0.0620880176035207,-0.0007246324759251721,interpolado
0.06218783756751352,-0.0002774827311077369,interpolado
0.062287657531506314,0.00018546154195996328,interpolado
0.062387477495499104,0.000640598599242738,interpolado
0.06248729745949191,0.0010643266967054253,interpolado
0.0625871174234847,0.0014330440903127517,interpolado
0.06268693738747752,0.0017231490360296278,interpolado
0.06278675735147032,0.0019110397898208017,interpolado
0.0628865773154631,0.0019731146076510803,interpolado
0.063,0.001861,original
0.0630862172434487,0.0016318928135260892,interpolado
0.0631860372074415,0.0012335613603185885,interpolado
0.06328585717143427,0.0007275201313502725,interpolado
0.06338567713542709,0.0001505373342353186,interpolado
0.06348549709941989,-0.0004606188234118913,interpolado
0.06358531706341268,-0.0010691801339769538,interpolado
0.06368513702740548,-0.001638378389845721,interpolado
0.06378495699139829,-0.002131445383403728,interpolado
0.06388477695539109,-0.0025116129070367915,interpolado
0.064,-0.002762,original
0.06408441688337667,-0.002793211691355922,interpolado
0.06418423684736949,-0.002680168041136892,interpolado
0.06428405681136226,-0.0024359584537939727,interpolado
0.06438387677535506,-0.0020936023170069363,interpolado
0.06448369673934787,-0.0016861190184556509,interpolado
0.06458351670334066,-0.0012465279458200192,interpolado
0.06468333666733346,-0.0008078484867797579,interpolado
0.06478315663132625,-0.00040310002901482097,interpolado
0.06488297659531905,-6.53019602049348e-05,interpolado
0.065,0.000201,original
0.06508261652330465,0.000283606718315709,interpolado
0.06518243648729745,0.000283401800778113,interpolado
0.06528225645129025,0.00020488615495293453,interpolado
0.06538207641528304,8.10907094783453e-05,interpolado
0.06548189637927584,-5.495360700743287e-05,interpolado
0.06558171634326866,-0.00017021586586624457,interpolado
0.06568153630726145,-0.00023166513845987381,interpolado
0.06578135627125424,-0.00020627049615013534,interpolado
0.06588117623524704,-6.100101029882796e-05,interpolado
0.066,0.000314,original
0.06608081616323264,0.0007146661968006881,interpolado
0.06618063612722544,0.0013504431007191622,interpolado
0.06628045609121826,0.0021027761668033526,interpolado
0.06638027605521105,0.0029298505257196903,interpolado
0.06648009601920384,0.0037898513081345672,interpolado
0.06657991598319665,0.004640963644714741,interpolado
0.06667973594718946,0.005441372666126492,interpolado
0.06677955591118223,0.0061492635030365615,interpolado
0.06687937587517505,0.006722821286111346,interpolado
0.067,0.007177,original
0.06707901580316065,0.007305155520244284,interpolado
0.06717883576715343,0.007282849755765359,interpolado
0.06727865573114623,0.00707765553920837,interpolado
0.06737847569513902,0.006714014528607248,interpolado
0.06747829565913181,0.0062163683819960285,interpolado
0.06757811562312463,0.005609158757408512,interpolado
0.06767793558711742,0.004916827312878813,interpolado
0.06777775555111022,0.004163815706440683,interpolado
0.067877575515103,0.0033745655961282756,interpolado
0.068,0.002393,original
0.0680772154430886,0.0017848906663059472,interpolado
0.06817703540708141,0.0010310790676265526,interpolado
0.06827685537107421,0.00033360383521322966,interpolado
0.06837667533506701,-0.0002860207053695091,interpolado
0.06847649529905982,-0.0008062802285575113,interpolado
0.06857631526305262,-0.001205660408786358,interpolado
0.06867613522704541,-0.0014626469204916982,interpolado
0.06877595519103821,-0.0015557254381092795,interpolado
0.06887577515503102,-0.0014633816360747555,interpolado
0.069,-0.001057,original
0.06907541508301662,-0.0006418678519203392,interpolado
0.06917523504700944,7.235072023674524e-05,interpolado
0.06927505501100223,0.0009237589553532354,interpolado
0.069374874974995,0.0018573749580845745,interpolado
0.06947469493898781,0.0028182168330866003,interpolado
0.0695745149029806,0.0037513026850146385,interpolado
0.06967433486697341,0.004601650618524529,interpolado
0.06977415483096622,0.005314278738271713,interpolado
0.069873974794959,0.005834205148911711,interpolado
0.07,0.00613,original
0.0700736147229446,0.006084028725912068,interpolado
0.07017343468693742,0.0057926178536698925,interpolado
0.07027325465093019,0.0052965981266255855,interpolado
0.07037307461492301,0.004660713367318803,interpolado
0.07047289457891581,0.00394970739828941,interpolado
0.07057271454290859,0.0032283240420773024,interpolado
0.0706725345069014,0.00256130712122208,interpolado
0.0707723544708942,0.0020134004582637085,interpolado
0.070872174434887,0.0016493478757418347,interpolado
0.071,0.001555,original
0.07107181436287258,0.0017242134964015109,interpolado
0.07117163432686538,0.0022044558477346144,interpolado
0.07127145429085818,0.0029178917812525385,interpolado
0.07137127425485096,0.0038073440723892186,interpolado
0.07147109421884378,0.0048156354965783014,interpolado
0.07157091418283656,0.005885588829253367,interpolado
0.07167073414682937,0.006960026845848443,interpolado
0.07177055411082216,0.007981772321796983,interpolado
0.07187037407481495,0.008893648032533003,interpolado
0.072,0.00982,original
0.07207001400280055,0.010163792734469934,interpolado
0.07216983396679336,0.010465531770020785,interpolado
0.07226965393078615,0.010568076080461028,interpolado
0.07236947389477896,0.010496171392043264,interpolado
0.07246929385877175,0.010274563431020074,interpolado
0.07256911382276457,0.009927997923643968,interpolado
0.07266893378675736,0.009481220596167537,interpolado
0.07276875375075015,0.008958977174843431,interpolado
0.07286857371474297,0.008386013385924079,interpolado
0.073,0.007596,original
0.07306821364272856,0.007185812872393219,interpolado
0.07316803360672133,0.006593893249038606,interpolado
0.07326785357071416,0.006015588124771712,interpolado
0.07336767353470694,0.005455060641172186,interpolado
0.07346749349869973,0.004916473939819674,interpolado
0.07356731346269255,0.004403991162293594,interpolado
0.07366713342668534,0.003921775450173658,interpolado
0.07376695339067814,0.003473989945039299,interpolado
0.07386677335467094,0.0030647977884701587,interpolado
0.074,0.002586,original
0.07406641328265653,0.0023786996999393163,interpolado
0.07416623324664931,0.002108117245397015,interpolado
0.07426605321064211,0.0018878142927502525,interpolado
0.07436587317463492,0.0017189717452140555,interpolado
0.0744656931386277,0.0016027705060034211,interpolado
0.07456551310262051,0.0015403914783333039,interpolado
0.07466533306661333,0.001533015565418705,interpolado
0.07476515303060613,0.0015818236704746075,interpolado
0.07486497299459892,0.0016879966967159833,interpolado
0.075,0.001925,original
0.07506461292258453,0.0020764109462073437,interpolado
0.07516443288657731,0.0023501499353316734,interpolado
0.07526425285057012,0.00265863851478367,interpolado
0.07536407281456291,0.0029864613190249754,interpolado
0.07546389277855571,0.0033182029825174013,interpolado
0.07556371274254853,0.0036384481397226287,interpolado
0.07566353270654129,0.003931781425102336,interpolado
0.0757633526705341,0.004182787473118331,interpolado
0.0758631726345269,0.00437605091823227,interpolado
0.076,0.004519,original
0.0760628125625125,0.004528532342998216,interpolado
0.0761626325265053,0.004469878181830449,interpolado
0.07626245249049812,0.004324925157587884,interpolado
0.0763622724544909,0.004098577087743584,interpolado
0.0764620924184837,0.003795737789770518,interpolado
0.07656191238247648,0.003421311081141795,interpolado
0.0766617323464693,0.00298020077933034,interpolado
0.07676155231046208,0.0024773107018092274,interpolado
0.07686137227445489,0.0019175446660515691,interpolado
0.077,0.001055,original
0.07706101220244047,0.0006475188364356126,interpolado
0.07716083216643328,-4.4466988035337544e-05,interpolado
0.07726065213042609,-0.0007517476542900363,interpolado
0.07736047209441889,-0.001455786313221252,interpolado
0.07746029205841168,-0.002138046115722047,interpolado
0.07756011202240448,-0.0027799902126851017,interpolado
0.07765993198639728,-0.00336308175500346,interpolado
0.07775975195039009,-0.003868783893569832,interpolado
0.07785957191438288,-0.004278559779277222,interpolado
0.078,-0.004657,original
0.07805921184236847,-0.004737288545000527,interpolado
0.07815903180636126,-0.004768334185376464,interpolado
0.07825885177035408,-0.004679827955662573,interpolado
0.07835867173434687,-0.0044849441612418465,interpolado
0.07845849169833968,-0.004196857107497315,interpolado
0.07855831166233247,-0.003828741099812058,interpolado
0.07865813162632526,-0.003393770443568992,interpolado
0.07875795159031806,-0.002905119444151257,interpolado
0.07885777155431087,-0.00237596240694174,interpolado
0.079,-0.001578,original
0.07905741148229646,-0.0012490925791034963,interpolado
0.07915723144628925,-0.0006826443353373469,interpolado
0.07925705141028205,-0.0001415577633301152,interpolado
0.07935687137427486,0.00035263141484166596,interpolado
0.07945669133826766,0.0007783874771011812,interpolado
0.07955651130226044,0.0011141747013718652,interpolado
0.07965633126625327,0.0013384573655769681,interpolado
0.07975615123024606,0.001429699747639803,interpolado
0.07985597119423883,0.0013663661254837095,interpolado
0.08,0.000959,original
0.08005561112222444,0.0006921226321244397,interpolado
0.08015543108621725,8.365290790671407e-05,interpolado
0.08025525105021003,-0.0006415545224216285,interpolado
0.08035507101420285,-0.0014254129716439604,interpolado
0.08045489097819564,-0.002209835752543244,interpolado
0.08055471094218844,-0.0029367361779028657,interpolado
0.08065453090618122,-0.003548027560505807,interpolado
0.08075435087017403,-0.003985623213135407,interpolado
0.08085417083416682,-0.004191436448574733,interpolado
0.081,-0.003955,original
0.08105381076215243,-0.0036791151969282018,interpolado
0.08115363072614523,-0.0029244967764059534,interpolado
0.08125345069013802,-0.0019265784988156214,interpolado
0.08135327065413084,-0.0007707552201511572,interpolado
0.08145309061812363,0.0004575782035934011,interpolado
0.08155291058211642,0.0016730269164245365,interpolado
0.08165273054610922,0.0027901960623480694,interpolado
0.08175255051010202,0.0037236907853704536,interpolado
0.0818523704740948,0.004388116229497589,interpolado
0.082,0.004696,original
0.0820520104020804,0.0045722277926536995,interpolado
0.08215183036607318,0.00401373050904455,interpolado
0.082251650330066,0.003105745126442326,interpolado
0.08235147029405879,0.0019345752622854338,interpolado
0.08245129025805162,0.0005865245340117299,interpolado
0.08255111022204441,-0.0008521034409404549,interpolado
0.08265093018603718,-0.0022950050451327336,interpolado
0.08275075015003001,-0.0036558766611273314,interpolado
0.08285057011402278,-0.004848414671485709,interpolado
0.083,-0.006131,original
0.08305021004200841,-0.006386311461228548,interpolado
0.08315003000600119,-0.006633988533166462,interpolado
0.083249849969994,-0.006583248122352032,interpolado
0.08334966993398678,-0.006290920165647815,interpolado
0.0834494898979796,-0.005813834599916295,interpolado
0.08354930986197237,-0.005208821362020149,interpolado
0.0836491298259652,-0.004532710388821776,interpolado
0.08374894978995802,-0.0038423316171838136,interpolado
0.0838487697539508,-0.0031945149839689123,interpolado
0.08394858971794358,-0.0026460904260394553,interpolado
0.084,-0.002421,original
0.08414822964592919,-0.0020241637722755333,interpolado
0.08424804960992202,-0.0019284766531661665,interpolado
0.0843478695739148,-0.0019292286268429142,interpolado
0.08444768953790761,-0.001990583426745054,interpolado
0.08454750950190039,-0.00207670478631185,interpolado
0.08464732946589319,-0.0021517564389826023,interpolado
0.084747149429886,-0.0021799021181965745,interpolado
0.08484696939387879,-0.0021253055573930485,interpolado
0.0849467893578716,-0.001952130490011288,interpolado
0.085,-0.001799,original
0.0851464292858572,-0.0011383332990553608,interpolado
0.08524624924984998,-0.0005132203281620699,interpolado
0.08534606921384277,0.00022548764679620635,interpolado
0.08544588917783558,0.0010535002020394502,interpolado
0.08554570914182837,0.0019465269137875951,interpolado
0.08564552910582116,0.002880277358260955,interpolado
0.08574534906981393,0.003830461111679337,interpolado
0.08584516903380673,0.004772787750263069,interpolado
0.08594498899779954,0.005682966850231962,interpolado
0.086,0.006162,original
0.08614462892578514,0.007323067233216041,interpolado
0.08624444888977793,0.008042156222318493,interpolado
0.08634426885377072,0.008696408676717782,interpolado
0.08644408881776354,0.009287861404071247,interpolado
0.0865439087817563,0.009818551212036557,interpolado
0.08664372874574912,0.010290514908271148,interpolado
0.08674354870974194,0.010705789300432485,interpolado
0.08684336867373474,0.011066411196178193,interpolado
0.08694318863772751,0.01137441740316569,interpolado
0.087,0.011527,original
0.08714282856571313,0.011842227066367587,interpolado
0.08724264852970592,0.012010450612599819,interpolado
0.08734246849369873,0.012141659280903952,interpolado
0.08744228845769153,0.012240956108549821,interpolado
0.08754210842168433,0.012313444132807334,interpolado
0.08764192838567711,0.012364226390946339,interpolado
0.08774174834966993,0.012398405920236728,interpolado
0.08784156831366274,0.01242108575794837,interpolado
0.0879413882776555,0.012437368941351131,interpolado
0.088,0.012446,original
0.08814102820564113,0.012458429149363986,interpolado
0.08824084816963391,0.012435469699218708,interpolado
0.08834066813362672,0.01236118509932879,interpolado
0.08844048809761951,0.012213597837451575,interpolado
0.08854030806161234,0.01197073040134434,interpolado
0.0886401280256051,0.011610605278764476,interpolado
0.08873994798959792,0.011111244957469213,interpolado
0.0888397679535907,0.010450671925216003,interpolado
0.08893958791758352,0.00960690866976199,interpolado
0.089,0.008998,original
0.08913922784556912,0.007318834498374643,interpolado
0.0892390478095619,0.005943637718903858,interpolado
0.0893388677735547,0.004492913171700564,interpolado
0.0894386877375475,0.003026349185287304,interpolado
0.08953850770154032,0.0016036340881872254,interpolado
0.08963832766553308,0.00028445620892345464,interpolado
0.08973814762952591,-0.0008714961239814353,interpolado
0.0898379675935187,-0.0018045345820041864,interpolado
0.0899377875575115,-0.0024549708366221152,interpolado
0.09,-0.002691,original
0.09013742748549709,-0.0027250635971826933,interpolado
0.0902372474494899,-0.0024007710918911573,interpolado
0.09033706741348267,-0.0018599453418502313,interpolado
0.0904368873774755,-0.0011711495481328484,interpolado
0.09053670734146826,-0.0004029469118122614,interpolado
0.09063652730546108,0.0003760993660386634,interpolado
0.09073634726945387,0.0010974260843467378,interpolado
0.09083616723344669,0.0016924700420388058,interpolado
0.09093598719743949,0.0020926680380419557,interpolado
0.091,0.002215,original
0.09113562712542508,0.0020887072078174937,interpolado
0.0912354470894179,0.0017233342518135752,interpolado
0.09133526705341068,0.0011959831044938774,interpolado
0.09143508701740347,0.0005682971635600776,interpolado
0.09153490698139627,-9.80801732858341e-05,interpolado
0.09163472694538909,-0.0007415055083422212,interpolado
0.09173454690938186,-0.0013003354439070922,interpolado
0.09183436687337468,-0.0017129265822787764,interpolado
0.09193418683736748,-0.0019176355257553583,interpolado
0.092,-0.001909,original
0.09213382676535305,-0.0015056888286936354,interpolado
0.09223364672934586,-0.0009280298832014233,interpolado
0.09233346669333865,-0.00018064376111719723,interpolado
0.09243328665733146,0.0006764694627041909,interpolado
0.09253310662132426,0.0015833097134078282,interpolado
0.09263292658531705,0.0024798769161391864,interpolado
0.09273274654930984,0.0033061709960432507,interpolado
0.09283256651330266,0.004002191878265471,interpolado
0.09293238647729546,0.004507939487950938,interpolado
0.093,0.004712,original
0.09313202640528107,0.004750781053077381,interpolado
0.09323184636927385,0.0045118838657015195,interpolado
0.09333166633326664,0.004096676511755839,interpolado
0.09343148629725945,0.003554501228109266,interpolado
0.09353130626125225,0.002934700251630462,interpolado
0.09363112622524505,0.0022866158191883193,interpolado
0.09373094618923784,0.0016595901676517415,interpolado
0.09383076615323063,0.0011029655338893728,interpolado
0.09393058611722344,0.0006660841547701725,interpolado
0.094,0.000459,original
0.09413022604520904,0.00031870986492017907,interpolado
0.09423004600920182,0.0004007872004826025,interpolado
0.09432986597319462,0.0006118452741616426,interpolado
0.09442968593718742,0.0009195936267070361,interpolado
0.09452950590118023,0.0012917417988686582,interpolado
0.09462932586517303,0.0016959993313962,interpolado
0.09472914582916582,0.002100075765039563,interpolado
0.09482896579315865,0.00247168064054848,interpolado
0.09492878575715143,0.002778523498672698,interpolado
0.095,0.00294,original
0.09512842568513703,0.003085383030993118,interpolado
0.09522824564912984,0.0030808852120398664,interpolado
0.09532806561312265,0.0029895435671759424,interpolado
0.09542788557711544,0.002825897553197565,interpolado
0.09552770554110825,0.002604486626900876,interpolado
0.09562752550510104,0.0023398502450821222,interpolado
0.09572734546909382,0.002046527864537418,interpolado
0.09582716543308661,0.0017390589420630312,interpolado
0.09592698539707945,0.0014319829344550646,interpolado
0.096,0.001216,original
0.09612662532506505,0.0008751636275786972,interpolado
0.09622644528905783,0.0006470466612235625,interpolado
0.0963262652530506,0.00046411892014701367,interpolado
0.09642608521704342,0.00033502993458197857,interpolado
0.09652590518103622,0.00026842923476146476,interpolado
0.096625725145029,0.000272966350918445,interpolado
0.09672554510902182,0.0003572908132858986,interpolado
0.09682536507301459,0.0005300521520967792,interpolado
0.09692518503700741,0.0007998998975841123,interpolado
0.097,0.001071,original
0.097124824964993,0.0016519152436553076,interpolado
0.0972246449289858,0.0021995484258379274,interpolado
0.09732446489297861,0.002785386643331156,interpolado
0.0974242848569714,0.0033765422343320487,interpolado
0.0975241048209642,0.003940127537037341,interpolado
0.09762392478495698,0.004443254889644077,interpolado
0.09772374474894979,0.004853036630349068,interpolado
0.09782356471294258,0.005136585097349171,interpolado
0.0979233846769354,0.005261012628841358,interpolado
0.098,0.005228,original
0.09812302460492098,0.004922109245064949,interpolado
0.0982228445689138,0.0044764242899481485,interpolado
0.09832266453290657,0.003891432714741926,interpolado
0.09842248449689937,0.0032020485778879023,interpolado
0.09852230446089218,0.0024431859378280466,interpolado
0.09862212442488498,0.0016497588530039286,interpolado
0.09872194438887777,0.0008566813818575451,interpolado
0.09882176435287057,9.886758283045679e-05,interpolado
0.09892158431686335,-0.0005887684856354376,interpolado
0.099,-0.001057,original
0.09912122424484898,-0.0016262762570358883,interpolado
0.09922104420884174,-0.001956799634077773,interpolado
0.09932086417283456,-0.0021696602462009562,interpolado
0.09942068413682738,-0.0022715670471856607,interpolado
0.09952050410082017,-0.0022692289908121674,interpolado
0.09962032406481298,-0.002169355030860751,interpolado
0.09972014402880577,-0.001978654121111713,interpolado
0.09981996399279859,-0.001703835215345276,interpolado
0.09991978395679138,-0.0013516072673417348,interpolado
0.1,-0.001017,original
0.10011942388477699,-0.00044570210638229357,interpolado
0.10021924384876978,7.80502461846079e-05,interpolado
0.10031906381276257,0.0006220395922296358,interpolado
0.10041888377675537,0.0011657451343726106,interpolado
0.10051870374074814,0.001688646075233651,interpolado
0.10061852370474098,0.002170221617432647,interpolado
0.10071834366873375,0.00258995096358951,interpolado
0.10081816363272657,0.0029273133163243243,interpolado
0.10091798359671933,0.0031617878782569673,interpolado
0.101,0.003263,original
0.10111762352470495,0.0032519752338571887,interpolado
0.10121744348869774,0.0031183927674740763,interpolado
0.10131726345269051,0.0028955764650333603,interpolado
0.1014170834166833,0.002606954779374088,interpolado
0.10151690338067614,0.002275956163335168,interpolado
0.10161672334466891,0.0019260090697556713,interpolado
0.10171654330866171,0.0015805419514744912,interpolado
0.1018163632726545,0.0012629832613306657,interpolado
0.1019161832366473,0.0009967614521632175,interpolado
0.102,0.00083,original
0.10211582316463289,0.0007012018501844837,interpolado
0.1022156431286257,0.0006704390008492952,interpolado
0.1023154630926185,0.0006947807643566547,interpolado
0.10241528305661132,0.000756020070664849,interpolado
0.10251510302060411,0.0008359498497321945,interpolado
0.1026149229845969,0.0009163630315169722,interpolado
0.10271474294858972,0.0009790525459775032,interpolado
0.10281456291258251,0.0010058113230720736,interpolado
0.10291438287657531,0.0009784322927589896,interpolado
0.103,0.000898,original
0.1031140228045609,0.0006963352250262102,interpolado
0.1032138427685537,0.00044152718404482614,interpolado
0.1033136627325465,0.0001279053867697343,interpolado
0.1034134826965393,-0.00023092431512984006,interpolado
0.10351330266053212,-0.0006213560699845442,interpolado
0.10361312262452489,-0.0010297840261250058,interpolado
0.10371294258851771,-0.0014426023318820267,interpolado
0.10381276255251048,-0.001846205135586183,interpolado
0.10391258251650332,-0.002226986585568274,interpolado
0.104,-0.002531,original
0.10411222244448887,-0.002867346278639693,interpolado
0.10421204240848168,-0.0031077058676198207,interpolado
0.10431186237247447,-0.003285927723113511,interpolado
0.10441168233646726,-0.003395517697630335,interpolado
0.10451150230046007,-0.0034299816436797878,interpolado
0.10461132226445288,-0.0033828254137714007,interpolado
0.10471114222844567,-0.0032475548604146867,interpolado
0.10481096219243846,-0.003017675836119206,interpolado
0.10491078215643128,-0.0026866941933944184,interpolado
0.105,-0.0023,original
0.10511042208441687,-0.0017011619268696401,interpolado
0.10521024204840967,-0.001061641663182868,interpolado
0.10531006201240249,-0.0003483989365376254,interpolado
0.10540988197639527,0.0004197273691858067,interpolado
0.10550970194038807,0.0012238983701067401,interpolado
0.1056095219043809,0.002045275182344922,interpolado
0.10570934186837369,0.00286501892201976,interpolado
0.1058091618323665,0.0036642907052506666,interpolado
0.1059089817963593,0.004424251648157386,interpolado
0.106,0.005067,original
0.10610862172434489,0.005753836912952638,interpolado
0.10620844168833767,0.006300736881538608,interpolado
0.10630826165233048,0.006761668621889671,interpolado
0.10640808161632326,0.007131536412944845,interpolado
0.10650790158031605,0.007405244533643204,interpolado
0.10660772154430888,0.007577697262923923,interpolado
0.10670754150830164,0.007643798879726054,interpolado
0.10680736147229446,0.00759845366298872,interpolado
0.10690718143628726,0.007436565891651005,interpolado
0.107,0.007177,original
0.10710682136427284,0.006751093167814738,interpolado
0.10720664132826564,0.006260870310634435,interpolado
0.10730646129225846,0.005717978984990177,interpolado
0.10740628125625123,0.005158024561999003,interpolado
0.10750610122024404,0.004616612412777649,interpolado
0.10760592118423686,0.004129347908443093,interpolado
0.10770574114822967,0.00373183642011228,interpolado
0.10780556111222246,0.0034596833189019923,interpolado
0.10790538107621526,0.0033484939759291952,interpolado
0.108,0.003424,original
0.10810502100420086,0.0037332365349648324,interpolado
0.10820484096819366,0.004201775560722612,interpolado
0.10830466093218646,0.004781371509291279,interpolado
0.10840448089617927,0.005413907259964124,interpolado
0.10850430086017206,0.006041265692034759,interpolado
0.10860412082416487,0.0066053296847965355,interpolado
0.10870394078815766,0.0070479821175428335,interpolado
0.10880376075215044,0.007311105869567215,interpolado
0.10890358071614323,0.007336583820163058,interpolado
0.109,0.007081,original
0.1091032206441288,0.006464319452098177,interpolado
0.10920304060812164,0.005574829232061738,interpolado
0.10930286057211444,0.004460097674275125,interpolado
0.1094026805361072,0.003182393471141128,interpolado
0.10950250050010003,0.001803985315061994,interpolado
0.10960232046409281,0.0003871418984406886,interpolado
0.10970214042808561,-0.0010058680863205844,interpolado
0.10980196039207842,-0.0023127759468190216,interpolado
0.10990178035607122,-0.0034713129906518733,interpolado
0.11,-0.004406,original
0.11010142028405681,-0.005113301323518871,interpolado
0.11020124024804961,-0.00558323563141279,interpolado
0.11030106021204243,-0.005876013508022405,interpolado
0.11040088017603521,-0.006038634937228274,interpolado
0.11050070014002804,-0.00611809990291084,interpolado
0.11060052010402084,-0.006161408388950574,interpolado
0.11070034006801363,-0.006215560379227972,interpolado
0.1108001600320064,-0.006327555857623489,interpolado
0.11089997999599922,-0.006544394808017639,interpolado
0.111,-0.006914,original
0.1110996199239848,-0.007460396633618118,interpolado
0.11119943988797762,-0.008131833525483086,interpolado
0.11129925985197038,-0.008852417493370592,interpolado
0.1113990798159632,-0.009547178140602202,interpolado
0.11149889977995597,-0.010141145070499092,interpolado
0.11159871974394879,-0.010559347886382789,interpolado
0.1116985397079416,-0.010726816191574553,interpolado
0.11179835967193437,-0.010568579589395782,interpolado
0.11189817963592717,-0.010009667683167793,interpolado
0.112,-0.008949,original
0.11209781956391278,-0.007422118200886597,interpolado
0.11219763952790558,-0.005444609212598526,interpolado
0.11229745949189837,-0.0031727933880033453,interpolado
0.11239727945589116,-0.0007368812789781563,interpolado
0.11249709941988396,0.0017329165625986573,interpolado
0.11259691938387677,0.004106389584850047,interpolado
0.11269673934786958,0.006253327235897929,interpolado
0.11279655931186239,0.008043518963864333,interpolado
0.11289637927585519,0.009346754216872026,interpolado
0.113,0.010045,original
0.11309601920384078,0.010010274665888138,interpolado
0.11319583916783359,0.009361486761990131,interpolado
0.11329565913182639,0.00821754047193483,interpolado
0.11339547909581918,0.0067095199403307835,interpolado
0.11349529905981197,0.004968509311786753,interpolado
0.11359511902380481,0.0031255927309107416,interpolado
0.11369493898779758,0.001311854342311724,interpolado
0.11379475895179039,-0.00034162170940230867,interpolado
0.11389457891578318,-0.0017037512796226,interpolado
0.114,-0.002681,original
0.11409421884376877,-0.0030607496971588543,interpolado
0.11419403880776156,-0.003003005274869806,interpolado
0.11429385877175437,-0.0025611319922985063,interpolado
0.11439367873574717,-0.0018260514219737454,interpolado
0.11449349869973997,-0.0008886851364240051,interpolado
0.11459331866373275,0.000160045291821933,interpolado
0.11469313862772557,0.0012292182902352313,interpolado
0.11479295859171834,0.0022279122862874975,interpolado
0.11489277855571114,0.003065205707449788,interpolado
0.115,0.003681,original
0.11509241848369674,0.0039127396813106105,interpolado
0.11519223844768953,0.003886983858822257,interpolado
0.11529205841168236,0.0036394928184431594,interpolado
0.11539187837567515,0.0032368605671554145,interpolado
0.11549169833966791,0.002745681111940951,interpolado
0.11559151830366074,0.002232548459781869,interpolado
0.11569133826765354,0.0017640566176602723,interpolado
0.11579115823164633,0.0014067995925580747,interpolado
0.11589097819563912,0.0012273713914574041,interpolado
0.116,0.001313,original
0.11609061812362471,0.0016517767684325006,interpolado
0.11619043808761752,0.0022679208969751123,interpolado
0.1162902580516103,0.0030742769473072733,interpolado
0.11639007801560312,0.004004306077524419,interpolado
0.11648989797959591,0.004991469445722372,interpolado
0.11658971794358872,0.0059692282099964465,interpolado
0.11668953790758153,0.006871043528442485,interpolado
0.11678935787157434,0.007630376559155913,interpolado
0.11688917783556708,0.008180688460232231,interpolado
0.117,0.008466,original
0.11708881776355269,0.008401918986035218,interpolado
0.1171886377275455,0.008044563367232856,interpolado
0.1172884576915383,0.007434564725241426,interpolado
0.11738827765553113,0.006623140531580219,interpolado
0.1174880976195239,0.005661508257768761,interpolado
0.11758791758351668,0.00460088537532667,interpolado
0.11768773754750952,0.003492489355773114,interpolado
0.1177875575115023,0.002387537670627844,interpolado
0.11788737747549512,0.0013372477914100093,interpolado
0.118,0.000282,original
0.11808701740348071,-0.000401952300972781,interpolado
0.11818683736747351,-0.001047474487634849,interpolado
0.11828665733146627,-0.0015601950593054528,interpolado
0.11838647729545909,-0.0019566035128057457,interpolado
0.11848629725945188,-0.0022531893449566605,interpolado
0.11858611722344467,-0.0024664420525791863,interpolado
0.11868593718743749,-0.0026128511324943933,interpolado
0.11878575715143025,-0.002708906081523246,interpolado
0.11888557711542305,-0.0027710963964867855,interpolado
0.119,-0.002822,original
0.11908521704340864,-0.002858309345109635,interpolado
0.11918503700740145,-0.0029036929569850236,interpolado
0.11928485697139425,-0.0029537883856399216,interpolado
0.11938467693538708,-0.003010313899048694,interpolado
0.11948449689937987,-0.003074987765185677,interpolado
0.11958431686337266,-0.0031495282520252396,interpolado
0.11968413682736548,-0.0032356536275417263,interpolado
0.11978395679135825,-0.0033350821597094723,interpolado
0.11988377675535104,-0.0034495321165028585,interpolado
0.12,-0.003604,original
0.12008341668333666,-0.0037289810759408167,interpolado
0.12018323664732943,-0.0038854781706973256,interpolado
0.12028305661132226,-0.004037668455326854,interpolado
0.12038287657531507,-0.004172996778569709,interpolado
0.12048269653930785,-0.004278907989166197,interpolado
0.12058251650330064,-0.00434284693585668,interpolado
0.12068233646729346,-0.004352258467381468,interpolado
0.12078215643128627,-0.00429458743248089,interpolado
0.12088197639527908,-0.0041572786798952654,interpolado
0.121,-0.003875,original
0.12108161632326465,-0.003596653710764911,interpolado
0.12118143628725746,-0.0031763202113443256,interpolado
0.12128125625125029,-0.0026885031617887457,interpolado
0.12138107621524306,-0.00215496385132574,interpolado
0.12148089617923587,-0.0015974635691825994,interpolado
0.12158071614322867,-0.0010377636045868339,interpolado
0.12168053610722147,-0.0004976252467659562,interpolado
0.12178035607121429,1.1902150527458422e-06,interpolado
0.12188017603520707,0.0004369214916416999,interpolado
0.122,0.000846,original
0.12207981596319266,0.0010349307589966968,interpolado
0.12217963592718545,0.0011804241915384704,interpolado
0.12227945589117825,0.0012358647994084129,interpolado
0.12237927585517104,0.0012128745697892246,interpolado
0.12247909581916386,0.001123075489863621,interpolado
0.1225789157831566,0.0009780895468143218,interpolado
0.12267873574714942,0.000789538727824077,interpolado
0.12277855571114227,0.0005690450200755552,interpolado
0.122878375675135,0.0003282304107515355,interpolado
0.123,2.42e-05,original
0.12307801560312064,-0.00016855663866862297,interpolado
0.12317783556711343,-0.00040800953585032,interpolado
0.12327765553110624,-0.0006365896480348047,interpolado
0.12337747549509903,-0.0008512597313654355,interpolado
0.12347729545909181,-0.00104898254198566,interpolado
0.12357711542308461,-0.0012267208360388126,interpolado
0.12367693538707741,-0.0013814373696683297,interpolado
0.12377675535107023,-0.0015100948990175735,interpolado
0.12387657531506302,-0.0016096561802299196,interpolado
0.124,-0.001688,original
0.12407621524304864,-0.001710000074117054,interpolado
0.1241760352070414,-0.0017115107748514225,interpolado
0.12427585517103422,-0.001687443016242004,interpolado
0.124375675135027,-0.0016436433218703025,interpolado
0.12447549509901981,-0.0015859582153178347,interpolado
0.12457531506301257,-0.001520234220166124,interpolado
0.1246751350270054,-0.0014523178599966644,interpolado
0.12477495499099822,-0.0013880556583909867,interpolado
0.12487477495499101,-0.0013332941389305858,interpolado
0.125,-0.001287,original
0.12507441488297663,-0.001273855014448373,interpolado
0.1251742348469694,-0.001261320076813741,interpolado
0.12527405481096218,-0.0012360647910787434,interpolado
0.125373874774955,-0.0011778071444744052,interpolado
0.12547369473894782,-0.0010662651242317463,interpolado
0.12557351470294065,-0.0008811567175817875,interpolado
0.1256733346669334,-0.0006021999117556406,interpolado
0.1257731546309262,-0.0002091126939841772,interpolado
0.125872974594919,0.0003183869485015192,interpolado
0.126,0.001216,original
0.1260726145229046,0.0018526945453167106,interpolado
0.1261724344868974,0.002842463814683162,interpolado
0.1262722544508902,0.00391161848456532,interpolado
0.126372074414883,0.005001622258495159,interpolado
0.1264718943788758,0.006053938840004912,interpolado
0.12657171434286857,0.007010031932626562,interpolado
0.12667153430686137,0.0078113652398928935,interpolado
0.12677135427085418,0.008399402465335847,interpolado
0.12687117423484698,0.008715607312487664,interpolado
0.127,0.008627,original
0.12707081416283256,0.008306293239910046,interpolado
0.1271706341268254,0.007558650185974518,interpolado
0.12727045409081816,0.006532506552078629,interpolado
0.12737027405481097,0.005302398744118873,interpolado
0.1274700940188038,0.003942863167991756,interpolado
0.12756991398279655,0.0025284362295941607,interpolado
0.12766973394678935,0.0011336543348217849,interpolado
0.12776955391078218,-0.00016694611042848646,interpolado
0.12786937387477496,-0.0012988287002601543,interpolado
0.128,-0.002401,original
0.12806901380276056,-0.002764209570895938,interpolado
0.1281688337667533,-0.0030234049114957217,interpolado
0.12826865373074614,-0.002997365065953022,interpolado
0.12836847369473897,-0.0027189381285350612,interpolado
0.12846829365873175,-0.002220972193509067,interpolado
0.12856811362272455,-0.0015363153551424791,interpolado
0.12866793358671735,-0.0006978157077021359,interpolado
0.12876775355071016,0.00026167865454457284,interpolado
0.12886757351470296,0.0013093196373304185,interpolado
0.129,0.002779,original
0.12906721344268854,0.003537925320535554,interpolado
0.12916703340668137,0.0046568808921069885,interpolado
0.12926685337067417,0.005741675116151734,interpolado
0.12936667333466698,0.006764888784740928,interpolado
0.12946649329865975,0.0076991026899454595,interpolado
0.12956631326265253,0.00851689762383699,interpolado
0.12966613322664536,0.009190854378486383,interpolado
0.12976595319063816,0.009693553745964771,interpolado
0.12986577315463096,0.00999757651834329,interpolado
0.13,0.010045,original
0.13006541308261654,0.009902919145768671,interpolado
0.13016523304660935,0.009491805226626893,interpolado
0.13026505301060212,0.008878347589027762,interpolado
0.13036487297459495,0.008099169209631541,interpolado
0.13046469293858773,0.007190893065098765,interpolado
0.13056451290258048,0.006190142132089192,interpolado
0.13066433286657328,0.005133539387263325,interpolado
0.1307641528305661,0.004057707807281433,interpolado
0.13086397279455894,0.0029992703688037844,interpolado
0.131,0.001651,original
0.1310636127225445,0.0010795027029038746,interpolado
0.13116343268653727,0.00026797682350594205,interpolado
0.1312632526505301,-0.0004391463439843818,interpolado
0.1313630726145229,-0.0010415745264351175,interpolado
0.13146289257851568,-0.0015390154507141601,interpolado
0.13156271254250848,-0.0019311768436898057,interpolado
0.13166253250650128,-0.0022177664322299215,interpolado
0.1317623524704941,-0.0023984919432025274,interpolado
0.13186217243448692,-0.0024730611034756425,interpolado
0.132,-0.002401,original
0.13206181236247247,-0.0023032711605871954,interpolado
0.1321616323264653,-0.002069600165241578,interpolado
0.1322614522904581,-0.0017576488974094693,interpolado
0.13236127225445085,-0.001385062633711127,interpolado
0.13246109221844365,-0.0009694866507664872,interpolado
0.1325609121824365,-0.0005285662251957947,interpolado
0.1326607321464293,-7.994663361919606e-05,interpolado
0.1327605521104221,0.0003587268473431612,interpolado
0.13286037207441484,0.0007698089410710201,interpolado
0.133,0.001265,original
0.13306001200240045,0.0014393803932905794,interpolado
0.13315983196639328,0.0016754598598730666,interpolado
0.13325965193038608,0.0018470795664453322,interpolado
0.13335947189437886,0.001957648872330475,interpolado
0.13345929185837166,0.002010577136851677,interpolado
0.13355911182236446,0.0020092737193320195,interpolado
0.13365893178635727,0.0019571479790946246,interpolado
0.13375875175035007,0.0018576092754626124,interpolado
0.1338585717143429,0.001714066967759151,interpolado
0.134,0.001442,original
0.13405821164232848,0.001309161350065842,interpolado
0.1341580316063213,0.0010645638502361832,interpolado
0.13425785157031406,0.0008160566977570436,interpolado
0.13435767153430683,0.00058376039188912,interpolado
0.13445749149829964,0.0003877954318929139,interpolado
0.13455731146229247,0.0002482823170291282,interpolado
0.13465713142628524,0.0001853415465583989,interpolado
0.13475695139027807,0.00021909361974136062,interpolado
0.13485677135427082,0.000369659035838589,interpolado
0.135,0.00083,original
0.13505641128225646,0.0010994824618623673,interpolado
0.13515623124624926,0.0016760816095626283,interpolado
0.13525605121024206,0.002333978158344149,interpolado
0.13535587117423484,0.003019178687495048,interpolado
0.13545569113822764,0.003677689776302894,interpolado
0.13555551110222047,0.004255518004055427,interpolado
0.13565533106621325,0.004698669950040386,interpolado
0.13575515103020602,0.004953152193545478,interpolado
0.13585497099419885,0.004964971313858595,interpolado
0.136,0.004439,original
0.13605461092218443,0.004048670966653758,interpolado
0.13615443088617726,0.0030955221569851617,interpolado
0.13625425085017004,0.0019118704344024,interpolado
0.13635407081416284,0.0005911819800968985,interpolado
0.13645389077815565,-0.0007730770247389434,interpolado
0.13655371074214845,-0.002087440398913023,interpolado
0.13665353070614122,-0.003258441961233233,interpolado
0.13675335067013403,-0.004192615530507268,interpolado
0.13685317063412686,-0.0047964949255435525,interpolado
0.137,-0.004888,original
0.13705281056211244,-0.004644424063735485,interpolado
0.13715263052610524,-0.003810423726641373,interpolado
0.13725245049009802,-0.0025769262253160516,interpolado
0.13735227045409082,-0.0010497133545203825,interpolado
0.13745209041808362,0.0006654330909837869,interpolado
0.13755191038207643,0.002462731316434892,interpolado
0.1376517303460692,0.004236399527071364,interpolado
0.137751550310062,0.005880655928131217,interpolado
0.1378513702740548,0.007289718724853823,interpolado
0.138,0.008724,original
0.13805101020204044,0.00898298832702815,interpolado
0.13815083016603322,0.009147509316506581,interpolado
0.13825065013002602,0.008915400960538207,interpolado
0.1383504700940188,0.008354069829786545,interpolado
0.13845029005801163,0.007530922494915241,interpolado
0.1385501100220044,0.00651336552658792,interpolado
0.1386499299859972,0.00536880549546855,interpolado
0.13874974994999,0.004164648972220108,interpolado
0.1388495699139828,0.0029683025275065306,interpolado
0.13894938987797562,0.0018471727319914555,interpolado
0.139,0.001329,original
0.13914902980596117,5.4486580908885116e-05,interpolado
0.139248849769954,-0.0006036331272685236,interpolado
0.1393486697339468,-0.001122331745836655,interpolado
0.13944848969793958,-0.0015166026231669524,interpolado
0.1395483096619324,-0.0018014391076308569,interpolado
0.13964812962592518,-0.00199183454759977,interpolado
0.13974794958991799,-0.002102782291445234,interpolado
0.13984776955391082,-0.002149275687538627,interpolado
0.13994758951790356,-0.0021463080842513893,interpolado
0.14,-0.00213,original
0.14014722944588917,-0.002047617009460288,interpolado
0.14024704940988197,-0.001970038292274067,interpolado
0.14034686937387478,-0.001882857808522296,interpolado
0.14044668933786755,-0.0017929418084592736,interpolado
0.14054650930186036,-0.001707156542339322,interpolado
0.14064632926585316,-0.0016323682604166897,interpolado
0.1407461492298459,-0.0015754432129457007,interpolado
0.14084596919383874,-0.0015432476501806543,interpolado
0.14094578915783154,-0.0015426478223758487,interpolado
0.141,-0.001558,original
0.14114542908581712,-0.0016579876594234098,interpolado
0.14124524904980995,-0.001771687772283898,interpolado
0.14134506901380273,-0.0019172164665375794,interpolado
0.14144488897779556,-0.0020903561057034063,interpolado
0.14154470894178833,-0.0022868890533002716,interpolado
0.14164452890578116,-0.0025025976728472376,interpolado
0.14174434886977394,-0.0027332643278632036,interpolado
0.14184416883376677,-0.002974671381867123,interpolado
0.14194398879775955,-0.0032226011983779446,interpolado
0.142,-0.003363,original
0.14214362872574518,-0.0037191887184247576,interpolado
0.14224344868973796,-0.003953758341382988,interpolado
0.14234326865373076,-0.004168304005088448,interpolado
0.14244308861772356,-0.004354640602442258,interpolado
0.14254290858171637,-0.0045045830263455,interpolado
0.14264272854570914,-0.004609946169699371,interpolado
0.14274254850970194,-0.0046625449254049465,interpolado
0.14284236847369475,-0.004654194186363343,interpolado
0.14294218843768755,-0.004576708845475676,interpolado
0.143,-0.004497,original
0.14314182836567316,-0.004193298441814199,interpolado
0.14324164832966593,-0.003905485721764962,interpolado
0.14334146829365874,-0.0035750678290115247,interpolado
0.14344128825765154,-0.0032183428178054023,interpolado
0.14354110822164431,-0.002851608742397804,interpolado
0.14364092818563715,-0.0024911636570402393,interpolado
0.14374074814962995,-0.00215330561598412,interpolado
0.14384056811362275,-0.0018543326734808585,interpolado
0.14394038807761556,-0.0016105428837819259,interpolado
0.144,-0.001498,original
0.14414002800560116,-0.0013399993864219775,interpolado
0.14423984796959394,-0.0013043780278895769,interpolado
0.14433966793358677,-0.0013175547497972183,interpolado
0.14443948789757952,-0.0013660385593607955,interpolado
0.1445393078615723,-0.0014363384637962502,interpolado
0.14463912782556507,-0.0015149634703194859,interpolado
0.1447389477895579,-0.0015884225861464139,interpolado
0.14483876775355073,-0.0016432248184929453,interpolado
0.14493858771754345,-0.001665879174574992,interpolado
0.145,-0.001658,original
0.14513822764552908,-0.0015678303537287113,interpolado
0.1452380476095219,-0.001442053138768519,interpolado
0.14533786757351466,-0.0012681531235248643,interpolado
0.14543768753750744,-0.0010485691761478156,interpolado
0.14553750750150027,-0.0007857401647872526,interpolado
0.14563732746549307,-0.0004821049575932309,interpolado
0.14573714742948587,-0.00014010242271575218,interpolado
0.14583696739347865,0.00023782857169518163,interpolado
0.14593678735747145,0.00064924915748945,interpolado
0.146,0.000926,original
0.14613642728545706,0.001556988060263443,interpolado
0.14623624724944986,0.0020298610374541886,interpolado
0.14633606721344267,0.0024941205806534054,interpolado
0.14643588717743547,0.0029336602274398463,interpolado
0.14653570714142825,0.003332373515391873,interpolado
0.14663552710542108,0.0036741539820879772,interpolado
0.14673534706941385,0.003942895165106651,interpolado
0.14683516703340668,0.004122490602026349,interpolado
0.14693498699739949,0.004196833830425668,interpolado
0.147,0.004181,original
0.1471346269253851,0.003984847072170888,interpolado
0.1472344468893779,0.003730319138018955,interpolado
0.14733426685337067,0.0034181795819427803,interpolado
0.14743408681736345,0.0030800362347841444,interpolado
0.14753390678135628,0.002747496927385088,interpolado
0.14763372674534908,0.0024521694905875703,interpolado
0.14773354670934186,0.002225661755233552,interpolado
0.14783336667333463,0.0020995815521650117,interpolado
0.14793318663732744,0.0021055367122238323,interpolado
0.148,0.002199,original
0.148132826565313,0.0026110952124974657,interpolado
0.14823264652930587,0.003076464375899947,interpolado
0.14833246649329865,0.003628839829267429,interpolado
0.14843228645729142,0.004226262130984311,interpolado
0.14853210642128423,0.00482677183943454,interpolado
0.14863192638527706,0.005388409513002197,interpolado
0.14873174634926986,0.005869215710071369,interpolado
0.14883156631326264,0.006227230989026063,interpolado
0.14893138627725544,0.006420495908250574,interpolado
0.149,0.006436,original
0.14913102620524105,0.006176443038653982,interpolado
0.14923084616923382,0.005764495446070631,interpolado
0.14933066613322665,0.005213258642160199,interpolado
0.14943048609721943,0.004564357378130621,interpolado
0.14953030606121223,0.0038594164051897408,interpolado
0.14963012602520506,0.0031400604745454017,interpolado
0.14972994598919784,0.002447914337405631,interpolado
0.14982976595319059,0.0018246027449778783,interpolado
0.14992958591718342,0.001311750448470187,interpolado
0.15,0.001039,original
0.15012922584516902,0.0007629122517860722,interpolado
0.1502290458091618,0.0007352051021733865,interpolado
0.1503288657731546,0.0008511358604569272,interpolado
0.1504286857371474,0.0010942272027050649,interpolado
0.15052850570114024,0.0014480018049861394,interpolado
0.150628325665133,0.0018959823433684925,interpolado
0.15072814562912576,0.002421691493920309,interpolado
0.1508279655931186,0.003008651932710226,interpolado
0.1509277855571114,0.0036403863358064475,interpolado
0.151,0.004116,original
0.15112742548509703,0.004968767896541332,interpolado
0.1512272454490898,0.005619609876554382,interpolado
0.15132706541308263,0.0062263359499238075,interpolado
0.15142688537707538,0.006762374332298295,interpolado
0.1515267053410682,0.007201153239326719,interpolado
0.15162652530506102,0.007516100886657949,interpolado
0.15172634526905382,0.007680645489940836,interpolado
0.1518261652330466,0.0076682152648243455,interpolado
0.15192598519703943,0.007452238426957282,interpolado
0.152,0.007145,original
0.15212562512502495,0.006330600905619498,interpolado
0.15222544508901778,0.005474762987559871,interpolado
0.1523252650530106,0.004494297011426471,interpolado
0.15242508501700336,0.003444634422991132,interpolado
0.1525249049809962,0.0023812066680256824,interpolado
0.15262472494498897,0.0013594451923022275,interpolado
0.1527245449089818,0.0004347814415920179,interpolado
0.1528243648729746,-0.0003373531383328237,interpolado
0.15292418483696738,-0.0009015271017004668,interpolado
0.153,-0.001157,original
0.15312382476495298,-0.0012193025701822287,interpolado
0.15322364472894576,-0.0009983936746156361,interpolado
0.15332346469293856,-0.0005945309497913484,interpolado
0.15342328465693136,-6.240777339283293e-05,interpolado
0.1535231046209242,0.0005432824768964463,interpolado
0.15362292458491694,0.0011678464233928492,interpolado
0.1537227445489098,0.001756590688413272,interpolado
0.15382256451290258,0.0022548218942740742,interpolado
0.1539223844768954,0.00260784666329179,interpolado
0.154,0.002747,original
0.154122024404881,0.0026892325192371014,interpolado
0.15422184436887376,0.0024273921747243713,interpolado
0.15432166433286656,0.0020185803685424187,interpolado
0.15442148429685937,0.001505747757694841,interpolado
0.15452130426085214,0.0009318449991852339,interpolado
0.15462112422484495,0.00033982275001735485,interpolado
0.15472094418883775,-0.00022736833280553807,interpolado
0.15482076415283055,-0.000726777592279686,interpolado
0.15492058411682336,-0.0011154543714014943,interpolado
0.155,-0.001317,original
0.15512022404480894,-0.001410020367553677,interpolado
0.15522004400880174,-0.0013176441215087464,interpolado
0.15531986397279454,-0.0011033209592569765,interpolado
0.15541968393678737,-0.0007969488673291157,interpolado
0.15551950390078015,-0.00042842583225601906,interpolado
0.15561932386477295,-2.7649840568223017e-05,interpolado
0.15571914382876575,0.00037548112120343037,interpolado
0.15581896379275853,0.000751069066528194,interpolado
0.15591878375675133,0.0010692160088753204,interpolado
0.156,0.001265,original
0.15611842368473697,0.001423896504922013,interpolado
0.15621824364872974,0.0014445090774861324,interpolado
0.15631806361272255,0.0013690197628033805,interpolado
0.15641788357671535,0.0012045467062082895,interpolado
0.15651770354070813,0.0009582080530354714,interpolado
0.15661752350470093,0.0006371219486193192,interpolado
0.1567173434686937,0.0002484065382944231,interpolado
0.15681716343268653,-0.00020082003260468435,interpolado
0.15691698339667934,-0.0007034396187434719,interpolado
0.157,-0.001157,original
0.15711662332466492,-0.0018338738235226238,interpolado
0.15721644328865772,-0.0024188501711952504,interpolado
0.15731626325265052,-0.002975627885619136,interpolado
0.1574160832166433,-0.00347259121100873,interpolado
0.1575159031806361,-0.003878124391578393,interpolado
0.1576157231446289,-0.004160611671542809,interpolado
0.1577155431086217,-0.0042884372951163055,interpolado
0.1578153630726145,-0.004229985506513336,interpolado
0.1579151830366073,-0.003953640549948465,interpolado
0.158,-0.003524,original
0.1581148229645929,-0.0026467209824212984,interpolado
0.1582146429285857,-0.0016703587462515428,interpolado
0.15831446289257853,-0.0005692906928203595,interpolado
0.1584142828565713,0.0005859502509477535,interpolado
0.15851410282056413,0.0017248311581292708,interpolado
0.1586139227845569,0.0027768191017996965,interpolado
0.15871374274854974,0.0036713811550348504,interpolado
0.1588135627125425,0.004337984390910552,interpolado
0.1589133826765353,0.004706095882502566,interpolado
0.159,0.004729,original
0.15911302260452093,0.004304248210664335,interpolado
0.15921284256851373,0.0035781940761503337,interpolado
0.1593126625325065,0.0026199697164671245,interpolado
0.15941248249649928,0.0015224615281671159,interpolado
0.15951230246049208,0.0003785559078017664,interpolado
0.1596121224244849,-0.000718860748076542,interpolado
0.15971194238847772,-0.001676902042915721,interpolado
0.1598117623524705,-0.0024026815801636804,interpolado
0.15991158231646324,-0.002803312963268268,interpolado
0.16,-0.002812,original
0.16011122224444888,-0.0022984937857877157,interpolado
0.16021104220844165,-0.001404928836591152,interpolado
0.16031086217243448,-0.000189807049399316,interpolado
0.16041068213642726,0.0012623235512249206,interpolado
0.16051050210042006,0.002866914940719944,interpolado
0.16061032206441286,0.004539419094522943,interpolado
0.16071014202840567,0.006195287988071475,interpolado
0.16080996199239847,0.00774997359680269,interpolado
0.16090978195639127,0.009118927896155034,interpolado
0.161,0.010126,original
0.16110942188437688,0.010986411774262279,interpolado
0.16120924184836968,0.011440464864008166,interpolado
0.16130906181236243,0.011608930382331992,interpolado
0.16140888177635526,0.011520959714104788,interpolado
0.16150870174034807,0.011205704244197394,interpolado
0.16160852170434087,0.010692315357480744,interpolado
0.1617083416683337,0.010009944438825781,interpolado
0.16180816163232645,0.009187742873103668,interpolado
0.16190798159631928,0.008254862045184889,interpolado
0.162,0.007322,original
0.16210762152430486,0.006172069136422398,interpolado
0.16220744148829772,0.005072206940533567,interpolado
0.16230726145229044,0.0039623623357370056,interpolado
0.16240708141628327,0.0028640315146065344,interpolado
0.1625069013802761,0.0017987106697169057,interpolado
0.16260672134426885,0.0007878959936425632,interpolado
0.1627065413082617,-0.00014691632104205348,interpolado
0.16280636127225448,-0.0009842300817622808,interpolado
0.16290618123624725,-0.0017025490959441478,interpolado
0.163,-0.00225,original
0.1631058211642329,-0.0027046760324978595,interpolado
0.1632056411282257,-0.002990644884298254,interpolado
0.16330546109221844,-0.0031593831667170312,interpolado
0.16340528105621127,-0.003231988777432698,interpolado
0.16350510102020407,-0.00322955961412361,interpolado
0.16360492098419685,-0.003173193574468185,interpolado
0.16370474094818963,-0.003083988556144871,interpolado
0.16380456091218243,-0.0029830424568320297,interpolado
0.16390438087617523,-0.0028914531742081,interpolado
0.164,-0.002832,original
0.16410402080416084,-0.002813849740183869,interpolado
0.1642038407681536,-0.002831980490848663,interpolado
0.1643036607321464,-0.002869293644143345,interpolado
0.1644034806961392,-0.0029103724398645064,interpolado
0.16450330066013202,-0.0029398001178087443,interpolado
0.16460312062412483,-0.0029421599177726515,interpolado
0.1647029405881176,-0.002902035079552841,interpolado
0.1648027605521104,-0.002804008842945891,interpolado
0.1649025805161032,-0.002632664447748398,interpolado
0.165,-0.00238,original
0.16510222044408876,-0.0020137283705397753,interpolado
0.16520204040808162,-0.00156605179941031,interpolado
0.1653018603720744,-0.001044165347654026,interpolado
0.1654016803360672,-0.0004626788729586736,interpolado
0.16550150030006006,0.00016379776698811083,interpolado
0.16560132026405278,0.0008206547144986901,interpolado
0.1657011402280456,0.0014932821118852414,interpolado
0.1658009601920384,0.0021670701014605033,interpolado
0.1659007801560312,0.0028274088255366555,interpolado
0.166,0.003456,original
0.16610042008401682,0.0040522686470428676,interpolado
0.16620024004800957,0.004605175309001601,interpolado
0.16630006001200237,0.005121298624946751,interpolado
0.16639987997599523,0.005603528806888548,interpolado
0.166499699939988,0.006054756066837378,interpolado
0.16659951990398078,0.0064778706168035095,interpolado
0.16669933986797358,0.00687576266879757,interpolado
0.1667991598319664,0.007251322434829821,interpolado
0.16689897979595922,0.007607440126910651,interpolado
0.167,0.007951,original
0.1670986197239448,0.008271162172251857,interpolado
0.16719843968793757,0.008573802322009196,interpolado
0.1672982596519304,0.008846941230891267,interpolado
0.1673980796159232,0.00908259372031598,interpolado
0.16749789957991598,0.009272774611701257,interpolado
0.16759771954390879,0.009409498726464982,interpolado
0.16769753950790156,0.009484780886025152,interpolado
0.1677973594718944,0.009490635911799635,interpolado
0.16789717943588717,0.009419078625206344,interpolado
0.168,0.009256,original
0.16809681936387277,0.009013193221234742,interpolado
0.16819663932786558,0.008671867017612987,interpolado
0.16829645929185838,0.008239410310332224,interpolado
0.16839627925585118,0.007717088214803765,interpolado
0.16849609921984396,0.007106165846438921,interpolado
0.1685959191838368,0.0064079083206492185,interpolado
0.16869573914782957,0.005623580752845577,interpolado
0.1687955591118224,0.004754448258439496,interpolado
0.1688953790758152,0.003801775952842289,interpolado
0.169,0.002715,original
0.1690950190038008,0.001659038706553134,interpolado
0.16919483896779358,0.0005255795374826558,interpolado
0.16929465893178638,-0.0005754778216436398,interpolado
0.1693944788957792,-0.0015860615833553728,interpolado
0.16949429885977196,-0.002448099960181945,interpolado
0.16959411882376477,-0.003103521164653467,interpolado
0.1696939387877576,-0.003494253409299293,interpolado
0.1697937587517504,-0.0035622249066490403,interpolado
0.16989357871574312,-0.0032493638692323245,interpolado
0.17,-0.002431,original
0.17009321864372873,-0.0012720473470009322,interpolado
0.17019303860772153,0.00034899707983833216,interpolado
0.17029285857171436,0.002252770046484323,interpolado
0.17039267853570716,0.004326498592971392,interpolado
0.17049249849969994,0.0064574097593332975,interpolado
0.17059231846369274,0.008532730585605601,interpolado
0.17069213842768555,0.010439688111822063,interpolado
0.17079195839167835,0.012065509378017031,interpolado
0.17089177835567113,0.013297421424224859,interpolado
0.171,0.014057,original
0.17109141828365676,0.014155610865206922,interpolado
0.17119123824764956,0.013750830864112579,interpolado
0.17129105821164234,0.012907856926521993,interpolado
0.17139087817563514,0.011726255793885169,interpolado
0.17149069813962792,0.010305594207652537,interpolado
0.17159051810362075,0.008745438909273278,interpolado
0.1716903380676135,0.0071453566401977675,interpolado
0.1717901580316063,0.005604914141876013,interpolado
0.1718899779955991,0.0042236781557583696,interpolado
0.172,0.003005,original
0.1720896179235847,0.0023186938309922244,interpolado
0.17218943788757748,0.001857093925108761,interpolado
0.1722892578515703,0.0016634604938835927,interpolado
0.17238907781556306,0.001684811181966936,interpolado
0.1724888977795559,0.0018681636340090611,interpolado
0.17258871774354867,0.002160535494660238,interpolado
0.17268853770754145,0.002508944408570711,interpolado
0.1727883576715343,0.002860408020390731,interpolado
0.17288817763552702,0.0031619439747704687,interpolado
0.173,0.003375,original
0.17308781756351269,0.0034123473062917546,interpolado
0.17318763752750552,0.00332538226703867,interpolado
0.1732874574914983,0.003126360682514865,interpolado
0.1733872774554911,0.0028419915259961202,interpolado
0.1734870974194839,0.0024989837707579637,interpolado
0.17358691738347673,0.0021240463900761572,interpolado
0.1736867373474695,0.001743888357226392,interpolado
0.1737865573114623,0.0013852186454843603,interpolado
0.17388637727545506,0.0010747462281258321,interpolado
0.174,0.000814,original
0.17408601720344072,0.000700953028281853,interpolado
0.17418583716743352,0.0006564809779572327,interpolado
0.1742856571314263,0.0006923947050058167,interpolado
0.17438547709541907,0.0007953073187136198,interpolado
0.17448529705941188,0.0009518319283667543,interpolado
0.17458511702340473,0.0011485816432512533,interpolado
0.17468493698739748,0.0013721695726531685,interpolado
0.17478475695139026,0.0016092088258584853,interpolado
0.17488457691538306,0.0018463125121533919,interpolado
0.175,0.002103,original
0.17508421684336867,0.002269045694153569,interpolado
0.17518403680736147,0.0024437609418384593,interpolado
0.1752838567713543,0.002599624343719322,interpolado
0.17538367673534705,0.002742032716361834,interpolado
0.17548349669933988,0.002876382876331543,interpolado
0.1755833166633327,0.00300807164019404,interpolado
0.1756831366273255,0.003142495824514916,interpolado
0.17578295659131826,0.0032850522458597224,interpolado
0.17588277655531107,0.003441137720794128,interpolado
0.176,0.003649,original
0.1760824164832967,0.0038132161484438205,interpolado
0.17618223644728948,0.004020028779009721,interpolado
0.17628205641128225,0.00421783921622468,interpolado
0.17638187637527503,0.004387878373154726,interpolado
0.17648169633926786,0.004511377162865722,interpolado
0.17658151630326066,0.004569566498423581,interpolado
0.17668133626725346,0.00454367729289422,interpolado
0.17678115623124624,0.004414940459343608,interpolado
0.17688097619523904,0.004164586910837594,interpolado
0.177,0.003681,original
0.17708061612322462,0.003229287539973471,interpolado
0.17718043608721745,0.002555945311920233,interpolado
0.17728025605121023,0.0017957383973116543,interpolado
0.177380076015203,0.0009906564228406385,interpolado
0.17747989597919578,0.00018268901520072817,interpolado
0.1775797159431886,-0.000586174198914741,interpolado
0.17767953590718139,-0.001273943592812251,interpolado
0.1777793558711742,-0.0018386295397988589,interpolado
0.177879175835167,-0.0022382424131810186,interpolado
0.178,-0.002441,original
0.17807881576315263,-0.002382229203871542,interpolado
0.17817863572714537,-0.0021191776146787153,interpolado
0.1782784556911382,-0.0016962627627245947,interpolado
0.178378275655131,-0.0011682598482931057,interpolado
0.17847809561912384,-0.0005899440716681289,interpolado
0.17857791558311664,-1.6090633133545608e-05,interpolado
0.1786777355471094,0.0004985252670266354,interpolado
0.17877755551110222,0.00089912842852883,interpolado
0.17887737547509502,0.001130943651089005,interpolado
0.179,0.001104,original
0.1790770154030806,0.0008775148292192598,interpolado
0.17917683536707338,0.0003676587547482539,interpolado
0.1792766553310662,-0.0003355597847909515,interpolado
0.179376475295059,-0.0011771098683815517,interpolado
0.17947629525905184,-0.0021019605750068468,interpolado
0.17957611522304462,-0.00305508098365014,interpolado
0.1796759351870374,-0.003981440173294485,interpolado
0.1797757551510302,-0.00482600722292371,interpolado
0.179875575115023,-0.005533751211520854,interpolado
0.18,-0.006141,original
0.1800752150430086,-0.006325495398490768,interpolado
0.18017503500700136,-0.006372051871807915,interpolado
0.1802748549709942,-0.00623009526736345,interpolado
0.18037467493498696,-0.00594064997842779,interpolado
0.18047449489897982,-0.005544740398271401,interpolado
0.18057431486297257,-0.005083390920164877,interpolado
0.1806741348269654,-0.004597625937378413,interpolado
0.1807739547909582,-0.004128469843182596,interpolado
0.18087377475495103,-0.0037169470308478867,interpolado
0.181,-0.003343,original
0.18107341468293658,-0.003226758475229831,interpolado
0.18117323464692933,-0.003184023019580375,interpolado
0.18127305461092216,-0.003254648423289709,interpolado
0.181372874574915,-0.0034172149366762236,interpolado
0.1814726945389078,-0.0036503028100583084,interpolado
0.18157251450290057,-0.00393249229375427,interpolado
0.1816723344668934,-0.0042423636380826595,interpolado
0.18177215443088618,-0.0045584970933617965,interpolado
0.18187197439487898,-0.00485947290991007,interpolado
0.182,-0.005189,original
0.18207161432286456,-0.005331856012521752,interpolado
0.18217143428685736,-0.005478978027424897,interpolado
0.18227125425085017,-0.005569447956760016,interpolado
0.18237107421484292,-0.0056075731119805535,interpolado
0.18247089417883575,-0.005597660804539965,interpolado
0.1825707141428285,-0.005544018345891717,interpolado
0.18267053410682133,-0.005450953047489231,interpolado
0.1827703540708141,-0.005322772220785959,interpolado
0.18287017403480693,-0.005163783177235357,interpolado
0.183,-0.004918,original
0.1830698139627925,-0.004770675162869167,interpolado
0.1831696339267853,-0.004545979157435258,interpolado
0.18326945389077812,-0.004309655659409167,interpolado
0.1833692738547709,-0.004067160314846035,interpolado
0.18346909381876367,-0.0038239487698010716,interpolado
0.1835689137827565,-0.003585476670329283,interpolado
0.18366873374674933,-0.0033571996624858777,interpolado
0.18376855371074213,-0.003144573392325999,interpolado
0.1838683736747349,-0.0029530535059047874,interpolado
0.184,-0.002742,original
0.18406801360272054,-0.002654698389913447,interpolado
0.18416783356671332,-0.0025528204559154707,interpolado
0.18426765353070615,-0.0024792944807374047,interpolado
0.18436747349469892,-0.002430906351721013,interpolado
0.18446729345869176,-0.0024044419562080665,interpolado
0.18456711342268456,-0.002396687181540316,interpolado
0.18466693338667733,-0.0024044279150595366,interpolado
0.18476675335067017,-0.0024244500441074953,interpolado
0.18486657331466294,-0.0024535394560259555,interpolado
0.185,-0.002501,original
0.18506621324264852,-0.00252483131502349,interpolado
0.18516603320664132,-0.0025436395429217443,interpolado
0.18526585317063415,-0.0025165195240654165,interpolado
0.18536567313462696,-0.0024149229284262928,interpolado
0.18546549309861976,-0.0022103014259762356,interpolado
0.18556531306261254,-0.0018741066866869239,interpolado
0.18566513302660534,-0.0013777903805301884,interpolado
0.18576495299059811,-0.0006928041774778154,interpolado
0.18586477295459095,0.0002094002524984065,interpolado
0.186,0.001829,original
0.1860644128825765,0.00277425068744337,interpolado
0.1861642328465693,0.004415192978517787,interpolado
0.18626405281056213,0.006188919883065628,interpolado
0.18636387277455488,0.008003255200239975,interpolado
0.18646369273854768,0.009766022729195441,interpolado
0.1865635127025405,0.011385046269085115,interpolado
0.1866633326665333,0.012768149619062577,interpolado
0.1867631526305261,0.013823156578281409,interpolado
0.18686297259451887,0.014457890945895094,interpolado
0.187,0.014476,original
0.1870626125225045,0.014107045357257094,interpolado
0.18716243248649728,0.01307946921874023,interpolado
0.18726225245049008,0.01162721022710187,interpolado
0.18736207241448286,0.00988196284207828,interpolado
0.18746189237847566,0.007975421523404202,interpolado
0.18756171234246843,0.0060392807308158455,interpolado
0.18766153230646127,0.004205234924048956,interpolado
0.187761352270454,0.0026049785628392847,interpolado
0.18786117223444687,0.001370206106922857,interpolado
0.188,0.000508,original
0.18806081216243245,0.000514382983421453,interpolado
0.18816063212642525,0.0010005084100567717,interpolado
0.18826045209041806,0.001972895946048885,interpolado
0.18836027205441086,0.0033109438894834632,interpolado
0.18846009201840364,0.004894050538447364,interpolado
0.18855991198239644,0.0066016141910263375,interpolado
0.18865973194638924,0.008313033145306473,interpolado
0.18875955191038207,0.009907705699373846,interpolado
0.1888593718743748,0.011265030151314212,interpolado
0.189,0.012542,original
0.18905901180236043,0.012791989611629152,interpolado
0.1891588317663532,0.012838738563296941,interpolado
0.18925865173034603,0.012478168409934971,interpolado
0.18935847169433884,0.011786031941532686,interpolado
0.18945829165833164,0.010838081948079788,interpolado
0.1895581116223244,0.00971007121956594,interpolado
0.18965793158631722,0.008477752545980814,interpolado
0.18975775155031005,0.007216878717314408,interpolado
0.18985757151430283,0.006003202523555673,interpolado
0.19,0.004503,original
0.19005721144228843,0.0040171648998762475,interpolado
0.19015703140628126,0.0033348711223051223,interpolado
0.190256851370274,0.0028378835424944233,interpolado
0.1903566713342668,0.0024971315160946007,interpolado
0.19045649129825962,0.002283544398756539,interpolado
0.1905563112622524,0.0021680515461309576,interpolado
0.19065613122624522,0.0021215823138685795,interpolado
0.19075595119023803,0.002115066057620124,interpolado
0.19085577115423086,0.002119432133036315,interpolado
0.191,0.002086,original
0.1910554110822164,0.002045808777787344,interpolado
0.1911552310462092,0.0019352616400049737,interpolado
0.19125505101020196,0.0017891392043368074,interpolado
0.19135487097419485,0.0016232711472781507,interpolado
0.1914546909381876,0.0014534871453244283,interpolado
0.19155451090218045,0.0012956168749710321,interpolado
0.19165433086617326,0.001165490012713382,interpolado
0.191754150830166,0.0010789362350467912,interpolado
0.19185397079415886,0.0010517852184666915,interpolado
0.192,0.001152,original
0.1920536107221444,0.0012379677205704726,interpolado
0.19215343068613722,0.0014606090228425443,interpolado
0.19225325065013008,0.0017439134436675594,interpolado
0.19235307061412282,0.0020633363232839337,interpolado
0.19245289057811563,0.002394333001930136,interpolado
0.19255271054210846,0.0027123588198446325,interpolado
0.19265253050610123,0.0029928691172658207,interpolado
0.19275235047009406,0.003211319234432328,interpolado
0.1928521704340868,0.0033431645115825376,interpolado
0.193,0.003327,original
0.19305181036207245,0.003250188013698493,interpolado
0.19315163032606528,0.0030068666837147,interpolado
0.193251450290058,0.00266519909519271,interpolado
0.19335127025405083,0.002257543191328313,interpolado
0.19345109021804363,0.0018162569153172478,interpolado
0.19355091018203638,0.0013736982103552517,interpolado
0.1936507301460292,0.0009622250196381701,interpolado
0.193750550110022,0.0006141952863615061,interpolado
0.1938503700740148,0.00036196695372111567,interpolado
0.194,0.000234,original
0.1940500100020004,0.00027298292435666164,interpolado
0.1941498299659932,0.0004670066889919969,interpolado
0.194249649929986,0.0007886258416639564,interpolado
0.19434946989397883,0.0012051499211544572,interpolado
0.1944492898579716,0.0016838884662454497,interpolado
0.19454910982196438,0.002192151015718741,interpolado
0.19464892978595721,0.002697247108356571,interpolado
0.19474874974995002,0.003166486282940751,interpolado
0.1948485697139428,0.003567178078253231,interpolado
0.19494838967793562,0.0038666320330759617,interpolado
0.195,0.003971,original
0.1951480296059212,0.004055346858023285,interpolado
0.19524784956991403,0.003944636888430619,interpolado
0.19534766953390686,0.0037128493073580672,interpolado
0.1954474894978996,0.003371966869783822,interpolado
0.19554730946189236,0.0029339723306862093,interpolado
0.19564712942588516,0.002410848445043174,interpolado
0.195746949389878,0.0018145779678330174,interpolado
0.1958467693538708,0.0011571436540339301,interpolado
0.1959465893178636,0.00045052825862410364,interpolado
0.196,5.64e-05,original
0.19614622924584918,-0.0010580998470036715,interpolado
0.19624604920984193,-0.0018244974309988445,interpolado
0.19634586917383476,-0.0025723164042146807,interpolado
0.1964456891378276,-0.0032815296965785293,interpolado
0.19654550910182036,-0.003932110238017576,interpolado
0.19664532906581317,-0.004504030958459542,interpolado
0.19674514902980603,-0.004977264787831586,interpolado
0.1968449689937988,-0.005331784656061066,interpolado
0.1969447889577916,-0.0055475634930753324,interpolado
0.197,-0.0056,original
0.1971444288857772,-0.005510577659270394,interpolado
0.19724424884977002,-0.005296580432408423,interpolado
0.1973440688137628,-0.004998416530852957,interpolado
0.1974438887777556,-0.004651101174268832,interpolado
0.19754370874174837,-0.0042896495823205715,interpolado
0.19764352870574114,-0.003949076974672994,interpolado
0.19774334866973398,-0.0036643985709908316,interpolado
0.19784316863372675,-0.0034706295909388086,interpolado
0.19794298859771955,-0.0034027852541816538,interpolado
0.198,-0.003434,original
0.19814262852570516,-0.0037485347331351394,interpolado
0.198242448489698,-0.004126179783301179,interpolado
0.19834226845369077,-0.004587987758323398,interpolado
0.19844208841768354,-0.005094114574275876,interpolado
0.19854190838167632,-0.005604716147233126,interpolado
0.19864172834566915,-0.006079948393269235,interpolado
0.19874154830966195,-0.006479967228458423,interpolado
0.1988413682736547,-0.00676492856887491,interpolado
0.19894118823764753,-0.006894988330592914,interpolado
0.199,-0.006883,original
0.1991408281656331,-0.006572396141387934,interpolado
0.19924064812962589,-0.006163740120124026,interpolado
0.19934046809361874,-0.005653903895556344,interpolado
0.19944028805761152,-0.005091435534912883,interpolado
0.19954010802160432,-0.004524883105421152,interpolado
0.1996399279855971,-0.004002794674309139,interpolado
0.1997397479495899,-0.0035737183088046806,interpolado
0.19983956791358273,-0.00328620207613561,interpolado
0.1999393878775755,-0.003188794043529758,interpolado
0.2,-0.003243,original
0.2001390278055611,-0.003711026672147108,interpolado
0.20023884776955392,-0.004282008124159821,interpolado
0.20033866773354672,-0.004985055368623841,interpolado
0.20043848769753958,-0.005763301813148492,interpolado
0.20053830766153233,-0.0065598808653425135,interpolado
0.20063812762552516,-0.007317925932814821,interpolado
0.20073794758951796,-0.007980570423174344,interpolado
0.20083776755351074,-0.008490947744029878,interpolado
0.2009375875175035,-0.00879219130299064,interpolado
0.201,-0.008849,original
0.20113722744548912,-0.008586789879462814,interpolado
0.20123704740948192,-0.008114605185552733,interpolado
0.2013368673734747,-0.007463454353414551,interpolado
0.2014366873374675,-0.006684959704262059,interpolado
0.2015365073014603,-0.0058307435593096014,interpolado
0.20163632726545314,-0.004952428239771358,interpolado
0.20173614722944594,-0.004101636066861506,interpolado
0.20183596719343871,-0.0033299893617944267,interpolado
0.2019357871574315,-0.0026891104457838558,interpolado
0.202,-0.00237,original
0.20213542708541707,-0.0019710599869062688,interpolado
0.20223524704940987,-0.0018834039987024988,interpolado
0.20233506701340265,-0.0019343413521258168,interpolado
0.20243488697739548,-0.0020911974275648637,interpolado
0.20253470694138828,-0.00232129760540825,interpolado
0.20263452690538108,-0.0025919672660445815,interpolado
0.2027343468693739,-0.0028705317898624644,interpolado
0.20283416683336672,-0.003124316557250442,interpolado
0.2029339867973595,-0.003320646948597267,interpolado
0.203,-0.003403,original
0.20313362672534507,-0.003431501290913589,interpolado
0.20323344668933782,-0.0033514964001514175,interpolado
0.20333326665333062,-0.0032076636112076127,interpolado
0.2034330866173234,-0.0030204886756758347,interpolado
0.20353290658131623,-0.0028104573451497314,interpolado
0.203632726545309,-0.0025980553712229484,interpolado
0.20373254650930178,-0.0024037685054891823,interpolado
0.20383236647329459,-0.0022480824995419696,interpolado
0.20393218643728733,-0.002151483104975013,interpolado
0.204,-0.00213,original
0.204131826365273,-0.0022021708436637246,interpolado
0.20423164632926571,-0.002337957774330242,interpolado
0.20433146629325855,-0.00252218543193742,interpolado
0.20443128625725135,-0.002735441591812649,interpolado
0.2045311062212442,-0.002958314029283348,interpolado
0.20463092618523698,-0.0031713905196769374,interpolado
0.20473074614922976,-0.0033552588383207894,interpolado
0.20483056611322262,-0.0034905067605424337,interpolado
0.2049303860772154,-0.0035577220616692293,interpolado
0.205,-0.003554,original
0.20513002600520103,-0.0034159516941021694,interpolado
0.2052298459691938,-0.003187682573783372,interpolado
0.2053296659331866,-0.002848397307623285,interpolado
0.2054294858971794,-0.0023937385200338136,interpolado
0.20552930586117227,-0.0018193488354268125,interpolado
0.20562912582516507,-0.0011208708782141379,interpolado
0.2057289457891578,-0.0002939472728078921,interpolado
0.20582876575315065,0.0006657793563805256,interpolado
0.20592858571714343,0.001762666384939049,interpolado
0.206,0.002634,original
0.20612822564512903,0.0043646970481734885,interpolado
0.20622804560912178,0.005803679543104419,interpolado
0.20632786557311455,0.007263687987738521,interpolado
0.2064276855371074,0.008690616238315055,interpolado
0.2065275055011002,0.010030358151073273,interpolado
0.20662732546509296,0.011228807582252124,interpolado
0.20672714542908577,0.012231858388091533,interpolado
0.20682696539307854,0.012985404424830404,interpolado
0.20692678535707132,0.013435339548707993,interpolado
0.207,0.013541,original
0.20712642528505693,0.013247688926723346,interpolado
0.20722624524904976,0.012650150801618534,interpolado
0.20732606521304253,0.01179855947207451,interpolado
0.20742588517703534,0.010756160836283727,interpolado
0.2075257051410282,0.009586200792438626,interpolado
0.207625525105021,0.008351925238732003,interpolado
0.20772534506901377,0.007116580073355599,interpolado
0.20782516503300655,0.005943411194502198,interpolado
0.2079249849969994,0.004895664500364246,interpolado
0.208,0.004229,original
0.20812462492498496,0.0034006272644172032,interpolado
0.2082244448889778,0.0029692202424228026,interpolado
0.2083242648529706,0.0027166086841751993,interpolado
0.20842408481696337,0.0026172634909368314,interpolado
0.2085239047809562,0.0026456555639701364,interpolado
0.20862372474494895,0.0027762558045375026,interpolado
0.2087235447089417,0.0029835351139014454,interpolado
0.20882336467293455,0.0032419643933243795,interpolado
0.20892318463692733,0.0035260145440687406,interpolado
0.209,0.003746,original
0.2091228245649129,0.004074227936307296,interpolado
0.20922264452890574,0.004308566215850296,interpolado
0.20932246449289854,0.004504962453827134,interpolado
0.20942228445689137,0.004655172535821243,interpolado
0.2095221044208841,0.004750952347416032,interpolado
0.20962192438487698,0.004784057774194991,interpolado
0.20972174434886978,0.00474624470174151,interpolado
0.20982156431286259,0.004629269015639022,interpolado
0.20992138427685536,0.0044248866014709575,interpolado
0.21,0.004197,original
0.21012102420484097,0.0037285053141863154,interpolado
0.21022084416883377,0.003250917512131846,interpolado
0.21032066413282655,0.0027094057576914584,interpolado
0.21042048409681935,0.0021212451007960667,interpolado
0.21052030406081212,0.001503710591376759,interpolado
0.21062012402480496,0.0008740772793641014,interpolado
0.21071994398879773,0.0002496202146891771,interpolado
0.21081976395279056,-0.00035238555271710086,interpolado
0.2109195839167834,-0.00091466497292382,interpolado
0.211,-0.001327,original
0.21111922384476897,-0.0018577579607302523,interpolado
0.21121904380876175,-0.002232648545689899,interpolado
0.21131886377275455,-0.0025513616712217616,interpolado
0.21141868373674735,-0.002820614885258139,interpolado
0.21151850370074013,-0.003047125735731272,interpolado
0.21161832366473296,-0.0032376117705735837,interpolado
0.21171814362872574,-0.0033987905377173026,interpolado
0.21181796359271857,-0.00353737958509473,interpolado
0.21191778355671134,-0.0036600964606381308,interpolado
0.212,-0.003754,original
0.21211742348469695,-0.0038799987038525626,interpolado
0.21221724344868975,-0.003969887359121737,interpolado
0.21231706341268256,-0.0040323885950843226,interpolado
0.21241688337667528,-0.004056582451236441,interpolado
0.2125167033406681,-0.004031548967074228,interpolado
0.21261652330466088,-0.003946368182093789,interpolado
0.21271634326865368,-0.0037901201357912447,interpolado
0.2128161632326465,-0.0035518848676627138,interpolado
0.2129159831966392,-0.00322074241720442,interpolado
0.213,-0.002862,original
0.21311562312462484,-0.0022464722473920125,interpolado
0.21321544308861767,-0.0016280583506985103,interpolado
0.21331526305261045,-0.0009598515905465081,interpolado
0.21341508301660325,-0.00027114582842169597,interpolado
0.21351490298059606,0.00040876507419082477,interpolado
0.21361472294458886,0.0010505872558053686,interpolado
0.2137145429085817,0.0016250268549364419,interpolado
0.2138143628725745,0.0021027900100985502,interpolado
0.21391418283656732,0.0024545828598061224,interpolado
0.214,0.002634,original
0.21411382276455287,0.0026784288496524687,interpolado
0.21421364272854573,0.0025626833369128085,interpolado
0.2143134626925385,0.002336715172754241,interpolado
0.21441328265653128,0.002033335951579737,interpolado
0.21451310262052412,0.0016853572677919984,interpolado
0.21461292258451692,0.0013255907157939777,interpolado
0.2147127425485097,0.0009868478899885537,interpolado
0.21481256251250247,0.0007019403847786725,interpolado
0.2149123824764953,0.000503679794567047,interpolado
0.215,0.000427,original
0.2151120224044809,0.00048146040598088396,interpolado
0.21521184236847374,0.0006427040646997037,interpolado
0.21531166233246643,0.0008697183972181783,interpolado
0.21541148229645926,0.0011236349348739219,interpolado
0.21551130226045204,0.0013655852090043619,interpolado
0.21561112222444484,0.0015567007509469783,interpolado
0.21571094218843767,0.001658113092039254,interpolado
0.21581076215243045,0.0016309537636186979,interpolado
0.21591058211642322,0.001436354297022786,interpolado
0.216,0.001088,original
0.2161102220444088,0.0004097909943026653,interpolado
0.2162100420084017,-0.00039939229374661876,interpolado
0.21630986197239443,-0.00133990812400035,interpolado
0.21640968193638727,-0.0023595781519408776,interpolado
0.21650950190038004,-0.003406224033049776,interpolado
0.21660932186437284,-0.00442766742280886,interpolado
0.2167091418283657,-0.005371729976699948,interpolado
0.21680896179235848,-0.006186233350204651,interpolado
0.21690878175635125,-0.006818999198805251,interpolado
0.217,-0.007194,original
0.21710842168433686,-0.007345103252320278,interpolado
0.21720824164832966,-0.007207812093535745,interpolado
0.2173080616123224,-0.006821689371771336,interpolado
0.2174078815763153,-0.006202441517396773,interpolado
0.21750770154030805,-0.005365774960782064,interpolado
0.21760752150430082,-0.004327396132297148,interpolado
0.2177073414682936,-0.003103011462312327,interpolado
0.21780716143228643,-0.0017083273811968553,interpolado
0.2179069813962792,-0.0001590503193209863,interpolado
0.218,0.00141,original
0.2181066213242649,0.0033295011440244303,interpolado
0.21820644128825759,0.005179749245440267,interpolado
0.21830626125225044,0.007010207375000624,interpolado
0.21840608121624325,0.00875122815433391,interpolado
0.21850590118023605,0.01033316420506904,interpolado
0.21860572114422885,0.011686368148834935,interpolado
0.21870554110822166,0.012741192607260265,interpolado
0.2188053610722144,0.013427990201974549,interpolado
0.21890518103620726,0.013677113554606369,interpolado
0.219,0.013445,original
0.21910482096419284,0.012615245101265481,interpolado
0.21920464092818565,0.011336335093619223,interpolado
0.21930446089217845,0.00967574475609606,interpolado
0.21940428085617125,0.007727030160393029,interpolado
0.21950410082016406,0.005583747378206869,interpolado
0.21960392078415683,0.0033394524812343225,interpolado
0.21970374074814966,0.0010877015411727517,interpolado
0.2198035607121424,-0.0010779493702823754,interpolado
0.2199033806761352,-0.0030639441814336874,interpolado
0.22,-0.004727,original
0.22010302060412076,-0.006146046871948083,interpolado
0.22020284056811365,-0.007186322104213937,interpolado
0.2203026605321064,-0.007931198731725582,interpolado
0.22040248049609926,-0.008414322269951893,interpolado
0.22050230046009206,-0.008669338234361739,interpolado
0.2206021204240848,-0.008729892140423998,interpolado
0.22070194038807767,-0.008629629503607569,interpolado
0.22080176035207044,-0.008402195839381281,interpolado
0.22090158031606327,-0.008081236663214001,interpolado
0.221,-0.007706,original
0.22110122024404882,-0.007288697830032924,interpolado
0.22120104020804165,-0.0068574158165910235,interpolado
0.22130086017203446,-0.006413576980333952,interpolado
0.22140068013602723,-0.00596420686359419,interpolado
0.22150050010002004,-0.005516331008704212,interpolado
0.2216003200640128,-0.005076974957996614,interpolado
0.22170014002800562,-0.004653164253803626,interpolado
0.22179995999199842,-0.00425192443845785,interpolado
0.22189977995599125,-0.0038802810542917614,interpolado
0.222,-0.003544,original
0.2220994198839768,-0.0032528398283454296,interpolado
0.2221992398479696,-0.0030047669394119604,interpolado
0.2222990598119624,-0.002801714930217598,interpolado
0.2223988797759552,-0.0026443577540742657,interpolado
0.222498699739948,-0.0025333693642938856,interpolado
0.2225985197039408,-0.0024694237141883943,interpolado
0.22269833966793356,-0.0024531947570696757,interpolado
0.2227981596319264,-0.0024853564462496798,interpolado
0.2228979795959192,-0.0025665827350403285,interpolado
0.223,-0.002701,original
0.22309761952390475,-0.002876419754685206,interpolado
0.2231974394878976,-0.003090662078220268,interpolado
0.22329725945189036,-0.0033248779835826836,interpolado
0.22339707941588313,-0.0035636708783047823,interpolado
0.2234968993798759,-0.003791644169918834,interpolado
0.22359671934386877,-0.003993401265957297,interpolado
0.22369653930786154,-0.004153545573952434,interpolado
0.22379635927185434,-0.004256680501436575,interpolado
0.22389617923584715,-0.00428740945594205,interpolado
0.224,-0.004226,original
0.2240958191638327,-0.004075673309282988,interpolado
0.22419563912782553,-0.0038389464873354855,interpolado
0.2242954590918183,-0.00354281473912633,interpolado
0.2243952790558112,-0.0032099378330030398,interpolado
0.2244950990198039,-0.0028629755373132297,interpolado
0.22459491898379677,-0.002524587620404223,interpolado
0.22469473894778955,-0.002217433850623632,interpolado
0.22479455891178235,-0.0019641739963189775,interpolado
0.22489437887577518,-0.0017874678258377776,interpolado
0.225,-0.001709,original
0.22509401880376073,-0.0017438345289393072,interpolado
0.22519383876775353,-0.001851067573934242,interpolado
0.22529365873174637,-0.0019787890568349143,interpolado
0.22539347869573917,-0.00207411132046296,interpolado
0.2254932986597319,-0.00208414670764003,interpolado
0.22559311862372475,-0.001956007561187778,interpolado
0.22569293858771755,-0.0016368062239278244,interpolado
0.22579275855171033,-0.0010736550386818045,interpolado
0.2258925785157031,-0.00021366634827164064,interpolado
0.226,0.001104,original
0.22609221844368874,0.0025869737377676753,interpolado
0.22619203840768157,0.0044829450503734965,interpolado
0.22629185837167434,0.006574016698550369,interpolado
0.22639167833566715,0.008750231952647841,interpolado
0.22649149829965998,0.010901634083017288,interpolado
0.22659131826365272,0.012918266360008259,interpolado
0.22669113822764558,0.014690172053970909,interpolado
0.22679095819163833,0.01610739443525538,interpolado
0.22689077815563113,0.017059976774211637,interpolado
0.227,0.01744,original
0.22709041808361677,0.01715960616354155,interpolado
0.22719023804760957,0.016293074502745114,interpolado
0.22729005801160235,0.01495613380463266,interpolado
0.22738987797559512,0.013266582233226836,interpolado
0.22748969793958793,0.01134221795254882,interpolado
0.22758951790358076,0.00930083912662117,interpolado
0.2276893378675735,0.007260243919466024,interpolado
0.22778915783156636,0.005338230495105525,interpolado
0.2278889777955591,0.0036525970175622364,interpolado
0.228,0.002199,original
0.22808861772354472,0.0014401189885960783,interpolado
0.22818843768753755,0.000984820177130908,interpolado
0.22828825765153035,0.0008883475580387868,interpolado
0.22838807761552307,0.0010837599547307464,interpolado
0.22848789757951588,0.00150411619061803,interpolado
0.2285877175435087,0.0020824750891117417,interpolado
0.2286875375075015,0.002751895473623,interpolado
0.2287873574714943,0.0034454361675627385,interpolado
0.2288871774354871,0.004096155994342474,interpolado
0.229,0.004696,original
0.22908681736347272,0.005011922093948452,interpolado
0.2291866373274655,0.005226831951026869,interpolado
0.22928645729145827,0.005311114483622227,interpolado
0.22938627725545108,0.005294076281777293,interpolado
0.22948609721944388,0.005205023935534758,interpolado
0.22958591718343668,0.005073264034937346,interpolado
0.22968573714742951,0.004928103170027782,interpolado
0.22978555711142226,0.004798847930848829,interpolado
0.22988537707541506,0.0047148049074431314,interpolado
0.23,0.004712,original
0.23008501700340067,0.0047939505248772345,interpolado
0.2301848369673935,0.0049691440141571225,interpolado
0.23028465693138625,0.005205508711451813,interpolado
0.23038447689537903,0.005477662444253598,interpolado
0.23048429685937188,0.005760223040054574,interpolado
0.2305841168233647,0.006027808326346895,interpolado
0.2306839367873575,0.0062550361306227134,interpolado
0.23078375675135032,0.006416524280374149,interpolado
0.23088357671534304,0.006486890603093451,interpolado
0.231,0.00642,original
0.2310832166433287,0.006257075672746708,interpolado
0.23118303660732156,0.00594368909523904,interpolado
0.2312828565713143,0.005520187855586977,interpolado
0.23138267653530709,0.00500620113822735,interpolado
0.2314824964992999,0.004421358127597335,interpolado
0.23158231646329266,0.003785288008134001,interpolado
0.2316821364272855,0.003117619964274609,interpolado
0.23178195639127827,0.002437983180455854,interpolado
0.23188177635527107,0.0017660068411149894,interpolado
0.232,0.001007,original
0.2320814162832567,0.0005221193760248521,interpolado
0.23218123624724943,-2.3473025733056833e-05,interpolado
0.2322810562112423,-0.000511655627259952,interpolado
0.232380876175235,-0.0009386435306699311,interpolado
0.23248069613922784,-0.0013006518380772529,interpolado
0.2325805161032206,-0.0015938956515961734,interpolado
0.23268033606721336,-0.0018145900733409004,interpolado
0.23278015603120622,-0.0019589502054258158,interpolado
0.23287997599519897,-0.002023191149965102,interpolado
0.233,-0.001989,original
0.23307961592318466,-0.0018976890822715072,interpolado
0.23317943588717743,-0.001714672903230513,interpolado
0.23327925585117018,-0.0014685635080805086,interpolado
0.23337907581516304,-0.0011734696621764093,interpolado
0.23347889577915582,-0.0008435001308730881,interpolado
0.2335787157431486,-0.0004927636795254212,interpolado
0.23367853570714142,-0.00013536907348838217,interpolado
0.23377835567113422,0.00021457492188335674,interpolado
0.23387817563512708,0.0005429595412348214,interpolado
0.234,0.000894,original
0.23407781556311266,0.0010804564497722512,interpolado
0.23417763552710544,0.0012795678043214839,interpolado
0.2342774554910982,0.0014421741165132407,interpolado
0.23437727545509104,0.0015774810445804623,interpolado
0.23447709541908385,0.0016946942467561503,interpolado
0.2345769153830766,0.0018030193812732763,interpolado
0.23467673534706934,0.0019116621063648993,interpolado
0.2347765553110622,0.0020298280802639916,interpolado
0.23487637527505498,0.002166722961203553,interpolado
0.235,0.002376,original
0.23507601520304058,0.0025310593675795783,interpolado
0.23517583516703336,0.0027513566412224973,interpolado
0.23527565513102616,0.002968266338197121,interpolado
0.235375475095019,0.0031575349367549462,interpolado
0.2354752950590118,0.0032949089151474665,interpolado
0.23557511502300457,0.0033561347516261743,interpolado
0.2356749349869974,0.0033169589244426046,interpolado
0.2357747549509902,0.003153127911848225,interpolado
0.235874574914983,0.00284038819209453,interpolado
0.236,0.002199,original
0.23607421484296856,0.0016772432762526533,interpolado
0.23617403480696142,0.0008445178916358274,interpolado
0.23627385477095422,-7.950625361997765e-05,interpolado
0.23637367473494703,-0.00103039602296021,interpolado
0.23647349469893983,-0.0019437182798303144,interpolado
0.2365733146629326,-0.0027550398876755354,interpolado
0.2366731346269254,-0.003399927709941785,interpolado
0.2367729545909182,-0.00381394861007427,interpolado
0.236872774554911,-0.003932669451518434,interpolado
0.237,-0.003554,original
0.23707241448289654,-0.0030361525091454405,interpolado
0.23717223444688937,-0.002002865245788401,interpolado
0.23727205441088212,-0.0006788707028333425,interpolado
0.23737187437487497,0.0008482313441616886,interpolado
0.23747169433886778,0.002490841119638199,interpolado
0.23757151430286058,0.004161358848039081,interpolado
0.23767133426685336,0.005772184753805853,interpolado
0.23777115423084616,0.007235719061380481,interpolado
0.23787097419483894,0.008464361995204924,interpolado
0.238,0.009562,original
0.23807061412282451,0.009874613752819854,interpolado
0.23817043408681737,0.009977977166491165,interpolado
0.23827025405081015,0.00972868559844426,interpolado
0.23837007401480295,0.009175389404151364,interpolado
0.23846989397879576,0.008366738939084952,interpolado
0.23856971394278853,0.007351384558716787,interpolado
0.2386695339067813,0.006177976618519284,interpolado
0.23876935387077416,0.004895165473964666,interpolado
0.23886917383476694,0.00355160148052515,interpolado
0.239,0.00178,original
0.23906881376275255,0.0008751565811181827,interpolado
0.23916863372674535,-0.0003815304659223746,interpolado
0.23926845369073813,-0.0015557209144309548,interpolado
0.23936827365473093,-0.0026291613665409435,interpolado
0.23946809361872373,-0.0035835984243854833,interpolado
0.23956791358271656,-0.004400778690098493,interpolado
0.23966773354670937,-0.005062448765813079,interpolado
0.23976755351070214,-0.005550355253662627,interpolado
0.23986737347469492,-0.0058462447557805245,interpolado
0.24,-0.005911,original
0.24006701340268055,-0.005792306294204797,interpolado
0.24016683336667333,-0.005450922596395155,interpolado
0.24026665333066613,-0.004955438684266444,interpolado
0.24036647329465888,-0.0043539731636412365,interpolado
0.2404662932586517,-0.0036946446403415853,interpolado
0.2405661132226445,-0.0030255717201900377,interpolado
0.24066593318663732,-0.002394873009008991,interpolado
0.24076575315063006,-0.001850667112620839,interpolado
0.2408655731146229,-0.0014410726368480713,interpolado
0.241,-0.001187,original
0.24106521304260844,-0.0012140535811559882,interpolado
0.2411650330066013,-0.001434065443002607,interpolado
0.24126485297059408,-0.0018339228107661992,interpolado
0.24136467293458683,-0.002372686194928444,interpolado
0.24146449289857963,-0.0030094161059714968,interpolado
0.24156431286257246,-0.0037031730543770694,interpolado
0.24166413282656526,-0.0044130175506270075,interpolado
0.24176395279055807,-0.005098010105203154,interpolado
0.24186377275455082,-0.0057172112285871985,interpolado
0.242,-0.006382,original
0.24206341268253645,-0.006596865136526402,interpolado
0.24216323264652928,-0.006811332584846936,interpolado
0.24226305261052206,-0.0068874843007573645,interpolado
0.24236287257451483,-0.006840171964801284,interpolado
0.24246269253850763,-0.0066842472575222335,interpolado
0.24256251250250047,-0.006434561859463777,interpolado
0.24266233246649324,-0.006105967451169483,interpolado
0.24276215243048604,-0.0057133157131830405,interpolado
0.24286197239447888,-0.005271458326047796,interpolado
0.243,-0.004607,original
0.2430616123224644,-0.004299440180896565,interpolado
0.24316143228645726,-0.0037974936276201146,interpolado
0.24326125225045006,-0.0033019045657048836,interpolado
0.24336107221444292,-0.002825148037217606,interpolado
0.2434608921784357,-0.0023796990842254334,interpolado
0.2435607121424285,-0.001978032748795379,interpolado
0.24366053210642136,-0.001632624072994457,interpolado
0.24376035207041413,-0.0013559480988897454,interpolado
0.24386017203440696,-0.0011604798685481007,interpolado
0.244,-0.001047,original
0.2440598119623926,-0.001061634472699666,interpolado
0.24415963192638537,-0.0011588425631178247,interpolado
0.24425945189037815,-0.0013232754353219808,interpolado
0.24435927185437095,-0.001527461161464051,interpolado
0.2444590918183637,-0.001743927813695815,interpolado
0.2445589117823565,-0.0019452034641690911,interpolado
0.2446587317463493,-0.0021038161850356982,interpolado
0.24475855171034205,-0.00219229404844744,interpolado
0.2448583716743349,-0.002183165126556193,interpolado
0.245,-0.001949,original
0.24505801160232052,-0.0017643428163371347,interpolado
0.2451578315663133,-0.0013385882603396608,interpolado
0.24525765153030607,-0.0008089438640622738,interpolado
0.24535747149429887,-0.00021346206410694963,interpolado
0.24545729145829165,0.0004098047029238977,interpolado
0.2455571114222845,0.001022804000427991,interpolado
0.24565693138627728,0.0015874833918029037,interpolado
0.24575675135027006,0.0020657904404466788,interpolado
0.24585657131426286,0.0024196727097568725,interpolado
0.246,0.002634,original
0.2460562112422485,0.002604867008696109,interpolado
0.2461560312062413,0.002416567022289927,interpolado
0.24625585117023407,0.0021046687865767136,interpolado
0.2463556711342269,0.001729023841802171,interpolado
0.24645549109821968,0.0013494837282119697,interpolado
0.24655531106221248,0.0010258999860517828,interpolado
0.24665513102620526,0.0008181241555673185,interpolado
0.2467549509901981,0.0007860077770041175,interpolado
0.24685477095419087,0.0009894023906079309,interpolado
0.247,0.001829,original
0.24705441088217647,0.0023378215177467343,interpolado
0.24715423084616928,0.0035130251453554134,interpolado
0.24725405081016205,0.004916484951368043,interpolado
0.24735387077415483,0.006448410677848094,interpolado
0.24745369073814766,0.008009012066859335,interpolado
0.24755351070214046,0.009498498860465518,interpolado
0.2476533306661332,0.010817080800730069,interpolado
0.24775315063012604,0.011864967629717506,interpolado
0.24785297059411882,0.012542369089491195,interpolado
0.248,0.012655,original
0.24805261052210442,0.012391757249784611,interpolado
0.24815243048609725,0.011480290493040758,interpolado
0.24825225045009003,0.010124745663930339,interpolado
0.24835207041408286,0.008438532761692567,interpolado
0.24845189037807566,0.006535061785566455,interpolado
0.24855171034206844,0.00452774273479158,interpolado
0.24865153030606116,0.002529985608605829,interpolado
0.248751350270054,0.0006552004062487664,interpolado
0.24885117023404685,-0.0009832028730405932,interpolado
0.249,-0.002742,original
0.24905081016203237,-0.0031010635256499336,interpolado
0.2491506301260252,-0.003446067055975196,interpolado
0.24925045009001792,-0.0033646584834303175,interpolado
0.2493502700540108,-0.0029181174485633297,interpolado
0.2494500900180036,-0.0021677235919222515,interpolado
0.2495499099819964,-0.0011747565540554097,interpolado
0.24964972994598925,-4.959755099151301e-07,interpolado
0.249749549909982,0.001293778503164928,interpolado
0.24984936987397474,0.002646787241421753,interpolado
0.2499491898379676,0.00399725059871333,interpolado
0.25,0.004664,original
0.2501488297659532,0.006468749690411674,interpolado
0.250248649729946,0.0075293534683089774,interpolado
0.25034846969393876,0.008447481033180316,interpolado
0.2504482896579316,0.009204080159872974,interpolado
0.25054810962192436,0.00978009862323301,interpolado
0.2506479295859172,0.010156484198107949,interpolado
0.25074774954991,0.010314184659344288,interpolado
0.2508475695139027,0.010234147781789191,interpolado
0.2509473894778956,0.009897321340289315,interpolado
0.251,0.00961,original
0.2511470294058812,0.008423634363541068,interpolado
0.251246849369874,0.007375845856368567,interpolado
0.25134666933386673,0.00621116373294844,interpolado
0.25144648929785957,0.0049979233850688115,interpolado
0.2515463092618524,0.003804460204519861,interpolado
0.2516461292258452,0.0026991095830891402,interpolado
0.25174594918983795,0.001750206912566709,interpolado
0.2518457691538308,0.0010260875847407222,interpolado
0.2519455891178236,0.0005950869913998323,interpolado
0.252,0.000508,original
0.2521452290458092,0.0008121184153178636,interpolado
0.252245049009802,0.0013902678515027478,interpolado
0.25234486897379477,0.002182554825008459,interpolado
0.2524446889377876,0.0031137971281178373,interpolado
0.2525445089017804,0.004108812553112115,interpolado
0.2526443288657732,0.005092418892274601,interpolado
0.252744148829766,0.0059894339378864705,interpolado
0.25284396879375876,0.006724675482230579,interpolado
0.25294378875775153,0.007222961317589418,interpolado
0.253,0.007371,original
0.25314342868573714,0.007272880815160198,interpolado
0.25324324864972997,0.0068610593405808475,interpolado
0.25334306861372274,0.0062316388576702025,interpolado
0.2534428885777156,0.0054407880470576835,interpolado
0.25354270854170835,0.004544675589374253,interpolado
0.2536425285057011,0.003599470165249562,interpolado
0.25374234846969396,0.002661340455313156,interpolado
0.25384216843368673,0.0017864551401961545,interpolado
0.25394198839767956,0.0010309829005277094,interpolado
0.254,0.000669,original
0.2541416283256651,6.5689710961384e-05,interpolado
0.2542414482896579,-0.00014189584330636493,interpolado
0.2543412682536507,-0.00019472981069956465,interpolado
0.2544410882176435,-0.00011491921012120416,interpolado
0.2545409081816364,7.542893952571132e-05,interpolado
0.25464072814562905,0.0003542076193382858,interpolado
0.25474054810962193,0.0006993098104138202,interpolado
0.2548403680736147,0.0010886284938490158,interpolado
0.25494018803760754,0.001500056650741372,interpolado
0.255,0.001748,original
0.2551398279655931,0.002302599050457534,interpolado
0.255239647929586,0.0026549177264969547,interpolado
0.25533946789357875,0.002950276082736674,interpolado
0.25543928785757153,0.003170465082657442,interpolado
0.2555391078215643,0.0032972756897394527,interpolado
0.25563892778555714,0.0033124988674632957,interpolado
0.2557387477495499,0.0031979255793093114,interpolado
0.25583856771354274,0.002935346788758067,interpolado
0.2559383876775355,0.0025065534592896904,interpolado
0.256,0.002151,original
0.25613802760552107,0.0011081853694881,interpolado
0.2562378475695139,0.0001978730427739165,interpolado
0.25633766753350673,-0.0007854924097853197,interpolado
0.25643748749749956,-0.001790454102073022,interpolado
0.25653730746149234,-0.002765555147970432,interpolado
0.2566371274254851,-0.003659338661360493,interpolado
0.25673694738947794,-0.00442034775612596,interpolado
0.25683676735347066,-0.004997125546148352,interpolado
0.2569365873174635,-0.005338215145310627,interpolado
0.257,-0.005409,original
0.25713622724544904,-0.005160030522108441,interpolado
0.25723604720944193,-0.004706059735838876,interpolado
0.2573358671734347,-0.004103788307543001,interpolado
0.2574356871374275,-0.0034257545473388596,interpolado
0.25753550710142026,-0.002744496765345861,interpolado
0.25763532706541303,-0.0021325532716822706,interpolado
0.25773514702940586,-0.0016624623764665023,interpolado
0.25783496699339864,-0.0014067623898177378,interpolado
0.25793478695739147,-0.0014379916218544057,interpolado
0.258,-0.001648,original
0.258134426885377,-0.0025797798838609245,interpolado
0.25823424684936985,-0.003599721505850516,interpolado
0.2583340668133627,-0.004783905601712781,interpolado
0.25843388677735546,-0.00602894635461723,interpolado
0.2585337067413483,-0.007231457947733509,interpolado
0.25863352670534107,-0.008288054564229244,interpolado
0.25873334666933395,-0.009095350387274494,interpolado
0.2588331666333267,-0.009549959600037324,interpolado
0.2589329865973195,-0.009548496385687272,interpolado
0.259,-0.00924,original
0.25913262652530505,-0.007853080555044911,interpolado
0.25923244648929794,-0.006254419706321643,interpolado
0.25933226645329066,-0.004317919487646629,interpolado
0.25943208641728344,-0.0021685558600862513,interpolado
0.25953190638127627,6.869521529358975e-05,interpolado
0.259631726345269,0.0022688577774231966,interpolado
0.2597315463092619,0.004306955865237719,interpolado
0.2598313662732546,0.006058013517667686,interpolado
0.2599311862372474,0.007397054773647138,interpolado
0.26,0.008015,original
0.260130826165233,0.00841822815297869,interpolado
0.2602306461292258,0.008125455316421702,interpolado
0.26033046609321864,0.0074075243541460774,interpolado
0.26043028605721136,0.006350122180527132,interpolado
0.2605301060212042,0.0050389357099394376,interpolado
0.26062992598519696,0.003559651856759832,interpolado
0.2607297459491898,0.0019979575353621243,interpolado
0.2608295659131826,0.0004395396601234372,interpolado
0.2609293858771754,-0.001029914854581735,interpolado
0.261,-0.001969,original
0.261129025805161,-0.00339595434157455,interpolado
0.26122884576915384,-0.004252778968144366,interpolado
0.26132866573314667,-0.004912084305371309,interpolado
0.2614284856971395,-0.005390335250609223,interpolado
0.2615283056611323,-0.005703996701211558,interpolado
0.26162812562512505,-0.005869533554531288,interpolado
0.2617279455891179,-0.0059034107079219324,interpolado
0.26182776555311066,-0.005822093058736775,interpolado
0.2619275855171034,-0.005642045504329186,interpolado
0.262,-0.005459,original
0.26212722544508904,-0.0050510157427102464,interpolado
0.2622270454090819,-0.0046707365537068815,interpolado
0.2623268653730747,-0.0042536023800409965,interpolado
0.2624266853370675,-0.0038143262690587152,interpolado
0.26252650530106025,-0.0033676212681061214,interpolado
0.26262632526505303,-0.0029282004245300463,interpolado
0.26272614522904586,-0.002510776785676346,interpolado
0.26282596519303864,-0.00213006339889182,interpolado
0.2629257851570314,-0.0018007733115225572,interpolado
0.263,-0.001598,original
0.2631254250850171,-0.0013478896716478115,interpolado
0.2632252450490099,-0.001225566102624824,interpolado
0.2633250650130026,-0.001162840322170061,interpolado
0.26342488497699534,-0.0011519669651821765,interpolado
0.2635247049409882,-0.00118520066655994,interpolado
0.263624524904981,-0.0012547960612020518,interpolado
0.26372434486897384,-0.0013530077840073198,interpolado
0.2638241648329666,-0.0014720904698743717,interpolado
0.26392398479695933,-0.0016042987537019952,interpolado
0.264,-0.001709,original
0.26412362472494494,-0.0018781157806450912,interpolado
0.26422344468893777,-0.002008158457158587,interpolado
0.26432326465293055,-0.002127451849030623,interpolado
0.2644230846169234,-0.0022314253291398174,interpolado
0.26452290458091615,-0.0023155082703650294,interpolado
0.2646227245449089,-0.002375130045584914,interpolado
0.26472254450890176,-0.002405720027678275,interpolado
0.2648223644728946,-0.0024027075895238508,interpolado
0.2649221844368873,-0.002361522104000394,interpolado
0.265,-0.0023,original
0.26512182436487297,-0.0021437141057451987,interpolado
0.2652216443288658,-0.0019473498800547109,interpolado
0.26532146429285863,-0.0016752156233128999,interpolado
0.26542128425685135,-0.0013140422218253815,interpolado
0.2655211042208442,-0.0008505605618970577,interpolado
0.265620924184837,-0.00027150152983375494,interpolado
0.2657207441488297,0.0004364039880594351,interpolado
0.2658205641128226,0.001286425105477708,interpolado
0.2659203840768154,0.0022918309361148075,interpolado
0.266,0.003214,original
0.266120024004801,0.004801571815781983,interpolado
0.2662198439687938,0.006248290879038522,interpolado
0.26631966393278655,0.007749151272318504,interpolado
0.26641948389677933,0.009247353320279691,interpolado
0.2665193038607722,0.010686097347583152,interpolado
0.26661912382476494,0.012008583678886712,interpolado
0.2667189437887577,0.01315801263885067,interpolado
0.26681876375275054,0.014077584552134911,interpolado
0.2669185837167433,0.014710499743397857,interpolado
0.267,0.014975,original
0.267118223644729,0.014917969270492578,interpolado
0.2672180436087217,0.014502038269839137,interpolado
0.2673178635727146,0.013799515343340335,interpolado
0.2674176835367073,0.012857641627832065,interpolado
0.2675175035007002,0.01172365826014844,interpolado
0.26761732346469297,0.010444806377125835,interpolado
0.26771714342868574,0.009068327115598766,interpolado
0.2678169633926786,0.007641461612401529,interpolado
0.2679167833566714,0.006211451004370835,interpolado
0.268,0.005051,original
0.26811642328465696,0.003526074839979753,interpolado
0.26821624324864973,0.0023436631226502296,interpolado
0.2683160632126425,0.001307057872501105,interpolado
0.26841588317663534,0.000445029852004818,interpolado
0.26851570314062817,-0.0002136501763682772,interpolado
0.26861552310462095,-0.0006402114501461606,interpolado
0.2687153430686137,-0.0008058832068579798,interpolado
0.26881516303260655,-0.0006818946840323067,interpolado
0.2689149829965994,-0.00023947511919798986,interpolado
0.269,0.00041,original
0.2691146229245849,0.001686470581369984,interpolado
0.26921444288857765,0.0030944148623770857,interpolado
0.26931426285257054,0.004686700727675739,interpolado
0.2694140828165633,0.006376112856438836,interpolado
0.2695139027805562,0.008075435927842843,interpolado
0.269613722744549,0.009697454621060527,interpolado
0.26971354270854175,0.011154953615267537,interpolado
0.26981336267253453,0.012360717589639154,interpolado
0.26991318263652736,0.0132275312233487,interpolado
0.27,0.013638,original
0.27011282256451297,0.013635755340777562,interpolado
0.27021264252850574,0.013191994061865246,interpolado
0.2703124624924986,0.012417243461672058,interpolado
0.27041228245649135,0.011391789940011806,interpolado
0.270512102420484,0.010195919896697023,interpolado
0.27061192238447684,0.008909919731539885,interpolado
0.2707117423484696,0.007614075844354747,interpolado
0.27081156231246245,0.0063886746349531565,interpolado
0.2709113822764553,0.005314002503149405,interpolado
0.271,0.004551,original
0.27111102220444083,0.003911335928137804,interpolado
0.27121084216843366,0.003614656887005031,interpolado
0.27131066213242644,0.0035443279142297786,interpolado
0.27141048209641927,0.0036643955807472875,interpolado
0.271510302060412,0.003938906457492642,interpolado
0.2716101220244048,0.004331907115401266,interpolado
0.27170994198839765,0.004807444125407892,interpolado
0.2718097619523905,0.005329564058448182,interpolado
0.27190958191638326,0.005862313485456723,interpolado
0.272,0.006324,original
0.27210922184436886,0.006819677391089312,interpolado
0.2722090418083617,0.0071913775824244295,interpolado
0.27230886177235447,0.007466248428647136,interpolado
0.2724086817363473,0.007625696389411858,interpolado
0.2725085017003401,0.007651127924373506,interpolado
0.27260832166433285,0.007523949493186703,interpolado
0.27270814162832563,0.007225567555506316,interpolado
0.27280796159231846,0.006737388570986728,interpolado
0.2729077815563113,0.006040818999283206,interpolado
0.273,0.005196,original
0.2731074214842969,0.003967134571167707,interpolado
0.2732072414482896,0.002651265981549307,interpolado
0.2733070614122825,0.0012425468392313376,interpolado
0.2734068813762753,-0.00018614228055329013,interpolado
0.27350670134026805,-0.0015619208025740227,interpolado
0.2736065213042609,-0.002811908151600193,interpolado
0.27370634126825366,-0.003863223752399062,interpolado
0.2738061612322465,-0.004642987029740401,interpolado
0.27390598119623927,-0.0050783174083919875,interpolado
0.274,-0.005108,original
0.2741056211242249,-0.004657360573703025,interpolado
0.27420544108821765,-0.0038332440588732856,interpolado
0.2743052610522105,-0.00271927397104681,interpolado
0.2744050810162033,-0.0014107340112180914,interpolado
0.27450490098019603,-2.907880379790463e-06,interpolado
0.2746047209441888,0.0014089207204756491,interpolado
0.2747045409081816,0.0027294680903534045,interpolado
0.2748043608721744,0.003863450528261622,interpolado
0.27490418083616724,0.004715584333205787,interpolado
0.275,0.00518,original
0.2751038207641528,0.005224759891603084,interpolado
0.2752036407281456,0.004866438328910084,interpolado
0.27530346069213846,0.004188793444103084,interpolado
0.2754032806561312,0.003264995757502527,interpolado
0.27550310062012395,0.002168215789427775,interpolado
0.27560292058411684,0.0009716240601978001,interpolado
0.2757027405481096,-0.0002516089098663761,interpolado
0.27580256051210245,-0.0014283126004457454,interpolado
0.2759023804760952,-0.0024853164912211935,interpolado
0.276,-0.003333,original
0.27610202040408083,-0.0039670342915486614,interpolado
0.27620184036807366,-0.0043573655083574536,interpolado
0.2763016603320664,-0.00455681713891027,interpolado
0.2764014802960592,-0.004601762414243982,interpolado
0.27650130026005204,-0.004528574565395436,interpolado
0.27660112022404487,-0.004373626823401476,interpolado
0.27670094018803765,-0.004173292419299167,interpolado
0.2768007601520304,-0.003963944584125327,interpolado
0.27690058011602325,-0.0037819565489167458,interpolado
0.277,-0.003664,original
0.27710022004400886,-0.0036346771857538834,interpolado
0.2772000400080016,-0.003677398567562992,interpolado
0.27729985997199436,-0.0037637635856562937,interpolado
0.27739967993598724,-0.003865670136244211,interpolado
0.27749949989998,-0.003955016115536983,interpolado
0.27759931986397285,-0.00400369941974504,interpolado
0.27769913982796557,-0.003983617945078683,interpolado
0.27779895979195834,-0.003866669587748316,interpolado
0.2778987797559512,-0.003624752243964131,interpolado
0.278,-0.003223,original
0.2780984196839368,-0.002664536271788881,interpolado
0.27819823964792956,-0.0019575180826766356,interpolado
0.27829805961192233,-0.001149051869653349,interpolado
0.27839787957591516,-0.0002794802912627686,interpolado
0.27849769953990794,0.0006108539939498798,interpolado
0.2785975195039008,0.0014816083274412982,interpolado
0.27869733946789355,0.002292440050666262,interpolado
0.2787971594318864,0.0030030065050810216,interpolado
0.27889697939587926,0.00357296503214161,interpolado
0.279,0.003971,original
0.2790966193238648,0.004138903134754539,interpolado
0.2791964392878576,0.004113214482553189,interpolado
0.2792962592518504,0.0039055357838584776,interpolado
0.2793960792158432,0.0035364961408224475,interpolado
0.2794958991798359,0.003026724655597807,interpolado
0.27959571914382875,0.0023968504303363055,interpolado
0.27969553910782163,0.0016675025671909396,interpolado
0.27979535907181435,0.0008593101683136809,interpolado
0.2798951790358072,-7.097664143676866e-06,interpolado
0.28,-0.000957,original
0.28009481896379285,-0.0018313099837719404,interpolado
0.2801946389277856,-0.0027429804220044144,interpolado
0.28029445889177834,-0.003620341251971424,interpolado
0.28039427885577123,-0.004437630475339504,interpolado
0.28049409881976406,-0.005169086093773835,interpolado
0.2805939187837569,-0.005788946108941297,interpolado
0.28069373874774967,-0.006271448522507292,interpolado
0.2807935587117424,-0.006590831336138295,interpolado
0.2808933786757353,-0.006721332551500425,interpolado
0.281,-0.006623,original
0.2810930186037209,-0.006323130482992766,interpolado
0.2811928385677137,-0.005815376103747805,interpolado
0.2812926585317065,-0.0051659285295831674,interpolado
0.2813924784956993,-0.004426793357543555,interpolado
0.28149229845969204,-0.003649976184675164,interpolado
0.28159211842368476,-0.002887482608022962,interpolado
0.2816919383876776,-0.0021913182246319483,interpolado
0.2817917583516704,-0.0016134886315482737,interpolado
0.2818915783156632,-0.0012059994258167158,interpolado
0.282,-0.001017,original
0.28209121824364874,-0.001096588435384337,interpolado
0.2821910382076416,-0.0014018414741726588,interpolado
0.28229085817163435,-0.001882676712869553,interpolado
0.2823906781356271,-0.002485144243560777,interpolado
0.28249049809961985,-0.003155294158330927,interpolado
0.2825903180636126,-0.0038391765492655962,interpolado
0.2826901380276055,-0.004482841508450409,interpolado
0.28278995799159823,-0.005032339127969918,interpolado
0.2828897779555911,-0.0054337194999099555,interpolado
0.283,-0.00564,original
0.2830894178835766,-0.005588309484463434,interpolado
0.2831892378475695,-0.005323219246287389,interpolado
0.2832890578115623,-0.0048837954048130275,interpolado
0.2833888777755551,-0.0043160902241062725,interpolado
0.2834886977395479,-0.0036661559682341183,interpolado
0.28358851770354077,-0.0029800449012626303,interpolado
0.2836883376675336,-0.00230380928725779,interpolado
0.28378815763152637,-0.0016835013902867179,interpolado
0.2838879775955192,-0.0011651734744151298,interpolado
0.284,-0.000762,original
0.2840876175235047,-0.0006097365242827892,interpolado
0.2841874374874976,-0.0005951636314264528,interpolado
0.28428725745149036,-0.0007180058593263467,interpolado
0.2843870774154831,-0.0009450858195538795,interpolado
0.28448689737947597,-0.0012432261236800946,interpolado
0.2845867173434687,-0.0015792493832764035,interpolado
0.2846865373074616,-0.0019199782099143027,interpolado
0.28478635727145435,-0.0022322352151647098,interpolado
0.28488617723544707,-0.0024828430105992426,interpolado
0.285,-0.002651,original
0.2850858171634327,-0.0026718175414098253,interpolado
0.28518563712742545,-0.002587819973727933,interpolado
0.2852854570914183,-0.002404571624815364,interpolado
0.2853852770554111,-0.0021400361441394947,interpolado
0.2854850970194039,-0.0018121771811681854,interpolado
0.28558491698339666,-0.00143895838536887,interpolado
0.2856847369473895,-0.0010383434062088796,interpolado
0.2857845569113824,-0.0006282958931562263,interpolado
0.28588437687537516,-0.0002267794956780356,interpolado
0.286,0.000204,original
0.2860840168033607,0.000481368745364014,interpolado
0.2861838367673535,0.000773800785612847,interpolado
0.28628365673134626,0.0010333516158622827,interpolado
0.2863834766953391,0.0012678516532602898,interpolado
0.28648329665933187,0.0014851313149542825,interpolado
0.28658311662332464,0.0016930210180920674,interpolado
0.28668293658731747,0.0018993511798214315,interpolado
0.2867827565513102,0.0021119522172898197,interpolado
0.2868825765153029,0.002338654547645017,interpolado
0.287,0.002634,original
0.2870822164432886,0.0028635198216469867,interpolado
0.2871820364072814,0.0031581747930760533,interpolado
0.2872818563712742,0.0034558578937228836,interpolado
0.287381676335267,0.0037411522645841907,interpolado
0.28748149629925984,0.003998641046656659,interpolado
0.2875813162632526,0.004212907380936549,interpolado
0.28768113622724545,0.004368534408420633,interpolado
0.28778095619123817,0.004450105270105282,interpolado
0.287880776155231,0.004442203106987158,interpolado
0.288,0.004294,original
0.2880804160832166,0.00409904444727467,interpolado
0.28818023604720944,0.003758251203639632,interpolado
0.28828005601120227,0.0033229294076564434,interpolado
0.288379875975195,0.002809015521437644,interpolado
0.2884796959391879,0.002232446007095605,interpolado
0.2885795159031807,0.0016091573267436742,interpolado
0.2886793358671735,0.0009550859424938804,interpolado
0.28877915583116626,0.0002861683164596614,interpolado
0.2888789757951591,-0.0003816590892466385,interpolado
0.289,-0.001167,original
0.28907861572314464,-0.001650191454027558,interpolado
0.2891784356871374,-0.002217996665399505,interpolado
0.2892782556511302,-0.0027186399241355104,interpolado
0.289378075615123,-0.00313488362905978,interpolado
0.2894778955791158,-0.0034494901789963285,interpolado
0.28957771554310857,-0.0036452219727686743,interpolado
0.2896775355071014,-0.003704841409200887,interpolado
0.2897773554710942,-0.0036111108871167653,interpolado
0.28987717543508695,-0.0033467928053402566,interpolado
0.29,-0.002762,original
0.2900768153630725,-0.002242732160761136,interpolado
0.2901766353270653,-0.0014222399161172039,interpolado
0.29027645529105817,-0.00048542378152807,interpolado
0.29037627525505094,0.0005153232403875997,interpolado
0.2904760952190438,0.0015276081470112885,interpolado
0.2905759151830366,0.0024990379357227757,interpolado
0.29067573514702943,0.0033772196039039987,interpolado
0.29077555511102215,0.0041097601489348875,interpolado
0.290875375075015,0.004644266568196886,interpolado
0.291,0.004954,original
0.29107501500300054,0.004917072887843056,interpolado
0.2911748349669934,0.004630195743461891,interpolado
0.29127465493098614,0.004120625127330748,interpolado
0.2913744748949789,0.003441541743447219,interpolado
0.2914742948589718,0.0026461262958085174,interpolado
0.2915741148229645,0.0017875594884132246,interpolado
0.29167393478695736,0.0009190220252581299,interpolado
0.29177375475095013,9.3694610341899e-05,interpolado
0.2918735747149429,-0.0006352420523382756,interpolado
0.292,-0.001337,original
0.29207321464292846,-0.0015966483913125936,interpolado
0.2921730346069213,-0.0017835563632105195,interpolado
0.2922728545709142,-0.0018044284627818333,interpolado
0.2923726745349069,-0.001688622448750675,interpolado
0.2924724944988997,-0.0014654960798408832,interpolado
0.29257231446289256,-0.0011644071147767054,interpolado
0.29267213442688533,-0.0008147133122820294,interpolado
0.29277195439087816,-0.0004457724310806357,interpolado
0.292871774354871,-8.694222989693489e-05,interpolado
0.293,0.000312,original
0.2930714142828566,0.0004852998693801832,interpolado
0.2931712342468493,0.0006676301213533059,interpolado
0.2932710542108422,0.0007883242178724036,interpolado
0.29337087417483493,0.0008564436457393157,interpolado
0.29347069413882776,0.0008810498917560969,interpolado
0.29357051410282053,0.0008712044427246937,interpolado
0.29367033406681337,0.0008359687854470994,interpolado
0.2937701540308062,0.0007844044067252514,interpolado
0.29386997399479897,0.0007255727933611799,interpolado
0.294,0.000653,original
0.2940696139227845,0.0006217618553305926,interpolado
0.2941694338867773,0.0005875544652904739,interpolado
0.29426925385077013,0.0005645517373958743,interpolado
0.29436907381476296,0.0005513437875401354,interpolado
0.29446889377875574,0.0005465207316165572,interpolado
0.29456871374274857,0.0005486726855184607,interpolado
0.2946685337067414,0.0005563897651391578,interpolado
0.2947683536707342,0.0005682620863719721,interpolado
0.29486817363472695,0.0005828797651102068,interpolado
0.295,0.000604,original
0.29506781356271256,0.0006142379036688895,interpolado
0.29516763352670533,0.0006219498343550986,interpolado
0.29526745349069816,0.0006115428042559723,interpolado
0.2953672734546909,0.0005725410985367431,interpolado
0.29546709341868377,0.0004944690023625805,interpolado
0.29556691338267654,0.00036685080089879195,interpolado
0.2956667333466692,0.0001792107793105716,interpolado
0.2957665533106621,-7.892677723702007e-05,interpolado
0.29586637327465487,-0.0004180375835784755,interpolado
0.296,-0.001017,original
0.2960660132026405,-0.0013789290840934504,interpolado
0.29616583316663325,-0.001991838755093756,interpolado
0.2962656531306261,-0.0026534332699634923,interpolado
0.29636547309461886,-0.0033295303925514703,interpolado
0.29646529305861175,-0.0039859478867079615,interpolado
0.2965651130226046,-0.0045885035162817845,interpolado
0.29666493298659724,-0.005103015045122874,interpolado
0.29676475295059007,-0.0054953002370809675,interpolado
0.2968645729145829,-0.005731176856005178,interpolado
0.297,-0.00574,original
0.2970642128425685,-0.005600256750859966,interpolado
0.2971640328065613,-0.005213231378131202,interpolado
0.29726385277055406,-0.0046546030430763,interpolado
0.2973636727345469,-0.0039641477328374985,interpolado
0.2974634926985397,-0.003181641434555688,interpolado
0.2975633126625325,-0.0023468601353733584,interpolado
0.2976631326265253,-0.0014995798224317037,interpolado
0.29776295259051805,-0.0006795764828718872,interpolado
0.2978627725545109,7.337389616355618e-05,interpolado
0.298,0.000926,original
0.2980624124824965,0.0012216572739329895,interpolado
0.2981622324464892,0.0015786094426664368,interpolado
0.2982620524104821,0.0018149427229025188,interpolado
0.2983618723744748,0.001955817591464642,interpolado
0.29846169233846753,0.0020263945251766283,interpolado
0.2985615123024605,0.0020518340008621443,interpolado
0.29866133226645325,0.0020572964953448312,interpolado
0.29876115223044614,0.002067942485448385,interpolado
0.29886097219443886,0.002108932447996465,interpolado
0.299,0.002264,original
0.2990606121224245,0.0023805194170722385,interpolado
0.29916043208641724,0.002627245281771691,interpolado
0.29926025205041007,0.0029159358740212743,interpolado
0.2993600720144028,0.0032163631981475525,interpolado
0.2994598919783957,0.003498299258477576,interpolado
0.29955971194238845,0.0037315160593383526,interpolado
0.2996595319063812,0.0038857856050565076,interpolado
0.29975935187037406,0.003930879899959073,interpolado
0.29985917183436683,0.0038365709483728846,interpolado
0.3,0.003408,original
0.3000588117623524,0.003111254943792725,interpolado
0.30015863172634527,0.002462504700335472,interpolado
0.3002584516903381,0.0016664313588490925,interpolado
0.3003582716543308,0.0007639078990019453,interpolado
0.30045809161832365,-0.00020419269953891961,interpolado
0.3005579115823165,-0.0011969974571065956,interpolado
0.3006577315463093,-0.0021736333940325044,interpolado
0.3007575515103021,-0.003093227530650228,interpolado
0.3008573714742948,-0.003914906887291268,interpolado
0.301,-0.004838,original
0.30105701140228047,-0.005102939853402788,interpolado
0.30115683136627325,-0.005423497181847327,interpolado
0.3012566513302661,-0.005579315974266406,interpolado
0.30135647129425885,-0.005591050563680681,interpolado
0.30145629125825163,-0.0054793552831111075,interpolado
0.3015561112222444,-0.005264884465578357,interpolado
0.30165593118623724,-0.004968292444103499,interpolado
0.30175575115023,-0.004610233551707053,interpolado
0.3018555711142228,-0.004211362121410245,interpolado
0.302,-0.003604,original
0.3020552110422084,-0.00337343391588942,interpolado
0.30215503100620117,-0.002968333427116001,interpolado
0.30225485097019394,-0.002584933153510605,interpolado
0.3023546709341868,-0.002230942673348365,interpolado
0.30245449089817955,-0.0019140715649037603,interpolado
0.3025543108621723,-0.0016420294064513575,interpolado
0.30265413082616516,-0.0014225257762661636,interpolado
0.30275395079015793,-0.0012632702526226458,interpolado
0.30285377075415076,-0.0011719724137956868,interpolado
0.303,-0.001177,original
0.30305341068213637,-0.0012234627193276062,interpolado
0.3031532306461292,-0.0013681535418464093,interpolado
0.30325305061012203,-0.0015740397995387622,interpolado
0.3033528705741147,-0.0018243367093107588,interpolado
0.3034526905381076,-0.0021022594880688284,interpolado
0.30355251050210047,-0.002391023352719463,interpolado
0.30365233046609313,-0.0026738435201686616,interpolado
0.303752150430086,-0.002933935207323052,interpolado
0.3038519703940788,-0.003154513631088665,interpolado
0.304,-0.003373,original
0.3040516103220644,-0.0034106430626056287,interpolado
0.3041514302860572,-0.003427778363110789,interpolado
0.30425125025005,-0.0033811662646327915,interpolado
0.30435107021404284,-0.0032823041417969047,interpolado
0.3044508901780356,-0.003142689369228583,interpolado
0.30455071014202845,-0.002973819321553023,interpolado
0.3046505301060213,-0.002787191373395753,interpolado
0.304750350070014,-0.0025943028993820243,interpolado
0.30485017003400683,-0.0024066512741370747,interpolado
0.30494998999799966,-0.002235733872286455,interpolado
0.305,-0.00216,original
0.30514962992598527,-0.0019741131799245575,interpolado
0.30524944988997793,-0.0018643289135599026,interpolado
0.3053492698539709,-0.0017461407982263363,interpolado
0.3054490898179636,-0.0016025837724135226,interpolado
0.3055489097819565,-0.001416692774610824,interpolado
0.3056487297459492,-0.0011715027433079799,interpolado
0.30574854970994203,-0.0008500486169944436,interpolado
0.30584836967393486,-0.0004353653341594968,interpolado
0.3059481896379276,8.951216670686677e-05,interpolado
0.306,0.000411,original
0.30614782956591324,0.001514622325051952,interpolado
0.306247649529906,0.002386415521316582,interpolado
0.3063474694938988,0.003330454534788088,interpolado
0.3064472894578916,0.004321056192091632,interpolado
0.3065471094218844,0.005332537319854508,interpolado
0.3066469293858771,0.006339214744701804,interpolado
0.30674674934986995,0.007315405293260301,interpolado
0.3068465693138627,0.008235425792156713,interpolado
0.30694638927785556,0.009073593068016228,interpolado
0.307,0.009481,original
0.30714602920584116,0.010410858383856674,interpolado
0.30724584916983394,0.01088415522976989,interpolado
0.30734566913382677,0.011216398680334609,interpolado
0.30744548909781955,0.011399580686725284,interpolado
0.3075453090618124,0.011425693200116945,interpolado
0.3076451290258052,0.011286728171684378,interpolado
0.3077449489897978,0.010974677552602473,interpolado
0.30784476895379076,0.010481533294045739,interpolado
0.30794458891778353,0.009799287347189538,interpolado
0.308,0.009336,original
0.3081442288457691,0.007861612147215235,interpolado
0.30824404880976186,0.006664568935685413,interpolado
0.3083438687737547,0.005373579136073244,interpolado
0.30844368873774747,0.004032656388459807,interpolado
0.30854350870174035,0.0026858143329232874,interpolado
0.3086433286657331,0.0013770666095448232,interpolado
0.30874314862972585,0.0001504268584032854,interpolado
0.3088429685937187,-0.0009500912804222689,interpolado
0.30894278855771146,-0.001880474166850977,interpolado
0.309,-0.00232,original
0.30914242848569706,-0.003083368937227145,interpolado
0.3092422484496899,-0.0033513431979189834,interpolado
0.30934206841368267,-0.0034164322864166314,interpolado
0.3094418883776755,-0.0032936721213685047,interpolado
0.30954170834166833,-0.0029980986214231723,interpolado
0.30964152830566116,-0.002544747705228821,interpolado
0.3097413482696539,-0.0019486552914344396,interpolado
0.3098411682336467,-0.0012248572986878644,interpolado
0.3099409881976395,-0.0003883896456383844,interpolado
0.31,0.000153,original
0.3101406281256252,0.0015482370413753004,interpolado
0.3102404480896179,0.002575822461440669,interpolado
0.31034026805361076,0.003582671494990663,interpolado
0.3104400880176035,0.004523333977335404,interpolado
0.31053990798159625,0.005352359743786713,interpolado
0.31063972794558903,0.006024298629656167,interpolado
0.3107395479095818,0.006493700470254259,interpolado
0.3108393678735747,0.00671511510089271,interpolado
0.3109391878375674,0.0066430923568825085,interpolado
0.311,0.006436,original
0.31113882776555307,0.00549306386777246,interpolado
0.31123864772954585,0.0044970238694230676,interpolado
0.3113384676935387,0.0033250465334316486,interpolado
0.3114382876575315,0.0020568711730531712,interpolado
0.31153810762152423,0.0007722371015406581,interpolado
0.31163792758551706,-0.0004491163678529014,interpolado
0.3117377475495099,-0.0015274499218724854,interpolado
0.31183756751350267,-0.002383024247265557,interpolado
0.3119373874774955,-0.002936100030777501,interpolado
0.312,-0.003093,original
0.31213702740548105,-0.0028855101490329643,interpolado
0.3122368473694739,-0.002342930466591304,interpolado
0.31233666733346666,-0.0015625459767716883,interpolado
0.31243648729745943,-0.0006263081119052338,interpolado
0.3125363072614522,0.00038383169567821567,interpolado
0.31263612722544504,0.0013859220136489873,interpolado
0.3127359471894378,0.002298011409675711,interpolado
0.3128357671534307,0.0030381484514290904,interpolado
0.3129355871174234,0.0035243817065780487,interpolado
0.313,0.003665,original
0.313135227045409,0.003471575025515682,interpolado
0.31323504700940186,0.0029775136003991607,interpolado
0.31333486697339463,0.0022668175827710033,interpolado
0.3134346869373874,0.0014125758694791572,interpolado
0.3135345069013803,0.00048787735737040026,interpolado
0.31363432686537307,-0.00043418905670864025,interpolado
0.31373414682936585,-0.001280534475909785,interpolado
0.3138339667933587,-0.0019780700033867654,interpolado
0.31393378675735145,-0.002453706742291651,interpolado
0.314,-0.002611,original
0.31413342668533706,-0.0024999484142963096,interpolado
0.3142332466493299,-0.002101578189868475,interpolado
0.31433306661332266,-0.001500207144330716,interpolado
0.31443288657731544,-0.0007559500891302851,interpolado
0.3145327065413082,7.107816428654507e-05,interpolado
0.31463252650530105,0.0009207628044736838,interpolado
0.31473234646929377,0.0017329890199836051,interpolado
0.3148321664332866,0.0024476419993705823,interpolado
0.3149319863972794,0.0030046069311872358,interpolado
0.315,0.003263,original
0.31513162632526504,0.003439801629097625,interpolado
0.31523144628925787,0.0033173528078869192,interpolado
0.31533126625325064,0.00300783337703646,interpolado
0.3154310862172434,0.0025421633264602005,interpolado
0.31553090618123625,0.001951262646072922,interpolado
0.31563072614522897,0.0012660513257882573,interpolado
0.31573054610922185,0.0005174493555212315,interpolado
0.31583036607321463,-0.0002636232748142635,interpolado
0.31593018603720746,-0.0010462465753044057,interpolado
0.316,-0.001578,original
0.3161298259651931,-0.0025000711152219834,interpolado
0.3162296459291859,-0.003136316664133306,interpolado
0.3163294658931787,-0.0036981539825476735,interpolado
0.31642928585717145,-0.004175405945049262,interpolado
0.3165291058211642,-0.004557895426221473,interpolado
0.3166289257851571,-0.004835445300648658,interpolado
0.31672874574914983,-0.0049978784429144385,interpolado
0.3168285657131426,-0.005035017727602934,interpolado
0.31692838567713544,-0.004936686029297992,interpolado
0.317,-0.004777,original
0.31712802560512104,-0.004307378485834029,interpolado
0.31722784556911376,-0.0038086991897969477,interpolado
0.31732766553310654,-0.003227817896932509,interpolado
0.31742748549709937,-0.0025957293575286696,interpolado
0.31752730546109215,-0.001943428321874455,interpolado
0.31762712542508503,-0.0013019095402574932,interpolado
0.31772694538907775,-0.0007021677629668211,interpolado
0.31782676535307053,-0.00017519774029038955,interpolado
0.31792658531706336,0.0002480057774836884,interpolado
0.318,0.000475,original
0.31812622524504897,0.0006798218860589703,interpolado
0.3182260452090418,0.0007038809294503224,interpolado
0.3183258651730345,0.0006392065605259847,interpolado
0.3184256851370274,0.0005161907854367815,interpolado
0.3185255051010202,0.00036522561033376644,interpolado
0.3186253250650129,0.00021670304136771145,interpolado
0.3187251450290058,0.00010101508468969865,interpolado
0.31882496499299856,4.855374645054526e-05,interpolado
0.3189247849569914,8.971103280120915e-05,interpolado
0.319,0.000201,original
0.31912442488497705,0.0005562284080065669,interpolado
0.31922424484896983,0.0009721501333721595,interpolado
0.3193240648129626,0.0014764462330843352,interpolado
0.31942388477695544,0.0020430597167300536,interpolado
0.3195237047409482,0.002645933593895305,interpolado
0.3196235247049411,0.003259010874167361,interpolado
0.3197233446689338,0.0038562345671321607,interpolado
0.3198231646329266,0.004411547682376676,interpolado
0.3199229845969194,0.004898893229487788,interpolado
0.32,0.005212,original
0.3201226245249051,0.005578253984124495,interpolado
0.3202224444888978,0.0057689652237996256,interpolado
0.3203222644528905,0.0058798011368837505,interpolado
0.32042208441688336,0.005926132593930113,interpolado
0.32052190438087613,0.005923330465491903,interpolado
0.320621724344869,0.005886765622122374,interpolado
0.32072154430886174,0.005831808934374804,interpolado
0.32082136427285446,0.005773831272802419,interpolado
0.32092118423684735,0.005728203507958432,interpolado
0.321,0.005711,original
0.32112082416483284,0.0057249878030558084,interpolado
0.3212206441288257,0.0057552240435578,interpolado
0.3213204640928185,0.005780818703874222,interpolado
0.32142028405681144,0.005781640383838169,interpolado
0.3215201040208041,0.005737557683282712,interpolado
0.3216199239847969,0.005628439202040948,interpolado
0.32171974394878977,0.005434153539945829,interpolado
0.32181956391278255,0.005134569296830644,interpolado
0.32191938387677543,0.004709555072528122,interpolado
0.322,0.004261,original
0.322119023804761,0.0034186359571125252,interpolado
0.32221884376875376,0.0025796052839407143,interpolado
0.3223186637327466,0.001658183855632242,interpolado
0.32241848369673937,0.0006906011938949756,interpolado
0.32251830366073214,-0.00028691317956114446,interpolado
0.32261812362472486,-0.0012381297430277983,interpolado
0.3227179435887177,-0.002126818974796606,interpolado
0.3228177635527104,-0.0029167513531577157,interpolado
0.3229175835167033,-0.003571697356403113,interpolado
0.323,-0.003985,original
0.3231172234446888,-0.004348294603544648,interpolado
0.3232170434086817,-0.004469577480412577,interpolado
0.3233168633726745,-0.0044445348382922975,interpolado
0.32341668333666734,-0.004298371157814775,interpolado
0.3235165033006601,-0.0040562909196111534,interpolado
0.32361632326465284,-0.0037434986043123493,interpolado
0.3237161432286457,-0.0033851986925491247,interpolado
0.32381596319263856,-0.003006595664952855,interpolado
0.32391578315663144,-0.002632894002154117,interpolado
0.324,-0.00234,original
0.32411542308461694,-0.001994596388727046,interpolado
0.3242152430486098,-0.0017516323306202976,interpolado
0.3243150630126025,-0.0015606940051752843,interpolado
0.3244148829765953,-0.0014220852575438103,interpolado
0.3245147029405881,-0.001336109932878044,interpolado
0.32461452290458087,-0.0013030718763299076,interpolado
0.32471434286857376,-0.001323274933051442,interpolado
0.3248141628325665,-0.0013970229481946393,interpolado
0.32491398279655936,-0.0015246197669115968,interpolado
0.325,-0.001678,original
0.32511362272454486,-0.0019325415751275414,interpolado
0.3252134426885377,-0.0021670285898689984,interpolado
0.3253132626525305,-0.0023692968366739956,interpolado
0.32541308261652324,-0.002498830860688257,interpolado
0.3255129025805161,-0.002515115207057171,interpolado
0.3256127225445089,-0.002377634420926383,interpolado
0.32571254250850173,-0.002045873047441196,interpolado
0.32581236247249445,-0.001479315631747509,interpolado
0.32591218243648734,-0.0006374467189901945,interpolado
0.326,0.000363,original
0.3261118223644728,0.0020038502584088045,interpolado
0.3262116423284658,0.0037388234697712723,interpolado
0.32631146229245855,0.00563574288156567,interpolado
0.3264112822564514,0.007605220233234495,interpolado
0.32651110222044416,0.00955786726421603,interpolado
0.3266109221844369,0.011404295713951866,interpolado
0.32671074214842977,0.013055117321883348,interpolado
0.3268105621124225,0.014420943827449106,interpolado
0.3269103820764153,0.015412386970090635,interpolado
0.327,0.01591,original
0.32711002200440087,0.015949778651434453,interpolado
0.3272098419683937,0.015490812682159662,interpolado
0.3273096619323865,0.014631566124283506,interpolado
0.32740948189637925,0.01344041644886105,interpolado
0.32750930186037197,0.0119857411269466,interpolado
0.32760912182436486,0.010335917629596998,interpolado
0.3277089417883576,0.008559323427865665,interpolado
0.32780876175235046,0.0067243359928097985,interpolado
0.32790858171634324,0.0048993327954836175,interpolado
0.328,0.003295,original
0.3281082216443288,0.0015416296940018402,interpolado
0.3282080416083216,8.872668117301977e-05,interpolado
0.3283078615723144,-0.0011901864669115816,interpolado
0.32840768153630717,-0.0022792732641460337,interpolado
0.3285075015003,-0.003162697224423984,interpolado
0.3286073214642928,-0.0038246218616376647,interpolado
0.3287071414282856,-0.004249210689681009,interpolado
0.32880696139227844,-0.004420627222446756,interpolado
0.32890678135627116,-0.004323034973828428,interpolado
0.329,-0.003975,original
0.32910642128425677,-0.003274023728591356,interpolado
0.32920624124824965,-0.002378267177374098,interpolado
0.32930606121224243,-0.0013194169661119135,interpolado
0.32940588117623515,-0.00016355830784126315,interpolado
0.32950570114022804,0.001023223584401614,interpolado
0.3296055211042208,0.00217484349757847,interpolado
0.3297053410682137,0.0032252162186536103,interpolado
0.3298051610322064,0.004108256534588941,interpolado
0.32990498099619925,0.004757879232348181,interpolado
0.33,0.005099,original
0.3301046209241848,0.005119177927735869,interpolado
0.33020444088817763,0.004844225958494132,interpolado
0.3303042608521704,0.0043559266565111115,interpolado
0.33040408081616324,0.0037270609121290506,interpolado
0.330503900780156,0.003030409615689882,interpolado
0.3306037207441488,0.0023387536575367315,interpolado
0.3307035407081417,0.001724873928011242,interpolado
0.33080336067213445,0.0012615513174564516,interpolado
0.3309031806361272,0.0010215667162143125,interpolado
0.331,0.001071,original
0.33110282056411283,0.0014764425532161078,interpolado
0.33120264052810566,0.002168183283599175,interpolado
0.33130246049209844,0.00308136027367346,interpolado
0.3314022804560912,0.00414441124479423,interpolado
0.33150210042008404,0.005285773918317077,interpolado
0.3316019203840768,0.006433886015595658,interpolado
0.33170174034806965,0.007517185257986115,interpolado
0.3318015603120625,0.00846410936684217,interpolado
0.33190138027605526,0.0092030960635194,interpolado
0.332,0.009659,original
0.3321010202040409,0.009791743595660476,interpolado
0.3322008401680338,0.009619753993859087,interpolado
0.3323006601320266,0.009195082917618653,interpolado
0.33240048009601936,0.00856619898581169,interpolado
0.3325003000600122,0.007781570817310255,interpolado
0.33260012002400496,0.006889667030987777,interpolado
0.3326999399879977,0.005938956245716388,interpolado
0.3327997599519906,0.004977907080368095,interpolado
0.33289957991598335,0.004054988153816516,interpolado
0.333,0.003214,original
0.3330992198439689,0.002507702654151495,interpolado
0.33319903980796167,0.00192128918996526,interpolado
0.3332988597719545,0.001448555427896163,interpolado
0.3333986797359472,0.0010786291013174657,interpolado
0.33349849969994005,0.0008006379436014873,interpolado
0.3335983196639327,0.0006037096881212738,interpolado
0.3336981396279256,0.0004769720682493896,interpolado
0.3337979595919184,0.00040955281735855376,interpolado
0.33389777955591116,0.00039057966882157885,interpolado
0.334,0.00041,original
0.33409741948389676,0.0004555906505422159,interpolado
0.33419723944788954,0.0005248101636119664,interpolado
0.3342970594118824,0.0006131185008152628,interpolado
0.33439687937587514,0.0007167952843240062,interpolado
0.334496699339868,0.0008321201363103079,interpolado
0.33459651930386075,0.0009553726789460388,interpolado
0.3346963392678536,0.001082832534403261,interpolado
0.33479615923184647,0.0012107793248540453,interpolado
0.33489597919583924,0.0013354926724702487,interpolado
0.335,0.001458,original
0.33509561912382485,0.0015614425652004742,interpolado
0.3351954390878176,0.0016624640412964194,interpolado
0.33529525905181046,0.0017601391914843544,interpolado
0.33539507901580323,0.0018582906732391219,interpolado
0.335494898979796,0.0019607411440357844,interpolado
0.33559471894378884,0.00207131326134918,interpolado
0.3356945389077816,0.0021938296826543133,interpolado
0.33579435887177445,0.002332113065426215,interpolado
0.33589417883576717,0.0024899860671396836,interpolado
0.336,0.002683,original
0.33609381876375277,0.0028761974001831063,interpolado
0.33619363872774555,0.0030877680859930042,interpolado
0.33629345869173843,0.0032838334446193647,interpolado
0.3363932786557312,0.0034422425773008507,interpolado
0.336493098619724,0.0035408445852765026,interpolado
0.3365929185837169,0.003557488569785096,interpolado
0.33669273854770965,0.0034700236320655917,interpolado
0.3367925585117024,0.0032562988733567263,interpolado
0.3368923784756953,0.0028941633948976198,interpolado
0.337,0.002312,original
0.3370920184036809,0.001645300254750342,interpolado
0.33719183836767364,0.0007795408457949381,interpolado
0.33729165833166647,-0.0001871707564472452,interpolado
0.33739147829565924,-0.0012061877462182463,interpolado
0.3374912982596521,-0.00222886331776227,interpolado
0.33759111822364474,-0.0032065506653212936,interpolado
0.33769093818763757,-0.004090602983139025,interpolado
0.33779075815163034,-0.004832373465458957,interpolado
0.3378905781156232,-0.0053832153065233816,interpolado
0.338,-0.00571,original
0.3380902180436087,-0.00572879893154974,interpolado
0.33819003800760156,-0.005509062960199354,interpolado
0.3382898579715943,-0.005078228313853149,interpolado
0.3383896779355871,-0.004479263110390741,interpolado
0.33848949789957994,-0.003755135467691062,interpolado
0.3385893178635727,-0.0029488135036327676,interpolado
0.33868913782756555,-0.0021032653360958933,interpolado
0.3387889577915583,-0.0012614590829586711,interpolado
0.33888877775555115,-0.0004663628621011702,interpolado
0.339,0.000312,original
0.33908841768353676,0.0008159142805378975,interpolado
0.3391882376475296,0.0012484242833262498,interpolado
0.33928805761152236,0.0015288957064566009,interpolado
0.33938787757551514,0.0016496478052106928,interpolado
0.3394876975395079,0.0016029998348707822,interpolado
0.3395875175035007,0.001381271050718752,interpolado
0.3396873374674935,0.0009767807080369023,interpolado
0.3397871574314863,0.00038184806210683113,interpolado
0.33988697739547913,-0.00041120763178874656,interpolado
0.34,-0.001558,original
0.3400866173234648,-0.0026136521239887977,interpolado
0.3401864372874575,-0.003968575159730306,interpolado
0.34028625725145034,-0.005402113068877221,interpolado
0.3403860772154432,-0.006841511676013868,interpolado
0.340485897179436,-0.00821401680572698,interpolado
0.3405857171434288,-0.009446874282603138,interpolado
0.3406855371074216,-0.010467329931226897,interpolado
0.3407853570714145,-0.011202629576185254,interpolado
0.3408851770354072,-0.011580019042063308,interpolado
0.341,-0.011477,original
0.3410848169633928,-0.010988006131800142,interpolado
0.3411846369273856,-0.010022410864483102,interpolado
0.34128445689137843,-0.008732715238293715,interpolado
0.34138427685537115,-0.007221775515967084,interpolado
0.3414840968193638,-0.005592447960236207,interpolado
0.34158391678335676,-0.003947588833833816,interpolado
0.3416837367473495,-0.0023900543994954076,interpolado
0.34178355671134225,-0.0010227009199530056,interpolado
0.3418833766753351,5.161534205819283e-05,interpolado
0.342,0.000798,original
0.3420830166033207,0.0009280517951971228,interpolado
0.3421828365673134,0.0006837116562237615,interpolado
0.3422826565313063,8.531284876999977e-05,interpolado
0.34238247649529907,-0.0007786973927500102,interpolado
0.3424822964592918,-0.0018198718339230682,interpolado
0.3425821164232846,-0.0029497632403363686,interpolado
0.3426819363872775,-0.004079924377575172,interpolado
0.34278175635127034,-0.005121908011227183,interpolado
0.34288157631526306,-0.005987266906877764,interpolado
0.343,-0.006663,original
0.3430812162432487,-0.006847525653885404,interpolado
0.3431810362072415,-0.006785366359222484,interpolado
0.3432808561712343,-0.006459560242828198,interpolado
0.3433806761352271,-0.005928750302452783,interpolado
0.3434804960992199,-0.005251579535845973,interpolado
0.3435803160632127,-0.0044866909407571785,interpolado
0.34368013602720554,-0.0036927275149371227,interpolado
0.34377995599119826,-0.002928332256135247,interpolado
0.3438797759551911,-0.00225214816210106,interpolado
0.344,-0.001638,original
0.3440794158831766,-0.0013913487693534865,interpolado
0.3441792358471695,-0.0012515002949811866,interpolado
0.34427905581116214,-0.0012710568198167564,interpolado
0.3443788757751551,-0.0014176728370083574,interpolado
0.3444786957391478,-0.0016590028397038621,interpolado
0.3445785157031407,-0.00196270132105155,interpolado
0.34467833566713346,-0.0022964227741991174,interpolado
0.34477815563112624,-0.002627821692294771,interpolado
0.34487797559511907,-0.002924552568486708,interpolado
0.345,-0.003193,original
0.34507761552310473,-0.0032868397160424156,interpolado
0.34517743548709745,-0.003309704267804811,interpolado
0.3452772554510902,-0.003218692575379125,interpolado
0.34537707541508306,-0.003009685443904997,interpolado
0.3454768953790759,-0.0026785636785224497,interpolado
0.3455767153430686,-0.0022212080843708993,interpolado
0.34567653530706144,-0.001633499466590643,interpolado
0.3457763552710542,-0.0009113186303212532,interpolado
0.345876175235047,-5.054638070200296e-05,interpolado
0.346,0.001216,original
0.3460758151630326,0.0020994267251940217,interpolado
0.3461756351270254,0.0033569878341258115,interpolado
0.34627545509101815,0.004677515611555319,interpolado
0.34637527505501103,0.006012784536373202,interpolado
0.34647509501900375,0.007314569087467864,interpolado
0.3465749149829966,0.00853464374373061,interpolado
0.34667473494698936,0.00962478298404998,interpolado
0.3467745549109822,0.010536761287316588,interpolado
0.346874374874975,0.011222353132420666,interpolado
0.347,0.011689,original
0.3470740148029606,0.01172851489218402,interpolado
0.34717383476695335,0.011529755314425148,interpolado
0.34727365473094607,0.011092137928331372,interpolado
0.347373474694939,0.010471044734541189,interpolado
0.3474732946589318,0.009721857733694206,interpolado
0.3475731146229246,0.008899958926428546,interpolado
0.3476729345869174,0.00806073031338403,interpolado
0.3477727545509101,0.007259553895199104,interpolado
0.347872574514903,0.006551811672512297,interpolado
0.348,0.005872,original
0.34807221444288855,0.005631323903897691,interpolado
0.3481720344068813,0.005450616315870721,interpolado
0.34827185437087416,0.005398233563676568,interpolado
0.34837167433486693,0.005421264573828129,interpolado
0.3484714942988597,0.005466798272838234,interpolado
0.34857131426285254,0.005481923587219741,interpolado
0.3486711342268453,0.00541372944348549,interpolado
0.34877095419083814,0.0052093047681483744,interpolado
0.34887077415483103,0.004815738487720993,interpolado
0.349,0.003939,original
0.3490704140828166,0.0032571254276170065,interpolado
0.34917023404680936,0.0020783109145404086,interpolado
0.3492700540108021,0.0007199263028154931,interpolado
0.34936987397479496,-0.0007412253983257504,interpolado
0.34946969393878774,-0.0022283411796488574,interpolado
0.34956951390278057,-0.0036646180319217987,interpolado
0.34966933386677346,-0.0049732529459124404,interpolado
0.3497691538307661,-0.0060774429123864795,interpolado
0.34986897379475895,-0.006900384922112236,interpolado
0.35,-0.007425,original
0.3500686137227445,-0.007403377980808576,interpolado
0.3501684336867373,-0.00703299722729666,interpolado
0.35026825365073017,-0.006325567065713854,interpolado
0.35036807361472294,-0.005353279596350189,interpolado
0.3504678935787158,-0.004188326919497511,interpolado
0.3505677135427085,-0.0029029011354460817,interpolado
0.35066753350670127,-0.0015691943444858933,interpolado
0.3507673534706941,-0.00025939864690919146,interpolado
0.3508671734346869,0.0009542938569946571,interpolado
0.351,0.002296,original
0.3510668133626724,0.002809883691737158,interpolado
0.35116663332666526,0.003378783386020923,interpolado
0.35126645329065803,0.003739261972530019,interpolado
0.3513662732546509,0.003924828182959746,interpolado
0.3514660932186437,0.003968990749004771,interpolado
0.35156591318263647,0.0039052584023601005,interpolado
0.35166573314662936,0.003767139874720504,interpolado
0.3517655531106221,0.0035881438977810073,interpolado
0.35186537307461496,0.0034017792032363116,interpolado
0.352,0.003198,original
0.35206501300260046,0.0031384579216856136,interpolado
0.3521648329665933,0.0030924785707184326,interpolado
0.35226465293058606,0.003082770337742134,interpolado
0.35236447289457884,0.003088100266950862,interpolado
0.3524642928585717,0.003087235402538784,interpolado
0.3525641128225644,0.0030589427887000803,interpolado
0.35266393278655733,0.0029819894696288735,interpolado
0.35276375275055005,0.0028351424895194204,interpolado
0.35286357271454294,0.0025971688925657136,interpolado
0.353,0.002086,original
0.3530632126425285,0.0017655376877525517,interpolado
0.3531630326065213,0.0011692385635628157,interpolado
0.3532628525705141,0.0004982764204720826,interpolado
0.353362672534507,-0.00020650032902941047,interpolado
0.35346249249849976,-0.0009042432724499312,interpolado
0.3535623124624926,-0.0015541039972989312,interpolado
0.3536621324264853,-0.002115234091085756,interpolado
0.3537619523904782,-0.002546785141318833,interpolado
0.353861772354471,-0.002807908735507659,interpolado
0.354,-0.002812,original
0.3540614122824566,-0.0026592503241467027,interpolado
0.35416123224644935,-0.0022284613118874396,interpolado
0.35426105221044213,-0.0016207652315407518,interpolado
0.3543608721744349,-0.0008924602027767554,interpolado
0.3544606921384277,-9.984434526700893e-05,interpolado
0.35456051210242046,0.0007007842213181443,interpolado
0.35466033206641323,0.0014531273773083703,interpolado
0.354760152030406,0.0021008870030320877,interpolado
0.35485997199439884,0.0025877649788192255,interpolado
0.355,0.002892,original
0.3550596119223844,0.0028575101960742586,interpolado
0.3551594318863772,0.0025933343576361803,interpolado
0.35525925185037,0.002115265549267827,interpolado
0.35535907181436277,0.0014748079074915728,interpolado
0.35545889177835566,0.0007234655688294339,interpolado
0.3555587117423485,-8.725733019527394e-05,interpolado
0.35565853170634126,-0.0009058566530609378,interpolado
0.35575835167033415,-0.0016808282632441711,interpolado
0.35585817163432687,-0.0023606680242229737,interpolado
0.356,-0.003062,original
0.3560578115623125,-0.003232045635504742,interpolado
0.3561576315263053,-0.0033774028113897005,interpolado
0.3562574514902981,-0.003373306491233347,interpolado
0.3563572714542908,-0.003264313140959133,interpolado
0.35645709141828363,-0.0030949792264902696,interpolado
0.3565569113822764,-0.0029098612137502806,interpolado
0.3566567313462693,-0.0027535155686623336,interpolado
0.356756551310262,-0.002670498757149935,interpolado
0.3568563712742547,-0.0027053672451363047,interpolado
0.357,-0.003052,original
0.35705601120224034,-0.003303794337099455,interpolado
0.35715583116623323,-0.003894118108477234,interpolado
0.35725565113022595,-0.004611341319856706,interpolado
0.3573554710942188,-0.005391629359020498,interpolado
0.35745529105821156,-0.006171147613751371,interpolado
0.3575551110222043,-0.006886061471830779,interpolado
0.3576549309861972,-0.007472536321041786,interpolado
0.35775475095019,-0.00786673754916605,interpolado
0.3578545709141827,-0.008004830543986286,interpolado
0.358,-0.007616,original
0.35805421084216843,-0.00726148038204453,interpolado
0.3581540308061612,-0.006338780976513131,interpolado
0.358253850770154,-0.005143179367275335,interpolado
0.35835367073414676,-0.0037654301560811295,interpolado
0.3584534906981396,-0.002296287944680114,interpolado
0.3585533106621324,-0.0008265073348243763,interpolado
0.35865313062612525,0.0005531570717371965,interpolado
0.358752950590118,0.0017519506732526107,interpolado
0.3588527705541108,0.0026791188679722512,interpolado
0.359,0.003359,original
0.3590524104820964,0.003359707664534154,interpolado
0.3591522304460892,0.003024946995729313,interpolado
0.35925205041008196,0.0023177051363735927,interpolado
0.35935187037407484,0.0013191317540988626,interpolado
0.35945169033806756,0.00011037651653634777,interpolado
0.35955151030206045,-0.0012274109086806346,interpolado
0.3596513302660533,-0.0026130808539215353,interpolado
0.35975115023004595,-0.00396548365155284,interpolado
0.3598509701940388,-0.005203469633943373,interpolado
0.36,-0.006663,original
0.3600506101220244,-0.007014134375192009,interpolado
0.3601504300860172,-0.007486179691364185,interpolado
0.36025025005001,-0.007695555612068044,interpolado
0.3603500700140028,-0.007678129356719818,interpolado
0.36044988997799565,-0.007469768144735234,interpolado
0.36054970994198837,-0.007106339195530429,interpolado
0.3606495299059812,-0.006623709728521232,interpolado
0.36074934986997403,-0.006057746963123196,interpolado
0.36084916983396675,-0.005444318118752861,interpolado
0.3609489897979596,-0.0048192904148254756,interpolado
0.361,-0.004507,original
0.36114862972594514,-0.0036625178900143007,interpolado
0.36124844968993797,-0.003161404284883957,interpolado
0.36134826965393074,-0.0027225414007484307,interpolado
0.36144808961792363,-0.00235382541897236,interpolado
0.3615479095819164,-0.002063152520921275,interpolado
0.3616477295459091,-0.0018584188879600656,interpolado
0.361747549509902,-0.0017475207014538163,interpolado
0.36184736947389473,-0.0017383541427677686,interpolado
0.3619471894378875,-0.0018388153932670397,interpolado
0.362,-0.001939,original
0.3621468293658732,-0.0023791015372044795,interpolado
0.362246649329866,-0.002776887204980747,interpolado
0.3623464692938588,-0.0032175743169370707,interpolado
0.36244628925785155,-0.0036692721654347673,interpolado
0.3625461092218443,-0.004100090042834191,interpolado
0.3626459291858371,-0.004478137241496455,interpolado
0.3627457491498298,-0.004771523053782562,interpolado
0.36284556911382276,-0.004948356772053043,interpolado
0.3629453890778155,-0.004976747688668913,interpolado
0.363,-0.004918,original
0.3631450290058011,-0.004496778493233342,interpolado
0.36324484896979403,-0.004026265075610408,interpolado
0.3633446689337867,-0.003453170494884648,interpolado
0.3634444888977797,-0.0028163056856425756,interpolado
0.36354430886177236,-0.002154481582472007,interpolado
0.36364412882576513,-0.001506509119959704,interpolado
0.363743948789758,-0.0009111992326924533,interpolado
0.36384376875375074,-0.00040736285525803186,interpolado
0.36394358871774357,-3.381092224302425e-05,interpolado
0.364,0.000105,original
0.3641432286457291,0.00020211361344548866,interpolado
0.364243048609722,8.765121058021747e-05,interpolado
0.36434286857371484,-0.0001396618977657051,interpolado
0.36444268853770756,-0.00044771807731839994,interpolado
0.3645425085017003,-0.000804409693803416,interpolado
0.36464232846569306,-0.0011776291129468113,interpolado
0.3647421484296859,-0.001535268700474683,interpolado
0.36484196839367866,-0.001845220822112524,interpolado
0.3649417883576715,-0.0020753778435865463,interpolado
0.365,-0.00216,original
0.3651414282856571,-0.0021902800462311493,interpolado
0.36524124824964993,-0.002077203092471132,interpolado
0.3653410682136427,-0.001870127014490273,interpolado
0.36544088817763554,-0.0015842070553000586,interpolado
0.3655407081416282,-0.0012345984579125112,interpolado
0.36564052810562103,-0.0008364564653391914,interpolado
0.3657403480696139,-0.0004049363205915499,interpolado
0.36584016803360664,4.480673331822872e-05,interpolado
0.3659399879975995,0.0004976174533789278,interpolado
0.366,0.000765,original
0.366139627925585,0.001361491596391515,interpolado
0.36623944788957785,0.001771675458102157,interpolado
0.3663392678535706,0.002175161414461189,interpolado
0.3664390878175635,0.0025779945941128033,interpolado
0.36653890778155623,0.0029862201257011903,interpolado
0.36663872774554906,0.0034058831378698607,interpolado
0.3667385477095419,0.003843028759263251,interpolado
0.3668383676735346,0.004303702118524839,interpolado
0.36693818763752745,0.004793948344298825,interpolado
0.367,0.005115,original
0.367137827565513,0.00587273711347342,interpolado
0.3672376475295059,0.006427719322292301,interpolado
0.3673374674934987,0.006957214422784247,interpolado
0.3674372874574914,0.007433983870009347,interpolado
0.36753710742148415,0.00783078911902758,interpolado
0.367636927385477,0.008120391624898273,interpolado
0.3677367473494698,0.008275552842681494,interpolado
0.36783656731346265,0.00826903422743684,interpolado
0.36793638727745537,0.008073597234224216,interpolado
0.368,0.007838,original
0.3681360272054411,0.007035221181583475,interpolado
0.3682358471694339,0.006228410187739076,interpolado
0.3683356671334267,0.005281742291647891,interpolado
0.3684354870974194,0.004234857499756348,interpolado
0.3685353070614123,0.003127395818510653,interpolado
0.3686351270254051,0.0019989972543588822,interpolado
0.3687349469893979,0.0008893018137466617,interpolado
0.3688347669533906,-0.00016205049687792998,interpolado
0.3689345869173835,-0.001115419671068688,interpolado
0.369,-0.001668,original
0.369134226845369,-0.0025905866903535306,interpolado
0.3692340468093619,-0.003102229445352021,interpolado
0.36933386677335467,-0.003478474747363437,interpolado
0.36943368673734744,-0.0037313507172130342,interpolado
0.3695335067013403,-0.0038728854757258,interpolado
0.36963332666533305,-0.003915107143726515,interpolado
0.36973314662932577,-0.0038700438420401764,interpolado
0.36983296659331855,-0.003749723691491775,interpolado
0.3699327865573113,-0.003566174812906241,interpolado
0.37,-0.003413,original
0.37013242648529704,-0.003052558440357219,interpolado
0.3702322464492898,-0.002729763426426796,interpolado
0.3703320664132827,-0.0023622877462384576,interpolado
0.3704318863772754,-0.0019494526762252186,interpolado
0.37053170634126825,-0.0014905794928199944,interpolado
0.370631526305261,-0.0009849894724564766,interpolado
0.37073134626925386,-0.00043200389156728455,interpolado
0.37083116623324675,0.00016905597341378565,interpolado
0.3709309861972394,0.0008188688460538458,interpolado
0.371,0.001297,original
0.371130626125225,0.0022543534171724448,interpolado
0.37123044608921785,0.0029956033417967943,interpolado
0.37133026605321073,0.0037072555688657653,interpolado
0.3714300860172035,0.00435487446939354,interpolado
0.37152990598119623,0.004904024414394153,interpolado
0.37162972594518895,0.005320269774880749,interpolado
0.3717295459091819,0.0055691749218675125,interpolado
0.37182936587317456,0.005616304226367917,interpolado
0.37192918583716733,0.005427222059395922,interpolado
0.372,0.005131,original
0.372128825765153,0.004239144800037414,interpolado
0.37222864572914566,0.0033022167468056015,interpolado
0.3723284656931386,0.0022244685566852234,interpolado
0.3724282856571313,0.001073243945760526,interpolado
0.3725281056211242,-8.411336988666581e-05,interpolado
0.3726279255851169,-0.001180259674172015,interpolado
0.37272774554910976,-0.0021478512510131496,interpolado
0.3728275655131026,-0.002919544384327408,interpolado
0.37292738547709536,-0.003427995358030885,interpolado
0.373,-0.003594,original
0.37312702540508097,-0.003431806860557773,interpolado
0.3732268453690738,-0.002962504863704091,interpolado
0.3733266653330666,-0.00226502809959802,interpolado
0.37342648529705935,-0.0014059981838050676,interpolado
0.3735263052610522,-0.0004520367318890581,interpolado
0.3736261252250449,0.0005302346405842177,interpolado
0.37372594518903773,0.0014741943180505703,interpolado
0.37382576515303056,0.0023132206849457255,interpolado
0.37392558511702334,0.0029806921257040215,interpolado
0.374,0.003327,original
0.374125225045009,0.0035728114406352158,interpolado
0.37422504500900183,0.003510018225426288,interpolado
0.37432486497299466,0.0032717833845277797,interpolado
0.3744246849369874,0.0029079628860109786,interpolado
0.37452450490098016,0.0024684126979465397,interpolado
0.374624324864973,0.002002988788405978,interpolado
0.37472414482896577,0.0015615471254600641,interpolado
0.37482396479295865,0.0011939436771796238,interpolado
0.3749237847569513,0.0009500344116360898,interpolado
0.375,0.000878,original
0.37512342468493703,0.0010053613961439369,interpolado
0.37522324464892975,0.0012971236754037792,interpolado
0.3753230646129227,0.0017177851049268473,interpolado
0.3754228845769153,0.0022303600457280154,interpolado
0.3755227045409082,0.0027978628588231687,interpolado
0.37562252450490097,0.0033833079052270195,interpolado
0.3757223444688937,0.003949709545955231,interpolado
0.3758221644328865,0.004460082142023421,interpolado
0.37592198439687924,0.004877440054446367,interpolado
0.376,0.005115,original
0.37612162432486496,0.005300037360252603,interpolado
0.37622144428885773,0.005291309543344138,interpolado
0.3763212642528505,0.0051510312936624255,interpolado
0.3764210842168433,0.00489153404232089,interpolado
0.3765209041808361,0.004525149220432515,interpolado
0.37662072414482894,0.004064208259110974,interpolado
0.3767205441088217,0.0035210425894693477,interpolado
0.37682036407281444,0.0029079836426205413,interpolado
0.3769201840368073,0.0022373628496784987,interpolado
0.377,0.001668,original
0.37711982396479293,0.000775124929789812,interpolado
0.37721964392878565,1.800092565438988e-05,interpolado
0.37731946389277854,-0.0007293196329268096,interpolado
0.37741928385677137,-0.0014463070051581079,interpolado
0.37751910382076415,-0.002112431450245434,interpolado
0.3776189237847569,-0.002707163227393202,interpolado
0.3777187437487496,-0.0032099725958069543,interpolado
0.3778185637127426,-0.0036003298146920354,interpolado
0.3779183836767353,-0.0038577051432531605,interpolado
0.378,-0.003955,original
0.37811802360472085,-0.0039013723829948613,interpolado
0.37821784356871374,-0.0036894064481575273,interpolado
0.3783176635327065,-0.0033414089197738757,interpolado
0.37841748349669935,-0.002873081058627541,interpolado
0.37851730346069207,-0.0023001241255016054,interpolado
0.378617123424685,-0.0016382393811789219,interpolado
0.37871694338867773,-0.0009031280864434701,interpolado
0.37881676335267056,-0.00011049150207769485,interpolado
0.3789165833166634,0.0007239691111342776,interpolado
0.379,0.001442,original
0.379116223244649,0.00245219324825729,interpolado
0.3792160432086418,0.0032996744454850176,interpolado
0.37931586317263466,0.004098497513350784,interpolado
0.3794156831366274,0.004820173338826984,interpolado
0.3795155031006201,0.005436212808887373,interpolado
0.37961532306461293,0.005918126810505474,interpolado
0.3797151430286058,0.006237426230654033,interpolado
0.3798149629925985,0.006365621956306665,interpolado
0.3799147829565913,0.006274224874436515,interpolado
0.38,0.006001,original
0.380114422884577,0.005339108365832955,interpolado
0.38021424284856964,0.0045315771254009945,interpolado
0.3803140628125625,0.0035650187767569848,interpolado
0.3804138827765553,0.002492257515519171,interpolado
0.380513702740548,0.0013661175373042072,interpolado
0.38061352270454085,0.0002394230377286286,interpolado
0.38071334266853374,-0.0008350017875891387,interpolado
0.3808131626325265,-0.0018043327430330735,interpolado
0.3809129825965193,-0.0026157456329849228,interpolado
0.381,-0.003153,original
0.3811126225245049,-0.0035750232154886058,interpolado
0.3812124424884977,-0.003718559433009255,interpolado
0.3813122624524905,-0.0036840625014670746,interpolado
0.3814120824164833,-0.0035085384208662267,interpolado
0.381511902380476,-0.0032289931912108383,interpolado
0.38161172234446883,-0.00288243281250481,interpolado
0.3817115423084616,-0.0025058632847526447,interpolado
0.38181136227245444,-0.0021362906079580727,interpolado
0.38191118223644727,-0.001810720782125626,interpolado
0.382,-0.001588,original
0.3821108221644329,-0.0014274365607373704,interpolado
0.3822106421284256,-0.001384470271219436,interpolado
0.3823104620924186,-0.0014208639967274509,interpolado
0.38241028205641137,-0.0015202327105415814,interpolado
0.38251010202040414,-0.0016661913859420442,interpolado
0.38260992198439703,-0.001842354996209157,interpolado
0.3827097419483898,-0.0020323385146229335,interpolado
0.3828095619123827,-0.0022197569144637793,interpolado
0.38290938187637547,-0.0023882251690116947,interpolado
0.383,-0.002511,original
0.3831090218043611,-0.00260770181268428,interpolado
0.38320884176835396,-0.002650737996737731,interpolado
0.3833086617323467,-0.0026567922752492984,interpolado
0.3834084816963395,-0.00263218715499382,interpolado
0.3835083016603323,-0.0025832451427461847,interpolado
0.38360812162432495,-0.002516288745281206,interpolado
0.38370794158831784,-0.0024376404693738207,interpolado
0.3838077615523106,-0.002353622821798854,interpolado
0.38390758151630344,-0.0022705583093311213,interpolado
0.384,-0.0022,original
0.38410722144428894,-0.002130608086749095,interpolado
0.38420704140828177,-0.0020761203038449573,interpolado
0.38430686137227443,-0.0020280876136343547,interpolado
0.38440668133626726,-0.001983292187928764,interpolado
0.38450650130026004,-0.0019385161985397345,interpolado
0.3846063212642528,-0.0018905418172787134,interpolado
0.3847061412282456,-0.0018361512159572543,interpolado
0.3848059611922384,-0.001772126566386833,interpolado
0.3849057811562312,-0.001695250040378903,interpolado
0.385,-0.001608,original
0.38510542108421686,-0.00149156103013313,interpolado
0.38520524104820963,-0.001366333213975474,interpolado
0.3853050610122025,-0.0012309971656084637,interpolado
0.38540488097619535,-0.00108992946574612,interpolado
0.38550470094018807,-0.000947506695102702,interpolado
0.3856045209041809,-0.000808105434392158,interpolado
0.38570434086817373,-0.0006761022643287448,interpolado
0.38580416083216656,-0.0005558737656264842,interpolado
0.3859039807961594,-0.00045179651899942424,interpolado
0.386,-0.000371,original
0.38610362072414495,-0.0003094255254127563,interpolado
0.3862034406881377,-0.0002789017689123945,interpolado
0.38630326065213044,-0.0002801052905533015,interpolado
0.3864030806161233,-0.0003164655539420327,interpolado
0.3865029005801161,-0.0003914120226850739,interpolado
0.3866027205441089,-0.0005083741603890371,interpolado
0.38670254050810166,-0.0006707814306603188,interpolado
0.3868023604720944,-0.0008820632971054967,interpolado
0.38690218043608726,-0.0011456492233312568,interpolado
0.387,-0.001458,original
0.3871018203640727,-0.0018360219702541413,interpolado
0.38720164032806553,-0.002226827200768428,interpolado
0.3873014602920583,-0.0025988148595922854,interpolado
0.3874012802560511,-0.0029134154981671533,interpolado
0.38750110022004397,-0.003132059667933956,interpolado
0.3876009201840367,-0.003216177920334176,interpolado
0.3877007401480295,-0.0031272008068089934,interpolado
0.3878005601120224,-0.0028265588787997837,interpolado
0.3879003800760151,-0.0022756826877474534,interpolado
0.388,-0.001438,original
0.38810002000400073,-0.00029091165257658157,interpolado
0.3881998399679936,0.0010888770662927242,interpolado
0.3882996599319863,0.002610950287400769,interpolado
0.3883994798959792,0.004182894926810297,interpolado
0.388499299859972,0.005712297900581403,interpolado
0.3885991198239649,0.0071067461247775465,interpolado
0.3886989397879576,0.008273826515459019,interpolado
0.38879875975195044,0.00912112598868852,interpolado
0.38889857971594327,0.00955623146052803,interpolado
0.389,0.009481,original
0.38909821964392877,0.008853304747027002,interpolado
0.3891980396079216,0.007735550392512435,interpolado
0.38929785957191443,0.006249499226295598,interpolado
0.3893976795359072,0.0045111838343301945,interpolado
0.38949749949990004,0.0026366368025734313,interpolado
0.38959731946389276,0.0007418907169796189,interpolado
0.38969713942788564,-0.0010570218364969678,interpolado
0.3897969593918785,-0.0026440682718990643,interpolado
0.38989677935587125,-0.003903216003273069,interpolado
0.39,-0.004737,original
0.3900964192838568,-0.005002998657622448,interpolado
0.39019623924784963,-0.0048000769745456156,interpolado
0.39029605921184235,-0.0041887894001336745,interpolado
0.39039587917583524,-0.0032482592251899148,interpolado
0.39049569913982796,-0.002057609740519304,interpolado
0.3905955191038208,-0.0006959642369252772,interpolado
0.3906953390678137,0.0007575539947891003,interpolado
0.39079515903180634,0.0022238216638183006,interpolado
0.3908949789957993,0.0036237154793599766,interpolado
0.391,0.004938,original
0.3910946189237848,0.005921868815587442,interpolado
0.3911944388877776,0.006755241864627863,interpolado
0.3912942588517703,0.007397595190673766,interpolado
0.3913940788157632,0.007868295008643385,interpolado
0.391493898779756,0.008186707533453703,interpolado
0.39159371874374876,0.008372198980022522,interpolado
0.39169353870774154,0.008444135563267351,interpolado
0.3917933586717343,0.008421883498105614,interpolado
0.39189317863572726,0.008324808999454807,interpolado
0.392,0.00816,original
0.39209281856371275,0.007980557849252855,interpolado
0.3921926385277056,0.007750602429448641,interpolado
0.3922924584916983,0.007478647188810551,interpolado
0.39239227845569113,0.007160925962961411,interpolado
0.39249209841968385,0.006793672587524708,interpolado
0.3925919183836767,0.006373120898123409,interpolado
0.39269173834766946,0.005895504730380365,interpolado
0.3927915583116623,0.00535705791991924,interpolado
0.39289137827565507,0.004754014302362562,interpolado
0.393,0.00402,original
0.39309101820364073,0.003343183891885914,interpolado
0.3931908381676335,0.0025575422401555264,interpolado
0.3932906581316262,0.0017544561763199143,interpolado
0.3933904780956191,0.0009627028370453747,interpolado
0.39349029805961194,0.00021105935899995415,interpolado
0.3935901180236047,-0.0004716971211496399,interpolado
0.3936899379875976,-0.001056789466736546,interpolado
0.3937897579515903,-0.001515440541092947,interpolado
0.3938895779155832,-0.0018188732075521644,interpolado
0.394,-0.001939,original
0.3940892178435688,-0.0018522601715183456,interpolado
0.3941890378075616,-0.0015793911641399777,interpolado
0.39428885777155437,-0.001152135139020246,interpolado
0.3943886777355472,-0.0006029361536454098,interpolado
0.3944884976995401,3.576173449721523e-05,interpolado
0.39458831766353275,0.0007315144679212093,interpolado
0.3946881376275256,0.0014518779891402804,interpolado
0.39478795759151836,0.002164408240666921,interpolado
0.3948877775555112,0.002836661165014835,interpolado
0.395,0.003504,original
0.3950874174834968,0.003934222324415751,interpolado
0.3951872374474895,0.004323313705882048,interpolado
0.39528705741148235,0.004603739420132897,interpolado
0.3953868773754751,0.004775782500563512,interpolado
0.39548669733946795,0.004839725980568871,interpolado
0.3955865173034608,0.004795852893543876,interpolado
0.39568633726745367,0.004644446272883445,interpolado
0.3957861572314464,0.004385789151982719,interpolado
0.39588597719543916,0.004020164564236616,interpolado
0.396,0.003472,original
0.3960856171234247,0.0029709077410965345,interpolado
0.39618543708741755,0.0023022251310830743,interpolado
0.39628525705141027,0.0015588429349766475,interpolado
0.39638507701540304,0.0007578044211653067,interpolado
0.3964848969793959,-8.384714196302251e-05,interpolado
0.3965847169433887,-0.0009490684860189979,interpolado
0.39668453690738154,-0.00182081634261516,interpolado
0.39678435687137426,-0.0026820474433621325,interpolado
0.3968841768353671,-0.0035157185198719998,interpolado
0.397,-0.004426,original
0.3970838167633527,-0.005031290794215022,interpolado
0.3971836367273454,-0.005671297776277589,interpolado
0.39728345669133824,-0.0061984795560035486,interpolado
0.397383276655331,-0.0065865020587214385,interpolado
0.3974830966193239,-0.0068090312097594885,interpolado
0.39758291658331674,-0.0068397329344455976,interpolado
0.39768273654730946,-0.006652273158107924,interpolado
0.3977825565113023,-0.0062203178060748245,interpolado
0.3978823764752951,-0.005517532803674411,interpolado
0.398,-0.004306,original
0.3980820164032808,-0.0032035958535843513,interpolado
0.3981818363672735,-0.0016239341541054205,interpolado
0.39828165633126633,0.00014552266144756174,interpolado
0.3983814762952591,0.0020287994866065515,interpolado
0.39848129625925194,0.003949921214903773,interpolado
0.39858111622324466,0.005832912739868198,interpolado
0.3986809361872376,0.007601798955032985,interpolado
0.3987807561512303,0.009180604753927277,interpolado
0.39888057611522315,0.010493355030083256,interpolado
0.399,0.011608,original
0.39908021604320876,0.01202785761117425,interpolado
0.3991800360072015,0.012200663831376512,interpolado
0.3992798559711943,0.012034332817440206,interpolado
0.39937967593518703,0.011580865616811322,interpolado
0.3994794958991799,0.010892263276935207,interpolado
0.3995793158631727,0.010020526845258431,interpolado
0.39967913582716547,0.009017657369225877,interpolado
0.39977895579115824,0.007935655896284468,interpolado
0.39987877575515096,0.006826523473879464,interpolado
0.4,0.005518,original
0.4000784156831367,0.004730362099367299,interpolado
0.4001782356471294,0.003803415559901729,interpolado
0.4002780556111222,0.0029577229957493375,interpolado
0.40037787557511495,0.0021894941937061676,interpolado
0.40047769553910784,0.0014949389405684316,interpolado
0.40057751550310067,0.0008702670231334775,interpolado
0.40067733546709344,0.0003116882281974788,interpolado
0.4007771554310863,-0.00018458765744324427,interpolado
0.40087697539507905,-0.0006223508469915631,interpolado
0.401,-0.001087,original
0.40107661532306454,-0.0013380244546587758,interpolado
0.4011764352870573,-0.0016288714597502774,interpolado
0.40127625525105026,-0.0018886676186362608,interpolado
0.40137607521504304,-0.002128162552160804,interpolado
0.40147589517903587,-0.0023581058811685492,interpolado
0.4015757151430287,-0.002589247226503607,interpolado
0.40167553510702136,-0.0028323362090104686,interpolado
0.40177535507101425,-0.0030981224495336525,interpolado
0.4018751750350071,-0.0033973555689172305,interpolado
0.402,-0.003835,original
0.4020748149629926,-0.004136738524909212,interpolado
0.4021746349269854,-0.004572423644878416,interpolado
0.4022744548909782,-0.005024159524643554,interpolado
0.402374274854971,-0.005468174700720067,interpolado
0.4024740948189638,-0.005880697709624375,interpolado
0.4025739147829567,-0.006237957087871963,interpolado
0.40267373474694934,-0.00651618137197902,interpolado
0.4027735547109422,-0.00669159909846157,interpolado
0.40287337467493495,-0.006740438803835361,interpolado
0.403,-0.006583,original
0.4030730146029205,-0.00636721867942004,interpolado
0.4031728345669134,-0.0059417736843093896,interpolado
0.40327265453090616,-0.005398732497843633,interpolado
0.403372474494899,-0.004774427561818654,interpolado
0.40347229445889177,-0.004105191318029057,interpolado
0.4035721144228846,-0.003427356208270867,interpolado
0.40367193438687743,-0.0027772546743389764,interpolado
0.4037717543508702,-0.002191219158028344,interpolado
0.4038715743148631,-0.001705582101134898,interpolado
0.404,-0.001287,original
0.40407121424284864,-0.0011767694355836876,interpolado
0.4041710342068414,-0.001158091122269795,interpolado
0.40427085417083425,-0.0012700901934736399,interpolado
0.4043706741348269,-0.0014819524591797868,interpolado
0.4044704940988199,-0.001762863729373137,interpolado
0.40457031406281274,-0.0020820098140380675,interpolado
0.4046701340268054,-0.002408576523159419,interpolado
0.4047699539907982,-0.0027117496667220524,interpolado
0.404869773954791,-0.002960715054710319,interpolado
0.405,-0.003153,original
0.4050694138827766,-0.0031752769509684003,interpolado
0.4051692338467694,-0.0031106138540211215,interpolado
0.4052690538107622,-0.002944449997102621,interpolado
0.40536887377475495,-0.002690777235205436,interpolado
0.4054686937387478,-0.002363587423321653,interpolado
0.4055685137027405,-0.0019768724164439875,interpolado
0.4056683336667333,-0.0015446240695646254,interpolado
0.40576815363072616,-0.0010808342376756519,interpolado
0.4058679735947188,-0.0005994947757699352,interpolado
0.406,4.03e-05,original
0.40606761352270454,0.0003604178724559135,interpolado
0.40616743348669726,0.0008182890437812979,interpolado
0.40626725345069015,0.0012556265144852332,interpolado
0.40636707341468287,0.0016691005091161346,interpolado
0.4064668933786757,0.0020553812522231545,interpolado
0.4065667133426686,0.002411138968355384,interpolado
0.4066665333066613,0.0027330438820613286,interpolado
0.4067663532706541,0.0030177662178902448,interpolado
0.4068661732346469,0.0032619762003907185,interpolado
0.407,0.00352,original
0.4070658131626326,0.0036168716306175797,interpolado
0.40716563312662524,0.003739461141141716,interpolado
0.4072654530906181,0.0038544762091677824,interpolado
0.40736527305461084,0.003986464171931304,interpolado
0.4074650930186036,0.004159972366667986,interpolado
0.40756491298259645,0.004399548130613631,interpolado
0.40766473294658917,0.0047297388010036235,interpolado
0.4077645529105821,0.005175091715074006,interpolado
0.4078643728745747,0.005760154210059934,interpolado
0.408,0.006823,original
0.40806401280256027,0.0074436883910575504,interpolado
0.4081638327665532,0.008533540102941366,interpolado
0.408263652730546,0.009715328362573215,interpolado
0.4083634726945388,0.01092466860404534,interpolado
0.4084632926585316,0.012097176261451952,interpolado
0.4085631126225244,0.013168466768887183,interpolado
0.40866293258651726,0.014074155560443394,interpolado
0.4087627525505101,0.014749858070215088,interpolado
0.4088625725145028,0.015131189732295058,interpolado
0.409,0.015056,original
0.40906221244248847,0.014758613738720512,interpolado
0.40916203240648125,0.013960721188148643,interpolado
0.4092618523704741,0.01282862681568671,interpolado
0.40936167233446685,0.011432064496694217,interpolado
0.4094614922984596,0.009840768106528829,interpolado
0.40956131226245235,0.008124471520547787,interpolado
0.4096611322264452,0.006352908614111242,interpolado
0.40976095219043807,0.00459581326257552,interpolado
0.4098607721544308,0.0029229193413008144,interpolado
0.41,0.000862,original
0.4100604120824164,0.00010562917317961494,interpolado
0.41016023204640917,-0.000949976441076398,interpolado
0.41026005201040205,-0.0017746173038396063,interpolado
0.4103598719743947,-0.002380899012809109,interpolado
0.41045969193838755,-0.002781427165685435,interpolado
0.41055951190238044,-0.002988807360168656,interpolado
0.4106593318663732,-0.0030156451939585566,interpolado
0.4107591518303661,-0.0028745462647551904,interpolado
0.4108589717943588,-0.0025781161702587265,interpolado
0.411,-0.001919,original
0.4110586117223445,-0.0015704956568544962,interpolado
0.4111584316863372,-0.0008989079960912547,interpolado
0.41125825165033014,-0.00016055132886801592,interpolado
0.41135807161432286,0.0006079387670023617,interpolado
0.4114578915783157,0.0013699267137082507,interpolado
0.41155771154230847,0.002088776933438006,interpolado
0.41165753150630124,0.0027278538483787936,interpolado
0.4117573514702941,0.003250521880719001,interpolado
0.41185717143428685,0.003620145452646763,interpolado
0.412,0.00381,original
0.41205681136227257,0.0037561593488751785,interpolado
0.4121566313262652,0.003495580080603579,interpolado
0.41225645129025806,0.003060147753978393,interpolado
0.41235627125425084,0.002492718646794202,interpolado
0.41245609121824367,0.001836149036846582,interpolado
0.41255591118223645,0.0011332952019297824,interpolado
0.4126557311462292,0.0004270134198395291,interpolado
0.4127555511102219,-0.0002398400316296346,interpolado
0.4128553710742148,-0.0008244088746830747,interpolado
0.413,-0.001438,original
0.41305501100220043,-0.0015772761146307375,interpolado
0.4131548309661932,-0.0017006260522162595,interpolado
0.413254650930186,-0.00168194358235782,interpolado
0.41335447089417876,-0.0015503711078336847,interpolado
0.4134542908581716,-0.0013350510314223826,interpolado
0.4135541108221644,-0.0010651257559020737,interpolado
0.4136539307861573,-0.0007697376840514396,interpolado
0.4137537507501499,-0.00047802921864870877,interpolado
0.4138535707141428,-0.00021914276247211916,interpolado
0.414,4.03e-05,original
0.4140532106421284,8.493725254896475e-05,interpolado
0.4141530306061212,0.00010110029366497269,interpolado
0.4142528505701139,4.940994185446771e-05,interpolado
0.4143526705341068,-4.608983248555455e-05,interpolado
0.41445249049809957,-0.00016135505895792179,interpolado
0.41455231046209245,-0.00027234176716567674,interpolado
0.4146521304260852,-0.00035500598671162894,interpolado
0.4147519503900779,-0.00038530374719878823,interpolado
0.41485177035407084,-0.0003391910782300472,interpolado
0.415,-7.82e-05,original
0.41505141028205633,7.733044053584162e-05,interpolado
0.41515123024604916,0.0004697694424852668,interpolado
0.41525105021004205,0.0009608709056730852,interpolado
0.41535087017403477,0.0015258851483101324,interpolado
0.4154506901380276,0.002140062488606277,interpolado
0.4155505101020204,0.002778653244772675,interpolado
0.4156503300660131,0.0034169077350191136,interpolado
0.4157501500300059,0.0040300762775564505,interpolado
0.4158499699939987,0.004593409190595484,interpolado
0.41594978995799153,0.005082156792346085,interpolado
0.416,0.005292,original
0.41614942988597714,0.00575259827968939,interpolado
0.41624924984996986,0.005926255767821243,interpolado
0.4163490698139628,0.005996448000066656,interpolado
0.4164488897779555,0.0059665065727237294,interpolado
0.4165487097419484,0.005839763082090628,interpolado
0.41664852970594124,0.005619549124465675,interpolado
0.416748349669934,0.005309196296147017,interpolado
0.4168481696339267,0.004912036193432594,interpolado
0.41694798959791957,0.004431400412621042,interpolado
0.417,0.004149,original
0.4171476295259051,0.0032432088067991267,interpolado
0.41724744948989795,0.002569896682987452,interpolado
0.4173472694538908,0.0018732439618758439,interpolado
0.4174470894178835,0.0011754646480954553,interpolado
0.4175469093818763,0.0004987727462762717,interpolado
0.41764672934586905,-0.00013461773895167406,interpolado
0.4177465493098619,-0.0007024928029573015,interpolado
0.4178463692738547,-0.0011826384411108455,interpolado
0.41794618923784743,-0.0015528406487813947,interpolado
0.418,-0.001699,original
0.4181458291658331,-0.001901903149654286,interpolado
0.41824564912982587,-0.0019123482240270087,interpolado
0.4183454690938187,-0.0018534839148548932,interpolado
0.41844528905781153,-0.0017557147375925216,interpolado
0.4185451090218043,-0.0016494452076943804,interpolado
0.4186449289857972,-0.0015650798406149358,interpolado
0.41874474894979,-0.001533023151808798,interpolado
0.4188445689137828,-0.0015836796567304707,interpolado
0.41894438887777563,-0.0017474538708344132,interpolado
0.419,-0.001899,original
0.4191440288057612,-0.0024962210194496596,interpolado
0.41924384876975385,-0.003028607708927768,interpolado
0.4193436687337468,-0.003601765484583447,interpolado
0.4194434886977395,-0.0041666990442112495,interpolado
0.41954330866173234,-0.004674413085606699,interpolado
0.4196431286257251,-0.005075912306565194,interpolado
0.4197429485897177,-0.005322201404881473,interpolado
0.41984276855371067,-0.0053642850783509706,interpolado
0.4199425885177034,-0.005153168024768822,interpolado
0.42,-0.004898,original
0.420142228445689,-0.0038304356159611632,interpolado
0.42024204840968177,-0.0027821666846422196,interpolado
0.4203418683736747,-0.001561768883007442,interpolado
0.4204416883376675,-0.00023450267721062358,interpolado
0.4205415083016603,0.0011343714665964545,interpolado
0.42064132826565304,0.002479593082262107,interpolado
0.4207411482296459,0.0037359017036324,interpolado
0.4208409681936387,0.0048380368645562334,interpolado
0.42094078815763153,0.005720738098879944,interpolado
0.421,0.006114,original
0.4211404280856173,0.006614182547093861,interpolado
0.4212402480496099,0.006636915305001116,interpolado
0.4213400680136028,0.006424943260315449,interpolado
0.4214398879775956,0.006015120620756091,interpolado
0.4215397079415883,0.0054443015940419765,interpolado
0.4216395279055811,0.004749340387891678,interpolado
0.42173934786957384,0.00396709121002497,interpolado
0.4218391678335668,0.0031344082681600154,interpolado
0.4219389877975595,0.002288145770016739,interpolado
0.422,0.00178,original
0.422138627725545,0.0006872824423064343,interpolado
0.4222384476895378,-3.999532388808672e-05,interpolado
0.4223382676535306,-0.0007137879512030946,interpolado
0.42243808761752344,-0.0013308785773239972,interpolado
0.42253790758151627,-0.0018880503399373416,interpolado
0.42263772754550916,-0.0023820863767295415,interpolado
0.42273754750950193,-0.0028097698253862066,interpolado
0.42283736747349476,-0.0031678838235939637,interpolado
0.4229371874374875,-0.003453211509038572,interpolado
0.423,-0.003594,original
0.42313682736547326,-0.00379770207909113,interpolado
0.423236647329466,-0.003866494273441884,interpolado
0.42333646729345864,-0.0038775874460750723,interpolado
0.4234362872574516,-0.0038395562946177035,interpolado
0.4235361072214443,-0.003760975516696859,interpolado
0.4236359271854372,-0.003650419809939504,interpolado
0.42373574714942985,-0.0035164638719728026,interpolado
0.42383556711342263,-0.003367682400423742,interpolado
0.4239353870774155,-0.0032126500929192743,interpolado
0.424,-0.003113,original
0.42413502700540107,-0.0029154673853211415,interpolado
0.4242348469693938,-0.0027817770565663497,interpolado
0.4243346669333867,-0.0026609395492927373,interpolado
0.42443448689737945,-0.0025550709824196556,interpolado
0.4245343068613722,-0.0024662874748666323,interpolado
0.424634126825365,-0.0023967051455529775,interpolado
0.4247339467893577,-0.0023484401133981774,interpolado
0.42483376675335055,-0.002323608497321594,interpolado
0.4249335867173434,-0.002324326416242645,interpolado
0.425,-0.00234,original
0.425133226645329,-0.002398612423682478,interpolado
0.4252330466093219,-0.0024353015805788562,interpolado
0.42533286657331465,-0.002433752867082482,interpolado
0.4254326865373075,-0.0023651350298784296,interpolado
0.42553250650130026,-0.0022006168156518974,interpolado
0.42563232646529303,-0.0019113669710878046,interpolado
0.4257321464292858,-0.0014685542428715954,interpolado
0.42583196639327864,-0.0008433473776882834,interpolado
0.4259317863572715,-6.91512222247663e-06,interpolado
0.426,0.000701,original
0.4261314262852572,0.0023760030369780584,interpolado
0.42623124624924985,0.0038458895124078916,interpolado
0.4263310662132426,0.0054051376597927525,interpolado
0.4264308861772354,0.006980193631184019,interpolado
0.42653070614122807,0.008497503578630416,interpolado
0.42663052610522106,0.009883513654184061,interpolado
0.4267303460692138,0.011064670009893881,interpolado
0.42683016603320645,0.01196741879781121,interpolado
0.42692998599719933,0.01251820616998675,interpolado
0.427,0.012655,original
0.42712962592518494,0.012330883116255763,interpolado
0.4272294458891777,0.011662675289129178,interpolado
0.42732926585317055,0.010733729274501884,interpolado
0.4274290858171633,0.009638175506376292,interpolado
0.4275289057811562,0.008470144418756698,interpolado
0.42762872574514893,0.007323766445644973,interpolado
0.42772854570914176,0.006293172021045474,interpolado
0.42782836567313454,0.005472491578960594,interpolado
0.4279281856371274,0.004955855553393196,interpolado
0.428,0.004825,original
0.42812782556511303,0.005148677275314694,interpolado
0.42822764552910575,0.0058181485660535855,interpolado
0.4283274654930986,0.006760526866943061,interpolado
0.4284272854570914,0.00789118873496817,interpolado
0.42852710542108424,0.009125510727111995,interpolado
0.42862692538507696,0.010378869400360183,interpolado
0.4287267453490698,0.011566641311695693,interpolado
0.4288265653130625,0.012604203018103602,interpolado
0.42892638527705534,0.013406931076568651,interpolado
0.429,0.013799,original
0.429126025205041,0.014011758544835964,interpolado
0.4292258451690337,0.013803703987810454,interpolado
0.4293256651330266,0.013308109219196817,interpolado
0.42942548509701933,0.012566664185704667,interpolado
0.42952530506101216,0.011621058834044969,interpolado
0.42962512502500494,0.01051298311092748,interpolado
0.4297249449889977,0.009284126963061622,interpolado
0.42982476495299055,0.007976180337158884,interpolado
0.4299245849169833,0.006630833179927984,interpolado
0.43,0.005615,original
0.430124224844969,0.003988038148296129,interpolado
0.4302240448089618,0.002748223474370847,interpolado
0.4303238647729546,0.0015912417351579672,interpolado
0.43042368473694753,0.0005380537397950142,interpolado
0.43052350470094025,-0.000390379702578052,interpolado
0.43062332466493286,-0.0011730977828230615,interpolado
0.43072314462892586,-0.0017891396918015235,interpolado
0.4308229645929185,-0.0022175446203739593,interpolado
0.43092278455691146,-0.0024373517594020394,interpolado
0.431,-0.002451,original
0.4311224244848969,-0.002187037773965978,interpolado
0.4312222444488898,-0.0017534849146115079,interpolado
0.43132206441288257,-0.00117020359599355,interpolado
0.4314218843768754,-0.00048033163260107213,interpolado
0.4315217043408681,0.0002729931610755838,interpolado
0.43162152430486084,0.0010466329705472106,interpolado
0.43172134426885367,0.0017974499813246541,interpolado
0.4318211642328465,0.002482306378917498,interpolado
0.43192098419683933,0.003058064348836893,interpolado
0.432,0.003408,original
0.43212062412482494,0.003728632051052637,interpolado
0.43222044408881777,0.0038147190335318325,interpolado
0.43232026405281054,0.003761063656108734,interpolado
0.4324200840168033,0.003588785595708584,interpolado
0.43251990398079615,0.0033190045292568653,interpolado
0.4326197239447888,0.002972840133678793,interpolado
0.4327195439087818,0.0025714120858994134,interpolado
0.4328193638727746,0.00213584006284446,interpolado
0.43291918383676725,0.0016872437414387556,interpolado
0.433,0.001329,original
0.4331188237647528,0.0008307669082241163,interpolado
0.43321864372874574,0.00044528615570104107,interpolado
0.4333184636927385,9.471831898547293e-05,interpolado
0.43341828365673135,-0.00021649963796944763,interpolado
0.433518103620724,-0.0004839307512098484,interpolado
0.4336179235847168,-0.0007031380567823892,interpolado
0.4337177435487097,-0.0008696845907336227,interpolado
0.4338175635127024,-0.0009791333891098375,interpolado
0.43391738347669534,-0.001027047487957626,interpolado
0.434,-0.001017,original
0.43411702340468084,-0.0009250310337095719,interpolado
0.4342168433686737,-0.0007858891613256466,interpolado
0.4343166633326666,-0.0006039259142393413,interpolado
0.4344164832966593,-0.0003914885804705607,interpolado
0.43451630326065216,-0.00016092444803963995,interpolado
0.4346161232246449,7.541919503343987e-05,interpolado
0.43471594318863777,0.00030519506072870865,interpolado
0.43481576315263065,0.0005160558610258137,interpolado
0.43491558311662337,0.0006956543079047919,interpolado
0.435,0.000814,original
0.43511522304460903,0.0009183059272737191,interpolado
0.4352150430086019,0.0009665081695809697,interpolado
0.43531486297259464,0.0009897862471152793,interpolado
0.43541468293658747,0.001001660725830607,interpolado
0.4355145029005802,0.0010156521716808864,interpolado
0.435614322864573,0.001045281150620033,interpolado
0.4357141428285659,0.001104068228602019,interpolado
0.43581396279255863,0.0012055339715807086,interpolado
0.43591378275655135,0.0013631989455100489,interpolado
0.436,0.001555,original
0.43611342268453696,0.0018903466841778016,interpolado
0.4362132426485298,0.0022364112577657478,interpolado
0.4363130626125225,0.00259785501263968,interpolado
0.43641288257651534,0.002943774261070227,interpolado
0.4365127025405081,0.0032432653153279824,interpolado
0.4366125225045009,0.0034654244876830462,interpolado
0.4367123424684938,0.0035793480904060754,interpolado
0.4368121624324865,0.003554132435767374,interpolado
0.4369119823964793,0.0033588738360374854,interpolado
0.437,0.003021,original
0.43711162232446477,0.002350693092335794,interpolado
0.4372114422884577,0.00155310081641995,interpolado
0.43731126225245043,0.000608005249594702,interpolado
0.4374110822164433,-0.0004464991424690703,interpolado
0.4375109021804361,-0.0015723178941007335,interpolado
0.43761072214442887,-0.002731356539627745,interpolado
0.43771054210842175,-0.003885520613380074,interpolado
0.4378103620724146,-0.004996715649685149,interpolado
0.4379101820364073,-0.006026847182872341,interpolado
0.438,-0.006853,original
0.438109821964393,-0.007700959322662589,interpolado
0.4382096419283858,-0.008315424949854626,interpolado
0.4383094618923786,-0.00878555988028958,interpolado
0.4384092818563714,-0.009115699251210758,interpolado
0.4385091018203642,-0.00931017819986116,interpolado
0.4386089217843569,-0.009373331863483502,interpolado
0.43870874174834973,-0.009309495379320786,interpolado
0.4388085617123426,-0.009123003884616013,interpolado
0.4389083816763354,-0.008818192516612108,interpolado
0.439,-0.008438,original
0.4391080216043209,-0.007873880411313271,interpolado
0.4392078415683136,-0.007258058926208823,interpolado
0.4393076615323065,-0.006570138968920443,interpolado
0.4394074814962992,-0.00582832626881723,interpolado
0.43950730146029193,-0.005050826555268175,interpolado
0.43960712142428476,-0.00425584555764357,interpolado
0.43970694138827754,-0.0034615890053119776,interpolado
0.4398067613522703,-0.002686262627643712,interpolado
0.43990658131626315,-0.0019480721540077524,interpolado
0.44,-0.001307,original
0.44010622124424886,-0.000653626587176139,interpolado
0.4402060412082416,-0.00012162178738870547,interpolado
0.4403058611722345,0.00032401461970111775,interpolado
0.4404056811362273,0.0006765056658663908,interpolado
0.4405055011002201,0.0009290743828810559,interpolado
0.44060532106421285,0.0010749438025183884,interpolado
0.44070514102820557,0.0011073369565521157,interpolado
0.44080496099219846,0.0010194768767557128,interpolado
0.4409047809561913,0.0008045865949028333,interpolado
0.441,0.000475,original
0.44110442088417684,-2.698246658828296e-05,interpolado
0.4412042408481696,-0.0006220703627967958,interpolado
0.44130406081216245,-0.0013025541482826254,interpolado
0.44140388077615517,-0.0020416139737817534,interpolado
0.441503700740148,-0.002812429990031723,interpolado
0.44160352070414083,-0.0035881823477684166,interpolado
0.44170334066813366,-0.004342051197729009,interpolado
0.4418031606321264,-0.005047216690650625,interpolado
0.44190298059611915,-0.005676858977269222,interpolado
0.442,-0.006191,original
0.4421026205241047,-0.00660766386104977,interpolado
0.44220244048809754,-0.006885668227079593,interpolado
0.4423022604520905,-0.0070410012869173534,interpolado
0.44240208041608314,-0.007076492911936559,interpolado
0.44250190038007603,-0.00699497297351094,interpolado
0.4426017203440689,-0.00679927134301427,interpolado
0.44270154030806164,-0.006492217891820218,interpolado
0.4428013602720545,-0.006076642491302212,interpolado
0.44290118023604724,-0.005555375012834394,interpolado
0.443,-0.004938,original
0.44310082016403285,-0.004212301826681851,interpolado
0.4432006401280257,-0.003426848800812579,interpolado
0.44330046009201846,-0.002608104577319792,interpolado
0.44340028005601123,-0.0017892874782473554,interpolado
0.443500100020004,-0.0010036158256373417,interpolado
0.4435999199839968,-0.00028430794153358013,interpolado
0.4436997399479896,0.00033541785202143785,interpolado
0.44379955991198244,0.000822343232984999,interpolado
0.4438993798759753,0.0011432498793136055,interpolado
0.444,0.001265,original
0.4440990198039609,0.00116699512963776,interpolado
0.4441988397679535,0.0008818180047489405,interpolado
0.4442986597319464,0.000455224378193602,interpolado
0.44439847969593915,-6.694945934543387e-05,interpolado
0.444498299659932,-0.0006388672171863673,interpolado
0.44459811962392476,-0.0012146926046462153,interpolado
0.44469793958791753,-0.0017485893310429596,interpolado
0.4447977595519104,-0.0021947211056944907,interpolado
0.44489757951590314,-0.002507251637917962,interpolado
0.445,-0.002641,original
0.4450972194438888,-0.002560583008234012,interpolado
0.4451970394078815,-0.0022882664026635685,interpolado
0.44529685937187435,-0.0018582144547122962,interpolado
0.44539667933586713,-0.0013052470364653373,interpolado
0.44549649929986007,-0.0006641840200067671,interpolado
0.44559631926385285,3.015472257803656e-05,interpolado
0.4456961392278456,0.0007429493192047608,interpolado
0.4457959591918384,0.0014393798977891331,interpolado
0.4458957791558312,0.0020846265862457156,interpolado
0.446,0.002666,original
0.44609541908381684,0.003089676887919007,interpolado
0.44619523904780967,0.003428353280520216,interpolado
0.4462950590118025,0.003675827333525104,interpolado
0.4463948789757953,0.0038480284150084866,interpolado
0.446494698939788,0.003960885893045604,interpolado
0.4465945189037809,0.004030329135711571,interpolado
0.4466943388677736,0.004072287511081397,interpolado
0.44679415883176643,0.004102690387230229,interpolado
0.44689397879575926,0.004137467132233123,interpolado
0.447,0.004197,original
0.4470936187237449,0.004280860166464071,interpolado
0.4471934386877376,0.004400873901372239,interpolado
0.4472932586517304,0.004546702855888091,interpolado
0.4473930786157231,0.0047124606952407815,interpolado
0.4474928985797159,0.004892261084659706,interpolado
0.44759271854370875,0.005080217689374285,interpolado
0.44769253850770147,0.005270444174613626,interpolado
0.4477923584716943,0.005457054205607252,interpolado
0.44789217843568707,0.005634161447584274,interpolado
0.448,0.005808,original
0.44809181836367273,0.005936914077397263,interpolado
0.4481916383276655,0.006054984198162086,interpolado
0.44829145829165834,0.006148765964938162,interpolado
0.44839127825565117,0.006216935806296152,interpolado
0.4484910982196439,0.00625817015080688,interpolado
0.4485909181836368,0.006271145427041113,interpolado
0.44869073814762966,0.0062545380635696,interpolado
0.4487905581116224,0.006207024488963086,interpolado
0.4488903780756152,0.006127281131792391,interpolado
0.449,0.006001,original
0.4490900180036009,0.0058676098168396465,interpolado
0.44918983796759354,0.005698309956386566,interpolado
0.4492896579315863,0.00551947713590216,interpolado
0.44938947789557904,0.005344505974702076,interpolado
0.44948929785957187,0.005186791092101658,interpolado
0.4495891178235647,0.00505972710741629,interpolado
0.44968893778755736,0.004976708639961563,interpolado
0.4497887577515502,0.004951130309052843,interpolado
0.44988857771554297,0.004996386734005608,interpolado
0.45,0.005147,original
0.45008821764352863,0.005347896504912049,interpolado
0.4501880376075214,0.00564185814346459,interpolado
0.45028785757151424,0.005976955886873016,interpolado
0.45038767753550707,0.006322376602318898,interpolado
0.4504874974994998,0.0066473071569843585,interpolado
0.45058731746349273,0.006920934418051486,interpolado
0.4506871374274855,0.007112445252701907,interpolado
0.4507869573914784,0.007191026528117754,interpolado
0.45088677735547117,0.007125865111480872,interpolado
0.451,0.006839,original
0.4510864172834568,0.006450284674258004,interpolado
0.4511862372474495,0.005852107934913055,interpolado
0.4512860572114423,0.005146055380388409,interpolado
0.4513858771754352,0.004386599146035039,interpolado
0.4514856971394278,0.003628211367202737,interpolado
0.4515855171034207,0.002925364179241308,interpolado
0.45168533706741354,0.0023325297175017198,interpolado
0.4517851570314063,0.0019041801173337249,interpolado
0.4518849769953991,0.0016947875140874435,interpolado
0.452,0.001796,original
0.4520846169233847,0.0021379235955807517,interpolado
0.4521844368873774,0.0027921264217584717,interpolado
0.4522842568513703,0.00364952370658987,interpolado
0.452384076815363,0.004638132174628848,interpolado
0.45248389677935585,0.005685968550427615,interpolado
0.4525837167433487,0.00672104955854058,interpolado
0.45268353670734146,0.007671391923519895,interpolado
0.4527833566713344,0.00846501236991948,interpolado
0.45288317663532707,0.0090299276222929,interpolado
0.453,0.009304,original
0.4530828165633128,0.009198547090646459,interpolado
0.4531826365273055,0.00877029767107042,interpolado
0.4532824564912982,0.008072188581438126,interpolado
0.4533822764552911,0.0071671133636655865,interpolado
0.4534820964192839,0.006117965559670401,interpolado
0.4535819163832767,0.004987638711368037,interpolado
0.45368173634726955,0.0038390263606763457,interpolado
0.45378155631126227,0.002735022049511272,interpolado
0.4538813762752551,0.0017385193197888705,interpolado
0.454,0.000781,original
0.4540810162032408,0.00031168542663441944,interpolado
0.45418083616723354,-6.498082037409886e-05,interpolado
0.45428065613122626,-0.00024333443928599752,interpolado
0.4543804760952191,-0.00024922170830125585,interpolado
0.45448029605921186,-0.00010848890561989798,interpolado
0.4545801160232047,0.00015301769055818304,interpolado
0.45467993598719747,0.0005094518020326661,interpolado
0.45477975595119025,0.000934967150603647,interpolado
0.454879575915183,0.001403717458071373,interpolado
0.455,0.00199,original
0.4550792158431687,0.0023682656977644947,interpolado
0.4551790358071614,0.002819318304564818,interpolado
0.4552788557711542,0.0032258932542870967,interpolado
0.4553786757351471,0.0035708823423806005,interpolado
0.45547849569913984,0.0038371773642940366,interpolado
0.45557831566313267,0.004007670115476778,interpolado
0.45567813562712545,0.004065252391377728,interpolado
0.4557779555911182,0.003992815987446106,interpolado
0.45587777555511105,0.0037732526991308473,interpolado
0.456,0.003279,original
0.4560774154830966,0.0028292042985318456,interpolado
0.4561772354470893,0.002119417497253649,interpolado
0.4562770554110821,0.0013057851759024238,interpolado
0.456376875375075,0.00043411716274223156,interpolado
0.45647669533906776,-0.0004497767139613872,interpolado
0.45657651530306065,-0.0013000866259448062,interpolado
0.4566763352670533,-0.0020710027449425063,interpolado
0.45677615523104614,-0.002716715242690422,interpolado
0.456875975195039,-0.0031914142909242075,interpolado
0.457,-0.003474,original
0.4570756151230245,-0.003450216259119075,interpolado
0.45717543508701736,-0.0032023134032965503,interpolado
0.45727525505101013,-0.002738035775858742,interpolado
0.4573750750150029,-0.002090024081593905,interpolado
0.4574748949789958,-0.001290919025291435,interpolado
0.4575747149429886,-0.00037336131173967553,interpolado
0.4576745349069814,0.0006300083542732867,interpolado
0.4577743548709742,0.0016865492679576648,interpolado
0.4578741748349669,0.002763620724525934,interpolado
0.458,0.0041,original
0.4580738147629525,0.004849062184173296,interpolado
0.45817363472694533,0.005795122221164046,interpolado
0.4582734546909381,0.006638111973859061,interpolado
0.45837327465493105,0.007349393080784087,interpolado
0.4584730946189238,0.00790032718046316,interpolado
0.45857291458291655,0.00826227591142156,interpolado
0.4586727345469095,0.008406600912184143,interpolado
0.4587725545109022,0.008304663821275572,interpolado
0.4588723744748951,0.007927826277220551,interpolado
0.459,0.007,original
0.45907201440288065,0.006241647739114686,interpolado
0.4591718343668735,0.004953247081201226,interpolado
0.4592716543308662,0.0034610998217084526,interpolado
0.459371474294859,0.0018444464599698001,interpolado
0.45947129425885186,0.00018252749532208674,interpolado
0.45957111422284463,-0.0014454165729005583,interpolado
0.45967093418683747,-0.0029601452453639388,interpolado
0.45977075415083024,-0.004282418022731343,interpolado
0.459870574114823,-0.005332994405669153,interpolado
0.46,-0.006161,original
0.4600702140428085,-0.006311115695623933,interpolado
0.4601700340068014,-0.006190233887770285,interpolado
0.4602698539707942,-0.005745569461480349,interpolado
0.46036967393478695,-0.005053379577293496,interpolado
0.4604694938987798,-0.004189921395750302,interpolado
0.46056931386277256,-0.003231452077390213,interpolado
0.4606691338267654,-0.0022542287827524627,interpolado
0.4607689537907582,-0.0013345086723779453,interpolado
0.46086877375475105,-0.0005485489068054989,interpolado
0.461,0.000153,original
0.4610684136827365,0.00032407977775530413,interpolado
0.4611682336467294,0.0003485664053039061,interpolado
0.4612680536107222,0.00015472655299882687,interpolado
0.461367873574715,-0.00020288743786055888,interpolado
0.4614676935387078,-0.0006697232259743042,interpolado
0.46156751350270053,-0.0011912284700430443,interpolado
0.46166733346669336,-0.0017128508287675346,interpolado
0.4617671534306861,-0.002180037960847647,interpolado
0.4618669733946789,-0.0025382375249843104,interpolado
0.462,-0.002752,original
0.4620666133226644,-0.0027143601576624598,interpolado
0.4621664332866573,-0.002489742988580229,interpolado
0.4622662532506501,-0.002102724837303224,interpolado
0.4623660732146429,-0.0015975913186883522,interpolado
0.46246589317863573,-0.0010186280475934827,interpolado
0.46256571314262857,-0.0004101206388756509,interpolado
0.4626655331066214,0.00018364529260817477,interpolado
0.4627653530706143,0.0007183841320000265,interpolado
0.46286517303460684,0.001149810264442956,interpolado
0.463,0.00149,original
0.4630648129625925,0.0015290925881283764,interpolado
0.4631646329265854,0.0014388937277306907,interpolado
0.4632644528905782,0.0011951518881279893,interpolado
0.46336427285457094,0.0008305306420685007,interpolado
0.4634640928185637,0.000377693562300187,interpolado
0.4635639127825566,-0.00013069577842820163,interpolado
0.46366373274654943,-0.0006619738073689592,interpolado
0.46376355271054215,-0.0011834769517732485,interpolado
0.4638633726745349,-0.00166254163889313,interpolado
0.464,-0.00219,original
0.4640630126025205,-0.0023648868832962305,interpolado
0.46416283256651336,-0.0025561829100893374,interpolado
0.4642626525305061,-0.0026594221165817805,interpolado
0.4643624724944989,-0.002694069834276594,interpolado
0.46446229245849174,-0.002679591394676659,interpolado
0.4645621124224845,-0.0026354521292848996,interpolado
0.4646619323864773,-0.002581117369604189,interpolado
0.46476175235047007,-0.002536052447137496,interpolado
0.46486157231446285,-0.0025197226933876913,interpolado
0.465,-0.002581,original
0.4650612122424484,-0.0026489645068191836,interpolado
0.4651610322064413,-0.0027983716610080834,interpolado
0.46526085217043406,-0.0029634793913159187,interpolado
0.4653606721344269,-0.0031074088511262653,interpolado
0.4654604920984197,-0.0031932811938226516,interpolado
0.4655603120624125,-0.0031842175727884677,interpolado
0.4656601320264053,-0.0030433391414071633,interpolado
0.4657599519903981,-0.0027337670530623802,interpolado
0.4658597719543908,-0.0022186224611375834,interpolado
0.466,-0.001077,original
0.46605941188237654,-0.0004275096737208257,interpolado
0.4661592318463693,0.0008633999875793289,interpolado
0.46625905181036204,0.0023526369158079316,interpolado
0.46635887177435487,0.003980062933794057,interpolado
0.4664586917383477,0.005685539864367076,interpolado
0.4665585117023404,0.007408929530353494,interpolado
0.46665833166633325,0.009090093754583568,interpolado
0.4667581516303259,0.010668894359883826,interpolado
0.4668579715943188,0.01208519316908364,interpolado
0.467,0.013702,original
0.46705761152230435,0.014192094421866886,interpolado
0.4671574314862972,0.014805889301588064,interpolado
0.46725725145028996,0.015132876236276608,interpolado
0.46735707141428273,0.015186623571401155,interpolado
0.4674568913782756,0.014980699652429737,interpolado
0.46755671134226834,0.014528672824830802,interpolado
0.4676565313062612,0.013844111434072087,interpolado
0.467756351270254,0.012940583825622569,interpolado
0.4678561712342467,0.01183165834495015,interpolado
0.468,0.0099,original
0.4680558111622323,0.009053323131851433,interpolado
0.4681556311262252,0.007439315032930991,interpolado
0.46825545109021804,0.005751036826649087,interpolado
0.4683552710542108,0.00405135035090346,interpolado
0.46845509101820354,0.002403117443591817,interpolado
0.46855491098219637,0.0008691999426146209,interpolado
0.4686547309461892,-0.0004875403141304707,interpolado
0.4687545509101821,-0.0016042414887453968,interpolado
0.46885437087417486,-0.0024180417433302907,interpolado
0.469,-0.002932,original
0.4690540108021604,-0.002889390685328489,interpolado
0.4691538307661532,-0.0025034906945876857,interpolado
0.469253650730146,-0.0017907992679121524,interpolado
0.46935347069413874,-0.0008361149848411021,interpolado
0.4694532906581316,0.00027576357508804527,interpolado
0.4695531106221244,0.001460037832335631,interpolado
0.4696529305861172,0.002631909207363855,interpolado
0.46975275055011,0.0037065791206348955,interpolado
0.4698525705141028,0.004599248992609134,interpolado
0.47,0.005405,original
0.47005221044208834,0.005502673787755443,interpolado
0.4701520304060811,0.005418242911322337,interpolado
0.470251850370074,0.005022053587270256,interpolado
0.4703516703340668,0.004366818446592426,interpolado
0.47045149029805955,0.003505250120280949,interpolado
0.4705513102620523,0.00249006123932957,interpolado
0.4706511302260451,0.0013739644347306305,interpolado
0.470750950190038,0.00020967233747624513,interpolado
0.4708507701540307,-0.0009501024214395039,interpolado
0.471,-0.002561,original
0.47105041008201637,-0.00304643133579923,interpolado
0.47115023004600914,-0.003906479615801991,interpolado
0.471250050010002,-0.004634027571868868,interpolado
0.47134986997399475,-0.005231423693709406,interpolado
0.4714496899379875,-0.005701016471034615,interpolado
0.47154950990198036,-0.006045154393554319,interpolado
0.4716493298659732,-0.006266185950979166,interpolado
0.47174914982996596,-0.006366459633019517,interpolado
0.47184896979395885,-0.006348323929385615,interpolado
0.4719487897579516,-0.0062141273297877855,interpolado
0.472,-0.006101,original
0.4721484296859371,-0.005618519553726045,interpolado
0.47224824964993,-0.005192806348613141,interpolado
0.4723480696139228,-0.004712955504230288,interpolado
0.4724478895779156,-0.004202437282751685,interpolado
0.47254770954190833,-0.0036847219463526167,interpolado
0.4726475295059011,-0.0031832797572075096,interpolado
0.47274734946989394,-0.002721580977490832,interpolado
0.4728471694338867,-0.002323095869377811,interpolado
0.4729469893978796,-0.002011294695042738,interpolado
0.473,-0.001889,original
0.4731466293258651,-0.0017159504596308407,interpolado
0.4732464492898579,-0.0017087910826364,interpolado
0.47334626925385076,-0.0017622033527380768,interpolado
0.47344608921784354,-0.0018510563353938676,interpolado
0.4735459091818363,-0.0019502190960616298,interpolado
0.4736457291458292,-0.002034560700199375,interpolado
0.47374554910982203,-0.0020789502132650775,interpolado
0.47384536907381475,-0.002058256700716645,interpolado
0.4739451890378076,-0.0019473492280119922,interpolado
0.474,-0.001839,original
0.47414482896579324,-0.0013820193292169993,interpolado
0.47424464892978596,-0.000955315014871457,interpolado
0.4743444688937788,-0.0004710007805734553,interpolado
0.4744442888577715,4.173643298834133e-05,interpolado
0.4745441088217644,0.0005537096851253304,interpolado
0.4746439287857571,0.0010357320351480487,interpolado
0.47474374874974995,0.001458616542368116,interpolado
0.47484356871374267,0.0017931762660961669,interpolado
0.47494338867773545,0.0020102242656435745,interpolado
0.475,0.00207,original
0.47514302860572105,0.0020005432329014317,interpolado
0.4752428485697139,0.001789275666224604,interpolado
0.4753426685337067,0.001470307781606022,interpolado
0.47544248849769954,0.0010664732523008435,interpolado
0.4755423084616923,0.0006006057515640344,interpolado
0.4756421284256851,9.553895265136217e-05,interpolado
0.4757419483896779,-0.0004258934711824678,interpolado
0.4758417683536707,-0.0009408578466816265,interpolado
0.4759415883176635,-0.001426520500591162,interpolado
0.476,-0.001688,original
0.47614122824564914,-0.0022313391151620667,interpolado
0.476241048209642,-0.0025426730147625155,interpolado
0.4763408681736347,-0.0027985125820037763,interpolado
0.47644068813762736,-0.003002999993459463,interpolado
0.4765405081016203,-0.0031602774257030735,interpolado
0.476640328065613,-0.0032744870553078572,interpolado
0.4767401480296058,-0.003349771058847371,interpolado
0.4768399679935986,-0.003390271612894957,interpolado
0.4769397879575914,-0.0034001308940240895,interpolado
0.477,-0.003393,original
0.47713942788557695,-0.0033412924776560844,interpolado
0.47723924784957,-0.0032711058509598337,interpolado
0.4773390678135626,-0.0031699504840874827,interpolado
0.4774388877775555,-0.0030349190631424163,interpolado
0.4775387077415484,-0.0028631042742279385,interpolado
0.47763852770554105,-0.002651598803447651,interpolado
0.477738347669534,-0.00239749533690473,interpolado
0.47783816763352677,-0.002097886560702869,interpolado
0.4779379875975196,-0.0017498651609453501,interpolado
0.478,-0.001508,original
0.4781376275255052,-0.0009104711992283755,interpolado
0.478237447489498,-0.000455663971421154,interpolado
0.47833726745349087,-1.4416043919078043e-05,interpolado
0.47843708741748353,0.0003852388790247423,interpolado
0.47853690738147636,0.0007152670931571037,interpolado
0.47863672734546914,0.0009476348942242655,interpolado
0.4787365473094619,0.0010543085779730894,interpolado
0.4788363672734547,0.0010072544401500821,interpolado
0.4789361872374474,0.000778438776501979,interpolado
0.479,0.000524,original
0.47913582716543307,-0.0003042288005893775,interpolado
0.47923564712942585,-0.0011098136482711764,interpolado
0.4793354670934186,-0.0020272378607563346,interpolado
0.47943528705741145,-0.0030074159300411264,interpolado
0.4795351070214042,-0.004001262348121962,interpolado
0.4796349269853969,-0.004959691606993581,interpolado
0.4797347469493897,-0.005833618198652855,interpolado
0.47983456691338255,-0.006573956615094657,interpolado
0.47993438687737544,-0.007131621348315367,interpolado
0.48,-0.007375,original
0.480134026805361,-0.007538575057096616,interpolado
0.4802338467693537,-0.007408865893807322,interpolado
0.48033366673334654,-0.007109114891697568,interpolado
0.48043348669733943,-0.006679439249634621,interpolado
0.4805333066613322,-0.006159956166484973,interpolado
0.4806331266253249,-0.0055907828411161445,interpolado
0.48073294658931776,-0.005012036472394786,interpolado
0.48083276655331053,-0.004463834259187529,interpolado
0.4809325865173033,-0.003986293400361922,interpolado
0.481,-0.003724,original
0.4811322264452889,-0.0033802319950341593,interpolado
0.48123204640928174,-0.003252165640089518,interpolado
0.48133186637327463,-0.0032146164473241313,interpolado
0.48143168633726735,-0.0032472137872883895,interpolado
0.4815315063012601,-0.0033295870305326677,interpolado
0.48163132626525296,-0.003441365547607227,interpolado
0.4817311462292457,-0.0035621787090624594,interpolado
0.4818309661932385,-0.003671655885448781,interpolado
0.4819307861572313,-0.0037494264473164215,interpolado
0.482,-0.003774,original
0.48213042608521695,-0.0037405703515185997,interpolado
0.4822302460492097,-0.003655939058529376,interpolado
0.48233006601320255,-0.003533841615214471,interpolado
0.4824298859771954,-0.0033867360350555696,interpolado
0.4825297059411882,-0.003227080331534062,interpolado
0.48262952590518093,-0.0030673325181316755,interpolado
0.48272934586917376,-0.0029199506083298662,interpolado
0.48282916583316654,-0.002797392615610116,interpolado
0.48292898579715937,-0.0027121165534541095,interpolado
0.483,-0.002681,original
0.48312862572514503,-0.002693030905813936,interpolado
0.4832284456891378,-0.002747353060499752,interpolado
0.48332826565313075,-0.0028232547744653025,interpolado
0.48342808561712347,-0.002904558616200917,interpolado
0.4835279055811163,-0.002975087154197088,interpolado
0.4836277255451091,-0.0030186629569441507,interpolado
0.4837275455091018,-0.003019108592932571,interpolado
0.48382736547309463,-0.002960246630652718,interpolado
0.48392718543708735,-0.0028258996385950703,interpolado
0.484,-0.002671,original
0.484126825365073,-0.0022816467787905794,interpolado
0.4842266453290657,-0.0018972401546330424,interpolado
0.4843264652930586,-0.00147629715097987,interpolado
0.4844262852570513,-0.0010482939371904852,interpolado
0.4845261052210441,-0.0006427066826233934,interpolado
0.48462592518503694,-0.00028901155663800065,interpolado
0.48472574514902966,-1.6684728593016965e-05,interpolado
0.48482556511302244,0.00014479763215266626,interpolado
0.48492538507701516,0.00016595935623991455,interpolado
0.485,7.25e-05,original
0.4851250250050009,-0.0003038406521929604,interpolado
0.48522484496899376,-0.0007516905857743047,interpolado
0.48532466493298654,-0.0012738196212358577,interpolado
0.4854244848969793,-0.001818040974292838,interpolado
0.4855243048609722,-0.0023321678606613478,interpolado
0.48562412482496503,-0.0027640134960574187,interpolado
0.485723944788958,-0.0030613910961963735,interpolado
0.48582376475295075,-0.003172113876794301,interpolado
0.4859235847169434,-0.003043995053566883,interpolado
0.486,-0.002752,original
0.4861232246449293,-0.001903065285484505,interpolado
0.486223044608922,-0.0009453748809660602,interpolado
0.4863228645729149,0.00017070627890649313,interpolado
0.48642268453690757,0.001367939153466629,interpolado
0.48652250450090034,0.0025690847020496815,interpolado
0.4866223244648931,0.0036969038839909894,interpolado
0.48672214442888584,0.004674157658624019,interpolado
0.4868219643928787,0.005423606985284507,interpolado
0.4869217843568715,0.005868012823306339,interpolado
0.487,0.005953,original
0.4871214242848571,0.005577611374008816,interpolado
0.48722124424884977,0.004870028647325807,interpolado
0.48732106421284266,0.003879982786794351,interpolado
0.48742088417683543,0.00267981587490419,interpolado
0.4875207041408281,0.0013418699941434452,interpolado
0.48762052410482093,-6.151277300005839e-05,interpolado
0.48772034406881376,-0.0014579903440361257,interpolado
0.4878201640328066,-0.002775220636477618,interpolado
0.4879199839967994,-0.003940861567834436,interpolado
0.488,-0.004717,original
0.4881196239247851,-0.0055530094538490515,interpolado
0.48821944388877775,-0.005959174537974863,interpolado
0.4883192638527706,-0.0061160005696691885,interpolado
0.4884190838167633,-0.0060383083658642036,interpolado
0.48851890378075613,-0.005740918743492408,interpolado
0.488618723744749,-0.005238652519485812,interpolado
0.4887185437087418,-0.004546330510777324,interpolado
0.4888183636727346,-0.0036787735342985396,interpolado
0.4889181836367275,-0.00265080240698277,interpolado
0.489,-0.001699,original
0.489117823564713,-0.00018746457616197572,interpolado
0.48921764352870584,0.0011555946606963937,interpolado
0.48931746349269867,0.0024839325631119216,interpolado
0.48941728345669144,0.0037295938871670996,interpolado
0.48951710342068416,0.004824623388946675,interpolado
0.489616923384677,0.005701065824535057,interpolado
0.48971674334866977,0.006290965950015246,interpolado
0.4898165633126626,0.006526368521471807,interpolado
0.48991638327665543,0.006339318294988453,interpolado
0.49,0.005808,original
0.4901160232046409,0.004474692472876976,interpolado
0.4902158431686338,0.0028771540346627625,interpolado
0.4903156631326266,0.0009873254452581835,interpolado
0.4904154830966195,-0.0010768450845845168,interpolado
0.4905153030606121,-0.003197409344116219,interpolado
0.49061512302460486,-0.005256419122587925,interpolado
0.49071494298859775,-0.007135926209247203,interpolado
0.49081476295259047,-0.008717982393345897,interpolado
0.49091458291658335,-0.0098846394641321,interpolado
0.491,-0.010464,original
0.49111422284456885,-0.0105527401519399,interpolado
0.4912140428085617,-0.010060018452603889,interpolado
0.49131386277255445,-0.009133284307438802,interpolado
0.4914136827365473,-0.007865932099834745,interpolado
0.4915135027005401,-0.00635135621318406,interpolado
0.4916133226645329,-0.004682951030876056,interpolado
0.49171314262852567,-0.002954110936303525,interpolado
0.49181296259251844,-0.0012582303128564566,interpolado
0.49191278255651133,0.0003112964560750773,interpolado
0.492,0.001506,original
0.492112422484497,0.0027269725532752544,interpolado
0.49221224244848977,0.003524705447653713,interpolado
0.4923120624124826,0.004083817950362108,interpolado
0.4924118823764753,0.004433813121184523,interpolado
0.49251170234046804,0.0046041940199045275,interpolado
0.4926115223044609,0.00462446370630629,interpolado
0.49271134226845376,0.0045241252401737415,interpolado
0.49281116223244653,0.004332681681290878,interpolado
0.4929109821964394,0.004079636089441492,interpolado
0.493,0.003826,original
0.49311062212442497,0.0035001692389401845,interpolado
0.49321044208841763,0.003200605323754925,interpolado
0.49331026205241063,0.002896281705889849,interpolado
0.49341008201640335,0.002587686440836179,interpolado
0.4935099019803961,0.0022753075840856543,interpolado
0.4936097219443889,0.001959633191129325,interpolado
0.49370954190838173,0.001641151317458938,interpolado
0.4938093618723746,0.0013203500185657142,interpolado
0.49390918183636734,0.0009977173499408694,interpolado
0.494,0.000703,original
0.49410882176435283,0.0003506798166308117,interpolado
0.4942086417283458,3.6184186251964336e-05,interpolado
0.49430846169233844,-0.0002610613779200379,interpolado
0.49440828165633127,-0.0005323737314463149,interpolado
0.494508101620324,-0.0007690697298875391,interpolado
0.4946079215843169,-0.0009624662288049419,interpolado
0.49470774154830965,-0.0011038800837592823,interpolado
0.49480756151230243,-0.0011846281503116586,interpolado
0.49490738147629526,-0.001196027284023034,interpolado
0.495,-0.001137,original
0.4951070214042809,-0.0009794623707035323,interpolado
0.4952068413682737,-0.0007519624783674151,interpolado
0.49530666133226653,-0.00045484416869570404,interpolado
0.4954064812962593,-9.605590608617847e-05,interpolado
0.495506301260252,0.00031645384506276674,interpolado
0.49560612122424497,0.0007747366203535856,interpolado
0.4957059411882377,0.0012708439553877728,interpolado
0.4958057611522305,0.0017968273857675763,interpolado
0.49590558111622335,0.0023447384470953116,interpolado
0.496,0.002876,original
0.49610522104420907,0.0034717846969286852,interpolado
0.49620504100820173,0.0040200932706996465,interpolado
0.4963048609721946,0.004529441869942304,interpolado
0.4964046809361874,0.004977718342264666,interpolado
0.4965045009001801,0.005342810535274008,interpolado
0.49660432086417294,0.005602606296578488,interpolado
0.49670414082816566,0.005734993473785592,interpolado
0.4968039607921586,0.005717859914503277,interpolado
0.49690378075615144,0.005529093466339167,interpolado
0.497,0.005164,original
0.4971034206841369,0.0045595809723251515,interpolado
0.4972032406481296,0.003798149531612059,interpolado
0.4973030606121225,0.0029015031686761366,interpolado
0.49740288057611537,0.0019088569176767798,interpolado
0.49750270054010803,0.0008594258127754542,interpolado
0.49760252050410086,-0.00020757511186802758,interpolado
0.49770234046809375,-0.0012529308220938845,interpolado
0.4978021604320865,-0.002237426283740596,interpolado
0.49790198039607936,-0.003121846462648864,interpolado
0.498,-0.003855,original
0.4981016203240649,-0.004433600835606214,interpolado
0.4982014402880577,-0.004782504961335254,interpolado
0.49830126025205046,-0.00487447366768372,interpolado
0.49840108021604335,-0.004670291920491319,interpolado
0.49850090018003607,-0.004130744685597914,interpolado
0.4986007201440289,-0.003216616928843138,interpolado
0.4987005401080217,-0.0018886936160657872,interpolado
0.49880036007201445,-0.00010775971310696868,interpolado
0.4989001800360072,0.002165399814195679,interpolado
0.499,0.00497,original
