Time - Voltage_1,Amplitude - Voltage_1,tipo_valor
0.0,-0.005891,original
9.981996399279867e-05,-0.005321490702135006,interpolado
0.00019963992798559732,-0.0048204017708015235,interpolado
0.000299459891978396,-0.004383050928848228,interpolado
0.00039927985597119453,-0.004004755899123791,interpolado
0.0004990998199639931,-0.0036808344044768943,interpolado
0.0005989197839567919,-0.0034066041677562127,interpolado
0.0006987397479495905,-0.0031773829118104226,interpolado
0.0007985597119423888,-0.002988488359488199,interpolado
0.0008983796759351872,-0.002835238233638219,interpolado
0.001,-0.002711,original
0.0010980196039207845,-0.0026169421527496976,interpolado
0.0011978395679135832,-0.0025425316434085077,interpolado
0.0012976595319063818,-0.002485036451934266,interpolado
0.0013974794958991803,-0.0024397743011756504,interpolado
0.0014972994598919786,-0.002402062913981336,interpolado
0.0015971194238847772,-0.0023672200132,interpolado
0.0016969393878775757,-0.002330563321680317,interpolado
0.0017967593518703746,-0.002287410562270965,interpolado
0.001896579315863173,-0.0022330794578206206,interpolado
0.002,-0.00216,original
0.00209621924384877,-0.0020739860904747933,interpolado
0.0021960392078415694,-0.0019716958111347747,interpolado
0.002295859171834368,-0.0018636139055131908,interpolado
0.002395679135827166,-0.0017573374820250435,interpolado
0.0024954990998199648,-0.0016604636490853341,interpolado
0.0025953190638127637,-0.0015805895151090618,interpolado
0.0026951390278055617,-0.0015253121885112275,interpolado
0.002794958991798361,-0.0015022287777068306,interpolado
0.0028947789557911595,-0.0015189363911108718,interpolado
0.003,-0.001588,original
0.003094418883776757,-0.0016963273321286604,interpolado
0.0031942388477695545,-0.0018334038435063114,interpolado
0.0032940588117623534,-0.0019608404239494417,interpolado
0.0033938787757551514,-0.002045214743137028,interpolado
0.0034936987397479503,-0.00205310447074805,interpolado
0.0035935187037407475,-0.0019510872764614844,interpolado
0.003693338667733547,-0.0017057408299563114,interpolado
0.0037931586317263444,-0.00128364280091151,interpolado
0.003892978595719143,-0.0006513708590060547,interpolado
0.004,0.000298,original
0.004092618523704739,0.0013637934834671765,interpolado
0.004192438487697538,0.0027188069174180676,interpolado
0.004292258451690337,0.004220884484811173,interpolado
0.0043920784156831335,0.005801366653960711,interpolado
0.004491898379675935,0.0073915938931809096,interpolado
0.004591718343668733,0.008922906670785947,interpolado
0.00469153830766153,0.010326645455090058,interpolado
0.00479135827165433,0.011534150714407432,interpolado
0.004891178235647129,0.012476762917052287,interpolado
0.005,0.013122,original
0.005090818163632725,0.013308481119619726,interpolado
0.005190638127625526,0.013174888187054914,interpolado
0.005290458091618324,0.012742333039210345,interpolado
0.005390278055611122,0.01206812037850289,interpolado
0.0054900980196039215,0.011209554907349402,interpolado
0.00558991798359672,0.010223941328166754,interpolado
0.005689737947589518,0.009168584343371804,interpolado
0.005789557911582318,0.008100788655381403,interpolado
0.005889377875575115,0.0070778589666124336,interpolado
0.006,0.006066,original
0.006089017803560713,0.0053873033793538526,interpolado
0.006188837767553511,0.004770044942005283,interpolado
0.00628865773154631,0.004290624044400167,interpolado
0.006388477695539108,0.003934324851557539,interpolado
0.006488297659531905,0.003686431528496415,interpolado
0.006588117623524705,0.003532228240235819,interpolado
0.006687937587517502,0.0034569991517947748,interpolado
0.006787757551510303,0.0034460284281923052,interpolado
0.006887577515503101,0.0034846002344474333,interpolado
0.007,0.003569,original
0.007087217443488696,0.0036525046790334263,interpolado
0.007187037407481496,0.003760241013046641,interpolado
0.007286857371474294,0.0038754529950394798,interpolado
0.007386677335467093,0.003992388889030884,interpolado
0.007486497299459892,0.004105296959039788,interpolado
0.0075863172634526915,0.0042084254690851345,interpolado
0.00768613722744549,0.004296022683185861,interpolado
0.007785957191438287,0.004362336865360904,interpolado
0.007885777155431088,0.004401616279629209,interpolado
0.008,0.004406,original
0.008085417083416686,0.0043764988787942894,interpolado
0.008185237047409484,0.004304165222198036,interpolado
0.008285057011402286,0.0041895199909879124,interpolado
0.008384876975395084,0.004030977041484518,interpolado
0.008484696939387882,0.0038269502300084636,interpolado
0.00858451690338068,0.0035758534128803405,interpolado
0.00868433686737348,0.003276100446420759,interpolado
0.00878415683136628,0.002926105186950326,interpolado
0.008883976795359077,0.002524281490789631,interpolado
0.009,0.00199,original
0.009083616723344675,0.001560968371319521,interpolado
0.00918343668733747,0.0010148273904127517,interpolado
0.009283256651330271,0.00045110925603547244,interpolado
0.009383076615323067,-0.0001096812996893785,interpolado
0.009482896579315865,-0.0006470395446388627,interpolado
0.009582716543308663,-0.0011404607466900679,interpolado
0.009682536507301462,-0.0015694401737200556,interpolado
0.009782356471294258,-0.0019134730936058906,interpolado
0.00988217643528706,-0.002152054774224655,interpolado
0.01,-0.00227,original
0.010081816363272652,-0.002234953636625872,interpolado
0.010181636327265452,-0.002074995467989255,interpolado
0.01028145629125825,-0.0018090214829786352,interpolado
0.01038127625525105,-0.0014612909597585399,interpolado
0.010481096219243848,-0.001056063176493506,interpolado
0.010580916183236646,-0.000617597411348048,interpolado
0.010680736147229445,-0.0001701529424866987,interpolado
0.010780556111222242,0.000262010951926004,interpolado
0.01088037607521504,0.0006546349937255479,interpolado
0.011,0.001039,original
0.01108001600320064,0.0012268784518034007,interpolado
0.011179835967193439,0.0013827830886179978,interpolado
0.011279655931186237,0.0014577668824297173,interpolado
0.011379475895179035,0.0014584631079237907,interpolado
0.011479295859171835,0.0013915050397854468,interpolado
0.011579115823164633,0.0012635259526999167,interpolado
0.011678935787157431,0.001081159121352433,interpolado
0.01177875575115023,0.0008510378204282198,interpolado
0.01187857571514303,0.0005797953246125094,interpolado
0.012,0.000204,original
0.012078215643128627,-5.7945634829769185e-05,interpolado
0.012178035607121426,-0.00039575763256647826,interpolado
0.012277855571114226,-0.0007131342106800559,interpolado
0.01237767553510702,-0.0009838053142930416,interpolado
0.012477495499099822,-0.0011815008885279908,interpolado
0.01257731546309262,-0.0012799508785074417,interpolado
0.012677135427085416,-0.0012528852293539425,interpolado
0.012776955391078218,-0.0010740338861900353,interpolado
0.012876775355071018,-0.0007171267941382656,interpolado
0.013,8.1e-06,original
0.013076415283056614,0.0006285539763435931,interpolado
0.013176235247049412,0.0015940884236062384,interpolado
0.01327605521104221,0.0026684793438882617,interpolado
0.013375875175035011,0.003779284569372759,interpolado
0.01347569513902781,0.00485406193224277,interpolado
0.013575515103020611,0.005820369264681352,interpolado
0.01367533506701341,0.006605764398871551,interpolado
0.013775155031006209,0.00713780516699645,interpolado
0.01387497499499901,0.007344049401239096,interpolado
0.014,0.007032,original
0.014074614922984603,0.0065013084851084,interpolado
0.014174434886977401,0.005435994545275859,interpolado
0.014274254850970199,0.004054577801791715,interpolado
0.014374074814962995,0.002455982759256066,interpolado
0.014473894778955797,0.0007391339222690807,interpolado
0.014573714742948593,-0.00099704420456907,interpolado
0.01467353470694139,-0.0026536271166582954,interpolado
0.014773354670934187,-0.004131690309398429,interpolado
0.014873174634926982,-0.005332309278189306,interpolado
0.015,-0.006302,original
0.01507281456291258,-0.006516806811217608,interpolado
0.01517263452690538,-0.006430719990526133,interpolado
0.015272454490898178,-0.005973321979935624,interpolado
0.015372274454890979,-0.005220211675973328,interpolado
0.015472094418883775,-0.004246987975166488,interpolado
0.015571914382876577,-0.0031292497740423807,interpolado
0.015671734346869373,-0.001942595969128208,interpolado
0.015771554310862173,-0.0007626254569512583,interpolado
0.015871374274854976,0.0003350628659612806,interpolado
0.016,0.001506,original
0.016071014202840572,0.0019870445440673358,interpolado
0.016170834166833372,0.0024598478088470504,interpolado
0.016270654130826165,0.002714725691555405,interpolado
0.01637047409481896,0.0027735142421028143,interpolado
0.016470294058811764,0.002658049510399662,interpolado
0.016570114022804557,0.0023901675463563485,interpolado
0.016669933986797354,0.0019917043998832653,interpolado
0.016769753950790153,0.0014844961208907844,interpolado
0.016869573914782953,0.000890378759289334,interpolado
0.017,1.94e-05,original
0.017069213842768553,-0.0004713999676812679,interpolado
0.017169033806761345,-0.0011974118093083194,interpolado
0.01726885377075415,-0.0019278940736365277,interpolado
0.017368673734746952,-0.0026439075916160405,interpolado
0.01746849369873975,-0.0033265131941969286,interpolado
0.017568313662732548,-0.003956771712329342,interpolado
0.01766813362672535,-0.004515743976963423,interpolado
0.017767953590718144,-0.004984490819049253,interpolado
0.017867773554710947,-0.005344073069536989,interpolado
0.018,-0.00562,original
0.018067413482696543,-0.005662416619073552,interpolado
0.01816723344668934,-0.005615529651759465,interpolado
0.018267053410682136,-0.005463005450866616,interpolado
0.01836687337467494,-0.005233228690736525,interpolado
0.01846669333866774,-0.004954584045710695,interpolado
0.018566513302660535,-0.004655456190130669,interpolado
0.018666333266653328,-0.004364229798337952,interpolado
0.01876615323064613,-0.004109289544674056,interpolado
0.018865973194638928,-0.0039190201034805154,interpolado
0.019,-0.003815,original
0.019065613122624524,-0.0038433703387259466,interpolado
0.01916543308661732,-0.003977415048445703,interpolado
0.019265253050610116,-0.004196462560216229,interpolado
0.019365073014602913,-0.004472657950815526,interpolado
0.019464892978595716,-0.004778146297021566,interpolado
0.019564712942588512,-0.005085072675612345,interpolado
0.019664532906581312,-0.005365582163365864,interpolado
0.01976435287057411,-0.005591819837060095,interpolado
0.019864172834566908,-0.005735930773473035,interpolado
0.02,-0.00575,original
0.02006381276255251,-0.005668880519891806,interpolado
0.020163632726545307,-0.005439575242045542,interpolado
0.02026345269053811,-0.005111887510660186,interpolado
0.02036327265453091,-0.0047160147550057985,interpolado
0.02046309261852371,-0.004282154404352406,interpolado
0.02056291258251651,-0.003840503887970033,interpolado
0.020662732546509306,-0.003421260635128746,interpolado
0.02076255251050211,-0.0030546220750985566,interpolado
0.02086237247449491,-0.0027707856371495267,interpolado
0.021,-0.002571,original
0.02106201240248051,-0.002569741637224802,interpolado
0.021161832366473305,-0.002672436399312207,interpolado
0.021261652330466105,-0.002874568814522103,interpolado
0.0213614722944589,-0.0031420928772254494,interpolado
0.021461292258451697,-0.0034409625817931767,interpolado
0.021561112222444494,-0.003737131922596243,interpolado
0.02166093218643729,-0.003996554894005605,interpolado
0.02176075215043009,-0.004185185490392196,interpolado
0.021860572114422883,-0.00426897770612697,interpolado
0.022,-0.004146,original
0.02206021204240848,-0.003988651792439667,interpolado
0.022160032006401275,-0.003603222953862255,interpolado
0.022259851970394078,-0.0030989976052539846,interpolado
0.02235967193438687,-0.002518168141830152,interpolado
0.022459491898379667,-0.0019029269588060052,interpolado
0.022559311862372467,-0.0012954664513967864,interpolado
0.022659131826365267,-0.0007379790148177982,interpolado
0.02275895179035806,-0.00027265704428428375,interpolado
0.022858771754350866,5.830706498850607e-05,interpolado
0.023,0.000215,original
0.02305841168233646,0.00015192281680915354,interpolado
0.023158231646329266,-0.00010668718693653501,interpolado
0.023258051610322066,-0.000500837437687128,interpolado
0.023357871574314865,-0.0009669984465070475,interpolado
0.02345769153830767,-0.0014416407244607268,interpolado
0.023557511502300465,-0.0018612347826125466,interpolado
0.02365733146629326,-0.0021622511320269428,interpolado
0.02375715143028606,-0.0022811602837683295,interpolado
0.023856971394278864,-0.002154432748901115,interpolado
0.024,-0.001418,original
0.024056611322264457,-0.0009148022046335905,interpolado
0.024156431286257257,0.00023248131818500028,interpolado
0.024256251250250056,0.0016293876278483282,interpolado
0.024356071214242853,0.003179835221095442,interpolado
0.024455891178235652,0.0047877425946655375,interpolado
0.02455571114222845,0.006357028245297815,interpolado
0.02465553110622125,0.007791610669731313,interpolado
0.024755351070214045,0.008995408364705236,interpolado
0.024855171034206848,0.009872339826958757,interpolado
0.025,0.010367,original
0.02505481096219244,0.010266508683834379,interpolado
0.025154630926185237,0.009698568782825186,interpolado
0.02525445089017804,0.008713090198890792,interpolado
0.025354270854170833,0.007403555630395771,interpolado
0.025454090818163633,0.005863447775704667,interpolado
0.025553910782156432,0.004186249333182177,interpolado
0.02565373074614923,0.002465443001192843,interpolado
0.02575355071014203,0.0007945114781012003,interpolado
0.02585337067413483,-0.0007330625377280385,interpolado
0.026,-0.002521,original
0.02605301060212042,-0.002987700386863314,interpolado
0.026152830566113224,-0.0036045187414578714,interpolado
0.026252650530106014,-0.003918299947180346,interpolado
0.02635247049409882,-0.003975497594635341,interpolado
0.026452290458091617,-0.0038225652744274465,interpolado
0.026552110422084416,-0.003505956577161278,interpolado
0.026651930386077216,-0.0030721250934414184,interpolado
0.026751750350070016,-0.0025675244138725,interpolado
0.026851570314062816,-0.0020386081290591127,interpolado
0.027,-0.001307,original
0.02705121024204842,-0.0010918829579757497,interpolado
0.02715103020604122,-0.0007253502573794184,interpolado
0.02725085017003401,-0.00040197711675533037,interpolado
0.02735067013402681,-9.000353809396599e-05,interpolado
0.027450490098019614,0.0002423304766141935,interpolado
0.02755031006201241,0.0006267849253786325,interpolado
0.027650130026005214,0.0010951198062088688,interpolado
0.027749949989998014,0.0016790951171144312,interpolado
0.02784976995399081,0.0024104708561047874,interpolado
0.027949589917983606,0.003321007021189461,interpolado
0.028,0.003859,original
0.028149229845969206,0.005744518750081629,interpolado
0.028249049809962005,0.007156604602121416,interpolado
0.028348869773954805,0.008596746669968193,interpolado
0.028448689737947598,0.009985223861703347,interpolado
0.0285485097019404,0.01124231508540843,interpolado
0.028648329665933194,0.012288299249164959,interpolado
0.028748149629925987,0.01304345526105436,interpolado
0.028847969593918794,0.013428062029158168,interpolado
0.028947789557911587,0.013362398461557862,interpolado
0.029,0.013122,original
0.02914742948589718,0.011662464484415613,interpolado
0.029247249449889975,0.01014339524113823,interpolado
0.02934706941388278,0.008321476477002246,interpolado
0.029446889377875568,0.006305244613096565,interpolado
0.029546709341868368,0.004203236070510067,interpolado
0.029646529305861168,0.0021239872703318497,interpolado
0.029746349269853964,0.00017603463365078824,interpolado
0.02984616923384676,-0.0015320854184442162,interpolado
0.02994598919783956,-0.0028918364648640913,interpolado
0.03,-0.003444,original
0.03014562912582516,-0.004226752146731714,interpolado
0.030245449089817963,-0.004248758329144516,interpolado
0.03034526905381076,-0.0039380277352053525,interpolado
0.030445089017803562,-0.0033689409600646688,interpolado
0.030544908981796355,-0.002615878598872976,interpolado
0.030644728945789155,-0.001753221246780695,interpolado
0.030744548909781958,-0.0008553494989383592,interpolado
0.03084436887377475,3.3560495035885518e-06,interpolado
0.030944188837767558,0.0007485148033947038,interpolado
0.031,0.001088,original
0.03114382876575315,0.0016544261654650066,interpolado
0.03124364872974596,0.0018202330631964662,interpolado
0.03134346869373875,0.0018381459491552008,interpolado
0.03144328865773155,0.0017416039379827264,interpolado
0.03154310862172435,0.0015640461443205504,interpolado
0.031642928585717156,0.0013389116828101803,interpolado
0.03174274854970995,0.0010996396680931064,interpolado
0.03184256851370275,0.0008796692148108708,interpolado
0.03194238847769555,0.0007124394376049644,interpolado
0.032,0.000653,original
0.03214202840568114,0.0006456745307163372,interpolado
0.03224184836967394,0.0007416847503330096,interpolado
0.03234166833366674,0.0009016399513909456,interpolado
0.03244148829765954,0.00110839734245445,interpolado
0.03254130826165234,0.0013448141320878228,interpolado
0.032641128225645126,0.0015937475288553644,interpolado
0.03274094818963792,0.0018380547413213758,interpolado
0.03284076815363072,0.0020605929780501716,interpolado
0.03294058811762353,0.0022442194476060212,interpolado
0.033,0.002328,original
0.03314022804560912,0.002440106664344326,interpolado
0.03324004800960192,0.0024601322930107505,interpolado
0.033339867973594714,0.0024452296825562873,interpolado
0.03343968793758752,0.0024084267017149227,interpolado
0.03353950790158032,0.002362751219220651,interpolado
0.03363932786557312,0.0023212311038074574,interpolado
0.03373914782956591,0.002296894224209332,interpolado
0.033838967793558716,0.002302768449160262,interpolado
0.033938787757551506,0.002351881647394236,interpolado
0.034,0.002409,original
0.03413842768553711,0.0026119657113799133,interpolado
0.03423824764952991,0.0027871189763306356,interpolado
0.034338067613522705,0.002950386913104714,interpolado
0.0344378875775155,0.0030698682112409842,interpolado
0.0345377075415083,0.0031136615602782836,interpolado
0.0346375275055011,0.0030498656497554414,interpolado
0.03473734746949389,0.0028465791692112996,interpolado
0.03483716743348669,0.002471900808184698,interpolado
0.03493698739747949,0.0018939292562144706,interpolado
0.035,0.00141,original
0.035136627325465096,4.505331713550231e-05,interpolado
0.03523644728945789,-0.0011478398963543812,interpolado
0.035336267253450696,-0.0024247010558554956,interpolado
0.03543608721744349,-0.0037131858602371145,interpolado
0.03553590718143629,-0.004940950008368438,interpolado
0.03563572714542908,-0.006035649199118658,interpolado
0.03573554710942189,-0.006924939131357029,interpolado
0.03583536707341469,-0.007536475503952611,interpolado
0.03593518703740749,-0.007797914015774679,interpolado
0.036,-0.007746,original
0.036134826965393094,-0.0070444399432652086,interpolado
0.03623464692938588,-0.006091973857967659,interpolado
0.036334466893378686,-0.004862450448233971,interpolado
0.03643428685737148,-0.003437699711901523,interpolado
0.036534106821364286,-0.0018995516468074479,interpolado
0.036633926785357075,-0.00032983625078895185,interpolado
0.03673374674934987,0.0011896164783167604,interpolado
0.036833566713342675,0.002576976542672479,interpolado
0.03693338667733548,0.0037504139444410663,interpolado
0.037,0.004374,original
0.037133026605321064,0.005174859346103365,interpolado
0.03723284656931387,0.005419112199116658,interpolado
0.037332666533306656,0.005398035216750114,interpolado
0.03743248649729945,0.005148080614619738,interpolado
0.03753230646129226,0.0047057006083415,interpolado
0.03763212642528505,0.004107347413531467,interpolado
0.03773194638927785,0.0033894732458056185,interpolado
0.03783176635327065,0.0025885303207799637,interpolado
0.03793158631726345,0.0017409708540705045,interpolado
0.038,0.001152,original
0.03813122624524904,4.3465312650872034e-05,interpolado
0.038231046209241844,-0.0007624363590023652,interpolado
0.03833086617323465,-0.0015201601522575059,interpolado
0.03843068613722745,-0.002215293857341555,interpolado
0.03853050610122025,-0.0028334252644815192,interpolado
0.03863032606521305,-0.003360142163904438,interpolado
0.038730146029205846,-0.0037810323458372444,interpolado
0.038829965993198635,-0.004081683600506982,interpolado
0.03892978595719144,-0.00424768371814066,interpolado
0.039,-0.004276,original
0.039129425885177045,-0.0041342563917459016,interpolado
0.03922924584916984,-0.0038835380223976794,interpolado
0.03932906581316264,-0.00354276890637031,interpolado
0.039428885777155434,-0.003142058967830566,interpolado
0.03952870574114822,-0.002711518130945232,interpolado
0.039628525705141034,-0.0022812563198810936,interpolado
0.03972834566913384,-0.0018813834588049373,interpolado
0.03982816563312663,-0.001542009471883528,interpolado
0.03992798559711943,-0.001293244283283698,interpolado
0.04,-0.001187,original
0.040127625525105015,-0.001169417233401841,interpolado
0.040227445489097825,-0.001286634795026826,interpolado
0.04032726545309062,-0.0014934799591583673,interpolado
0.040427085417083425,-0.0017667741492169322,interpolado
0.04052690538107623,-0.0020833387886229275,interpolado
0.04062672534506901,-0.002419995300796817,interpolado
0.04072654530906182,-0.0027535651091590467,interpolado
0.04082636527305462,-0.003060869637130063,interpolado
0.040926185237047406,-0.003318730308130312,interpolado
0.041,-0.003464,original
0.04112582516503301,-0.003605676185906424,interpolado
0.0412256451290258,-0.003634631025910966,interpolado
0.041325465093018605,-0.003604521515132299,interpolado
0.04142528505701141,-0.0035289277759628333,interpolado
0.04152510502100421,-0.0034214299307949777,interpolado
0.041624924984997015,-0.0032956081020211617,interpolado
0.041724744948989805,-0.0031650424120337906,interpolado
0.04182456491298261,-0.003043312983225282,interpolado
0.0419243848769754,-0.0029439999379880463,interpolado
0.042,-0.002892,original
0.04212402480496101,-0.0028586750747256924,interpolado
0.0422238447689538,-0.0028677490141397646,interpolado
0.0423236647329466,-0.0028955596222326407,interpolado
0.0424234846969394,-0.0029298227657876194,interpolado
0.042523304660932196,-0.002958254311587998,interpolado
0.04262312462492499,-0.0029685701264170754,interpolado
0.04272294458891779,-0.002948486077058146,interpolado
0.042822764552910585,-0.0028857180302945128,interpolado
0.04292258451690339,-0.002767981852909472,interpolado
0.043,-0.002631,original
0.04312222444488898,-0.0023240186250764647,interpolado
0.04322204440888176,-0.0019954000642648084,interpolado
0.04332186437287459,-0.0016030273209434024,interpolado
0.04342168433686737,-0.001152755802443587,interpolado
0.043521504300860166,-0.0006504409160966234,interpolado
0.043621324264852976,-0.00010193806923379864,interpolado
0.04372114422884576,0.0004868973308135993,interpolado
0.04382096419283857,0.0011102098767142854,interpolado
0.04392078415683137,0.0017621441611370176,interpolado
0.044,0.002296,original
0.044120424084816964,0.003120755634655634,interpolado
0.044220244048809754,0.003784014614887355,interpolado
0.04432006401280256,0.00439441339409196,interpolado
0.04441988397679535,0.004919782219069171,interpolado
0.044519703940788156,0.005327951336618729,interpolado
0.04461952390478095,0.0055867509935403,interpolado
0.04471934386877376,0.00566401143663364,interpolado
0.044819163832766545,0.005527562912698465,interpolado
0.044918983796759356,0.005145235668534502,interpolado
0.045,0.004632,original
0.04511862372474495,0.0035448105302762177,interpolado
0.04521844368873775,0.0023920220676409607,interpolado
0.04531826365273055,0.0011036463515701669,interpolado
0.045418083616723344,-0.0002432864908089753,interpolado
0.04551790358071613,-0.001571746332369283,interpolado
0.04561772354470895,-0.002804703045983657,interpolado
0.04571754350870173,-0.0038651265045247336,interpolado
0.045817363472694536,-0.004675986580865422,interpolado
0.045917183436687325,-0.005160253147878537,interpolado
0.046,-0.005259,original
0.046116823364672925,-0.0048818701875735565,interpolado
0.04621664332866572,-0.004144569800327975,interpolado
0.046316463292658525,-0.0031054958615433915,interpolado
0.04641628325665133,-0.0018410229464770086,interpolado
0.04651610322064412,-0.0004275256303860692,interpolado
0.04661592318463692,0.0010586215114721897,interpolado
0.046715743148629724,0.0025410439038405226,interpolado
0.04681556311262252,0.003943366971461783,interpolado
0.046915383076615316,0.00518921613907853,interpolado
0.047,0.006066,original
0.04711502300460093,0.0069335974674658235,interpolado
0.04721484296859371,0.007404047293035036,interpolado
0.04731466293258652,0.007645499897520451,interpolado
0.047414482896579326,0.007689825133034313,interpolado
0.047514302860572115,0.007568892851688871,interpolado
0.04761412282456492,0.007314572905596391,interpolado
0.047713942788557714,0.006958735146869126,interpolado
0.04781376275255052,0.006533249427619329,interpolado
0.047913582716543314,0.0060699855999592515,interpolado
0.048,0.005663,original
0.048113222644528914,0.005148902970062219,interpolado
0.04821304260852171,0.004714264883050432,interpolado
0.048312862572514506,0.004292984116698321,interpolado
0.04841268253650731,0.0038811599637658878,interpolado
0.04851250250050011,0.0034748917170131038,interpolado
0.04861232246449291,0.003070278669200027,interpolado
0.048712142428485705,0.0026634201130866296,interpolado
0.0488119623924785,0.0022504153414329127,interpolado
0.0489117823564713,0.0018273636469988766,interpolado
0.049,0.001442,original
0.049111422284456904,0.0009393563889276041,interpolado
0.0492112422484497,0.0004850853101843375,interpolado
0.049311062212442504,4.021957451697359e-05,interpolado
0.0494108821764353,-0.0003825766651693253,interpolado
0.04951070214042809,-0.0007706392559693945,interpolado
0.049610522104420886,-0.0011113040449780706,interpolado
0.04971034206841369,-0.001391906879290207,interpolado
0.04981016203240649,-0.0015997836060006004,interpolado
0.049909981996399296,-0.0017222700722041087,interpolado
0.05,-0.001749,original
0.05010962192438488,-0.0016660577384375146,interpolado
0.05020944188837768,-0.0014900960605095121,interpolado
0.05030926185237049,-0.001231716572693996,interpolado
0.05040908181636328,-0.0009038147229051151,interpolado
0.05050890178035608,-0.0005192859590569671,interpolado
0.05060872174434887,-9.10257290636648e-05,interpolado
0.05070854170834167,0.00036807051916067855,interpolado
0.05080836167233446,0.0008451073377019503,interpolado
0.050908181636327265,0.0013271892786460714,interpolado
0.051,0.001764,original
0.051107821564312865,0.0022557908445444276,interpolado
0.051207641528305654,0.002681065745422445,interpolado
0.05130746149229845,0.003068559638182664,interpolado
0.051407281456291254,0.003409586202952216,interpolado
0.05150710142028405,0.003695459119858155,interpolado
0.05160692138427685,0.0039174920690276125,interpolado
0.05170674134826966,0.004066998730587694,interpolado
0.05180656131226244,0.004135292784665502,interpolado
0.051906381276255235,0.004113687911388145,interpolado
0.052,0.004004,original
0.05210602120424085,0.0037718502351403106,interpolado
0.052205841168233645,0.0034651669037822313,interpolado
0.05230566113222645,0.00309387719531854,interpolado
0.05240548109621924,0.00267840934482369,interpolado
0.05250530106021204,0.0022391915873721394,interpolado
0.05260512102420484,0.001796652158038314,interpolado
0.05270494098819765,0.0013712192918967324,interpolado
0.052804760952190444,0.0009833212240218203,interpolado
0.052904580916183254,0.0006533861894880341,interpolado
0.053,0.000411,original
0.05310422084416883,0.0002417505398489788,interpolado
0.05320404080816165,0.000160355707108671,interpolado
0.05330386077215444,0.0001392466995142982,interpolado
0.053403680736147235,0.00016001284616185923,interpolado
0.05350350070014003,0.00020424347614736085,interpolado
0.05360332066413282,0.00025352791856681015,interpolado
0.05370314062812563,0.00028945550251621434,interpolado
0.053802960592118435,0.0002936155570915784,interpolado
0.053902780556111224,0.0002475974113889084,interpolado
0.054,0.000137,original
0.05410242048409682,-6.302266400190737e-05,interpolado
0.05420224044808961,-0.0003325676577067893,interpolado
0.05430206041208242,-0.0006629862083258149,interpolado
0.05440188037607522,-0.0010416200291338872,interpolado
0.054501700340068016,-0.0014558108334059765,interpolado
0.05460152030406081,-0.0018929003344170326,interpolado
0.054701340268053615,-0.0023402302454420053,interpolado
0.05480116023204642,-0.002785142279755843,interpolado
0.054900980196039215,-0.0032149781506335268,interpolado
0.055,-0.003614,original
0.055100620124024814,-0.00397946435250215,interpolado
0.05520044008801761,-0.004292790431935686,interpolado
0.055300260052010414,-0.00454836009740885,interpolado
0.05540008001600321,-0.004737475636339934,interpolado
0.05549989997999602,-0.00485143933614724,interpolado
0.05559971994398881,-0.004881553484249042,interpolado
0.05569953990798162,-0.0048191203680636495,interpolado
0.05579935987197441,-0.0046554422750093504,interpolado
0.055899179835967205,-0.004381821492504444,interpolado
0.056,-0.003985,original
0.056098819763952805,-0.0034768005431734844,interpolado
0.056198639727945615,-0.0028698770811076443,interpolado
0.056298459691938404,-0.0022023881318392305,interpolado
0.056398279655931194,-0.0015079319125295917,interpolado
0.056498099619924,-0.0008201066403400762,interpolado
0.05659791958391678,-0.000172510532432033,interpolado
0.05669773954790959,0.0004012581940332271,interpolado
0.056797559511902386,0.0008676013218942718,interpolado
0.05689737947589518,0.0011929206339897976,interpolado
0.057,0.001345,original
0.05709701940388077,0.0012975447278635748,interpolado
0.05719683936787358,0.0010823754186151456,interpolado
0.057296659331866374,0.0007393327544701567,interpolado
0.057396479295859164,0.0003096397798807997,interpolado
0.057496299259851974,-0.0001654804607008019,interpolado
0.05759611922384477,-0.0006448049228225051,interpolado
0.05769593918783757,-0.0010871105620321702,interpolado
0.05779575915183038,-0.0014511743338776742,interpolado
0.05789557911582317,-0.0016957731939068236,interpolado
0.058,-0.001779,original
0.058095219043808766,-0.0016737676144802788,interpolado
0.05819503900780156,-0.0014043958709273618,interpolado
0.058294858971794365,-0.0010138718404116567,interpolado
0.05839467893578716,-0.0005444998595357444,interpolado
0.05849449889977996,-3.858426490231033e-05,interpolado
0.05859431886377275,0.0004615706068860618,interpolado
0.058694138827765543,0.0009136604192267546,interpolado
0.05879395879175835,0.001275380835517152,interpolado
0.05889377875575114,0.0015044275191546388,interpolado
0.059,0.001555,original
0.059093418683736736,0.001405672104424093,interpolado
0.05919323864772953,0.0010644391379150027,interpolado
0.059293058611722335,0.0005685410679056563,interpolado
0.05939287857571514,-4.8274928949836846e-05,interpolado
0.059492698539707935,-0.0007522616759973687,interpolado
0.05959251850370074,-0.001509671996582885,interpolado
0.05969233846769355,-0.00228675871405217,interpolado
0.05979215843168634,-0.0030497746517511655,interpolado
0.05989197839567914,-0.0037649726330257647,interpolado
0.06,-0.004446,original
0.06009161832366474,-0.00492229708424611,interpolado
0.060191438287657544,-0.005335187486059296,interpolado
0.06029125825165034,-0.005645204612281376,interpolado
0.06039107821564312,-0.00586028024167878,interpolado
0.06049089817963593,-0.005988346153017914,interpolado
0.060590718143628736,-0.006037334125065176,interpolado
0.06069053810762152,-0.006015175936586966,interpolado
0.06079035807161433,-0.005929803366349683,interpolado
0.06089017803560712,-0.005789148193119736,interpolado
0.061,-0.00558,original
0.06108981796359272,-0.005373886975996218,interpolado
0.06118963792758553,-0.005116403234536445,interpolado
0.06128945789157832,-0.0048380211718471395,interpolado
0.06138927785557113,-0.004548071223004954,interpolado
0.061489097819563916,-0.004255883823086477,interpolado
0.06158891778355671,-0.003970789407168316,interpolado
0.06168873774754952,-0.003702118410327083,interpolado
0.06178855771154231,-0.003459201267639386,interpolado
0.06188837767553511,-0.0032513684141818227,interpolado
0.062,-0.003072,original
0.0620880176035207,-0.0029756530015922983,interpolado
0.06218783756751352,-0.0029061732272679837,interpolado
0.062287657531506314,-0.0028658803895966725,interpolado
0.062387477495499104,-0.0028411375888851083,interpolado
0.06248729745949191,-0.0028183079254400314,interpolado
0.0625871174234847,-0.00278375449956819,interpolado
0.06268693738747752,-0.0027238404115763138,interpolado
0.06278675735147032,-0.002624928761771147,interpolado
0.0628865773154631,-0.0024733826504594538,interpolado
0.063,-0.00222,original
0.0630862172434487,-0.0019614317400367394,interpolado
0.0631860372074415,-0.0016026587339200236,interpolado
0.06328585717143427,-0.0011990449214169536,interpolado
0.06338567713542709,-0.0007704031723961941,interpolado
0.06348549709941989,-0.0003365463567265762,interpolado
0.06358531706341268,8.27126557230655e-05,interpolado
0.06368513702740548,0.00046756099508407076,interpolado
0.06378495699139829,0.0007981857914875616,interpolado
0.06388477695539109,0.0010547741750648524,interpolado
0.064,0.001233,original
0.06408441688337667,0.00126915056842381,interpolado
0.06418423684736949,0.0012088079722030406,interpolado
0.06428405681136226,0.0010420559036582666,interpolado
0.06438387677535506,0.0007744803328432334,interpolado
0.06448369673934787,0.00041166722981174716,interpolado
0.06458351670334066,-4.0797435382333074e-05,interpolado
0.06468333666733346,-0.000577327692685342,interpolado
0.06478315663132625,-0.0011923375720433419,interpolado
0.06488297659531905,-0.0018802411034027134,interpolado
0.065,-0.002772,original
0.06508261652330465,-0.00344902393648567,interpolado
0.06518243648729745,-0.004289259429384702,interpolado
0.06528225645129025,-0.005115030976341407,interpolado
0.06538207641528304,-0.0058851804086767386,interpolado
0.06548189637927584,-0.0065585495577112195,interpolado
0.06558171634326866,-0.007093980254765764,interpolado
0.06568153630726145,-0.007450314331160989,interpolado
0.06578135627125424,-0.007586393618217619,interpolado
0.06588117623524704,-0.007461059947256415,interpolado
0.066,-0.006914,original
0.06608081616323264,-0.006270945703258064,interpolado
0.06618063612722544,-0.0052102403221213475,interpolado
0.06628045609121826,-0.003916313302688269,interpolado
0.06638027605521105,-0.0024545614853881343,interpolado
0.06648009601920384,-0.0008903817106503458,interpolado
0.06657991598319665,0.000710829181096363,interpolado
0.06667973594718946,0.002283674349422384,interpolado
0.06677955591118223,0.003762756953898989,interpolado
0.06687937587517505,0.005082680154096774,interpolado
0.067,0.006372,original
0.06707901580316065,0.0069924381447490904,interpolado
0.06717883576715343,0.007537603291344027,interpolado
0.06727865573114623,0.007856574600238194,interpolado
0.06737847569513902,0.007992547972858066,interpolado
0.06747829565913181,0.007988719310630216,interpolado
0.06757811562312463,0.007888284514981211,interpolado
0.06767793558711742,0.00773443948733763,interpolado
0.06777775555111022,0.00757038012912599,interpolado
0.067877575515103,0.007439302341772898,interpolado
0.068,0.007387,original
0.0680772154430886,0.007442974378426403,interpolado
0.06817703540708141,0.007604800662379787,interpolado
0.06827685537107421,0.007836736517821678,interpolado
0.06837667533506701,0.008105489544559294,interpolado
0.06847649529905982,0.008377767342399983,interpolado
0.06857631526305262,0.00862027751115098,interpolado
0.06867613522704541,0.008799727650619536,interpolado
0.06877595519103821,0.008882825360612983,interpolado
0.06887577515503102,0.008836278240938567,interpolado
0.069,0.008547,original
0.06907541508301662,0.008226387653185374,interpolado
0.06917523504700944,0.007652432216281369,interpolado
0.06927505501100223,0.006945303282580942,interpolado
0.069374874974995,0.006145556426648952,interpolado
0.06947469493898781,0.005293747223049915,interpolado
0.0695745149029806,0.004430431246348793,interpolado
0.06967433486697341,0.0035961640711100803,interpolado
0.06977415483096622,0.0028315012718986374,interpolado
0.069873974794959,0.0021769984232792856,interpolado
0.07,0.001571,original
0.0700736147229446,0.0013558819357964444,interpolado
0.07017343468693742,0.0012170656786956032,interpolado
0.07027325465093019,0.0012255371012322874,interpolado
0.07037307461492301,0.0013498538655865812,interpolado
0.07047289457891581,0.001558573633938572,interpolado
0.07057271454290859,0.0018202540684682988,interpolado
0.0706725345069014,0.0021034528313559186,interpolado
0.0707723544708942,0.0023767275847814385,interpolado
0.070872174434887,0.0026086359909250185,interpolado
0.071,0.002795,original
0.07107181436287258,0.002825665903585204,interpolado
0.07117163432686538,0.0027838065762220135,interpolado
0.07127145429085818,0.002660183959929301,interpolado
0.07137127425485096,0.0024730070367081163,interpolado
0.07147109421884378,0.0022404847885595606,interpolado
0.07157091418283656,0.0019808261974847566,interpolado
0.07167073414682937,0.0017122402454847166,interpolado
0.07177055411082216,0.0014529359145605985,interpolado
0.07187037407481495,0.0012211221867134137,interpolado
0.072,0.000991,original
0.07207001400280055,0.000911303822411996,interpolado
0.07216983396679336,0.0008513240886859421,interpolado
0.07226965393078615,0.0008473350490178308,interpolado
0.07236947389477896,0.0008914872841429515,interpolado
0.07246929385877175,0.0009759313747965848,interpolado
0.07256911382276457,0.0010928179017140457,interpolado
0.07266893378675736,0.001234297445630614,interpolado
0.07276875375075015,0.0013925205872815586,interpolado
0.07286857371474297,0.0015596379074022144,interpolado
0.073,0.00178,original
0.07306821364272856,0.0018892286186159013,interpolado
0.07316803360672133,0.0020369252117010623,interpolado
0.07326785357071416,0.0021643721585794923,interpolado
0.07336767353470694,0.002265058935627907,interpolado
0.07346749349869973,0.0023324750192230364,interpolado
0.07356731346269255,0.002360109885741636,interpolado
0.07366713342668534,0.002341453011560438,interpolado
0.07376695339067814,0.002269993873056173,interpolado
0.07386677335467094,0.002139221946605578,interpolado
0.074,0.001861,original
0.07406641328265653,0.0016747012666188834,interpolado
0.07416623324664931,0.0013416626908690917,interpolado
0.07426605321064211,0.0009573189325535706,interpolado
0.07436587317463492,0.0005356056777205475,interpolado
0.0744656931386277,9.045861241827098e-05,interpolado
0.07456551310262051,-0.00036418657730519883,interpolado
0.07466533306661333,-0.0008143942054015555,interpolado
0.07476515303060613,-0.0012462285858227385,interpolado
0.07486497299459892,-0.0016457540325204472,interpolado
0.075,-0.00211,original
0.07506461292258453,-0.002292961632635414,interpolado
0.07516443288657731,-0.0025247381331414912,interpolado
0.07526425285057012,-0.0026985742317043103,interpolado
0.07536407281456291,-0.0028188134718504054,interpolado
0.07546389277855571,-0.0028897993971063914,interpolado
0.07556371274254853,-0.0029158755509988334,interpolado
0.07566353270654129,-0.0029013854770543164,interpolado
0.0757633526705341,-0.0028506727187994213,interpolado
0.0758631726345269,-0.0027680808197607445,interpolado
0.076,-0.002611,original
0.0760628125625125,-0.0025249668370877945,interpolado
0.0761626325265053,-0.00237824680584943,interpolado
0.07626245249049812,-0.002230088967048793,interpolado
0.0763622724544909,-0.0020928571746657194,interpolado
0.0764620924184837,-0.0019789152826799905,interpolado
0.07656191238247648,-0.0019006271450714522,interpolado
0.0766617323464693,-0.0018703566158199008,interpolado
0.07676155231046208,-0.0019004675489051688,interpolado
0.07686137227445489,-0.002003323798307055,interpolado
0.077,-0.00229,original
0.07706101220244047,-0.00247548058184011,interpolado
0.07716083216643328,-0.002849159466038469,interpolado
0.07726065213042609,-0.0032922428131811243,interpolado
0.07736047209441889,-0.0037843266434461876,interpolado
0.07746029205841168,-0.004305006977011979,interpolado
0.07756011202240448,-0.004833879834056544,interpolado
0.07765993198639728,-0.005350541234758212,interpolado
0.07775975195039009,-0.00583458719929503,interpolado
0.07785957191438288,-0.006265613747845313,interpolado
0.078,-0.006743,original
0.07805921184236847,-0.006887769238349195,interpolado
0.07815903180636126,-0.007051582426423609,interpolado
0.07825885177035408,-0.00711632502572539,interpolado
0.07835867173434687,-0.0070839160859976595,interpolado
0.07845849169833968,-0.006956274656983516,interpolado
0.07855831166233247,-0.006735319788426105,interpolado
0.07865813162632526,-0.0064229705300684736,interpolado
0.07875795159031806,-0.006021145931653819,interpolado
0.07885777155431087,-0.005531765042925139,interpolado
0.079,-0.004687,original
0.07905741148229646,-0.004298972883641491,interpolado
0.07915723144628925,-0.003577241550743479,interpolado
0.07925705141028205,-0.0028234309341708358,interpolado
0.07935687137427486,-0.00206980690685441,interpolado
0.07945669133826766,-0.001348635341725466,interpolado
0.07955651130226044,-0.0006921821117148632,interpolado
0.07965633126625327,-0.00013271308975377062,interpolado
0.07975615123024606,0.0002975058512266986,interpolado
0.07985597119423883,0.0005662088382956032,interpolado
0.08,0.000604,original
0.08005561112222444,0.0004923076074103412,interpolado
0.08015543108621725,0.0001308715864890874,interpolado
0.08025525105021003,-0.0003966495919659507,interpolado
0.08035507101420285,-0.0010425698706891967,interpolado
0.08045489097819564,-0.0017592031924147573,interpolado
0.08055471094218844,-0.00249886349987711,interpolado
0.08065453090618122,-0.0032138647358103353,interpolado
0.08075435087017403,-0.003856520842948909,interpolado
0.08085417083416682,-0.004379145764027002,interpolado
0.081,-0.004828,original
0.08105381076215243,-0.004875790013784014,interpolado
0.08115363072614523,-0.004801919652766461,interpolado
0.08125345069013802,-0.004548853555617322,interpolado
0.08135327065413084,-0.004154398190874137,interpolado
0.08145309061812363,-0.0036563600270745184,interpolado
0.08155291058211642,-0.003092545532755861,interpolado
0.08165273054610922,-0.0025007611764558545,interpolado
0.08175255051010202,-0.0019188134267118665,interpolado
0.0818523704740948,-0.0013845087520615873,interpolado
0.082,-0.000762,original
0.0820520104020804,-0.0006088384399856325,interpolado
0.08215183036607318,-0.0004152653775952793,interpolado
0.082251650330066,-0.0003421045955516211,interpolado
0.08235147029405879,-0.0003755816957523895,interpolado
0.08245129025805162,-0.0005019222800953004,interpolado
0.08255111022204441,-0.0007073519504780623,interpolado
0.08265093018603718,-0.0009780963087983397,interpolado
0.08275075015003001,-0.0013003809569539153,interpolado
0.08285057011402278,-0.0016604314968424092,interpolado
0.083,-0.00224,original
0.08305021004200841,-0.002438434261791588,interpolado
0.08315003000600119,-0.0028214736627134975,interpolado
0.083249849969994,-0.0031660373317059444,interpolado
0.08334966993398678,-0.003444283041872675,interpolado
0.0834494898979796,-0.003628368566317602,interpolado
0.08354930986197237,-0.0036904516781445145,interpolado
0.0836491298259652,-0.0036026901504572677,interpolado
0.08374894978995802,-0.003337241756359676,interpolado
0.0838487697539508,-0.0028662642689556523,interpolado
0.08394858971794358,-0.002161915461348903,interpolado
0.084,-0.001699,original
0.08414822964592919,7.568673760598085e-06,interpolado
0.08424804960992202,0.0013922136068480711,interpolado
0.0843478695739148,0.0028907667325135285,interpolado
0.08444768953790761,0.0044381789989685885,interpolado
0.08454750950190039,0.00596940135442404,interpolado
0.08464732946589319,0.007419384747091516,interpolado
0.084747149429886,0.008723080125181831,interpolado
0.08484696939387879,0.009815438436906552,interpolado
0.0849467893578716,0.010631410630476682,interpolado
0.085,0.010931,original
0.0851464292858572,0.011233788713581567,interpolado
0.08524624924984998,0.011054872328310475,interpolado
0.08534606921384277,0.010619718768461713,interpolado
0.08544588917783558,0.009976920111584702,interpolado
0.08554570914182837,0.009175068435228964,interpolado
0.08564552910582116,0.008262755816943666,interpolado
0.08574534906981393,0.007288574334278456,interpolado
0.08584516903380673,0.006301116064782464,interpolado
0.08594498899779954,0.005348973086005351,interpolado
0.086,0.004857,original
0.08614462892578514,0.003719438850111192,interpolado
0.08624444888977793,0.0030669321675344907,interpolado
0.08634426885377072,0.0025206249084142518,interpolado
0.08644408881776354,0.002078684760322588,interpolado
0.0865439087817563,0.0017392794108313323,interpolado
0.08664372874574912,0.0015005765475125154,interpolado
0.08674354870974194,0.0013607438579381066,interpolado
0.08684336867373474,0.001317949029680026,interpolado
0.08694318863772751,0.0013703597503102452,interpolado
0.087,0.001442,original
0.08714282856571313,0.001740221802819727,interpolado
0.08724264852970592,0.0020155492213542944,interpolado
0.08734246849369873,0.002312800779952117,interpolado
0.08744228845769153,0.0026030129811913843,interpolado
0.08754210842168433,0.002857222327650445,interpolado
0.08764192838567711,0.0030464653219074993,interpolado
0.08774174834966993,0.003141778466540869,interpolado
0.08784156831366274,0.0031141982641287847,interpolado
0.0879413882776555,0.0029347612172495458,interpolado
0.088,0.002747,original
0.08814102820564113,0.002044556232617552,interpolado
0.08824084816963391,0.0013953783796763698,interpolado
0.08834066813362672,0.0006843093636449554,interpolado
0.08844048809761951,-3.231197414344219e-05,interpolado
0.08854030806161234,-0.0006981467923558781,interpolado
0.0886401280256051,-0.0012568562496590287,interpolado
0.08873994798959792,-0.0016521015047199082,interpolado
0.0888397679535907,-0.001827543716205269,interpolado
0.08893958791758352,-0.001726844042782017,interpolado
0.089,-0.001508,original
0.08913922784556912,-0.0005341179965465823,interpolado
0.0892390478095619,0.00047938451754251917,interpolado
0.0893388677735547,0.001663668426297746,interpolado
0.0894386877375475,0.0029369744857539208,interpolado
0.08953850770154032,0.004217543451945376,interpolado
0.08963832766553308,0.005423616080906437,interpolado
0.08973814762952591,0.00647343312867194,interpolado
0.0898379675935187,0.007285235351276096,interpolado
0.0899377875575115,0.007777263504753628,interpolado
0.09,0.007886,original
0.09013742748549709,0.0075444014220514026,interpolado
0.0902372474494899,0.006874382740711367,interpolado
0.09033706741348267,0.005937026551035056,interpolado
0.0904368873774755,0.004810234059975353,interpolado
0.09053670734146826,0.0035719064744856917,interpolado
0.09063652730546108,0.0022999450015188795,interpolado
0.09073634726945387,0.0010722508480282308,interpolado
0.09083616723344669,-3.3274779032961424e-05,interpolado
0.09093598719743949,-0.0009387306727118634,interpolado
0.091,-0.001378,original
0.09113562712542508,-0.0018924005806004657,interpolado
0.0912354470894179,-0.001961171332945185,interpolado
0.09133526705341068,-0.0018261682941363641,interpolado
0.09143508701740347,-0.0015400276270174887,interpolado
0.09153490698139627,-0.0011553854944321594,interpolado
0.09163472694538909,-0.0007248780592237961,interpolado
0.09173454690938186,-0.00030114148423603527,interpolado
0.09183436687337468,6.318806768771138e-05,interpolado
0.09193418683736748,0.0003154744337038511,interpolado
0.092,0.000395,original
0.09213382676535305,0.00031350788051482184,interpolado
0.09223364672934586,8.729870730389186e-05,interpolado
0.09233346669333865,-0.00022759342748828867,interpolado
0.09243328665733146,-0.0005838744358708505,interpolado
0.09253310662132426,-0.0009342502298529017,interpolado
0.09263292658531705,-0.0012314267214436959,interpolado
0.09273274654930984,-0.0014281098226523199,interpolado
0.09283256651330266,-0.0014770054454879865,interpolado
0.09293238647729546,-0.001330819501959814,interpolado
0.093,-0.001097,original
0.09313202640528107,-0.0003102310324241381,interpolado
0.09323184636927385,0.0005009598638876385,interpolado
0.09333166633326664,0.0014181248622307456,interpolado
0.09343148629725945,0.0023687447422854413,interpolado
0.09353130626125225,0.003280300283732487,interpolado
0.09363112622524505,0.004080272266252239,interpolado
0.09373094618923784,0.00469614146952512,interpolado
0.09383076615323063,0.005055388673231798,interpolado
0.09393058611722344,0.005085494657052686,interpolado
0.094,0.004874,original
0.09413022604520904,0.003928526727713594,interpolado
0.09423004600920182,0.0028082921310311356,interpolado
0.09432986597319462,0.0014444806039841432,interpolado
0.09442968593718742,-7.243147006921302e-05,interpolado
0.09452950590118023,-0.0016519677077715485,interpolado
0.09462932586517303,-0.0032036517257646316,interpolado
0.09472914582916582,-0.004637007140691085,interpolado
0.09482896579315865,-0.005861557569192878,interpolado
0.09492878575715143,-0.006786826627912081,interpolado
0.095,-0.007214,original
0.09512842568513703,-0.007429877425291087,interpolado
0.09522824564912984,-0.007155568542451245,interpolado
0.09532806561312265,-0.006556756082721543,interpolado
0.09542788557711544,-0.005690207290996374,interpolado
0.09552770554110825,-0.004612689412169746,interpolado
0.09562752550510104,-0.0033809696911362027,interpolado
0.09572734546909382,-0.0020518153727896527,interpolado
0.09582716543308661,-0.0006819937020247037,interpolado
0.09592698539707945,0.0006717280762647717,interpolado
0.096,0.001619,original
0.09612662532506505,0.003119057337483471,interpolado
0.09622644528905783,0.00415586291944654,interpolado
0.0963262652530506,0.005051213850208161,interpolado
0.09642608521704342,0.005793179807316753,interpolado
0.09652590518103622,0.006369830468320346,interpolado
0.096625725145029,0.0067692355107670625,interpolado
0.09672554510902182,0.006979464612205182,interpolado
0.09682536507301459,0.006988587450182814,interpolado
0.09692518503700741,0.006784673702248131,interpolado
0.097,0.006485,original
0.097124824964993,0.0057069172364256964,interpolado
0.0972246449289858,0.004873929987866607,interpolado
0.09732446489297861,0.003896897645252039,interpolado
0.0974242848569714,0.002815750685818533,interpolado
0.0975241048209642,0.0016704195868031963,interpolado
0.09762392478495698,0.000500834825442523,interpolado
0.09772374474894979,-0.0006530731210265128,interpolado
0.09782356471294258,-0.001751373775366946,interpolado
0.0979233846769354,-0.0027541366603422695,interpolado
0.098,-0.003434,original
0.09812302460492098,-0.004325358617359307,interpolado
0.0982228445689138,-0.00486140059431229,interpolado
0.09832266453290657,-0.005228268094226677,interpolado
0.09842248449689937,-0.005424591246181478,interpolado
0.09852230446089218,-0.0054490001792555426,interpolado
0.09862212442488498,-0.0053001250225277775,interpolado
0.09872194438887777,-0.004976595905077131,interpolado
0.09882176435287057,-0.004477042955982419,interpolado
0.09892158431686335,-0.0038000963043225734,interpolado
0.099,-0.003143,original
0.09912122424484898,-0.0019268179110190837,interpolado
0.09922104420884174,-0.000801995042565762,interpolado
0.09932086417283456,0.0003701302467336358,interpolado
0.09942068413682738,0.0015297062785363563,interpolado
0.09952050410082017,0.002616881374499648,interpolado
0.09962032406481298,0.003571803856281214,interpolado
0.09972014402880577,0.0043346220455382,interpolado
0.09981996399279859,0.004845484263928217,interpolado
0.09991978395679138,0.005044538833108541,interpolado
0.1,0.004938,original
0.10011942388477699,0.00430632190833558,interpolado
0.10021924384876978,0.0034105772845556106,interpolado
0.10031906381276257,0.0022599248232283617,interpolado
0.10041888377675537,0.0009294188277555315,interpolado
0.10051870374074814,-0.0005058863984618551,interpolado
0.10061852370474098,-0.0019709365520222226,interpolado
0.10071834366873375,-0.0033906773295239753,interpolado
0.10081816363272657,-0.004690054427566117,interpolado
0.10091798359671933,-0.005794013542746901,interpolado
0.101,-0.006502,original
0.10111762352470495,-0.007146292388876923,interpolado
0.10121744348869774,-0.007377624828828702,interpolado
0.10131726345269051,-0.007359613035481516,interpolado
0.1014170834166833,-0.0071302654382957124,interpolado
0.10151690338067614,-0.006727590466731579,interpolado
0.10161672334466891,-0.006189596550249565,interpolado
0.10171654330866171,-0.0055542921183098755,interpolado
0.1018163632726545,-0.004859685600372929,interpolado
0.1019161832366473,-0.004143785425899179,interpolado
0.102,-0.003554,original
0.10211582316463289,-0.0027915754360669054,interpolado
0.1022156431286257,-0.0021931466634985217,interpolado
0.1023154630926185,-0.0016544134670344996,interpolado
0.10241528305661132,-0.0011804981925407562,interpolado
0.10251510302060411,-0.0007765231858830118,interpolado
0.1026149229845969,-0.0004476107929272321,interpolado
0.10271474294858972,-0.00019888335953917915,interpolado
0.10281456291258251,-3.54632315847574e-05,interpolado
0.10291438287657531,3.752724507017475e-05,interpolado
0.103,2.42e-05,original
0.1031140228045609,-0.00010134830779645203,interpolado
0.1032138427685537,-0.0002916433595917283,interpolado
0.1033136627325465,-0.0005331640231961525,interpolado
0.1034134826965393,-0.0008031682683728364,interpolado
0.10351330266053212,-0.001078914064884793,interpolado
0.10361312262452489,-0.0013376593824950308,interpolado
0.10371294258851771,-0.0015566621909666681,interpolado
0.10381276255251048,-0.001713180460062694,interpolado
0.10391258251650332,-0.001784472159546197,interpolado
0.104,-0.001759,original
0.10411222244448887,-0.0015893165204416977,interpolado
0.10421204240848168,-0.0013196638494509057,interpolado
0.10431186237247447,-0.0009537241507312246,interpolado
0.10441168233646726,-0.0005063723032464263,interpolado
0.10451150230046007,7.516814039493257e-06,interpolado
0.10461132226445288,0.0005730683221628023,interpolado
0.10471114222844567,0.0011754073421595581,interpolado
0.10481096219243846,0.0017996589950657973,interpolado
0.10491078215643128,0.002430948401917819,interpolado
0.105,0.002989,original
0.10511042208441687,0.003653078091721251,interpolado
0.10521024204840967,0.004204055905341863,interpolado
0.10531006201240249,0.004683314024573137,interpolado
0.10540988197639527,0.005066834175296949,interpolado
0.10550970194038807,0.0053305980833949435,interpolado
0.1056095219043809,0.0054505874747489335,interpolado
0.10570934186837369,0.005402784075240616,interpolado
0.1058091618323665,0.005163169610751778,interpolado
0.1059089817963593,0.004707725807164099,interpolado
0.106,0.004084,original
0.10610862172434489,0.0030725769873248023,interpolado
0.10620844168833767,0.0019426181534812621,interpolado
0.10630826165233048,0.0006884185880650322,interpolado
0.10640808161632326,-0.0006241712783436697,interpolado
0.10650790158031605,-0.0019293010151645936,interpolado
0.10660772154430888,-0.0031611201918180405,interpolado
0.10670754150830164,-0.004253778377723613,interpolado
0.10680736147229446,-0.005141425142301551,interpolado
0.10690718143628726,-0.0057582100549716225,interpolado
0.107,-0.006031,original
0.10710682136427284,-0.005943977721199322,interpolado
0.10720664132826564,-0.005528920801871547,interpolado
0.10730646129225846,-0.004865259868893849,interpolado
0.10740628125625123,-0.004025134928015989,interpolado
0.10750610122024404,-0.0030806859849873327,interpolado
0.10760592118423686,-0.00210405304555759,interpolado
0.10770574114822967,-0.0011673761154764868,interpolado
0.10780556111222246,-0.00034279520049335956,interpolado
0.10790538107621526,0.00029754969364198134,interpolado
0.108,0.000669,original
0.10810502100420086,0.0007628505507105022,interpolado
0.10820484096819366,0.0005837995015923376,interpolado
0.10830466093218646,0.00020555768523979436,interpolado
0.10840448089617927,-0.0003106857702790072,interpolado
0.10850430086017206,-0.0009037417368961778,interpolado
0.10860412082416487,-0.0015124210865436183,interpolado
0.10870394078815766,-0.0020755346911532197,interpolado
0.10880376075215044,-0.0025318934226571067,interpolado
0.10890358071614323,-0.0028203081529871365,interpolado
0.109,-0.002882,original
0.1091032206441288,-0.0026688846595126245,interpolado
0.10920304060812164,-0.002220773617610525,interpolado
0.10930286057211444,-0.0015844150810940141,interpolado
0.1094026805361072,-0.0008089667754882162,interpolado
0.10950250050010003,5.641357368207957e-05,interpolado
0.10960232046409281,0.0009625682408916393,interpolado
0.10970214042808561,0.0018603395006157105,interpolado
0.10980196039207842,0.0027005696273291607,interpolado
0.10990178035607122,0.0034341008955068864,interpolado
0.11,0.004004,original
0.11010142028405681,0.004397491137625396,interpolado
0.11020124024804961,0.004604913225501884,interpolado
0.11030106021204243,0.004659565489573052,interpolado
0.11040088017603521,0.0045869715248689075,interpolado
0.11050070014002804,0.00441265492641943,interpolado
0.11060052010402084,0.004162139289254651,interpolado
0.11070034006801363,0.003860948208404494,interpolado
0.1108001600320064,0.0035346052788990294,interpolado
0.11089997999599922,0.003208634095768161,interpolado
0.111,0.002908,original
0.1110996199239848,0.0026547311599729078,interpolado
0.11119943988797762,0.0024467007567166538,interpolado
0.11129925985197038,0.002278782256886512,interpolado
0.1113990798159632,0.002145290873053861,interpolado
0.11149889977995597,0.0020405418177901692,interpolado
0.11159871974394879,0.0019588503036668324,interpolado
0.1116985397079416,0.0018945315432552935,interpolado
0.11179835967193437,0.0018419007491269858,interpolado
0.11189817963592717,0.001795273133853322,interpolado
0.112,0.001748,original
0.11209781956391278,0.0016985116558016317,interpolado
0.11219763952790558,0.0016446517045898145,interpolado
0.11229745949189837,0.0015894990427422265,interpolado
0.11239727945589116,0.0015351686670931398,interpolado
0.11249709941988396,0.001483775574476858,interpolado
0.11259691938387677,0.0014374347617276536,interpolado
0.11269673934786958,0.0013982612256798236,interpolado
0.11279655931186239,0.0013683699631676586,interpolado
0.11289637927585519,0.0013498759710254388,interpolado
0.113,0.001345,original
0.11309601920384078,0.0013541300410072358,interpolado
0.11319583916783359,0.0013719666627321975,interpolado
0.11329565913182639,0.0013910160039248833,interpolado
0.11339547909581918,0.0014038898698144205,interpolado
0.11349529905981197,0.0014032000656299395,interpolado
0.11359511902380481,0.00138155839660057,interpolado
0.11369493898779758,0.0013315766679554489,interpolado
0.11379475895179039,0.0012458666849236926,interpolado
0.11389457891578318,0.0011170402527344346,interpolado
0.114,0.000926,original
0.11409421884376877,0.0007051915032145661,interpolado
0.11419403880776156,0.0004390883452068616,interpolado
0.11429385877175437,0.0001655892568630901,interpolado
0.11439367873574717,-8.911521879933365e-05,interpolado
0.11449349869973997,-0.00029883453876313615,interpolado
0.11459331866373275,-0.0004373781600109328,interpolado
0.11469313862772557,-0.00047855553952537986,interpolado
0.11479295859171834,-0.0003961761342891428,interpolado
0.11489277855571114,-0.0001640494012849073,interpolado
0.115,0.000282,original
0.11509241848369674,0.0008422377590845869,interpolado
0.11519223844768953,0.0015849856170094183,interpolado
0.11529205841168236,0.0024079577065510096,interpolado
0.11539187837567515,0.0032468468091841943,interpolado
0.11549169833966791,0.004037345706384246,interpolado
0.11559151830366074,0.0047151471796260894,interpolado
0.11569133826765354,0.005215944010384707,interpolado
0.11579115823164633,0.005475428980135282,interpolado
0.11589097819563912,0.0054292948703528006,interpolado
0.116,0.004954,original
0.11609061812362471,0.00418143728488829,interpolado
0.11619043808761752,0.002985782671086626,interpolado
0.1162902580516103,0.001510282449552767,interpolado
0.11639007801560312,-0.00016103218373752156,interpolado
0.11648989797959591,-0.0019441300328091845,interpolado
0.11658971794358872,-0.0037549799016862316,interpolado
0.11668953790758153,-0.005509550594393651,interpolado
0.11678935787157434,-0.007123810914955663,interpolado
0.11688917783556708,-0.00851372966739657,interpolado
0.117,-0.009692,original
0.11708881776355269,-0.010299245212395475,interpolado
0.1171886377275455,-0.010639179035309606,interpolado
0.1172884576915383,-0.01065730884268701,interpolado
0.11738827765553113,-0.01039589453707459,interpolado
0.1174880976195239,-0.00989719602101921,interpolado
0.11758791758351668,-0.009203473197067873,interpolado
0.11768773754750952,-0.008356985967767289,interpolado
0.1177875575115023,-0.007399994235664573,interpolado
0.11788737747549512,-0.006374757903306349,interpolado
0.118,-0.005189,original
0.11808701740348071,-0.004285096011617601,interpolado
0.11818683736747351,-0.0032775844359719955,interpolado
0.11828665733146627,-0.002311618580398922,interpolado
0.11838647729545909,-0.001397803748258671,interpolado
0.11848629725945188,-0.0005467452429119379,interpolado
0.11858611722344467,0.00023095163228061517,interpolado
0.11868593718743749,0.0009246815739586487,interpolado
0.11878575715143025,0.001523839278761413,interpolado
0.11888557711542305,0.0020178194433285185,interpolado
0.119,0.002441,original
0.11908521704340864,0.0026498539773833862,interpolado
0.11918503700740145,0.0027834038308443038,interpolado
0.11928485697139425,0.00280560773391355,interpolado
0.11938467693538708,0.002725417300895291,interpolado
0.11948449689937987,0.002551784146093708,interpolado
0.11958431686337266,0.0022936598838129148,interpolado
0.11968413682736548,0.0019599961283570918,interpolado
0.11978395679135825,0.0015597444940304585,interpolado
0.11988377675535104,0.0011018565951370668,interpolado
0.12,0.000508,original
0.12008341668333666,4.947707050072572e-05,interpolado
0.12018323664732943,-0.0005228236197694944,interpolado
0.12028305661132226,-0.0011075438857117818,interpolado
0.12038287657531507,-0.00169060579685666,interpolado
0.12048269653930785,-0.002257931422734649,interpolado
0.12058251650330064,-0.00279544283287651,interpolado
0.12068233646729346,-0.0032890620968126973,interpolado
0.12078215643128627,-0.0037247112840739483,interpolado
0.12088197639527908,-0.004088312464190792,interpolado
0.121,-0.004406,original
0.12108161632326465,-0.004545362709825737,interpolado
0.12118143628725746,-0.0046313564255765875,interpolado
0.12128125625125029,-0.004634951640154292,interpolado
0.12138107621524306,-0.0045673566994913995,interpolado
0.12148089617923587,-0.004439779949520449,interpolado
0.12158071614322867,-0.004263429736173995,interpolado
0.12168053610722147,-0.0040495144053846275,interpolado
0.12178035607121429,-0.0038092423030848394,interpolado
0.12188017603520707,-0.0035538217752072486,interpolado
0.122,-0.003243,original
0.12207981596319266,-0.0030417251596531985,interpolado
0.12217963592718545,-0.0028014152035158862,interpolado
0.12227945589117825,-0.0025771954595482627,interpolado
0.12237927585517104,-0.0023727199549242045,interpolado
0.12247909581916386,-0.0021916427168174753,interpolado
0.1225789157831566,-0.0020376177724019218,interpolado
0.12267873574714942,-0.0019142991488513782,interpolado
0.12277855571114227,-0.0018253408733396289,interpolado
0.122878375675135,-0.0017743969730405142,interpolado
0.123,-0.001769,original
0.12307801560312064,-0.0017996272230925508,interpolado
0.12317783556711343,-0.0018679374665547107,interpolado
0.12327765553110624,-0.001954370599595468,interpolado
0.12337747549509903,-0.0020432113697819642,interpolado
0.12347729545909181,-0.0021187445246813818,interpolado
0.12357711542308461,-0.0021652548118608595,interpolado
0.12367693538707741,-0.0021670269788875663,interpolado
0.12377675535107023,-0.0021083457733286483,interpolado
0.12387657531506302,-0.0019734959427512855,interpolado
0.124,-0.001678,original
0.12407621524304864,-0.001415634984374315,interpolado
0.1241760352070414,-0.0009942806884913208,interpolado
0.12427585517103422,-0.0005100989967359015,interpolado
0.124375675135027,9.415210143338739e-06,interpolado
0.12447549509901981,0.0005367670513975941,interpolado
0.12457531506301257,0.001044461646278054,interpolado
0.1246751350270054,0.0015050041140361233,interpolado
0.12477495499099822,0.0018908995739229382,interpolado
0.12487477495499101,0.002174653145189867,interpolado
0.125,0.002344,original
0.12507441488297663,0.0023292817417178537,interpolado
0.1251742348469694,0.0021833812838893537,interpolado
0.12527405481096218,0.0019145056804390854,interpolado
0.125373874774955,0.0015462323660380606,interpolado
0.12547369473894782,0.0011021387753572694,interpolado
0.12557351470294065,0.0006058023430677025,interpolado
0.1256733346669334,8.080050384049923e-05,interpolado
0.1257731546309262,-0.00044928930765364715,interpolado
0.125872974594919,-0.0009608896567436034,interpolado
0.126,-0.001548,original
0.1260726145229046,-0.0018354609069613332,interpolado
0.1261724344868974,-0.0021643611363962997,interpolado
0.1262722544508902,-0.002411389180162419,interpolado
0.126372074414883,-0.0025708708294519163,interpolado
0.1264718943788758,-0.002637131875457118,interpolado
0.12657171434286857,-0.002604498109370376,interpolado
0.12667153430686137,-0.0024672953223839993,interpolado
0.12677135427085418,-0.002219849305690311,interpolado
0.12687117423484698,-0.001856485850481639,interpolado
0.127,-0.001207,original
0.12707081416283256,-0.0007620835415013959,interpolado
0.1271706341268254,-5.295530983720994e-05,interpolado
0.12727045409081816,0.0007151053749844319,interpolado
0.12737027405481097,0.0015011593237952107,interpolado
0.1274700940188038,0.0022642673474268043,interpolado
0.12756991398279655,0.0029634902567107135,interpolado
0.12766973394678935,0.003557888862479014,interpolado
0.12776955391078218,0.004006523975563184,interpolado
0.12786937387477496,0.0042684564067949,interpolado
0.128,0.004261,original
0.12806901380276056,0.004074112544558271,interpolado
0.1281688337667533,0.003607456218015153,interpolado
0.12826865373074614,0.0029640216712833014,interpolado
0.12836847369473897,0.002205555648784629,interpolado
0.12846829365873175,0.0013938048949410503,interpolado
0.12856811362272455,0.0005905161541746945,interpolado
0.12866793358671735,-0.0001425638290929827,interpolado
0.12876775355071016,-0.0007436883104398417,interpolado
0.12886757351470296,-0.0011511105454439674,interpolado
0.129,-0.001287,original
0.12906721344268854,-0.001144680094892458,interpolado
0.12916703340668137,-0.0006983487545539286,interpolado
0.12926685337067417,-3.557624915551698e-05,interpolado
0.12936667333466698,0.0007713724514417278,interpolado
0.12946649329865975,0.0016502323773765048,interpolado
0.12956631326265253,0.002528738558788267,interpolado
0.12966613322664536,0.0033346260258157274,interpolado
0.12976595319063816,0.003995629808597833,interpolado
0.12986577315463096,0.004439484937273535,interpolado
0.13,0.004567,original
0.13006541308261654,0.004393755094225503,interpolado
0.13016523304660935,0.0038593905780423873,interpolado
0.13026505301060212,0.0030681890568528465,interpolado
0.13036487297459495,0.002098534946683893,interpolado
0.13046469293858773,0.001028812663562841,interpolado
0.13056451290258048,-6.259337648390688e-05,interpolado
0.13066433286657328,-0.0010972987574290553,interpolado
0.1307641528305661,-0.001996919063245592,interpolado
0.13086397279455894,-0.002683069877906505,interpolado
0.131,-0.003133,original
0.1310636127225445,-0.0031079513192781186,interpolado
0.13116343268653727,-0.0027875308621941935,interpolado
0.1312632526505301,-0.0021878093804281996,interpolado
0.1313630726145229,-0.0013816942072312273,interpolado
0.13146289257851568,-0.0004420926758546384,interpolado
0.13156271254250848,0.0005580878804510165,interpolado
0.13166253250650128,0.001545940128434403,interpolado
0.1317623524704941,0.0024485567348444307,interpolado
0.13186217243448692,0.00319303036643001,interpolado
0.132,0.003826,original
0.13206181236247247,0.003921123998357173,interpolado
0.1321616323264653,0.0038415768960948374,interpolado
0.1322614522904581,0.003525207567477125,interpolado
0.13236127225445085,0.003030621167687795,interpolado
0.13246109221844365,0.0024164228519101606,interpolado
0.1325609121824365,0.0017412177753279427,interpolado
0.1326607321464293,0.00106361109312474,interpolado
0.1327605521104221,0.0004422079604841573,interpolado
0.13286037207441484,-6.438646741008583e-05,interpolado
0.133,-0.000469,original
0.13306001200240045,-0.000502589154196392,interpolado
0.13315983196639328,-0.00038219955417795825,interpolado
0.13325965193038608,-8.326208312210306e-05,interpolado
0.13335947189437886,0.00034623261219325093,interpolado
0.13345929185837166,0.0008582938849905622,interpolado
0.13355911182236446,0.001404931088491938,interpolado
0.13365893178635727,0.0019381535759195895,interpolado
0.13375875175035007,0.002409970700495727,interpolado
0.1338585717143429,0.0027723918154424778,interpolado
0.134,0.003005,original
0.13405821164232848,0.0029798214400630027,interpolado
0.1341580316063213,0.002778154580291311,interpolado
0.13425785157031406,0.0024062692541446653,interpolado
0.13435767153430683,0.0018990088971902273,interpolado
0.13445749149829964,0.0012912169449947053,interpolado
0.13455731146229247,0.0006177368331252228,interpolado
0.13465713142628524,-8.658800285122074e-05,interpolado
0.13475695139027807,-0.0007869141273676266,interpolado
0.13485677135427082,-0.0014483981048568186,interpolado
0.135,-0.00226,original
0.13505641128225646,-0.002516732847791694,interpolado
0.13515623124624926,-0.00287827644672342,interpolado
0.13525605121024206,-0.003127525011044917,interpolado
0.13535587117423484,-0.0032717535513964134,interpolado
0.13545569113822764,-0.00331823707841792,interpolado
0.13555551110222047,-0.0032742506027495307,interpolado
0.13565533106621325,-0.0031470691350313374,interpolado
0.13575515103020602,-0.0029439676859035024,interpolado
0.13585497099419885,-0.0026722212660060043,interpolado
0.136,-0.00217,original
0.13605461092218443,-0.0019517620147439232,interpolado
0.13615443088617726,-0.0015148876956449652,interpolado
0.13625425085017004,-0.0010310117733749737,interpolado
0.13635407081416284,-0.0005025894647836109,interpolado
0.13645389077815565,6.792401327906163e-05,interpolado
0.13655371074214845,0.000678073443963111,interpolado
0.13665353070614122,0.0013254036104186039,interpolado
0.13675335067013403,0.0020074592957954156,interpolado
0.13685317063412686,0.0027217852832439908,interpolado
0.137,0.003826,original
0.13705281056211244,0.004236583961914201,interpolado
0.13715263052610524,0.00501347362994209,interpolado
0.13725245049009802,0.005760565265042431,interpolado
0.13735227045409082,0.006441233943508585,interpolado
0.13745209041808362,0.007018854741633266,interpolado
0.13755191038207643,0.0074568027357094025,interpolado
0.1376517303460692,0.007718453002029927,interpolado
0.137751550310062,0.007767180616887789,interpolado
0.1378513702740548,0.007566360656575952,interpolado
0.138,0.006726,original
0.13805101020204044,0.00627209457379825,interpolado
0.13815083016603322,0.005165416296610145,interpolado
0.13825065013002602,0.0038336365145994985,interpolado
0.1383504700940188,0.0023532628462646804,interpolado
0.13845029005801163,0.0008008029101038035,interpolado
0.1385501100220044,-0.0007472356753850268,interpolado
0.1386499299859972,-0.0022143452917033142,interpolado
0.13874974994999,-0.0035240183203537824,interpolado
0.1388495699139828,-0.0045997471428379025,interpolado
0.13894938987797562,-0.005365024140657562,interpolado
0.139,-0.00561,original
0.13914902980596117,-0.005739393831585112,interpolado
0.139248849769954,-0.005411124876837537,interpolado
0.1393486697339468,-0.004831353333514176,interpolado
0.13944848969793958,-0.004069974216019232,interpolado
0.1395483096619324,-0.003196882538756911,interpolado
0.13964812962592518,-0.002281973316131666,interpolado
0.13974794958991799,-0.0013951415625471763,interpolado
0.13984776955391082,-0.0006062822924078951,interpolado
0.13994758951790356,1.4709479881972495e-05,interpolado
0.14,0.00025,original
0.14014722944588917,0.0005356671629070935,interpolado
0.14024704940988197,0.00046519677349296035,interpolado
0.14034686937387478,0.0002349350243706564,interpolado
0.14044668933786755,-0.0001087860205779705,interpolado
0.14054650930186036,-0.0005196342974709585,interpolado
0.14064632926585316,-0.0009512777424267007,interpolado
0.1407461492298459,-0.0013573842915632428,interpolado
0.14084596919383874,-0.0016916218809987413,interpolado
0.14094578915783154,-0.0019076584468513493,interpolado
0.141,-0.001959,original
0.14114542908581712,-0.0018429841457026851,interpolado
0.14124524904980995,-0.001590346072930813,interpolado
0.14134506901380273,-0.0012400336995268934,interpolado
0.14144488897779556,-0.0008295009601903419,interpolado
0.14154470894178833,-0.0003962017896206898,interpolado
0.14164452890578116,2.2409877482897956e-05,interpolado
0.14174434886977394,0.00038888010642088814,interpolado
0.14184416883376677,0.0006657549624938691,interpolado
0.14194398879775955,0.000815580511002425,interpolado
0.142,0.00083,original
0.14214362872574518,0.000621331243604663,interpolado
0.14224344868973796,0.0003087075205445526,interpolado
0.14234326865373076,-9.8721626417132e-05,interpolado
0.14244308861772356,-0.0005637611988591944,interpolado
0.14254290858171637,-0.0010492161983603053,interpolado
0.14264272854570914,-0.0015178916264995462,interpolado
0.14274254850970194,-0.0019325924848555877,interpolado
0.14284236847369475,-0.002256123775007234,interpolado
0.14294218843768755,-0.0024512904985332885,interpolado
0.143,-0.002491,original
0.14314182836567316,-0.0023405350963422405,interpolado
0.14324164832966593,-0.002056810106660294,interpolado
0.14334146829365874,-0.0016619579903078957,interpolado
0.14344128825765154,-0.0011873621423957091,interpolado
0.14354110822164431,-0.0006644059580339806,interpolado
0.14364092818563715,-0.00012447283233335438,interpolado
0.14374074814962995,0.0004010538395956494,interpolado
0.14384056811362275,0.0008807906626425107,interpolado
0.14394038807761556,0.0012833542416966122,interpolado
0.144,0.001474,original
0.14414002800560116,0.001757697953592026,interpolado
0.14423984796959394,0.0018461859589262585,interpolado
0.14433966793358677,0.0018691611863016061,interpolado
0.14443948789757952,0.0018523376794661432,interpolado
0.1445393078615723,0.0018214294821679202,interpolado
0.14463912782556507,0.0018021506381550056,interpolado
0.1447389477895579,0.0018202151911754642,interpolado
0.14483876775355073,0.0019013371849773632,interpolado
0.14493858771754345,0.002071230663308707,interpolado
0.145,0.002231,original
0.14513822764552908,0.002759776233799194,interpolado
0.1452380476095219,0.0032664264696776316,interpolado
0.14533786757351466,0.0038547149140444148,interpolado
0.14543768753750744,0.004504233983701479,interpolado
0.14553750750150027,0.00519457609545131,interpolado
0.14563732746549307,0.00590533366609586,interpolado
0.14573714742948587,0.0066160991124372525,interpolado
0.14583696739347865,0.007306464851277605,interpolado
0.14593678735747145,0.007956023299418873,interpolado
0.146,0.008337,original
0.14613642728545706,0.009057381747320964,interpolado
0.14623624724944986,0.009488460908146163,interpolado
0.14633606721344267,0.009832109780616367,interpolado
0.14643588717743547,0.010082712195786731,interpolado
0.14653570714142825,0.010234651984712118,interpolado
0.14663552710542108,0.010282312978447505,interpolado
0.14673534706941385,0.01022007900804786,interpolado
0.14683516703340668,0.01004233390456822,interpolado
0.14693498699739949,0.009743461499063454,interpolado
0.147,0.009481,original
0.1471346269253851,0.008776550688841417,interpolado
0.1472344468893779,0.008152013293853271,interpolado
0.14733426685337067,0.007479701672902758,interpolado
0.14743408681736345,0.006794795781762454,interpolado
0.14753390678135628,0.006132475576205502,interpolado
0.14763372674534908,0.005527921012004854,interpolado
0.14773354670934186,0.005016312044933464,interpolado
0.14783336667333463,0.00463282863076438,interpolado
0.14793318663732744,0.004412650725270334,interpolado
0.148,0.004374,original
0.148132826565313,0.004567134102027874,interpolado
0.14823264652930587,0.004891403469589251,interpolado
0.14833246649329865,0.005307238545303302,interpolado
0.14843228645729142,0.005758660770598019,interpolado
0.14853210642128423,0.006189691586901052,interpolado
0.14863192638527706,0.006544352435640148,interpolado
0.14873174634926986,0.006766664758243058,interpolado
0.14883156631326264,0.006800649996137553,interpolado
0.14893138627725544,0.006590329590751417,interpolado
0.149,0.006275,original
0.14913102620524105,0.005261777442365127,interpolado
0.14923084616923382,0.004201282591502533,interpolado
0.14933066613322665,0.002972704601459848,interpolado
0.14943048609721943,0.0016498467442166678,interpolado
0.14953030606121223,0.00030651229175232135,interpolado
0.14963012602520506,-0.0009834954839538512,interpolado
0.14972994598919784,-0.0021463733109222216,interpolado
0.14982976595319059,-0.003108317917174118,interpolado
0.14992958591718342,-0.003795526030729862,interpolado
0.15,-0.004075,original
0.15012922584516902,-0.004101128238057887,interpolado
0.1502290458091618,-0.003752499849924138,interpolado
0.1503288657731546,-0.0031550542895028453,interpolado
0.1504286857371474,-0.0023749403125480685,interpolado
0.15052850570114024,-0.0014783066748138085,interpolado
0.150628325665133,-0.0005313021320540655,interpolado
0.15072814562912576,0.0003999245599769075,interpolado
0.1508279655931186,0.0012492246455256403,interpolado
0.1509277855571114,0.0019504493688378675,interpolado
0.151,0.002328,original
0.15112742548509703,0.002680717395415117,interpolado
0.1512272454490898,0.002711994784673569,interpolado
0.15132706541308263,0.0025711843602580094,interpolado
0.15142688537707538,0.0022978158023454274,interpolado
0.1515267053410682,0.0019314187911128517,interpolado
0.15162652530506102,0.0015115230067373078,interpolado
0.15172634526905382,0.0010776581293959427,interpolado
0.1518261652330466,0.0006693538392655321,interpolado
0.15192598519703943,0.00032613981652322303,interpolado
0.152,0.000137,original
0.15212562512502495,-2.530573762021981e-05,interpolado
0.15222544508901778,-2.4047908701937016e-05,interpolado
0.1523252650530106,7.528324998855405e-05,interpolado
0.15242508501700336,0.0002568113019435655,interpolado
0.1525249049809962,0.0005046598106554106,interpolado
0.15262472494498897,0.0008029523396163137,interpolado
0.1527245449089818,0.0011358124523187568,interpolado
0.1528243648729746,0.001487363712254976,interpolado
0.15292418483696738,0.0018417296829172842,interpolado
0.153,0.002103,original
0.15312382476495298,0.002496759540281024,interpolado
0.15322364472894576,0.0027709616732423384,interpolado
0.15332346469293856,0.002994047157481322,interpolado
0.15342328465693136,0.0031544129186589615,interpolado
0.1535231046209242,0.003240455882436247,interpolado
0.15362292458491694,0.003240572974474179,interpolado
0.1537227445489098,0.003143161120433751,interpolado
0.15382256451290258,0.0029366172459759352,interpolado
0.1539223844768954,0.002609338276761724,interpolado
0.154,0.002264,original
0.154122024404881,0.0015635364218526558,interpolado
0.15422184436887376,0.0008914591152334187,interpolado
0.15432166433286656,0.00017905385603287486,interpolado
0.15442148429685937,-0.0005282194000374573,interpolado
0.15452130426085214,-0.0011849006972660613,interpolado
0.15462112422484495,-0.0017455300799412822,interpolado
0.15472094418883775,-0.0021646475923519236,interpolado
0.15482076415283055,-0.002396793278786297,interpolado
0.15492058411682336,-0.002396507183532886,interpolado
0.155,-0.0022,original
0.15512022404480894,-0.0015513544785927791,interpolado
0.15522004400880174,-0.0007583246087302198,interpolado
0.15531986397279454,0.00018738264025688152,interpolado
0.15541968393678737,0.0012125585709170951,interpolado
0.15551950390078015,0.0022439944857987103,interpolado
0.15561932386477295,0.003208481687450885,interpolado
0.15571914382876575,0.004032811478421902,interpolado
0.15581896379275853,0.004643775161260331,interpolado
0.15591878375675133,0.004968164038514741,interpolado
0.156,0.00497,original
0.15611842368473697,0.004507548632570016,interpolado
0.15621824364872974,0.003759973745258502,interpolado
0.15631806361272255,0.002772109917489338,interpolado
0.15641788357671535,0.0016258549658451007,interpolado
0.15651770354070813,0.0004031067069087149,interpolado
0.15661752350470093,-0.0008142370427379419,interpolado
0.1567173434686937,-0.001944278466511957,interpolado
0.15681716343268653,-0.0029051197478307533,interpolado
0.15691698339667934,-0.0036148630701117535,interpolado
0.157,-0.003955,original
0.15711662332466492,-0.003995307629946624,interpolado
0.15721644328865772,-0.003686012184130473,interpolado
0.15731626325265052,-0.0031393755124312877,interpolado
0.1574160832166433,-0.002430923690820132,interpolado
0.1575159031806361,-0.0016361827952682962,interpolado
0.1576157231446289,-0.0008306789017463888,interpolado
0.1577155431086217,-8.993808622568406e-05,interpolado
0.1578153630726145,0.0005105135753227517,interpolado
0.1579151830366073,0.0008951500069277827,interpolado
0.158,0.000996,original
0.1581148229645929,0.0007492056519741022,interpolado
0.1582146429285857,0.00022317779237351676,interpolado
0.15831446289257853,-0.0005297479496892213,interpolado
0.1584142828565713,-0.0014497576650671577,interpolado
0.15851410282056413,-0.0024770374446141294,interpolado
0.1586139227845569,-0.00355177337918322,interpolado
0.15871374274854974,-0.004614151559627744,interpolado
0.1588135627125425,-0.005604358076801019,interpolado
0.1589133826765353,-0.006462579021556146,interpolado
0.159,-0.007054,original
0.15911302260452093,-0.007564529735328248,interpolado
0.15921284256851373,-0.00778557591221048,interpolado
0.1593126625325065,-0.007818007074659088,interpolado
0.15941248249649928,-0.007687658252522692,interpolado
0.15951230246049208,-0.007420364475649775,interpolado
0.1596121224244849,-0.00704196077388892,interpolado
0.15971194238847772,-0.006578282177088687,interpolado
0.1598117623524705,-0.006055163715097637,interpolado
0.15991158231646324,-0.005498440417764492,interpolado
0.16,-0.004998,original
0.16011122224444888,-0.004384287715129598,interpolado
0.16021104220844165,-0.0038629134471568987,interpolado
0.16031086217243448,-0.0033816388217729446,interpolado
0.16041068213642726,-0.002952281631774123,interpolado
0.16051050210042006,-0.00258665966995647,interpolado
0.16061032206441286,-0.0022965907291163895,interpolado
0.16071014202840567,-0.0020938926020501593,interpolado
0.16080996199239847,-0.001990383081554072,interpolado
0.16090978195639127,-0.0019978799604243435,interpolado
0.161,-0.00211,original
0.16110942188437688,-0.002383728935072807,interpolado
0.16120924184836968,-0.0027386115271244614,interpolado
0.16130906181236243,-0.0031616828558234584,interpolado
0.16140888177635526,-0.0036217833448285407,interpolado
0.16150870174034807,-0.004087753417798096,interpolado
0.16160852170434087,-0.00452843349839062,interpolado
0.1617083416683337,-0.004912664010264614,interpolado
0.16180816163232645,-0.005209285377078507,interpolado
0.16190798159631928,-0.00538713802249097,interpolado
0.162,-0.005419,original
0.16210762152430486,-0.005275623915306635,interpolado
0.16220744148829772,-0.0049947766729775715,interpolado
0.16230726145229044,-0.004607074662693168,interpolado
0.16240708141628327,-0.004147066675659648,interpolado
0.1625069013802761,-0.0036493015030835524,interpolado
0.16260672134426885,-0.003148327936171331,interpolado
0.1627065413082617,-0.002678694766129429,interpolado
0.16280636127225448,-0.0022749507841643966,interpolado
0.16290618123624725,-0.001971644781482447,interpolado
0.163,-0.001809,original
0.1631058211642329,-0.0017893913143775338,interpolado
0.1632056411282257,-0.0018986588566859291,interpolado
0.16330546109221844,-0.0020893759354344205,interpolado
0.16340528105621127,-0.0023197930731265084,interpolado
0.16350510102020407,-0.0025481607922655325,interpolado
0.16360492098419685,-0.002732729615354877,interpolado
0.16370474094818963,-0.0028317500648979157,interpolado
0.16380456091218243,-0.0028034726633980973,interpolado
0.16390438087617523,-0.0026061479333587623,interpolado
0.164,-0.00222,original
0.16410402080416084,-0.0015560621979082128,interpolado
0.1642038407681536,-0.0007231416892263603,interpolado
0.1643036607321464,0.00024331606450938594,interpolado
0.1644034806961392,0.0012858932309400138,interpolado
0.16450330066013202,0.002347171977706714,interpolado
0.16460312062412483,0.0033697344724506794,interpolado
0.1647029405881176,0.004296162882812863,interpolado
0.1648027605521104,0.005069039376434984,interpolado
0.1649025805161032,0.005630946120957964,interpolado
0.165,0.005921,original
0.16510222044408876,0.005910807391644299,interpolado
0.16520204040808162,0.005620508321118881,interpolado
0.1653018603720744,0.0051002298792311275,interpolado
0.1654016803360672,0.004396633631522149,interpolado
0.16550150030006006,0.0035563811435330136,interpolado
0.16560132026405278,0.0026261339808047856,interpolado
0.1657011402280456,0.0016525537088788024,interpolado
0.1658009601920384,0.0006823018932955813,interpolado
0.1659007801560312,-0.00023795990040354934,interpolado
0.166,-0.001057,original
0.16610042008401682,-0.0017514700749264836,interpolado
0.16620024004800957,-0.002308326214745863,interpolado
0.16630006001200237,-0.0027420676303168646,interpolado
0.16639987997599523,-0.0030626234237706813,interpolado
0.166499699939988,-0.003279922697238676,interpolado
0.16659951990398078,-0.003403894552852189,interpolado
0.16669933986797358,-0.003444468092742655,interpolado
0.1667991598319664,-0.003411572419041388,interpolado
0.16689897979595922,-0.0033151366338797523,interpolado
0.167,-0.003163,original
0.1670986197239448,-0.002971966348904048,interpolado
0.16719843968793757,-0.0027488102473626867,interpolado
0.1672982596519304,-0.0025093161049060692,interpolado
0.1673980796159232,-0.0022671784927661707,interpolado
0.16749789957991598,-0.0020360919821749684,interpolado
0.16759771954390879,-0.0018297511443644949,interpolado
0.16769753950790156,-0.0016618505505666082,interpolado
0.1677973594718944,-0.0015460847720133487,interpolado
0.16789717943588717,-0.0014961483799366918,interpolado
0.168,-0.001528,original
0.16809681936387277,-0.001641242504559543,interpolado
0.16819663932786558,-0.001817107962948344,interpolado
0.16829645929185838,-0.0020190303370210176,interpolado
0.16839627925585118,-0.00221270742577699,interpolado
0.16849609921984396,-0.0023638370282156916,interpolado
0.1685959191838368,-0.002438116943336543,interpolado
0.16869573914782957,-0.002401244970139021,interpolado
0.1687955591118224,-0.002218918907622522,interpolado
0.1688953790758152,-0.0018568365547864743,interpolado
0.169,-0.001247,original
0.1690950190038008,-0.000469738806081148,interpolado
0.16919483896779358,0.0005341916596722712,interpolado
0.16929465893178638,0.001671180466489488,interpolado
0.1693944788957792,0.0028813106471208202,interpolado
0.16949429885977196,0.004104665234316242,interpolado
0.16959411882376477,0.005281327260826766,interpolado
0.1696939387877576,0.006351379759402363,interpolado
0.1697937587517504,0.007254905762793349,interpolado
0.16989357871574312,0.007931988303750036,interpolado
0.17,0.008337,original
0.17009321864372873,0.008382905969201907,interpolado
0.17019303860772153,0.00814527655216775,interpolado
0.17029285857171436,0.0076659372338229205,interpolado
0.17039267853570716,0.007001008677623463,interpolado
0.17049249849969994,0.006206611547025682,interpolado
0.17059231846369274,0.0053388665054851705,interpolado
0.17069213842768555,0.004453894216458196,interpolado
0.17079195839167835,0.003607815343400815,interpolado
0.17089177835567113,0.002856750549769084,interpolado
0.171,0.002215,original
0.17109141828365676,0.0018522987805337419,interpolado
0.17119123824764956,0.0016263956258277918,interpolado
0.17129105821164234,0.0015427038999020351,interpolado
0.17139087817563514,0.0015648072715154994,interpolado
0.17149069813962792,0.001656289409427181,interpolado
0.17159051810362075,0.0017807339823961682,interpolado
0.1716903380676135,0.001901724659181471,interpolado
0.1717901580316063,0.001982845108542119,interpolado
0.1718899779955991,0.001987678999237152,interpolado
0.172,0.001861,original
0.1720896179235847,0.0016318081325774536,interpolado
0.17218943788757748,0.0012651768331471995,interpolado
0.1722892578515703,0.0008179944117413192,interpolado
0.17238907781556306,0.0003283524358151552,interpolado
0.1724888977795559,-0.00016565752717636958,interpolado
0.17258871774354867,-0.0006259439097779185,interpolado
0.17268853770754145,-0.0010144151445342859,interpolado
0.1727883576715343,-0.0012929796639902698,interpolado
0.17288817763552702,-0.0014235459006906506,interpolado
0.173,-0.001347,original
0.17308781756351269,-0.00109863690678295,interpolado
0.17318763752750552,-0.0006470045775134525,interpolado
0.1732874574914983,-6.594097324364345e-05,interpolado
0.1733872774554911,0.0005917118855172485,interpolado
0.1734870974194839,0.0012731119782605628,interpolado
0.17358691738347673,0.001925417284477088,interpolado
0.1736867373474695,0.0024957857836577836,interpolado
0.1737865573114623,0.0029313754552936122,interpolado
0.17388637727545506,0.003179344278875498,interpolado
0.174,0.003166,original
0.17408601720344072,0.002912235233329297,interpolado
0.17418583716743352,0.0023818865626272414,interpolado
0.1742856571314263,0.0016477837764932708,interpolado
0.17438547709541907,0.000761952639687067,interpolado
0.17448529705941188,-0.0002235810830324525,interpolado
0.17458511702340473,-0.001256791626905646,interpolado
0.17468493698739748,-0.0022856532271730897,interpolado
0.17478475695139026,-0.003258140119075109,interpolado
0.17488457691538306,-0.004122226537852836,interpolado
0.175,-0.004918,original
0.17508421684336867,-0.005323704129631528,interpolado
0.17518403680736147,-0.005612796579468398,interpolado
0.1752838567713543,-0.005707128755217076,interpolado
0.17538367673534705,-0.005620707376660524,interpolado
0.17548349669933988,-0.00536753916358161,interpolado
0.1755833166633327,-0.004961630835763247,interpolado
0.1756831366273255,-0.004416989112988351,interpolado
0.17578295659131826,-0.0037476207150400416,interpolado
0.17588277655531107,-0.0029675323617008587,interpolado
0.176,-0.001929,original
0.1760824164832967,-0.001133633456827159,interpolado
0.17618223644728948,-0.00012907766227196495,interpolado
0.17628205641128225,0.0008832533432725034,interpolado
0.17638187637527503,0.0018636535921979216,interpolado
0.17648169633926786,0.002772417116895108,interpolado
0.17658151630326066,0.003569837949755162,interpolado
0.17668133626725346,0.0042162101231691855,interpolado
0.17678115623124624,0.004671827669528185,interpolado
0.17688097619523904,0.004896984621223522,interpolado
0.177,0.004809,original
0.17708061612322462,0.004505350791928411,interpolado
0.17718043608721745,0.00388522461003386,interpolado
0.17728025605121023,0.0030458396364412056,interpolado
0.177380076015203,0.002041550669646519,interpolado
0.17747989597919578,0.0009267125081465561,interpolado
0.1775797159431886,-0.0002443200495621359,interpolado
0.17767953590718139,-0.0014171922049826802,interpolado
0.1777793558711742,-0.0025375491596191977,interpolado
0.177879175835167,-0.0035510361149748053,interpolado
0.178,-0.004557,original
0.17807881576315263,-0.005046466367217243,interpolado
0.17817863572714537,-0.005482240206786479,interpolado
0.1782784556911382,-0.00573519370617236,interpolado
0.178378275655131,-0.005830023531255244,interpolado
0.17847809561912384,-0.00579142634791564,interpolado
0.17857791558311664,-0.005644098822034054,interpolado
0.1786777355471094,-0.00541273761949107,interpolado
0.17877755551110222,-0.005122039406167062,interpolado
0.17887737547509502,-0.0047967008479425895,interpolado
0.179,-0.004386,original
0.1790770154030806,-0.004139446364154856,interpolado
0.17917683536707338,-0.003842341899485661,interpolado
0.1792766553310662,-0.0035759882808753213,interpolado
0.179376475295059,-0.0033462311099411394,interpolado
0.17947629525905184,-0.0031589159883003357,interpolado
0.17957611522304462,-0.003019888517570126,interpolado
0.1796759351870374,-0.002934994299367745,interpolado
0.1797757551510302,-0.002910078935310362,interpolado
0.179875575115023,-0.002950988027015225,interpolado
0.18,-0.003103,original
0.1800752150430086,-0.00325184284138447,interpolado
0.18017503500700136,-0.003504192098952244,interpolado
0.1802748549709942,-0.003801011549080141,interpolado
0.18037467493498696,-0.004122634109767191,interpolado
0.18047449489897982,-0.004449392699012494,interpolado
0.18057431486297257,-0.004761620234815055,interpolado
0.1806741348269654,-0.005039649635174151,interpolado
0.1807739547909582,-0.005263813818088788,interpolado
0.18087377475495103,-0.0054144457015580585,interpolado
0.181,-0.005469,original
0.18107341468293658,-0.005419002549165492,interpolado
0.18117323464692933,-0.005262089802496243,interpolado
0.18127305461092216,-0.005019937855571701,interpolado
0.181372874574915,-0.004711463635824731,interpolado
0.1814726945389078,-0.004355584070688209,interpolado
0.18157251450290057,-0.0039712160875951105,interpolado
0.1816723344668934,-0.0035772766139780914,interpolado
0.18177215443088618,-0.003192682577270123,interpolado
0.18187197439487898,-0.0028363509049040784,interpolado
0.182,-0.002451,original
0.18207161432286456,-0.002282377961386655,interpolado
0.18217143428685736,-0.002101895143627804,interpolado
0.18227125425085017,-0.001976106541720069,interpolado
0.18237107421484292,-0.0018952608295923303,interpolado
0.18247089417883575,-0.0018496066811734685,interpolado
0.1825707141428285,-0.001829392770392366,interpolado
0.18267053410682133,-0.0018248677711778947,interpolado
0.1827703540708141,-0.0018262803574589422,interpolado
0.18287017403480693,-0.0018238792031643894,interpolado
0.183,-0.001799,original
0.1830698139627925,-0.0017691963240799742,interpolado
0.1831696339267853,-0.0017043988684546743,interpolado
0.18326945389077812,-0.001613650003564483,interpolado
0.1833692738547709,-0.0014971240521142208,interpolado
0.18346909381876367,-0.0013549953368087516,interpolado
0.1835689137827565,-0.0011874381803528167,interpolado
0.18366873374674933,-0.0009946269054512736,interpolado
0.18376855371074213,-0.0007767358348089421,interpolado
0.1838683736747349,-0.0005339392911306437,interpolado
0.184,-0.000176,original
0.18406801360272054,2.553638720154041e-05,interpolado
0.18416783356671332,0.00034008831425905975,interpolado
0.18426765353070615,0.0006744940177008065,interpolado
0.18436747349469892,0.0010259893673006306,interpolado
0.18446729345869176,0.0013918102328322778,interpolado
0.18456711342268456,0.0017691924840698011,interpolado
0.18466693338667733,0.00215537199078695,interpolado
0.18476675335067017,0.002547584622757574,interpolado
0.18486657331466294,0.002943066249755523,interpolado
0.185,0.003472,original
0.18506621324264852,0.0037324171437328134,interpolado
0.18516603320664132,0.004115763133377483,interpolado
0.18526585317063415,0.004478915285280053,interpolado
0.18536567313462696,0.00481165073473178,interpolado
0.18546549309861976,0.005103746617023858,interpolado
0.18556531306261254,0.00534498006744771,interpolado
0.18566513302660534,0.005525128221294512,interpolado
0.18576495299059811,0.005633968213855525,interpolado
0.18586477295459095,0.005661277180422013,interpolado
0.186,0.00555,original
0.1860644128825765,0.005432201265408477,interpolado
0.1861642328465693,0.005181470510362619,interpolado
0.18626405281056213,0.004874105465316674,interpolado
0.18636387277455488,0.004539869025878521,interpolado
0.18646369273854768,0.004208524087655751,interpolado
0.1865635127025405,0.003909833546256236,interpolado
0.1866633326665333,0.0036735602972877614,interpolado
0.1867631526305261,0.0035294672363581116,interpolado
0.18686297259451887,0.0035073172590750555,interpolado
0.187,0.00373,original
0.1870626125225045,0.003944728047602332,interpolado
0.18716243248649728,0.004414806176891781,interpolado
0.18726225245049008,0.005000464692491359,interpolado
0.18736207241448286,0.0056543953993633015,interpolado
0.18746189237847566,0.006329290102470403,interpolado
0.18756171234246843,0.006977840606774912,interpolado
0.18766153230646127,0.007552738717239251,interpolado
0.187761352270454,0.00800667623882584,interpolado
0.18786117223444687,0.008292344976497055,interpolado
0.188,0.008321,original
0.18806081216243245,0.008173327438266396,interpolado
0.18816063212642525,0.007734554922290733,interpolado
0.18826045209041806,0.007095599671610568,interpolado
0.18836027205441086,0.006306914507192534,interpolado
0.18846009201840364,0.00541895225000259,interpolado
0.18855991198239644,0.004482165721007341,interpolado
0.18865973194638924,0.003547007741173189,interpolado
0.18875955191038207,0.0026639311314665404,interpolado
0.1888593718743748,0.0018833887128539934,interpolado
0.189,0.001055,original
0.18905901180236043,0.0008288247782075131,interpolado
0.1891588317663532,0.0006050872845786977,interpolado
0.18925865173034603,0.0005520208147839766,interpolado
0.18935847169433884,0.0006360686795736409,interpolado
0.18945829165833164,0.0008236741896980417,interpolado
0.1895581116223244,0.001081280655907492,interpolado
0.18965793158631722,0.0013753313889523057,interpolado
0.18975775155031005,0.0016722696995827154,interpolado
0.18985757151430283,0.0019385388985492082,interpolado
0.19,0.002199,original
0.19005721144228843,0.002246497492851388,interpolado
0.19015703140628126,0.002251972491975102,interpolado
0.190256851370274,0.0021754860999438903,interpolado
0.1903566713342668,0.002036200486458831,interpolado
0.19045649129825962,0.0018532778212210586,interpolado
0.1905563112622524,0.0016458802739316965,interpolado
0.19065613122624522,0.0014331700142918694,interpolado
0.19075595119023803,0.001234309212002752,interpolado
0.19085577115423086,0.0010684600367653538,interpolado
0.191,0.000926,original
0.1910554110822164,0.0009114901276131114,interpolado
0.1911552310462092,0.0009396047497638697,interpolado
0.19125505101020196,0.0010252803553328417,interpolado
0.19135487097419485,0.001154177101267885,interpolado
0.1914546909381876,0.0013119551445167877,interpolado
0.19155451090218045,0.001484274642027357,interpolado
0.19165433086617326,0.0016567957507473508,interpolado
0.191754150830166,0.001815178627624674,interpolado
0.19185397079415886,0.0019450834296070852,interpolado
0.192,0.002054,original
0.1920536107221444,0.0020627930629380565,interpolado
0.19215343068613722,0.002036790457532009,interpolado
0.19225325065013008,0.001966242683731258,interpolado
0.19235307061412282,0.0018636741058835856,interpolado
0.19245289057811563,0.0017416090883367744,interpolado
0.19255271054210846,0.0016125719954386052,interpolado
0.19265253050610123,0.0014890871915368919,interpolado
0.19275235047009406,0.0013836790409793456,interpolado
0.1928521704340868,0.0013088719081137822,interpolado
0.193,0.001281,original
0.19305181036207245,0.0013005661628863732,interpolado
0.19315163032606528,0.0013784606429626523,interpolado
0.193251450290058,0.0014984669905086724,interpolado
0.19335127025405083,0.001647707568290308,interpolado
0.19345109021804363,0.001813304739073447,interpolado
0.19355091018203638,0.0019823808656239767,interpolado
0.1936507301460292,0.0021420583107077456,interpolado
0.193750550110022,0.002279459437090731,interpolado
0.1938503700740148,0.002381706607538776,interpolado
0.194,0.002441,original
0.1940500100020004,0.002429453519871082,interpolado
0.1941498299659932,0.0023547984253849824,interpolado
0.194249649929986,0.0022095917304518387,interpolado
0.19434946989397883,0.001991690563268461,interpolado
0.1944492898579716,0.0016989520520316443,interpolado
0.19454910982196438,0.0013292333249383015,interpolado
0.19464892978595721,0.000880391510185024,interpolado
0.19474874974995002,0.0003502837359687015,interpolado
0.1948485697139428,-0.0002632328695138682,interpolado
0.19494838967793562,-0.0009623011780658887,interpolado
0.195,-0.001358,original
0.1951480296059212,-0.002592139345203013,interpolado
0.19524784956991403,-0.0034368872864593697,interpolado
0.19534766953390686,-0.004222615162065214,interpolado
0.1954474894978996,-0.004889788293613537,interpolado
0.19554730946189236,-0.005378872002697229,interpolado
0.19564712942588516,-0.005630331610909567,interpolado
0.195746949389878,-0.005584632439843381,interpolado
0.1958467693538708,-0.005182239811091663,interpolado
0.1959465893178636,-0.004363619046247409,interpolado
0.196,-0.003734,original
0.19614622924584918,-0.0013307045351823891,interpolado
0.19624604920984193,0.0007507281276270366,interpolado
0.19634586917383476,0.0030577198518161714,interpolado
0.1964456891378276,0.005475841830928547,interpolado
0.19654550910182036,0.00789066525850704,interpolado
0.19664532906581317,0.010187761328096566,interpolado
0.19674514902980603,0.012252701233239965,interpolado
0.1968449689937988,0.013971056167480787,interpolado
0.1969447889577916,0.015228397324362566,interpolado
0.197,0.015684,original
0.1971444288857772,0.015999914884488653,interpolado
0.19724424884977002,0.015562057399938066,interpolado
0.1973440688137628,0.01467848029986711,interpolado
0.1974438887777556,0.013428064920689958,interpolado
0.19754370874174837,0.01188969259881968,interpolado
0.19764352870574114,0.010142244670670358,interpolado
0.19774334866973398,0.008264602472655775,interpolado
0.19784316863372675,0.0063356473411897134,interpolado
0.19794298859771955,0.004434260612686477,interpolado
0.198,0.003391,original
0.19814262852570516,0.0010079568625271488,interpolado
0.198242448489698,-0.00042256037686912217,interpolado
0.19834226845369077,-0.0016186920367309873,interpolado
0.19844208841768354,-0.002546313691842809,interpolado
0.19854190838167632,-0.00317130091698969,interpolado
0.19864172834566915,-0.0034595292869559193,interpolado
0.19874154830966195,-0.003376874376526075,interpolado
0.1988413682736547,-0.002889211760484737,interpolado
0.19894118823764753,-0.0019624170136168127,interpolado
0.199,-0.001197,original
0.1991408281656331,0.0012649824285820442,interpolado
0.19924064812962589,0.003394404293841118,interpolado
0.19934046809361874,0.005686934542144379,interpolado
0.19944028805761152,0.008005585210615554,interpolado
0.19954010802160432,0.010213368336380335,interpolado
0.1996399279855971,0.012173295956562425,interpolado
0.1997397479495899,0.01374838010828621,interpolado
0.19983956791358273,0.014801632828676047,interpolado
0.1999393878775755,0.015196066154856292,interpolado
0.2,0.015056,original
0.2001390278055611,0.013594033004754992,interpolado
0.20023884776955392,0.011733545895682781,interpolado
0.20033866773354672,0.009375729391248606,interpolado
0.20043848769753958,0.006680087558160359,interpolado
0.20053830766153233,0.00380612446312786,interpolado
0.20063812762552516,0.0009133441728603537,interpolado
0.20073794758951796,-0.001838749245932945,interpolado
0.20083776755351074,-0.004290651726542164,interpolado
0.2009375875175035,-0.006282859202259466,interpolado
0.201,-0.007224,original
0.20113722744548912,-0.008363865142020024,interpolado
0.20123704740948192,-0.008492292556217194,interpolado
0.2013368673734747,-0.008146498396754031,interpolado
0.2014366873374675,-0.007429528267247197,interpolado
0.2015365073014603,-0.006444427771313614,interpolado
0.20163632726545314,-0.005294242512570168,interpolado
0.20173614722944594,-0.004082018094633745,interpolado
0.20183596719343871,-0.002910800121121537,interpolado
0.2019357871574315,-0.0018836341956497559,interpolado
0.202,-0.001347,original
0.20213542708541707,-0.0006138565928411815,interpolado
0.20223524704940987,-0.0003835450141283168,interpolado
0.20233506701340265,-0.0003709505873843918,interpolado
0.20243488697739548,-0.0005354793431318067,interpolado
0.20253470694138828,-0.0008365373118929918,interpolado
0.20263452690538108,-0.0012335305241903455,interpolado
0.2027343468693739,-0.001685865010546266,interpolado
0.20283416683336672,-0.0021529468014830242,interpolado
0.2029339867973595,-0.0025941819275232857,interpolado
0.203,-0.002852,original
0.20313362672534507,-0.003248166250318796,interpolado
0.20323344668933782,-0.003417811102553154,interpolado
0.20333326665333062,-0.0034660890267713272,interpolado
0.2034330866173234,-0.0033809929873264985,interpolado
0.20353290658131623,-0.0031505159485719137,interpolado
0.203632726545309,-0.0027626508748608146,interpolado
0.20373254650930178,-0.0022053907305466256,interpolado
0.20383236647329459,-0.0014667284799822864,interpolado
0.20393218643728733,-0.0005346570875211696,interpolado
0.204,0.000215,original
0.204131826365273,0.0019320294543550738,interpolado
0.20423164632926571,0.003402573335869573,interpolado
0.20433146629325855,0.004959123613311025,interpolado
0.20443128625725135,0.006546709763267017,interpolado
0.2045311062212442,0.008110361262325531,interpolado
0.20463092618523698,0.009595107587074547,interpolado
0.20473074614922976,0.010945978214101688,interpolado
0.20483056611322262,0.012108002619995705,interpolado
0.2049303860772154,0.013026210281344172,interpolado
0.205,0.013493,original
0.20513002600520103,0.013946884188349433,interpolado
0.2052298459691938,0.013964816525235482,interpolado
0.2053296659331866,0.013741520002079198,interpolado
0.2054294858971794,0.013318640735240044,interpolado
0.20552930586117227,0.012737824841077506,interpolado
0.20562912582516507,0.012040718435951083,interpolado
0.2057289457891578,0.011268967636220484,interpolado
0.20582876575315065,0.010464218558244776,interpolado
0.20592858571714343,0.009668117318383651,interpolado
0.206,0.009127,original
0.20612822564512903,0.008255165396792934,interpolado
0.20622804560912178,0.007673473209327959,interpolado
0.20632786557311455,0.007181152145611492,interpolado
0.2064276855371074,0.006782265226632664,interpolado
0.2065275055011002,0.006480875473380599,interpolado
0.20662732546509296,0.006281045906844465,interpolado
0.20672714542908577,0.006186839548013277,interpolado
0.20682696539307854,0.006202319417876233,interpolado
0.20692678535707132,0.00633154853742246,interpolado
0.207,0.006501,original
0.20712642528505693,0.00693547769021498,interpolado
0.20722624524904976,0.007373422887872895,interpolado
0.20732606521304253,0.007860851911520098,interpolado
0.20742588517703534,0.008366303258434312,interpolado
0.2075257051410282,0.008858315425893269,interpolado
0.207625525105021,0.009305426911174572,interpolado
0.20772534506901377,0.009676176211556205,interpolado
0.20782516503300655,0.009939101824315759,interpolado
0.2079249849969994,0.010062742246730962,interpolado
0.208,0.010045,original
0.20812462492498496,0.009789303218359621,interpolado
0.2082244448889778,0.009417581920425981,interpolado
0.2083242648529706,0.008940046881501603,interpolado
0.20842408481696337,0.008396091690362524,interpolado
0.2085239047809562,0.007825109935784788,interpolado
0.20862372474494895,0.007266495206544582,interpolado
0.2087235447089417,0.006759641091417629,interpolado
0.20882336467293455,0.006343941179180126,interpolado
0.20892318463692733,0.006058789058608116,interpolado
0.209,0.005953,original
0.2091228245649129,0.006011986056811859,interpolado
0.20922264452890574,0.006227378854901763,interpolado
0.20932246449289854,0.00654615671012174,interpolado
0.20942228445689137,0.0069248885861533565,interpolado
0.2095221044208841,0.0073201434466780724,interpolado
0.20962192438487698,0.007688490255377694,interpolado
0.20972174434886978,0.007986497975933673,interpolado
0.20982156431286259,0.00817073557202758,interpolado
0.20992138427685536,0.008197772007340988,interpolado
0.21,0.00808,original
0.21012102420484097,0.007632416227312399,interpolado
0.21022084416883377,0.007058734623409835,interpolado
0.21032066413282655,0.006347030233102778,interpolado
0.21042048409681935,0.005541062561110127,interpolado
0.21052030406081212,0.00468459111215102,interpolado
0.21062012402480496,0.0038213753909438677,interpolado
0.21071994398879773,0.002995174902207803,interpolado
0.21081976395279056,0.002249749150661718,interpolado
0.2109195839167834,0.0016288576410245135,interpolado
0.211,0.001249,original
0.21111922384476897,0.0009131638690903789,interpolado
0.21121904380876175,0.0008111283009582256,interpolado
0.21131886377275455,0.0008344028456416395,interpolado
0.21141868373674735,0.0009473343943102252,interpolado
0.21151850370074013,0.001114269838133536,interpolado
0.21161832366473296,0.0012995560682812787,interpolado
0.21171814362872574,0.0014675399759230153,interpolado
0.21181796359271857,0.0015825684522283532,interpolado
0.21191778355671134,0.0016089883883669033,interpolado
0.212,0.001539,original
0.21211742348469695,0.0012737616171219648,interpolado
0.21221724344868975,0.0009290678280110523,interpolado
0.21231706341268256,0.000516566965992602,interpolado
0.21241688337667528,7.56920524277139e-05,interpolado
0.2125167033406681,-0.0003541238913228853,interpolado
0.21261652330466088,-0.0007334478438980965,interpolado
0.21271634326865368,-0.001022846783936941,interpolado
0.2128161632326465,-0.0011828876900784387,interpolado
0.2129159831966392,-0.0011741375409616407,interpolado
0.213,-0.001007,original
0.21311562312462484,-0.0005175551942916928,interpolado
0.21321544308861767,9.730449613436649e-05,interpolado
0.21331526305261045,0.0008301770695673713,interpolado
0.21341508301660325,0.0016238877306643162,interpolado
0.21351490298059606,0.0024212616840828794,interpolado
0.21361472294458886,0.0031651241344800665,interpolado
0.2137145429085817,0.0037983002865131007,interpolado
0.2138143628725745,0.004263615344839203,interpolado
0.21391418283656732,0.004503894514115563,interpolado
0.214,0.004487,original
0.21411382276455287,0.004108530259482813,interpolado
0.21421364272854573,0.0034871581591209397,interpolado
0.2143134626925385,0.0026535669542832553,interpolado
0.21441328265653128,0.0016634249835285355,interpolado
0.21451310262052412,0.0005724005854147094,interpolado
0.21461292258451692,-0.0005638379014994864,interpolado
0.2147127425485097,-0.0016896221386555625,interpolado
0.21481256251250247,-0.0027492837874947525,interpolado
0.2149123824764953,-0.003687154509459172,interpolado
0.215,-0.004366,original
0.2151120224044809,-0.004994589600876689,interpolado
0.21521184236847374,-0.005346833084904018,interpolado
0.21531166233246643,-0.0055324511129242636,interpolado
0.21541148229645926,-0.005579572866422362,interpolado
0.21551130226045204,-0.005516327526883082,interpolado
0.21561112222444484,-0.005370844275791262,interpolado
0.21571094218843767,-0.00517125229463174,interpolado
0.21581076215243045,-0.004945680764889421,interpolado
0.21591058211642322,-0.00472225886804901,interpolado
0.216,-0.004547,original
0.2161102220444088,-0.004387930769909341,interpolado
0.2162100420084017,-0.004301548560337578,interpolado
0.21630986197239443,-0.00426934853128125,interpolado
0.21640968193638727,-0.004290715478525545,interpolado
0.21650950190038004,-0.004365034197855678,interpolado
0.21660932186437284,-0.004491689485056853,interpolado
0.2167091418283657,-0.004670066135914274,interpolado
0.21680896179235848,-0.004899548946213068,interpolado
0.21690878175635125,-0.005179522711738567,interpolado
0.217,-0.005479,original
0.21710842168433686,-0.005881855830140161,interpolado
0.21720824164832966,-0.00626928765326792,interpolado
0.2173080616123224,-0.006640022404612369,interpolado
0.2174078815763153,-0.006962418100069219,interpolado
0.21750770154030805,-0.00720483275553386,interpolado
0.21760752150430082,-0.007335624386901787,interpolado
0.2177073414682936,-0.007323151010068529,interpolado
0.21780716143228643,-0.007135770640929582,interpolado
0.2179069813962792,-0.0067418412953804225,interpolado
0.218,-0.006161,original
0.2181066213242649,-0.005227222078506858,interpolado
0.21820644128825759,-0.004145552326469853,interpolado
0.21830626125225044,-0.002928857649707314,interpolado
0.21840608121624325,-0.0016412789149515994,interpolado
0.21850590118023605,-0.0003469569889348077,interpolado
0.21860572114422885,0.0008899672616109692,interpolado
0.21870554110822166,0.0020053529699533513,interpolado
0.2188053610722144,0.0029350592693608794,interpolado
0.21890518103620726,0.0036149452931011324,interpolado
0.219,0.003971,original
0.21910482096419284,0.003991678030059844,interpolado
0.21920464092818565,0.0036853049880631113,interpolado
0.21930446089217845,0.003116710335738118,interpolado
0.21940428085617125,0.0023408508642232266,interpolado
0.21950410082016406,0.0014126833646567554,interpolado
0.21960392078415683,0.00038716462817702646,interpolado
0.21970374074814966,-0.0006807485540773411,interpolado
0.2198035607121424,-0.0017360993909686336,interpolado
0.2199033806761352,-0.002723931091358239,interpolado
0.22,-0.003564,original
0.22010302060412076,-0.004290079562906989,interpolado
0.22020284056811365,-0.004830976763415947,interpolado
0.2203026605321064,-0.0052272642048479135,interpolado
0.22040248049609926,-0.005494227240489625,interpolado
0.22050230046009206,-0.005647151223627806,interpolado
0.2206021204240848,-0.005701321507549187,interpolado
0.22070194038807767,-0.005672023445540527,interpolado
0.22080176035207044,-0.005574542390888524,interpolado
0.22090158031606327,-0.00542416369687991,interpolado
0.221,-0.005239,original
0.22110122024404882,-0.005024154316666617,interpolado
0.22120104020804165,-0.004795171759599342,interpolado
0.22130086017203446,-0.004554725081366251,interpolado
0.22140068013602723,-0.004308314322236066,interpolado
0.22150050010002004,-0.004061439522477503,interpolado
0.2216003200640128,-0.003819600722359345,interpolado
0.22170014002800562,-0.003588297962150172,interpolado
0.22179995999199842,-0.0033730312821187718,interpolado
0.22189977995599125,-0.0031793007225338612,interpolado
0.222,-0.003012,original
0.2220994198839768,-0.002876016363153091,interpolado
0.2221992398479696,-0.0027627544025271224,interpolado
0.2222990598119624,-0.0026635530529110518,interpolado
0.2223988797759552,-0.0025691449252711715,interpolado
0.222498699739948,-0.002470262630573772,interpolado
0.2225985197039408,-0.0023576387797851787,interpolado
0.22269833966793356,-0.0022220059838716204,interpolado
0.2227981596319264,-0.0020540968537994184,interpolado
0.2228979795959192,-0.0018446440005348624,interpolado
0.223,-0.001578,original
0.22309761952390475,-0.0012685354755826647,interpolado
0.2231974394878976,-0.0009115628803383868,interpolado
0.22329725945189036,-0.0005330486687944873,interpolado
0.22339707941588313,-0.00015257931194841644,interpolado
0.2234968993798759,0.00021025871920227977,interpolado
0.22359671934386877,0.0005358789536603583,interpolado
0.22369653930786154,0.0008046949204282658,interpolado
0.22379635927185434,0.000997120148508552,interpolado
0.22389617923584715,0.0010935681669037686,interpolado
0.224,0.001071,original
0.2240958191638327,0.0009274838263207849,interpolado
0.22419563912782553,0.0006732943849756605,interpolado
0.2242954590918183,0.0003417964454235787,interpolado
0.2243952790558112,-3.709719632014875e-05,interpolado
0.2244950990198039,-0.00043347374424010024,interpolado
0.22459491898379677,-0.0008174204023211899,interpolado
0.22469473894778955,-0.0011590243745479966,interpolado
0.22479455891178235,-0.001428372864905208,interpolado
0.22489437887577518,-0.001595553077377512,interpolado
0.225,-0.001628,original
0.22509401880376073,-0.001513289456180771,interpolado
0.22519383876775353,-0.001268489552221338,interpolado
0.22529365873174637,-0.0009347825199967888,interpolado
0.22539347869573917,-0.000550700614582449,interpolado
0.2254932986597319,-0.000154776091053753,interpolado
0.22559311862372475,0.00021445879551419927,interpolado
0.22569293858771755,0.0005184717900459731,interpolado
0.22579275855171033,0.0007187306374662406,interpolado
0.2258925785157031,0.0007767030826996825,interpolado
0.226,0.000636,original
0.22609221844368874,0.0003233542773929522,interpolado
0.22619203840768157,-0.00018281329501649096,interpolado
0.22629185837167434,-0.0008141963486954095,interpolado
0.22639167833566715,-0.0015203388359396608,interpolado
0.22649149829965998,-0.0022507847090457015,interpolado
0.22659131826365272,-0.002955077920309401,interpolado
0.22669113822764558,-0.0035827624220268165,interpolado
0.22679095819163833,-0.004083382166494002,interpolado
0.22689077815563113,-0.004406481106006954,interpolado
0.227,-0.004497,original
0.22709041808361677,-0.004329687820168778,interpolado
0.22719023804760957,-0.003912227312776609,interpolado
0.22729005801160235,-0.0032907487620730245,interpolado
0.22738987797559512,-0.0025067920712237117,interpolado
0.22748969793958793,-0.0016018971433936742,interpolado
0.22758951790358076,-0.0006176038817485591,interpolado
0.2276893378675735,0.00040454781054618486,interpolado
0.22778915783156636,0.0014230180303251069,interpolado
0.2278889777955591,0.0023962668744224973,interpolado
0.228,0.003375,original
0.22808861772354472,0.004045489592788699,interpolado
0.22818843768753755,0.004673021761971658,interpolado
0.22828825765153035,0.005162808237983723,interpolado
0.22838807761552307,0.005512315500133791,interpolado
0.22848789757951588,0.00571901002773103,interpolado
0.2285877175435087,0.005780358300084299,interpolado
0.2286875375075015,0.005693826796502568,interpolado
0.2287873574714943,0.005456881996294901,interpolado
0.2288871774354871,0.005066990378770135,interpolado
0.229,0.004439,original
0.22908681736347272,0.003823249986781588,interpolado
0.2291866373274655,0.0030041479670489557,interpolado
0.22928645729145827,0.0021075192992475894,interpolado
0.22938627725545108,0.0011765877743194668,interpolado
0.22948609721944388,0.00025457718320731496,interpolado
0.22958591718343668,-0.000615288683146382,interpolado
0.22968573714742951,-0.0013897860337991376,interpolado
0.22978555711142226,-0.0020256910778083128,interpolado
0.22988537707541506,-0.002479780024231786,interpolado
0.23,-0.002721,original
0.23008501700340067,-0.0026786453857722157,interpolado
0.2301848369673935,-0.00241171950435366,interpolado
0.23028465693138625,-0.0019524837616136151,interpolado
0.23038447689537903,-0.0013454181529914335,interpolado
0.23048429685937188,-0.0006350026739268332,interpolado
0.2305841168233647,0.00013428268014057678,interpolado
0.2306839367873575,0.0009179579137711787,interpolado
0.23078375675135032,0.0016715430315251594,interpolado
0.23088357671534304,0.002350558037963333,interpolado
0.231,0.002989,original
0.2310832166433287,0.0033126706888403305,interpolado
0.23118303660732156,0.0035561740939626307,interpolado
0.2312828565713143,0.0036556685231075663,interpolado
0.23138267653530709,0.003625834721197824,interpolado
0.2314824964992999,0.0034813534331559932,interpolado
0.23158231646329266,0.003236905403904708,interpolado
0.2316821364272855,0.0029071713783667043,interpolado
0.23178195639127827,0.002506832101464432,interpolado
0.23188177635527107,0.0020505683181206054,interpolado
0.232,0.001458,original
0.2320814162832567,0.0010295780536994413,interpolado
0.23218123624724943,0.0004995216608183773,interpolado
0.2322810562112423,-1.5934197938235308e-05,interpolado
0.232380876175235,-0.0004956085255759438,interpolado
0.23248069613922784,-0.0009183203251004433,interpolado
0.2325805161032206,-0.0012628885995174283,interpolado
0.23268033606721336,-0.001508132351832542,interpolado
0.23278015603120622,-0.0016328705850516207,interpolado
0.23287997599519897,-0.0016159223021802744,interpolado
0.233,-0.001378,original
0.23307961592318466,-0.0010779673592858125,interpolado
0.23317943588717743,-0.0005686897808644289,interpolado
0.23327925585117018,4.5300389270939074e-05,interpolado
0.23337907581516304,0.0007174837487114254,interpolado
0.23347889577915582,0.001401340895048286,interpolado
0.2335787157431486,0.002050352425872776,interpolado
0.23367853570714142,0.002617998938776009,interpolado
0.23377835567113422,0.0030577610313495675,interpolado
0.23387817563512708,0.0033231193011845355,interpolado
0.234,0.003343,original
0.23407781556311266,0.003152199890731297,interpolado
0.23417763552710544,0.0026986164806013092,interpolado
0.2342774554910982,0.0020570382791721027,interpolado
0.23437727545509104,0.0012778724987829366,interpolado
0.23447709541908385,0.0004115263517729758,interpolado
0.2345769153830766,-0.0004915929495183651,interpolado
0.23467673534706934,-0.001381078192752436,interpolado
0.2347765553110622,-0.0022065221655898247,interpolado
0.23487637527505498,-0.002917517655691365,interpolado
0.235,-0.003564,original
0.23507601520304058,-0.003801215806429869,interpolado
0.23517583516703336,-0.0039424377214853775,interpolado
0.23527565513102616,-0.003927487408412654,interpolado
0.235375475095019,-0.0037967342724813617,interpolado
0.2354752950590118,-0.0035905477189611735,interpolado
0.23557511502300457,-0.0033492971531218245,interpolado
0.2356749349869974,-0.0031133519802328397,interpolado
0.2357747549509902,-0.002923081605563951,interpolado
0.235874574914983,-0.002818855434384827,interpolado
0.236,-0.002872,original
0.23607421484296856,-0.0030242878585825615,interpolado
0.23617403480696142,-0.003352303827344952,interpolado
0.23627385477095422,-0.0037821077066873543,interpolado
0.23637367473494703,-0.004270481289143555,interpolado
0.23647349469893983,-0.004774206367247337,interpolado
0.2365733146629326,-0.005250064733532363,interpolado
0.2366731346269254,-0.005654838180532689,interpolado
0.2367729545909182,-0.0059453085007819635,interpolado
0.236872774554911,-0.0060782574868139694,interpolado
0.237,-0.005951,original
0.23707241448289654,-0.005704106135557008,interpolado
0.23717223444688937,-0.005172283307957699,interpolado
0.23727205441088212,-0.004456155413705668,interpolado
0.23737187437487497,-0.0035971714458193416,interpolado
0.23747169433886778,-0.002636780397317412,interpolado
0.23757151430286058,-0.001616431261217757,interpolado
0.23767133426685336,-0.0005775730305390498,interpolado
0.23777115423084616,0.0004383453017002902,interpolado
0.23787097419483894,0.0013898747424818433,interpolado
0.238,0.002457,original
0.23807061412282451,0.002936780080437366,interpolado
0.23817043408681737,0.003483136621913836,interpolado
0.23827025405081015,0.0038805979882920705,interpolado
0.23837007401480295,0.004135324992337893,interpolado
0.23846989397879576,0.004253478446817114,interpolado
0.23856971394278853,0.004241219164495618,interpolado
0.2386695339067813,0.004104707958139178,interpolado
0.23876935387077416,0.0038501056405136195,interpolado
0.23886917383476694,0.0034835730243847614,interpolado
0.239,0.002844,original
0.23906881376275255,0.0024407527824988466,interpolado
0.23916863372674535,0.001794496357971085,interpolado
0.23926845369073813,0.0011040394475807526,interpolado
0.23936827365473093,0.0004010472463322708,interpolado
0.23946809361872373,-0.0002828150507697523,interpolado
0.23956791358271656,-0.0009158822487212807,interpolado
0.23966773354670937,-0.0014664891525176973,interpolado
0.23976755351070214,-0.0019029705671545789,interpolado
0.23986737347469492,-0.0021936612976275038,interpolado
0.24,-0.0023,original
0.24006701340268055,-0.0022148496847590494,interpolado
0.24016683336667333,-0.0019335846112035655,interpolado
0.24026665333066613,-0.0015071268969079046,interpolado
0.24036647329465888,-0.0009799530170084328,interpolado
0.2404662932586517,-0.00039653944664106133,interpolado
0.2405661132226445,0.00019863733905786798,interpolado
0.24066593318663732,0.0007611008649521399,interpolado
0.24076575315063006,0.0012463746559055464,interpolado
0.2408655731146229,0.0016099822367817958,interpolado
0.241,0.001829,original
0.24106521304260844,0.0017981632039003868,interpolado
0.2411650330066013,0.001588770431741995,interpolado
0.24126485297059408,0.0012174954777965728,interpolado
0.24136467293458683,0.0007231434117627305,interpolado
0.24146449289857963,0.0001445193033386432,interpolado
0.24156431286257246,-0.00047957177777710626,interpolado
0.24166413282656526,-0.001110324761886061,interpolado
0.24176395279055807,-0.0017089345792897595,interpolado
0.24186377275455082,-0.0022365961602896097,interpolado
0.242,-0.002772,original
0.24206341268253645,-0.00292654066569808,interpolado
0.24216323264652928,-0.0030516604919876037,interpolado
0.24226305261052206,-0.0030534191861335256,interpolado
0.24236287257451483,-0.0029558804090059464,interpolado
0.24246269253850763,-0.002783107821474869,interpolado
0.24256251250250047,-0.0025591650844103684,interpolado
0.24266233246649324,-0.0023081158586825083,interpolado
0.24276215243048604,-0.0020540238051614187,interpolado
0.24286197239447888,-0.0018209525847170162,interpolado
0.243,-0.001578,original
0.2430616123224644,-0.0015123763796758701,interpolado
0.24316143228645726,-0.0014570062639328832,interpolado
0.24326125225045006,-0.0014466618043493865,interpolado
0.24336107221444292,-0.001460731741871825,interpolado
0.2434608921784357,-0.0014786048174466528,interpolado
0.2435607121424285,-0.0014796697720203154,interpolado
0.24366053210642136,-0.0014433153465392597,interpolado
0.24376035207041413,-0.0013489302819499668,interpolado
0.24386017203440696,-0.001175903319198836,interpolado
0.244,-0.000762,original
0.2440598119623926,-0.0005133643874805205,interpolado
0.24415963192638537,-1.470714629460971e-05,interpolado
0.24425945189037815,0.0005609323986328402,interpolado
0.24435927185437095,0.0011815737636407713,interpolado
0.2444590918183637,0.0018152364650676478,interpolado
0.2445589117823565,0.0024299400192520854,interpolado
0.2446587317463493,0.002993703942532699,interpolado
0.24475855171034205,0.003474547751247983,interpolado
0.2448583716743349,0.0038404909617368284,interpolado
0.245,0.0041,original
0.24505801160232052,0.004102275824789673,interpolado
0.2451578315663133,0.0039799060734425394,interpolado
0.24525765153030607,0.0037366155413649654,interpolado
0.24535747149429887,0.0034175200368075148,interpolado
0.24545729145829165,0.0030677353680209586,interpolado
0.2455571114222845,0.002732377343256008,interpolado
0.24565693138627728,0.0024565617707634417,interpolado
0.24575675135027006,0.0022854044587938107,interpolado
0.24585657131426286,0.0022640212155979147,interpolado
0.246,0.002586,original
0.2460562112422485,0.002848259079004336,interpolado
0.2461560312062413,0.003490192767983999,interpolado
0.24625585117023407,0.004316299838011377,interpolado
0.2463556711342269,0.005278252640357843,interpolado
0.24645549109821968,0.006327723526294916,interpolado
0.24655531106221248,0.007416384847094115,interpolado
0.24665513102620526,0.008495908954026667,interpolado
0.2467549509901981,0.009517968198364701,interpolado
0.24685477095419087,0.010434234931379436,interpolado
0.247,0.011479,original
0.24705441088217647,0.011758130775580468,interpolado
0.24715423084616928,0.012111703662237804,interpolado
0.24725405081016205,0.012283544569879297,interpolado
0.24735387077415483,0.012301289782958432,interpolado
0.24745369073814766,0.012192575585928827,interpolado
0.24755351070214046,0.011985038263244091,interpolado
0.2476533306661332,0.011706314099357922,interpolado
0.24775315063012604,0.011384039378723775,interpolado
0.24785297059411882,0.01104585038579533,interpolado
0.248,0.010577,original
0.24805261052210442,0.010430994613163472,interpolado
0.24815243048609725,0.010181025953964293,interpolado
0.24825225045009003,0.009945578188341544,interpolado
0.24835207041408286,0.009699827133557475,interpolado
0.24845189037807566,0.009418948606874264,interpolado
0.24855171034206844,0.009078118425554194,interpolado
0.24865153030606116,0.008652512406859256,interpolado
0.248751350270054,0.008117306368051714,interpolado
0.24885117023404685,0.007447676126393742,interpolado
0.249,0.006146,original
0.24905081016203237,0.00560760601086789,interpolado
0.2491506301260252,0.004429846759906545,interpolado
0.24925045009001792,0.0031391720458209295,interpolado
0.2493502700540108,0.0017908133696289252,interpolado
0.2494500900180036,0.00044000223234840527,interpolado
0.2495499099819964,-0.0008580298650024023,interpolado
0.24964972994598925,-0.002048051421406671,interpolado
0.249749549909982,-0.0030748309358452183,interpolado
0.24984936987397474,-0.003883136907300911,interpolado
0.2499491898379676,-0.004417737834756132,interpolado
0.25,-0.004567,original
0.2501488297659532,-0.004507158424810287,interpolado
0.250248649729946,-0.004117332618561777,interpolado
0.25034846969393876,-0.003513621314580319,interpolado
0.2504482896579316,-0.002753497782257262,interpolado
0.25054810962192436,-0.0018944352909852787,interpolado
0.2506479295859172,-0.0009939071101552884,interpolado
0.25074774954991,-0.00010938650916011708,interpolado
0.2508475695139027,0.0007016532426089242,interpolado
0.2509473894778956,0.001381738875760364,interpolado
0.251,0.001668,original
0.2511470294058812,0.0021665446464047377,interpolado
0.251246849369874,0.0022858075521946398,interpolado
0.25134666933386673,0.002264258188228755,interpolado
0.25144648929785957,0.002133400131377939,interpolado
0.2515463092618524,0.001924736958513309,interpolado
0.2516461292258452,0.0016697722465056242,interpolado
0.25174594918983795,0.0014000095722261385,interpolado
0.2518457691538308,0.0011469525125456749,interpolado
0.2519455891178236,0.0009421046443350933,interpolado
0.252,0.000862,original
0.2521452290458092,0.0007809184407894548,interpolado
0.252245049009802,0.0008255292774221714,interpolado
0.25234486897379477,0.0009385099043380644,interpolado
0.2524446889377876,0.0011082447142231854,interpolado
0.2525445089017804,0.0013231180997632847,interpolado
0.2526443288657732,0.0015715144536445297,interpolado
0.252744148829766,0.0018418181685525838,interpolado
0.25284396879375876,0.00212241363717352,interpolado
0.25294378875775153,0.002401685252193435,interpolado
0.253,0.002554,original
0.25314342868573714,0.002909240032524675,interpolado
0.25324324864972997,0.003112696239235885,interpolado
0.25334306861372274,0.003265633422579065,interpolado
0.2534428885777156,0.0033553145628104296,interpolado
0.25354270854170835,0.0033690026401859367,interpolado
0.2536425285057011,0.003293960634961717,interpolado
0.25374234846969396,0.0031174515273937036,interpolado
0.25384216843368673,0.002826738297738148,interpolado
0.25394198839767956,0.0024090839262507742,interpolado
0.254,0.002103,original
0.2541416283256651,0.001167040625267112,interpolado
0.2542414482896579,0.00039115565692682106,interpolado
0.2543412682536507,-0.0004354026894665464,interpolado
0.2544410882176435,-0.0012727776428258706,interpolado
0.2545409081816364,-0.0020811124320622145,interpolado
0.25464072814562905,-0.002820550286088049,interpolado
0.25474054810962193,-0.0034512344338157017,interpolado
0.2548403680736147,-0.003933308104156459,interpolado
0.25494018803760754,-0.00422691452602282,interpolado
0.255,-0.004296,original
0.2551398279655931,-0.004125051544251769,interpolado
0.255239647929586,-0.003758353870838413,interpolado
0.25533946789357875,-0.0032311276005349823,interpolado
0.25543928785757153,-0.002581558952430054,interpolado
0.2555391078215643,-0.0018478341456134805,interpolado
0.25563892778555714,-0.0010681393991740437,interpolado
0.2557387477495499,-0.0002806609322004264,interpolado
0.25583856771354274,0.0004764150362173668,interpolado
0.2559383876775355,0.0011649022869910156,interpolado
0.256,0.001539,original
0.25613802760552107,0.002203817961378728,interpolado
0.2562378475695139,0.0025416193341713357,interpolado
0.25633766753350673,0.00276867995028853,interpolado
0.25643748749749956,0.002893227237256732,interpolado
0.25653730746149234,0.0029234886226019597,interpolado
0.2566371274254851,0.0028676915338504694,interpolado
0.25673694738947794,0.0027340633985283224,interpolado
0.25683676735347066,0.0025308316441618266,interpolado
0.2569365873174635,0.002266223698276923,interpolado
0.257,0.00207,original
0.25713622724544904,0.0015826149656161803,interpolado
0.25723604720944193,0.0011699046558006011,interpolado
0.2573358671734347,0.0007110105983054938,interpolado
0.2574356871374275,0.00020666791907447376,interpolado
0.25753550710142026,-0.00034238825594777453,interpolado
0.25763532706541303,-0.0009354228008173924,interpolado
0.25773514702940586,-0.001571700589590623,interpolado
0.25783496699339864,-0.0022504864963226326,interpolado
0.25793478695739147,-0.002971045395070051,interpolado
0.258,-0.003464,original
0.258134426885377,-0.004523536531812947,interpolado
0.25823424684936985,-0.005317777259159755,interpolado
0.2583340668133627,-0.0060874055752403195,interpolado
0.25843388677735546,-0.006804650483186418,interpolado
0.2585337067413483,-0.007441740986129713,interpolado
0.25863352670534107,-0.007970906087200823,interpolado
0.25873334666933395,-0.00836437478953164,interpolado
0.2588331666333267,-0.00859437609625305,interpolado
0.2589329865973195,-0.008633139010496652,interpolado
0.259,-0.008538,original
0.25913262652530505,-0.0080563822908857,interpolado
0.25923244648929794,-0.007488578584876799,interpolado
0.25933226645329066,-0.006800235918520718,interpolado
0.25943208641728344,-0.0060416469148993675,interpolado
0.25953190638127627,-0.005263104197094496,interpolado
0.259631726345269,-0.0045149003881891775,interpolado
0.2597315463092619,-0.0038473281112648187,interpolado
0.2598313662732546,-0.003310679989404366,interpolado
0.2599311862372474,-0.0029552486456896057,interpolado
0.26,-0.002842,original
0.260130826165233,-0.002950587860763515,interpolado
0.2602306461292258,-0.0032675624209982275,interpolado
0.26033046609321864,-0.0037291041414022237,interpolado
0.26043028605721136,-0.0042825808965390065,interpolado
0.2605301060212042,-0.004875360560972286,interpolado
0.26062992598519696,-0.005454811009264755,interpolado
0.2607297459491898,-0.005968300115980374,interpolado
0.2608295659131826,-0.00636319575568193,interpolado
0.2609293858771754,-0.006586865802933104,interpolado
0.261,-0.006613,original
0.261129025805161,-0.006344987547043731,interpolado
0.26122884576915384,-0.005899412343864005,interpolado
0.26132866573314667,-0.005294929148671389,interpolado
0.2614284856971395,-0.004576108812418658,interpolado
0.2615283056611323,-0.003787522186058333,interpolado
0.26162812562512505,-0.00297374012054428,interpolado
0.2617279455891179,-0.00217933346682862,interpolado
0.26182776555311066,-0.0014488730758652245,interpolado
0.2619275855171034,-0.0008269297986066148,interpolado
0.262,-0.000469,original
0.26212722544508904,-6.427676499048279e-05,interpolado
0.2622270454090819,7.054300857393145e-05,interpolado
0.2623268653730747,6.753569431487864e-05,interpolado
0.2624266853370675,-5.2373751304671276e-05,interpolado
0.26252650530106025,-0.00026826037182200774,interpolado
0.26262632526505303,-0.0005591992107740284,interpolado
0.26272614522904586,-0.0009042653116981774,interpolado
0.26282596519303864,-0.0012825337181312099,interpolado
0.2629257851570314,-0.0016730794736104508,interpolado
0.263,-0.001959,original
0.2631254250850171,-0.002408286298729141,interpolado
0.2632252450490099,-0.002714825133788737,interpolado
0.2633250650130026,-0.0029566508761750833,interpolado
0.26342488497699534,-0.003115811911061341,interpolado
0.2635247049409882,-0.0031743566236204918,interpolado
0.263624524904981,-0.003114333399025442,interpolado
0.26372434486897384,-0.002917790622449081,interpolado
0.2638241648329666,-0.0025667766790645977,interpolado
0.26392398479695933,-0.002043339954044903,interpolado
0.264,-0.001518,original
0.26412362472494494,-0.00042735127262360855,interpolado
0.26422344468893777,0.0006231687851976486,interpolado
0.26432326465293055,0.001776797185782097,interpolado
0.2644230846169234,0.0029884422778926143,interpolado
0.26452290458091615,0.004213012410294665,interpolado
0.2646227245449089,0.00540541593175105,interpolado
0.26472254450890176,0.006520561191026627,interpolado
0.2648223644728946,0.0075133565368860795,interpolado
0.2649221844368873,0.008338710318092466,interpolado
0.265,0.008837,original
0.26512182436487297,0.009328491322125385,interpolado
0.2652216443288658,0.009490281072533252,interpolado
0.26532146429285863,0.009463774784699935,interpolado
0.26542128425685135,0.009275718852106232,interpolado
0.2655211042208442,0.008952859668232716,interpolado
0.265620924184837,0.00852194362656052,interpolado
0.2657207441488297,0.00800971712057025,interpolado
0.2658205641128226,0.00744292654374234,interpolado
0.2659203840768154,0.006848318289558182,interpolado
0.266,0.006372,original
0.266120024004801,0.005679730463058472,interpolado
0.2662198439687938,0.005147206461528273,interpolado
0.26631966393278655,0.004671776818232358,interpolado
0.26641948389677933,0.004270165455653249,interpolado
0.2665193038607722,0.003959096296272508,interpolado
0.26661912382476494,0.0037552932625724744,interpolado
0.2667189437887577,0.00367548027703494,interpolado
0.26681876375275054,0.0037363812621419665,interpolado
0.2669185837167433,0.003954720140375482,interpolado
0.267,0.004261,original
0.267118223644729,0.004913706532716673,interpolado
0.2672180436087217,0.005615574862156474,interpolado
0.2673178635727146,0.00640844859525536,interpolado
0.2674176835367073,0.00724801425860589,interpolado
0.2675175035007002,0.008089958378802399,interpolado
0.26761732346469297,0.008889967482437387,interpolado
0.26771714342868574,0.009603728096104783,interpolado
0.2678169633926786,0.010186926746398319,interpolado
0.2679167833566714,0.010595249959910789,interpolado
0.268,0.01077,original
0.26811642328465696,0.010729708039419205,interpolado
0.26821624324864973,0.010454013485168341,interpolado
0.2683160632126425,0.009987512397399544,interpolado
0.26841588317663534,0.009360359457792582,interpolado
0.26851570314062817,0.008602709348026037,interpolado
0.26861552310462095,0.007744716749780007,interpolado
0.2687153430686137,0.006816536344733346,interpolado
0.26881516303260655,0.005848322814564753,interpolado
0.2689149829965994,0.004870230840954557,interpolado
0.269,0.004052,original
0.2691146229245849,0.0030002209930008387,interpolado
0.26921444288857765,0.0021467389416447696,interpolado
0.26931426285257054,0.0013630555679780764,interpolado
0.2694140828165633,0.0006602678473497748,interpolado
0.2695139027805562,4.947275510723617e-05,interpolado
0.269613722744549,-0.0004582327334007164,interpolado
0.26971354270854175,-0.0008517516428263084,interpolado
0.26981336267253453,-0.001119986997821513,interpolado
0.26991318263652736,-0.001251841823037888,interpolado
0.27,-0.001247,original
0.27011282256451297,-0.001070721408491305,interpolado
0.27021264252850574,-0.0007763976178765638,interpolado
0.2703124624924986,-0.000378313934352925,interpolado
0.27041228245649135,9.847679560884954e-05,interpolado
0.270512102420484,0.0006289217255386467,interpolado
0.27061192238447684,0.0011879680089664725,interpolado
0.2707117423484696,0.0017505627994213885,interpolado
0.27081156231246245,0.00229165325043368,interpolado
0.2709113822764553,0.0027861865155324288,interpolado
0.271,0.003166,original
0.27111102220444083,0.003542992404432298,interpolado
0.27121084216843366,0.0037921217685881747,interpolado
0.27131066213242644,0.003964692754994395,interpolado
0.27141048209641927,0.00406889244775762,interpolado
0.271510302060412,0.004112907930984813,interpolado
0.2716101220244048,0.004104926288782808,interpolado
0.27170994198839765,0.004053134605258461,interpolado
0.2718097619523905,0.003965719964518577,interpolado
0.27190958191638326,0.0038508694506701026,interpolado
0.272,0.00373,original
0.27210922184436886,0.0035693987538213917,interpolado
0.2722090418083617,0.0034080768155180007,interpolado
0.27230886177235447,0.00323086621708007,interpolado
0.2724086817363473,0.0030358302525637913,interpolado
0.2725085017003401,0.0028210322160250566,interpolado
0.27260832166433285,0.002584535401519721,interpolado
0.27270814162832563,0.002324403103104038,interpolado
0.27280796159231846,0.0020386986148337055,interpolado
0.2729077815563113,0.0017254852307650313,interpolado
0.273,0.00141,original
0.2731074214842969,0.0010113828064019946,interpolado
0.2732072414482896,0.0006200786157569915,interpolado
0.2733070614122825,0.00021948465084882106,interpolado
0.2734068813762753,-0.00017982903103202358,interpolado
0.27350670134026805,-0.0005672923725957195,interpolado
0.2736065213042609,-0.0009323353165524169,interpolado
0.27370634126825366,-0.0012643878056116614,interpolado
0.2738061612322465,-0.001552879782483766,interpolado
0.27390598119623927,-0.0017872411898783602,interpolado
0.274,-0.001949,original
0.2741056211242249,-0.002056505523527873,interpolado
0.27420544108821765,-0.0020982064320965196,interpolado
0.2743052610522105,-0.0020978399371836677,interpolado
0.2744050810162033,-0.002071240415951914,interpolado
0.27450490098019603,-0.0020342422455638556,interpolado
0.2746047209441888,-0.0020026798031820676,interpolado
0.2747045409081816,-0.0019923874659691808,interpolado
0.2748043608721744,-0.00201919961108779,interpolado
0.27490418083616724,-0.0020989506157004616,interpolado
0.275,-0.00224,original
0.2751038207641528,-0.002472186230022113,interpolado
0.2752036407281456,-0.0027506360219363467,interpolado
0.27530346069213846,-0.003053753844893127,interpolado
0.2754032806561312,-0.0033524697929369,interpolado
0.27550310062012395,-0.0036177139601126247,interpolado
0.27560292058411684,-0.0038204164404651896,interpolado
0.2757027405481096,-0.003931507328039149,interpolado
0.27580256051210245,-0.00392191671687943,interpolado
0.2759023804760952,-0.0037625747010306956,interpolado
0.276,-0.003434,original
0.27610202040408083,-0.002892201024834099,interpolado
0.27620184036807366,-0.002202550013387889,interpolado
0.2763016603320664,-0.001404194022686652,interpolado
0.2764014802960592,-0.0005458685963069893,interpolado
0.27650130026005204,0.00032369072217303693,interpolado
0.27660112022404487,0.001155748389177246,interpolado
0.27670094018803765,0.0019015688611276104,interpolado
0.2768007601520304,0.002512416594447515,interpolado
0.27690058011602325,0.002939556045560056,interpolado
0.277,0.003134,original
0.27710022004400886,0.0030641132061792827,interpolado
0.2772000400080016,0.002761350058943762,interpolado
0.27729985997199436,0.0022741285339379284,interpolado
0.27739967993598724,0.0016506149348783695,interpolado
0.27749949989998,0.000938975565482762,interpolado
0.27759931986397285,0.00018737672946733322,interpolado
0.27769913982796557,-0.000556015269450097,interpolado
0.27779895979195834,-0.0012430341275529793,interpolado
0.2778987797559512,-0.0018255135411246355,interpolado
0.278,-0.00226,original
0.2780984196839368,-0.002493649286909646,interpolado
0.27819823964792956,-0.0025413625335213765,interpolado
0.27829805961192233,-0.0024094808547465694,interpolado
0.27839787957591516,-0.0021090581862953047,interpolado
0.27849769953990794,-0.001651148463878216,interpolado
0.2785975195039008,-0.0010468056232051004,interpolado
0.27869733946789355,-0.0003070835999869283,interpolado
0.2787971594318864,0.000556963670066303,interpolado
0.27889697939587926,0.0015342822512448714,interpolado
0.279,0.00265,original
0.2790966193238648,0.003778611788594007,interpolado
0.2791964392878576,0.004985693227505269,interpolado
0.2792962592518504,0.006184934488541909,interpolado
0.2793960792158432,0.007326207320991251,interpolado
0.2794958991798359,0.008359383474138721,interpolado
0.27959571914382875,0.00923433469727213,interpolado
0.27969553910782163,0.009900932739677203,interpolado
0.27979535907181435,0.01030904935064118,interpolado
0.2798951790358072,0.010408556279450754,interpolado
0.28,0.010126,original
0.28009481896379285,0.009498978730082071,interpolado
0.2801946389277856,0.008507675063222794,interpolado
0.28029445889177834,0.007249543587453175,interpolado
0.28039427885577123,0.005798716219759477,interpolado
0.28049409881976406,0.004229324877130454,interpolado
0.2805939187837569,0.002615501476551561,interpolado
0.28069373874774967,0.0010313779350117317,interpolado
0.2807935587117424,-0.00044891383050281377,interpolado
0.2808933786757353,-0.0017512419030056288,interpolado
0.281,-0.002862,original
0.2810930186037209,-0.00354133260657516,interpolado
0.2811928385677137,-0.003990375968865561,interpolado
0.2812926585317065,-0.004192013963138138,interpolado
0.2813924784956993,-0.004189662297384004,interpolado
0.28149229845969204,-0.0040267366795940064,interpolado
0.28159211842368476,-0.0037466528177590376,interpolado
0.2816919383876776,-0.0033928264198697174,interpolado
0.2817917583516704,-0.0030086731939172914,interpolado
0.2818915783156632,-0.002637608847892218,interpolado
0.282,-0.0023,original
0.28209121824364874,-0.002101191042138554,interpolado
0.2821910382076416,-0.001970797900611365,interpolado
0.28229085817163435,-0.0019185355984580163,interpolado
0.2823906781356271,-0.0019310640160398991,interpolado
0.28249049809961985,-0.0019950430337184596,interpolado
0.2825903180636126,-0.0020971325318551535,interpolado
0.2826901380276055,-0.0022239923908115218,interpolado
0.28278995799159823,-0.0023622824909488816,interpolado
0.2828897779555911,-0.0024986627126288388,interpolado
0.283,-0.002631,original
0.2830894178835766,-0.002712492368697098,interpolado
0.2831892378475695,-0.002764453127083648,interpolado
0.2832890578115623,-0.0027636647400360753,interpolado
0.2833888777755551,-0.0026981169870460607,interpolado
0.2834886977395479,-0.0025557996476053644,interpolado
0.28358851770354077,-0.0023247025012056656,interpolado
0.2836883376675336,-0.0019928153273384413,interpolado
0.28378815763152637,-0.0015481279054957496,interpolado
0.2838879775955192,-0.0009786300151687765,interpolado
0.284,-0.000176,original
0.2840876175235047,0.000577070850110862,interpolado
0.2841874374874976,0.001542365968284282,interpolado
0.28428725745149036,0.0025844320311439834,interpolado
0.2843870774154831,0.0036641115724231482,interpolado
0.28448689737947597,0.004742247125852631,interpolado
0.2845867173434687,0.005779681225165095,interpolado
0.2846865373074616,0.006737256404093115,interpolado
0.28478635727145435,0.007575815196367682,interpolado
0.28488617723544707,0.008256200135721746,interpolado
0.285,0.008789,original
0.2850858171634327,0.008994401603683607,interpolado
0.28518563712742545,0.00904361557613862,interpolado
0.2852854570914183,0.008928744904220009,interpolado
0.2853852770554111,0.008691676106288921,interpolado
0.2854850970194039,0.008374295700706868,interpolado
0.28558491698339666,0.008018490205834975,interpolado
0.2856847369473895,0.007666146140034283,interpolado
0.2857845569113824,0.007359150021666434,interpolado
0.28588437687537516,0.007139388369092362,interpolado
0.286,0.007049,original
0.2860840168033607,0.007120891749609801,interpolado
0.2861838367673535,0.00733623286299087,interpolado
0.28628365673134626,0.007653970671426707,interpolado
0.2863834766953391,0.00803325008473939,interpolado
0.28648329665933187,0.008433216012750249,interpolado
0.28658311662332464,0.008813013365281251,interpolado
0.28668293658731747,0.00913178705215432,interpolado
0.2867827565513102,0.009348681983190856,interpolado
0.2868825765153029,0.00942284306821283,interpolado
0.287,0.009272,original
0.2870822164432886,0.008986142557249941,interpolado
0.2871820364072814,0.008452001721778821,interpolado
0.2872818563712742,0.007740935900778057,interpolado
0.287381676335267,0.006882953060528052,interpolado
0.28748149629925984,0.005908061167308895,interpolado
0.2875813162632526,0.004846268187402335,interpolado
0.28768113622724545,0.003727582087087881,interpolado
0.28778095619123817,0.0025820108326474428,interpolado
0.287880776155231,0.001439562390361065,interpolado
0.288,0.000121,original
0.2880804160832166,-0.0007171084721536764,interpolado
0.28818023604720944,-0.0016821875041937676,interpolado
0.28828005601120227,-0.0025484434474178455,interpolado
0.288379875975195,-0.0032993438767690776,interpolado
0.2884796959391879,-0.003918356367190376,interpolado
0.2885795159031807,-0.004388948493623653,interpolado
0.2886793358671735,-0.004694587831012019,interpolado
0.28877915583116626,-0.004818741954297733,interpolado
0.2888789757951591,-0.004744878438423622,interpolado
0.289,-0.004366,original
0.28907861572314464,-0.003942623517401271,interpolado
0.2891784356871374,-0.0032359771689010985,interpolado
0.2892782556511302,-0.002389334788579862,interpolado
0.289378075615123,-0.0014556163084161542,interpolado
0.2894778955791158,-0.0004877416603883668,interpolado
0.28957771554310857,0.00046136922352347034,interpolado
0.2896775355071014,0.0013387964113414153,interpolado
0.2897773554710942,0.00209161997108554,interpolado
0.28987717543508695,0.0026669199707774244,interpolado
0.29,0.003053,original
0.2900768153630725,0.0030813523311027306,interpolado
0.2901766353270653,0.002896755546333714,interpolado
0.29027645529105817,0.0025112681431273998,interpolado
0.29037627525505094,0.0019783892405758957,interpolado
0.2904760952190438,0.0013516179577709791,interpolado
0.2905759151830366,0.0006844534138055135,interpolado
0.29067573514702943,3.039472777096572e-05,interpolado
0.29077555511102215,-0.0005570589812397721,interpolado
0.290875375075015,-0.0010244085941349284,interpolado
0.291,-0.001358,original
0.29107501500300054,-0.0013917082241388795,interpolado
0.2911748349669934,-0.00125831311121873,interpolado
0.29127465493098614,-0.0009618960631494213,interpolado
0.2913744748949789,-0.0005466332926810407,interpolado
0.2914742948589718,-5.670101256341553e-05,interpolado
0.2915741148229645,0.00046372456445277976,interpolado
0.29167393478695736,0.000970467225617962,interpolado
0.29177375475095013,0.0014193507581814365,interpolado
0.2918735747149429,0.0017661989493933828,interpolado
0.292,0.00199,original
0.29207321464292846,0.001982974321853232,interpolado
0.2921730346069213,0.0018305211405241406,interpolado
0.2922728545709142,0.001554577384819419,interpolado
0.2923726745349069,0.0012005270262318646,interpolado
0.2924724944988997,0.0008137540362540976,interpolado
0.29257231446289256,0.00043964238637940527,interpolado
0.29267213442688533,0.0001235760481004155,interpolado
0.29277195439087816,-8.906100709011764e-05,interpolado
0.292871774354871,-0.0001528848076990982,interpolado
0.293,5.64e-05,original
0.2930714142828566,0.0003404672647542131,interpolado
0.2931712342468493,0.0009061970164603536,interpolado
0.2932710542108422,0.0016061990057919255,interpolado
0.29337087417483493,0.0023715553648006316,interpolado
0.29347069413882776,0.0031333482255397455,interpolado
0.29357051410282053,0.0038226597200609032,interpolado
0.29367033406681337,0.004370571980417044,interpolado
0.2937701540308062,0.004708167138660792,interpolado
0.29386997399479897,0.004766527326844253,interpolado
0.294,0.00431,original
0.2940696139227845,0.003779118271269104,interpolado
0.2941694338867773,0.002710344212723422,interpolado
0.29426925385077013,0.001364312979019795,interpolado
0.29436907381476296,-0.00016431952673729946,interpolado
0.29446889377875574,-0.0017808974014465098,interpolado
0.29456871374274857,-0.0033907647420030594,interpolado
0.2946685337067414,-0.00489926564530489,interpolado
0.2947683536707342,-0.006211744208249725,interpolado
0.29486817363472695,-0.007233544527733122,interpolado
0.295,-0.007977,original
0.29506781356271256,-0.008036042718254352,interpolado
0.29516763352670533,-0.007752662843885327,interpolado
0.29526745349069816,-0.00710707318594518,interpolado
0.2953672734546909,-0.006187480543096093,interpolado
0.29546709341868377,-0.005082091713998578,interpolado
0.29556691338267654,-0.0038791134973153248,interpolado
0.2956667333466692,-0.002666752691707185,interpolado
0.2957665533106621,-0.0015332160958349945,interpolado
0.29586637327465487,-0.0005667105083614752,interpolado
0.296,0.000312,original
0.2960660132026405,0.0005191166695047615,interpolado
0.29616583316663325,0.0005553440922126333,interpolado
0.2962656531306261,0.00030387015675956055,interpolado
0.29636547309461886,-0.00018376975747385157,interpolado
0.29646529305861175,-0.0008560402711077814,interpolado
0.2965651130226046,-0.00166140600476116,interpolado
0.29666493298659724,-0.0025483315790540096,interpolado
0.29676475295059007,-0.0034652816146065395,interpolado
0.2968645729145829,-0.004360720732037404,interpolado
0.297,-0.005449,original
0.2970642128425685,-0.005883392101115939,interpolado
0.2971640328065613,-0.006443749575884082,interpolado
0.29726385277055406,-0.006867843153299667,interpolado
0.2973636727345469,-0.007159750723014262,interpolado
0.2974634926985397,-0.007323550174680223,interpolado
0.2975633126625325,-0.007363319397949406,interpolado
0.2976631326265253,-0.007283136282473971,interpolado
0.29776295259051805,-0.007087078717905809,interpolado
0.2978627725545109,-0.006779224593897176,interpolado
0.298,-0.006181,original
0.2980624124824965,-0.005844824082803848,interpolado
0.2981622324464892,-0.005232438563113894,interpolado
0.2982620524104821,-0.004539961472178388,interpolado
0.2983618723744748,-0.0037809421193345256,interpolado
0.29846169233846753,-0.0029689298139183723,interpolado
0.2985615123024605,-0.0021174738652658762,interpolado
0.29866133226645325,-0.0012401235827144118,interpolado
0.29876115223044614,-0.00035042827559944947,interpolado
0.29886097219443886,0.0005380627467415904,interpolado
0.299,0.001748,original
0.2990606121224245,0.002256862743624991,interpolado
0.29916043208641724,0.0030539195874486834,interpolado
0.29926025205041007,0.0037795538749155083,interpolado
0.2993600720144028,0.004410248097081227,interpolado
0.2994598919783957,0.004922484745002846,interpolado
0.29955971194238845,0.005292746309737101,interpolado
0.2996595319063812,0.00549751528234015,interpolado
0.29975935187037406,0.005513274153868772,interpolado
0.29985917183436683,0.005316505415379515,interpolado
0.3,0.004632,original
0.3000588117623524,0.0041941168945321995,interpolado
0.30015863172634527,0.0032708401429710557,interpolado
0.3002584516903381,0.0021715900745680186,interpolado
0.3003582716543308,0.000955045321801045,interpolado
0.30045809161832365,-0.00032011548285372526,interpolado
0.3005579115823165,-0.0015952137069202817,interpolado
0.3006577315463093,-0.002811570717920474,interpolado
0.3007575515103021,-0.003910507883378874,interpolado
0.3008573714742948,-0.004833346570817528,interpolado
0.301,-0.00573,original
0.30105701140228047,-0.005919313153608518,interpolado
0.30115683136627325,-0.0060271635842022745,interpolado
0.3012566513302661,-0.00589113268756756,interpolado
0.30135647129425885,-0.005558790439222841,interpolado
0.30145629125825163,-0.00507770681468641,interpolado
0.3015561112222444,-0.0044954517894762154,interpolado
0.30165593118623724,-0.003859595339111226,interpolado
0.30175575115023,-0.0032177074391090883,interpolado
0.3018555711142228,-0.002617358064988835,interpolado
0.302,-0.001919,original
0.3020552110422084,-0.0017296061221879102,interpolado
0.30215503100620117,-0.001498097180267806,interpolado
0.30225485097019394,-0.0013910902774182945,interpolado
0.3023546709341868,-0.0013870574819924199,interpolado
0.30245449089817955,-0.0014644708623430247,interpolado
0.3025543108621723,-0.0016018024868231322,interpolado
0.30265413082616516,-0.0017775244237855162,interpolado
0.30275395079015793,-0.001970108741583279,interpolado
0.30285377075415076,-0.002158027508569133,interpolado
0.303,-0.00238,original
0.30305341068213637,-0.0024340703645569714,interpolado
0.3031532306461292,-0.002485918633994157,interpolado
0.30325305061012203,-0.0024658505639393695,interpolado
0.3033528705741147,-0.0023646249172836293,interpolado
0.3034526905381076,-0.002173000456917946,interpolado
0.30355251050210047,-0.0018817359457331288,interpolado
0.30365233046609313,-0.0014815901466204958,interpolado
0.303752150430086,-0.0009633218224705928,interpolado
0.3038519703940788,-0.00031768973617499045,interpolado
0.304,0.000894,original
0.3040516103220644,0.0013916372797791604,interpolado
0.3041514302860572,0.0024507086759154467,interpolado
0.30425125025005,0.003608688932051556,interpolado
0.30435107021404284,0.004831695764239754,interpolado
0.3044508901780356,0.0060858468885302405,interpolado
0.30455071014202845,0.007337260020975939,interpolado
0.3046505301060213,0.00855205287762702,interpolado
0.304750350070014,0.00969634317453575,interpolado
0.30485017003400683,0.010736248627754246,interpolado
0.30494998999799966,0.011637886953332916,interpolado
0.305,0.012027,original
0.30514962992598527,0.012908972883617411,interpolado
0.30524944988997793,0.013258424252384406,interpolado
0.3053492698539709,0.013414830085318259,interpolado
0.3054490898179636,0.013376621340709553,interpolado
0.3055489097819565,0.013142228976849017,interpolado
0.3056487297459492,0.012710083952027664,interpolado
0.30574854970994203,0.012078617224536197,interpolado
0.30584836967393486,0.011246259752664864,interpolado
0.3059481896379276,0.010211442494705347,interpolado
0.306,0.009594,original
0.30614782956591324,0.007564714118732004,interpolado
0.306247649529906,0.00604843315966226,interpolado
0.3063474694938988,0.0044909744285646135,interpolado
0.3064472894578916,0.002958306470378055,interpolado
0.3065471094218844,0.001516397830038195,interpolado
0.3066469293858771,0.00023121705248389573,interpolado
0.30674674934986995,-0.0008312673173484434,interpolado
0.3068465693138627,-0.00160508673452193,interpolado
0.30694638927785556,-0.0020242726540984413,interpolado
0.307,-0.00208,original
0.30714602920584116,-0.0016044829234706723,interpolado
0.30724584916983394,-0.0008265274801473125,interpolado
0.30734566913382677,0.00024136660307289812,interpolado
0.30744548909781955,0.001531761890908618,interpolado
0.3075453090618124,0.0029772209480810794,interpolado
0.3076451290258052,0.004510306339308526,interpolado
0.3077449489897978,0.006063580629311598,interpolado
0.30784476895379076,0.007569606382810993,interpolado
0.30794458891778353,0.008960946164524876,interpolado
0.308,0.009659,original
0.3081442288457691,0.011164285257104061,interpolado
0.30824404880976186,0.01193946111824054,interpolado
0.3083438687737547,0.012497816003966353,interpolado
0.30844368873774747,0.012840469654418471,interpolado
0.30854350870174035,0.012968541809734873,interpolado
0.3086433286657331,0.012883152210053017,interpolado
0.30874314862972585,0.012585420595510622,interpolado
0.3088429685937187,0.012076466706244945,interpolado
0.30894278855771146,0.011357410282394146,interpolado
0.309,0.010851,original
0.30914242848569706,0.009320366089841537,interpolado
0.3092422484496899,0.008083166245451835,interpolado
0.30934206841368267,0.006775166192620358,interpolado
0.3094418883776755,0.005453040468704472,interpolado
0.30954170834166833,0.0041734636110593555,interpolado
0.30964152830566116,0.0029931101570402755,interpolado
0.3097413482696539,0.0019686546440044607,interpolado
0.3098411682336467,0.001156771609306726,interpolado
0.3099409881976395,0.0006141355903038865,interpolado
0.31,0.000443,original
0.3101406281256252,0.0005035774532460045,interpolado
0.3102404480896179,0.0008699127964400681,interpolado
0.31034026805361076,0.0014234844107454262,interpolado
0.3104400880176035,0.0020928089815127745,interpolado
0.31053990798159625,0.0028064031940937197,interpolado
0.31063972794558903,0.0034927837338399673,interpolado
0.3107395479095818,0.004080467286102065,interpolado
0.3108393678735747,0.004497970536231926,interpolado
0.3109391878375674,0.004673810169580393,interpolado
0.311,0.004632,original
0.31113882776555307,0.004078848770180213,interpolado
0.31123864772954585,0.003363058477811366,interpolado
0.3113384676935387,0.002462449753453336,interpolado
0.3114382876575315,0.0014489143396673304,interpolado
0.31153810762152423,0.0003943439790130604,interpolado
0.31163792758551706,-0.0006293695859498467,interpolado
0.3117377475495099,-0.0015503346126600512,interpolado
0.31183756751350267,-0.002296659358558317,interpolado
0.3119373874774955,-0.0027964520810836117,interpolado
0.312,-0.002952,original
0.31213702740548105,-0.0028259955282281444,interpolado
0.3122368473694739,-0.0023926918165040833,interpolado
0.31233666733346666,-0.0017396499610305763,interpolado
0.31243648729745943,-0.0009274664490473509,interpolado
0.3125363072614522,-1.673776779307735e-05,interpolado
0.31263612722544504,0.0009319395954937968,interpolado
0.3127359471894378,0.0018579691535732107,interpolado
0.3128357671534307,0.0027007544192071465,interpolado
0.3129355871174234,0.003399698905155663,interpolado
0.313,0.003746,original
0.313135227045409,0.004162895604733682,interpolado
0.31323504700940186,0.004233461044369339,interpolado
0.31333486697339463,0.00414065024267188,interpolado
0.3134346869373874,0.003918507047012307,interpolado
0.3135345069013803,0.0036010753047614895,interpolado
0.31363432686537307,0.0032223988632900857,interpolado
0.31373414682936585,0.0028165215699694126,interpolado
0.3138339667933587,0.0024174872721699422,interpolado
0.31393378675735145,0.0020593398172630106,interpolado
0.314,0.001861,original
0.31413342668533706,0.001579323301541809,interpolado
0.3142332466493299,0.0014501507316750392,interpolado
0.31433306661332266,0.0013656169681386223,interpolado
0.31443288657731544,0.0013030940833492623,interpolado
0.3145327065413082,0.0012399541497235224,interpolado
0.31463252650530105,0.0011535692396779642,interpolado
0.31473234646929377,0.001021311425629294,interpolado
0.3148321664332866,0.0008205527799939574,interpolado
0.3149319863972794,0.000528665375188788,interpolado
0.315,0.000266,original
0.31513162632526504,-0.0003917485153495662,interpolado
0.31523144628925787,-0.000971854597705039,interpolado
0.31533126625325064,-0.001568208404121925,interpolado
0.3154310862172434,-0.0021321059866648362,interpolado
0.31553090618123625,-0.0026148433973974417,interpolado
0.31563072614522897,-0.0029677166883845347,interpolado
0.31573054610922185,-0.0031420219116900182,interpolado
0.31583036607321463,-0.003089055119378446,interpolado
0.31593018603720746,-0.0027601123635138678,interpolado
0.316,-0.00234,original
0.3161298259651931,-0.0011250037486125741,interpolado
0.3162296459291859,0.00011766987203103262,interpolado
0.3163294658931787,0.0015455288586007213,interpolado
0.31642928585717145,0.003083132918357689,interpolado
0.3165291058211642,0.004655041758560513,interpolado
0.3166289257851571,0.006185815086471177,interpolado
0.31672874574914983,0.0076000126093482695,interpolado
0.3168285657131426,0.008822194034452979,interpolado
0.31692838567713544,0.009776919069046078,interpolado
0.317,0.010255,original
0.31712802560512104,0.01062315856339658,interpolado
0.31722784556911376,0.010512608718139738,interpolado
0.31732766553310654,0.01009846652885536,interpolado
0.31742748549709937,0.009421663066722711,interpolado
0.31752730546109215,0.008523129402922264,interpolado
0.31762712542508503,0.00744379660863278,interpolado
0.31772694538907775,0.006224595755035174,interpolado
0.31782676535307053,0.0049064579133085975,interpolado
0.31792658531706336,0.003530314154631984,interpolado
0.318,0.002505,original
0.31812622524504897,0.0007610208851748635,interpolado
0.3182260452090418,-0.0005753913184919526,interpolado
0.3183258651730345,-0.00185118895707464,interpolado
0.3184256851370274,-0.0030453584793410705,interpolado
0.3185255051010202,-0.004136886334057145,interpolado
0.3186253250650129,-0.005104758969991282,interpolado
0.3187251450290058,-0.005927962835909637,interpolado
0.31882496499299856,-0.0065854843805800145,interpolado
0.3189247849569914,-0.007056310052769858,interpolado
0.319,-0.007275,original
0.31912442488497705,-0.007370699729666659,interpolado
0.31922424484896983,-0.007237291148315101,interpolado
0.3193240648129626,-0.006950612297400779,interpolado
0.31942388477695544,-0.006541944384046306,interpolado
0.3195237047409482,-0.006042568615375014,interpolado
0.3196235247049411,-0.005483766198509254,interpolado
0.3197233446689338,-0.004896818340572529,interpolado
0.3198231646329266,-0.0043130062486874095,interpolado
0.3199229845969194,-0.0037636111299764706,interpolado
0.32,-0.003383,original
0.3201226245249051,-0.00288138341327915,interpolado
0.3202224444888978,-0.00256422143866331,interpolado
0.3203222644528905,-0.002321400349432374,interpolado
0.32042208441688336,-0.0021459682077233032,interpolado
0.32052190438087613,-0.002030973075673328,interpolado
0.320621724344869,-0.0019694630154193514,interpolado
0.32072154430886174,-0.001954486089098478,interpolado
0.32082136427285446,-0.001979090358847699,interpolado
0.32092118423684735,-0.002036323886804093,interpolado
0.321,-0.0021,original
0.32112082416483284,-0.0022210101152308607,interpolado
0.3212206441288257,-0.002335128057728561,interpolado
0.3213204640928185,-0.0024551081414408878,interpolado
0.32142028405681144,-0.002574469214176124,interpolado
0.3215201040208041,-0.00268673012374229,interpolado
0.3216199239847969,-0.0027854097179476098,interpolado
0.32171974394878977,-0.0028640268446002777,interpolado
0.32181956391278255,-0.0029161003515083593,interpolado
0.32191938387677543,-0.0029351490864800607,interpolado
0.322,-0.002922,original
0.322119023804761,-0.0028532828294073756,interpolado
0.32221884376875376,-0.002760633209762466,interpolado
0.3223186637327466,-0.002648103478063212,interpolado
0.32241848369673937,-0.0025270329254961136,interpolado
0.32251830366073214,-0.0024087608432479244,interpolado
0.32261812362472486,-0.0023046265225051894,interpolado
0.3227179435887177,-0.0022259692544544874,interpolado
0.3228177635527104,-0.002184128330282522,interpolado
0.3229175835167033,-0.002190443041175874,interpolado
0.323,-0.00224,original
0.3231172234446888,-0.00238208869082,interpolado
0.3232170434086817,-0.002543112120443694,interpolado
0.3233168633726745,-0.0027105864335401227,interpolado
0.32341668333666734,-0.0028558104639199045,interpolado
0.3235165033006601,-0.0029500830453933315,interpolado
0.32361632326465284,-0.002964703011770958,interpolado
0.3237161432286457,-0.002870969196863165,interpolado
0.32381596319263856,-0.002640180434480508,interpolado
0.32391578315663144,-0.0022436355584331638,interpolado
0.324,-0.001759,original
0.32411542308461694,-0.0008597136104395914,interpolado
0.3242152430486098,8.980095387332466e-05,interpolado
0.3243150630126025,0.0011421268551820437,interpolado
0.3244148829765953,0.002243533130242547,interpolado
0.3245147029405881,0.0033402888158084653,interpolado
0.32461452290458087,0.0043786629486352755,interpolado
0.32471434286857376,0.0053049245654783325,interpolado
0.3248141628325665,0.006065342703091456,interpolado
0.32491398279655936,0.006606186398230305,interpolado
0.325,0.006855,original
0.32511362272454486,0.006844341807525476,interpolado
0.3252134426885377,0.006573594960018255,interpolado
0.3253132626525305,0.006130323398467319,interpolado
0.32541308261652324,0.005583312389359253,interpolado
0.3255129025805161,0.005001347199181696,interpolado
0.3256127225445089,0.004453213094421361,interpolado
0.32571254250850173,0.004007695341565038,interpolado
0.32581236247249445,0.003733579207100249,interpolado
0.32591218243648734,0.0036996499575137733,interpolado
0.326,0.003923,original
0.3261118223644728,0.004589519308956,interpolado
0.3262116423284658,0.005469378154945524,interpolado
0.32631146229245855,0.00652093782197606,interpolado
0.3264112822564514,0.007650913692071955,interpolado
0.32651110222044416,0.008766021147255209,interpolado
0.3266109221844369,0.009772975569549732,interpolado
0.32671074214842977,0.010578492340979188,interpolado
0.3268105621124225,0.011089286843565936,interpolado
0.3269103820764153,0.011212074459333785,interpolado
0.327,0.010915,original
0.32711002200440087,0.00996424043127333,interpolado
0.3272098419683937,0.008623089289214464,interpolado
0.3273096619323865,0.0069329060173594055,interpolado
0.32740948189637925,0.004996444607106917,interpolado
0.32750930186037197,0.0029164590498551904,interpolado
0.32760912182436486,0.000795703337005963,interpolado
0.3277089417883576,-0.0012630685400436181,interpolado
0.32780876175235046,-0.00315710258989185,interpolado
0.32790858171634324,-0.004783644821140522,interpolado
0.328,-0.005951,original
0.3281082216443288,-0.006858907096370906,interpolado
0.3282080416083216,-0.007284178003296609,interpolado
0.3283078615723144,-0.007380956942871687,interpolado
0.32840768153630717,-0.007214430205049539,interpolado
0.3285075015003,-0.006849784079782989,interpolado
0.3286073214642928,-0.006352204857025533,interpolado
0.3287071414282856,-0.00578687882672976,interpolado
0.32880696139227844,-0.005218992278849396,interpolado
0.32890678135627116,-0.004713731503337203,interpolado
0.329,-0.004356,original
0.32910642128425677,-0.004129432585966305,interpolado
0.32920624124824965,-0.004062529746934652,interpolado
0.32930606121224243,-0.0040898471921775705,interpolado
0.32940588117623515,-0.004165663187103866,interpolado
0.32950570114022804,-0.004244255997122455,interpolado
0.3296055211042208,-0.004279903887642107,interpolado
0.3297053410682137,-0.004226885124071688,interpolado
0.3298051610322064,-0.004039477971820113,interpolado
0.32990498099619925,-0.0036719606962962613,interpolado
0.33,-0.003113,original
0.3301046209241848,-0.002234248736572575,interpolado
0.33020444088817763,-0.0011847968237280351,interpolado
0.3303042608521704,8.423916827383144e-06,interpolado
0.33040408081616324,0.0012840952111444924,interpolado
0.330503900780156,0.0025808987852742925,interpolado
0.3306037207441488,0.0038375163652655964,interpolado
0.3307035407081417,0.004992629677170007,interpolado
0.33080336067213445,0.0059849204470364984,interpolado
0.3309031806361272,0.006753070400916029,interpolado
0.331,0.007226,original
0.33110282056411283,0.007392094494959202,interpolado
0.33120264052810566,0.007255803423371242,interpolado
0.33130246049209844,0.006877672326405358,interpolado
0.3314022804560912,0.006308484972873478,interpolado
0.33150210042008404,0.0055990251315871,interpolado
0.3316019203840768,0.0048000765713589605,interpolado
0.33170174034806965,0.0039624230610001525,interpolado
0.3318015603120625,0.0031368483693235546,interpolado
0.33190138027605526,0.00237413626514063,interpolado
0.332,0.001732,original
0.3321010202040409,0.001228999836868724,interpolado
0.3322008401680338,0.0008811533834090487,interpolado
0.3323006601320266,0.0006661211374076925,interpolado
0.33240048009601936,0.0005684930985664241,interpolado
0.3325003000600122,0.0005728592665872742,interpolado
0.33260012002400496,0.0006638096411722336,interpolado
0.3326999399879977,0.0008259342220232799,interpolado
0.3327997599519906,0.0010438230088425495,interpolado
0.33289957991598335,0.0013020660013317955,interpolado
0.333,0.001587,original
0.3330992198439689,0.0018797556924683193,interpolado
0.33319903980796167,0.0021791985965827314,interpolado
0.3332988597719545,0.002479053537112594,interpolado
0.3333986797359472,0.0027747921400275723,interpolado
0.33349849969994005,0.0030618860312979904,interpolado
0.3335983196639327,0.0033358068368935278,interpolado
0.3336981396279256,0.00359202618278435,interpolado
0.3337979595919184,0.003826015694940578,interpolado
0.33389777955591116,0.004033246999331953,interpolado
0.334,0.004213,original
0.33409741948389676,0.004350063318694506,interpolado
0.33419723944788954,0.004455264629275066,interpolado
0.3342970594118824,0.00452505544770616,interpolado
0.33439687937587514,0.0045596955791218806,interpolado
0.334496699339868,0.0045594448286564405,interpolado
0.33459651930386075,0.004524563001444013,interpolado
0.3346963392678536,0.004455309902618778,interpolado
0.33479615923184647,0.004351945337314842,interpolado
0.33489597919583924,0.004214729110666491,interpolado
0.335,0.004036,original
0.33509561912382485,0.003841239262637376,interpolado
0.3351954390878176,0.0036150213238073984,interpolado
0.33529525905181046,0.00337548178475654,interpolado
0.33539507901580323,0.003132835342587435,interpolado
0.335494898979796,0.0028972966944021904,interpolado
0.33559471894378884,0.0026790805373034347,interpolado
0.3356945389077816,0.0024884015683933986,interpolado
0.33579435887177445,0.0023354744847743714,interpolado
0.33589417883576717,0.0022305139835488924,interpolado
0.336,0.002183,original
0.33609381876375277,0.0022007370698179244,interpolado
0.33619363872774555,0.002265006872677815,interpolado
0.33629345869173843,0.0023534132871781445,interpolado
0.3363932786557312,0.002442824222381822,interpolado
0.336493098619724,0.0025101075873519368,interpolado
0.3365929185837169,0.0025321312911514237,interpolado
0.33669273854770965,0.0024857632428433424,interpolado
0.3367925585117024,0.002347871351490607,interpolado
0.3368923784756953,0.0020953235261563794,interpolado
0.337,0.001668,original
0.3370920184036809,0.0011606713009220018,interpolado
0.33719183836767364,0.0004813040692034376,interpolado
0.33729165833166647,-0.00030309911472831824,interpolado
0.33739147829565924,-0.0011625191171870095,interpolado
0.3374912982596521,-0.0020669368044881793,interpolado
0.33759111822364474,-0.0029863330429454405,interpolado
0.33769093818763757,-0.003890688698873911,interpolado
0.33779075815163034,-0.0047499846385886755,interpolado
0.3378905781156232,-0.005534201728403396,interpolado
0.338,-0.006272,original
0.3380902180436087,-0.0067606391930796665,interpolado
0.33819003800760156,-0.007167184450875059,interpolado
0.3382898579715943,-0.00742988517672447,interpolado
0.3383896779355871,-0.007545673937463063,interpolado
0.33848949789957994,-0.0075114832999264676,interpolado
0.3385893178635727,-0.00732424583094999,interpolado
0.33868913782756555,-0.006980894097369293,interpolado
0.3387889577915583,-0.006478360666019435,interpolado
0.33888877775555115,-0.005813578103736429,interpolado
0.339,-0.004878,original
0.33908841768353676,-0.003992450237631214,interpolado
0.3391882376475296,-0.002886991922095032,interpolado
0.33928805761152236,-0.0017283779134130812,interpolado
0.33938787757551514,-0.0005778980813474843,interpolado
0.3394876975395079,0.0005031577043415859,interpolado
0.3395875175035007,0.0014534995738938042,interpolado
0.3396873374674935,0.0022118376575472796,interpolado
0.3397871574314863,0.002716882085541973,interpolado
0.33988697739547913,0.0029073429881164925,interpolado
0.34,0.002666,original
0.3400866173234648,0.002117006489736631,interpolado
0.3401864372874575,0.0011543498351140324,interpolado
0.34028625725145034,-6.529409040996435e-05,interpolado
0.3403860772154432,-0.0014411173979600206,interpolado
0.340485897179436,-0.0028723121986628172,interpolado
0.3405857171434288,-0.0042580706036451565,interpolado
0.3406855371074216,-0.005497584724031517,interpolado
0.3407853570714145,-0.0064900466709492165,interpolado
0.3408851770354072,-0.007134648555523169,interpolado
0.341,-0.007315,original
0.3410848169633928,-0.006998708554422282,interpolado
0.3411846369273856,-0.006196739792554843,interpolado
0.34128445689137843,-0.005035669192788449,interpolado
0.34138427685537115,-0.0036266096681901727,interpolado
0.3414840968193638,-0.0020806741318251947,interpolado
0.34158391678335676,-0.0005089754967583934,interpolado
0.3416837367473495,0.0009773733239427022,interpolado
0.34178355671134225,0.002267259417213871,interpolado
0.3418833766753351,0.003249569869987894,interpolado
0.342,0.003859,original
0.3420830166033207,0.003867574916648755,interpolado
0.3421828365673134,0.0034595902781240752,interpolado
0.3422826565313063,0.002692435532014509,interpolado
0.34238247649529907,0.0016694788761985877,interpolado
0.3424822964592918,0.0004940885085536018,interpolado
0.3425821164232846,-0.0007303673730434904,interpolado
0.3426819363872775,-0.0019005205707136549,interpolado
0.34278175635127034,-0.002913002886580439,interpolado
0.34288157631526306,-0.003664446122765036,interpolado
0.343,-0.004075,original
0.3430812162432487,-0.003988185718097901,interpolado
0.3431810362072415,-0.003512052932054373,interpolado
0.3432808561712343,-0.002713817950002892,interpolado
0.3433806761352271,-0.0016844246491132698,interpolado
0.3434804960992199,-0.0005148169065540224,interpolado
0.3435803160632127,0.0007040614005066407,interpolado
0.34368013602720554,0.0018812663948984463,interpolado
0.34377995599119826,0.0029258541994531834,interpolado
0.3438797759551911,0.0037468809370023457,interpolado
0.344,0.00431,original
0.3440794158831766,0.004368526490782516,interpolado
0.3441792358471695,0.004120685979048211,interpolado
0.34427905581116214,0.0035861092706092686,interpolado
0.3443788757751551,0.002841262743998833,interpolado
0.3444786957391478,0.001962612777751366,interpolado
0.3445785157031407,0.0010266257503995864,interpolado
0.34467833566713346,0.00010976804047817018,interpolado
0.34477815563112624,-0.000711493973479791,interpolado
0.34487797559511907,-0.0013606939129409978,interpolado
0.345,-0.001809,original
0.34507761552310473,-0.0018463746944729431,interpolado
0.34517743548709745,-0.0016227588699601638,interpolado
0.3452772554510902,-0.0011329468763505207,interpolado
0.34537707541508306,-0.00041958617766662295,interpolado
0.3454768953790759,0.0004746757620676551,interpolado
0.3455767153430686,0.0015071914788301996,interpolado
0.34567653530706144,0.0026353135085967843,interpolado
0.3457763552710542,0.003816394387344887,interpolado
0.345876175235047,0.005007786651052105,interpolado
0.346,0.006436,original
0.3460758151630326,0.0072529604751485205,interpolado
0.3461756351270254,0.008242781984215583,interpolado
0.34627545509101815,0.00912159950715434,interpolado
0.34637527505501103,0.009874770099324519,interpolado
0.34647509501900375,0.0104876508160846,interpolado
0.3465749149829966,0.010945598712794597,interpolado
0.34667473494698936,0.011233970844813321,interpolado
0.3467745549109822,0.011338124267500417,interpolado
0.346874374874975,0.011243416036215105,interpolado
0.347,0.010819,original
0.3470740148029606,0.010403864560252645,interpolado
0.34717383476695335,0.009684750954185905,interpolado
0.34727365473094607,0.008836916216090902,interpolado
0.347373474694939,0.00791962699620887,interpolado
0.3474732946589318,0.006992149944782598,interpolado
0.3475731146229246,0.006113751712052877,interpolado
0.3476729345869174,0.005343698948262456,interpolado
0.3477727545509101,0.004741258303652577,interpolado
0.347872574514903,0.0043656964284648474,interpolado
0.348,0.00431,original
0.34807221444288855,0.004523400469194958,interpolado
0.3481720344068813,0.005072959138032853,interpolado
0.34827185437087416,0.0058440795226172,interpolado
0.34837167433486693,0.006755389385205688,interpolado
0.3484714942988597,0.007725516488054437,interpolado
0.34857131426285254,0.00867308859342158,interpolado
0.3486711342268453,0.009516733463563194,interpolado
0.34877095419083814,0.010175078860736979,interpolado
0.34887077415483103,0.010566752547200225,interpolado
0.349,0.010545,original
0.3490704140828166,0.010234195133926965,interpolado
0.34917023404680936,0.00946366481690434,interpolado
0.3492700540108021,0.008380803234684476,interpolado
0.34936987397479496,0.007068321426663458,interpolado
0.34946969393878774,0.0056089304322396345,interpolado
0.34956951390278057,0.004085341290809195,interpolado
0.34966933386677346,0.002580265041768183,interpolado
0.3497691538307661,0.001176412724515167,interpolado
0.34986897379475895,-4.350462155445155e-05,interpolado
0.35,-0.001227,original
0.3500686137227445,-0.0016083351968519545,interpolado
0.3501684336867373,-0.0018856276375455723,interpolado
0.35026825365073017,-0.001886459015885464,interpolado
0.35036807361472294,-0.0016693542962070785,interpolado
0.3504678935787158,-0.0012928384428460714,interpolado
0.3505677135427085,-0.0008154364201377572,interpolado
0.35066753350670127,-0.0002956731924172288,interpolado
0.3507673534706941,0.00020792627597952698,interpolado
0.3508671734346869,0.0006368370207176159,interpolado
0.351,0.000991,original
0.3510668133626724,0.0010414102173025746,interpolado
0.35116663332666526,0.0009664760661629772,interpolado
0.35126645329065803,0.000747010037562505,interpolado
0.3513662732546509,0.00042288343975407504,interpolado
0.3514660932186437,3.3967580991181795e-05,interpolado
0.35156591318263647,-0.00037986623047321535,interpolado
0.35166573314662936,-0.0007787466863862116,interpolado
0.3517655531106221,-0.0011228024784942306,interpolado
0.35186537307461496,-0.0013721622985444933,interpolado
0.352,-0.001488,original
0.35206501300260046,-0.0014307110067512748,interpolado
0.3521648329665933,-0.0012088018286980533,interpolado
0.35226465293058606,-0.0008547203473729262,interpolado
0.35236447289457884,-0.0004024817132570877,interpolado
0.3524642928585717,0.0001138989231673991,interpolado
0.3525641128225644,0.0006604064114192155,interpolado
0.35266393278655733,0.0012030256010171095,interpolado
0.35276375275055005,0.0017077413414789177,interpolado
0.35286357271454294,0.0021405384823236133,interpolado
0.353,0.002554,original
0.3530632126425285,0.002656494468464377,interpolado
0.3531630326065213,0.0027046339919884776,interpolado
0.3532628525705141,0.0026288423482072015,interpolado
0.353362672534507,0.002446564471405637,interpolado
0.35346249249849976,0.002175245295869143,interpolado
0.3535623124624926,0.0018323297558827984,interpolado
0.3536621324264853,0.0014352627857315203,interpolado
0.3537619523904782,0.0010014893197009083,interpolado
0.353861772354471,0.0005484542920756524,interpolado
0.354,-7.82e-05,original
0.3540614122824566,-0.0003462121904307122,interpolado
0.35416123224644935,-0.0007624744152652818,interpolado
0.35426105221044213,-0.0011528341558965935,interpolado
0.3543608721744349,-0.0015150862174695258,interpolado
0.3544606921384277,-0.0018470254051281216,interpolado
0.35456051210242046,-0.002146446524017038,interpolado
0.35466033206641323,-0.002411144379280858,interpolado
0.354760152030406,-0.0026389137760637347,interpolado
0.35485997199439884,-0.002827549519510365,interpolado
0.355,-0.003022,original
0.3550596119223844,-0.0030789734691999858,interpolado
0.3551594318863772,-0.003143761554538838,interpolado
0.35525925185037,-0.0031774323438822404,interpolado
0.35535907181436277,-0.0031883223377884968,interpolado
0.35545889177835566,-0.0031847680368158595,interpolado
0.3555587117423485,-0.003175105941522596,interpolado
0.35565853170634126,-0.0031676725524669605,interpolado
0.35575835167033415,-0.003170804370207226,interpolado
0.35585817163432687,-0.003192837895301643,interpolado
0.356,-0.003273,original
0.3560578115623125,-0.003326500384930805,interpolado
0.3561576315263053,-0.0034464763209475836,interpolado
0.3562574514902981,-0.003596474564509171,interpolado
0.3563572714542908,-0.0037707574085354134,interpolado
0.35645709141828363,-0.00396358714594621,interpolado
0.3565569113822764,-0.004169226069661133,interpolado
0.3566567313462693,-0.00438193647260019,interpolado
0.356756551310262,-0.0045959806476829285,interpolado
0.3568563712742547,-0.0048056208878292555,interpolado
0.357,-0.005088,original
0.35705601120224034,-0.005188619137675553,interpolado
0.35715583116623323,-0.00534816543876278,interpolado
0.35725565113022595,-0.005474016277552917,interpolado
0.3573554710942188,-0.005556372318184306,interpolado
0.35745529105821156,-0.005585434224795186,interpolado
0.3575551110222043,-0.005551402661523768,interpolado
0.3576549309861972,-0.005444478292508251,interpolado
0.35775475095019,-0.005254861781886986,interpolado
0.3578545709141827,-0.004972753793798185,interpolado
0.358,-0.004376,original
0.35805421084216843,-0.004093101191610745,interpolado
0.3581540308061612,-0.0035018200442590245,interpolado
0.358253850770154,-0.002850242945940501,interpolado
0.35835367073414676,-0.0021748368492395583,interpolado
0.3584534906981396,-0.0015120687067405295,interpolado
0.3585533106621324,-0.0008984054710288565,interpolado
0.35865313062612525,-0.0003703140946885912,interpolado
0.358752950590118,3.573846969497129e-05,interpolado
0.3588527705541108,0.00028328526953746384,interpolado
0.359,0.000282,original
0.3590524104820964,0.00015887275390042522,interpolado
0.3591522304460892,-0.00024373431621266026,interpolado
0.35925205041008196,-0.0008319311436226526,interpolado
0.35935187037407484,-0.0015642962118292759,interpolado
0.35945169033806756,-0.0023994080043325773,interpolado
0.35955151030206045,-0.0032958450046311704,interpolado
0.3596513302660533,-0.004212185696225561,interpolado
0.35975115023004595,-0.005107008562614276,interpolado
0.3598509701940388,-0.005938892087297382,interpolado
0.36,-0.006974,original
0.3600506101220244,-0.007249314249323521,interpolado
0.3601504300860172,-0.007673131943625631,interpolado
0.36025025005001,-0.007948745033490804,interpolado
0.3603500700140028,-0.00808809633863175,interpolado
0.36044988997799565,-0.00810312867876088,interpolado
0.36054970994198837,-0.008005784873590613,interpolado
0.3606495299059812,-0.00780800774283343,interpolado
0.36074934986997403,-0.007521740106201579,interpolado
0.36084916983396675,-0.00715892478340782,interpolado
0.3609489897979596,-0.006731504594164199,interpolado
0.361,-0.006492,original
0.36114862972594514,-0.00573289202120031,interpolado
0.36124844968993797,-0.005191651173090368,interpolado
0.36134826965393074,-0.0046438509542719815,interpolado
0.36144808961792363,-0.00410556207030939,interpolado
0.3615479095819164,-0.003592855226768019,interpolado
0.3616477295459091,-0.003121801129212389,interpolado
0.361747549509902,-0.0027084704832071164,interpolado
0.36184736947389473,-0.0023689339943174874,interpolado
0.3619471894378875,-0.0021192623681079714,interpolado
0.362,-0.002029,original
0.3621468293658732,-0.0019326476514782236,interpolado
0.362246649329866,-0.001969892814250688,interpolado
0.3623464692938588,-0.002062767908757855,interpolado
0.36244628925785155,-0.002187473114328455,interpolado
0.3625461092218443,-0.0023202086102909955,interpolado
0.3626459291858371,-0.0024371745759741974,interpolado
0.3627457491498298,-0.002514571190706744,interpolado
0.36284556911382276,-0.0025285986338171975,interpolado
0.3629453890778155,-0.0024554570846341984,interpolado
0.363,-0.00237,original
0.3631450290058011,-0.0019788899181018517,interpolado
0.36324484896979403,-0.0016021652127276417,interpolado
0.3633446689337867,-0.0011698632752346451,interpolado
0.3634444888977797,-0.0007098744241561592,interpolado
0.36354430886177236,-0.0002500889780264435,interpolado
0.36364412882576513,0.00018160274462101115,interpolado
0.363743948789758,0.0005573104252526557,interpolado
0.36384376875375074,0.0008491437453343196,interpolado
0.36394358871774357,0.0010292123863325552,interpolado
0.364,0.001071,original
0.3641432286457291,0.0009693405534383155,interpolado
0.364243048609722,0.0007511085310378007,interpolado
0.36434286857371484,0.00044231210635040845,interpolado
0.36444268853770756,6.958607517525661e-05,interpolado
0.3645425085017003,-0.00034043476668779954,interpolado
0.36464232846569306,-0.0007611156234395216,interpolado
0.3647421484296859,-0.0011658216992806976,interpolado
0.36484196839367866,-0.0015279181984114354,interpolado
0.3649417883576715,-0.0018207703250326765,interpolado
0.365,-0.001949,original
0.3651414282856571,-0.002114381518479471,interpolado
0.36524124824964993,-0.0021275980730286197,interpolado
0.3653410682136427,-0.002078111667320215,interpolado
0.36544088817763554,-0.0019860762428097335,interpolado
0.3655407081416282,-0.0018716457409527973,interpolado
0.36564052810562103,-0.0017549741032048746,interpolado
0.3657403480696139,-0.0016562152710214283,interpolado
0.36584016803360664,-0.0015955231858580871,interpolado
0.3659399879975995,-0.0015930517891703173,interpolado
0.366,-0.001628,original
0.366139627925585,-0.0018222142698706438,interpolado
0.36623944788957785,-0.002029721247508965,interpolado
0.3663392678535706,-0.002264724084287043,interpolado
0.3664390878175635,-0.0025009615529188877,interpolado
0.36653890778155623,-0.002712172426118511,interpolado
0.36663872774554906,-0.0028720954765995735,interpolado
0.3667385477095419,-0.002954469477076129,interpolado
0.3668383676735346,-0.0029330332002619813,interpolado
0.36693818763752745,-0.002781525418871108,interpolado
0.367,-0.002611,original
0.367137827565513,-0.0020120425739943953,interpolado
0.3672376475295059,-0.0014315537244122508,interpolado
0.3673374674934987,-0.0007721858865075037,interpolado
0.3674372874574914,-7.330281218037341e-05,interpolado
0.36753710742148415,0.0006257317466690086,interpolado
0.367636927385477,0.001285554038139336,interpolado
0.3677367473494698,0.0018668003103307817,interpolado
0.36783656731346265,0.0023301068113421694,interpolado
0.36793638727745537,0.0026361097892733344,interpolado
0.368,0.002731,original
0.3681360272054411,0.0026512324746146374,interpolado
0.3682358471694339,0.0023859618497032056,interpolado
0.3683356671334267,0.001987897025586781,interpolado
0.3684354870974194,0.001494688840192653,interpolado
0.3685353070614123,0.0009439881314478955,interpolado
0.3686351270254051,0.00037344573728052783,interpolado
0.3687349469893979,-0.00017928750438264788,interpolado
0.3688347669533906,-0.0006765607556136111,interpolado
0.3689345869173835,-0.001080723178485286,interpolado
0.369,-0.001277,original
0.369134226845369,-0.0014792439014929657,interpolado
0.3692340468093619,-0.0014647632316254903,interpolado
0.36933386677335467,-0.0013230483908099348,interpolado
0.36943368673734744,-0.0010661267672311392,interpolado
0.3695335067013403,-0.0007060257490736884,interpolado
0.36963332666533305,-0.0002547727245227986,interpolado
0.36973314662932577,0.0002756049182372055,interpolado
0.36983296659331855,0.000873079791020918,interpolado
0.3699327865573113,0.0015256245056438017,interpolado
0.37,0.00199,original
0.37013242648529704,0.0029415110914325264,interpolado
0.3702322464492898,0.0036594055081956307,interpolado
0.3703320664132827,0.0043465772342073114,interpolado
0.3704318863772754,0.004974802665137064,interpolado
0.37053170634126825,0.005515858196654262,interpolado
0.370631526305261,0.005941520224427389,interpolado
0.37073134626925386,0.006223565144125982,interpolado
0.37083116623324675,0.006333769351418818,interpolado
0.3709309861972394,0.006243909241975188,interpolado
0.371,0.00605,original
0.371130626125225,0.005381754774488798,interpolado
0.37123044608921785,0.00466001024365637,interpolado
0.37133026605321073,0.003814776757160214,interpolado
0.3714300860172035,0.002899901387248551,interpolado
0.37152990598119623,0.0019692312061694588,interpolado
0.37162972594518895,0.0010766132861725827,interpolado
0.3717295459091819,0.0002758946995055826,interpolado
0.37182936587317456,-0.00037907748158204184,interpolado
0.37192918583716733,-0.0008344561848421814,interpolado
0.372,-0.001007,original
0.372128825765153,-0.0009704746869746972,interpolado
0.37222864572914566,-0.0006850085526273051,interpolado
0.3723284656931386,-0.0002366565287449973,interpolado
0.3724282856571313,0.0003183708517004293,interpolado
0.3725281056211242,0.0009238630557382434,interpolado
0.3726279255851169,0.001523609550396471,interpolado
0.37272774554910976,0.0020613998027041625,interpolado
0.3728275655131026,0.002481023279690229,interpolado
0.37292738547709536,0.002726269448382903,interpolado
0.373,0.002763,original
0.37312702540508097,0.002511554663825722,interpolado
0.3732268453690738,0.002097210074140052,interpolado
0.3733266653330666,0.001566623830731463,interpolado
0.37342648529705935,0.000988105608249534,interpolado
0.3735263052610522,0.00042996508134266506,interpolado
0.3736261252250449,-3.948807533953448e-05,interpolado
0.37372594518903773,-0.0003519441871484279,interpolado
0.37382576515303056,-0.00043909357943502946,interpolado
0.37392558511702334,-0.00023262657755025035,interpolado
0.374,0.000153,original
0.374125225045009,0.0012772339918233966,interpolado
0.37422504500900183,0.002499799791730594,interpolado
0.37432486497299466,0.0038975833558381064,interpolado
0.3744246849369874,0.0053651814459442174,interpolado
0.37452450490098016,0.006797190823850316,interpolado
0.374624324864973,0.008088208251354645,interpolado
0.37472414482896577,0.009132830490257907,interpolado
0.37482396479295865,0.00982565430236025,interpolado
0.3749237847569513,0.01006127644946074,interpolado
0.375,0.009868,original
0.37512342468493703,0.008816886783900232,interpolado
0.37522324464892975,0.00743000252599108,interpolado
0.3753230646129227,0.005715026560945843,interpolado
0.3754228845769153,0.0038128018265723585,interpolado
0.3755227045409082,0.0018641712606745596,interpolado
0.37562252450490097,9.977801060547312e-06,interpolado
0.3757223444688937,-0.001608935614464886,interpolado
0.3758221644328865,-0.00285172604809642,interpolado
0.37592198439687924,-0.0035775505620267403,interpolado
0.376,-0.003694,original
0.37612162432486496,-0.003000868689415407,interpolado
0.37622144428885773,-0.0017635042251227839,interpolado
0.3763212642528505,-7.818124927909086e-05,interpolado
0.3764210842168433,0.0019108869875478513,interpolado
0.3765209041808361,0.004059487234794189,interpolado
0.37662072414482894,0.006223406241891593,interpolado
0.3767205441088217,0.008258430758275336,interpolado
0.37682036407281444,0.010020347533380403,interpolado
0.3769201840368073,0.011364943316638898,interpolado
0.377,0.012043,original
0.37711982396479293,0.012295348182596547,interpolado
0.37721964392878565,0.011883998765258722,interpolado
0.37731946389277854,0.01101298292179459,interpolado
0.37741928385677137,0.009781001132444067,interpolado
0.37751910382076415,0.008286753877444824,interpolado
0.3776189237847569,0.0066289416370374716,interpolado
0.3777187437487496,0.004906264891460167,interpolado
0.3778185637127426,0.003217424120950913,interpolado
0.3779183836767353,0.0016611198057505396,interpolado
0.378,0.000556,original
0.37811802360472085,-0.0006949391928093296,interpolado
0.37821784356871374,-0.0014510755180833718,interpolado
0.3783176635327065,-0.001963962530585167,interpolado
0.37841748349669935,-0.0022650746285711727,interpolado
0.37851730346069207,-0.00238588621029875,interpolado
0.378617123424685,-0.0023578716740248625,interpolado
0.37871694338867773,-0.002212505418006567,interpolado
0.37881676335267056,-0.001981261840500754,interpolado
0.3789165833166634,-0.0016956153397647078,interpolado
0.379,-0.001438,original
0.379116223244649,-0.0010810030719048851,interpolado
0.3792160432086418,-0.0007884118808425012,interpolado
0.37931586317263466,-0.0005178860994645378,interpolado
0.3794156831366274,-0.00027806197714269626,interpolado
0.3795155031006201,-7.75757632482177e-05,interpolado
0.37961532306461293,7.493629284757025e-05,interpolado
0.3797151430286058,0.00017083794177309654,interpolado
0.3798149629925985,0.00020149293415705927,interpolado
0.3799147829565913,0.00015826502062802337,interpolado
0.38,5.64e-05,original
0.380114422884577,-0.00017812570961876125,interpolado
0.38021424284856964,-0.0004599946950672229,interpolado
0.3803140628125625,-0.0007967802674881507,interpolado
0.3804138827765553,-0.001172186699691672,interpolado
0.380513702740548,-0.0015699182644884659,interpolado
0.38061352270454085,-0.001973679234689263,interpolado
0.38071334266853374,-0.002367173883104115,interpolado
0.3808131626325265,-0.0027341064825439467,interpolado
0.3809129825965193,-0.003058181305818849,interpolado
0.381,-0.003293,original
0.3811126225245049,-0.003517862976022478,interpolado
0.3812124424884977,-0.003645796361194184,interpolado
0.3813122624524905,-0.003712707104303039,interpolado
0.3814120824164833,-0.0037243917600681877,interpolado
0.381511902380476,-0.003686646883208896,interpolado
0.38161172234446883,-0.003605269028444323,interpolado
0.3817115423084616,-0.0034860547504937775,interpolado
0.38181136227245444,-0.003334800604076347,interpolado
0.38191118223644727,-0.003157303143911418,interpolado
0.382,-0.002982,original
0.3821108221644329,-0.0027477886102890156,interpolado
0.3822106421284256,-0.002532348803316821,interpolado
0.3823104620924186,-0.0023233273032188385,interpolado
0.38241028205641137,-0.0021310109073268374,interpolado
0.38251010202040414,-0.0019656864129722336,interpolado
0.38260992198439703,-0.001837640617486502,interpolado
0.3827097419483898,-0.0017571603182013234,interpolado
0.3828095619123827,-0.0017345323124481546,interpolado
0.38290938187637547,-0.0017800433975585597,interpolado
0.383,-0.001889,original
0.3831090218043611,-0.002106216764939548,interpolado
0.38320884176835396,-0.0023550812245305996,interpolado
0.3833086617323467,-0.0026128974751390625,interpolado
0.3834084816963395,-0.002841995503658887,interpolado
0.3835083016603323,-0.00300470529698364,interpolado
0.38360812162432495,-0.003063356842007296,interpolado
0.38370794158831784,-0.002980280125623613,interpolado
0.3838077615523106,-0.0027178051347264906,interpolado
0.38390758151630344,-0.0022382618562094368,interpolado
0.384,-0.001568,original
0.38410722144428894,-0.0004986242095342734,interpolado
0.38420704140828177,0.0007258763485598444,interpolado
0.38430686137227443,0.0021039017698138308,interpolado
0.38440668133626726,0.0035698394441798153,interpolado
0.38450650130026004,0.005058076761607453,interpolado
0.3846063212642528,0.006503001112049625,interpolado
0.3847061412282456,0.007838999885456001,interpolado
0.3848059611922384,0.009000460471778719,interpolado
0.3849057811562312,0.009921770260969512,interpolado
0.385,0.010512,original
0.38510542108421686,0.010806907614950921,interpolado
0.38520524104820963,0.010776252902525131,interpolado
0.3853050610122025,0.01050922498158709,interpolado
0.38540488097619535,0.010069692515361309,interpolado
0.38550470094018807,0.009521524167073088,interpolado
0.3856045209041809,0.008928588599946692,interpolado
0.38570434086817373,0.008354754477207595,interpolado
0.38580416083216656,0.007863890462080261,interpolado
0.3859039807961594,0.007519865217789341,interpolado
0.386,0.007387,original
0.38610362072414495,0.007504120978359196,interpolado
0.3862034406881377,0.007828265923089205,interpolado
0.38630326065213044,0.008295812278388593,interpolado
0.3864030806161233,0.008843591249694882,interpolado
0.3865029005801161,0.009408434042444647,interpolado
0.3866027205441089,0.00992717186207565,interpolado
0.38670254050810166,0.01033663591402449,interpolado
0.3868023604720944,0.010573657403728693,interpolado
0.38690218043608726,0.010575067536625385,interpolado
0.387,0.010287,original
0.3871018203640727,0.009640114142296879,interpolado
0.38720164032806553,0.00870275242562471,interpolado
0.3873014602920583,0.007525320836010481,interpolado
0.3874012802560511,0.006167527676505809,interpolado
0.38750110022004397,0.004689081250164638,interpolado
0.3876009201840367,0.003149689860037808,interpolado
0.3877007401480295,0.0016090618091794628,interpolado
0.3878005601120224,0.00012690540064117368,interpolado
0.3879003800760151,-0.0012370710625253692,interpolado
0.388,-0.002421,original
0.38810002000400073,-0.0033855326977344233,interpolado
0.3881998399679936,-0.004133558977775704,interpolado
0.3882996599319863,-0.004690321613235262,interpolado
0.3883994798959792,-0.005078904099846825,interpolado
0.388499299859972,-0.005322389933343522,interpolado
0.3885991198239649,-0.005443862609459209,interpolado
0.3886989397879576,-0.005466405623927312,interpolado
0.38879875975195044,-0.005413102472481488,interpolado
0.38889857971594327,-0.005307036650855219,interpolado
0.389,-0.005169,original
0.38909821964392877,-0.005025000526422552,interpolado
0.3891980396079216,-0.004870715794064011,interpolado
0.38929785957191443,-0.004706640684250584,interpolado
0.3893976795359072,-0.004530978406438676,interpolado
0.38949749949990004,-0.00434193217008507,interpolado
0.38959731946389276,-0.0041377051846462586,interpolado
0.38969713942788564,-0.0039165006595787075,interpolado
0.3897969593918785,-0.003676521804339246,interpolado
0.38989677935587125,-0.0034159718283841957,interpolado
0.39,-0.003123,original
0.3900964192838568,-0.002827134796781739,interpolado
0.39019623924784963,-0.00250273597472332,interpolado
0.39029605921184235,-0.0021658062766688455,interpolado
0.39039587917583524,-0.0018222945553360336,interpolado
0.39049569913982796,-0.0014781496634433562,interpolado
0.3905955191038208,-0.00113932045370871,interpolado
0.3906953390678137,-0.0008117557788500039,interpolado
0.39079515903180634,-0.0005014044915856901,interpolado
0.3908949789957993,-0.0002142154446335189,interpolado
0.391,5.64e-05,original
0.3910946189237848,0.00026829937455857816,interpolado
0.3911944388877776,0.0004612024479072754,interpolado
0.3912942588517703,0.0006266182237826186,interpolado
0.3913940788157632,0.0007685934322876845,interpolado
0.391493898779756,0.0008911748035252055,interpolado
0.39159371874374876,0.0009984090675981547,interpolado
0.39169353870774154,0.0010943429546094714,interpolado
0.3917933586717343,0.0011830231946619385,interpolado
0.39189317863572726,0.0012684965178585486,interpolado
0.392,0.001361,original
0.39209281856371275,0.0014448094426208328,interpolado
0.3921926385277056,0.0015354155687497487,interpolado
0.3922924584916983,0.0016217207865892994,interpolado
0.39239227845569113,0.001698817335058005,interpolado
0.39249209841968385,0.0017617974530742073,interpolado
0.3925919183836767,0.0018057533795563818,interpolado
0.39269173834766946,0.001825777353422961,interpolado
0.3927915583116623,0.001816961613592352,interpolado
0.39289137827565507,0.0017743983989829668,interpolado
0.393,0.001684,original
0.39309101820364073,0.0015705485677405015,interpolado
0.3931908381676335,0.0014149644339630227,interpolado
0.3932906581316262,0.0012385343566244677,interpolado
0.3933904780956191,0.001053367089523992,interpolado
0.39349029805961194,0.0008715713864611415,interpolado
0.3935901180236047,0.0007052560012351499,interpolado
0.3936899379875976,0.0005665296876452863,interpolado
0.3937897579515903,0.000467501199491045,interpolado
0.3938895779155832,0.00042027929057166674,interpolado
0.394,0.000443,original
0.3940892178435688,0.0005264228361055996,interpolado
0.3941890378075616,0.0006794598077297372,interpolado
0.39428885777155437,0.0008807411104421663,interpolado
0.3943886777355472,0.0011149187420545167,interpolado
0.3944884976995401,0.0013666447003779472,interpolado
0.39458831766353275,0.0016205709832240052,interpolado
0.3946881376275256,0.0018613495884042422,interpolado
0.39478795759151836,0.00207363251372981,interpolado
0.3948877775555112,0.002242071757012274,interpolado
0.395,0.00236,original
0.3950874174834968,0.0023872010922708167,interpolado
0.3951872374474895,0.0023423823212544896,interpolado
0.39528705741148235,0.0022119984004858135,interpolado
0.3953868773754751,0.0019911880798931794,interpolado
0.39548669733946795,0.0016750901094047788,interpolado
0.3955865173034608,0.001258843238949356,interpolado
0.39568633726745367,0.0007375862184548381,interpolado
0.3957861572314464,0.00010645779785019554,interpolado
0.39588597719543916,-0.0006394032729364362,interpolado
0.396,-0.001638,original
0.3960856171234247,-0.002488461711504228,interpolado
0.39618543708741755,-0.0035499171908637433,interpolado
0.39628525705141027,-0.004634146582831156,interpolado
0.39638507701540304,-0.00568604299811286,interpolado
0.3964848969793959,-0.006650499547415178,interpolado
0.3965847169433887,-0.0074724093414428394,interpolado
0.39668453690738154,-0.008096665490902507,interpolado
0.39678435687137426,-0.008468161106499289,interpolado
0.3968841768353671,-0.008531789298939416,interpolado
0.397,-0.008147,original
0.3970838167633527,-0.007528906287550449,interpolado
0.3971836367273454,-0.006470484116329119,interpolado
0.39728345669133824,-0.005142748413504266,interpolado
0.397383276655331,-0.0036313676088617175,interpolado
0.3974830966193239,-0.002022010132186889,interpolado
0.39758291658331674,-0.00040034441326792977,interpolado
0.39768273654730946,0.0011479611181105336,interpolado
0.3977825565113023,0.002537238032160428,interpolado
0.3978823764752951,0.0036818178990963104,interpolado
0.398,0.0046,original
0.3980820164032808,0.0049075424089235304,interpolado
0.3981818363672735,0.004935955048206764,interpolado
0.39828165633126633,0.004639650280181208,interpolado
0.3983814762952591,0.00407714452227334,interpolado
0.39848129625925194,0.003306954191909042,interpolado
0.39858111622324466,0.0023875957065155593,interpolado
0.3986809361872376,0.0013775854835183048,interpolado
0.3987807561512303,0.00033543994034478374,interpolado
0.39888057611522315,-0.0006803245055791827,interpolado
0.399,-0.001779,original
0.39908021604320876,-0.0024041165197423216,interpolado
0.3991800360072015,-0.0030460323890539975,interpolado
0.3992798559711943,-0.0035416090649483924,interpolado
0.39937967593518703,-0.0038955964402167826,interpolado
0.3994794958991799,-0.004112744407650131,interpolado
0.3995793158631727,-0.004197802860039079,interpolado
0.39967913582716547,-0.004155521690174604,interpolado
0.39977895579115824,-0.0039906507908476375,interpolado
0.39987877575515096,-0.003707940054849066,interpolado
0.4,-0.003213,original
0.4000784156831367,-0.002810349221971489,interpolado
0.4001782356471294,-0.002227870328093872,interpolado
0.4002780556111222,-0.0015984964983212556,interpolado
0.40037787557511495,-0.000956069342028682,interpolado
0.40047769553910784,-0.00033443046859116477,interpolado
0.40057751550310067,0.00023257851261524642,interpolado
0.40067733546709344,0.0007111159922155586,interpolado
0.4007771554310863,0.0010673403608345846,interpolado
0.40087697539507905,0.001267410009096566,interpolado
0.401,0.001249,original
0.40107661532306454,0.0010697576796850432,interpolado
0.4011764352870573,0.0006660263160807496,interpolado
0.40127625525105026,0.0001124143648810307,interpolado
0.40137607521504304,-0.0005447852656456508,interpolado
0.40147589517903587,-0.0012592796672321442,interpolado
0.4015757151430287,-0.0019847759316098073,interpolado
0.40167553510702136,-0.002674981150511201,interpolado
0.40177535507101425,-0.0032836024156688054,interpolado
0.4018751750350071,-0.0037643468188140977,interpolado
0.402,-0.004115,original
0.4020748149629926,-0.0041632761548981,interpolado
0.4021746349269854,-0.0040557867183528655,interpolado
0.4022744548909782,-0.0037908910887386607,interpolado
0.402374274854971,-0.003411260285285344,interpolado
0.4024740948189638,-0.002959565327222092,interpolado
0.4025739147829567,-0.002478477233778969,interpolado
0.40267373474694934,-0.0020106670241852847,interpolado
0.4027735547109422,-0.0015988057176703806,interpolado
0.40287337467493495,-0.0012855643334642776,interpolado
0.403,-0.001097,original
0.4030730146029205,-0.0011196536728004635,interpolado
0.4031728345669134,-0.0012850629659777164,interpolado
0.40327265453090616,-0.0015612547859047343,interpolado
0.403372474494899,-0.0018993466624981407,interpolado
0.40347229445889177,-0.002250456125675205,interpolado
0.4035721144228846,-0.002565700705352468,interpolado
0.40367193438687743,-0.002796197931447077,interpolado
0.4037717543508702,-0.0028930653338759913,interpolado
0.4038715743148631,-0.0028074204425560367,interpolado
0.404,-0.00235,original
0.40407121424284864,-0.001900616786789218,interpolado
0.4041710342068414,-0.0010712185570088304,interpolado
0.40427085417083425,-7.76145033149064e-05,interpolado
0.4043706741348269,0.0010042774481945635,interpolado
0.4044704940988199,0.0020985393714238374,interpolado
0.40457031406281274,0.003129253340274812,interpolado
0.4046701340268054,0.004020501428651245,interpolado
0.4047699539907982,0.004696365710456583,interpolado
0.404869773954791,0.005080928259593191,interpolado
0.405,0.005019,original
0.4050694138827766,0.004683063537358172,interpolado
0.4051692338467694,0.0038810522409169945,interpolado
0.4052690538107622,0.0028043332985290457,interpolado
0.40536887377475495,0.0015658926017862401,interpolado
0.4054686937387478,0.0002787160422780183,interpolado
0.4055685137027405,-0.0009442104884034681,interpolado
0.4056683336667333,-0.0019899010986682603,interpolado
0.40576815363072616,-0.002745369896926004,interpolado
0.4058679735947188,-0.00309763099158513,interpolado
0.406,-0.002752,original
0.40606761352270454,-0.00215320485243912,interpolado
0.40616743348669726,-0.0007969238266173856,interpolado
0.40626725345069015,0.0010058784921282732,interpolado
0.40636707341468287,0.0031245722743089162,interpolado
0.4064668933786757,0.0054285276904385595,interpolado
0.4065667133426686,0.007787114911031633,interpolado
0.4066665333066613,0.010069704106598572,interpolado
0.4067663532706541,0.012145665447654887,interpolado
0.4068661732346469,0.01388436910471134,interpolado
0.407,0.015458,original
0.4070658131626326,0.015837143981392434,interpolado
0.40716563312662524,0.01592462031940429,interpolado
0.4072654530906181,0.015487878798667315,interpolado
0.40736527305461084,0.014598516657878249,interpolado
0.4074650930186036,0.013328131135733232,interpolado
0.40756491298259645,0.011748319470927549,interpolado
0.40766473294658917,0.009930678902159226,interpolado
0.4077645529105821,0.007946806668122567,interpolado
0.4078643728745747,0.0058683000075160415,interpolado
0.408,0.003021,original
0.40806401280256027,0.0017125688891722853,interpolado
0.4081638327665532,-0.00023923027519041445,interpolado
0.408263652730546,-0.0020442138045079442,interpolado
0.4083634726945388,-0.003658164811352854,interpolado
0.4084632926585316,-0.005036866408300761,interpolado
0.4085631126225244,-0.006136101707926764,interpolado
0.40866293258651726,-0.006911653822804197,interpolado
0.4087627525505101,-0.007319305865508436,interpolado
0.4088625725145028,-0.00731484094861358,interpolado
0.409,-0.006553,original
0.40906221244248847,-0.005899133887441049,interpolado
0.40916203240648125,-0.004500375169621327,interpolado
0.4092618523704741,-0.0027717651394006154,interpolado
0.40936167233446685,-0.0008287257553472113,interpolado
0.4094614922984596,0.0012133210239734518,interpolado
0.40956131226245235,0.0032389532399961425,interpolado
0.4096611322264452,0.0051327489341522385,interpolado
0.40976095219043807,0.006779286147877385,interpolado
0.4098607721544308,0.008063142922603371,interpolado
0.41,0.00903,original
0.4100604120824164,0.009089567319841903,interpolado
0.41016023204640917,0.008741888746618211,interpolado
0.41026005201040205,0.007936538114418685,interpolado
0.4103598719743947,0.006786534676824953,interpolado
0.41045969193838755,0.005404897687417381,interpolado
0.41055951190238044,0.003904646399775817,interpolado
0.4106593318663732,0.002398800067482661,interpolado
0.4107591518303661,0.0010003779441170747,interpolado
0.4108589717943588,-0.00017760071673865257,interpolado
0.411,-0.001247,original
0.4110586117223445,-0.00142681413492798,interpolado
0.4111584316863372,-0.0013902891724666582,interpolado
0.41125825165033014,-0.0009946999987388752,interpolado
0.41135807161432286,-0.0003245206385952566,interpolado
0.4114578915783157,0.0005357748831141707,interpolado
0.41155771154230847,0.0015017125415398044,interpolado
0.41165753150630124,0.00248881831183038,interpolado
0.4117573514702941,0.003412618169136261,interpolado
0.41185717143428685,0.00418863808860767,interpolado
0.412,0.004874,original
0.41205681136227257,0.0049639636746214,interpolado
0.4121566313262652,0.004880038651149307,interpolado
0.41225645129025806,0.004541355163495582,interpolado
0.41235627125425084,0.004010601216125009,interpolado
0.41245609121824367,0.0033504648135033272,interpolado
0.41255591118223645,0.0026236339600949994,interpolado
0.4126557311462292,0.0018927966603659826,interpolado
0.4127555511102219,0.0012206409187810058,interpolado
0.4128553710742148,0.0006698547398049279,interpolado
0.413,0.000215,original
0.41305501100220043,0.00017973137586838113,interpolado
0.4131548309661932,0.0002965264771968998,interpolado
0.413254650930186,0.0005957430666729899,interpolado
0.41335447089417876,0.0010177689600427671,interpolado
0.4134542908581716,0.0015029919730515907,interpolado
0.4135541108221644,0.001991799921445786,interpolado
0.4136539307861573,0.0024245806209706395,interpolado
0.4137537507501499,0.002741721887372284,interpolado
0.4138535707141428,0.0028836115363965985,interpolado
0.414,0.00265,original
0.4140532106421284,0.0024064493868188822,interpolado
0.4141530306061212,0.001739245447576293,interpolado
0.4142528505701139,0.000856435310688989,interpolado
0.4143526705341068,-0.0001723788496430639,interpolado
0.41445249049809957,-0.0012775948592181354,interpolado
0.41455231046209245,-0.0023896105438368075,interpolado
0.4146521304260852,-0.0034388237292972516,interpolado
0.4147519503900779,-0.004355632241399531,interpolado
0.41485177035407084,-0.005070433905943414,interpolado
0.415,-0.00561,original
0.41505141028205633,-0.005618794340097328,interpolado
0.41515123024604916,-0.0053878831494731955,interpolado
0.41525105021004205,-0.004888571860699263,interpolado
0.41535087017403477,-0.004191199711822375,interpolado
0.4154506901380276,-0.003366105940890615,interpolado
0.4155505101020204,-0.00248362978595043,interpolado
0.4156503300660131,-0.0016141104850501055,interpolado
0.4157501500300059,-0.0008278872762364393,interpolado
0.4158499699939987,-0.0001952993975564113,interpolado
0.41594978995799153,0.00021331391294196781,interpolado
0.416,0.000312,original
0.41614942988597714,0.00015668088022757895,interpolado
0.41624924984996986,-0.00023950940489422806,interpolado
0.4163490698139628,-0.0007863452924562972,interpolado
0.4164488897779555,-0.001412120857545991,interpolado
0.4165487097419484,-0.00204513017525192,interpolado
0.41664852970594124,-0.0026136673206613513,interpolado
0.416748349669934,-0.0030460263688626447,interpolado
0.4168481696339267,-0.003270501394943854,interpolado
0.41694798959791957,-0.003215386473992704,interpolado
0.417,-0.003052,original
0.4171476295259051,-0.002058788091652735,interpolado
0.41724744948989795,-0.0010285230331371902,interpolado
0.4173472694538908,0.00020389255018900794,interpolado
0.4174470894178835,0.001563222547817523,interpolado
0.4175469093818763,0.002974230849242057,interpolado
0.41764672934586905,0.004361681343956421,interpolado
0.4177465493098619,0.005650337921452107,interpolado
0.4178463692738547,0.006764964471223523,interpolado
0.41794618923784743,0.0076303248827624594,interpolado
0.418,0.007967,original
0.4181458291658331,0.008375015319854837,interpolado
0.41824564912982587,0.008278203176611654,interpolado
0.4183454690938187,0.007928156919110191,interpolado
0.41844528905781153,0.007370317355846162,interpolado
0.4185451090218043,0.006650125295314731,interpolado
0.4186449289857972,0.005813021546010709,interpolado
0.41874474894979,0.004904446916430342,interpolado
0.4188445689137828,0.003969842215067977,interpolado
0.41894438887777563,0.0030546482504199674,interpolado
0.419,0.00257,original
0.4191440288057612,0.0014359756222897754,interpolado
0.41924384876975385,0.0007426942736362453,interpolado
0.4193436687337468,0.00011259926474222487,interpolado
0.4194434886977395,-0.00046535409863349977,interpolado
0.41954330866173234,-0.001002210510733202,interpolado
0.4196431286257251,-0.0015090146657990634,interpolado
0.4197429485897177,-0.0019968112580724335,interpolado
0.41984276855371067,-0.0024766449817957745,interpolado
0.4199425885177034,-0.002959560531210466,interpolado
0.42,-0.003243,original
0.420142228445689,-0.003965065272150291,interpolado
0.42024204840968177,-0.0044694701059619125,interpolado
0.4203418683736747,-0.004951976187251033,interpolado
0.4204416883376675,-0.005395107120807929,interpolado
0.4205415083016603,-0.005781386511423697,interpolado
0.42064132826565304,-0.006093337963889308,interpolado
0.4207411482296459,-0.006313485082995228,interpolado
0.4208409681936387,-0.006424351473532502,interpolado
0.42094078815763153,-0.006408460740291818,interpolado
0.421,-0.006332,original
0.4211404280856173,-0.005948085417209088,interpolado
0.4212402480496099,-0.005533558382578589,interpolado
0.4213400680136028,-0.005034311850798195,interpolado
0.4214398879775956,-0.0044793803846318245,interpolado
0.4215397079415883,-0.003897798546842578,interpolado
0.4216395279055811,-0.003318600900193493,interpolado
0.42173934786957384,-0.0027708220074485817,interpolado
0.4218391678335668,-0.0022834964313706257,interpolado
0.4219389877975595,-0.0018856587347235324,interpolado
0.422,-0.001699,original
0.422138627725545,-0.0014517749485972982,interpolado
0.4222384476895378,-0.0014033379286992396,interpolado
0.4223382676535306,-0.0014384709218722004,interpolado
0.42243808761752344,-0.0015351128511235442,interpolado
0.42253790758151627,-0.001671202639460681,interpolado
0.42263772754550916,-0.001824679209891109,interpolado
0.42273754750950193,-0.0019734814854220606,interpolado
0.42283736747349476,-0.0020955483890610868,interpolado
0.4229371874374875,-0.002168818843815453,interpolado
0.423,-0.00218,original
0.42313682736547326,-0.0020935280708715576,interpolado
0.423236647329466,-0.001941471972861908,interpolado
0.42333646729345864,-0.0017230793908029742,interpolado
0.4234362872574516,-0.0014461129435008311,interpolado
0.4235361072214443,-0.0011183352497620284,interpolado
0.4236359271854372,-0.000747508928392456,interpolado
0.42373574714942985,-0.000341396598198769,interpolado
0.42383556711342263,9.22391220129858e-05,interpolado
0.4239353870774155,0.0005456356134368219,interpolado
0.424,0.000846,original
0.42413502700540107,0.001477238798271323,interpolado
0.4242348469693938,0.001928761275089437,interpolado
0.4243346669333867,0.002349480197081563,interpolado
0.42443448689737945,0.0027233387277622576,interpolado
0.4245343068613722,0.0030342800306454687,interpolado
0.424634126825365,0.0032662472692458885,interpolado
0.4247339467893577,0.0034031836070776197,interpolado
0.42483376675335055,0.0034290322076551837,interpolado
0.4249335867173434,0.003327736234492852,interpolado
0.425,0.003182,original
0.425133226645329,0.0026976109216358475,interpolado
0.4252330466093219,0.0021974406706829217,interpolado
0.42533286657331465,0.0016127051515975998,interpolado
0.4254326865373075,0.0009730956129783588,interpolado
0.42553250650130026,0.00030830330342476026,interpolado
0.42563232646529303,-0.0003519805284650567,interpolado
0.4257321464292858,-0.000978064634091507,interpolado
0.42583196639327864,-0.00154025776485612,interpolado
0.4259317863572715,-0.002008868672160287,interpolado
0.426,-0.00226,original
0.4261314262852572,-0.0025610534485768026,interpolado
0.42623124624924985,-0.002635142492607888,interpolado
0.4263310662132426,-0.002585034139982522,interpolado
0.4264308861772354,-0.002419087973225094,interpolado
0.42653070614122807,-0.0021456635748603042,interpolado
0.42663052610522106,-0.0017731205274123737,interpolado
0.4267303460692138,-0.00130981841340623,interpolado
0.42683016603320645,-0.0007641168153662059,interpolado
0.42692998599719933,-0.00014437531581645217,interpolado
0.427,0.00033,original
0.42712962592518494,0.0012768272644689597,interpolado
0.4272294458891777,0.002036883961866806,interpolado
0.42732926585317055,0.002793698059657875,interpolado
0.4274290858171633,0.0035198356585455746,interpolado
0.4275289057811562,0.004187862859232111,interpolado
0.42762872574514893,0.004770345762421212,interpolado
0.42772854570914176,0.005239850468815241,interpolado
0.42782836567313454,0.005568943079117568,interpolado
0.4279281856371274,0.0057301896940312545,interpolado
0.428,0.005727,original
0.42812782556511303,0.0054677918605638785,interpolado
0.42822764552910575,0.00509282994475326,interpolado
0.4283274654930986,0.004625231601619006,interpolado
0.4284272854570914,0.004118659274096903,interpolado
0.42852710542108424,0.0036267754051236144,interpolado
0.42862692538507696,0.003203242437634728,interpolado
0.4287267453490698,0.002901722814566813,interpolado
0.4288265653130625,0.0027758789788556804,interpolado
0.42892638527705534,0.0028793733734375345,interpolado
0.429,0.003134,original
0.429126025205041,0.00394960356471135,interpolado
0.4292258451690337,0.004875622897419614,interpolado
0.4293256651330266,0.005979695555010241,interpolado
0.42942548509701933,0.00719794509299795,interpolado
0.42952530506101216,0.008466495066894944,interpolado
0.42962512502500494,0.009721469032215442,interpolado
0.4297249449889977,0.010898990544473639,interpolado
0.42982476495299055,0.01193518315918178,interpolado
0.4299245849169833,0.012766170431854513,interpolado
0.43,0.013219,original
0.430124224844969,0.013587472435556545,interpolado
0.4302240448089618,0.013567766429891319,interpolado
0.4303238647729546,0.01330010066216121,interpolado
0.43042368473694753,0.012815387016094196,interpolado
0.43052350470094025,0.012144537375419066,interpolado
0.43062332466493286,0.011318463623863852,interpolado
0.43072314462892586,0.010368077645156239,interpolado
0.4308229645929185,0.00932429132302553,interpolado
0.43092278455691146,0.008218016541198851,interpolado
0.431,0.007339,original
0.4311224244848969,0.005938242233095915,interpolado
0.4312222444488898,0.004812998249731843,interpolado
0.43132206441288257,0.0037242432048960193,interpolado
0.4314218843768754,0.002691808515881371,interpolado
0.4315217043408681,0.001735525599983162,interpolado
0.43162152430486084,0.0008752258744949159,interpolado
0.43172134426885367,0.00013074075671036127,interpolado
0.4318211642328465,-0.0004780983360755535,interpolado
0.43192098419683933,-0.0009314599865693726,interpolado
0.432,-0.001167,original
0.43212062412482494,-0.0013052896149571339,interpolado
0.43222044408881777,-0.0012388860222975297,interpolado
0.43232026405281054,-0.00103427749971977,interpolado
0.4324200840168033,-0.0007153735487986392,interpolado
0.43251990398079615,-0.0003060836711094851,interpolado
0.4326197239447888,0.00016968263177285546,interpolado
0.4327195439087818,0.000688015858273696,interpolado
0.4328193638727746,0.0012250065068174657,interpolado
0.43291918383676725,0.0017567450758297493,interpolado
0.433,0.002167,original
0.4331188237647528,0.0027146469037510577,interpolado
0.43321864372874574,0.003117606347553757,interpolado
0.4333184636927385,0.003465013110582526,interpolado
0.43341828365673135,0.0037536561040019773,interpolado
0.433518103620724,0.00398032423897601,interpolado
0.4336179235847168,0.004141806426669034,interpolado
0.4337177435487097,0.004234891578245304,interpolado
0.4338175635127024,0.004256368604868942,interpolado
0.43391738347669534,0.004203026417704199,interpolado
0.434,0.0041,original
0.43411702340468084,0.003862930984800057,interpolado
0.4342168433686737,0.0035867293487989267,interpolado
0.4343166633326666,0.0032543393329912715,interpolado
0.4344164832966593,0.0028770388886452543,interpolado
0.43451630326065216,0.0024661059670298222,interpolado
0.4346161232246449,0.002032818519413294,interpolado
0.43471594318863777,0.0015884544970639458,interpolado
0.43481576315263065,0.001144291851250794,interpolado
0.43491558311662337,0.0007116085332421154,interpolado
0.435,0.000363,original
0.43511522304460903,-7.689477667210735e-05,interpolado
0.4352150430086019,-0.0004222497395579056,interpolado
0.43531486297259464,-0.0007335909795565753,interpolado
0.43541468293658747,-0.001010120664084285,interpolado
0.4355145029005802,-0.0012510409605571246,interpolado
0.435614322864573,-0.0014555540363907944,interpolado
0.4357141428285659,-0.0016228620590014872,interpolado
0.43581396279255863,-0.0017521671958049838,interpolado
0.43591378275655135,-0.0018426716142173549,interpolado
0.436,-0.001889,original
0.43611342268453696,-0.001907929360939233,interpolado
0.4362132426485298,-0.001898936564739756,interpolado
0.4363130626125225,-0.0018815225765038365,interpolado
0.43641288257651534,-0.0018706042517231507,interpolado
0.4365127025405081,-0.0018810984458893897,interpolado
0.4366125225045009,-0.001927922014494226,interpolado
0.4367123424684938,-0.0020259918130294055,interpolado
0.4368121624324865,-0.0021902246969865034,interpolado
0.4369119823964793,-0.002435537521857235,interpolado
0.437,-0.002731,original
0.43711162232446477,-0.0032174208250707204,interpolado
0.4372114422884577,-0.003727940996258561,interpolado
0.43731126225245043,-0.004273323291842831,interpolado
0.4374110822164433,-0.00481849711792729,interpolado
0.4375109021804361,-0.005328391880615694,interpolado
0.43761072214442887,-0.00576793698601095,interpolado
0.43771054210842175,-0.006102061840216998,interpolado
0.4378103620724146,-0.006295695849336937,interpolado
0.4379101820364073,-0.006313768419474479,interpolado
0.438,-0.006151,original
0.438109821964393,-0.005701557154412867,interpolado
0.4382096419283858,-0.005093366873239047,interpolado
0.4383094618923786,-0.004345428848487398,interpolado
0.4384092818563714,-0.0035065197567039916,interpolado
0.4385091018203642,-0.002625416274434702,interpolado
0.4386089217843569,-0.0017508950782268956,interpolado
0.43870874174834973,-0.0009317328446260227,interpolado
0.4388085617123426,-0.000216706250179381,interpolado
0.4389083816763354,0.0003454080285671411,interpolado
0.439,0.000685,original
0.4391080216043209,0.0008338576839954483,interpolado
0.4392078415683136,0.0007551861447647587,interpolado
0.4393076615323065,0.0005065769973975659,interpolado
0.4394074814962992,0.00012478063508838662,interpolado
0.43950730146029193,-0.00035345254896856026,interpolado
0.43960712142428476,-0.0008913721615782202,interpolado
0.43970694138827754,-0.0014522278095466402,interpolado
0.4398067613522703,-0.0019992690996786756,interpolado
0.43990658131626315,-0.002495745638780129,interpolado
0.44,-0.002882,original
0.44010622124424886,-0.003200223394874142,interpolado
0.4402060412082416,-0.0033888762197251928,interpolado
0.4403058611722345,-0.00348500842705813,interpolado
0.4404056811362273,-0.0035027606988617746,interpolado
0.4405055011002201,-0.0034562737171250834,interpolado
0.44060532106421285,-0.003359688163837037,interpolado
0.44070514102820557,-0.0032271447209865486,interpolado
0.44080496099219846,-0.0030727840705624494,interpolado
0.4409047809561913,-0.0029107468945538404,interpolado
0.441,-0.002762,original
0.44110442088417684,-0.0026170683352703256,interpolado
0.4412042408481696,-0.002496506721572778,interpolado
0.44130406081216245,-0.0023911855211847383,interpolado
0.44140388077615517,-0.0022988014898056223,interpolado
0.441503700740148,-0.0022170513831346267,interpolado
0.44160352070414083,-0.002143631956871143,interpolado
0.44170334066813366,-0.0020762399667144235,interpolado
0.4418031606321264,-0.002012572168363735,interpolado
0.44190298059611915,-0.0019503253175184483,interpolado
0.442,-0.001889,original
0.4421026205241047,-0.0018221634206260278,interpolado
0.44220244048809754,-0.0017589194088812753,interpolado
0.4423022604520905,-0.0017022398577836247,interpolado
0.44240208041608314,-0.0016569004644177508,interpolado
0.44250190038007603,-0.001627676925868221,interpolado
0.4426017203440689,-0.0016193449392196803,interpolado
0.44270154030806164,-0.0016366802015567172,interpolado
0.4428013602720545,-0.0016844584099639794,interpolado
0.44290118023604724,-0.0017674552615260255,interpolado
0.443,-0.001889,original
0.44310082016403285,-0.0020533507464593624,interpolado
0.4432006401280257,-0.0022372345013570794,interpolado
0.44330046009201846,-0.002418590528587286,interpolado
0.44340028005601123,-0.002573911643458453,interpolado
0.443500100020004,-0.002679690661279409,interpolado
0.4435999199839968,-0.00271242039735871,interpolado
0.4436997399479896,-0.002648593667005113,interpolado
0.44379955991198244,-0.0024647032855271635,interpolado
0.4438993798759753,-0.0021372420682337374,interpolado
0.444,-0.001638,original
0.4440990198039609,-0.0009688845365857671,interpolado
0.4441988397679535,-0.00014991153729165748,interpolado
0.4442986597319464,0.0007682286074809271,interpolado
0.44439847969593915,0.0017395483317962,interpolado
0.444498299659932,0.002718060069720438,interpolado
0.44459811962392476,0.003657776255317788,interpolado
0.44469793958791753,0.004512709322654047,interpolado
0.4447977595519104,0.005236871705794828,interpolado
0.44489757951590314,0.0057842758388045555,interpolado
0.445,0.006114,original
0.4450972194438888,0.006177122115609525,interpolado
0.4451970394078815,0.006008156437054032,interpolado
0.44529685937187435,0.005635691233709945,interpolado
0.44539667933586713,0.005093380853908458,interpolado
0.44549649929986007,0.004414879645979776,interpolado
0.44559631926385285,0.003633841958255434,interpolado
0.4456961392278456,0.0027839221390658494,interpolado
0.4457959591918384,0.001898774536741297,interpolado
0.4458957791558312,0.0010120534996135386,interpolado
0.446,0.000121,original
0.44609541908381684,-0.000635565305609845,interpolado
0.44619523904780967,-0.0013559043837769657,interpolado
0.4462950590118025,-0.0019979324520248867,interpolado
0.4463948789757953,-0.0025559785035706092,interpolado
0.446494698939788,-0.0030243715316322223,interpolado
0.4465945189037809,-0.0033974405294276253,interpolado
0.4466943388677736,-0.0036695144901741127,interpolado
0.44679415883176643,-0.0038349224070896946,interpolado
0.44689397879575926,-0.0038879932733919004,interpolado
0.447,-0.003815,original
0.4470936187237449,-0.0036393251245240245,interpolado
0.4471934386877376,-0.0033595690955627103,interpolado
0.4472932586517304,-0.0030136464798805993,interpolado
0.4473930786157231,-0.002631417181781503,interpolado
0.4474928985797159,-0.002242741105568655,interpolado
0.44759271854370875,-0.0018774781555452751,interpolado
0.44769253850770147,-0.001565488236015193,interpolado
0.4477923584716943,-0.00133663125128151,interpolado
0.44789217843568707,-0.001220767105647904,interpolado
0.448,-0.001257,original
0.44809181836367273,-0.0014379373722465338,interpolado
0.4481916383276655,-0.0017631789461096147,interpolado
0.44829145829165834,-0.002179957376855543,interpolado
0.44839127825565117,-0.002644743316056524,interpolado
0.4484910982196439,-0.0031140074152854534,interpolado
0.4485909181836368,-0.003544220326115243,interpolado
0.44869073814762966,-0.0038918527001180828,interpolado
0.4487905581116224,-0.004113375188866993,interpolado
0.4488903780756152,-0.004165258443934396,interpolado
0.449,-0.003975,original
0.4490900180036009,-0.0035971746602990137,interpolado
0.44918983796759354,-0.0029726826726785126,interpolado
0.4492896579315863,-0.002178458108468444,interpolado
0.44938947789557904,-0.0012624763624983766,interpolado
0.44948929785957187,-0.00027271282959657616,interpolado
0.4495891178235647,0.0007428570954088499,interpolado
0.44968893778755736,0.0017362580176880885,interpolado
0.4497887577515502,0.0026595145424135164,interpolado
0.44988857771554297,0.003464651274755421,interpolado
0.45,0.004165,original
0.45008821764352863,0.004536671588692373,interpolado
0.4501880376075214,0.004769138683145723,interpolado
0.45028785757151424,0.004822707127426302,interpolado
0.45038767753550707,0.004719008162919123,interpolado
0.4504874974994998,0.004479673031009328,interpolado
0.45058731746349273,0.004126332973081758,interpolado
0.4506871374274855,0.0036806192305218802,interpolado
0.4507869573914784,0.003164163044714289,interpolado
0.45088677735547117,0.0025985956570446322,interpolado
0.451,0.001925,original
0.4510864172834568,0.0014057561567926893,interpolado
0.4511862372474495,0.000814569636390883,interpolado
0.4512860572114423,0.00024533722015955924,interpolado
0.4513858771754352,-0.00028859596232445363,interpolado
0.4514856971394278,-0.0007738847814852886,interpolado
0.4515855171034207,-0.0011971841077469713,interpolado
0.45168533706741354,-0.001545148811532834,interpolado
0.4517851570314063,-0.0018044337632669417,interpolado
0.4518849769953991,-0.0019616938333731596,interpolado
0.452,-0.001999,original
0.4520846169233847,-0.0019205787359011296,interpolado
0.4521844368873774,-0.001727430750283626,interpolado
0.4522842568513703,-0.001448398531787364,interpolado
0.452384076815363,-0.0011077628319204557,interpolado
0.45248389677935585,-0.0007298044021916034,interpolado
0.4525837167433487,-0.00033880399410872995,interpolado
0.45268353670734146,4.0957640819407325e-05,interpolado
0.4527833566713344,0.00038519975108470986,interpolado
0.45288317663532707,0.0006696415851790018,interpolado
0.453,0.000894,original
0.4530828165633128,0.0009670091688866484,interpolado
0.4531826365273055,0.0009750677672202972,interpolado
0.4532824564912982,0.0009224672689796068,interpolado
0.4533822764552911,0.0008375400974967285,interpolado
0.4534820964192839,0.000748618676103972,interpolado
0.4535819163832767,0.0006840354281334761,interpolado
0.45368173634726955,0.0006721227769175282,interpolado
0.45378155631126227,0.0007412131457882851,interpolado
0.4538813762752551,0.0009196389580780853,interpolado
0.454,0.001313,original
0.4540810162032408,0.0017111755613317193,interpolado
0.45418083616723354,0.002320287634676894,interpolado
0.45428065613122626,0.003016843396549545,interpolado
0.4543804760952191,0.0037545342275147196,interpolado
0.45448029605921186,0.004487051508136207,interpolado
0.4545801160232047,0.005168086618979401,interpolado
0.45467993598719747,0.005751330940608153,interpolado
0.45477975595119025,0.0061904758535874915,interpolado
0.454879575915183,0.006439212738482125,interpolado
0.455,0.00642,original
0.4550792158431687,0.006188255489551707,interpolado
0.4551790358071614,0.005672564800440611,interpolado
0.4552788557711542,0.004954082835665606,interpolado
0.4553786757351471,0.00408287277897627,interpolado
0.45547849569913984,0.00310899781412369,interpolado
0.45557831566313267,0.0020825211248569468,interpolado
0.45567813562712545,0.001053505894927297,interpolado
0.4557779555911182,7.201530808428038e-05,interpolado
0.45587777555511105,-0.0008118874519224584,interpolado
0.456,-0.001688,original
0.4560774154830966,-0.0020932448614159648,interpolado
0.4561772354470893,-0.0024562518385245983,interpolado
0.4562770554110821,-0.00267141894311943,interpolado
0.456376875375075,-0.0027731641923220956,interpolado
0.45647669533906776,-0.0027959056032541034,interpolado
0.45657651530306065,-0.002774061193037124,interpolado
0.4566763352670533,-0.002742048978792801,interpolado
0.45677615523104614,-0.0027342869776427374,interpolado
0.456875975195039,-0.002785193206708588,interpolado
0.457,-0.002982,original
0.4570756151230245,-0.0031959889088779077,interpolado
0.45717543508701736,-0.00357548471472823,interpolado
0.45727525505101013,-0.004037459881981102,interpolado
0.4573750750150029,-0.004551547242225292,interpolado
0.4574748949789958,-0.0050873796270486885,interpolado
0.4575747149429886,-0.005614589868040039,interpolado
0.4576745349069814,-0.006102810796788068,interpolado
0.4577743548709742,-0.006521675244880696,interpolado
0.4578741748349669,-0.006840816043906822,interpolado
0.458,-0.007054,original
0.4580738147629525,-0.0070618294535573405,interpolado
0.45817363472694533,-0.0069401076835305135,interpolado
0.4582734546909381,-0.0066842112567565325,interpolado
0.45837327465493105,-0.006313798137677082,interpolado
0.4584730946189238,-0.00584852629073453,interpolado
0.45857291458291655,-0.005308053680370645,interpolado
0.4586727345469095,-0.004712038271027033,interpolado
0.4587725545109022,-0.004080138027146308,interpolado
0.4588723744748951,-0.0034320109131697404,interpolado
0.459,-0.002611,original
0.45907201440288065,-0.0021652822471268894,interpolado
0.4591718343668735,-0.0015810648921906324,interpolado
0.4592716543308662,-0.0010475433327586075,interpolado
0.459371474294859,-0.0005775735694863379,interpolado
0.45947129425885186,-0.00018401160303044945,interpolado
0.45957111422284463,0.00012028656595323745,interpolado
0.45967093418683747,0.00032246493680870554,interpolado
0.45977075415083024,0.0004096675088796247,interpolado
0.459870574114823,0.00036903828150997736,interpolado
0.46,0.000105,original
0.4600702140428085,-0.0001442753081211255,interpolado
0.4601700340068014,-0.0006077232161408933,interpolado
0.4602698539707942,-0.0011663138969801486,interpolado
0.46036967393478695,-0.0017835240553034082,interpolado
0.4604694938987798,-0.002422830395773908,interpolado
0.46056931386277256,-0.00304770962305592,interpolado
0.4606691338267654,-0.0036216384418136793,interpolado
0.4607689537907582,-0.004108093556710472,interpolado
0.46086877375475105,-0.004470551672410735,interpolado
0.461,-0.004697,original
0.4610684136827365,-0.004681436496429934,interpolado
0.4611682336467294,-0.004508975603674549,interpolado
0.4612680536107222,-0.004193722695390569,interpolado
0.461367873574715,-0.0037746857299171634,interpolado
0.4614676935387078,-0.003290872665594283,interpolado
0.46156751350270053,-0.002781291460761187,interpolado
0.46166733346669336,-0.0022849500737570803,interpolado
0.4617671534306861,-0.001840856462922,interpolado
0.4618669733946789,-0.0014880185865949675,interpolado
0.462,-0.001227,original
0.4620666133226644,-0.001208457802663752,interpolado
0.4621664332866573,-0.0013096590389104976,interpolado
0.4622662532506501,-0.0015341338691841136,interpolado
0.4623660732146429,-0.001846511678572175,interpolado
0.46246589317863573,-0.0022114218521616857,interpolado
0.46256571314262857,-0.0025934937750401667,interpolado
0.4626655331066214,-0.002957356832295174,interpolado
0.4627653530706143,-0.003267640409013656,interpolado
0.46286517303460684,-0.003488973890283187,interpolado
0.463,-0.003584,original
0.4630648129625925,-0.003525982995947523,interpolado
0.4631646329265854,-0.0033094075834271476,interpolado
0.4632644528905782,-0.002959098826894556,interpolado
0.46336427285457094,-0.002498316617308845,interpolado
0.4634640928185637,-0.0019503208456288655,interpolado
0.4635639127825566,-0.0013383714028144123,interpolado
0.46366373274654943,-0.0006857281798240073,interpolado
0.46376355271054215,-1.565106761756166e-05,interpolado
0.4638633726745349,0.0006486000428461017,interpolado
0.464,0.001506,original
0.4640630126025205,0.001867433676881576,interpolado
0.46416283256651336,0.002388448538506013,interpolado
0.4642626525305061,0.0028436305028279145,interpolado
0.4643624724944989,0.003229969434994499,interpolado
0.46446229245849174,0.0035444552001528315,interpolado
0.4645621124224845,0.003784077663449471,interpolado
0.4646619323864773,0.003945826690031588,interpolado
0.46476175235047007,0.004026692145045917,interpolado
0.46486157231446285,0.004023663893639476,interpolado
0.465,0.003875,original
0.4650612122424484,0.0037548106674210164,interpolado
0.4651610322064413,0.0034979552659930115,interpolado
0.46526085217043406,0.003183989172143615,interpolado
0.4653606721344269,0.0028339680313331362,interpolado
0.4654604920984197,0.0024689474890218052,interpolado
0.4655603120624125,0.002109983190670471,interpolado
0.4656601320264053,0.001778130781739191,interpolado
0.4657599519903981,0.0014944459076887762,interpolado
0.4658597719543908,0.0012799842139794662,interpolado
0.466,0.001136,original
0.46605941188237654,0.001141758213791498,interpolado
0.4661592318463693,0.0012394939367184382,interpolado
0.46625905181036204,0.001436441891134466,interpolado
0.46635887177435487,0.001719659566952095,interpolado
0.4664586917383477,0.002076204454084028,interpolado
0.4665585117023404,0.0024931340424423527,interpolado
0.46665833166633325,0.0029575058219400044,interpolado
0.4667581516303259,0.00345637728248895,interpolado
0.4668579715943188,0.003976805914001924,interpolado
0.467,0.004729,original
0.46705761152230435,0.005030635513282385,interpolado
0.4671574314862972,0.005539455741241224,interpolado
0.46725725145028996,0.006021551075988631,interpolado
0.46735707141428273,0.006466190570475839,interpolado
0.4674568913782756,0.006862643277654002,interpolado
0.46755671134226834,0.007200178250473619,interpolado
0.4676565313062612,0.007468064541886004,interpolado
0.467756351270254,0.007655571204841798,interpolado
0.4678561712342467,0.007751967292292119,interpolado
0.468,0.007709,original
0.4680558111622323,0.007629057946812391,interpolado
0.4681556311262252,0.007399195078625813,interpolado
0.46825545109021804,0.007064947843514796,interpolado
0.4683552710542108,0.0066346024517461195,interpolado
0.46845509101820354,0.0061164451135863485,interpolado
0.46855491098219637,0.005518762039302941,interpolado
0.4686547309461892,0.004849839439162508,interpolado
0.4687545509101821,0.004117963523431504,interpolado
0.46885437087417486,0.0033314205023776237,interpolado
0.469,0.002103,original
0.4690540108021604,0.001628339291683134,interpolado
0.4691538307661532,0.0007465505563197698,interpolado
0.469253650730146,-0.00010648626038562618,interpolado
0.46935347069413874,-0.0008898622989140137,interpolado
0.4694532906581316,-0.00156266869974814,interpolado
0.4695531106221244,-0.0020839966033691644,interpolado
0.4696529305861172,-0.0024129371502594208,interpolado
0.46975275055011,-0.0025085814809008185,interpolado
0.4698525705141028,-0.0023300207357751556,interpolado
0.47,-0.001478,original
0.47005221044208834,-0.0009898858410393742,interpolado
0.4701520304060811,0.00018005291576362933,interpolado
0.470251850370074,0.0015810933287265156,interpolado
0.4703516703340668,0.003118403875809981,interpolado
0.47045149029805955,0.004697153034977912,interpolado
0.4705513102620523,0.006222509284190809,interpolado
0.4706511302260451,0.00759964110141184,interpolado
0.470750950190038,0.008733716964603845,interpolado
0.4708507701540307,0.009529905351727815,interpolado
0.471,0.009884,original
0.47105041008201637,0.009733692663441852,interpolado
0.47115023004600914,0.009059263805316206,interpolado
0.471250050010002,0.007976046637329938,interpolado
0.47134986997399475,0.006594141996867026,interpolado
0.4714496899379875,0.00502365072130878,interpolado
0.47154950990198036,0.0033746736480397242,interpolado
0.4716493298659732,0.0017573116144417398,interpolado
0.47174914982996596,0.0002816654578967913,interpolado
0.47184896979395885,-0.0009421639842107157,interpolado
0.4719487897579516,-0.0018040758744992868,interpolado
0.472,-0.00207,original
0.4721484296859371,-0.0021156092350788453,interpolado
0.47224824964993,-0.0016500143137976539,interpolado
0.4723480696139228,-0.0008988775289875296,interpolado
0.4724478895779156,4.010764579807696e-05,interpolado
0.47254770954190833,0.001069247737003907,interpolado
0.4726475295059011,0.002090849271076275,interpolado
0.47274734946989394,0.0030072187744614653,interpolado
0.4728471694338867,0.0037206627736042527,interpolado
0.4729469893978796,0.004133487794951142,interpolado
0.473,0.004197,original
0.4731466293258651,0.0037688953906886823,interpolado
0.4732464492898579,0.0030774649102090585,interpolado
0.47334626925385076,0.002173163437254937,interpolado
0.47344608921784354,0.0011521143959087347,interpolado
0.4735459091818363,0.00011044121025494114,interpolado
0.4736457291458292,-0.0008557326956236821,interpolado
0.47374554910982203,-0.0016502838976442018,interpolado
0.47384536907381475,-0.0021770889717223837,interpolado
0.4739451890378076,-0.0023400244937753886,interpolado
0.474,-0.00224,original
0.47414482896579324,-0.0012974258814021622,interpolado
0.47424464892978596,-0.00020318897230879888,interpolado
0.4743444688937788,0.0011211993606044638,interpolado
0.4744442888577715,0.0025604253374603846,interpolado
0.4745441088217644,0.003999175178381975,interpolado
0.4746439287857571,0.005322135103489819,interpolado
0.47474374874974995,0.006413991332907487,interpolado
0.47484356871374267,0.0071594300867559415,interpolado
0.47494338867773545,0.007443137585158102,interpolado
0.475,0.007355,original
0.47514302860572105,0.006282524103255214,interpolado
0.4752428485697139,0.004950382939757558,interpolado
0.4753426685337067,0.003282852243077369,interpolado
0.47544248849769954,0.0014061428000951312,interpolado
0.4755423084616923,-0.0005535346023091385,interpolado
0.4756421284256851,-0.0024699691772520995,interpolado
0.4757419483896779,-0.0042169501378546215,interpolado
0.4758417683536707,-0.005668266697233597,interpolado
0.4759415883176635,-0.0066977080685089495,interpolado
0.476,-0.007054,original
0.47614122824564914,-0.007096744632421307,interpolado
0.476241048209642,-0.006542708579290749,interpolado
0.4763408681736347,-0.0056278922283969435,interpolado
0.47644068813762736,-0.004460444196090456,interpolado
0.4765405081016203,-0.0031485130987213023,interpolado
0.476640328065613,-0.0018002475526417395,interpolado
0.4767401480296058,-0.0005237961742011647,interpolado
0.4768399679935986,0.000572692420248202,interpolado
0.4769397879575914,0.001381069614356336,interpolado
0.477,0.001684,original
0.47713942788557695,0.0017843141791388563,interpolado
0.47723924784957,0.0014175095461613821,interpolado
0.4773390678135626,0.0007701983487910516,interpolado
0.4774388877775555,-8.210628068230916e-05,interpolado
0.4775387077415484,-0.001063891209969336,interpolado
0.47763852770554105,-0.0020996433067789703,interpolado
0.477738347669534,-0.0031138494388223406,interpolado
0.47783816763352677,-0.0040309964738083496,interpolado
0.4779379875975196,-0.004775571279447644,interpolado
0.478,-0.005118,original
0.4781376275255052,-0.005492532511790379,interpolado
0.478237447489498,-0.00546308470396459,interpolado
0.47833726745349087,-0.005218113582554897,interpolado
0.47843708741748353,-0.004791029032134395,interpolado
0.47853690738147636,-0.004215240937275783,interpolado
0.47863672734546914,-0.0035241591825527657,interpolado
0.4787365473094619,-0.0027511936525376644,interpolado
0.4788363672734547,-0.0019297542318044048,interpolado
0.4789361872374474,-0.0010932508049256258,interpolado
0.479,-0.000566,original
0.47913582716543307,0.0004974623265934266,interpolado
0.47923564712942585,0.0012046790344767432,interpolado
0.4793354670934186,0.0018279166587087828,interpolado
0.47943528705741145,0.002348420346804705,interpolado
0.4795351070214042,0.0027474352462794386,interpolado
0.4796349269853969,0.003006206504647281,interpolado
0.4797347469493897,0.0031059792694232407,interpolado
0.47983456691338255,0.003027998688121947,interpolado
0.47993438687737544,0.0027535099082582476,interpolado
0.48,0.002457,original
0.480134026805361,0.00156837637003103,interpolado
0.4802338467693537,0.0007142295319364881,interpolado
0.48033366673334654,-0.0002465992020517635,interpolado
0.48043348669733943,-0.0012624985504636446,interpolado
0.4805333066613322,-0.0022818572318312334,interpolado
0.4806331266253249,-0.0032530639646843815,interpolado
0.48073294658931776,-0.004124507467554671,interpolado
0.48083276655331053,-0.0048445764589734545,interpolado
0.4809325865173033,-0.005361659657470923,interpolado
0.481,-0.00557,original
0.4811322264452889,-0.00561944897157888,interpolado
0.48123204640928174,-0.005389801404789852,interpolado
0.48133186637327463,-0.00498490494449868,interpolado
0.48143168633726735,-0.004453886956324922,interpolado
0.4815315063012601,-0.0038458748058871365,interpolado
0.48163132626525296,-0.0032099958588051114,interpolado
0.4817311462292457,-0.0025953774806976135,interpolado
0.4818309661932385,-0.0020511470371834565,interpolado
0.4819307861572313,-0.0016264318938823568,interpolado
0.482,-0.001428,original
0.48213042608521695,-0.0012985131138851308,interpolado
0.4822302460492097,-0.0013761095167975931,interpolado
0.48233006601320255,-0.0015616183245434052,interpolado
0.4824298859771954,-0.001813942691994195,interpolado
0.4825297059411882,-0.002091985774022048,interpolado
0.48262952590518093,-0.002354650725498489,interpolado
0.48272934586917376,-0.002560840701295524,interpolado
0.48282916583316654,-0.0026694588562850307,interpolado
0.48292898579715937,-0.002639408345338726,interpolado
0.483,-0.002511,original
0.48312862572514503,-0.002030983217349492,interpolado
0.4832284456891378,-0.0014859376487767132,interpolado
0.48332826565313075,-0.000843649899977802,interpolado
0.48342808561712347,-0.00015295405336041235,interpolado
0.4835279055811163,0.0005373158086692475,interpolado
0.4836277255451091,0.0011783256037034707,interpolado
0.4837275455091018,0.0017212412493357284,interpolado
0.48382736547309463,0.0021172286631592737,interpolado
0.48392718543708735,0.002317453762766727,interpolado
0.484,0.002312,original
0.484126825365073,0.0019712960280158544,interpolado
0.4842266453290657,0.0014607605533464465,interpolado
0.4843264652930586,0.000798348908308635,interpolado
0.4844262852570513,4.05862463870515e-05,interpolado
0.4845261052210441,-0.0007560022789352086,interpolado
0.48462592518503694,-0.0015348915141733678,interpolado
0.48472574514902966,-0.0022395563058439953,interpolado
0.48482556511302244,-0.0028134715004634915,interpolado
0.48492538507701516,-0.003200111944547327,interpolado
0.485,-0.003333,original
0.4851250250050009,-0.0032239169997743343,interpolado
0.48522484496899376,-0.0028947705688831637,interpolado
0.48532466493298654,-0.0024167112241657014,interpolado
0.4854244848969793,-0.0018506219641597553,interpolado
0.4855243048609722,-0.0012573857874023408,interpolado
0.48562412482496503,-0.0006978856924304154,interpolado
0.485723944788958,-0.00023300467778187303,interpolado
0.48582376475295075,7.637425800648264e-05,interpolado
0.4859235847169434,0.00016936811639703246,interpolado
0.486,5.64e-05,original
0.4861232246449293,-0.0004937001568306021,interpolado
0.486223044608922,-0.001200040980712537,interpolado
0.4863228645729149,-0.002055354582027716,interpolado
0.48642268453690757,-0.0029813659299287357,interpolado
0.48652250450090034,-0.003899799993569625,interpolado
0.4866223244648931,-0.0047323817421043865,interpolado
0.48672214442888584,-0.00540083614468565,interpolado
0.4868219643928787,-0.005826888170467641,interpolado
0.4869217843568715,-0.00593226278860344,interpolado
0.487,-0.00574,original
0.4871214242848571,-0.004918346103328733,interpolado
0.48722124424884977,-0.003846854344378451,interpolado
0.48732106421284266,-0.0025144434566354316,interpolado
0.48742088417683543,-0.0010110629505906742,interpolado
0.4875207041408281,0.0005733376632670215,interpolado
0.48762052410482093,0.0021488088744490313,interpolado
0.48772034406881376,0.003625401172464089,interpolado
0.4878201640328066,0.004913165046824251,interpolado
0.4879199839967994,0.005922150987038568,interpolado
0.488,0.006469,original
0.4881196239247851,0.006782715953381779,interpolado
0.48821944388877775,0.006616006131181881,interpolado
0.4883192638527706,0.006107508144885274,interpolado
0.4884190838167633,0.005302274414897562,interpolado
0.48851890378075613,0.004245357361623576,interpolado
0.488618723744749,0.0029818094054675872,interpolado
0.4887185437087418,0.0015566829668360426,interpolado
0.4888183636727346,1.503046613243156e-05,interpolado
0.4889181836367275,-0.0015980956762364868,interpolado
0.489,-0.002942,original
0.489117823564713,-0.004856799783232382,interpolado
0.48921764352870584,-0.006404702284077042,interpolado
0.48931746349269867,-0.007829872705650883,interpolado
0.48941728345669144,-0.009080839488191142,interpolado
0.48951710342068416,-0.01010613107193749,interpolado
0.489616923384677,-0.010854275897129095,interpolado
0.48971674334866977,-0.011273802404003958,interpolado
0.4898165633126626,-0.01131323903280131,interpolado
0.48991638327665543,-0.01092111422375994,interpolado
0.49,-0.010223,original
0.4901160232046409,-0.008679790959150504,interpolado
0.4902158431686338,-0.006920707598558502,interpolado
0.4903156631326266,-0.004883551817582236,interpolado
0.4904154830966195,-0.0026830506227218964,interpolado
0.4905153030606121,-0.0004339310204742957,interpolado
0.49061512302460486,0.0017490799826638526,interpolado
0.49071494298859775,0.003751255380192201,interpolado
0.49081476295259047,0.0054578681656149465,interpolado
0.49091458291658335,0.0067541913324322715,interpolado
0.491,0.007451,original
0.49111422284456885,0.007710921349376781,interpolado
0.4912140428085617,0.007388569541324361,interpolado
0.49131386277255445,0.006659506205504317,interpolado
0.4914136827365473,0.0056246871132660204,interpolado
0.4915135027005401,0.004385068035960661,interpolado
0.4916133226645329,0.003041604744936981,interpolado
0.49171314262852567,0.0016952530115465223,interpolado
0.49181296259251844,0.00044696860713855466,interpolado
0.49191278255651133,-0.0006022926969374289,interpolado
0.492,-0.001277,original
0.492112422484497,-0.0017384645160795525,interpolado
0.49221224244848977,-0.0018057187463794992,interpolado
0.4923120624124826,-0.0016143090566960248,interpolado
0.4924118823764753,-0.0012251523906729835,interpolado
0.49251170234046804,-0.0006991656919549512,interpolado
0.4926115223044609,-9.7265904185531e-05,interpolado
0.49271134226845376,0.0005196300289904659,interpolado
0.49281116223244653,0.0010906051639292447,interpolado
0.4929109821964394,0.0015547425569869084,interpolado
0.493,0.001829,original
0.49311062212442497,0.0019404755803713843,interpolado
0.49321044208841763,0.0018459339804105688,interpolado
0.49331026205241063,0.001601997315413722,interpolado
0.49341008201640335,0.0012431422874203822,interpolado
0.4935099019803961,0.0008038455984707282,interpolado
0.4936097219443889,0.00031858395060407787,interpolado
0.49370954190838173,-0.0001781659541392504,interpolado
0.4938093618723746,-0.0006519274137197538,interpolado
0.49390918183636734,-0.001068223726097876,interpolado
0.494,-0.001368,original
0.49410882176435283,-0.0016023293764337043,interpolado
0.4942086417283458,-0.0017108269662533477,interpolado
0.49430846169233844,-0.001738315142154164,interpolado
0.49440828165633127,-0.001705031399776087,interpolado
0.494508101620324,-0.0016312132347591267,interpolado
0.4946079215843169,-0.0015370981427431896,interpolado
0.49470774154830965,-0.0014429236193683537,interpolado
0.49480756151230243,-0.001368927160274535,interpolado
0.49490738147629526,-0.0013353462611016935,interpolado
0.495,-0.001358,original
0.4951070214042809,-0.0014626737603918335,interpolado
0.4952068413682737,-0.0016238294378560455,interpolado
0.49530666133226653,-0.0018285976061565624,interpolado
0.4954064812962593,-0.0020596927698593877,interpolado
0.495506301260252,-0.002299829433530128,interpolado
0.49560612122424497,-0.0025317221017349,interpolado
0.4957059411882377,-0.00273808527903931,interpolado
0.4958057611522305,-0.002901633470009359,interpolado
0.49590558111622335,-0.0030050811792109583,interpolado
0.496,-0.003032,original
0.49610522104420907,-0.0029669640187240075,interpolado
0.49620504100820173,-0.0028147534278736147,interpolado
0.4963048609721946,-0.002579923977507662,interpolado
0.4964046809361874,-0.0022678879072071736,interpolado
0.4965045009001801,-0.0018840574565537165,interpolado
0.49660432086417294,-0.0014338448651280867,interpolado
0.49670414082816566,-0.0009226623725120063,interpolado
0.4968039607921586,-0.0003559222182864593,interpolado
0.49690378075615144,0.00026096335796769185,interpolado
0.497,0.000898,original
0.4971034206841369,0.0016218759636479276,interpolado
0.4972032406481296,0.002345879115274474,interpolado
0.4973030606121225,0.0030803000853664307,interpolado
0.49740288057611537,0.0038108474572040676,interpolado
0.49750270054010803,0.004523229814066035,interpolado
0.49760252050410086,0.005203155739232216,interpolado
0.49770234046809375,0.005836333815982414,interpolado
0.4978021604320865,0.006408472627595392,interpolado
0.49790198039607936,0.006905280757351239,interpolado
0.498,0.007306,original
0.4981016203240649,0.007615739304408044,interpolado
0.4982014402880577,0.007800806888268308,interpolado
0.49830126025205046,0.007853378123388922,interpolado
0.49840108021604335,0.007759161593049396,interpolado
0.49850090018003607,0.007503865880529295,interpolado
0.4986007201440289,0.007073199569108086,interpolado
0.4987005401080217,0.006452871242064835,interpolado
0.49880036007201445,0.005628589482679698,interpolado
0.4989001800360072,0.004586062874231212,interpolado
0.499,0.003311,original
