Time - Voltage_1,Amplitude - Voltage_1,tipo_valor
0.0,0.003907,original
9.981996399279867e-05,0.00481123283577522,interpolado
0.00019963992798559732,0.005428084171959847,interpolado
0.000299459891978396,0.005785110105161524,interpolado
0.00039927985597119453,0.005909866731987891,interpolado
0.0004990998199639931,0.0058299101490465995,interpolado
0.0005989197839567919,0.0055727964529452894,interpolado
0.0006987397479495905,0.005166081740291607,interpolado
0.0007985597119423888,0.004637322107693194,interpolado
0.0008983796759351872,0.004014073651757696,interpolado
0.001,0.003311,original
0.0010980196039207845,0.0025943346563060314,interpolado
0.0011978395679135832,0.0018529563100051485,interpolado
0.0012976595319063818,0.0011273135267977573,interpolado
0.0013974794958991803,0.00044496240329150536,interpolado
0.0014972994598919786,-0.00016654096390596325,interpolado
0.0015971194238847772,-0.0006796404781870067,interpolado
0.0016969393878775757,-0.0010667800429439804,interpolado
0.0017967593518703746,-0.0013004035615692376,interpolado
0.001896579315863173,-0.001352954937455136,interpolado
0.002,-0.001187,original
0.00209621924384877,-0.0008161720064912239,interpolado
0.0021960392078415694,-0.0002463429938665707,interpolado
0.002295859171834368,0.0004627564684211295,interpolado
0.002395679135827166,0.001261273279353047,interpolado
0.0024954990998199648,0.00209935433791036,interpolado
0.0025953190638127637,0.002927146543074243,interpolado
0.0026951390278055617,0.003694796793825867,interpolado
0.002794958991798361,0.004352451989146416,interpolado
0.0028947789557911595,0.004850259028017059,interpolado
0.003,0.005147,original
0.003094418883776757,0.005179996718631379,interpolado
0.0031942388477695545,0.0049999423264327,interpolado
0.0032940588117623534,0.004641082600566485,interpolado
0.0033938787757551514,0.004146300957214707,interpolado
0.0034936987397479503,0.0035584808125593437,interpolado
0.0035935187037407475,0.0029205055827823618,interpolado
0.003693338667733547,0.002275258684065742,interpolado
0.0037931586317263444,0.0016656235325914566,interpolado
0.003892978595719143,0.001134483544541477,interpolado
0.004,0.000701,original
0.004092618523704739,0.00047043476405164274,interpolado
0.004192438487697538,0.0003620425783813544,interpolado
0.004292258451690337,0.000376424916276212,interpolado
0.0043920784156831335,0.0004904569839504728,interpolado
0.004491898379675935,0.0006810139876183987,interpolado
0.004591718343668733,0.0009249711334942442,interpolado
0.00469153830766153,0.0011992036277922722,interpolado
0.00479135827165433,0.0014805866767267383,interpolado
0.004891178235647129,0.0017459954865119026,interpolado
0.005,0.00199,original
0.005090818163632725,0.0021400909399857133,interpolado
0.005190638127625526,0.0022493486028228715,interpolado
0.005290458091618324,0.002306424932293128,interpolado
0.005390278055611122,0.0023176702116115403,interpolado
0.0054900980196039215,0.00228943472399316,interpolado
0.00558991798359672,0.002228068752653042,interpolado
0.005689737947589518,0.00213992258080624,interpolado
0.005789557911582318,0.0020313464916678074,interpolado
0.005889377875575115,0.0019086907684527999,interpolado
0.006,0.001764,original
0.006089017803560713,0.0016462843921113601,interpolado
0.006188837767553511,0.0015172936898903847,interpolado
0.00628865773154631,0.00139550873978511,interpolado
0.006388477695539108,0.0012851042343460784,interpolado
0.006488297659531905,0.0011902548661238282,interpolado
0.006588117623524705,0.0011151353276689004,interpolado
0.006687937587517502,0.001063920311531835,interpolado
0.006787757551510303,0.0010407845102631719,interpolado
0.006887577515503101,0.0010499026164134517,interpolado
0.007,0.001104,original
0.007087217443488696,0.0011792879272623548,interpolado
0.007187037407481496,0.001289731794013833,interpolado
0.007286857371474294,0.0014101719713045778,interpolado
0.007386677335467093,0.0015239925343869087,interpolado
0.007486497299459892,0.0016145775585131436,interpolado
0.0075863172634526915,0.001665311118935603,interpolado
0.00768613722744549,0.0016595772909066054,interpolado
0.007785957191438287,0.0015807601496784693,interpolado
0.007885777155431088,0.0014122437705035174,interpolado
0.008,0.001088,original
0.008085417083416686,0.0007450055303170681,interpolado
0.008185237047409484,0.0002569640595111169,interpolado
0.008285057011402286,-0.00029206714726847315,interpolado
0.008384876975395084,-0.0008674173762369848,interpolado
0.008484696939387882,-0.0014344159136097006,interpolado
0.00858451690338068,-0.0019583920456019326,interpolado
0.00868433686737348,-0.0024046750584289633,interpolado
0.00878415683136628,-0.0027385942383060776,interpolado
0.008883976795359077,-0.0029254788714485817,interpolado
0.009,-0.002912,original
0.009083616723344675,-0.0027278642296699337,interpolado
0.00918343668733747,-0.0023459323592541774,interpolado
0.009283256651330271,-0.0018359011057445518,interpolado
0.009383076615323067,-0.0012488700840052208,interpolado
0.009482896579315865,-0.0006359389089003553,interpolado
0.009582716543308663,-4.8207195294097064e-05,interpolado
0.009682536507301462,0.0004632254419493859,interpolado
0.009782356471294258,0.0008472593879659255,interpolado
0.00988217643528706,0.0010527950278913746,interpolado
0.01,0.000996,original
0.010081816363272652,0.0007339794787363468,interpolado
0.010181636327265452,0.00019690532720388097,interpolado
0.01028145629125825,-0.0005246606045351187,interpolado
0.01038127625525105,-0.0013727825924843918,interpolado
0.010481096219243848,-0.002289524912647661,interpolado
0.010580916183236646,-0.003216951841028698,interpolado
0.010680736147229445,-0.004097127653631229,interpolado
0.010780556111222242,-0.004872116626458978,interpolado
0.01088037607521504,-0.005483983035515715,interpolado
0.011,-0.005921,original
0.01108001600320064,-0.005996255449373889,interpolado
0.011179835967193439,-0.005871045257898217,interpolado
0.011279655931186237,-0.0055534894629008565,interpolado
0.011379475895179035,-0.005098063250575717,interpolado
0.011479295859171835,-0.0045592418071166785,interpolado
0.011579115823164633,-0.003991500318717655,interpolado
0.011678935787157431,-0.0034493139715725523,interpolado
0.01177875575115023,-0.0029871579518752534,interpolado
0.01187857571514303,-0.002659507445819666,interpolado
0.012,-0.002521,original
0.012078215643128627,-0.002615823218541601,interpolado
0.012178035607121426,-0.0029127594531923044,interpolado
0.012277855571114226,-0.0033441000117144003,interpolado
0.01237767553510702,-0.0038420920293597382,interpolado
0.012477495499099822,-0.0043389826413802,interpolado
0.01257731546309262,-0.004767018983027634,interpolado
0.012677135427085416,-0.005058448189553901,interpolado
0.012776955391078218,-0.005145517396210872,interpolado
0.012876775355071018,-0.004960473738250401,interpolado
0.013,-0.004256,original
0.013076415283056614,-0.003515586671805099,interpolado
0.013176235247049412,-0.002249091229403541,interpolado
0.01327605521104221,-0.0007358128774225181,interpolado
0.013375875175035011,0.0009241529337882967,interpolado
0.01347569513902781,0.002630710753879149,interpolado
0.013575515103020611,0.004283765132500313,interpolado
0.01367533506701341,0.0057832206193020345,interpolado
0.013775155031006209,0.007028981763934637,interpolado
0.01387497499499901,0.007920953116048369,interpolado
0.014,0.008386,original
0.014074614922984603,0.0082568077579924,interpolado
0.014174434886977401,0.007647745169649314,interpolado
0.014274254850970199,0.006627509398319899,interpolado
0.014374074814962995,0.005292285047616304,interpolado
0.014473894778955797,0.00373825672115073,interpolado
0.014573714742948593,0.0020616090225353857,interpolado
0.01467353470694139,0.0003585265553823977,interpolado
0.014773354670934187,-0.001274806076696027,interpolado
0.014873174634926982,-0.0027422042700876808,interpolado
0.015,-0.004216,original
0.01507281456291258,-0.004803931027769593,interpolado
0.01517263452690538,-0.005313179667870957,interpolado
0.015272454490898178,-0.0055249797233840724,interpolado
0.015372274454890979,-0.005489564794642362,interpolado
0.015472094418883775,-0.005257168481979251,interpolado
0.015571914382876577,-0.00487802438572818,interpolado
0.015671734346869373,-0.004402366106222561,interpolado
0.015771554310862173,-0.00388042724379584,interpolado
0.015871374274854976,-0.003362441398781418,interpolado
0.016,-0.002782,original
0.016071014202840572,-0.002535089355025663,interpolado
0.016170834166833372,-0.002276431975935714,interpolado
0.016270654130826165,-0.0021036317103766355,interpolado
0.01637047409481896,-0.0019973716641825874,interpolado
0.016470294058811764,-0.0019383349431877355,interpolado
0.016570114022804557,-0.0019072046532262518,interpolado
0.016669933986797354,-0.001884663900132304,interpolado
0.016769753950790153,-0.0018513957897400575,interpolado
0.016869573914782953,-0.0017880834278836836,interpolado
0.017,-0.001628,original
0.017069213842768553,-0.0014956439608042704,interpolado
0.017169033806761345,-0.0012478076432416328,interpolado
0.01726885377075415,-0.0009409844037124429,interpolado
0.017368673734746952,-0.0005843947778429138,interpolado
0.01746849369873975,-0.00018725930125929898,interpolado
0.017568313662732548,0.00024120149041218647,interpolado
0.01766813362672535,0.0006917670615453305,interpolado
0.017767953590718144,0.001155216876513874,interpolado
0.017867773554710947,0.0016223303996916218,interpolado
0.018,0.002231,original
0.018067413482696543,0.0025309931662111504,interpolado
0.01816723344668934,0.0029584358896250747,interpolado
0.018267053410682136,0.0033633229137922716,interpolado
0.01836687337467494,0.0037427981824997513,interpolado
0.01846669333866774,0.004094005639534522,interpolado
0.018566513302660535,0.004414089228683558,interpolado
0.018666333266653328,0.004700192893733867,interpolado
0.01876615323064613,0.004949460578472455,interpolado
0.018865973194638928,0.005159036226686299,interpolado
0.019,0.005373,original
0.019065613122624524,0.005448132653309747,interpolado
0.01916543308661732,0.005528190554530957,interpolado
0.019265253050610116,0.005572729498447077,interpolado
0.019365073014602913,0.005588304619572737,interpolado
0.019464892978595716,0.005581471052422573,interpolado
0.019564712942588512,0.005558783931511216,interpolado
0.019664532906581312,0.005526798391353296,interpolado
0.01976435287057411,0.005492069566463456,interpolado
0.019864172834566908,0.00546115259135632,interpolado
0.02,0.005437,original
0.02006381276255251,0.005436731604349785,interpolado
0.020163632726545307,0.005452724749967881,interpolado
0.02026345269053811,0.005489597318803146,interpolado
0.02036327265453091,0.005548320913160652,interpolado
0.02046309261852371,0.005629867135345486,interpolado
0.02056291258251651,0.005735207587662729,interpolado
0.020662732546509306,0.005865313872417459,interpolado
0.02076255251050211,0.006021157591914762,interpolado
0.02086237247449491,0.006203710348459709,interpolado
0.021,0.006501,original
0.02106201240248051,0.006652280540305697,interpolado
0.021161832366473305,0.006911584307331582,interpolado
0.021261652330466105,0.007179216464224624,interpolado
0.0213614722944589,0.00744241405068916,interpolado
0.021461292258451697,0.007688414106429506,interpolado
0.021561112222444494,0.007904453671149999,interpolado
0.02166093218643729,0.008077769784554979,interpolado
0.02176075215043009,0.008195599486348756,interpolado
0.021860572114422883,0.008245179816235675,interpolado
0.022,0.008176,original
0.02206021204240848,0.00808942585808323,interpolado
0.022160032006401275,0.007873416848282732,interpolado
0.022259851970394078,0.007576908474840826,interpolado
0.02235967193438687,0.007211340431055133,interpolado
0.022459491898379667,0.006788152410223253,interpolado
0.022559311862372467,0.0063187841056427775,interpolado
0.022659131826365267,0.005814675210611344,interpolado
0.02275895179035806,0.005287265418426543,interpolado
0.022858771754350866,0.004747994422385963,interpolado
0.023,0.003987,original
0.02305841168233646,0.003679428083994346,interpolado
0.023158231646329266,0.0031694452504305005,interpolado
0.023258051610322066,0.002683890194172797,interpolado
0.023357871574314865,0.002228228618351641,interpolado
0.02345769153830767,0.0018079262260974414,interpolado
0.023557511502300465,0.0014284487205406498,interpolado
0.02365733146629326,0.0010952618048116745,interpolado
0.02375715143028606,0.0008138311820409288,interpolado
0.023856971394278864,0.0005896225553588556,interpolado
0.024,0.000379,original
0.024056611322264457,0.000334195183472171,interpolado
0.024156431286257257,0.0003036150486975803,interpolado
0.024256251250250056,0.00032434027954503583,interpolado
0.024356071214242853,0.0003841103105373303,interpolado
0.024455891178235652,0.0004706645761972581,interpolado
0.02455571114222845,0.0005717425110476171,interpolado
0.02465553110622125,0.0006750835496111943,interpolado
0.024755351070214045,0.0007684271264107876,interpolado
0.024855171034206848,0.0008395126759691931,interpolado
0.025,0.000878,original
0.02505481096219244,0.0008665170581407316,interpolado
0.025154630926185237,0.0008112019914681746,interpolado
0.02525445089017804,0.000721057327734378,interpolado
0.025354270854170833,0.0006073656778557909,interpolado
0.025454090818163633,0.0004814096527488611,interpolado
0.025553910782156432,0.00035447186333004783,interpolado
0.02565373074614923,0.00023783492051579822,interpolado
0.02575355071014203,0.00014278143522256025,interpolado
0.02585337067413483,8.059401836679216e-05,interpolado
0.026,7.25e-05,original
0.02605301060212042,9.939514803488084e-05,interpolado
0.026152830566113224,0.00019081024397774255,interpolado
0.026252650530106014,0.0003263229035658089,interpolado
0.02635247049409882,0.0004950749323744717,interpolado
0.026452290458091617,0.000686208135979104,interpolado
0.026552110422084416,0.0008888643199550963,interpolado
0.026651930386077216,0.0010921852898778403,interpolado
0.026751750350070016,0.0012853128513227075,interpolado
0.026851570314062816,0.0014573888098650895,interpolado
0.027,0.001651,original
0.02705121024204842,0.0016954495627998995,interpolado
0.02715103020604122,0.0017514593395569432,interpolado
0.02725085017003401,0.0017763604555491664,interpolado
0.02735067013402681,0.0017813536358198068,interpolado
0.027450490098019614,0.0017776396054121006,interpolado
0.02755031006201241,0.0017764190893692822,interpolado
0.027650130026005214,0.0017888928127345887,interpolado
0.027749949989998014,0.0018262615005512559,interpolado
0.02784976995399081,0.0018997258778625176,interpolado
0.027949589917983606,0.0020204866697116105,interpolado
0.028,0.002103,original
0.028149229845969206,0.002430726351002659,interpolado
0.028249049809962005,0.002695006519879711,interpolado
0.028348869773954805,0.0029708572337579365,interpolado
0.028448689737947598,0.0032372030280539694,interpolado
0.0285485097019404,0.003472968438184473,interpolado
0.028648329665933194,0.003657077999566105,interpolado
0.028748149629925987,0.003768456247615506,interpolado
0.028847969593918794,0.00378602771774934,interpolado
0.028947789557911587,0.003688716945384251,interpolado
0.029,0.003585,original
0.02914742948589718,0.003084854744360118,interpolado
0.029247249449889975,0.0025896960639334287,interpolado
0.02934706941388278,0.00198626279951911,interpolado
0.029446889377875568,0.0012901816296612132,interpolado
0.029546709341868368,0.0005170792329037782,interpolado
0.029646529305861168,-0.0003174177122090737,interpolado
0.029746349269853964,-0.0011976825271333034,interpolado
0.02984616923384676,-0.0021080885333248723,interpolado
0.02994598919783956,-0.0030330090522396515,interpolado
0.03,-0.003534,original
0.03014562912582516,-0.0048603203459136775,interpolado
0.030245449089817963,-0.005721514745322178,interpolado
0.03034526905381076,-0.006517771485986233,interpolado
0.030445089017803562,-0.007226572460520382,interpolado
0.030544908981796355,-0.007825399561539088,interpolado
0.030644728945789155,-0.008291734681656913,interpolado
0.030744548909781958,-0.00860305971348834,interpolado
0.03084436887377475,-0.0087368565496479,interpolado
0.030944188837767558,-0.008670607082750106,interpolado
0.031,-0.008538,original
0.03114382876575315,-0.007884191167550703,interpolado
0.03124364872974596,-0.0072228386746893145,interpolado
0.03134346869373875,-0.006449052982170244,interpolado
0.03144328865773155,-0.005613111615561884,interpolado
0.03154310862172435,-0.004765292100432655,interpolado
0.031642928585717156,-0.003955871962350969,interpolado
0.03174274854970995,-0.003235128726885189,interpolado
0.03184256851370275,-0.0026533399196038395,interpolado
0.03194238847769555,-0.002260783066075275,interpolado
0.032,-0.00214,original
0.03214202840568114,-0.002187892335135918,interpolado
0.03224184836967394,-0.0024419030754476074,interpolado
0.03234166833366674,-0.002800701068669805,interpolado
0.03244148829765954,-0.0031967045792006795,interpolado
0.03254130826165234,-0.003562331871438389,interpolado
0.032641128225645126,-0.0038300012097810857,interpolado
0.03274094818963792,-0.003932130858626929,interpolado
0.03284076815363072,-0.003801139082374055,interpolado
0.03294058811762353,-0.003369444145420636,interpolado
0.033,-0.002942,original
0.03314022804560912,-0.001409533726831243,interpolado
0.03324004800960192,2.4854736314293065e-05,interpolado
0.033339867973594714,0.001635168632110828,interpolado
0.03343968793758752,0.0033246920040286535,interpolado
0.03353950790158032,0.004996708895537705,interpolado
0.03363932786557312,0.006554503350108269,interpolado
0.03373914782956591,0.007901359411210526,interpolado
0.033838967793558716,0.00894056112231465,interpolado
0.033938787757551506,0.00957539252689081,interpolado
0.034,0.009723,original
0.03413842768553711,0.009328299614040487,interpolado
0.03423824764952991,0.008510772692166971,interpolado
0.034338067613522705,0.007348868504596618,interpolado
0.0344378875775155,0.005933093241406035,interpolado
0.0345377075415083,0.004353953092671823,interpolado
0.0346375275055011,0.0027019542484704832,interpolado
0.03473734746949389,0.00106760289887885,interpolado
0.03483716743348669,-0.0004585947660265805,interpolado
0.03493698739747949,-0.0017861325561692027,interpolado
0.035,-0.002481,original
0.035136627325465096,-0.0035402566589214247,interpolado
0.03523644728945789,-0.0039674361973268835,interpolado
0.035336267253450696,-0.004150148298175362,interpolado
0.03543608721744349,-0.004131382864079493,interpolado
0.03553590718143629,-0.003954129797651869,interpolado
0.03563572714542908,-0.0036613790015050823,interpolado
0.03573554710942189,-0.0032961203782517017,interpolado
0.03583536707341469,-0.0029013438305043725,interpolado
0.03593518703740749,-0.0025200392608756643,interpolado
0.036,-0.0023,original
0.036134826965393094,-0.0019469875906550883,interpolado
0.03623464692938588,-0.0017665764619981762,interpolado
0.036334466893378686,-0.0016409949656941468,interpolado
0.03643428685737148,-0.0015576742864086075,interpolado
0.036534106821364286,-0.0015040456088071378,interpolado
0.036633926785357075,-0.001467540117555326,interpolado
0.03673374674934987,-0.0014355889973187645,interpolado
0.036833566713342675,-0.0013956234327630425,interpolado
0.03693338667733548,-0.0013350746085537446,interpolado
0.037,-0.001277,original
0.037133026605321064,-0.001110466435300049,interpolado
0.03723284656931387,-0.0009499023209775587,interpolado
0.037332666533306656,-0.0007688297841727528,interpolado
0.03743248649729945,-0.0005762648026405161,interpolado
0.03753230646129226,-0.00038122335413571894,interpolado
0.03763212642528505,-0.00019272141641327317,interpolado
0.03773194638927785,-1.9774967228049136e-05,interpolado
0.03783176635327065,0.00012860001566506862,interpolado
0.03793158631726345,0.00024338755451119604,interpolado
0.038,0.000298,original
0.03813122624524904,0.00034444300011700476,interpolado
0.038231046209241844,0.0003414033067517117,interpolado
0.03833086617323465,0.0003194868786303384,interpolado
0.03843068613722745,0.00029161413240052245,interpolado
0.03853050610122025,0.00027070548470990155,interpolado
0.03863032606521305,0.000269681352206114,interpolado
0.038730146029205846,0.000301462151536798,interpolado
0.038829965993198635,0.0003789682993495902,interpolado
0.03892978595719144,0.0005151202122921279,interpolado
0.039,0.000653,original
0.039129425885177045,0.0010103111450259475,interpolado
0.03922924584916984,0.0013783597522297503,interpolado
0.03932906581316264,0.0018268230951612628,interpolado
0.039428885777155434,0.0023555967778151874,interpolado
0.03952870574114822,0.0029645764041862045,interpolado
0.039628525705141034,0.003653657578268996,interpolado
0.03972834566913384,0.00442273590405824,interpolado
0.03982816563312663,0.005271706985548678,interpolado
0.03992798559711943,0.006200466426734875,interpolado
0.04,0.00692,original
0.040127625525105015,0.00827305652837169,interpolado
0.040227445489097825,0.009329290316667375,interpolado
0.04032726545309062,0.010308717779643557,interpolado
0.040427085417083425,0.011142692416285278,interpolado
0.04052690538107623,0.011762567725577398,interpolado
0.04062672534506901,0.012099697206504969,interpolado
0.04072654530906182,0.012085434358052982,interpolado
0.04082636527305462,0.011651132679206411,interpolado
0.040926185237047406,0.010728145668950247,interpolado
0.041,0.009691,original
0.04112582516503301,0.0072168534382921765,interpolado
0.0412256451290258,0.004775025343457517,interpolado
0.041325465093018605,0.0020800098627379317,interpolado
0.04142528505701141,-0.0007111906654819799,interpolado
0.04152510502100421,-0.003441573902817787,interpolado
0.041624924984997015,-0.005954137510884497,interpolado
0.041724744948989805,-0.008091879151297696,interpolado
0.04182456491298261,-0.009697796485672781,interpolado
0.0419243848769754,-0.010614887175625132,interpolado
0.042,-0.010755,original
0.04212402480496101,-0.009860056704416276,interpolado
0.0422238447689538,-0.008283294589583582,interpolado
0.0423236647329466,-0.006129586076346461,interpolado
0.0424234846969394,-0.0035718706584729498,interpolado
0.042523304660932196,-0.0007830878297310645,interpolado
0.04262312462492499,0.0020638229161111608,interpolado
0.04272294458891779,0.004795922085285886,interpolado
0.042822764552910585,0.007240270184024697,interpolado
0.04292258451690339,0.009223927718559762,interpolado
0.043,0.010335,original
0.04312222444488898,0.011203592388828376,interpolado
0.04322204440888176,0.011198073479763737,interpolado
0.04332186437287459,0.010666654243531089,interpolado
0.04342168433686737,0.009718059652886656,interpolado
0.043521504300860166,0.008461014680586559,interpolado
0.043621324264852976,0.007004244299386948,interpolado
0.04372114422884576,0.0054564734820439645,interpolado
0.04382096419283857,0.003926427201313759,interpolado
0.04392078415683137,0.002522830429952382,interpolado
0.044,0.001571,original
0.044120424084816964,0.0004879759300410372,interpolado
0.044220244048809754,-9.8392827510594e-05,interpolado
0.04432006401280256,-0.0004393934869830074,interpolado
0.04441988397679535,-0.0005695114932901992,interpolado
0.044519703940788156,-0.0005232322913461599,interpolado
0.04461952390478095,-0.0003350413260648946,interpolado
0.04471934386877376,-3.942404236040314e-05,interpolado
0.044819163832766545,0.00032913411485331715,interpolado
0.044918983796759356,0.000736147700662269,interpolado
0.045,0.001071,original
0.04511862372474495,0.0015355775899361605,interpolado
0.04521844368873775,0.0018928872296252823,interpolado
0.04531826365273055,0.0022131294664871734,interpolado
0.045418083616723344,0.0024903417999013622,interpolado
0.04551790358071613,0.0027185617292473777,interpolado
0.04561772354470895,0.0028918267539047604,interpolado
0.04571754350870173,0.0030041743732530106,interpolado
0.045817363472694536,0.003049642086671674,interpolado
0.045917183436687325,0.003022267393540279,interpolado
0.046,0.00294,original
0.046116823364672925,0.0027313722425178354,interpolado
0.04621664332866572,0.002483204655063362,interpolado
0.046316463292658525,0.002188965794387528,interpolado
0.04641628325665133,0.0018660172104418445,interpolado
0.04651610322064412,0.0015317204531778339,interpolado
0.04661592318463692,0.0012034370725470252,interpolado
0.046715743148629724,0.0008985286185009426,interpolado
0.04681556311262252,0.0006343566409910949,interpolado
0.046915383076615316,0.000428282689969046,interpolado
0.047,0.000312,original
0.04711502300460093,0.0002504730867918274,interpolado
0.04721484296859371,0.0002709972080577735,interpolado
0.04731466293258652,0.00033971089647377706,interpolado
0.047414482896579326,0.0004371060791675658,interpolado
0.047514302860572115,0.0005436746832668437,interpolado
0.04761412282456492,0.0006399086358993369,interpolado
0.047713942788557714,0.0007062998641927654,interpolado
0.04781376275255052,0.0007233402952748485,interpolado
0.047913582716543314,0.000671521856273306,interpolado
0.048,0.000556,original
0.048113222644528914,0.00029566642095995,interpolado
0.04821304260852171,-9.623904427286873e-06,interpolado
0.048312862572514506,-0.00035307873440053257,interpolado
0.04841268253650731,-0.0007032628537227909,interpolado
0.04851250250050011,-0.0010287410471570848,interpolado
0.04861232246449291,-0.0012980780994663712,interpolado
0.048712142428485705,-0.0014798387954136757,interpolado
0.0488119623924785,-0.0015425879197620035,interpolado
0.0489117823564713,-0.0014548902572743558,interpolado
0.049,-0.001227,original
0.049111422284456904,-0.0007192346874322228,interpolado
0.0492112422484497,-8.938887562612355e-05,interpolado
0.049311062212442504,0.0006630761764580038,interpolado
0.0494108821764353,0.0014970287945254774,interpolado
0.04951070214042809,0.0023713373042816063,interpolado
0.049610522104420886,0.0032448700314317066,interpolado
0.04971034206841369,0.004076495301681147,interpolado
0.04981016203240649,0.004825081440735124,interpolado
0.049909981996399296,0.00544949677429901,interpolado
0.05,0.005872,original
0.05010962192438488,0.006174769272708151,interpolado
0.05020944188837768,0.006260420865134674,interpolado
0.05030926185237049,0.006185512878562861,interpolado
0.05040908181636328,0.005969984148642238,interpolado
0.05050890178035608,0.005633773511022322,interpolado
0.05060872174434887,0.00519681980135263,interpolado
0.05070854170834167,0.004679061855282684,interpolado
0.05080836167233446,0.004100438508461999,interpolado
0.050908181636327265,0.0034808885965400467,interpolado
0.051,0.002892,original
0.051107821564312865,0.0021941750284748176,interpolado
0.051207641528305654,0.0015432899457203646,interpolado
0.05130746149229845,0.0008857831569161953,interpolado
0.051407281456291254,0.0002197439877987386,interpolado
0.05150710142028405,-0.0004567382358954365,interpolado
0.05160692138427685,-0.0011455741884298992,interpolado
0.05170674134826966,-0.0018486745440681733,interpolado
0.05180656131226244,-0.002567949977073782,interpolado
0.051906381276255235,-0.0033053111617102485,interpolado
0.052,-0.004015,original
0.05210602120424085,-0.004836224249712217,interpolado
0.052205841168233645,-0.005603233287400866,interpolado
0.05230566113222645,-0.0063370161473753385,interpolado
0.05240548109621924,-0.007010894234148752,interpolado
0.05250530106021204,-0.0075981889522342295,interpolado
0.05260512102420484,-0.008072221706144914,interpolado
0.05270494098819765,-0.008406313900393866,interpolado
0.052804760952190444,-0.008573786939494236,interpolado
0.052904580916183254,-0.008547962227959147,interpolado
0.053,-0.008318,original
0.05310422084416883,-0.00782445855254506,interpolado
0.05320404080816165,-0.0071546236125868525,interpolado
0.05330386077215444,-0.00634375230249501,interpolado
0.053403680736147235,-0.005442939463510256,interpolado
0.05350350070014003,-0.004503279936873359,interpolado
0.05360332066413282,-0.0035758685638250833,interpolado
0.05370314062812563,-0.002711800185606198,interpolado
0.053802960592118435,-0.0019621696434574203,interpolado
0.053902780556111224,-0.0013780717786196252,interpolado
0.054,-0.001017,original
0.05410242048409682,-0.0008930548365678041,interpolado
0.05420224044808961,-0.0009928882444551542,interpolado
0.05430206041208242,-0.0012623342784051242,interpolado
0.05440188037607522,-0.0016536258521713156,interpolado
0.054501700340068016,-0.0021189958795073812,interpolado
0.05460152030406081,-0.002610677274166959,interpolado
0.054701340268053615,-0.003080902949903691,interpolado
0.05480116023204642,-0.0034819058204712166,interpolado
0.054900980196039215,-0.003765918799623189,interpolado
0.055,-0.003885,original
0.055100620124024814,-0.003806298908893243,interpolado
0.05520044008801761,-0.003552116933445414,interpolado
0.055300260052010414,-0.003159171044286113,interpolado
0.05540008001600321,-0.002664003403694007,interpolado
0.05549989997999602,-0.0021031561739477222,interpolado
0.05559971994398881,-0.001513171517326003,interpolado
0.05569953990798162,-0.0009305915961074801,interpolado
0.05579935987197441,-0.0003919585725708196,interpolado
0.055899179835967205,6.618539100531294e-05,interpolado
0.056,0.00041,original
0.056098819763952805,0.0006038087288847333,interpolado
0.056198639727945615,0.000665126364823848,interpolado
0.056298459691938404,0.0006101873419971336,interpolado
0.056398279655931194,0.0004579279715442221,interpolado
0.056498099619924,0.00022728456460474746,interpolado
0.05659791958391678,-6.28065676816587e-05,interpolado
0.05669773954790959,-0.0003934091141753875,interpolado
0.056797559511902386,-0.0007455867637367586,interpolado
0.05689737947589518,-0.0011004032052261623,interpolado
0.057,-0.001448,original
0.05709701940388077,-0.0017414432406599011,interpolado
0.05719683936787358,-0.001984941865892467,interpolado
0.057296659331866374,-0.0021454893151789745,interpolado
0.057396479295859164,-0.0021991568821211607,interpolado
0.057496299259851974,-0.002122015860320803,interpolado
0.05759611922384477,-0.0018901375433796623,interpolado
0.05769593918783757,-0.0014795932248994994,interpolado
0.05779575915183038,-0.0008664541984820266,interpolado
0.05789557911582317,-2.679175772908821e-05,interpolado
0.058,0.00112,original
0.058095219043808766,0.002413220466379189,interpolado
0.05819503900780156,0.0039651709391475805,interpolado
0.058294858971794365,0.005642198518140726,interpolado
0.05839467893578716,0.007367325852610173,interpolado
0.05849449889977996,0.009063575591807099,interpolado
0.05859431886377275,0.010653970384983058,interpolado
0.058694138827765543,0.012061532881389466,interpolado
0.05879395879175835,0.013209285730277756,interpolado
0.05889377875575114,0.014020251580899349,interpolado
0.059,0.014427,original
0.059093418683736736,0.014345162702426518,interpolado
0.05919323864772953,0.0138507307504997,interpolado
0.059293058611722335,0.013012718542957508,interpolado
0.05939287857571514,0.011909694232857971,interpolado
0.059492698539707935,0.01062022597325909,interpolado
0.05959251850370074,0.009222881917218788,interpolado
0.05969233846769355,0.0077962302177952735,interpolado
0.05979215843168634,0.00641883902804647,interpolado
0.05989197839567914,0.005169276501030392,interpolado
0.06,0.004052,original
0.06009161832366474,0.003351154074978303,interpolado
0.060191438287657544,0.0028203770903535543,interpolado
0.06029125825165034,0.002482335240554821,interpolado
0.06039107821564312,0.0022855719096439753,interpolado
0.06049089817963593,0.0021786304816829353,interpolado
0.060590718143628736,0.0021100543407336168,interpolado
0.06069053810762152,0.002028386870857938,interpolado
0.06079035807161433,0.0018821714561178015,interpolado
0.06089017803560712,0.0016199514805751432,interpolado
0.061,0.001136,original
0.06108981796359272,0.0005572914732477817,interpolado
0.06118963792758553,-0.00023028430599973492,interpolado
0.06128945789157832,-0.0010952888678024352,interpolado
0.06138927785557113,-0.0019605325002946244,interpolado
0.061489097819563916,-0.0027488254916107875,interpolado
0.06158891778355671,-0.0033829781298853534,interpolado
0.06168873774754952,-0.0037858007032527544,interpolado
0.06178855771154231,-0.0038801034998474132,interpolado
0.06188837767553511,-0.0035886968078037242,interpolado
0.062,-0.002711,original
0.0620880176035207,-0.0015632167836231142,interpolado
0.06218783756751352,0.00014598667506247355,interpolado
0.062287657531506314,0.0021672436516612637,interpolado
0.062387477495499104,0.004374522351888136,interpolado
0.06248729745949191,0.006641790981458123,interpolado
0.0625871174234847,0.008843017746085634,interpolado
0.06268693738747752,0.010852170851486142,interpolado
0.06278675735147032,0.012543218503374186,interpolado
0.0628865773154631,0.013790128907464477,interpolado
0.063,0.014508,original
0.0630862172434487,0.014473204702250334,interpolado
0.0631860372074415,0.01386485851868663,interpolado
0.06328585717143427,0.012755879380584716,interpolado
0.06338567713542709,0.0112604162503575,interpolado
0.06348549709941989,0.009492618090418325,interpolado
0.06358531706341268,0.007566633863180701,interpolado
0.06368513702740548,0.0055966125310573074,interpolado
0.06378495699139829,0.0036967030564618846,interpolado
0.06388477695539109,0.0019810544018071244,interpolado
0.064,0.000379,original
0.06408441688337667,-0.0004580242140072626,interpolado
0.06418423684736949,-0.001097218226993771,interpolado
0.06428405681136226,-0.0014097382094682117,interpolado
0.06438387677535506,-0.0014516601033625147,interpolado
0.06448369673934787,-0.00127905985060846,interpolado
0.06458351670334066,-0.0009480133931379496,interpolado
0.06468333666733346,-0.0005145966728827338,interpolado
0.06478315663132625,-3.488563177476228e-05,interpolado
0.06488297659531905,0.00043504378825425644,interpolado
0.065,0.000898,original
0.06508261652330465,0.0011285250719643457,interpolado
0.06518243648729745,0.001303677710191195,interpolado
0.06528225645129025,0.0013853806749118723,interpolado
0.06538207641528304,0.0013945067324564095,interpolado
0.06548189637927584,0.0013519286491548114,interpolado
0.06558171634326866,0.0012785191913370754,interpolado
0.06568153630726145,0.0011951511253332173,interpolado
0.06578135627125424,0.0011226972174732573,interpolado
0.06588117623524704,0.001082030234087186,interpolado
0.066,0.001104,original
0.06608081616323264,0.001176141166338194,interpolado
0.06618063612722544,0.0013214347190309758,interpolado
0.06628045609121826,0.0015123018209552634,interpolado
0.06638027605521105,0.001731096394763681,interpolado
0.06648009601920384,0.0019601723631088377,interpolado
0.06657991598319665,0.0021818836486434397,interpolado
0.06667973594718946,0.00237858417402007,interpolado
0.06677955591118223,0.002532627861891425,interpolado
0.06687937587517505,0.0026263686349101184,interpolado
0.067,0.002634,original
0.06707901580316065,0.00256458311495524,interpolado
0.06717883576715343,0.0023951200810579357,interpolado
0.06727865573114623,0.002143011387397752,interpolado
0.06737847569513902,0.0018175377359060248,interpolado
0.06747829565913181,0.0014279798285141347,interpolado
0.06757811562312463,0.0009836183671532903,interpolado
0.06767793558711742,0.0004937340537549331,interpolado
0.06777775555111022,-3.23924097497541e-05,interpolado
0.067877575515103,-0.0005854803214293075,interpolado
0.068,-0.001287,original
0.0680772154430886,-0.001734947124900773,interpolado
0.06817703540708141,-0.002308034462419876,interpolado
0.06827685537107421,-0.0028601424734929467,interpolado
0.06837667533506701,-0.0033758908341760957,interpolado
0.06847649529905982,-0.003839899220525724,interpolado
0.06857631526305262,-0.004236787308598014,interpolado
0.06867613522704541,-0.004551174774449187,interpolado
0.06877595519103821,-0.004767681294135591,interpolado
0.06887577515503102,-0.004870926543713424,interpolado
0.069,-0.004818,original
0.06907541508301662,-0.004679732685475065,interpolado
0.06917523504700944,-0.004392715565914103,interpolado
0.06927505501100223,-0.004019352224683183,interpolado
0.069374874974995,-0.0035946387485265,interpolado
0.06947469493898781,-0.003153571224188063,interpolado
0.0695745149029806,-0.002731145738412112,interpolado
0.06967433486697341,-0.002362358377942657,interpolado
0.06977415483096622,-0.002082205229523886,interpolado
0.069873974794959,-0.0019256823798999433,interpolado
0.07,-0.001959,original
0.0700736147229446,-0.002117265035100079,interpolado
0.07017343468693742,-0.0024661648503675965,interpolado
0.07027325465093019,-0.0029163145546912865,interpolado
0.07037307461492301,-0.003409261545541095,interpolado
0.07047289457891581,-0.0038865532203867796,interpolado
0.07057271454290859,-0.004289736976698101,interpolado
0.0706725345069014,-0.004560360211944998,interpolado
0.0707723544708942,-0.004639970323597222,interpolado
0.070872174434887,-0.004470114709124617,interpolado
0.071,-0.003795,original
0.07107181436287258,-0.003157709635337191,interpolado
0.07117163432686538,-0.0020091038002099135,interpolado
0.07127145429085818,-0.0006407989613639676,interpolado
0.07137127425485096,0.000852364955606715,interpolado
0.07147109421884378,0.0023755480251076303,interpolado
0.07157091418283656,0.003833910321544263,interpolado
0.07167073414682937,0.005132611919322702,interpolado
0.07177055411082216,0.00617681289284829,interpolado
0.07187037407481495,0.006871673316527008,interpolado
0.072,0.007097,original
0.07207001400280055,0.006845011108629101,interpolado
0.07216983396679336,0.006068792048043395,interpolado
0.07226965393078615,0.004889245598264175,interpolado
0.07236947389477896,0.0034027698297536494,interpolado
0.07246929385877175,0.0017057628129747348,interpolado
0.07256911382276457,-0.00010537738161051217,interpolado
0.07266893378675736,-0.0019342526835393289,interpolado
0.07276875375075015,-0.0036844650223489474,interpolado
0.07286857371474297,-0.0052596163275773255,interpolado
0.073,-0.006904,original
0.07306821364272856,-0.007506899610937528,interpolado
0.07316803360672133,-0.008086658620876654,interpolado
0.07326785357071416,-0.008351240519327332,interpolado
0.07336767353470694,-0.008350071790312151,interpolado
0.07346749349869973,-0.008132578917853848,interpolado
0.07356731346269255,-0.007748188385975047,interpolado
0.07366713342668534,-0.007246326678698534,interpolado
0.07376695339067814,-0.006676420280046854,interpolado
0.07386677335467094,-0.006087895674042767,interpolado
0.074,-0.005359,original
0.07406641328265653,-0.005049635311988543,interpolado
0.07416623324664931,-0.00465685328700868,interpolado
0.07426605321064211,-0.004339260289775103,interpolado
0.07436587317463492,-0.0040838935723069465,interpolado
0.0744656931386277,-0.0038777903866233044,interpolado
0.07456551310262051,-0.0037079879847431952,interpolado
0.07466533306661333,-0.00356152361868574,interpolado
0.07476515303060613,-0.0034254345404699676,interpolado
0.07486497299459892,-0.0032867580021149947,interpolado
0.075,-0.003072,original
0.07506461292258453,-0.0029508064646211886,interpolado
0.07516443288657731,-0.002742303840731715,interpolado
0.07526425285057012,-0.0025163493971245995,interpolado
0.07536407281456291,-0.002282433341464124,interpolado
0.07546389277855571,-0.0020500458814144435,interpolado
0.07556371274254853,-0.0018286772246398145,interpolado
0.07566353270654129,-0.001627817578804484,interpolado
0.0757633526705341,-0.0014569571515726173,interpolado
0.0758631726345269,-0.0013255861506084826,interpolado
0.076,-0.001227,original
0.0760628125625125,-0.001218407565442389,interpolado
0.0761626325265053,-0.001248285676013275,interpolado
0.07626245249049812,-0.001321650132269674,interpolado
0.0763622724544909,-0.0014271449036121907,interpolado
0.0764620924184837,-0.001553413959441479,interpolado
0.07656191238247648,-0.0016891012691581295,interpolado
0.0766617323464693,-0.0018228508021628047,interpolado
0.07676155231046208,-0.0019433065278561075,interpolado
0.07686137227445489,-0.00203911241563865,interpolado
0.077,-0.00211,original
0.07706101220244047,-0.002111270923399314,interpolado
0.07716083216643328,-0.00206361208417189,interpolado
0.07726065213042609,-0.0019425080054319443,interpolado
0.07736047209441889,-0.0017345102830441514,interpolado
0.07746029205841168,-0.0014261705128730975,interpolado
0.07756011202240448,-0.001004040290783514,interpolado
0.07765993198639728,-0.0004546712126399248,interpolado
0.07775975195039009,0.00023538512569287132,interpolado
0.07785957191438288,0.0010795771283504231,interpolado
0.078,0.002554,original
0.07805921184236847,0.0032815452283596943,interpolado
0.07815903180636126,0.004620757993383076,interpolado
0.07825885177035408,0.0060480694938039314,interpolado
0.07835867173434687,0.007501713741067771,interpolado
0.07845849169833968,0.008919924746619519,interpolado
0.07855831166233247,0.010240936521904108,interpolado
0.07865813162632526,0.011402983078367023,interpolado
0.07875795159031806,0.012344298427453075,interpolado
0.07885777155431087,0.013003116580607642,interpolado
0.079,0.013332,original
0.07905741148229646,0.013230504492759617,interpolado
0.07915723144628925,0.012755401177492402,interpolado
0.07925705141028205,0.011964690006506755,interpolado
0.07935687137427486,0.01093243539063925,interpolado
0.07945669133826766,0.009732701740726962,interpolado
0.07955651130226044,0.008439553467606357,interpolado
0.07965633126625327,0.007127054982114408,interpolado
0.07975615123024606,0.005869270695088084,interpolado
0.07985597119423883,0.00474026501736384,interpolado
0.08,0.003488,original
0.08005561112222444,0.003161607361007373,interpolado
0.08015543108621725,0.0027958273183017295,interpolado
0.08025525105021003,0.0026800370240280982,interpolado
0.08035507101420285,0.0027758836359929907,interpolado
0.08045489097819564,0.003045014312002933,interpolado
0.08055471094218844,0.0034490762098645434,interpolado
0.08065453090618122,0.003949716487384262,interpolado
0.08075435087017403,0.004508582302368774,interpolado
0.08085417083416682,0.005087320812624553,interpolado
0.081,0.005889,original
0.08105381076215243,0.006151900944945192,interpolado
0.08115363072614523,0.006580104661290302,interpolado
0.08125345069013802,0.00692760887999287,interpolado
0.08135327065413084,0.007190392462966301,interpolado
0.08145309061812363,0.007364434272124038,interpolado
0.08155291058211642,0.007445713169379599,interpolado
0.08165273054610922,0.007430208016646434,interpolado
0.08175255051010202,0.007313897675838001,interpolado
0.0818523704740948,0.007092761008867796,interpolado
0.082,0.006565,original
0.0820520104020804,0.00632062266807051,interpolado
0.08215183036607318,0.005777559142237447,interpolado
0.082251650330066,0.0051586513997143495,interpolado
0.08235147029405879,0.0044895071090646065,interpolado
0.08245129025805162,0.0037957339388512575,interpolado
0.08255111022204441,0.003102939557637618,interpolado
0.08265093018603718,0.0024367316339870097,interpolado
0.08275075015003001,0.0018227178364624706,interpolado
0.08285057011402278,0.0012865058336273914,interpolado
0.083,0.000685,original
0.08305021004200841,0.0005489633856359215,interpolado
0.08315003000600119,0.0003752925620881388,interpolado
0.083249849969994,0.00031421964803180586,interpolado
0.08334966993398678,0.00034635278514222805,interpolado
0.0834494898979796,0.0004523001150946997,interpolado
0.08354930986197237,0.0006126697795644801,interpolado
0.0836491298259652,0.0008080699202268996,interpolado
0.08374894978995802,0.0010191086787572216,interpolado
0.0838487697539508,0.001226394196830702,interpolado
0.08394858971794358,0.0014105346161226828,interpolado
0.084,0.00149,original
0.08414822964592919,0.001645887113263945,interpolado
0.08424804960992202,0.001696120518441462,interpolado
0.0843478695739148,0.0017097252907122289,interpolado
0.08444768953790761,0.001693098173112539,interpolado
0.08454750950190039,0.0016526359086786837,interpolado
0.08464732946589319,0.0015947352404469405,interpolado
0.084747149429886,0.0015257929114536129,interpolado
0.08484696939387879,0.0014522056647349698,interpolado
0.0849467893578716,0.0013803702433273098,interpolado
0.085,0.001345,original
0.0851464292858572,0.0012632938180836093,interpolado
0.08524624924984998,0.0012191387715236068,interpolado
0.08534606921384277,0.0011824036487012228,interpolado
0.08544588917783558,0.0011514108482290843,interpolado
0.08554570914182837,0.0011244827687198135,interpolado
0.08564552910582116,0.0010999418087860222,interpolado
0.08574534906981393,0.0010761103670403375,interpolado
0.08584516903380673,0.0010513108420953715,interpolado
0.08594498899779954,0.0010238656325637515,interpolado
0.086,0.001007,original
0.08614462892578514,0.0009592337779576115,interpolado
0.08624444888977793,0.0009325678814414013,interpolado
0.08634426885377072,0.0009202453467580923,interpolado
0.08644408881776354,0.0009302661719741299,interpolado
0.0865439087817563,0.0009706303551559599,interpolado
0.08664372874574912,0.0010493378943700277,interpolado
0.08674354870974194,0.001174388787682757,interpolado
0.08684336867373474,0.0013537830331606256,interpolado
0.08694318863772751,0.0015955206288700257,interpolado
0.087,0.001764,original
0.08714282856571313,0.002279786998381229,interpolado
0.08724264852970592,0.0026853630157495922,interpolado
0.08734246849369873,0.0030944760060759367,interpolado
0.08744228845769153,0.0034777703380777384,interpolado
0.08754210842168433,0.00380589038047269,interpolado
0.08764192838567711,0.0040494805019782865,interpolado
0.08774174834966993,0.0041791850713121855,interpolado
0.08784156831366274,0.004165648457191924,interpolado
0.0879413882776555,0.0039795150283351245,interpolado
0.088,0.003778,original
0.08814102820564113,0.003009604275283867,interpolado
0.08824084816963391,0.0022791071884703373,interpolado
0.08834066813362672,0.0014514506755980208,interpolado
0.08844048809761951,0.0005772102490639617,interpolado
0.08854030806161234,-0.00029303857873517125,interpolado
0.0886401280256051,-0.0011087202954022284,interpolado
0.08873994798959792,-0.0018192593885405246,interpolado
0.0888397679535907,-0.0023740803457529564,interpolado
0.08893958791758352,-0.002722607654642767,interpolado
0.089,-0.002812,original
0.08913922784556912,-0.0026469062915940706,interpolado
0.0892390478095619,-0.0022697840664076263,interpolado
0.0893388677735547,-0.0017405028654804446,interpolado
0.0894386877375475,-0.001115568284668688,interpolado
0.08953850770154032,-0.0004514859198287354,interpolado
0.08963832766553308,0.0001952386331830118,interpolado
0.08973814762952591,0.0007680997785104262,interpolado
0.0898379675935187,0.00121059192029705,interpolado
0.0899377875575115,0.0014662094626866967,interpolado
0.09,0.001506,original
0.09013742748549709,0.0012392103782449036,interpolado
0.0902372474494899,0.0007958374650928069,interpolado
0.09033706741348267,0.00020412499439642553,interpolado
0.0904368873774755,-0.00048112221215124514,interpolado
0.09053670734146826,-0.0012050993328568628,interpolado
0.09063652730546108,-0.0019130015460274694,interpolado
0.09073634726945387,-0.002550024029969797,interpolado
0.09083616723344669,-0.003061361962990621,interpolado
0.09093598719743949,-0.00339221052339692,interpolado
0.091,-0.003484,original
0.09113562712542508,-0.003336437049800533,interpolado
0.0912354470894179,-0.002979867823183429,interpolado
0.09133526705341068,-0.0024674229089349606,interpolado
0.09143508701740347,-0.0018476727214757876,interpolado
0.09153490698139627,-0.0011691876752268854,interpolado
0.09163472694538909,-0.00048053818460887015,interpolado
0.09173454690938186,0.00016970533595726968,interpolado
0.09183436687337468,0.0007329724720509048,interpolado
0.09193418683736748,0.001160692809251131,interpolado
0.092,0.001345,original
0.09213382676535305,0.0014457850396549054,interpolado
0.09223364672934586,0.0013075723856195492,interpolado
0.09233346669333865,0.0010177131635473503,interpolado
0.09243328665733146,0.0006037608994125131,interpolado
0.09253310662132426,9.326911918931116e-05,interpolado
0.09263292658531705,-0.000486208651148203,interpolado
0.09273274654930984,-0.0011071188856256802,interpolado
0.09283256651330266,-0.0017419080582690989,interpolado
0.09293238647729546,-0.0023630226431041778,interpolado
0.093,-0.002762,original
0.09313202640528107,-0.0034643488094835044,interpolado
0.09323184636927385,-0.003924749482203215,interpolado
0.09333166633326664,-0.004323507074781635,interpolado
0.09343148629725945,-0.00465986750919124,interpolado
0.09353130626125225,-0.004933076707404704,interpolado
0.09363112622524505,-0.005142380591394564,interpolado
0.09373094618923784,-0.005287025083133385,interpolado
0.09383076615323063,-0.005366256104593792,interpolado
0.09393058611722344,-0.005379319577748349,interpolado
0.094,-0.005349,original
0.09413022604520904,-0.005207604580244937,interpolado
0.09423004600920182,-0.0050342335535944385,interpolado
0.09432986597319462,-0.004814576922555845,interpolado
0.09442968593718742,-0.004557816461065016,interpolado
0.09452950590118023,-0.004273133943057674,interpolado
0.09462932586517303,-0.003969711142469692,interpolado
0.09472914582916582,-0.0036567298332367847,interpolado
0.09482896579315865,-0.0033433717892947905,interpolado
0.09492878575715143,-0.0030388187845795467,interpolado
0.095,-0.002832,original
0.09512842568513703,-0.002490483528643722,interpolado
0.09522824564912984,-0.0022564949993454,interpolado
0.09532806561312265,-0.0020527612316537797,interpolado
0.09542788557711544,-0.0018817826591819486,interpolado
0.09552770554110825,-0.0017460597155429267,interpolado
0.09562752550510104,-0.0016480928343498176,interpolado
0.09572734546909382,-0.0015903824492156614,interpolado
0.09582716543308661,-0.0015754289937535402,interpolado
0.09592698539707945,-0.0016057329015765173,interpolado
0.096,-0.001658,original
0.09612662532506505,-0.0018054945624425918,interpolado
0.09622644528905783,-0.001955332778374646,interpolado
0.0963262652530506,-0.0021162888798026734,interpolado
0.09642608521704342,-0.002271405292470137,interpolado
0.09652590518103622,-0.0024037244421204283,interpolado
0.096625725145029,-0.0024962887544969546,interpolado
0.09672554510902182,-0.0025321406553431586,interpolado
0.09682536507301459,-0.0024943225704024503,interpolado
0.09692518503700741,-0.0023658769254182367,interpolado
0.097,-0.0022,original
0.097124824964993,-0.001782015683592458,interpolado
0.0972246449289858,-0.0013414765188287468,interpolado
0.09732446489297861,-0.0008304730540886099,interpolado
0.0974242848569714,-0.0002711472565129814,interpolado
0.0975241048209642,0.00031435890675691097,interpolado
0.09762392478495698,0.0009039034685801539,interpolado
0.09772374474894979,0.001475344461815588,interpolado
0.09782356471294258,0.002006539919322064,interpolado
0.0979233846769354,0.0024753478739586543,interpolado
0.098,0.002779,original
0.09812302460492098,0.0031462753409957564,interpolado
0.0982228445689138,0.0033397662994726334,interpolado
0.09832266453290657,0.0034469973104217263,interpolado
0.09842248449689937,0.0034748057752202466,interpolado
0.09852230446089218,0.003430029095245369,interpolado
0.09862212442488498,0.00331950467187426,interpolado
0.09872194438887777,0.0031500699064841327,interpolado
0.09882176435287057,0.002928562200452121,interpolado
0.09892158431686335,0.002661818955155427,interpolado
0.099,0.002425,original
0.09912122424484898,0.002025648610851285,interpolado
0.09922104420884174,0.0016929448842595304,interpolado
0.09932086417283456,0.0013844396753062854,interpolado
0.09942068413682738,0.0011259750380799647,interpolado
0.09952050410082017,0.0009433930266689565,interpolado
0.09962032406481298,0.0008625356951615751,interpolado
0.09972014402880577,0.0009092450976462042,interpolado
0.09981996399279859,0.0011093632882112228,interpolado
0.09991978395679138,0.001488732320945002,interpolado
0.1,0.001941,original
0.10011942388477699,0.002864911921748639,interpolado
0.10021924384876978,0.0038142521238040406,interpolado
0.10031906381276257,0.004863986759002809,interpolado
0.10041888377675537,0.005956992472615417,interpolado
0.10051870374074814,0.007036145909912916,interpolado
0.10061852370474098,0.008044323716165907,interpolado
0.10071834366873375,0.008924402536645023,interpolado
0.10081816363272657,0.009619259016621256,interpolado
0.10091798359671933,0.01007176980136518,interpolado
0.101,0.010222,original
0.10111762352470495,0.010052117936485402,interpolado
0.10121744348869774,0.009598939096860597,interpolado
0.10131726345269051,0.008921414146569426,interpolado
0.1014170834166833,0.008075575212702501,interpolado
0.10151690338067614,0.007117454422350006,interpolado
0.10161672334466891,0.006103083902602615,interpolado
0.10171654330866171,0.005088495780550474,interpolado
0.1018163632726545,0.004129722183284148,interpolado
0.1019161832366473,0.003282795237894175,interpolado
0.102,0.002699,original
0.10211582316463289,0.0021259071124339955,interpolado
0.1022156431286257,0.001826895190426193,interpolado
0.1023154630926185,0.0016754879262221598,interpolado
0.10241528305661132,0.0016405218247280402,interpolado
0.10251510302060411,0.0016908333908499755,interpolado
0.1026149229845969,0.0017952591294941086,interpolado
0.10271474294858972,0.0019226355455666186,interpolado
0.10281456291258251,0.0020417991439736407,interpolado
0.10291438287657531,0.0021215864296213163,interpolado
0.103,0.002135,original
0.1031140228045609,0.00205053276114655,interpolado
0.1032138427685537,0.0018932328718877693,interpolado
0.1033136627325465,0.0016767238514121304,interpolado
0.1034134826965393,0.0014187718208998159,interpolado
0.10351330266053212,0.0011371429015310948,interpolado
0.10361312262452489,0.0008496032144862503,interpolado
0.10371294258851771,0.0005739188809454446,interpolado
0.10381276255251048,0.00032785602208899173,interpolado
0.10391258251650332,0.00012918075909706513,interpolado
0.104,8.1e-06,original
0.10411222244448887,-6.167776825058077e-05,interpolado
0.10421204240848168,-5.029258662582626e-05,interpolado
0.10431186237247447,1.9132445120754867e-05,interpolado
0.10441168233646726,0.00013592410571529057,interpolado
0.10451150230046007,0.0002894091738838598,interpolado
0.10461132226445288,0.00046891442835261376,interpolado
0.10471114222844567,0.0006637666478476413,interpolado
0.10481096219243846,0.0008632926110950223,interpolado
0.10491078215643128,0.001056819096820922,interpolado
0.105,0.001216,original
0.10511042208441687,0.0013851408019620666,interpolado
0.10521024204840967,0.001508198247705981,interpolado
0.10531006201240249,0.0016008614003676048,interpolado
0.10540988197639527,0.0016611447044179472,interpolado
0.10550970194038807,0.001687062604327975,interpolado
0.1056095219043809,0.0016766295445686794,interpolado
0.10570934186837369,0.0016278599696110364,interpolado
0.1058091618323665,0.0015387683239260442,interpolado
0.1059089817963593,0.0014073690519846626,interpolado
0.106,0.001249,original
0.10610862172434489,0.0010143332536402456,interpolado
0.10620844168833767,0.0007721725477372265,interpolado
0.10630826165233048,0.0005247606460942933,interpolado
0.10640808161632326,0.00029166125197675296,interpolado
0.10650790158031605,9.243806864990512e-05,interpolado
0.10660772154430888,-5.334520062103362e-05,interpolado
0.10670754150830164,-0.00012612485257075382,interpolado
0.10680736147229446,-0.00010633718393400298,interpolado
0.10690718143628726,2.5581508554509266e-05,interpolado
0.107,0.000266,original
0.10710682136427284,0.0006913086858630562,interpolado
0.10720664132826564,0.0011974052258709829,interpolado
0.10730646129225846,0.0017645828074223302,interpolado
0.10740628125625123,0.0023499432820016037,interpolado
0.10750610122024404,0.002910588501093623,interpolado
0.10760592118423686,0.003403620316182959,interpolado
0.10770574114822967,0.00378614057875422,interpolado
0.10780556111222246,0.004015251140292168,interpolado
0.10790538107621526,0.004048053852281403,interpolado
0.108,0.003859,original
0.10810502100420086,0.0033723607522447843,interpolado
0.10820484096819366,0.002682234064550368,interpolado
0.10830466093218646,0.0018273836603230364,interpolado
0.10840448089617927,0.0008639203625433222,interpolado
0.10850430086017206,-0.00015204500580872667,interpolado
0.10860412082416487,-0.0011644016217526659,interpolado
0.10870394078815766,-0.0021170386623080534,interpolado
0.10880376075215044,-0.0029538453044948404,interpolado
0.10890358071614323,-0.003618710725332494,interpolado
0.109,-0.004045,original
0.1091032206441288,-0.004228099081253153,interpolado
0.10920304060812164,-0.004172199121722495,interpolado
0.10930286057211444,-0.003939830260944817,interpolado
0.1094026805361072,-0.003582997824116823,interpolado
0.10950250050010003,-0.00315370713643506,interpolado
0.10960232046409281,-0.0027039635230962744,interpolado
0.10970214042808561,-0.002285772309296987,interpolado
0.10980196039207842,-0.0019511388202339078,interpolado
0.10990178035607122,-0.0017520683811037008,interpolado
0.11,-0.001739,original
0.11010142028405681,-0.001952491891604865,interpolado
0.11020124024804961,-0.00236215330634084,interpolado
0.11030106021204243,-0.002929193335674486,interpolado
0.11040088017603521,-0.003613254817402301,interpolado
0.11050070014002804,-0.004373980589320553,interpolado
0.11060052010402084,-0.005171013489225467,interpolado
0.11070034006801363,-0.005963996354913605,interpolado
0.1108001600320064,-0.006712572024181094,interpolado
0.11089997999599922,-0.007376383334824484,interpolado
0.111,-0.007916,original
0.1110996199239848,-0.008295749193339745,interpolado
0.11119943988797762,-0.008515559247560957,interpolado
0.11129925985197038,-0.008579206256600478,interpolado
0.1113990798159632,-0.00849139318981566,interpolado
0.11149889977995597,-0.008256823016563875,interpolado
0.11159871974394879,-0.007880198706202395,interpolado
0.1116985397079416,-0.0073662232280885835,interpolado
0.11179835967193437,-0.006719599551579882,interpolado
0.11189817963592717,-0.005945030646033452,interpolado
0.112,-0.005028,original
0.11209781956391278,-0.004036591997890765,interpolado
0.11219763952790558,-0.00294788484924158,interpolado
0.11229745949189837,-0.001822288780504814,interpolado
0.11239727945589116,-0.0007009945862690176,interpolado
0.11249709941988396,0.00037480693887663967,interpolado
0.11259691938387677,0.0013639250003435895,interpolado
0.11269673934786958,0.0022251688035428117,interpolado
0.11279655931186239,0.0029173475538853523,interpolado
0.11289637927585519,0.0033992704567825365,interpolado
0.113,0.003633,original
0.11309601920384078,0.0035816841318408797,interpolado
0.11319583916783359,0.0032912151006251273,interpolado
0.11329565913182639,0.002812187610808758,interpolado
0.11339547909581918,0.0021984505236078036,interpolado
0.11349529905981197,0.0015038527002383675,interpolado
0.11359511902380481,0.0007822430019162557,interpolado
0.11369493898779758,8.747028985765586e-05,interpolado
0.11379475895179039,-0.000526616574721624,interpolado
0.11389457891578318,-0.0010061687306054806,interpolado
0.114,-0.001307,original
0.11409421884376877,-0.001360618501793313,interpolado
0.11419403880776156,-0.001224429165557644,interpolado
0.11429385877175437,-0.0009372683262724831,interpolado
0.11439367873574717,-0.0005476380161285532,interpolado
0.11449349869973997,-0.00010404026731639936,interpolado
0.11459331866373275,0.0003450228879732712,interpolado
0.11469313862772557,0.0007510494175497508,interpolado
0.11479295859171834,0.0010655372892224967,interpolado
0.11489277855571114,0.0012399844708007798,interpolado
0.115,0.001216,original
0.11509241848369674,0.0009875726128784517,interpolado
0.11519223844768953,0.000553477813697733,interpolado
0.11529205841168236,-2.795366039698395e-05,interpolado
0.11539187837567515,-0.0007082734151366733,interpolado
0.11549169833966791,-0.0014390330562526472,interpolado
0.11559151830366074,-0.0021717841894759336,interpolado
0.11569133826765354,-0.0028580784205375622,interpolado
0.11579115823164633,-0.0034494673551688474,interpolado
0.11589097819563912,-0.003897502599100756,interpolado
0.116,-0.004166,original
0.11609061812362471,-0.004180427882821146,interpolado
0.11619043808761752,-0.003996401516351262,interpolado
0.1162902580516103,-0.003639083618449359,interpolado
0.11639007801560312,-0.003145912362530532,interpolado
0.11648989797959591,-0.002554325922009651,interpolado
0.11658971794358872,-0.001901762470301884,interpolado
0.11668953790758153,-0.0012256601808220608,interpolado
0.11678935787157434,-0.0005634572269852838,interpolado
0.11688917783556708,4.7408217793354034e-05,interpolado
0.117,0.00062,original
0.11708881776355269,0.0009719200978231694,interpolado
0.1171886377275455,0.0012603134511763418,interpolado
0.1172884576915383,0.0014529837301261788,interpolado
0.11738827765553113,0.0015682490677572747,interpolado
0.1174880976195239,0.001624427597154138,interpolado
0.11758791758351668,0.0016398374514013105,interpolado
0.11768773754750952,0.001632796763583339,interpolado
0.1177875575115023,0.00162162366678476,interpolado
0.11788737747549512,0.0016246362940901117,interpolado
0.118,0.001668,original
0.11808701740348071,0.0017427194967536668,interpolado
0.11818683736747351,0.0018646348204590692,interpolado
0.11828665733146627,0.0020100680364109474,interpolado
0.11838647729545909,0.0021631764193067297,interpolado
0.11848629725945188,0.0023081172438437804,interpolado
0.11858611722344467,0.002429047784719471,interpolado
0.11868593718743749,0.002510125316631221,interpolado
0.11878575715143025,0.002535507114276396,interpolado
0.11888557711542305,0.0024893504523523925,interpolado
0.119,0.002328,original
0.11908521704340864,0.002124160785586952,interpolado
0.11918503700740145,0.001815535735651436,interpolado
0.11928485697139425,0.001463345492616113,interpolado
0.11938467693538708,0.0011010238064995785,interpolado
0.11948449689937987,0.0007620044273206215,interpolado
0.11958431686337266,0.0004797211050978402,interpolado
0.11968413682736548,0.00028760758984998423,interpolado
0.11978395679135825,0.00021909763159574849,interpolado
0.11988377675535104,0.0003076249803538097,interpolado
0.12,0.000653,original
0.12008341668333666,0.0010805484880808327,interpolado
0.12018323664732943,0.0017546064432137768,interpolado
0.12028305661132226,0.002549993321524159,interpolado
0.12038287657531507,0.0034078369248090167,interpolado
0.12048269653930785,0.004269265054865348,interpolado
0.12058251650330064,0.005075405513490522,interpolado
0.12068233646729346,0.005767386102481451,interpolado
0.12078215643128627,0.00628633462363545,interpolado
0.12088197639527908,0.006573378878749534,interpolado
0.121,0.006533,original
0.12108161632326465,0.006228110403647498,interpolado
0.12118143628725746,0.005584489435455804,interpolado
0.12128125625125029,0.004709795008852811,interpolado
0.12138107621524306,0.003675169788502076,interpolado
0.12148089617923587,0.002551756439066652,interpolado
0.12158071614322867,0.0014106976252100103,interpolado
0.12168053610722147,0.00032313601159563517,interpolado
0.12178035607121429,-0.0006397857371134418,interpolado
0.12188017603520707,-0.001406924956253634,interpolado
0.122,-0.001969,original
0.12207981596319266,-0.0020800112647965793,interpolado
0.12217963592718545,-0.0019445000710866971,interpolado
0.12227945589117825,-0.001555179679727895,interpolado
0.12237927585517104,-0.0009667932292819054,interpolado
0.12247909581916386,-0.00023408385831020104,interpolado
0.1225789157831566,0.0005882052946255076,interpolado
0.12267873574714942,0.0014453310909634614,interpolado
0.12277855571114227,0.0022825503921422657,interpolado
0.122878375675135,0.0030451200596000585,interpolado
0.123,0.003794,original
0.12307801560312064,0.004133609670638119,interpolado
0.12317783556711343,0.004411784496660259,interpolado
0.12327765553110624,0.004536763204520043,interpolado
0.12337747549509903,0.004532624487863644,interpolado
0.12347729545909181,0.00442344704033723,interpolado
0.12357711542308461,0.004233309555586993,interpolado
0.12367693538707741,0.003986290727259048,interpolado
0.12377675535107023,0.003706469248999584,interpolado
0.12387657531506302,0.0034179238144548102,interpolado
0.124,0.003085,original
0.12407621524304864,0.002908771109658836,interpolado
0.1241760352070414,0.0027135643932304117,interpolado
0.12427585517103422,0.0025535380617216965,interpolado
0.124375675135027,0.002423051710760137,interpolado
0.12447549509901981,0.0023164649359732497,interpolado
0.12457531506301257,0.002228137332988537,interpolado
0.1246751350270054,0.002152428497433469,interpolado
0.12477495499099822,0.0020836980249355585,interpolado
0.12487477495499101,0.002016305511122279,interpolado
0.125,0.001925,original
0.12507441488297663,0.0018632376861605017,interpolado
0.1251742348469694,0.0017691524687279906,interpolado
0.12527405481096218,0.001660540833549935,interpolado
0.125373874774955,0.0015355992571825263,interpolado
0.12547369473894782,0.0013925242161819294,interpolado
0.12557351470294065,0.001229512187104312,interpolado
0.1256733346669334,0.0010447596465058928,interpolado
0.1257731546309262,0.0008364630709427373,interpolado
0.125872974594919,0.0006028189369710593,interpolado
0.126,0.000266,original
0.1260726145229046,5.3526417185625105e-05,interpolado
0.1261724344868974,-0.00025146202076023916,interpolado
0.1262722544508902,-0.000555289327222576,interpolado
0.126372074414883,-0.0008402373678144316,interpolado
0.1264718943788758,-0.001088588008148936,interpolado
0.12657171434286857,-0.0012826231138391739,interpolado
0.12667153430686137,-0.001404624550498387,interpolado
0.12677135427085418,-0.0014368741837396423,interpolado
0.12687117423484698,-0.0013616538791760705,interpolado
0.127,-0.001077,original
0.12707081416283256,-0.0008211495928841812,interpolado
0.1271706341268254,-0.0003590232727224263,interpolado
0.12727045409081816,0.0001889824012223099,interpolado
0.12737027405481097,0.0007864951792066599,interpolado
0.1274700940188038,0.001397142811487255,interpolado
0.12756991398279655,0.001984553048320572,interpolado
0.12766973394678935,0.002512353639963574,interpolado
0.12776955391078218,0.002944172336672729,interpolado
0.12786937387477496,0.0032436368887046657,interpolado
0.128,0.003375,original
0.12806901380276056,0.0033037922082604517,interpolado
0.1281688337667533,0.0030394916435871715,interpolado
0.12826865373074614,0.0026133482181218875,interpolado
0.12836847369473897,0.0020575727877450204,interpolado
0.12846829365873175,0.0014043762083369928,interpolado
0.12856811362272455,0.0006859693357784333,interpolado
0.12866793358671735,-6.543697405064184e-05,interpolado
0.12876775355071016,-0.0008176318652696186,interpolado
0.12886757351470296,-0.0015384044819980731,interpolado
0.129,-0.002391,original
0.12906721344268854,-0.0027589570937426883,interpolado
0.12916703340668137,-0.003222580676202482,interpolado
0.12926685337067417,-0.0035955803783623568,interpolado
0.12936667333466698,-0.0038873636282202497,interpolado
0.12946649329865975,-0.004107337853774046,interpolado
0.12956631326265253,-0.004264910483021803,interpolado
0.12966613322664536,-0.0043694889439613895,interpolado
0.12976595319063816,-0.00443048066459074,interpolado
0.12986577315463096,-0.004457293072907791,interpolado
0.13,-0.004456,original
0.13006541308261654,-0.004446008141446991,interpolado
0.13016523304660935,-0.004426704154643168,interpolado
0.13026505301060212,-0.004410796810925539,interpolado
0.13036487297459495,-0.004407661063061983,interpolado
0.13046469293858773,-0.0044266718638203565,interpolado
0.13056451290258048,-0.004477204165968546,interpolado
0.13066433286657328,-0.0045686329222744205,interpolado
0.1307641528305661,-0.0047103330855058564,interpolado
0.13086397279455894,-0.004911679608430724,interpolado
0.131,-0.005299,original
0.1310636127225445,-0.005528948585558506,interpolado
0.13116343268653727,-0.005935754066022433,interpolado
0.1312632526505301,-0.006368993198681273,interpolado
0.1313630726145229,-0.0067948517725740926,interpolado
0.13146289257851568,-0.007179515576739862,interpolado
0.13156271254250848,-0.007489170400217865,interpolado
0.13166253250650128,-0.007690002032047058,interpolado
0.1317623524704941,-0.007748196261266506,interpolado
0.13186217243448692,-0.0076299388769152775,interpolado
0.132,-0.007114,original
0.13206181236247247,-0.00673230899978778,interpolado
0.1321616323264653,-0.005940832437117128,interpolado
0.1322614522904581,-0.004980711709920469,interpolado
0.13236127225445085,-0.003906485431681866,interpolado
0.13246109221844365,-0.002772692215884467,interpolado
0.1325609121824365,-0.0016338706760123138,interpolado
0.1326607321464293,-0.0005445594255491595,interpolado
0.1327605521104221,0.0004407029220212378,interpolado
0.13286037207441484,0.0012673777532149217,interpolado
0.133,0.002054,original
0.13306001200240045,0.002230174244352449,interpolado
0.13315983196639328,0.0023140403248705626,interpolado
0.13325965193038608,0.002169884521957317,interpolado
0.13335947189437886,0.0018360484766387075,interpolado
0.13345929185837166,0.0013508738299404192,interpolado
0.13355911182236446,0.0007527022228884008,interpolado
0.13365893178635727,7.987529650853073e-05,interpolado
0.13375875175035007,-0.0006292653081733106,interpolado
0.1338585717143429,-0.0013363779501310504,interpolado
0.134,-0.00226,original
0.13405821164232848,-0.0025925642492330243,interpolado
0.1341580316063213,-0.0030903722411648286,interpolado
0.13425785157031406,-0.0035003895418339644,interpolado
0.13435767153430683,-0.0038269761734382865,interpolado
0.13445749149829964,-0.004074492158175901,interpolado
0.13455731146229247,-0.004247297518244638,interpolado
0.13465713142628524,-0.004349752275842427,interpolado
0.13475695139027807,-0.004386216453167199,interpolado
0.13485677135427082,-0.004361050072416897,interpolado
0.135,-0.004226,original
0.13505641128225646,-0.004143466397855703,interpolado
0.13515623124624926,-0.003963630588047039,interpolado
0.13525605121024206,-0.0037500453460033467,interpolado
0.13535587117423484,-0.0035137417278367582,interpolado
0.13545569113822764,-0.0032657507896595903,interpolado
0.13555551110222047,-0.003017103587584098,interpolado
0.13565533106621325,-0.002778831177722538,interpolado
0.13575515103020602,-0.002561964616187226,interpolado
0.13585497099419885,-0.0023775349590902948,interpolado
0.136,-0.00219,original
0.13605461092218443,-0.0021494550372099064,interpolado
0.13615443088617726,-0.002114353929078018,interpolado
0.13625425085017004,-0.002118653196562512,interpolado
0.13635407081416284,-0.0021493641860835903,interpolado
0.13645389077815565,-0.0021934982440614515,interpolado
0.13655371074214845,-0.002238066716916292,interpolado
0.13665353070614122,-0.0022700809510683073,interpolado
0.13675335067013403,-0.002276552292937698,interpolado
0.13685317063412686,-0.002244492088944664,interpolado
0.137,-0.0021,original
0.13705281056211244,-0.0020130519121044368,interpolado
0.13715263052610524,-0.0017927757002604728,interpolado
0.13725245049009802,-0.001496230582049376,interpolado
0.13735227045409082,-0.001119725950619093,interpolado
0.13745209041808362,-0.0006595711991178004,interpolado
0.13755191038207643,-0.00011207572069360614,interpolado
0.1376517303460692,0.0005264510915053832,interpolado
0.137751550310062,0.0012596998443308433,interpolado
0.1378513702740548,0.002091361144635074,interpolado
0.138,0.00352,original
0.13805101020204044,0.004063516092654439,interpolado
0.13815083016603322,0.005183538483862546,interpolado
0.13825065013002602,0.006337404879060958,interpolado
0.1383504700940188,0.0074763043539644225,interpolado
0.13845029005801163,0.008551425984287984,interpolado
0.1385501100220044,0.009513958845746687,interpolado
0.1386499299859972,0.010315092014055392,interpolado
0.13874974994999,0.010906014564929593,interpolado
0.1388495699139828,0.011237915574084087,interpolado
0.13894938987797562,0.011261984117233927,interpolado
0.139,0.011141,original
0.13914902980596117,0.010256373392375144,interpolado
0.139248849769954,0.009301680050694464,interpolado
0.1393486697339468,0.008136038007744817,interpolado
0.13944848969793958,0.006827816084800632,interpolado
0.1395483096619324,0.0054453831031363534,interpolado
0.13964812962592518,0.004057107884026785,interpolado
0.13974794958991799,0.0027313592487455806,interpolado
0.13984776955391082,0.0015365060185675628,interpolado
0.13994758951790356,0.0005409170147671672,interpolado
0.14,0.000121,original
0.14014722944588917,-0.0006385245070679864,interpolado
0.14024704940988197,-0.0008478403928366752,interpolado
0.14034686937387478,-0.0008599236953534623,interpolado
0.14044668933786755,-0.0007177237772981705,interpolado
0.14054650930186036,-0.00046419000135070407,interpolado
0.14064632926585316,-0.0001422717301907336,interpolado
0.1407461492298459,0.00020508167350186078,interpolado
0.14084596919383874,0.0005349208470472571,interpolado
0.14094578915783154,0.0008042964277656334,interpolado
0.141,0.00091,original
0.14114542908581712,0.0010189948180110695,interpolado
0.14124524904980995,0.0009598781047215688,interpolado
0.14134506901380273,0.0008073872940621027,interpolado
0.14144488897779556,0.0005751020495698054,interpolado
0.14154470894178833,0.0002766020347819001,interpolado
0.14164452890578116,-7.453308676464939e-05,interpolado
0.14174434886977394,-0.000464723651532635,interpolado
0.14184416883376677,-0.0008803899959849249,interpolado
0.14194398879775955,-0.0013079524565843847,interpolado
0.142,-0.001548,original
0.14214362872574518,-0.0021449528437057085,interpolado
0.14224344868973796,-0.002528682834419018,interpolado
0.14234326865373076,-0.0028724747016107507,interpolado
0.14244308861772356,-0.0031637674529232406,interpolado
0.14254290858171637,-0.0033900000959987708,interpolado
0.14264272854570914,-0.0035386116384797986,interpolado
0.14274254850970194,-0.0035970410880085887,interpolado
0.14284236847369475,-0.003552727452227474,interpolado
0.14294218843768755,-0.0033931097387787873,interpolado
0.143,-0.003243,original
0.14314182836567316,-0.0026963242107913617,interpolado
0.14324164832966593,-0.002188849678168292,interpolado
0.14334146829365874,-0.00161004554783319,interpolado
0.14344128825765154,-0.00098627053458396,interpolado
0.14354110822164431,-0.00034388335321797176,interpolado
0.14364092818563715,0.0002907572814668789,interpolado
0.14374074814962995,0.0008912926546728686,interpolado
0.14384056811362275,0.0014313640516022724,interpolado
0.14394038807761556,0.0018846127574572548,interpolado
0.144,0.002103,original
0.14414002800560116,0.002445521772382662,interpolado
0.14423984796959394,0.002561922554025097,interpolado
0.14433966793358677,0.0025921581926972572,interpolado
0.14443948789757952,0.00255402352759657,interpolado
0.1445393078615723,0.002465313397920421,interpolado
0.14463912782556507,0.0023438226428662205,interpolado
0.1447389477895579,0.002207346101631379,interpolado
0.14483876775355073,0.002073678613413306,interpolado
0.14493858771754345,0.001960615017409438,interpolado
0.145,0.001909,original
0.14513822764552908,0.0018553787090797855,interpolado
0.1452380476095219,0.0018611946922045628,interpolado
0.14533786757351466,0.0018935926766872073,interpolado
0.14543768753750744,0.0019430268104853458,interpolado
0.14553750750150027,0.0019999512415566495,interpolado
0.14563732746549307,0.0020548201178587477,interpolado
0.14573714742948587,0.002098087587349282,interpolado
0.14583696739347865,0.0021202077979858933,interpolado
0.14593678735747145,0.0021116348977262313,interpolado
0.146,0.002086,original
0.14613642728545706,0.0019720551217066234,interpolado
0.14623624724944986,0.0018469517533112468,interpolado
0.14633606721344267,0.0016965172766491357,interpolado
0.14643588717743547,0.0015296047897105857,interpolado
0.14653570714142825,0.001355067390486018,interpolado
0.14663552710542108,0.0011817581769658148,interpolado
0.14673534706941385,0.0010185302471403571,interpolado
0.14683516703340668,0.000874236699000064,interpolado
0.14693498699739949,0.0007577306305352349,interpolado
0.147,0.000701,original
0.1471346269253851,0.0006366051757187735,interpolado
0.1472344468893779,0.0006270901701180873,interpolado
0.14733426685337067,0.0006412076569041784,interpolado
0.14743408681736345,0.0006709642133798325,interpolado
0.14753390678135628,0.0007083664168478249,interpolado
0.14763372674534908,0.0007454208446109319,interpolado
0.14773354670934186,0.0007741340739719293,interpolado
0.14783336667333463,0.0007865126822335932,interpolado
0.14793318663732744,0.0007745632466987083,interpolado
0.148,0.000749,original
0.148132826565313,0.0006556633338950898,interpolado
0.14823264652930587,0.0005663124570857328,interpolado
0.14833246649329865,0.00047975430303429795,interpolado
0.14843228645729142,0.0004133506805261655,interpolado
0.14853210642128423,0.0003844633983467932,interpolado
0.14863192638527706,0.0004104542652816139,interpolado
0.14873174634926986,0.0005086850901160599,interpolado
0.14883156631326264,0.000696517681635498,interpolado
0.14893138627725544,0.0009913138486254604,interpolado
0.149,0.001265,original
0.14913102620524105,0.0019489968606917194,interpolado
0.14923084616923382,0.002569435530306956,interpolado
0.14933066613322665,0.003229791740357971,interpolado
0.14943048609721943,0.003888406379510342,interpolado
0.14953030606121223,0.004503620336429812,interpolado
0.14963012602520506,0.0050337744997821215,interpolado
0.14972994598919784,0.00543720975823292,interpolado
0.14982976595319059,0.005672267000448185,interpolado
0.14992958591718342,0.005697287115093524,interpolado
0.15,0.005566,original
0.15012922584516902,0.004980827512640093,interpolado
0.1502290458091618,0.004263962055606192,interpolado
0.1503288657731546,0.003362359222706872,interpolado
0.1504286857371474,0.0023180072059476213,interpolado
0.15052850570114024,0.001172894197333757,interpolado
0.150628325665133,-3.099161112940843e-05,interpolado
0.15072814562912576,-0.0012516620274362206,interpolado
0.1508279655931186,-0.0024471288595820507,interpolado
0.1509277855571114,-0.003575403915561243,interpolado
0.151,-0.004326,original
0.15112742548509703,-0.005475980224109818,interpolado
0.1512272454490898,-0.006214073000674226,interpolado
0.15132706541308263,-0.0068060210777900485,interpolado
0.15142688537707538,-0.007248930385392585,interpolado
0.1515267053410682,-0.007539906853417369,interpolado
0.15162652530506102,-0.0076760564117999254,interpolado
0.15172634526905382,-0.007654484990475818,interpolado
0.1518261652330466,-0.007472298519380557,interpolado
0.15192598519703943,-0.007126602928449661,interpolado
0.152,-0.006763,original
0.15212562512502495,-0.005941809157439299,interpolado
0.15222544508901778,-0.005129808753171584,interpolado
0.1523252650530106,-0.004201874892734468,interpolado
0.15242508501700336,-0.003181304118324473,interpolado
0.1525249049809962,-0.002091392972138115,interpolado
0.15262472494498897,-0.0009554379963722364,interpolado
0.1527245449089818,0.0002032642667772806,interpolado
0.1528243648729746,0.0013614172751136044,interpolado
0.15292418483696738,0.0024957244864402175,interpolado
0.153,0.003327,original
0.15312382476495298,0.00459957179584949,interpolado
0.15322364472894576,0.005522349305075922,interpolado
0.15332346469293856,0.00632778812677598,interpolado
0.15342328465693136,0.006992454818803625,interpolado
0.1535231046209242,0.007492915939012813,interpolado
0.15362292458491694,0.007805738045257446,interpolado
0.1537227445489098,0.007907487695391666,interpolado
0.15382256451290258,0.007774731447269308,interpolado
0.1539223844768954,0.007384035858744343,interpolado
0.154,0.006887,original
0.154122024404881,0.0057619518221463575,interpolado
0.15422184436887376,0.004591375029774648,interpolado
0.15432166433286656,0.0032651824629849916,interpolado
0.15442148429685937,0.0018481576408124567,interpolado
0.15452130426085214,0.0004050840822921022,interpolado
0.15462112422484495,-0.0009992546935406275,interpolado
0.15472094418883775,-0.0023000751676514643,interpolado
0.15482076415283055,-0.003432593821004948,interpolado
0.15492058411682336,-0.004332027134566014,interpolado
0.155,-0.004838,original
0.15512022404480894,-0.005207628008057121,interpolado
0.15522004400880174,-0.005199338751568627,interpolado
0.15531986397279454,-0.004964737101343806,interpolado
0.15541968393678737,-0.004559664632962113,interpolado
0.15551950390078015,-0.004039962922003158,interpolado
0.15561932386477295,-0.0034614735440460917,interpolado
0.15571914382876575,-0.0028800380746705004,interpolado
0.15581896379275853,-0.0023514980894558364,interpolado
0.15591878375675133,-0.0019316951639815566,interpolado
0.156,-0.001709,original
0.15611842368473697,-0.0016127737811900415,interpolado
0.15621824364872974,-0.0017022813904488568,interpolado
0.15631806361272255,-0.0018969033621846925,interpolado
0.15641788357671535,-0.002148661372076909,interpolado
0.15651770354070813,-0.002409577095804799,interpolado
0.15661752350470093,-0.0026316722090478787,interpolado
0.1567173434686937,-0.002766968387485437,interpolado
0.15681716343268653,-0.0027674873067968344,interpolado
0.15691698339667934,-0.0025852506426614344,interpolado
0.157,-0.00226,original
0.15711662332466492,-0.0015100343025174386,interpolado
0.15721644328865772,-0.0006504024891006805,interpolado
0.15731626325265052,0.0003437562658064913,interpolado
0.1574160832166433,0.0014096709078923444,interpolado
0.1575159031806361,0.0024845703828448576,interpolado
0.1576157231446289,0.003505683636352907,interpolado
0.1577155431086217,0.004410239614104462,interpolado
0.1578153630726145,0.005135467261787794,interpolado
0.1579151830366073,0.005618595525091074,interpolado
0.158,0.005792,original
0.1581148229645929,0.005644751598418548,interpolado
0.1582146429285857,0.005231208656200235,interpolado
0.15831446289257853,0.004640502151771432,interpolado
0.1584142828565713,0.0039568265477532795,interpolado
0.15851410282056413,0.0032643763067663374,interpolado
0.1586139227845569,0.002647345891431733,interpolado
0.15871374274854974,0.0021899297643704213,interpolado
0.1588135627125425,0.0019763223882033536,interpolado
0.1589133826765353,0.0020907182255513993,interpolado
0.159,0.002521,original
0.15911302260452093,0.0035952695681426786,interpolado
0.15921284256851373,0.00494315090563641,interpolado
0.1593126625325065,0.006558960389385125,interpolado
0.15941248249649928,0.00834077443130038,interpolado
0.15951230246049208,0.010186669443295252,interpolado
0.1596121224244849,0.011994721837281334,interpolado
0.15971194238847772,0.013663008025170694,interpolado
0.1598117623524705,0.015089604418875394,interpolado
0.15991158231646324,0.016172587430307254,interpolado
0.16,0.016763,original
0.16011122224444888,0.016937808736536282,interpolado
0.16021104220844165,0.01659879125437441,interpolado
0.16031086217243448,0.015855007193148883,interpolado
0.16041068213642726,0.014768442004226872,interpolado
0.16051050210042006,0.013401081138974567,interpolado
0.16061032206441286,0.01181491004875904,interpolado
0.16071014202840567,0.010071914184947113,interpolado
0.16080996199239847,0.008234078998906118,interpolado
0.16090978195639127,0.006363389942001836,interpolado
0.161,0.004696,original
0.16110942188437688,0.002761240920823521,interpolado
0.16120924184836968,0.0011030723933005652,interpolado
0.16130906181236243,-0.0004369330554928473,interpolado
0.16140888177635526,-0.001843028504861696,interpolado
0.16150870174034807,-0.0030994670341096503,interpolado
0.16160852170434087,-0.004190501722540828,interpolado
0.1617083416683337,-0.00510038564945935,interpolado
0.16180816163232645,-0.005813371894169159,interpolado
0.16190798159631928,-0.006313713535974776,interpolado
0.162,-0.006573,original
0.16210762152430486,-0.006624178493639183,interpolado
0.16220744148829772,-0.006458049788413785,interpolado
0.16230726145229044,-0.006122775778333833,interpolado
0.16240708141628327,-0.005653850626055038,interpolado
0.1625069013802761,-0.005086768494233383,interpolado
0.16260672134426885,-0.0044570235455247695,interpolado
0.1627065413082617,-0.0038001099425851097,interpolado
0.16280636127225448,-0.003151521848070485,interpolado
0.16290618123624725,-0.0025467534246364338,interpolado
0.163,-0.00205,original
0.1631058211642329,-0.0016015655723518522,interpolado
0.1632056411282257,-0.0012836245126343075,interpolado
0.16330546109221844,-0.0010572076788602054,interpolado
0.16340528105621127,-0.0009120487514044596,interpolado
0.16350510102020407,-0.0008378814106421811,interpolado
0.16360492098419685,-0.0008244393369484064,interpolado
0.16370474094818963,-0.0008614562106981563,interpolado
0.16380456091218243,-0.0009386657122664898,interpolado
0.16390438087617523,-0.0010458015220284399,interpolado
0.164,-0.001167,original
0.16410402080416084,-0.001308850808988564,interpolado
0.1642038407681536,-0.0014445853715989178,interpolado
0.1643036607321464,-0.0015698741364560413,interpolado
0.1644034806961392,-0.0016747902276090536,interpolado
0.16450330066013202,-0.0017494067691071129,interpolado
0.16460312062412483,-0.0017837968849993768,interpolado
0.1647029405881176,-0.0017680336993350161,interpolado
0.1648027605521104,-0.001692190336163182,interpolado
0.1649025805161032,-0.0015463399195330295,interpolado
0.165,-0.001327,original
0.16510222044408876,-0.0010104427341093597,interpolado
0.16520204040808162,-0.0006321953115416736,interpolado
0.1653018603720744,-0.0002067963482883773,interpolado
0.1654016803360672,0.00024477118479779563,interpolado
0.16550150030006006,0.0007015243168642109,interpolado
0.16560132026405278,0.0011424800770582317,interpolado
0.1657011402280456,0.0015466554945271196,interpolado
0.1658009601920384,0.0018930675984184665,interpolado
0.1659007801560312,0.002160733417879519,interpolado
0.166,0.002328,original
0.16610042008401682,0.0023832250801675853,interpolado
0.16620024004800957,0.0023395453991039475,interpolado
0.16630006001200237,0.0022198486653360536,interpolado
0.16639987997599523,0.002046352603768666,interpolado
0.166499699939988,0.0018412749393065463,interpolado
0.16659951990398078,0.0016268333968545148,interpolado
0.16669933986797358,0.0014252457013172095,interpolado
0.1667991598319664,0.001258729577599451,interpolado
0.16689897979595922,0.0011495027506060018,interpolado
0.167,0.00112,original
0.1670986197239448,0.001183009635603757,interpolado
0.16719843968793757,0.0013162194590750358,interpolado
0.1672982596519304,0.0014870141281285467,interpolado
0.1673980796159232,0.0016629953394132085,interpolado
0.16749789957991598,0.0018117647895779412,interpolado
0.16759771954390879,0.0019009241752716512,interpolado
0.16769753950790156,0.001898075193143316,interpolado
0.1677973594718944,0.00177081953984182,interpolado
0.16789717943588717,0.0014867589120160821,interpolado
0.168,0.000996,original
0.16809681936387277,0.0003327832032420747,interpolado
0.16819663932786558,-0.0005116606266117946,interpolado
0.16829645929185838,-0.001459170226912259,interpolado
0.16839627925585118,-0.0024490789200098933,interpolado
0.16849609921984396,-0.0034207200282552804,interpolado
0.1685959191838368,-0.004313426873998766,interpolado
0.16869573914782957,-0.005066532779591439,interpolado
0.1687955591118224,-0.005619371067383616,interpolado
0.1688953790758152,-0.005911275059725878,interpolado
0.169,-0.005871,original
0.1690950190038008,-0.005487710302078276,interpolado
0.16919483896779358,-0.00477074126516296,interpolado
0.16929465893178638,-0.0037958872958654428,interpolado
0.1693944788957792,-0.0026283670561246123,interpolado
0.16949429885977196,-0.001333399207879733,interpolado
0.16959411882376477,2.379758693103897e-05,interpolado
0.1696939387877576,0.001378004666368465,interpolado
0.1697937587517504,0.0026640033684936512,interpolado
0.16989357871574312,0.003816575031367708,interpolado
0.17,0.004825,original
0.17009321864372873,0.005471664696765203,interpolado
0.17019303860772153,0.00592013040687159,interpolado
0.17029285857171436,0.006132465568794837,interpolado
0.17039267853570716,0.006125241570619819,interpolado
0.17049249849969994,0.005915029800431505,interpolado
0.17059231846369274,0.005518401646314652,interpolado
0.17069213842768555,0.004951928496354173,interpolado
0.17079195839167835,0.0042321817386349455,interpolado
0.17089177835567113,0.0033757327612418493,interpolado
0.171,0.002312,original
0.17109141828365676,0.0013218568508391207,interpolado
0.17119123824764956,0.00017791344581862464,interpolado
0.17129105821164234,-0.0009939003489371127,interpolado
0.17139087817563514,-0.0021548054125796637,interpolado
0.17149069813962792,-0.003266022624260299,interpolado
0.17159051810362075,-0.004288772863131216,interpolado
0.1716903380676135,-0.0051842770083436645,interpolado
0.1717901580316063,-0.005913755939049216,interpolado
0.1718899779955991,-0.006438430534399326,interpolado
0.172,-0.006733,original
0.1720896179235847,-0.006727352237768379,interpolado
0.17218943788757748,-0.006481808267962061,interpolado
0.1722892578515703,-0.006019563987910011,interpolado
0.17238907781556306,-0.0053773070494600285,interpolado
0.1724888977795559,-0.00459172510445935,interpolado
0.17258871774354867,-0.003699505804755728,interpolado
0.17268853770754145,-0.0027373368021967703,interpolado
0.1727883576715343,-0.0017419057486300752,interpolado
0.17288817763552702,-0.0007499002959035179,interpolado
0.173,0.000312,original
0.17308781756351269,0.0010799395006568782,interpolado
0.17318763752750552,0.0018665483648150774,interpolado
0.1732874574914983,0.0025502923983259577,interpolado
0.1733872774554911,0.003119652795198799,interpolado
0.1734870974194839,0.0035631107494433385,interpolado
0.17358691738347673,0.0038691474550688236,interpolado
0.1736867373474695,0.004026244106084672,interpolado
0.1737865573114623,0.004022881896500308,interpolado
0.17388637727545506,0.003847542020325222,interpolado
0.174,0.003424,original
0.17408601720344072,0.002940345732650828,interpolado
0.17418583716743352,0.002229847658034105,interpolado
0.1742856571314263,0.0013971635692339567,interpolado
0.17438547709541907,0.0004822682784607818,interpolado
0.17448529705941188,-0.00047486340207579476,interpolado
0.17458511702340473,-0.0014342566601653938,interpolado
0.17468493698739748,-0.0023559366835978718,interpolado
0.17478475695139026,-0.0031999286601628735,interpolado
0.17488457691538306,-0.003926257777650738,interpolado
0.175,-0.004567,original
0.17508421684336867,-0.004872570902363685,interpolado
0.17518403680736147,-0.0050677969825637355,interpolado
0.1752838567713543,-0.005105978961002914,interpolado
0.17538367673534705,-0.005012509944028016,interpolado
0.17548349669933988,-0.004812783037985798,interpolado
0.1755833166633327,-0.004532191349223036,interpolado
0.1756831366273255,-0.004196127984086517,interpolado
0.17578295659131826,-0.003829986048923127,interpolado
0.17588277655531107,-0.003459158650079435,interpolado
0.176,-0.003052,original
0.1760824164832967,-0.0028020299063299743,interpolado
0.17618223644728948,-0.002540170234218282,interpolado
0.17628205641128225,-0.002317007650298216,interpolado
0.17638187637527503,-0.0021260617736670834,interpolado
0.17648169633926786,-0.0019608522234223795,interpolado
0.17658151630326066,-0.0018148986186615344,interpolado
0.17668133626725346,-0.0016817205784819753,interpolado
0.17678115623124624,-0.0015548377219811668,interpolado
0.17688097619523904,-0.0014277696682564694,interpolado
0.177,-0.001267,original
0.17708061612322462,-0.0011481044620635752,interpolado
0.17718043608721745,-0.0009912801995453943,interpolado
0.17728025605121023,-0.000827868310146559,interpolado
0.177380076015203,-0.0006621866700406409,interpolado
0.17747989597919578,-0.0004985531554013493,interpolado
0.1775797159431886,-0.00034128564240234864,interpolado
0.17767953590718139,-0.00019470200721734168,interpolado
0.1777793558711742,-6.312012601990991e-05,interpolado
0.177879175835167,4.914212501623974e-05,interpolado
0.178,0.000153,original
0.17807881576315263,0.00019916711129311254,interpolado
0.17817863572714537,0.00023534198002184004,interpolado
0.1782784556911382,0.00025086837617460233,interpolado
0.178378275655131,0.00025033703329519077,interpolado
0.17847809561912384,0.0002383386849274101,interpolado
0.17857791558311664,0.0002194640646150652,interpolado
0.1786777355471094,0.00019830390590196639,interpolado
0.17877755551110222,0.0001794489423319059,interpolado
0.17887737547509502,0.00016748990744869393,interpolado
0.179,0.000169,original
0.1790770154030806,0.0001827944080779759,interpolado
0.17917683536707338,0.0002209760035472513,interpolado
0.1792766553310662,0.00028839361543071996,interpolado
0.179376475295059,0.0003918829994695864,interpolado
0.17947629525905184,0.0005382799114050623,interpolado
0.17957611522304462,0.0007344201069783597,interpolado
0.1796759351870374,0.0009871393419306116,interpolado
0.1797757551510302,0.001303273372003168,interpolado
0.179875575115023,0.001689657952937179,interpolado
0.18,0.00228,original
0.1800752150430086,0.0026975650572665867,interpolado
0.18017503500700136,0.0033014099934019,interpolado
0.1802748549709942,0.0039301360193632374,interpolado
0.18037467493498696,0.004549112000015965,interpolado
0.18047449489897982,0.0051237068002256215,interpolado
0.18057431486297257,0.005619289284857609,interpolado
0.1806741348269654,0.006001228318777749,interpolado
0.1807739547909582,0.006234892766851421,interpolado
0.18087377475495103,0.006285651493944157,interpolado
0.181,0.006034,original
0.18107341468293658,0.005705807605580135,interpolado
0.18117323464692933,0.005071442845318274,interpolado
0.18127305461092216,0.004269561079075389,interpolado
0.181372874574915,0.0033542179090303437,interpolado
0.1814726945389078,0.002379468937362011,interpolado
0.18157251450290057,0.001399369766249525,interpolado
0.1816723344668934,0.0004679759978711988,interpolado
0.18177215443088618,-0.0003606567655938265,interpolado
0.18187197439487898,-0.001032472921966682,interpolado
0.182,-0.001578,original
0.18207161432286456,-0.0016951818388118024,interpolado
0.18217143428685736,-0.0016453287026354424,interpolado
0.18227125425085017,-0.0013828585257106246,interpolado
0.18237107421484292,-0.0009471236003211726,interpolado
0.18247089417883575,-0.00037747621875091047,interpolado
0.1825707141428285,0.00028673132671614505,interpolado
0.18267053410682133,0.0010061467437965474,interpolado
0.1827703540708141,0.001741417740206299,interpolado
0.18287017403480693,0.0024531920236615773,interpolado
0.183,0.003279,original
0.1830698139627925,0.0036511099593186987,interpolado
0.1831696339267853,0.0040865566449441015,interpolado
0.18326945389077812,0.004408712678910573,interpolado
0.1833692738547709,0.004618013504765636,interpolado
0.18346909381876367,0.004714894566056802,interpolado
0.1835689137827565,0.0046997913063316485,interpolado
0.18366873374674933,0.004573139169137657,interpolado
0.18376855371074213,0.00433537359802235,interpolado
0.1838683736747349,0.003986930036533251,interpolado
0.184,0.003359,original
0.18406801360272054,0.0029614866147796254,interpolado
0.18416783356671332,0.002307969796142742,interpolado
0.18426765353070615,0.0016008774893936236,interpolado
0.18436747349469892,0.0008735712445251565,interpolado
0.18446729345869176,0.00015941261153042325,interpolado
0.18456711342268456,-0.000508236859598095,interpolado
0.18466693338667733,-0.0010960156188673075,interpolado
0.18476675335067017,-0.0015705621162843291,interpolado
0.18486657331466294,-0.001898514801856271,interpolado
0.185,-0.00205,original
0.18506621324264852,-0.0019850290200704233,interpolado
0.18516603320664132,-0.0017296844794290301,interpolado
0.18526585317063415,-0.0013254835686795992,interpolado
0.18536567313462696,-0.0008179329754347654,interpolado
0.18546549309861976,-0.00025253938730732155,interpolado
0.18556531306261254,0.000325190508090424,interpolado
0.18566513302660534,0.0008697500231456864,interpolado
0.18576495299059811,0.001335632470245832,interpolado
0.18586477295459095,0.0016773311617782286,interpolado
0.186,0.001861,original
0.1860644128825765,0.0018104231657744784,interpolado
0.1861642328465693,0.0015730781597013924,interpolado
0.18626405281056213,0.0011864952979574969,interpolado
0.18636387277455488,0.0007005751432632878,interpolado
0.18646369273854768,0.00016521825833883707,interpolado
0.1865635127025405,-0.000369674794095379,interpolado
0.1866633326665333,-0.0008542034513190091,interpolado
0.1867631526305261,-0.0012384671506117002,interpolado
0.18686297259451887,-0.00147256532925306,interpolado
0.187,-0.001458,original
0.1870626125225045,-0.0012947993072584263,interpolado
0.18716243248649728,-0.0008470817200012832,interpolado
0.18726225245049008,-0.00021324086027509897,interpolado
0.18736207241448286,0.0005560590501171471,interpolado
0.18746189237847566,0.0014101537893731475,interpolado
0.18756171234246843,0.0022983791356899538,interpolado
0.18766153230646127,0.003170070867264816,interpolado
0.187761352270454,0.003974564762294987,interpolado
0.18786117223444687,0.004661196598977551,interpolado
0.188,0.005325,original
0.18806081216243245,0.005481067743854645,interpolado
0.18816063212642525,0.005559812944706261,interpolado
0.18826045209041806,0.005439762390088827,interpolado
0.18836027205441086,0.005145893043572796,interpolado
0.18846009201840364,0.004703181868728345,interpolado
0.18855991198239644,0.0041366058291258815,interpolado
0.18865973194638924,0.00347114188833575,interpolado
0.18875955191038207,0.0027317670099283008,interpolado
0.1888593718743748,0.0019434581574741027,interpolado
0.189,0.000798,original
0.18905901180236043,0.0003196354284147664,interpolado
0.1891588317663532,-0.0004713657095230084,interpolado
0.18925865173034603,-0.0012257612922512097,interpolado
0.18935847169433884,-0.0019276043236904593,interpolado
0.18945829165833164,-0.0025609478077607407,interpolado
0.1895581116223244,-0.0031098447483822542,interpolado
0.18965793158631722,-0.003558348149475201,interpolado
0.18975775155031005,-0.0038905110149597038,interpolado
0.18985757151430283,-0.004090386348756151,interpolado
0.19,-0.004115,original
0.19005721144228843,-0.00403106048117901,interpolado
0.19015703140628126,-0.0037693654608291238,interpolado
0.190256851370274,-0.0033905065202946795,interpolado
0.1903566713342668,-0.0029286983021141566,interpolado
0.19045649129825962,-0.0024181554488263415,interpolado
0.1905563112622524,-0.0018930926029699338,interpolado
0.19065613122624522,-0.0013877244070836295,interpolado
0.19075595119023803,-0.000936265503706241,interpolado
0.19085577115423086,-0.0005729305353762061,interpolado
0.191,-0.000273,original
0.1910554110822164,-0.00024575280226858025,interpolado
0.1911552310462092,-0.0003156002543750785,interpolado
0.19125505101020196,-0.0005156173092320714,interpolado
0.19135487097419485,-0.0008190500032915173,interpolado
0.1914546909381876,-0.0011991443730052169,interpolado
0.19155451090218045,-0.0016291464548250098,interpolado
0.19165433086617326,-0.002082302285202609,interpolado
0.191754150830166,-0.0025318579005901114,interpolado
0.19185397079415886,-0.002951059337439235,interpolado
0.192,-0.003454,original
0.1920536107221444,-0.0035920929841846325,interpolado
0.19215343068613722,-0.00377562264114853,interpolado
0.19225325065013008,-0.0038639994534535233,interpolado
0.19235307061412282,-0.003857935398683003,interpolado
0.19245289057811563,-0.0037581424544204283,interpolado
0.19255271054210846,-0.003565332598249254,interpolado
0.19265253050610123,-0.0032802178077530287,interpolado
0.19275235047009406,-0.0029035100605150493,interpolado
0.1928521704340868,-0.0024359213341188382,interpolado
0.193,-0.001578,original
0.19305181036207245,-0.0012317311015574831,interpolado
0.19315163032606528,-0.0005145979199501459,interpolado
0.193251450290058,0.0002395805194282011,interpolado
0.19335127025405083,0.0009965263844876591,interpolado
0.19345109021804363,0.0017219618431385199,interpolado
0.19355091018203638,0.002381609063291075,interpolado
0.1936507301460292,0.00294119021285548,interpolado
0.193750550110022,0.003366427459742343,interpolado
0.1938503700740148,0.0036230429718617876,interpolado
0.194,0.003617,original
0.1940500100020004,0.0034949628380299036,interpolado
0.1941498299659932,0.003083166271908736,interpolado
0.194249649929986,0.002484905227813263,interpolado
0.19434946989397883,0.0017453611847230992,interpolado
0.1944492898579716,0.0009097156216177634,interpolado
0.19454910982196438,2.3150017477032327e-05,interpolado
0.19464892978595721,-0.0008691541487200746,interpolado
0.19474874974995002,-0.0017220153979937895,interpolado
0.1948485697139428,-0.002490252251364588,interpolado
0.19494838967793562,-0.003128683229852948,interpolado
0.195,-0.003393,original
0.1951480296059212,-0.0038717035640325483,interpolado
0.19524784956991403,-0.003983717784135108,interpolado
0.19534766953390686,-0.003951028287747152,interpolado
0.1954474894978996,-0.003795239882475672,interpolado
0.19554730946189236,-0.003537957375927744,interpolado
0.19564712942588516,-0.0032007855757102085,interpolado
0.195746949389878,-0.0028053292894301154,interpolado
0.1958467693538708,-0.0023731933246944536,interpolado
0.1959465893178636,-0.0019259824891102143,interpolado
0.196,-0.001688,original
0.19614622924584918,-0.0010663000127469455,interpolado
0.19624604920984193,-0.0006791958031957239,interpolado
0.19634586917383476,-0.0003330669853160284,interpolado
0.1964456891378276,-3.719794802703055e-05,interpolado
0.19654550910182036,0.0001991269197520416,interpolado
0.19664532906581317,0.0003666232291021505,interpolado
0.19674514902980603,0.0004560065911040497,interpolado
0.1968449689937988,0.0004579926168385677,interpolado
0.1969447889577916,0.00036329691738653364,interpolado
0.197,0.000266,original
0.1971444288857772,-0.00013233487978392012,interpolado
0.19724424884977002,-0.0004924358466927716,interpolado
0.1973440688137628,-0.0008848524880001633,interpolado
0.1974438887777556,-0.0012773865557489273,interpolado
0.19754370874174837,-0.0016378398019822285,interpolado
0.19764352870574114,-0.0019340139787428954,interpolado
0.19774334866973398,-0.002133710838073866,interpolado
0.19784316863372675,-0.0022047321320180792,interpolado
0.19794298859771955,-0.002114879612618524,interpolado
0.198,-0.001979,original
0.19814262852570516,-0.0013614634812711757,interpolado
0.198242448489698,-0.0007432873577682197,interpolado
0.19834226845369077,-2.379467364902758e-05,interpolado
0.19844208841768354,0.0007516659774315684,interpolado
0.19854190838167632,0.0015377460018193955,interpolado
0.19864172834566915,0.002289096805859635,interpolado
0.19874154830966195,0.0029603697958976707,interpolado
0.1988413682736547,0.0035062163782788912,interpolado
0.19894118823764753,0.0038812879593486125,interpolado
0.199,0.004004,original
0.1991408281656331,0.003973732526183174,interpolado
0.19924064812962589,0.003708101510086636,interpolado
0.19934046809361874,0.003275847779124003,interpolado
0.19944028805761152,0.0027085868160089295,interpolado
0.19954010802160432,0.002037934103454574,interpolado
0.1996399279855971,0.0012955051241745565,interpolado
0.1997397479495899,0.0005129153608823567,interpolado
0.19983956791358273,-0.00027821970370854425,interpolado
0.1999393878775755,-0.0010462845868844618,interpolado
0.2,-0.001488,original
0.2001390278055611,-0.0023977567826420007,interpolado
0.20023884776955392,-0.0029517553945488757,interpolado
0.20033866773354672,-0.003414752496184238,interpolado
0.20043848769753958,-0.0037795938865741023,interpolado
0.20053830766153233,-0.0040391253647440815,interpolado
0.20063812762552516,-0.0041861927297199295,interpolado
0.20073794758951796,-0.004213641780527402,interpolado
0.20083776755351074,-0.004114318316192302,interpolado
0.2009375875175035,-0.003881068135740328,interpolado
0.201,-0.003664,original
0.20113722744548912,-0.003003851842877514,interpolado
0.20123704740948192,-0.002407660210036462,interpolado
0.2013368673734747,-0.0017568559957994695,interpolado
0.2014366873374675,-0.0010897343986604763,interpolado
0.2015365073014603,-0.0004445906171139664,interpolado
0.20163632726545314,0.0001402801503457504,interpolado
0.20173614722944594,0.0006265827052243633,interpolado
0.20183596719343871,0.0009760218490274892,interpolado
0.2019357871574315,0.0011503023832610203,interpolado
0.202,0.001152,original
0.20213542708541707,0.0008579998819497103,interpolado
0.20223524704940987,0.0004373327987422177,interpolado
0.20233506701340265,-9.767769926259578e-05,interpolado
0.20243488697739548,-0.00069452409084338,interpolado
0.20253470694138828,-0.001300698854778343,interpolado
0.20263452690538108,-0.0018636944698458256,interpolado
0.2027343468693739,-0.0023310034148241727,interpolado
0.20283416683336672,-0.0026501181684916624,interpolado
0.2029339867973595,-0.0027685312096268257,interpolado
0.203,-0.002711,original
0.20313362672534507,-0.0022333204487140837,interpolado
0.20323344668933782,-0.0016082859776348696,interpolado
0.20333326665333062,-0.0008070617122181709,interpolado
0.2034330866173234,0.0001225715572427201,interpolado
0.20353290658131623,0.0011328330404546552,interpolado
0.203632726545309,0.002175941947124484,interpolado
0.20373254650930178,0.0032041174869587826,interpolado
0.20383236647329459,0.004169578869664983,interpolado
0.20393218643728733,0.005024545304949646,interpolado
0.204,0.005518,original
0.204131826365273,0.006234732172323891,interpolado
0.20423164632926571,0.006572713278943589,interpolado
0.20433146629325855,0.0067472797262378426,interpolado
0.20443128625725135,0.006770204714574017,interpolado
0.2045311062212442,0.00665326144431959,interpolado
0.20463092618523698,0.006408223115842048,interpolado
0.20473074614922976,0.006046862929508987,interpolado
0.20483056611322262,0.005580954085687687,interpolado
0.2049303860772154,0.0050222697847457105,interpolado
0.205,0.004584,original
0.20513002600520103,0.0036790940528718887,interpolado
0.2052298459691938,0.002937269474147117,interpolado
0.2053296659331866,0.002183681572332746,interpolado
0.2054294858971794,0.0014448343980559151,interpolado
0.20552930586117227,0.0007472320019435608,interpolado
0.20562912582516507,0.00011737843462262187,interpolado
0.2057289457891578,-0.0004182222532798311,interpolado
0.20582876575315065,-0.0008330660111371651,interpolado
0.20592858571714343,-0.0011006487883222793,interpolado
0.206,-0.001187,original
0.20612822564512903,-0.0011108461377254482,interpolado
0.20622804560912178,-0.0008832200692893606,interpolado
0.20632786557311455,-0.0005499577872864399,interpolado
0.2064276855371074,-0.00014918054270111333,interpolado
0.2065275055011002,0.0002809904134821965,interpolado
0.20662732546509296,0.000702433830278951,interpolado
0.20672714542908577,0.0010770284567049669,interpolado
0.20682696539307854,0.0013666530417757,interpolado
0.20692678535707132,0.0015331863345067255,interpolado
0.207,0.001555,original
0.20712642528505693,0.0013719384223595315,interpolado
0.20722624524904976,0.001070311944853276,interpolado
0.20732606521304253,0.000676812568682194,interpolado
0.20742588517703534,0.0002343694366803188,interpolado
0.2075257051410282,-0.00021408830831831852,interpolado
0.207625525105021,-0.0006256315234795802,interpolado
0.20772534506901377,-0.0009573310659696722,interpolado
0.20782516503300655,-0.001166257792954442,interpolado
0.2079249849969994,-0.0012094825615998586,interpolado
0.208,-0.001107,original
0.20812462492498496,-0.0006563975853756435,interpolado
0.2082244448889778,-8.673522909527112e-05,interpolado
0.2083242648529706,0.0006173111857316301,interpolado
0.20842408481696337,0.0014083729400020683,interpolado
0.2085239047809562,0.0022390813146130504,interpolado
0.20862372474494895,0.0030620675904613603,interpolado
0.2087235447089417,0.0038299630484444685,interpolado
0.20882336467293455,0.004495398969459157,interpolado
0.20892318463692733,0.0050110066344024266,interpolado
0.209,0.005276,original
0.2091228245649129,0.005422779571401044,interpolado
0.20922264452890574,0.005301424529738027,interpolado
0.20932246449289854,0.0049809705661330314,interpolado
0.20942228445689137,0.004476907812390668,interpolado
0.2095221044208841,0.003804726400315746,interpolado
0.20962192438487698,0.0029799164617125016,interpolado
0.20972174434886978,0.0020179681283857024,interpolado
0.20982156431286259,0.0009343715321399543,interpolado
0.20992138427685536,-0.000255383195220134,interpolado
0.21,-0.001257,original
0.21012102420484097,-0.002878934036112334,interpolado
0.21022084416883377,-0.004230907986462038,interpolado
0.21032066413282655,-0.005534181168204177,interpolado
0.21042048409681935,-0.006731274058339185,interpolado
0.21052030406081212,-0.007764707133867234,interpolado
0.21062012402480496,-0.008577000871789342,interpolado
0.21071994398879773,-0.009110675749105623,interpolado
0.21081976395279056,-0.00930825224281652,interpolado
0.2109195839167834,-0.009112250829922456,interpolado
0.211,-0.008629,original
0.21111922384476897,-0.007356410092354564,interpolado
0.21121904380876175,-0.0058783048885939475,interpolado
0.21131886377275455,-0.004138448659514055,interpolado
0.21141868373674735,-0.002244211874506811,interpolado
0.21151850370074013,-0.00030296500296467753,interpolado
0.21161832366473296,0.001577921485721528,interpolado
0.21171814362872574,0.0032910771221593355,interpolado
0.21181796359271857,0.004729131436956829,interpolado
0.21191778355671134,0.005784713960721849,interpolado
0.212,0.006291,original
0.21211742348469695,0.006374280273188716,interpolado
0.21221724344868975,0.005933103920620837,interpolado
0.21231706341268256,0.0051235634801941946,interpolado
0.21241688337667528,0.00404211095101611,interpolado
0.2125167033406681,0.0027851983321929685,interpolado
0.21261652330466088,0.001449277622832026,interpolado
0.21271634326865368,0.00013080082204028695,interpolado
0.2128161632326465,-0.001073780071075251,interpolado
0.2129159831966392,-0.002068013057407353,interpolado
0.213,-0.002671,original
0.21311562312462484,-0.003080351584227808,interpolado
0.21321544308861767,-0.0030875659345511613,interpolado
0.21331526305261045,-0.002837966563419281,interpolado
0.21341508301660325,-0.002392326865129414,interpolado
0.21351490298059606,-0.001811420233978388,interpolado
0.21361472294458886,-0.001156020064263401,interpolado
0.2137145429085817,-0.00048689975028154875,interpolado
0.2138143628725745,0.00013516731367007527,interpolado
0.21391418283656732,0.0006494077332942522,interpolado
0.214,0.000959,original
0.21411382276455287,0.0011345503709005152,interpolado
0.21421364272854573,0.0010910826493554927,interpolado
0.2143134626925385,0.0008979444049444607,interpolado
0.21441328265653128,0.0005883918310353933,interpolado
0.21451310262052412,0.00019568112099598684,interpolado
0.21461292258451692,-0.000246931531805814,interpolado
0.2147127425485097,-0.000706189934002133,interpolado
0.21481256251250247,-0.0011488378922249784,interpolado
0.2149123824764953,-0.0015416192131067275,interpolado
0.215,-0.001819,original
0.2151120224044809,-0.00205628539872894,interpolado
0.21521184236847374,-0.0021675165862376495,interpolado
0.21531166233246643,-0.0022015178384284227,interpolado
0.21541148229645926,-0.0021748205693667313,interpolado
0.21551130226045204,-0.0021039561931180117,interpolado
0.21561112222444484,-0.002005456123747721,interpolado
0.21571094218843767,-0.0018958517753213137,interpolado
0.21581076215243045,-0.0017916745619042732,interpolado
0.21591058211642322,-0.0017094558975619934,interpolado
0.216,-0.001668,original
0.2161102220444088,-0.0016707180313812807,interpolado
0.2162100420084017,-0.0017162558965227602,interpolado
0.21630986197239443,-0.0017907824843055816,interpolado
0.21640968193638727,-0.00188274478416198,interpolado
0.21650950190038004,-0.001980589785524129,interpolado
0.21660932186437284,-0.00207276447782422,interpolado
0.2167091418283657,-0.0021477158504944424,interpolado
0.21680896179235848,-0.00219389089296698,interpolado
0.21690878175635125,-0.002199736594674052,interpolado
0.217,-0.00216,original
0.21710842168433686,-0.0020444095850810427,interpolado
0.21720824164832966,-0.0018610545937250472,interpolado
0.2173080616123224,-0.0015929325899804387,interpolado
0.2174078815763153,-0.001229341102139361,interpolado
0.21750770154030805,-0.0007595776584941644,interpolado
0.21760752150430082,-0.00017293978733713808,interpolado
0.2177073414682936,0.0005412749830392111,interpolado
0.21780716143228643,0.0013937691243429895,interpolado
0.2179069813962792,0.0023952451082817267,interpolado
0.218,0.003472,original
0.2181066213242649,0.004874685022316368,interpolado
0.21820644128825759,0.0063042845654287406,interpolado
0.21830626125225044,0.007790581085632051,interpolado
0.21840608121624325,0.009278955076498703,interpolado
0.21850590118023605,0.01071478703160148,interpolado
0.21860572114422885,0.012043457444513165,interpolado
0.21870554110822166,0.013210346808806245,interpolado
0.2188053610722144,0.014160835618054167,interpolado
0.21890518103620726,0.01484030436582937,interpolado
0.219,0.015185,original
0.21910482096419284,0.015186995503858393,interpolado
0.21920464092818565,0.014849946424983279,interpolado
0.21930446089217845,0.014228330443077943,interpolado
0.21940428085617125,0.01336748959706375,interpolado
0.21950410082016406,0.012312765925862,interpolado
0.21960392078415683,0.011109501468394012,interpolado
0.21970374074814966,0.009803038263581464,interpolado
0.2198035607121424,0.008438718350344935,interpolado
0.2199033806761352,0.007061883767606084,interpolado
0.22,0.00576,original
0.22010302060412076,0.0044488348603070015,interpolado
0.22020284056811365,0.0032852572805414895,interpolado
0.2203026605321064,0.0022549990255386287,interpolado
0.22040248049609926,0.0013859154019231724,interpolado
0.22050230046009206,0.0007058617163198764,interpolado
0.2206021204240848,0.00024269327535359007,interpolado
0.22070194038807767,2.4265385648804217e-05,interpolado
0.22080176035207044,7.843335383043298e-05,interpolado
0.22090158031606327,0.00043305248652323073,interpolado
0.221,0.001104,original
0.22110122024404882,0.0021340427404426877,interpolado
0.22120104020804165,0.003413453941305494,interpolado
0.22130086017203446,0.004861093378596519,interpolado
0.22140068013602723,0.006383842793630674,interpolado
0.22150050010002004,0.007888583927722872,interpolado
0.2216003200640128,0.009282198522187663,interpolado
0.22170014002800562,0.010471568318340747,interpolado
0.22179995999199842,0.011363575057496642,interpolado
0.22189977995599125,0.011865100480970255,interpolado
0.222,0.011882,original
0.2220994198839768,0.011356878038627428,interpolado
0.2221992398479696,0.010358335339662704,interpolado
0.2222990598119624,0.008992516188396665,interpolado
0.2223988797759552,0.007364538542170847,interpolado
0.222498699739948,0.005579520358326777,interpolado
0.2225985197039408,0.0037425795942065024,interpolado
0.22269833966793356,0.0019588342071505025,interpolado
0.2227981596319264,0.0003334021545008248,interpolado
0.2228979795959192,-0.001028598606401001,interpolado
0.223,-0.002039,original
0.22309761952390475,-0.0025689614373252015,interpolado
0.2231974394878976,-0.002707270319346754,interpolado
0.22329725945189036,-0.0025058769912970126,interpolado
0.22339707941588313,-0.002033681990880322,interpolado
0.2234968993798759,-0.001359585855801231,interpolado
0.22359671934386877,-0.0005524891237636885,interpolado
0.22369653930786154,0.0003187076675278041,interpolado
0.22379635927185434,0.0011851039803689042,interpolado
0.22389617923584715,0.0019777992770552734,interpolado
0.224,0.00265,original
0.2240958191638327,0.003079987643325044,interpolado
0.22419563912782553,0.003339605278392937,interpolado
0.2242954590918183,0.003429440238157721,interpolado
0.2243952790558112,0.003372187818598907,interpolado
0.2244950990198039,0.0031905433156960705,interpolado
0.22459491898379677,0.0029072020254286186,interpolado
0.22469473894778955,0.0025448592437760935,interpolado
0.22479455891178235,0.0021262102667180087,interpolado
0.22489437887577518,0.0016739503902338728,interpolado
0.225,0.001184,original
0.22509401880376073,0.0007573757194742183,interpolado
0.22519383876775353,0.00032490149132456274,interpolado
0.22529365873174637,-7.833759914809232e-05,interpolado
0.22539347869573917,-0.00044403184756452123,interpolado
0.2254932986597319,-0.0007638715495454175,interpolado
0.22559311862372475,-0.0010295470007117356,interpolado
0.22569293858771755,-0.0012327484966841546,interpolado
0.22579275855171033,-0.001365166333083449,interpolado
0.2258925785157031,-0.0014184908055303912,interpolado
0.226,-0.001378,original
0.22609221844368874,-0.001257452244851507,interpolado
0.22619203840768157,-0.0010463759359337881,interpolado
0.22629185837167434,-0.000764417261761514,interpolado
0.22639167833566715,-0.00042481178700882067,interpolado
0.22649149829965998,-4.079507634955154e-05,interpolado
0.22659131826365272,0.0003743973055421716,interpolado
0.22669113822764558,0.0008075297939923144,interpolado
0.22679095819163833,0.0012453668243268406,interpolado
0.22689077815563113,0.0016746728318716001,interpolado
0.227,0.002119,original
0.22709041808361677,0.0024548175020427413,interpolado
0.22719023804760957,0.0027796822421793117,interpolado
0.22729005801160235,0.003044119654449196,interpolado
0.22738987797559512,0.0032354429973706776,interpolado
0.22748969793958793,0.0033409655294621876,interpolado
0.22758951790358076,0.0033480005092419857,interpolado
0.2276893378675735,0.003243861195228392,interpolado
0.22778915783156636,0.0030158608459397314,interpolado
0.2278889777955591,0.002651312719894447,interpolado
0.228,0.00207,original
0.22808861772354472,0.0014674843653782505,interpolado
0.22818843768753755,0.0006659168275790227,interpolado
0.22828825765153035,-0.0002313508504461219,interpolado
0.22838807761552307,-0.001188485551764252,interpolado
0.22848789757951588,-0.0021696541594432494,interpolado
0.2285877175435087,-0.003139023556550197,interpolado
0.2286875375075015,-0.004060760626152431,interpolado
0.2287873574714943,-0.004899032251317081,interpolado
0.2288871774354871,-0.005618005315111955,interpolado
0.229,-0.006242,original
0.22908681736347272,-0.006559841649420404,interpolado
0.2291866373274655,-0.00675165378287941,interpolado
0.22928645729145827,-0.006768111021826034,interpolado
0.22938627725545108,-0.006620058482081681,interpolado
0.22948609721944388,-0.006318341279467721,interpolado
0.22958591718343668,-0.005873804529805551,interpolado
0.22968573714742951,-0.005297293348916569,interpolado
0.22978555711142226,-0.004599652852622381,interpolado
0.22988537707541506,-0.003791728156743998,interpolado
0.23,-0.002742,original
0.23008501700340067,-0.0018913512665620744,interpolado
0.2301848369673935,-0.0008449608639036972,interpolado
0.23028465693138625,0.00021538043064401057,interpolado
0.23038447689537903,0.001250230672948569,interpolado
0.23048429685937188,0.002220147918876605,interpolado
0.2305841168233647,0.003085690224295044,interpolado
0.2306839367873575,0.003807415645070808,interpolado
0.23078375675135032,0.0043458822370707,interpolado
0.23088357671534304,0.004661648056161949,interpolado
0.231,0.004696,original
0.2310832166433287,0.004476472255557118,interpolado
0.23118303660732156,0.003975821452346143,interpolado
0.2312828565713143,0.0032686883177779065,interpolado
0.23138267653530709,0.0024105151949579727,interpolado
0.2314824964992999,0.0014567444269924837,interpolado
0.23158231646329266,0.00046281835698741016,interpolado
0.2316821364272855,-0.0005158206719510156,interpolado
0.23178195639127827,-0.0014237303167173767,interpolado
0.23188177635527107,-0.00220546823420543,interpolado
0.232,-0.002892,original
0.2320814162832567,-0.003176913389245126,interpolado
0.23218123624724943,-0.0033302738453691734,interpolado
0.2322810562112423,-0.0033014056614018446,interpolado
0.232380876175235,-0.0031261363809321945,interpolado
0.23248069613922784,-0.0028402935475493455,interpolado
0.2325805161032206,-0.0024797047048424237,interpolado
0.23268033606721336,-0.002080197396400667,interpolado
0.23278015603120622,-0.0016775991658129676,interpolado
0.23287997599519897,-0.0013077375566685591,interpolado
0.233,-0.000957,original
0.23307961592318466,-0.0008054281285456706,interpolado
0.23317943588717743,-0.000705839723933782,interpolado
0.23327925585117018,-0.00069501287743637,interpolado
0.23337907581516304,-0.0007602184619570423,interpolado
0.23347889577915582,-0.0008887273503993649,interpolado
0.2335787157431486,-0.0010678104156669043,interpolado
0.23367853570714142,-0.0012847385306631626,interpolado
0.23377835567113422,-0.0015267825682918294,interpolado
0.23387817563512708,-0.0017812134014564154,interpolado
0.234,-0.00209,original
0.23407781556311266,-0.0022771074792708,interpolado
0.23417763552710544,-0.0025009155602898057,interpolado
0.2342774554910982,-0.0027039659373402115,interpolado
0.23437727545509104,-0.002883516231559408,interpolado
0.23447709541908385,-0.0030368240640848473,interpolado
0.2345769153830766,-0.0031611470560539553,interpolado
0.23467673534706934,-0.0032537428286042555,interpolado
0.2347765553110622,-0.0033118690028731642,interpolado
0.23487637527505498,-0.003332783199998135,interpolado
0.235,-0.003303,original
0.23507601520304058,-0.003252763275256616,interpolado
0.23517583516703336,-0.003154201121374517,interpolado
0.23527565513102616,-0.003025577536573406,interpolado
0.235375475095019,-0.0028744367299041395,interpolado
0.2354752950590118,-0.0027083229104175703,interpolado
0.23557511502300457,-0.002534780287164602,interpolado
0.2356749349869974,-0.002361353069195991,interpolado
0.2357747549509902,-0.0021955854655626404,interpolado
0.235874574914983,-0.0020450216853154044,interpolado
0.236,-0.001889,original
0.23607421484296856,-0.0018188357268298237,interpolado
0.23617403480696142,-0.0017490767536401505,interpolado
0.23627385477095422,-0.0017031467338445214,interpolado
0.23637367473494703,-0.0016762286105264953,interpolado
0.23647349469893983,-0.0016635053267696298,interpolado
0.2365733146629326,-0.001660159825657484,interpolado
0.2366731346269254,-0.001661375050273615,interpolado
0.2367729545909182,-0.0016623339437015835,interpolado
0.236872774554911,-0.001658219449024947,interpolado
0.237,-0.001638,original
0.23707241448289654,-0.001615442370012155,interpolado
0.23717223444688937,-0.001566461834844089,interpolado
0.23727205441088212,-0.001491520906124337,interpolado
0.23737187437487497,-0.0013848643502664512,interpolado
0.23747169433886778,-0.001240736933684027,interpolado
0.23757151430286058,-0.0010533834227905374,interpolado
0.23767133426685336,-0.0008170485839995671,interpolado
0.23777115423084616,-0.0005259771837246677,interpolado
0.23787097419483894,-0.00017441398837938994,interpolado
0.238,0.000379,original
0.23807061412282451,0.0007311991695486664,interpolado
0.23817043408681737,0.001272523790201293,interpolado
0.23827025405081015,0.0018392088079236038,interpolado
0.23837007401480295,0.0024029507546108496,interpolado
0.23846989397879576,0.0029354461621581467,interpolado
0.23856971394278853,0.003408391562461047,interpolado
0.2386695339067813,0.003793483487414655,interpolado
0.23876935387077416,0.0040624184689142225,interpolado
0.23886917383476694,0.004186893038855002,interpolado
0.239,0.004084,original
0.23906881376275255,0.003892871461874262,interpolado
0.23916863372674535,0.003463858288566359,interpolado
0.23926845369073813,0.002889305405907477,interpolado
0.23936827365473093,0.0022072855649373124,interpolado
0.23946809361872373,0.001455871516695775,interpolado
0.23956791358271656,0.0006731360122221341,interpolado
0.23966773354670937,-0.00010284819744371299,interpolado
0.23976755351070214,-0.0008340083612620695,interpolado
0.23986737347469492,-0.001482271728193241,interpolado
0.24,-0.00215,original
0.24006701340268055,-0.002380923243285618,interpolado
0.24016683336667333,-0.002596881591458992,interpolado
0.24026665333066613,-0.002680598271653556,interpolado
0.24036647329465888,-0.0026555954014153703,interpolado
0.2404662932586517,-0.0025453950982904576,interpolado
0.2405661132226445,-0.0023735194798248523,interpolado
0.24066593318663732,-0.0021634906635645966,interpolado
0.24076575315063006,-0.0019388307670557318,interpolado
0.2408655731146229,-0.001723061907844357,interpolado
0.241,-0.001488,original
0.24106521304260844,-0.001410552110343935,interpolado
0.2411650330066013,-0.0013362248682077876,interpolado
0.24126485297059408,-0.0013032009193522653,interpolado
0.24136467293458683,-0.0012976976166127652,interpolado
0.24146449289857963,-0.0013059323128246844,interpolado
0.24156431286257246,-0.0013141223608234243,interpolado
0.24166413282656526,-0.0013084851134443818,interpolado
0.24176395279055807,-0.0012752379235229539,interpolado
0.24186377275455082,-0.0012005981438945657,interpolado
0.242,-0.001007,original
0.24206341268253645,-0.0008732786118857825,interpolado
0.24216323264652928,-0.0006121311423787759,interpolado
0.24226305261052206,-0.0003030022882404084,interpolado
0.24236287257451483,3.8206339025585654e-05,interpolado
0.24246269253850763,0.00039559312791576475,interpolado
0.24256251250250047,0.0007532564669264015,interpolado
0.24266233246649324,0.0010952947445538597,interpolado
0.24276215243048604,0.0014058063492944238,interpolado
0.24286197239447888,0.0016688896696446336,interpolado
0.243,0.001925,original
0.2430616123224644,0.0019902559952015607,interpolado
0.24316143228645726,0.002034177778488625,interpolado
0.24326125225045006,0.002012083445890462,interpolado
0.24336107221444292,0.001935908174807205,interpolado
0.2434608921784357,0.0018175871426389973,interpolado
0.2435607121424285,0.0016690555267859877,interpolado
0.24366053210642136,0.0015022485046483234,interpolado
0.24376035207041413,0.0013291012536262,interpolado
0.24386017203440696,0.0011615489511196653,interpolado
0.244,0.000959,original
0.2440598119623926,0.0008904721385677479,interpolado
0.24415963192638537,0.0008023507569474917,interpolado
0.24425945189037815,0.0007453644695528337,interpolado
0.24435927185437095,0.0007175661462883677,interpolado
0.2444590918183637,0.0007170086570587385,interpolado
0.2445589117823565,0.0007417448717685713,interpolado
0.2446587317463493,0.0007898276603224911,interpolado
0.24475855171034205,0.0008593098926251003,interpolado
0.2448583716743349,0.0009482444385810636,interpolado
0.245,0.001104,original
0.24505801160232052,0.0011765502544033091,interpolado
0.2451578315663133,0.0013096384236251446,interpolado
0.24525765153030607,0.0014480252141875786,interpolado
0.24535747149429887,0.0015857378676129722,interpolado
0.24545729145829165,0.0017168036254235704,interpolado
0.2455571114222845,0.001835249729141656,interpolado
0.24565693138627728,0.0019351034202894873,interpolado
0.24575675135027006,0.0020103919403894038,interpolado
0.24585657131426286,0.002055142530963657,interpolado
0.246,0.002054,original
0.2460562112422485,0.0020296423381927727,interpolado
0.2461560312062413,0.0019572067666606984,interpolado
0.24625585117023407,0.0018567835494245216,interpolado
0.2463556711342269,0.001739315591530242,interpolado
0.24645549109821968,0.001615745798023845,interpolado
0.24655531106221248,0.0014970170739513162,interpolado
0.24665513102620526,0.0013940723243586657,interpolado
0.2467549509901981,0.0013178544542918186,interpolado
0.24685477095419087,0.001279306368796792,interpolado
0.247,0.001313,original
0.24705441088217647,0.0013581424648880418,interpolado
0.24715423084616928,0.001479780659814529,interpolado
0.24725405081016205,0.0016342802384437664,interpolado
0.24735387077415483,0.0018011425617160545,interpolado
0.24745369073814766,0.0019598689905717215,interpolado
0.24755351070214046,0.002089960885951093,interpolado
0.2476533306661332,0.002170919608794484,interpolado
0.24775315063012604,0.00218224652004227,interpolado
0.24785297059411882,0.0021034429806347497,interpolado
0.248,0.00178,original
0.24805261052210442,0.0015946107353691653,interpolado
0.24815243048609725,0.0011494947238040532,interpolado
0.24825225045009003,0.0006048936784327021,interpolado
0.24835207041408286,-1.2122343517259573e-05,interpolado
0.24845189037807566,-0.0006744832848183172,interpolado
0.24855171034206844,-0.0013551190882427602,interpolado
0.24865153030606116,-0.002026959696563455,interpolado
0.248751350270054,-0.002662935052552695,interpolado
0.24885117023404685,-0.0032359750989829628,interpolado
0.249,-0.003915,original
0.24905081016203237,-0.004085889582693786,interpolado
0.2491506301260252,-0.004330767295093209,interpolado
0.24925045009001792,-0.004467625937970267,interpolado
0.2493502700540108,-0.004511274654634482,interpolado
0.2494500900180036,-0.004476522588395372,interpolado
0.2495499099819964,-0.00437817888256249,interpolado
0.24964972994598925,-0.004231052680445251,interpolado
0.249749549909982,-0.0040499531253533295,interpolado
0.24984936987397474,-0.0038496893605961657,interpolado
0.2499491898379676,-0.0036450705294831525,interpolado
0.25,-0.003544,original
0.2501488297659532,-0.003276249273005453,interpolado
0.250248649729946,-0.003126337851232236,interpolado
0.25034846969393876,-0.0030053573240867433,interpolado
0.2504482896579316,-0.002917699010650741,interpolado
0.25054810962192436,-0.0028677542300061328,interpolado
0.2506479295859172,-0.002859914301234676,interpolado
0.25074774954991,-0.0028985705434181864,interpolado
0.2508475695139027,-0.002988114275638453,interpolado
0.2509473894778956,-0.0031329368169773783,interpolado
0.251,-0.003233,original
0.2511470294058812,-0.003591725681345567,interpolado
0.251246849369874,-0.003875515983245577,interpolado
0.25134666933386673,-0.004165949802184921,interpolado
0.25144648929785957,-0.004440648535337278,interpolado
0.2515463092618524,-0.004677233579875864,interpolado
0.2516461292258452,-0.004853326332974444,interpolado
0.25174594918983795,-0.004946548191806347,interpolado
0.2518457691538308,-0.004934520553545223,interpolado
0.2519455891178236,-0.004794864815364483,interpolado
0.252,-0.004657,original
0.2521452290458092,-0.004074332858693287,interpolado
0.252245049009802,-0.003536121608956953,interpolado
0.25234486897379477,-0.0029298858359877275,interpolado
0.2524446889377876,-0.0022939896928838733,interpolado
0.2525445089017804,-0.0016667973327447344,interpolado
0.2526443288657732,-0.001086672908668281,interpolado
0.252744148829766,-0.0005919805737537923,interpolado
0.25284396879375876,-0.00022108448109955014,interpolado
0.25294378875775153,-1.2348783804109857e-05,interpolado
0.253,1.94e-05,original
0.25314342868573714,-0.00019867572128487546,interpolado
0.25324324864972997,-0.0005664566845747982,interpolado
0.25334306861372274,-0.0010717356813633356,interpolado
0.2534428885777156,-0.0016797836343606285,interpolado
0.25354270854170835,-0.002355871466275609,interpolado
0.2536425285057011,-0.0030652700998182116,interpolado
0.25374234846969396,-0.0037732504576984452,interpolado
0.25384216843368673,-0.00444508346262513,interpolado
0.25394198839767956,-0.005046040037308593,interpolado
0.254,-0.005349,original
0.2541416283256651,-0.005916279112853562,interpolado
0.2542414482896579,-0.006174818916739215,interpolado
0.2543412682536507,-0.00632453567973468,interpolado
0.2544410882176435,-0.006372443389635915,interpolado
0.2545409081816364,-0.006325556034238661,interpolado
0.25464072814562905,-0.00619088760133875,interpolado
0.25474054810962193,-0.005975452078731837,interpolado
0.2548403680736147,-0.005686263454213942,interpolado
0.25494018803760754,-0.005330335715580545,interpolado
0.255,-0.005088,original
0.2551398279655931,-0.00445154682817664,interpolado
0.255239647929586,-0.0039585769078111345,interpolado
0.25533946789357875,-0.003454321368641748,interpolado
0.25543928785757153,-0.0029572060302833114,interpolado
0.2555391078215643,-0.002485656712351758,interpolado
0.25563892778555714,-0.0020580992344621752,interpolado
0.2557387477495499,-0.0016929594162297537,interpolado
0.25583856771354274,-0.0014086630772702767,interpolado
0.2559383876775355,-0.0012236360371988197,interpolado
0.256,-0.001167,original
0.25613802760552107,-0.0012044519179709473,interpolado
0.2562378475695139,-0.0013428119781737685,interpolado
0.25633766753350673,-0.0015425297181812486,interpolado
0.25643748749749956,-0.0017751883723483282,interpolado
0.25653730746149234,-0.0020123711750294868,interpolado
0.2566371274254851,-0.0022256613605796008,interpolado
0.25673694738947794,-0.002386642163353491,interpolado
0.25683676735347066,-0.002466896817705718,interpolado
0.2569365873174635,-0.0024380085579910884,interpolado
0.257,-0.00235,original
0.25713622724544904,-0.0019580574052491836,interpolado
0.25723604720944193,-0.001510754354674033,interpolado
0.2573358671734347,-0.0009462600802055486,interpolado
0.2574356871374275,-0.00028082201757445655,interpolado
0.25753550710142026,0.0004693123974871632,interpolado
0.25763532706541303,0.001287895729248319,interpolado
0.25773514702940586,0.002158680541978172,interpolado
0.25783496699339864,0.003065419399944415,interpolado
0.25793478695739147,0.0039918648674167,interpolado
0.258,0.0046,original
0.258134426885377,0.005837914514637218,interpolado
0.25823424684936985,0.006721826736245567,interpolado
0.2583340668133627,0.007554855830122448,interpolado
0.25843388677735546,0.008318368026496669,interpolado
0.2585337067413483,0.008993729555596887,interpolado
0.25863352670534107,0.009562306647650653,interpolado
0.25873334666933395,0.010005465532886889,interpolado
0.2588331666333267,0.010304572441533396,interpolado
0.2589329865973195,0.010440993603818772,interpolado
0.259,0.010432,original
0.25913262652530505,0.010170879166686872,interpolado
0.25923244648929794,0.0097935161171564,interpolado
0.25933226645329066,0.00929589863536465,interpolado
0.25943208641728344,0.008709622065309147,interpolado
0.25953190638127627,0.008066281750987218,interpolado
0.259631726345269,0.0073974730363972905,interpolado
0.2597315463092619,0.006734791265536351,interpolado
0.2598313662732546,0.006109831782402844,interpolado
0.2599311862372474,0.005554189930994097,interpolado
0.26,0.005228,original
0.260130826165233,0.004758976370934396,interpolado
0.2602306461292258,0.004519042147906923,interpolado
0.26033046609321864,0.0043623341717570745,interpolado
0.26043028605721136,0.0042717713704735405,interpolado
0.2605301060212042,0.004230272672045164,interpolado
0.26062992598519696,0.004220757004460837,interpolado
0.2607297459491898,0.004226143295709381,interpolado
0.2608295659131826,0.004229350473779638,interpolado
0.2609293858771754,0.00421329746666046,interpolado
0.261,0.004181,original
0.261129025805161,0.00406289439897739,interpolado
0.26122884576915384,0.003922330545181106,interpolado
0.26132866573314667,0.003743913236848678,interpolado
0.2614284856971395,0.003532253515893901,interpolado
0.2615283056611323,0.003291962424230492,interpolado
0.26162812562512505,0.0030276510037725813,interpolado
0.2617279455891179,0.0027439302964337425,interpolado
0.26182776555311066,0.0024454113441281502,interpolado
0.2619275855171034,0.002136705188769513,interpolado
0.262,0.001909,original
0.26212722544508904,0.001504782338402645,interpolado
0.2622270454090819,0.0011819727385110363,interpolado
0.2623268653730747,0.0008516462655764779,interpolado
0.2624266853370675,0.0005114790320103484,interpolado
0.26252650530106025,0.00015914715022400508,interpolado
0.26262632526505303,-0.00020767326737060636,interpolado
0.26272614522904586,-0.0005913061083623395,interpolado
0.26282596519303864,-0.0009940752603392136,interpolado
0.2629257851570314,-0.0014183046108898804,interpolado
0.263,-0.001749,original
0.2631254250850171,-0.0023312557791171063,interpolado
0.2632252450490099,-0.0027898028215251544,interpolado
0.2633250650130026,-0.003216429103323254,interpolado
0.26342488497699534,-0.00358568268771371,interpolado
0.2635247049409882,-0.003872111637898705,interpolado
0.263624524904981,-0.004050264017079958,interpolado
0.26372434486897384,-0.004094687888459683,interpolado
0.2638241648329666,-0.003979931315239868,interpolado
0.26392398479695933,-0.003680542360622625,interpolado
0.264,-0.003313,original
0.26412362472494494,-0.0024518786931068282,interpolado
0.26422344468893777,-0.001572514761625066,interpolado
0.26432326465293055,-0.0005892606631372329,interpolado
0.2644230846169234,0.00044178457153464293,interpolado
0.26452290458091615,0.0014645219115707194,interpolado
0.2646227245449089,0.0024228523261489287,interpolado
0.26472254450890176,0.003260676784448929,interpolado
0.2648223644728946,0.003921896255650117,interpolado
0.2649221844368873,0.004350411708930818,interpolado
0.265,0.004487,original
0.26512182436487297,0.004321184483059557,interpolado
0.2652216443288658,0.00389705481876116,interpolado
0.26532146429285863,0.0032814988388737043,interpolado
0.26542128425685135,0.0025380666452321323,interpolado
0.2655211042208442,0.0017303083396699266,interpolado
0.265620924184837,0.0009217740240222445,interpolado
0.2657207441488297,0.00017601380012287934,interpolado
0.2658205641128226,-0.00044342223019423527,interpolado
0.2659203840768154,-0.0008729839650941506,interpolado
0.266,-0.001037,original
0.266120024004801,-0.0009432348369832456,interpolado
0.2662198439687938,-0.000601703028130152,interpolado
0.26631966393278655,-8.177238411909802e-05,interpolado
0.26641948389677933,0.0005594772988576518,interpolado
0.2665193038607722,0.0012649662246090843,interpolado
0.26661912382476494,0.0019776145969427317,interpolado
0.2667189437887577,0.002640342619667315,interpolado
0.26681876375275054,0.0031960704965914425,interpolado
0.2669185837167433,0.003587718431522814,interpolado
0.267,0.003746,original
0.267118223644729,0.0036786487934807053,interpolado
0.2672180436087217,0.0033842594739905006,interpolado
0.2673178635727146,0.0029198867246159415,interpolado
0.2674176835367073,0.0023302722470930795,interpolado
0.2675175035007002,0.0016601577431568267,interpolado
0.26761732346469297,0.0009542849145434613,interpolado
0.26771714342868574,0.00025739546298814045,interpolado
0.2678169633926786,-0.0003857689097739539,interpolado
0.2679167833566714,-0.000930466502006576,interpolado
0.268,-0.001277,original
0.26811642328465696,-0.0015628814278155442,interpolado
0.26821624324864973,-0.0016377530806943176,interpolado
0.2683160632126425,-0.0015776308246751964,interpolado
0.26841588317663534,-0.0014035244840246738,interpolado
0.26851570314062817,-0.0011364438830090008,interpolado
0.26861552310462095,-0.0007973988458949005,interpolado
0.2687153430686137,-0.00040739919694866725,interpolado
0.26881516303260655,1.2545239563519503e-05,interpolado
0.2689149829965994,0.00044142463937476585,interpolado
0.269,0.000798,original
0.2691146229245849,0.0012500732837192094,interpolado
0.26921444288857765,0.0016247734251181904,interpolado
0.26931426285257054,0.0019935310890474216,interpolado
0.2694140828165633,0.002367530263079558,interpolado
0.2695139027805562,0.0027579549347880876,interpolado
0.269613722744549,0.0031759890917456386,interpolado
0.26971354270854175,0.0036328167215254814,interpolado
0.26981336267253453,0.004139621811700972,interpolado
0.26991318263652736,0.004707588349844612,interpolado
0.27,0.00526,original
0.27011282256451297,0.006059728811098574,interpolado
0.27021264252850574,0.006809867896688117,interpolado
0.2703124624924986,0.007559564421231495,interpolado
0.27041228245649135,0.008270083614357087,interpolado
0.270512102420484,0.008902690705694537,interpolado
0.27061192238447684,0.009418650924873314,interpolado
0.2707117423484696,0.009779229501522055,interpolado
0.27081156231246245,0.009945691665270333,interpolado
0.2709113822764553,0.009879302645747174,interpolado
0.271,0.009594,original
0.27111102220444083,0.00891428792593759,interpolado
0.27121084216843366,0.008041268057736016,interpolado
0.27131066213242644,0.0069762497404719445,interpolado
0.27141048209641927,0.005773192811015429,interpolado
0.271510302060412,0.004486057106234772,interpolado
0.2716101220244048,0.0031688024629980913,interpolado
0.27170994198839765,0.0018753887181757235,interpolado
0.2718097619523905,0.0006597757086351439,interpolado
0.27190958191638326,-0.00042407672875342404,interpolado
0.272,-0.001247,original
0.27210922184436886,-0.0019983630833940273,interpolado
0.2722090418083617,-0.0024695821950359584,interpolado
0.27230886177235447,-0.00276299696727605,interpolado
0.2724086817363473,-0.0029057269838500665,interpolado
0.2725085017003401,-0.0029248918284942925,interpolado
0.27260832166433285,-0.002847611084944739,interpolado
0.27270814162832563,-0.002701004336937582,interpolado
0.27280796159231846,-0.0025121911682087655,interpolado
0.2729077815563113,-0.002308291162494588,interpolado
0.273,-0.00213,original
0.2731074214842969,-0.0019586216261489077,interpolado
0.2732072414482896,-0.001840736107094135,interpolado
0.2733070614122825,-0.0017653932795033027,interpolado
0.2734068813762753,-0.0017352208791965998,interpolado
0.27350670134026805,-0.001752846641994076,interpolado
0.2736065213042609,-0.0018208983037158889,interpolado
0.27370634126825366,-0.0019420036001820673,interpolado
0.2738061612322465,-0.002118790267212854,interpolado
0.27390598119623927,-0.0023538860406281583,interpolado
0.274,-0.002631,original
0.2741056211242249,-0.0030042040210623527,interpolado
0.27420544108821765,-0.003396216440653179,interpolado
0.2743052610522105,-0.0038016801126847656,interpolado
0.2744050810162033,-0.004196320114929032,interpolado
0.27450490098019603,-0.004555861525158585,interpolado
0.2746047209441888,-0.004856029421145948,interpolado
0.2747045409081816,-0.0050725488806631636,interpolado
0.2748043608721744,-0.005181144981482819,interpolado
0.27490418083616724,-0.00515754280137717,interpolado
0.275,-0.004988,original
0.2751038207641528,-0.004628811905154968,interpolado
0.2752036407281456,-0.004142622220057111,interpolado
0.27530346069213846,-0.003559512954493054,interpolado
0.2754032806561312,-0.002920098003814964,interpolado
0.27550310062012395,-0.002264991263374038,interpolado
0.27560292058411684,-0.0016348066285214377,interpolado
0.2757027405481096,-0.0010701579946093814,interpolado
0.27580256051210245,-0.000611659256989004,interpolado
0.2759023804760952,-0.00029992431101168117,interpolado
0.276,-0.000176,original
0.27610202040408083,-0.00026289821003729844,interpolado
0.27620184036807366,-0.0005251901540375039,interpolado
0.2763016603320664,-0.0009114315515053272,interpolado
0.2764014802960592,-0.0013706112334999688,interpolado
0.27650130026005204,-0.0018517180310798286,interpolado
0.27660112022404487,-0.0023037407753043115,interpolado
0.27670094018803765,-0.0026756682972318285,interpolado
0.2768007601520304,-0.0029164894279215736,interpolado
0.27690058011602325,-0.0029751929984324554,interpolado
0.277,-0.002802,original
0.27710022004400886,-0.0023585069989859524,interpolado
0.2772000400080016,-0.00167814090379123,interpolado
0.27729985997199436,-0.0008053167915790514,interpolado
0.27739967993598724,0.00021431810134834277,interpolado
0.27749949989998,0.0013351165386869584,interpolado
0.27759931986397285,0.002511431284135149,interpolado
0.27769913982796557,0.0036976151013887477,interpolado
0.27779895979195834,0.004848020754145558,interpolado
0.2778987797559512,0.005917001006103302,interpolado
0.278,0.006871,original
0.2780984196839368,0.007634985750924563,interpolado
0.27819823964792956,0.008235216726729905,interpolado
0.27829805961192233,0.008657080200598001,interpolado
0.27839787957591516,0.008898054844594206,interpolado
0.27849769953990794,0.008955619330783543,interpolado
0.2785975195039008,0.00882725233123135,interpolado
0.27869733946789355,0.00851043251800305,interpolado
0.2787971594318864,0.00800263856316391,interpolado
0.27889697939587926,0.007301349138778766,interpolado
0.279,0.006372,original
0.2790966193238648,0.005316689359194085,interpolado
0.2791964392878576,0.004082652519114127,interpolado
0.2792962592518504,0.002755587893228902,interpolado
0.2793960792158432,0.0013891512867435574,interpolado
0.2794958991798359,3.699850486554236e-05,interpolado
0.27959571914382875,-0.0012472146472006767,interpolado
0.27969553910782163,-0.002409832364247741,interpolado
0.27979535907181435,-0.0033971988410704808,interpolado
0.2798951790358072,-0.0041556582724633405,interpolado
0.28,-0.004647,original
0.28009481896379285,-0.004785767646560636,interpolado
0.2801946389277856,-0.004646759202911602,interpolado
0.28029445889177834,-0.0042626203074647845,interpolado
0.28039427885577123,-0.0036814438779466893,interpolado
0.28049409881976406,-0.002951322832084843,interpolado
0.2805939187837569,-0.002120350087605364,interpolado
0.28069373874774967,-0.0012366185622360599,interpolado
0.2807935587117424,-0.0003482211737033625,interpolado
0.2808933786757353,0.0004967491602663125,interpolado
0.281,0.001297,original
0.2810930186037209,0.001872959903330304,interpolado
0.2811928385677137,0.0023696707834626567,interpolado
0.2812926585317065,0.0027583965229927426,interpolado
0.2813924784956993,0.003057204970635676,interpolado
0.28149229845969204,0.0032841639751057914,interpolado
0.28159211842368476,0.003457341385117943,interpolado
0.2816919383876776,0.003594805049386858,interpolado
0.2817917583516704,0.003714622816627054,interpolado
0.2818915783156632,0.0038348625355533452,interpolado
0.282,0.003987,original
0.28209121824364874,0.004143739068067509,interpolado
0.2821910382076416,0.004331575603513786,interpolado
0.28229085817163435,0.004514759563295312,interpolado
0.2823906781356271,0.0046709445393913855,interpolado
0.28249049809961985,0.0047777841237809475,interpolado
0.2825903180636126,0.004812931908443216,interpolado
0.2826901380276055,0.00475404148535725,interpolado
0.28278995799159823,0.004578766446502226,interpolado
0.2828897779555911,0.004264760383857049,interpolado
0.283,0.00373,original
0.2830894178835766,0.00313928012815775,interpolado
0.2831892378475695,0.0023437700266452466,interpolado
0.2832890578115623,0.001448486346659898,interpolado
0.2833888777755551,0.0004987816184702489,interpolado
0.2834886977395479,-0.0004599916276531471,interpolado
0.28358851770354077,-0.0013824808614413251,interpolado
0.2836883376675336,-0.002223333552625243,interpolado
0.28378815763152637,-0.0029371971709344627,interpolado
0.2838879775955192,-0.003478719186100244,interpolado
0.284,-0.003825,original
0.2840876175235047,-0.003873322852416519,interpolado
0.2841874374874976,-0.0037135602138053544,interpolado
0.28428725745149036,-0.003366553259919598,interpolado
0.2843870774154831,-0.0028756230966308738,interpolado
0.28448689737947597,-0.0022840908298117028,interpolado
0.2845867173434687,-0.0016352775653338029,interpolado
0.2846865373074616,-0.0009725044090687661,interpolado
0.28478635727145435,-0.0003390924668893031,interpolado
0.28488617723544707,0.00022163715533328002,interpolado
0.285,0.000717,original
0.2850858171634327,0.0009593243874983002,interpolado
0.28518563712742545,0.001111038005236709,interpolado
0.2852854570914183,0.0011495286368228366,interpolado
0.2853852770554111,0.0011028535544980638,interpolado
0.2854850970194039,0.0009990700305037602,interpolado
0.28558491698339666,0.0008662353370812264,interpolado
0.2856847369473895,0.0007324067464716973,interpolado
0.2857845569113824,0.00062564153091664,interpolado
0.28588437687537516,0.0005739969626572744,interpolado
0.286,0.00062,original
0.2860840168033607,0.0007427706638480018,interpolado
0.2861838367673535,0.000972446089550156,interpolado
0.28628365673134626,0.0012670233210374322,interpolado
0.2863834766953391,0.0015989322994226403,interpolado
0.28648329665933187,0.0019406029658179142,interpolado
0.28658311662332464,0.0022644652613359457,interpolado
0.28668293658731747,0.0025429491270893864,interpolado
0.2867827565513102,0.0027484845041904305,interpolado
0.2868825765153029,0.002853501333751762,interpolado
0.287,0.002811,original
0.2870822164432886,0.0026565663501830826,interpolado
0.2871820364072814,0.0023425700041159164,interpolado
0.2872818563712742,0.0019130875429173818,interpolado
0.287381676335267,0.0013928137662834832,interpolado
0.28748149629925984,0.0008064434739100261,interpolado
0.2875813162632526,0.00017867146549381725,interpolado
0.28768113622724545,-0.0004658074592696682,interpolado
0.28778095619123817,-0.0011022985006835589,interpolado
0.287880776155231,-0.0017061068590520664,interpolado
0.288,-0.00235,original
0.2880804160832166,-0.002718897733860261,interpolado
0.28818023604720944,-0.0030970214819126462,interpolado
0.28828005601120227,-0.003385153360892351,interpolado
0.288379875975195,-0.0035815658700668386,interpolado
0.2884796959391879,-0.00368453150870337,interpolado
0.2885795159031807,-0.0036923227760690624,interpolado
0.2886793358671735,-0.003603212171431149,interpolado
0.28877915583116626,-0.0034154721940569594,interpolado
0.2888789757951591,-0.0031273753432137013,interpolado
0.289,-0.002641,original
0.28907861572314464,-0.002245607819138972,interpolado
0.2891784356871374,-0.0016718106804091187,interpolado
0.2892782556511302,-0.0010435887227654985,interpolado
0.289378075615123,-0.0003887751928803612,interpolado
0.2894778955791158,0.00026479666257410445,interpolado
0.28957771554310857,0.0008892935969246152,interpolado
0.2896775355071014,0.001456882363499285,interpolado
0.2897773554710942,0.0019397297156249246,interpolado
0.28987717543508695,0.0023100024066293216,interpolado
0.29,0.00257,original
0.2900768153630725,0.0026059418549236124,interpolado
0.2901766353270653,0.002521159023064463,interpolado
0.29027645529105817,0.0023161689626189862,interpolado
0.29037627525505094,0.0020217414950837167,interpolado
0.2904760952190438,0.0016686464419549904,interpolado
0.2905759151830366,0.0012876536247297557,interpolado
0.29067573514702943,0.0009095328649041701,interpolado
0.29077555511102215,0.0005650539839752084,interpolado
0.290875375075015,0.0002849868034392006,interpolado
0.291,7.25e-05,original
0.29107501500300054,3.701013706108642e-05,interpolado
0.2911748349669934,8.632912983155641e-05,interpolado
0.29127465493098614,0.0002202148222700887,interpolado
0.2913744748949789,0.0004106736273276812,interpolado
0.2914742948589718,0.0006297119579554549,interpolado
0.2915741148229645,0.000849336227104153,interpolado
0.29167393478695736,0.001041552847724984,interpolado
0.29177375475095013,0.0011783682327687179,interpolado
0.2918735747149429,0.001231788795186471,interpolado
0.292,0.001136,original
0.29207321464292846,0.0009805832217727125,interpolado
0.2921730346069213,0.0006660295230049088,interpolado
0.2922728545709142,0.00026449703443630747,interpolado
0.2923726745349069,-0.00018947973834699137,interpolado
0.2924724944988997,-0.0006613662897590083,interpolado
0.29257231446289256,-0.0011166281142129617,interpolado
0.29267213442688533,-0.0015207307061228695,interpolado
0.29277195439087816,-0.001839139559902639,interpolado
0.292871774354871,-0.0020373201699656575,interpolado
0.293,-0.00206,original
0.2930714142828566,-0.0019392519043986392,interpolado
0.2931712342468493,-0.0016257100557321121,interpolado
0.2932710542108422,-0.0011772854992594163,interpolado
0.29337087417483493,-0.0006314277195461629,interpolado
0.29347069413882776,-2.5586201156890504e-05,interpolado
0.29357051410282053,0.000602789571342613,interpolado
0.29367033406681337,0.0012162501133875744,interpolado
0.2937701540308062,0.0017773459404131842,interpolado
0.29386997399479897,0.0022486275678537046,interpolado
0.294,0.002666,original
0.2940696139227845,0.0027754251590211268,interpolado
0.2941694338867773,0.0027991939929437465,interpolado
0.29426925385077013,0.0026876873644545566,interpolado
0.29436907381476296,0.0024649245033230467,interpolado
0.29446889377875574,0.00215492463931835,interpolado
0.29456871374274857,0.001781707002210174,interpolado
0.2946685337067414,0.0013692908217677214,interpolado
0.2947683536707342,0.0009416953277601071,interpolado
0.29486817363472695,0.0005229397499571715,interpolado
0.295,2.42e-05,original
0.29506781356271256,-0.0001936062613870411,interpolado
0.29516763352670533,-0.0004647400440247352,interpolado
0.29526745349069816,-0.0006833882858821604,interpolado
0.2953672734546909,-0.0008567527786172128,interpolado
0.29546709341868377,-0.0009920353138882293,interpolado
0.29556691338267654,-0.0010964376833531974,interpolado
0.2956667333466692,-0.0011771616786703382,interpolado
0.2957665533106621,-0.0012414090914978195,interpolado
0.29586637327465487,-0.0012963817134937084,interpolado
0.296,-0.001368,original
0.2960660132026405,-0.0014067888644021078,interpolado
0.29616583316663325,-0.0014694109298732713,interpolado
0.2962656531306261,-0.001533613539953792,interpolado
0.29636547309461886,-0.0015957927399028893,interpolado
0.29646529305861175,-0.0016523445749799207,interpolado
0.2965651130226046,-0.0016996650904441133,interpolado
0.29666493298659724,-0.0017341503315547934,interpolado
0.29676475295059007,-0.001752196343571258,interpolado
0.2968645729145829,-0.0017501991717527774,interpolado
0.297,-0.001709,original
0.2970642128425685,-0.001671075106552439,interpolado
0.2971640328065613,-0.0015781680781186654,interpolado
0.29726385277055406,-0.0014291586731185549,interpolado
0.2973636727345469,-0.0012072721520426978,interpolado
0.2974634926985397,-0.000895733775381261,interpolado
0.2975633126625325,-0.00047776880362501543,interpolado
0.2976631326265253,6.339750273575198e-05,interpolado
0.29776295259051805,0.0007445398832110286,interpolado
0.2978627725545109,0.0015824330773096327,interpolado
0.298,0.003021,original
0.2980624124824965,0.0037917549962138072,interpolado
0.2981622324464892,0.005137346830965095,interpolado
0.2982620524104821,0.006554557549671458,interpolado
0.2983618723744748,0.007966495784607694,interpolado
0.29846169233846753,0.009296270168050975,interpolado
0.2985615123024605,0.010466989332278305,interpolado
0.29866133226645325,0.01140176190956474,interpolado
0.29876115223044614,0.012023696532187635,interpolado
0.29886097219443886,0.012255901832422669,interpolado
0.299,0.011785,original
0.2990606121224245,0.011250700637072482,interpolado
0.29916043208641724,0.009977660234929965,interpolado
0.29926025205041007,0.008314932535661136,interpolado
0.2993600720144028,0.006377017868030666,interpolado
0.2994598919783957,0.004278416560800493,interpolado
0.29955971194238845,0.0021336289427322016,interpolado
0.2996595319063812,5.715534259100459e-05,interpolado
0.29975935187037406,-0.001836503910862501,interpolado
0.29985917183436683,-0.0034328484888633895,interpolado
0.3,-0.004958,original
0.3000588117623524,-0.005282032658870749,interpolado
0.30015863172634527,-0.005419373517348978,interpolado
0.3002584516903381,-0.005101655545177446,interpolado
0.3003582716543308,-0.0044033170299452055,interpolado
0.30045809161832365,-0.0033987962592408544,interpolado
0.3005579115823165,-0.0021625315206523187,interpolado
0.3006577315463093,-0.0007689611017696637,interpolado
0.3007575515103021,0.0007074767098199096,interpolado
0.3008573714742948,0.0021923436265260674,interpolado
0.301,0.004181,original
0.30105701140228047,0.004891893891078684,interpolado
0.30115683136627325,0.0060006455697258895,interpolado
0.3012566513302661,0.006935551431318615,interpolado
0.30135647129425885,0.007695672723806666,interpolado
0.30145629125825163,0.008280070695141454,interpolado
0.3015561112222444,0.008687806593273987,interpolado
0.30165593118623724,0.00891794166615466,interpolado
0.30175575115023,0.008969537161734565,interpolado
0.3018555711142228,0.00884165432796449,interpolado
0.302,0.008337,original
0.3020552110422084,0.008044808782692842,interpolado
0.30215503100620117,0.007396326367841747,interpolado
0.30225485097019394,0.006625746492088699,interpolado
0.3023546709341868,0.005771494019444597,interpolado
0.30245449089817955,0.004871993813919063,interpolado
0.3025543108621723,0.003965670739521626,interpolado
0.30265413082616516,0.003090949660263329,interpolado
0.30275395079015793,0.002286255440153274,interpolado
0.30285377075415076,0.0015900129432023938,interpolado
0.303,0.000846,original
0.30305341068213637,0.0006748405915389794,interpolado
0.3031532306461292,0.0004951108516743062,interpolado
0.30325305061012203,0.0004727974183954898,interpolado
0.3033528705741147,0.0005780970859555638,interpolado
0.3034526905381076,0.0007812066486074988,interpolado
0.30355251050210047,0.001052322900604483,interpolado
0.30365233046609313,0.0013616426361992237,interpolado
0.303752150430086,0.0016793626496450545,interpolado
0.3038519703940788,0.00197567973519463,interpolado
0.304,0.002312,original
0.3040516103220644,0.0023859605520494516,interpolado
0.3041514302860572,0.0024651651235945995,interpolado
0.30425125025005,0.0024741037647058903,interpolado
0.30435107021404284,0.0024293465330505882,interpolado
0.3044508901780356,0.002347463486296053,interpolado
0.30455071014202845,0.002245024682109513,interpolado
0.3046505301060213,0.0021386001781583913,interpolado
0.304750350070014,0.0020447600321099346,interpolado
0.30485017003400683,0.0019800743016314204,interpolado
0.30494998999799966,0.001961113044390229,interpolado
0.305,0.001974,original
0.30514962992598527,0.0021076019654327426,interpolado
0.30524944988997793,0.0022560475524460136,interpolado
0.3053492698539709,0.002431729935892006,interpolado
0.3054490898179636,0.002617298414953892,interpolado
0.3055489097819565,0.002795402288815237,interpolado
0.3056487297459492,0.0029486908566592114,interpolado
0.30574854970994203,0.003059813417669297,interpolado
0.30584836967393486,0.00311141927102888,interpolado
0.3059481896379276,0.003086157715921273,interpolado
0.306,0.003037,original
0.30614782956591324,0.00275910524547345,interpolado
0.306247649529906,0.0024860304590342375,interpolado
0.3063474694938988,0.002174271925895709,interpolado
0.3064472894578916,0.0018498437643467733,interpolado
0.3065471094218844,0.0015387600926756544,interpolado
0.3066469293858771,0.0012670350291712604,interpolado
0.30674674934986995,0.0010606826921219638,interpolado
0.3068465693138627,0.0009457171998162816,interpolado
0.30694638927785556,0.0009481526705429059,interpolado
0.307,0.001007,original
0.30714602920584116,0.0013738409900493564,interpolado
0.30724584916983394,0.0017508821005806452,interpolado
0.30734566913382677,0.002182096929552526,interpolado
0.30744548909781955,0.002625578866892369,interpolado
0.3075453090618124,0.0030394213025284863,interpolado
0.3076451290258052,0.003381717626388269,interpolado
0.3077449489897978,0.003610561228399825,interpolado
0.30784476895379076,0.0036840454984910197,interpolado
0.30794458891778353,0.0035602638265896163,interpolado
0.308,0.003391,original
0.3081442288457691,0.0026000658572440088,interpolado
0.30824404880976186,0.0018129423844324155,interpolado
0.3083438687737547,0.0008884656569194768,interpolado
0.30844368873774747,-0.00012220370203595046,interpolado
0.30854350870174035,-0.001167905069177131,interpolado
0.3086433286657331,-0.0021974778212450713,interpolado
0.30874314862972585,-0.003159761334982549,interpolado
0.3088429685937187,-0.004003594987132187,interpolado
0.30894278855771146,-0.0046778181544352235,interpolado
0.309,-0.004968,original
0.30914242848569706,-0.005344407014075251,interpolado
0.3092422484496899,-0.0053267813547472325,interpolado
0.30934206841368267,-0.0050933810594291275,interpolado
0.3094418883776755,-0.004658347480587436,interpolado
0.30954170834166833,-0.004035821970688328,interpolado
0.30964152830566116,-0.0032399458821975487,interpolado
0.3097413482696539,-0.002284860567582224,interpolado
0.3098411682336467,-0.0011847073793075464,interpolado
0.3099409881976395,4.637233015901887e-05,interpolado
0.31,0.00083,original
0.3101406281256252,0.0028250622478635783,interpolado
0.3102404480896179,0.004285366560251013,interpolado
0.31034026805361076,0.005718290849155646,interpolado
0.3104400880176035,0.007067456801817851,interpolado
0.31053990798159625,0.008276486105480414,interpolado
0.31063972794558903,0.009289000447385823,interpolado
0.3107395479095818,0.01004862151477491,interpolado
0.3108393678735747,0.010498970994890439,interpolado
0.3109391878375674,0.01058367057497386,interpolado
0.311,0.010432,original
0.31113882776555307,0.009490124609518485,interpolado
0.31123864772954585,0.008382422865785751,interpolado
0.3113384676935387,0.007000924724835416,interpolado
0.3114382876575315,0.005421997900876379,interpolado
0.31153810762152423,0.003722010108115262,interpolado
0.31163792758551706,0.001977329060758432,interpolado
0.3117377475495099,0.0002643224730151804,interpolado
0.31183756751350267,-0.0013406419409089693,interpolado
0.3119373874774955,-0.0027611964668048774,interpolado
0.312,-0.003524,original
0.31213702740548105,-0.00478779039598836,interpolado
0.3122368473694739,-0.005380895478512368,interpolado
0.31233666733346666,-0.005727290437121609,interpolado
0.31243648729745943,-0.005853092473022161,interpolado
0.3125363072614522,-0.005784418787420731,interpolado
0.31263612722544504,-0.005547386581523595,interpolado
0.3127359471894378,-0.00516811305653748,interpolado
0.3128357671534307,-0.004672715413668442,interpolado
0.3129355871174234,-0.004087310854123493,interpolado
0.313,-0.003674,original
0.313135227045409,-0.002747449863008037,interpolado
0.31323504700940186,-0.0020338482389776354,interpolado
0.31333486697339463,-0.0013148196800179225,interpolado
0.3134346869373874,-0.0006080349850244914,interpolado
0.3135345069013803,6.883504710827244e-05,interpolado
0.31363432686537307,0.0006981196174859132,interpolado
0.31373414682936585,0.001262147927212939,interpolado
0.3138339667933587,0.0017432491773951685,interpolado
0.31393378675735145,0.0021237525691372725,interpolado
0.314,0.002312,original
0.31413342668533706,0.00252426849102228,interpolado
0.3142332466493299,0.0025489984355232787,interpolado
0.31433306661332266,0.0024728103307805876,interpolado
0.31443288657731544,0.002308145847353113,interpolado
0.3145327065413082,0.0020674466557996543,interpolado
0.31463252650530105,0.0017631544266788418,interpolado
0.31473234646929377,0.001407710830549833,interpolado
0.3148321664332866,0.0010135575379710644,interpolado
0.3149319863972794,0.0005931362195017936,interpolado
0.315,0.000298,original
0.31513162632526504,-0.00027881942927758714,interpolado
0.31523144628925787,-0.0007126033522839181,interpolado
0.31533126625325064,-0.0011354823702857252,interpolado
0.3154310862172434,-0.0015404463442012261,interpolado
0.31553090618123625,-0.0019204851349479669,interpolado
0.31563072614522897,-0.0022685886034443602,interpolado
0.31573054610922185,-0.0025777466106080165,interpolado
0.31583036607321463,-0.0028409490173571363,interpolado
0.31593018603720746,-0.0030511856846098195,interpolado
0.316,-0.003163,original
0.3161298259651931,-0.003288783179024081,interpolado
0.3162296459291859,-0.0033164813186757065,interpolado
0.3163294658931787,-0.003288658657872213,interpolado
0.31642928585717145,-0.003209382812051873,interpolado
0.3165291058211642,-0.0030827213966531097,interpolado
0.3166289257851571,-0.00291274202711412,interpolado
0.31672874574914983,-0.0027035123188734246,interpolado
0.3168285657131426,-0.002459099887369272,interpolado
0.31692838567713544,-0.0021835723480398343,interpolado
0.317,-0.001969,original
0.31712802560512104,-0.001552491278487086,interpolado
0.31722784556911376,-0.0011943403652561143,interpolado
0.31732766553310654,-0.0008021879442990729,interpolado
0.31742748549709937,-0.0003717089410053331,interpolado
0.31752730546109215,0.00010142171923500757,interpolado
0.31762712542508503,0.0006215291110328582,interpolado
0.31772694538907775,0.0011929383089980218,interpolado
0.31782676535307053,0.001819974387741152,interpolado
0.31792658531706336,0.0025069624218730267,interpolado
0.318,0.003053,original
0.31812622524504897,0.004069414335136955,interpolado
0.3182260452090418,0.004921036958806889,interpolado
0.3183258651730345,0.005791583656581227,interpolado
0.3184256851370274,0.0066596221918469424,interpolado
0.3185255051010202,0.007503720327989549,interpolado
0.3186253250650129,0.008302445828396442,interpolado
0.3187251450290058,0.009034366456453226,interpolado
0.31882496499299856,0.009678049975546839,interpolado
0.3189247849569914,0.010212064149064035,interpolado
0.319,0.010529,original
0.31912442488497705,0.010873213345726199,interpolado
0.31922424484896983,0.010987767238238962,interpolado
0.3193240648129626,0.0109616105293773,interpolado
0.31942388477695544,0.010797654566503934,interpolado
0.3195237047409482,0.010498810696981883,interpolado
0.3196235247049411,0.01006799026817367,interpolado
0.3197233446689338,0.00950810462744262,interpolado
0.3198231646329266,0.008822065122151375,interpolado
0.3199229845969194,0.008012783099662297,interpolado
0.32,0.007306,original
0.3201226245249051,0.00605121635728481,interpolado
0.3202224444888978,0.004964611227256946,interpolado
0.3203222644528905,0.003875167074388889,interpolado
0.32042208441688336,0.002834599467578867,interpolado
0.32052190438087613,0.0018946239757268466,interpolado
0.320621724344869,0.0011069561677306272,interpolado
0.32072154430886174,0.000523311612489897,interpolado
0.32082136427285446,0.00019540587890294983,interpolado
0.32092118423684735,0.0001749545358686582,interpolado
0.321,0.00041,original
0.32112082416483284,0.0012205749191993819,interpolado
0.3212206441288257,0.002215425998765694,interpolado
0.3213204640928185,0.0034052421437972807,interpolado
0.32142028405681144,0.004697263448361611,interpolado
0.3215201040208041,0.005998730006523469,interpolado
0.3216199239847969,0.007216881912349811,interpolado
0.32171974394878977,0.008258959259907411,interpolado
0.32181956391278255,0.00903220214326133,interpolado
0.32191938387677543,0.009443850656478571,interpolado
0.322,0.009449,original
0.322119023804761,0.008864739372861766,interpolado
0.32221884376875376,0.00791364737926906,interpolado
0.3223186637327466,0.006644376328209998,interpolado
0.32241848369673937,0.005153209287484514,interpolado
0.32251830366073214,0.0035364293248955486,interpolado
0.32261812362472486,0.0018903195082435598,interpolado
0.3227179435887177,0.00031116290532894834,interpolado
0.3228177635527104,-0.0011047574160452573,interpolado
0.3229175835167033,-0.0022611583880792767,interpolado
0.323,-0.002952,original
0.3231172234446888,-0.0034523942665147266,interpolado
0.3232170434086817,-0.0034777943246052396,interpolado
0.3233168633726745,-0.0031978721318428383,interpolado
0.32341668333666734,-0.0026724048558884857,interpolado
0.3235165033006601,-0.001961169664403998,interpolado
0.32361632326465284,-0.0011239437250503467,interpolado
0.3237161432286457,-0.00022050420548822878,interpolado
0.32381596319263856,0.0006893717266201233,interpolado
0.32391578315663144,0.001545906903614445,interpolado
0.324,0.002183,original
0.32411542308461694,0.002878925102666769,interpolado
0.3242152430486098,0.003321421949812584,interpolado
0.3243150630126025,0.003631126309840265,interpolado
0.3244148829765953,0.00382230266228422,interpolado
0.3245147029405881,0.003909215486678289,interpolado
0.32461452290458087,0.003906129262556656,interpolado
0.32471434286857376,0.003827308469453306,interpolado
0.3248141628325665,0.0036870175869023777,interpolado
0.32491398279655936,0.0034995210944377794,interpolado
0.325,0.003311,original
0.32511362272454486,0.00303766819277529,interpolado
0.3252134426885377,0.002781189381750363,interpolado
0.3253132626525305,0.0025145463236519406,interpolado
0.32541308261652324,0.0022426424285734384,interpolado
0.3255129025805161,0.001970381106608872,interpolado
0.3256127225445089,0.0017026657678517981,interpolado
0.32571254250850173,0.001444399822395785,interpolado
0.32581236247249445,0.0012004866803348305,interpolado
0.32591218243648734,0.0009758297517623783,interpolado
0.326,0.000798,original
0.3261118223644728,0.0006036637934791766,interpolado
0.3262116423284658,0.00046484126778569197,interpolado
0.32631146229245855,0.00036276766367061337,interpolado
0.3264112822564514,0.00030134606494182793,interpolado
0.32651110222044416,0.0002844795554074007,interpolado
0.3266109221844369,0.0003160712188752815,interpolado
0.32671074214842977,0.0004000241391535278,interpolado
0.3268105621124225,0.0005402414000500434,interpolado
0.3269103820764153,0.0007406260853728555,interpolado
0.327,0.000975,original
0.32711002200440087,0.0013313746459210842,interpolado
0.3272098419683937,0.0016992475897509892,interpolado
0.3273096619323865,0.0020851061326257222,interpolado
0.32740948189637925,0.002465361188528871,interpolado
0.32750930186037197,0.0028164236714440113,interpolado
0.32760912182436486,0.0031147044953541386,interpolado
0.3277089417883576,0.0033366145742429456,interpolado
0.32780876175235046,0.0034585648220935737,interpolado
0.32790858171634324,0.00345696615288956,interpolado
0.328,0.003327,original
0.3281082216443288,0.0029995445111023647,interpolado
0.3282080416083216,0.0025515592492457427,interpolado
0.3283078615723144,0.0019914390834577535,interpolado
0.32840768153630717,0.0013463443587192197,interpolado
0.3285075015003,0.0006434354200107778,interpolado
0.3286073214642928,-9.012738768574325e-05,interpolado
0.3287071414282856,-0.0008271837193900896,interpolado
0.32880696139227844,-0.0015405732301203925,interpolado
0.32890678135627116,-0.0022031355748960268,interpolado
0.329,-0.002752,original
0.32910642128425677,-0.0032729763118495105,interpolado
0.32920624124824965,-0.0036567547036314963,interpolado
0.32930606121224243,-0.003940796819741369,interpolado
0.32940588117623515,-0.004126852502233515,interpolado
0.32950570114022804,-0.0042166715931620975,interpolado
0.3296055211042208,-0.004212003934581162,interpolado
0.3297053410682137,-0.004114599368544848,interpolado
0.3298051610322064,-0.0039262077371074065,interpolado
0.32990498099619925,-0.003648578882322953,interpolado
0.33,-0.003303,original
0.3301046209241848,-0.002839543970236586,interpolado
0.33020444088817763,-0.0023495162010164806,interpolado
0.3303042608521704,-0.0018512708790925766,interpolado
0.33040408081616324,-0.0013826988748071594,interpolado
0.330503900780156,-0.0009816910585025785,interpolado
0.3306037207441488,-0.0006861383005218456,interpolado
0.3307035407081417,-0.0005339314712072257,interpolado
0.33080336067213445,-0.0005629614409014541,interpolado
0.3309031806361272,-0.0008111190799469496,interpolado
0.331,-0.001297,original
0.33110282056411283,-0.002095779415389681,interpolado
0.33120264052810566,-0.003091565011258635,interpolado
0.33130246049209844,-0.004228442837966078,interpolado
0.3314022804560912,-0.005431204199200234,interpolado
0.33150210042008404,-0.006624640398649475,interpolado
0.3316019203840768,-0.00773354274000017,interpolado
0.33170174034806965,-0.008682702526941186,interpolado
0.3318015603120625,-0.009396911063159163,interpolado
0.33190138027605526,-0.009800959652342402,interpolado
0.332,-0.009822,original
0.3321010202040409,-0.00940524947087687,interpolado
0.3322008401680338,-0.008616218330488987,interpolado
0.3323006601320266,-0.0075365680009792015,interpolado
0.33240048009601936,-0.006250320260175947,interpolado
0.3325003000600122,-0.004841496885907198,interpolado
0.33260012002400496,-0.0033941196560033308,interpolado
0.3326999399879977,-0.001992210348292368,interpolado
0.3327997599519906,-0.0007197907406024303,interpolado
0.33289957991598335,0.0003391173892362575,interpolado
0.333,0.001104,original
0.3330992198439689,0.0015050020673074338,interpolado
0.33319903980796167,0.0015938722777647672,interpolado
0.3332988597719545,0.0014339252021964514,interpolado
0.3333986797359472,0.0010919831534944003,interpolado
0.33349849969994005,0.0006348684445500189,interpolado
0.3335983196639327,0.00012940338825554885,interpolado
0.3336981396279256,-0.00035758970249753276,interpolado
0.3337979595919184,-0.0007592885148177082,interpolado
0.33389777955591116,-0.0010088707358127977,interpolado
0.334,-0.001037,original
0.33409741948389676,-0.0008044209091544707,interpolado
0.33419723944788954,-0.00034288710430353196,interpolado
0.3342970594118824,0.0002826591696570148,interpolado
0.33439687937587514,0.0010097894208337698,interpolado
0.334496699339868,0.0017760751573347873,interpolado
0.33459651930386075,0.002519087887266513,interpolado
0.3346963392678536,0.003176399118736688,interpolado
0.33479615923184647,0.003685580359852867,interpolado
0.33489597919583924,0.003984203118721778,interpolado
0.335,0.004004,original
0.33509561912382485,0.0037183452584086817,interpolado
0.3351954390878176,0.003148577525420517,interpolado
0.33529525905181046,0.0023629269828952548,interpolado
0.33539507901580323,0.001423786459821577,interpolado
0.335494898979796,0.0003935487851862942,interpolado
0.33559471894378884,-0.0006653932120216403,interpolado
0.3356945389077816,-0.001690646702815003,interpolado
0.33579435887177445,-0.0026198188582064884,interpolado
0.33589417883576717,-0.0033905168492072563,interpolado
0.336,-0.003965,original
0.33609381876375277,-0.004221690500185391,interpolado
0.33619363872774555,-0.004257714321778054,interpolado
0.33629345869173843,-0.004092770264336107,interpolado
0.3363932786557312,-0.00377121314665304,interpolado
0.336493098619724,-0.003337397787521842,interpolado
0.3365929185837169,-0.002835679005736307,interpolado
0.33669273854770965,-0.0023104116200895093,interpolado
0.3367925585117024,-0.0018059504493744753,interpolado
0.3368923784756953,-0.001366650312385078,interpolado
0.337,-0.001017,original
0.3370920184036809,-0.0008494189403407723,interpolado
0.33719183836767364,-0.0007787579890541302,interpolado
0.33729165833166647,-0.0007809086516581852,interpolado
0.33739147829565924,-0.0008118893769682247,interpolado
0.3374912982596521,-0.0008277186137995399,interpolado
0.33759111822364474,-0.0007844148109674038,interpolado
0.33769093818763757,-0.0006379964172871437,interpolado
0.33779075815163034,-0.00034448188157385775,interpolado
0.3378905781156232,0.00014011034735683789,interpolado
0.338,0.000943,original
0.3380902180436087,0.001844940248140649,interpolado
0.33819003800760156,0.0030538638603220826,interpolado
0.3382898579715943,0.004420705280456577,interpolado
0.3383896779355871,0.00587962083981994,interpolado
0.33848949789957994,0.00736476686969024,interpolado
0.3385893178635727,0.008810299701345602,interpolado
0.33868913782756555,0.010150375666061749,interpolado
0.3387889577915583,0.011319151095117429,interpolado
0.33888877775555115,0.012250782319788678,interpolado
0.339,0.012929,original
0.33908841768353676,0.013151659535885374,interpolado
0.3391882376475296,0.013084239939511716,interpolado
0.33928805761152236,0.012718542181504162,interpolado
0.33938787757551514,0.012095968202176299,interpolado
0.3394876975395079,0.01125791994184116,interpolado
0.3395875175035007,0.010245799340811306,interpolado
0.3396873374674935,0.00910100833940103,interpolado
0.3397871574314863,0.007864948877922275,interpolado
0.33988697739547913,0.006579022896689589,interpolado
0.34,0.005115,original
0.3400866173234648,0.004020450924834564,interpolado
0.3401864372874575,0.0028088594023443166,interpolado
0.34028625725145034,0.0016662159391468215,interpolado
0.3403860772154432,0.000608869044311729,interpolado
0.340485897179436,-0.0003468327730932366,interpolado
0.3405857171434288,-0.0011845410040001276,interpolado
0.3406855371074216,-0.0018879071393396287,interpolado
0.3407853570714145,-0.0024405826700441245,interpolado
0.3408851770354072,-0.002826219087044613,interpolado
0.341,-0.003042,original
0.3410848169633928,-0.0030355801801059176,interpolado
0.3411846369273856,-0.002864857999511113,interpolado
0.34128445689137843,-0.0025449135229498763,interpolado
0.34138427685537115,-0.0021043843910307372,interpolado
0.3414840968193638,-0.0015719082443617252,interpolado
0.34158391678335676,-0.0009761227235506615,interpolado
0.3416837367473495,-0.000345665469206384,interpolado
0.34178355671134225,0.00029082587806360726,interpolado
0.3418833766753351,0.0009047136776504271,interpolado
0.342,0.001555,original
0.3420830166033207,0.001951817308624805,interpolado
0.3421828365673134,0.0023424255505181545,interpolado
0.3422826565313063,0.002628153095991835,interpolado
0.34238247649529907,0.0027979820346716528,interpolado
0.3424822964592918,0.002840894456183924,interpolado
0.3425821164232846,0.0027458724501546873,interpolado
0.3426819363872775,0.0025018981062101707,interpolado
0.34278175635127034,0.0020979535139762197,interpolado
0.34288157631526306,0.0015230207630794064,interpolado
0.343,0.000604,original
0.3430812162432487,-0.00017744208034599314,interpolado
0.3431810362072415,-0.0012665721780318487,interpolado
0.3432808561712343,-0.002440677403709892,interpolado
0.3433806761352271,-0.0036390494230992857,interpolado
0.3434804960992199,-0.004800979901921155,interpolado
0.3435803160632127,-0.005865760505896546,interpolado
0.34368013602720554,-0.006772682900744742,interpolado
0.34377995599119826,-0.007461038752186859,interpolado
0.3438797759551911,-0.007870119725943524,interpolado
0.344,-0.007906,original
0.3440794158831766,-0.007619258953237065,interpolado
0.3441792358471695,-0.0069483906438578425,interpolado
0.34427905581116214,-0.0060043368457567085,interpolado
0.3443788757751551,-0.004865019180361923,interpolado
0.3444786957391478,-0.0036083592691037,interpolado
0.3445785157031407,-0.0023122787334096608,interpolado
0.34467833566713346,-0.0010546991947102033,interpolado
0.34477815563112624,8.645772556646505e-05,interpolado
0.34487797559511907,0.0010332704059918868,interpolado
0.345,0.001813,original
0.34507761552310473,0.002043344339698844,interpolado
0.34517743548709745,0.0020618534063055662,interpolado
0.3452772554510902,0.001827697296246056,interpolado
0.34537707541508306,0.0014054903620501526,interpolado
0.3454768953790759,0.0008598469562484689,interpolado
0.3455767153430686,0.00025538143137058953,interpolado
0.34567653530706144,-0.0003432918600526717,interpolado
0.3457763552710542,-0.0008715585654915234,interpolado
0.345876175235047,-0.0012648043324160227,interpolado
0.346,-0.001468,original
0.3460758151630326,-0.0013962332041365505,interpolado
0.3461756351270254,-0.0010934229392057838,interpolado
0.34627545509101815,-0.0006009203968737458,interpolado
0.34637527505501103,3.0069584563626305e-05,interpolado
0.34647509501900375,0.0007483421668092894,interpolado
0.3465749149829966,0.001502692511567662,interpolado
0.34667473494698936,0.002241915780541564,interpolado
0.3467745549109822,0.0029148071354350904,interpolado
0.346874374874975,0.0034701617379521905,interpolado
0.347,0.003923,original
0.3470740148029606,0.004028619783946929,interpolado
0.34717383476695335,0.003986046070470672,interpolado
0.34727365473094607,0.0037538455625211508,interpolado
0.347373474694939,0.0033570296775362594,interpolado
0.3474732946589318,0.0028206098329546106,interpolado
0.3475731146229246,0.0021695974462137948,interpolado
0.3476729345869174,0.0014290039347527052,interpolado
0.3477727545509101,0.0006238407160091648,interpolado
0.347872574514903,-0.00022088079257914263,interpolado
0.348,-0.001317,original
0.34807221444288855,-0.0019284413810998727,interpolado
0.3481720344068813,-0.002735363713461327,interpolado
0.34827185437087416,-0.003467825852455194,interpolado
0.34837167433486693,-0.0040927088993457745,interpolado
0.3484714942988597,-0.004576893955396358,interpolado
0.34857131426285254,-0.004887262121871435,interpolado
0.3486711342268453,-0.004990694500034639,interpolado
0.34877095419083814,-0.004854072191150189,interpolado
0.34887077415483103,-0.004444276296481768,interpolado
0.349,-0.003454,original
0.3490704140828166,-0.0026799865212065056,interpolado
0.34917023404680936,-0.001347788426713795,interpolado
0.3492700540108021,0.00017730394850821814,interpolado
0.34936987397479496,0.0018036566299894539,interpolado
0.34946969393878774,0.0034396356432570725,interpolado
0.34956951390278057,0.004993607013840961,interpolado
0.34966933386677346,0.006373936767270829,interpolado
0.3497691538307661,0.007488990929074098,interpolado
0.34986897379475895,0.008247135524780912,interpolado
0.35,0.008547,original
0.3500686137227445,0.008335966710187463,interpolado
0.3501684336867373,0.007608840276371236,interpolado
0.35026825365073017,0.006463971658879649,interpolado
0.35036807361472294,0.004990897829644609,interpolado
0.3504678935787158,0.003279155760600871,interpolado
0.3505677135427085,0.0014182824236807694,interpolado
0.35066753350670127,-0.0005021852091836834,interpolado
0.3507673534706941,-0.0023927101660572493,interpolado
0.3508671734346869,-0.004163755475008837,interpolado
0.351,-0.006181,original
0.3510668133626724,-0.006994483070279213,interpolado
0.35116663332666526,-0.00794568070678771,interpolado
0.35126645329065803,-0.008593730634303534,interpolado
0.3513662732546509,-0.00895361620923158,interpolado
0.3514660932186437,-0.009040320787975613,interpolado
0.35156591318263647,-0.008868827726940068,interpolado
0.35166573314662936,-0.008454120382528815,interpolado
0.3517655531106221,-0.007811182111146472,interpolado
0.35186537307461496,-0.006954996269196505,interpolado
0.352,-0.005489,original
0.35206501300260046,-0.004664519520155374,interpolado
0.3521648329665933,-0.003284562100308551,interpolado
0.35226465293058606,-0.0018124065982844499,interpolado
0.35236447289457884,-0.00030004719005292425,interpolado
0.3524642928585717,0.0012005219484128957,interpolado
0.3525641128225644,0.002637306641142419,interpolado
0.35266393278655733,0.00395831271216491,interpolado
0.35276375275055005,0.005111545985507455,interpolado
0.35286357271454294,0.006045012285199842,interpolado
0.353,0.006871,original
0.3530632126425285,0.0070487953244399,interpolado
0.3531630326065213,0.007077687933382993,interpolado
0.3532628525705141,0.006838129316754763,interpolado
0.353362672534507,0.006375655278375679,interpolado
0.35346249249849976,0.005735801622066949,interpolado
0.3535623124624926,0.004964104151649054,interpolado
0.3536621324264853,0.004106098670942179,interpolado
0.3537619523904782,0.003207320983767977,interpolado
0.353861772354471,0.002313306893946182,interpolado
0.354,0.001168,original
0.3540614122824566,0.0007196324700488947,interpolado
0.35416123224644935,7.755937150329745e-05,interpolado
0.35426105221044213,-0.0004641810414125765,interpolado
0.3543608721744349,-0.000913651586933412,interpolado
0.3544606921384277,-0.0012789150832927868,interpolado
0.35456051210242046,-0.0015680343487250485,interpolado
0.35466033206641323,-0.0017890722014643752,interpolado
0.354760152030406,-0.001950091459744599,interpolado
0.35485997199439884,-0.0020591549417999814,interpolado
0.355,-0.00214,original
0.3550596119223844,-0.002153496382136746,interpolado
0.3551594318863772,-0.0021519969058170526,interpolado
0.35525925185037,-0.0021231677538330494,interpolado
0.35535907181436277,-0.0020702976402588668,interpolado
0.35545889177835566,-0.0019966752791685818,interpolado
0.3555587117423485,-0.0019055893846364011,interpolado
0.35565853170634126,-0.0018003286707363496,interpolado
0.35575835167033415,-0.0016841818515426707,interpolado
0.35585817163432687,-0.0015604376411294315,interpolado
0.356,-0.001378,original
0.3560578115623125,-0.0013033707300228899,interpolado
0.3561576315263053,-0.001177700314419111,interpolado
0.3562574514902981,-0.0010604565739127647,interpolado
0.3563572714542908,-0.0009567451461822073,interpolado
0.35645709141828363,-0.0008716716689058241,interpolado
0.3565569113822764,-0.0008103417797621391,interpolado
0.3566567313462693,-0.0007778611164295172,interpolado
0.356756551310262,-0.0007793353165864232,interpolado
0.3568563712742547,-0.0008198700179112579,interpolado
0.357,-0.000957,original
0.35705601120224034,-0.001037318546970936,interpolado
0.35715583116623323,-0.0012005150860435678,interpolado
0.35725565113022595,-0.0013582525962812547,interpolado
0.3573554710942188,-0.0014740371026827704,interpolado
0.35745529105821156,-0.0015113746302467955,interpolado
0.3575551110222043,-0.0014337712039719603,interpolado
0.3576549309861972,-0.0012047328488568251,interpolado
0.35775475095019,-0.0007877655899003134,interpolado
0.3578545709141827,-0.00014637545210103306,interpolado
0.358,0.001265,original
0.35805421084216843,0.0019521855281363837,interpolado
0.3581540308061612,0.0034098170067163717,interpolado
0.358253850770154,0.0050376343895578825,interpolado
0.35835367073414676,0.006742383308262657,interpolado
0.3584534906981396,0.008430809394432593,interpolado
0.3585533106621324,0.01000965827966676,interpolado
0.35865313062612525,0.011385675595567798,interpolado
0.358752950590118,0.012465606973735104,interpolado
0.3588527705541108,0.013156198045770512,interpolado
0.359,0.013267,original
0.3590524104820964,0.013001270831988645,interpolado
0.3591522304460892,0.012080170440416585,interpolado
0.35925205041008196,0.010708310476566531,interpolado
0.35935187037407484,0.008996756553007973,interpolado
0.35945169033806756,0.007056574282309634,interpolado
0.35955151030206045,0.004998829277043587,interpolado
0.3596513302660533,0.00293458714977752,interpolado
0.35975115023004595,0.0009749135130836361,interpolado
0.3598509701940388,-0.0007691260204693677,interpolado
0.36,-0.002731,original
0.3600506101220244,-0.00316984576980482,interpolado
0.3601504300860172,-0.003696714145816416,interpolado
0.36025025005001,-0.00382769192029019,interpolado
0.3603500700140028,-0.003626898281174709,interpolado
0.36044988997799565,-0.0031584524164178117,interpolado
0.36054970994198837,-0.0024864735139681978,interpolado
0.3606495299059812,-0.0016750807617738378,interpolado
0.36074934986997403,-0.0007883933477823839,interpolado
0.36084916983396675,0.00010946954005699289,interpolado
0.3609489897979596,0.0009543887137970552,interpolado
0.361,0.001345,original
0.36114862972594514,0.0022694587328483755,interpolado
0.36124844968993797,0.0027196473588327378,interpolado
0.36134826965393074,0.003043810137397194,interpolado
0.36144808961792363,0.003251510581574566,interpolado
0.3615479095819164,0.0033523122043970727,interpolado
0.3616477295459091,0.003355778518897311,interpolado
0.361747549509902,0.003271473038107662,interpolado
0.36184736947389473,0.003108959275060668,interpolado
0.3619471894378875,0.002877800742788611,interpolado
0.362,0.002731,original
0.3621468293658732,0.0022473813526981794,interpolado
0.362246649329866,0.0018660909445293882,interpolado
0.3623464692938588,0.001452443691553751,interpolado
0.36244628925785155,0.0010152074071047641,interpolado
0.3625461092218443,0.0005631499045168624,interpolado
0.3626459291858371,0.00010503899712375502,interpolado
0.3627457491498298,-0.00035035750174086444,interpolado
0.36284556911382276,-0.000794271778742541,interpolado
0.3629453890778155,-0.001217936020547811,interpolado
0.363,-0.001438,original
0.3631450290058011,-0.0019692804812521327,interpolado
0.36324484896979403,-0.002278967654053972,interpolado
0.3633446689337867,-0.002532552969620427,interpolado
0.3634444888977797,-0.0027209503925731513,interpolado
0.36354430886177236,-0.0028350738875333086,interpolado
0.36364412882576513,-0.0028658374191224017,interpolado
0.363743948789758,-0.002804154951961749,interpolado
0.36384376875375074,-0.002640940450672793,interpolado
0.36394358871774357,-0.002367107879876722,interpolado
0.364,-0.00216,original
0.3641432286457291,-0.0014694350220675998,interpolado
0.364243048609722,-0.0008799282635589843,interpolado
0.36434286857371484,-0.00023341679540419803,interpolado
0.36444268853770756,0.00044223990898093515,interpolado
0.3645425085017003,0.0011191823761791423,interpolado
0.36464232846569306,0.0017695511327742845,interpolado
0.3647421484296859,0.002365486705350165,interpolado
0.36484196839367866,0.002879129620489599,interpolado
0.3649417883576715,0.0032826204047766163,interpolado
0.365,0.003456,original
0.3651414282856571,0.0036685973499647495,interpolado
0.36524124824964993,0.003657270042703533,interpolado
0.3653410682136427,0.003530858407842537,interpolado
0.36544088817763554,0.0033055712495459934,interpolado
0.3655407081416282,0.0029976173719785146,interpolado
0.36564052810562103,0.0026232055793043558,interpolado
0.3657403480696139,0.0021985446756876237,interpolado
0.36584016803360664,0.0017398434652931517,interpolado
0.3659399879975995,0.0012633107522848045,interpolado
0.366,0.000975,original
0.366139627925585,0.0003211283282441592,interpolado
0.36623944788957785,-0.00011349672102689535,interpolado
0.3663392678535706,-0.0005035250093525741,interpolado
0.3664390878175635,-0.0008337511323985573,interpolado
0.36653890778155623,-0.0010889696858303924,interpolado
0.36663872774554906,-0.0012539752653132194,interpolado
0.3667385477095419,-0.0013135624665126318,interpolado
0.3668383676735346,-0.001252525885093986,interpolado
0.36693818763752745,-0.0010556601167227761,interpolado
0.367,-0.000859,original
0.367137827565513,-0.00022200095699310667,interpolado
0.3672376475295059,0.0003564781283175906,interpolado
0.3673374674934987,0.0009775985905352952,interpolado
0.3674372874574914,0.001591876688991203,interpolado
0.36753710742148415,0.0021498286830164966,interpolado
0.367636927385477,0.00260197083194143,interpolado
0.3677367473494698,0.002898819395097343,interpolado
0.36783656731346265,0.0029908906318147784,interpolado
0.36793638727745537,0.0028287008014248457,interpolado
0.368,0.00257,original
0.3681360272054411,0.0015926913752795345,interpolado
0.3682358471694339,0.000577582284938004,interpolado
0.3683356671334267,-0.0006147319662456118,interpolado
0.3684354870974194,-0.001917347974240631,interpolado
0.3685353070614123,-0.0032633623350166274,interpolado
0.3686351270254051,-0.004585871644540896,interpolado
0.3687349469893979,-0.005817972498783652,interpolado
0.3688347669533906,-0.006892761493712316,interpolado
0.3689345869173835,-0.007743335225296426,interpolado
0.369,-0.008147,original
0.369134226845369,-0.00854461460236383,interpolado
0.3692340468093619,-0.00849486107312738,interpolado
0.36933386677335467,-0.0081869786522424,interpolado
0.36943368673734744,-0.007653735981765421,interpolado
0.3695335067013403,-0.006927901703752477,interpolado
0.36963332666533305,-0.006042244460260866,interpolado
0.36973314662932577,-0.0050295328933461295,interpolado
0.36983296659331855,-0.003922535645065886,interpolado
0.3699327865573113,-0.0027540213574760884,interpolado
0.37,-0.001949,original
0.37013242648529704,-0.00036246372137302803,interpolado
0.3702322464492898,0.000798614719694277,interpolado
0.3703320664132827,0.001896428336187401,interpolado
0.3704318863772754,0.002900913102301244,interpolado
0.37053170634126825,0.0037820049922305085,interpolado
0.370631526305261,0.004509639980168445,interpolado
0.37073134626925386,0.0050537540403100744,interpolado
0.37083116623324675,0.0053842831468490305,interpolado
0.3709309861972394,0.00547116327397991,interpolado
0.371,0.005373,original
0.371130626125225,0.004824007201630663,interpolado
0.37123044608921785,0.004135561025126077,interpolado
0.37133026605321073,0.0032704147665891165,interpolado
0.3714300860172035,0.0022795940662714864,interpolado
0.37152990598119623,0.0012141245644246225,interpolado
0.37162972594518895,0.00012503190130176256,interpolado
0.3717295459091819,-0.0009366582828462058,interpolado
0.37182936587317456,-0.0019199203477660435,interpolado
0.37192918583716733,-0.002773728653206322,interpolado
0.372,-0.003273,original
0.372128825765153,-0.003916696891418309,interpolado
0.37222864572914566,-0.004203687875834524,interpolado
0.3723284656931386,-0.004334961668609946,interpolado
0.3724282856571313,-0.004337131934212079,interpolado
0.3725281056211242,-0.0042368123371085975,interpolado
0.3726279255851169,-0.004060616541767263,interpolado
0.37272774554910976,-0.0038351582126556873,interpolado
0.3728275655131026,-0.0035870510142413676,interpolado
0.37292738547709536,-0.0033429086109922315,interpolado
0.373,-0.003183,original
0.37312702540508097,-0.0029613230547215433,interpolado
0.3732268453690738,-0.002834057538870518,interpolado
0.3733266653330666,-0.002740127797073158,interpolado
0.37342648529705935,-0.002672227956044147,interpolado
0.3735263052610522,-0.002623052142497982,interpolado
0.3736261252250449,-0.002585294483149294,interpolado
0.37372594518903773,-0.0025516491047126375,interpolado
0.37382576515303056,-0.0025148101339025684,interpolado
0.37392558511702334,-0.0024674716974337064,interpolado
0.374,-0.002421,original
0.374125225045009,-0.002316871365759291,interpolado
0.37422504500900183,-0.002217251416365688,interpolado
0.37432486497299466,-0.00211078467330021,interpolado
0.3744246849369874,-0.0020047476689657455,interpolado
0.37452450490098016,-0.0019064169357649486,interpolado
0.374624324864973,-0.0018230690061006973,interpolado
0.37472414482896577,-0.0017619804123756976,interpolado
0.37482396479295865,-0.0017304276869927063,interpolado
0.3749237847569513,-0.0017356873623545258,interpolado
0.375,-0.001769,original
0.37512342468493703,-0.0018789654988569217,interpolado
0.37522324464892975,-0.0020049586741975613,interpolado
0.3753230646129227,-0.0021487108942627414,interpolado
0.3754228845769153,-0.002295965014636013,interpolado
0.3755227045409082,-0.002432463890901237,interpolado
0.37562252450490097,-0.0025439503786419725,interpolado
0.3757223444688937,-0.0026161673334420157,interpolado
0.3758221644328865,-0.0026348576108850756,interpolado
0.37592198439687924,-0.0025857640665548406,interpolado
0.376,-0.002491,original
0.37612162432486496,-0.0022379089719775837,interpolado
0.37622144428885773,-0.001953864367768431,interpolado
0.3763212642528505,-0.0016238318762694644,interpolado
0.3764210842168433,-0.0012690859082248838,interpolado
0.3765209041808361,-0.000910900874378144,interpolado
0.37662072414482894,-0.000570551185473475,interpolado
0.3767205441088217,-0.00026931125225449984,interpolado
0.37682036407281444,-2.8455485464930176e-05,interpolado
0.3769201840368073,0.00013074170415113532,interpolado
0.377,0.000185,original
0.37711982396479293,0.0001357518630322341,interpolado
0.37721964392878565,8.43007245818879e-06,interpolado
0.37731946389277854,-0.0001582657983243072,interpolado
0.37741928385677137,-0.0003277197339840142,interpolado
0.37751910382076415,-0.0004633157191900354,interpolado
0.3776189237847569,-0.0005284377386111661,interpolado
0.3777187437487496,-0.0004864697769164539,interpolado
0.3778185637127426,-0.00030079581877471184,interpolado
0.3779183836767353,6.520015114491111e-05,interpolado
0.378,0.000524,original
0.37811802360472085,0.0014584546929189168,interpolado
0.37821784356871374,0.0024467333678915293,interpolado
0.3783176635327065,0.003554504306964482,interpolado
0.37841748349669935,0.00472339765706335,interpolado
0.37851730346069207,0.005895043565115548,interpolado
0.378617123424685,0.007011072178048504,interpolado
0.37871694338867773,0.008013113642787777,interpolado
0.37881676335267056,0.00884279810626124,interpolado
0.3789165833166634,0.009441755715394781,interpolado
0.379,0.009723,original
0.379116223244649,0.009745392918266772,interpolado
0.3792160432086418,0.009472137510727561,interpolado
0.37931586317263466,0.008992858908156116,interpolado
0.3794156831366274,0.00836847739889508,interpolado
0.3795155031006201,0.007659913271286324,interpolado
0.37961532306461293,0.00692808681367153,interpolado
0.3797151430286058,0.006233918314393625,interpolado
0.3798149629925985,0.00563832806179399,interpolado
0.3799147829565913,0.005202236344215404,interpolado
0.38,0.005002,original
0.380114422884577,0.005027563494876395,interpolado
0.38021424284856964,0.005298242146043539,interpolado
0.3803140628125625,0.005761210725672617,interpolado
0.3804138827765553,0.006379131828170764,interpolado
0.380513702740548,0.00711466804794585,interpolado
0.38061352270454085,0.007930481979406013,interpolado
0.38071334266853374,0.008789236216957992,interpolado
0.3808131626325265,0.009653593355010365,interpolado
0.3809129825965193,0.010486215987969815,interpolado
0.381,0.011157,original
0.3811126225245049,0.011915652938747832,interpolado
0.3812124424884977,0.0124789975649,interpolado
0.3813122624524905,0.012939008470894901,interpolado
0.3814120824164833,0.013294880692989822,interpolado
0.381511902380476,0.013545809267442845,interpolado
0.38161172234446883,0.013690989230511813,interpolado
0.3817115423084616,0.013729615618454366,interpolado
0.38181136227245444,0.01366088346752834,interpolado
0.38191118223644727,0.013483987813991608,interpolado
0.382,0.013235,original
0.3821108221644329,0.01280391808580809,interpolado
0.3822106421284256,0.012306103089670284,interpolado
0.3823104620924186,0.011710153542306388,interpolado
0.38241028205641137,0.011021542879187145,interpolado
0.38251010202040414,0.010245744535782348,interpolado
0.38260992198439703,0.009388231947561583,interpolado
0.3827097419483898,0.008454478549995892,interpolado
0.3828095619123827,0.007449957778554331,interpolado
0.38290938187637547,0.006380143068708105,interpolado
0.383,0.005357,original
0.3831090218043611,0.004073438660028453,interpolado
0.38320884176835396,0.0028822637972274216,interpolado
0.3833086617323467,0.0017142980869326704,interpolado
0.3834084816963395,0.0006068521917847018,interpolado
0.3835083016603323,-0.00040276322557414887,interpolado
0.38360812162432495,-0.0012772375025038667,interpolado
0.38370794158831784,-0.0019792599763623726,interpolado
0.3838077615523106,-0.0024715199845091003,interpolado
0.38390758151630344,-0.002716706864303022,interpolado
0.384,-0.002691,original
0.38410722144428894,-0.0023376231220666017,interpolado
0.38420704140828177,-0.0017479527251968848,interpolado
0.38430686137227443,-0.0009728834443081994,interpolado
0.38440668133626726,-7.679305207700863e-05,interpolado
0.38450650130026004,0.000875940678818686,interpolado
0.3846063212642528,0.0018209399757028843,interpolado
0.3847061412282456,0.0026938270658975285,interpolado
0.3848059611922384,0.003430224176726172,interpolado
0.3849057811562312,0.003965753535512065,interpolado
0.385,0.004229,original
0.38510542108421686,0.004200437967059458,interpolado
0.38520524104820963,0.0038985404149820364,interpolado
0.3853050610122025,0.0033868918183152653,interpolado
0.38540488097619535,0.002722035721421318,interpolado
0.38550470094018807,0.0019605156686635346,interpolado
0.3856045209041809,0.0011588752044037185,interpolado
0.38570434086817373,0.000373657873005359,interpolado
0.38580416083216656,-0.00033859278116940425,interpolado
0.3859039807961594,-0.0009213332137582709,interpolado
0.386,-0.001307,original
0.38610362072414495,-0.0014892024169286277,interpolado
0.3862034406881377,-0.0014564166791173833,interpolado
0.38630326065213044,-0.0012548024728791115,interpolado
0.3864030806161233,-0.0009194987606102148,interpolado
0.3865029005801161,-0.0004856445047076995,interpolado
0.3866027205441089,1.1621332432256083e-05,interpolado
0.38670254050810166,0.0005371597884124646,interpolado
0.3868023604720944,0.0010558319008365695,interpolado
0.38690218043608726,0.001532498707308201,interpolado
0.387,0.001925,original
0.3871018203640727,0.002225765428336008,interpolado
0.38720164032806553,0.0024095981205081293,interpolado
0.3873014602920583,0.002485154210677545,interpolado
0.3874012802560511,0.002454068538247894,interpolado
0.38750110022004397,0.0023179759426228993,interpolado
0.3876009201840367,0.002078511263206099,interpolado
0.3877007401480295,0.0017373093394014464,interpolado
0.3878005601120224,0.0012960050106125246,interpolado
0.3879003800760151,0.0007562331162426924,interpolado
0.388,0.000121,original
0.38810002000400073,-0.0006065131274023052,interpolado
0.3881998399679936,-0.0013923882179461416,interpolado
0.3882996599319863,-0.002202600015677515,interpolado
0.3883994798959792,-0.0030017517603840127,interpolado
0.388499299859972,-0.003754446691851881,interpolado
0.3885991198239649,-0.004425288049869065,interpolado
0.3886989397879576,-0.004978879074221957,interpolado
0.38879875975195044,-0.005379823004698107,interpolado
0.38889857971594327,-0.005592723081084726,interpolado
0.389,-0.00558,original
0.38909821964392877,-0.005326363986044934,interpolado
0.3891980396079216,-0.0048603401986889744,interpolado
0.38929785957191443,-0.004234112313517019,interpolado
0.3893976795359072,-0.0034976815215936007,interpolado
0.38949749949990004,-0.0027010490139847353,interpolado
0.38959731946389276,-0.0018942159817552104,interpolado
0.38969713942788564,-0.0011271836159697944,interpolado
0.3897969593918785,-0.0004499531076945322,interpolado
0.38989677935587125,8.747435200609521e-05,interpolado
0.39,0.000443,original
0.3900964192838568,0.000557583783542218,interpolado
0.39019623924784963,0.0004845922422998544,interpolado
0.39029605921184235,0.000263776268321166,interpolado
0.39039587917583524,-5.7210174852168676e-05,interpolado
0.39049569913982796,-0.0004307131236779021,interpolado
0.3905955191038208,-0.0008090786146143221,interpolado
0.3906953390678137,-0.0011446526841197271,interpolado
0.39079515903180634,-0.0013897813686518548,interpolado
0.3908949789957993,-0.0014968107046690533,interpolado
0.391,-0.001408,original
0.3910946189237848,-0.0011213313281650788,interpolado
0.3911944388877776,-0.0006461933098110297,interpolado
0.3912942588517703,-5.3336151408643956e-05,interpolado
0.3913940788157632,0.0005965741154669759,interpolado
0.391493898779756,0.0012428714592393926,interpolado
0.39159371874374876,0.0018248898483332714,interpolado
0.39169353870774154,0.002281963251173131,interpolado
0.3917933586717343,0.0025534256361827504,interpolado
0.39189317863572726,0.002578610971786672,interpolado
0.392,0.002264,original
0.39209281856371275,0.0016665739637125553,interpolado
0.3921926385277056,0.0007404825174692956,interpolado
0.3922924584916983,-0.000399649367540854,interpolado
0.39239227845569113,-0.0016720417543240934,interpolado
0.39249209841968385,-0.002994914705884,interpolado
0.3925919183836767,-0.004286488285226283,interpolado
0.39269173834766946,-0.005464982555356579,interpolado
0.3927915583116623,-0.006448617579278574,interpolado
0.39289137827565507,-0.007155613419998292,interpolado
0.393,-0.007515,original
0.39309101820364073,-0.007432796400256473,interpolado
0.3931908381676335,-0.006985422610633981,interpolado
0.3932906581316262,-0.006240368003362428,interpolado
0.3933904780956191,-0.00527595010334659,interpolado
0.39349029805961194,-0.004170486435493076,interpolado
0.3935901180236047,-0.0030022945247069077,interpolado
0.3936899379875976,-0.0018496918958929665,interpolado
0.3937897579515903,-0.0007909960739580702,interpolado
0.3938895779155832,9.547541619335726e-05,interpolado
0.394,0.000781,original
0.3940892178435688,0.0010537291498624634,interpolado
0.3941890378075616,0.0010834696028077127,interpolado
0.39428885777155437,0.0008704654899730515,interpolado
0.3943886777355472,0.00046458149062994134,interpolado
0.3944884976995401,-8.43177159495128e-05,interpolado
0.39458831766353275,-0.0007263674504938507,interpolado
0.3946881376275256,-0.0014117030337318216,interpolado
0.39478795759151836,-0.0020904597863910072,interpolado
0.3948877775555112,-0.0027127730292001457,interpolado
0.395,-0.003283,original
0.3950874174834968,-0.003595910128452059,interpolado
0.3951872374474895,-0.0038141344023331055,interpolado
0.39528705741148235,-0.0038987767180389088,interpolado
0.3953868773754751,-0.0038651837361612217,interpolado
0.39548669733946795,-0.0037287021172915332,interpolado
0.3955865173034608,-0.0035046785220215985,interpolado
0.39568633726745367,-0.0032084596109427784,interpolado
0.3957861572314464,-0.0028553920446470027,interpolado
0.39588597719543916,-0.002460822483725718,interpolado
0.396,-0.001979,original
0.3960856171234247,-0.001608555624424316,interpolado
0.39618543708741755,-0.001181483133501422,interpolado
0.39628525705141027,-0.0007741469802866072,interpolado
0.39638507701540304,-0.00040181399073639434,interpolado
0.3964848969793959,-7.975099080738345e-05,interpolado
0.3965847169433887,0.00017677519354329665,interpolado
0.39668453690738154,0.00035249773635915134,interpolado
0.39678435687137426,0.00043214981168321494,interpolado
0.3968841768353671,0.00040046459355884715,interpolado
0.397,0.000204,original
0.3970838167633527,-5.063876174086619e-05,interpolado
0.3971836367273454,-0.00043802346024821243,interpolado
0.39728345669133824,-0.0008608446180996614,interpolado
0.397383276655331,-0.001259916881701376,interpolado
0.3974830966193239,-0.0015760548974594654,interpolado
0.39758291658331674,-0.001750073311779519,interpolado
0.39768273654730946,-0.0017227867710676277,interpolado
0.3977825565113023,-0.0014350099217297634,interpolado
0.3978823764752951,-0.000827557410171939,interpolado
0.398,0.000379,original
0.3980820164032808,0.00156672216156872,interpolado
0.3981818363672735,0.0033260501963041315,interpolado
0.39828165633126633,0.005318763211399499,interpolado
0.3983814762952591,0.007426716509821231,interpolado
0.39848129625925194,0.009531765394535992,interpolado
0.39858111622324466,0.011515765168506907,interpolado
0.3986809361872376,0.013260571134701558,interpolado
0.3987807561512303,0.014648038596083459,interpolado
0.39888057611522315,0.01556002285561919,interpolado
0.399,0.015861,original
0.39908021604320876,0.015505552003666153,interpolado
0.3991800360072015,0.014494401133243262,interpolado
0.3992798559711943,0.012964524429883403,interpolado
0.39937967593518703,0.01103582024362532,interpolado
0.3994794958991799,0.008828186924506874,interpolado
0.3995793158631727,0.006461522822569717,interpolado
0.39967913582716547,0.004055726287850499,interpolado
0.39977895579115824,0.0017306956703910857,interpolado
0.39987877575515096,-0.00039367067977071795,interpolado
0.4,-0.002531,original
0.4000784156831367,-0.00357505419128596,interpolado
0.4001782356471294,-0.004530984275057186,interpolado
0.4002780556111222,-0.005121279883859616,interpolado
0.40037787557511495,-0.005402245779944864,interpolado
0.40047769553910784,-0.005430186725563859,interpolado
0.40057751550310067,-0.0052614074829675644,interpolado
0.40067733546709344,-0.004952212814407038,interpolado
0.4007771554310863,-0.0045589074821330185,interpolado
0.40087697539507905,-0.004137796248396941,interpolado
0.401,-0.003664,original
0.40107661532306454,-0.003429339623877812,interpolado
0.4011764352870573,-0.0031725400994094166,interpolado
0.40127625525105026,-0.002924685731892303,interpolado
0.40137607521504304,-0.0026354537015998046,interpolado
0.40147589517903587,-0.002254521188804623,interpolado
0.4015757151430287,-0.0017315653737802424,interpolado
0.40167553510702136,-0.0010162634367995626,interpolado
0.40177535507101425,-5.8292558135060023e-05,interpolado
0.4018751750350071,0.0011926700819391441,interpolado
0.402,0.003246,original
0.4020748149629926,0.004762336805786664,interpolado
0.4021746349269854,0.0070474389596182135,interpolado
0.4022744548909782,0.00951455171517951,interpolado
0.402374274854971,0.012035505398659607,interpolado
0.4024740948189638,0.014482130336253004,interpolado
0.4025739147829567,0.016726256854148778,interpolado
0.40267373474694934,0.018639715278540157,interpolado
0.4027735547109422,0.02009433593561967,interpolado
0.40287337467493495,0.020961949151577484,interpolado
0.403,0.021017,original
0.4030730146029205,0.020441689318014118,interpolado
0.4031728345669134,0.019002641291638627,interpolado
0.40327265453090616,0.016947423051021104,interpolado
0.403372474494899,0.014427117752372123,interpolado
0.40347229445889177,0.011592808551897288,interpolado
0.4035721144228846,0.008595578605808032,interpolado
0.40367193438687743,0.005586511070311083,interpolado
0.4037717543508702,0.002716689101613128,interpolado
0.4038715743148631,0.0001371958559256434,interpolado
0.404,-0.002511,original
0.40407121424284864,-0.003560282157283417,interpolado
0.4041710342068414,-0.004539796273700896,interpolado
0.40427085417083425,-0.005015644821066668,interpolado
0.4043706741348269,-0.005064939840383854,interpolado
0.4044704940988199,-0.004764793372656215,interpolado
0.40457031406281274,-0.004192317458887728,interpolado
0.4046701340268054,-0.003424624140081932,interpolado
0.4047699539907982,-0.0025388254572419255,interpolado
0.404869773954791,-0.0016120334513723433,interpolado
0.405,-0.000469,original
0.4050694138827766,6.093476772492637e-05,interpolado
0.4051692338467694,0.0007135021916899946,interpolado
0.4052690538107622,0.0012454029522447224,interpolado
0.40536887377475495,0.0016661057419656712,interpolado
0.4054686937387478,0.001985079253430468,interpolado
0.4055685137027405,0.00221179217921591,interpolado
0.4056683336667333,0.0023557132118993494,interpolado
0.40576815363072616,0.002426311044057955,interpolado
0.4058679735947188,0.0024330543682687987,interpolado
0.406,0.00236,original
0.40606761352270454,0.002292972912631954,interpolado
0.40616743348669726,0.0021666763296959153,interpolado
0.40626725345069015,0.002018307096634552,interpolado
0.40636707341468287,0.0018596632210424106,interpolado
0.4064668933786757,0.0017025427105137885,interpolado
0.4065667133426686,0.001558743572642987,interpolado
0.4066665333066613,0.0014400638150245469,interpolado
0.4067663532706541,0.0013583014452527252,interpolado
0.4068661732346469,0.0013252544709219946,interpolado
0.407,0.001378,original
0.4070658131626326,0.0014509620771281386,interpolado
0.40716563312662524,0.0016118907609111797,interpolado
0.4072654530906181,0.0018153475195204535,interpolado
0.40736527305461084,0.002040960920761194,interpolado
0.4074650930186036,0.002268359532438975,interpolado
0.40756491298259645,0.0024771719223593744,interpolado
0.40766473294658917,0.0026470266583276205,interpolado
0.4077645529105821,0.0027575523081493493,interpolado
0.4078643728745747,0.002788377439629896,interpolado
0.408,0.002666,original
0.40806401280256027,0.0025314549511563406,interpolado
0.4081638327665532,0.0022327088982073817,interpolado
0.408263652730546,0.0018480013143286616,interpolado
0.4083634726945388,0.0014027936530143048,interpolado
0.4084632926585316,0.0009225473677578031,interpolado
0.4085631126225244,0.0004327239120525712,interpolado
0.40866293258651726,-4.1215260607149824e-05,interpolado
0.4087627525505101,-0.00047380869672817227,interpolado
0.4088625725145028,-0.0008395949428163182,interpolado
0.409,-0.001187,original
0.40906221244248847,-0.0012705092855061076,interpolado
0.40916203240648125,-0.0013099270787562088,interpolado
0.4092618523704741,-0.0012454322937901535,interpolado
0.40936167233446685,-0.0010914467764598112,interpolado
0.4094614922984596,-0.0008623923726169654,interpolado
0.40956131226245235,-0.0005726909281132342,interpolado
0.4096611322264452,-0.00023676428880073806,interpolado
0.40976095219043807,0.00013096569946908674,interpolado
0.4098607721544308,0.000516077190844033,interpolado
0.41,0.001055,original
0.4100604120824164,0.0012813743759815448,interpolado
0.41016023204640917,0.0016429959463608837,interpolado
0.41026005201040205,0.001991122019638408,interpolado
0.4103598719743947,0.0023280328488592215,interpolado
0.41045969193838755,0.00265600868706901,interpolado
0.41055951190238044,0.0029773297873134387,interpolado
0.4106593318663732,0.0032942764026376416,interpolado
0.4107591518303661,0.0036091287860874626,interpolado
0.4108589717943588,0.0039241671907080415,interpolado
0.411,0.004374,original
0.4110586117223445,0.004562870646804064,interpolado
0.4111584316863372,0.004872415325217659,interpolado
0.41125825165033014,0.005141759946600341,interpolado
0.41135807161432286,0.005341992796697314,interpolado
0.4114578915783157,0.005444202161254266,interpolado
0.41155771154230847,0.005419476326016664,interpolado
0.41165753150630124,0.005238903576730039,interpolado
0.4117573514702941,0.004873572199139937,interpolado
0.41185717143428685,0.004294570478991493,interpolado
0.412,0.003037,original
0.41205681136227257,0.0023836157101520218,interpolado
0.4121566313262652,0.0010641046240391343,interpolado
0.41225645129025806,-0.00039543279176103594,interpolado
0.41235627125425084,-0.001903274606453502,interpolado
0.41245609121824367,-0.0033676988892407255,interpolado
0.41255591118223645,-0.0046969837093284,interpolado
0.4126557311462292,-0.005799407135919183,interpolado
0.4127555511102219,-0.006583247238218044,interpolado
0.4128553710742148,-0.0069567820854292365,interpolado
0.413,-0.006583,original
0.41305501100220043,-0.006112442179067951,interpolado
0.4131548309661932,-0.00484089320050762,interpolado
0.413254650930186,-0.0031476681209511373,interpolado
0.41335447089417876,-0.0011702477508937065,interpolado
0.4134542908581716,0.0009538870991660542,interpolado
0.4135541108221644,0.0030872556187339878,interpolado
0.4136539307861573,0.005092376997311303,interpolado
0.4137537507501499,0.006831770424402844,interpolado
0.4138535707141428,0.008167955089512857,interpolado
0.414,0.009111,original
0.4140532106421284,0.009087539865787152,interpolado
0.4141530306061212,0.00854336674160214,interpolado
0.4142528505701139,0.007456865929630381,interpolado
0.4143526705341068,0.005958519173327844,interpolado
0.41445249049809957,0.004178808216153105,interpolado
0.41455231046209245,0.0022482148015612272,interpolado
0.4146521304260852,0.0002972206730112796,interpolado
0.4147519503900779,-0.0015436924260409067,interpolado
0.41485177035407084,-0.0031440427521392607,interpolado
0.415,-0.004797,original
0.41505141028205633,-0.005106136518843372,interpolado
0.41515123024604916,-0.005324386583652369,interpolado
0.41525105021004205,-0.005113400155446678,interpolado
0.41535087017403477,-0.004562660270702838,interpolado
0.4154506901380276,-0.0037616499658984243,interpolado
0.4155505101020204,-0.002799852277509572,interpolado
0.4156503300660131,-0.001766750242014315,interpolado
0.4157501500300059,-0.0007518268958890751,interpolado
0.4158499699939987,0.00015543472438968276,interpolado
0.41594978995799153,0.000865551582343988,interpolado
0.416,0.00112,original
0.41614942988597714,0.0014161536665697663,interpolado
0.41624924984996986,0.0012882360305121968,interpolado
0.4163490698139628,0.0009613287940804475,interpolado
0.4164488897779555,0.0004885553145547608,interpolado
0.4165487097419484,-7.696105078547002e-05,interpolado
0.41664852970594124,-0.0006820969446597387,interpolado
0.416748349669934,-0.0012737290097884829,interpolado
0.4168481696339267,-0.0017987338888921125,interpolado
0.41694798959791957,-0.002203988224690167,interpolado
0.417,-0.00235,original
0.4171476295259051,-0.0024746622791511435,interpolado
0.41724744948989795,-0.0023202845881721704,interpolado
0.4173472694538908,-0.0019803817274403708,interpolado
0.4174470894178835,-0.0014610160167444737,interpolado
0.4175469093818763,-0.0007682497758726923,interpolado
0.41764672934586905,9.185467538714567e-05,interpolado
0.4177465493098619,0.001113235017245733,interpolado
0.4178463692738547,0.002289828929915846,interpolado
0.41794618923784743,0.003615574093607826,interpolado
0.418,0.00439,original
0.4181458291658331,0.006664669626468141,interpolado
0.41824564912982587,0.008304733723434097,interpolado
0.4183454690938187,0.00994847381945006,interpolado
0.41844528905781153,0.01154056720349036,interpolado
0.4185451090218043,0.0130256911645321,interpolado
0.4186449289857972,0.014348522991552145,interpolado
0.41874474894979,0.01545373997352519,interpolado
0.4188445689137828,0.016286019399428572,interpolado
0.41894438887777563,0.01679003855823754,interpolado
0.419,0.016908,original
0.4191440288057612,0.016646711486341812,interpolado
0.41924384876975385,0.016044798821063373,interpolado
0.4193436687337468,0.01516026391604945,interpolado
0.4194434886977395,0.014047051908395043,interpolado
0.41954330866173234,0.012759107935193758,interpolado
0.4196431286257251,0.011350377133538791,interpolado
0.4197429485897177,0.00987480464052574,interpolado
0.41984276855371067,0.008386335593247049,interpolado
0.4199425885177034,0.006938915128798392,interpolado
0.42,0.006146,original
0.420142228445689,0.004352409339833615,interpolado
0.42024204840968177,0.003231616786780064,interpolado
0.4203418683736747,0.0022137936895947883,interpolado
0.4204416883376675,0.0012894339638912056,interpolado
0.4205415083016603,0.00044903152528101803,interpolado
0.42064132826565304,-0.0003169197106238877,interpolado
0.4207411482296459,-0.001017925828210372,interpolado
0.4208409681936387,-0.0016634929118669298,interpolado
0.42094078815763153,-0.0022631270459805564,interpolado
0.421,-0.002601,original
0.4211404280856173,-0.003350482950118639,interpolado
0.4212402480496099,-0.003820712753923886,interpolado
0.4213400680136028,-0.0042200795750999024,interpolado
0.4214398879775956,-0.004531932769517534,interpolado
0.4215397079415883,-0.004739621693048321,interpolado
0.4216395279055811,-0.004826495701563577,interpolado
0.42173934786957384,-0.004775904150934495,interpolado
0.4218391678335668,-0.004571196397032299,interpolado
0.4219389877975595,-0.004195721795728506,interpolado
0.422,-0.003875,original
0.422138627725545,-0.0028959919439120606,interpolado
0.4222384476895378,-0.0020314825174277554,interpolado
0.4223382676535306,-0.0010907867530970904,interpolado
0.42243808761752344,-0.0001247291409780347,interpolado
0.42253790758151627,0.0008158658288730217,interpolado
0.42263772754550916,0.0016801736663996296,interpolado
0.42273754750950193,0.002417369881543909,interpolado
0.42283736747349476,0.0029766299842497175,interpolado
0.4229371874374875,0.003307129484459514,interpolado
0.423,0.003375,original
0.42313682736547326,0.003125514356442909,interpolado
0.423236647329466,0.002660797029747691,interpolado
0.42333646729345864,0.0020234086259093976,interpolado
0.4234362872574516,0.0012719366204704213,interpolado
0.4235361072214443,0.0004649684889744517,interpolado
0.4236359271854372,-0.0003389082930365054,interpolado
0.42373574714942985,-0.001081106250018701,interpolado
0.42383556711342263,-0.001703037906429758,interpolado
0.4239353870774155,-0.0021461157867270317,interpolado
0.424,-0.00231,original
0.42413502700540107,-0.002304496589519162,interpolado
0.4242348469693938,-0.0020433048381111266,interpolado
0.4243346669333867,-0.001614918827931579,interpolado
0.42443448689737945,-0.0010653155641335837,interpolado
0.4245343068613722,-0.0004404720518711714,interpolado
0.424634126825365,0.0002136347037029004,interpolado
0.4247339467893577,0.0008510276974344884,interpolado
0.42483376675335055,0.0014257299241705551,interpolado
0.4249335867173434,0.001891764378757922,interpolado
0.425,0.002119,original
0.425133226645329,0.0023431408185395305,interpolado
0.4252330466093219,0.002334484475648428,interpolado
0.42533286657331465,0.0022054070705594354,interpolado
0.4254326865373075,0.0019836699762750118,interpolado
0.42553250650130026,0.0016970345657980226,interpolado
0.42563232646529303,0.0013732622121307876,interpolado
0.4257321464292858,0.0010401142882762854,interpolado
0.42583196639327864,0.0007253521672369486,interpolado
0.4259317863572715,0.00045673722201525137,interpolado
0.426,0.000314,original
0.4261314262852572,0.00015460070559175374,interpolado
0.42623124624924985,0.00012698337060775437,interpolado
0.4263310662132426,0.0001689020537439168,interpolado
0.4264308861772354,0.0002702801797292931,interpolado
0.42653070614122807,0.00042104117329274824,interpolado
0.42663052610522106,0.0006111084591634188,interpolado
0.4267303460692138,0.0008304054620700705,interpolado
0.42683016603320645,0.0010688556067417804,interpolado
0.42692998599719933,0.0013163823179076688,interpolado
0.427,0.00149,original
0.42712962592518494,0.0017953156678132281,interpolado
0.4272294458891777,0.0019957775770288303,interpolado
0.42732926585317055,0.0021458424982434823,interpolado
0.4274290858171633,0.002227095181860085,interpolado
0.4275289057811562,0.00222112037828142,interpolado
0.42762872574514893,0.0021095028379103384,interpolado
0.42772854570914176,0.0018738273111498348,interpolado
0.42782836567313454,0.0014956785484027575,interpolado
0.4279281856371274,0.000956641300071639,interpolado
0.428,0.000459,original
0.42812782556511303,-0.000652277271135827,interpolado
0.42822764552910575,-0.0016660195843729397,interpolado
0.4283274654930986,-0.002748264001710553,interpolado
0.4284272854570914,-0.003844615893523235,interpolado
0.42852710542108424,-0.004900680630183713,interpolado
0.42862692538507696,-0.0058620635820670515,interpolado
0.4287267453490698,-0.006674370119546132,interpolado
0.4288265653130625,-0.007283205612995481,interpolado
0.42892638527705534,-0.0076341754327891795,interpolado
0.429,-0.007696,original
0.429126025205041,-0.0073831770975401135,interpolado
0.4292258451690337,-0.006816009262801741,interpolado
0.4293256651330266,-0.00603133495748719,interpolado
0.42942548509701933,-0.0050887639125277795,interpolado
0.42952530506101216,-0.004047905858856693,interpolado
0.42962512502500494,-0.0029683705274055547,interpolado
0.4297249449889977,-0.0019097676491059113,interpolado
0.42982476495299055,-0.0009317069548910702,interpolado
0.4299245849169833,-9.379817569213372e-05,interpolado
0.43,0.00041,original
0.430124224844969,0.0009572784905622767,interpolado
0.4302240448089618,0.0011832825819115815,interpolado
0.4303238647729546,0.0012693309206161304,interpolado
0.43042368473694753,0.0012621342292832359,interpolado
0.43052350470094025,0.001208403230520088,interpolado
0.43062332466493286,0.0011548486469338667,interpolado
0.43072314462892586,0.0011481812011317506,interpolado
0.4308229645929185,0.00123511161572093,interpolado
0.43092278455691146,0.001462350613308718,interpolado
0.431,0.001764,original
0.4311224244848969,0.0024924892698109783,interpolado
0.4312222444488898,0.0032609380498528247,interpolado
0.43132206441288257,0.004124037160368498,interpolado
0.4314218843768754,0.005024070617995328,interpolado
0.4315217043408681,0.005903322439368738,interpolado
0.43162152430486084,0.006704076641125662,interpolado
0.43172134426885367,0.007368617239902869,interpolado
0.4318211642328465,0.007839228252336036,interpolado
0.43192098419683933,0.00805819369506206,interpolado
0.432,0.008015,original
0.43212062412482494,0.007543523538118591,interpolado
0.43222044408881777,0.006830697015818143,interpolado
0.43232026405281054,0.005884656728069549,interpolado
0.4324200840168033,0.004760571059129644,interpolado
0.43251990398079615,0.003513608393257513,interpolado
0.4326197239447888,0.0021989371147103933,interpolado
0.4327195439087818,0.0008717256077453665,interpolado
0.4328193638727746,-0.0004128577433782525,interpolado
0.43291918383676725,-0.0015996445544040113,interpolado
0.433,-0.002451,original
0.4331188237647528,-0.0034791955889966527,interpolado
0.43321864372874574,-0.004146398421915117,interpolado
0.4333184636927385,-0.004651274435213054,interpolado
0.43341828365673135,-0.005009941141703048,interpolado
0.433518103620724,-0.005238516054196706,interpolado
0.4336179235847168,-0.005353116685506271,interpolado
0.4337177435487097,-0.005369860548443734,interpolado
0.4338175635127024,-0.005304865155821081,interpolado
0.43391738347669534,-0.005174248020450265,interpolado
0.434,-0.005028,original
0.43411702340468084,-0.004778882192305377,interpolado
0.4342168433686737,-0.0045387937576097355,interpolado
0.4343166633326666,-0.004283507429654768,interpolado
0.4344164832966593,-0.004022674803652624,interpolado
0.43451630326065216,-0.0037659474748160263,interpolado
0.4346161232246449,-0.003522977038357255,interpolado
0.43471594318863777,-0.0033034150894886223,interpolado
0.43481576315263065,-0.003116913223422801,interpolado
0.43491558311662337,-0.0029731230353720875,interpolado
0.435,-0.002892,original
0.43511522304460903,-0.0028461981400518845,interpolado
0.4352150430086019,-0.0028549758582970815,interpolado
0.43531486297259464,-0.0028939245839988033,interpolado
0.43541468293658747,-0.0029489541647855283,interpolado
0.4355145029005802,-0.003005974448285772,interpolado
0.435614322864573,-0.003050895282127953,interpolado
0.4357141428285659,-0.003069626513940589,interpolado
0.43581396279255863,-0.0030480779913521403,interpolado
0.43591378275655135,-0.002972159561991112,interpolado
0.436,-0.002852,original
0.43611342268453696,-0.002608380303766443,interpolado
0.4362132426485298,-0.002327309568510703,interpolado
0.4363130626125225,-0.002001279546289301,interpolado
0.43641288257651534,-0.0016469879303376313,interpolado
0.4365127025405081,-0.001281132413891021,interpolado
0.4366125225045009,-0.0009204106901854179,interpolado
0.4367123424684938,-0.0005815204524559732,interpolado
0.4368121624324865,-0.00028115939393860386,interpolado
0.4369119823964793,-3.602520786864639e-05,interpolado
0.437,0.000121,original
0.43711162232446477,0.00023284514484214134,interpolado
0.4372114422884577,0.0002763057680343451,interpolado
0.43731126225245043,0.000298396613224146,interpolado
0.4374110822164433,0.0003299349217325086,interpolado
0.4375109021804361,0.00040173793488041667,interpolado
0.43761072214442887,0.0005446228939887328,interpolado
0.43771054210842175,0.0007894070403785807,interpolado
0.4378103620724146,0.0011669076153706301,interpolado
0.4379101820364073,0.0017079418602859136,interpolado
0.438,0.00236,original
0.438109821964393,0.003383642286247454,interpolado
0.4382096419283858,0.00447964088177123,interpolado
0.4383094618923786,0.005670943770686553,interpolado
0.4384092818563714,0.006897187209042445,interpolado
0.4385091018203642,0.008098007452888004,interpolado
0.4386089217843569,0.009213040758270324,interpolado
0.43870874174834973,0.010181923381239017,interpolado
0.4388085617123426,0.010944291577841433,interpolado
0.4389083816763354,0.01143978160412661,interpolado
0.439,0.011608,original
0.4391080216043209,0.011411733372451676,interpolado
0.4392078415683136,0.01088561108195836,interpolado
0.4393076615323065,0.010078491825950334,interpolado
0.4394074814962992,0.009039194491971127,interpolado
0.43950730146029193,0.007816537967563767,interpolado
0.43960712142428476,0.006459341140273385,interpolado
0.43970694138827754,0.0050164228976422726,interpolado
0.4398067613522703,0.0035366021272158037,interpolado
0.43990658131626315,0.0020686977165369387,interpolado
0.44,0.000749,original
0.44010622124424886,-0.0006439746565542617,interpolado
0.4402060412082416,-0.0018328996424091075,interpolado
0.4403058611722345,-0.002895706956922201,interpolado
0.4404056811362273,-0.0038228554261908977,interpolado
0.4405055011002201,-0.0046048038763147605,interpolado
0.44060532106421285,-0.00523201113339146,interpolado
0.44070514102820557,-0.005694936023520017,interpolado
0.44080496099219846,-0.0059840373727990835,interpolado
0.4409047809561913,-0.006089774007326879,interpolado
0.441,-0.006011,original
0.44110442088417684,-0.005721026400717256,interpolado
0.4412042408481696,-0.005271530580634323,interpolado
0.44130406081216245,-0.00468670641727098,interpolado
0.44140388077615517,-0.003999142347374159,interpolado
0.441503700740148,-0.003241426807689404,interpolado
0.44160352070414083,-0.002446148234963841,interpolado
0.44170334066813366,-0.0016458950659433299,interpolado
0.4418031606321264,-0.0008732557373737268,interpolado
0.44190298059611915,-0.00016081868600217,interpolado
0.442,0.000443,original
0.4421026205241047,0.0009604029463447784,interpolado
0.44220244048809754,0.0013454985128883825,interpolado
0.4423022604520905,0.0016218818441188975,interpolado
0.44240208041608314,0.001797320284560362,interpolado
0.44250190038007603,0.0018795811787373216,interpolado
0.4426017203440689,0.0018764318711740303,interpolado
0.44270154030806164,0.0017956397063948993,interpolado
0.4428013602720545,0.0016449720289241692,interpolado
0.44290118023604724,0.0014321961832863513,interpolado
0.443,0.001168,original
0.44310082016403285,0.0008538673230767018,interpolado
0.4432006401280257,0.0005184232082874441,interpolado
0.44330046009201846,0.00018094414428656286,interpolado
0.44340028005601123,-0.00013637289669602502,interpolado
0.443500100020004,-0.00041133094243111146,interpolado
0.4435999199839968,-0.000621733020688848,interpolado
0.4436997399479896,-0.0007453821592398683,interpolado
0.44379955991198244,-0.0007600813858546142,interpolado
0.4438993798759753,-0.0006436337283035247,interpolado
0.444,-0.000371,original
0.4440990198039609,6.13606130072262e-05,interpolado
0.4441988397679535,0.0006325379199060603,interpolado
0.4442986597319464,0.001299624270437162,interpolado
0.44439847969593915,0.002022554223351887,interpolado
0.444498299659932,0.002761262337403105,interpolado
0.44459811962392476,0.0034756831713420935,interpolado
0.44469793958791753,0.0041257512839213755,interpolado
0.4447977595519104,0.004671401233893335,interpolado
0.44489757951590314,0.005072567580009459,interpolado
0.445,0.005292,original
0.4450972194438888,0.00529249480599896,interpolado
0.4451970394078815,0.005102645666424242,interpolado
0.44529685937187435,0.0047530055549988275,interpolado
0.44539667933586713,0.004276942780831858,interpolado
0.44549649929986007,0.0037078256530315803,interpolado
0.44559631926385285,0.003079022480707377,interpolado
0.4456961392278456,0.0024239015729676915,interpolado
0.4457959591918384,0.0017758312389209076,interpolado
0.4458957791558312,0.0011681797876764977,interpolado
0.446,0.000613,original
0.44609541908381684,0.00020237512672424725,interpolado
0.44619523904780967,-0.00012339411111646426,interpolado
0.4462950590118025,-0.0003455598709797133,interpolado
0.4463948789757953,-0.0004666903519413887,interpolado
0.446494698939788,-0.0004893537530777758,interpolado
0.4465945189037809,-0.0004161182734649416,interpolado
0.4466943388677736,-0.00024955211217910194,interpolado
0.44679415883176643,7.77653170379105e-06,interpolado
0.44689397879575926,0.0003532994591073167,interpolado
0.447,0.000814,original
0.4470936187237449,0.0012949681536415963,interpolado
0.4471934386877376,0.0018608252317952737,interpolado
0.4472932586517304,0.002452635359219833,interpolado
0.4473930786157231,0.0030410131180847212,interpolado
0.4474928985797159,0.00359657309056038,interpolado
0.44759271854370875,0.004089929858817179,interpolado
0.44769253850770147,0.004491698005024674,interpolado
0.4477923584716943,0.004772492111353393,interpolado
0.44789217843568707,0.004902926759973129,interpolado
0.448,0.004841,original
0.44809181836367273,0.0046024562357008586,interpolado
0.4481916383276655,0.004164411422428271,interpolado
0.44829145829165834,0.003566217264926386,interpolado
0.44839127825565117,0.0028346137531059645,interpolado
0.4484910982196439,0.0019963408768767913,interpolado
0.4485909181836368,0.0010781386261484254,interpolado
0.44869073814762966,0.0001067469908319754,interpolado
0.4487905581116224,-0.0008910940391635258,interpolado
0.4488903780756152,-0.0018886444739268755,interpolado
0.449,-0.002952,original
0.4490900180036009,-0.0037756013961213514,interpolado
0.44918983796759354,-0.004609224134445866,interpolado
0.4492896579315863,-0.005330738774490588,interpolado
0.44938947789557904,-0.005910851149146835,interpolado
0.44948929785957187,-0.006320267091307171,interpolado
0.4495891178235647,-0.006529692433863788,interpolado
0.44968893778755736,-0.006509833009708567,interpolado
0.4497887577515502,-0.006231394651733583,interpolado
0.44988857771554297,-0.005665083192831264,interpolado
0.45,-0.004657,original
0.45008821764352863,-0.003564915883601649,interpolado
0.4501880376075214,-0.0020743006829833078,interpolado
0.45028785757151424,-0.00039562189723599717,interpolado
0.45038767753550707,0.0013852272940109633,interpolado
0.4504874974994998,0.0031823537111310405,interpolado
0.45058731746349273,0.004909864174497736,interpolado
0.4506871374274855,0.006481865504481671,interpolado
0.4507869573914784,0.007812464521457069,interpolado
0.45088677735547117,0.008815768045794994,interpolado
0.451,0.009449,original
0.4510864172834568,0.009513593164272206,interpolado
0.4511862372474495,0.009169899358348369,interpolado
0.4512860572114423,0.008443061046029305,interpolado
0.4513858771754352,0.0074014000086669585,interpolado
0.4514856971394278,0.006113238027612137,interpolado
0.4515855171034207,0.004646896884215098,interpolado
0.45168533706741354,0.0030706983598286154,interpolado
0.4517851570314063,0.0014529642358030227,interpolado
0.4518849769953991,-0.0001379837065114285,interpolado
0.452,-0.001849,original
0.4520846169233847,-0.0029721279061377557,interpolado
0.4521844368873774,-0.004127927879560786,interpolado
0.4522842568513703,-0.0050909228035328,interpolado
0.452384076815363,-0.005850846060016562,interpolado
0.45248389677935585,-0.006397431030973631,interpolado
0.4525837167433487,-0.006720411098367003,interpolado
0.45268353670734146,-0.00680951964415872,interpolado
0.4527833566713344,-0.006654490050311431,interpolado
0.45288317663532707,-0.006245055698787234,interpolado
0.453,-0.005429,original
0.4530828165633128,-0.004629766054471467,interpolado
0.4531826365273055,-0.003471957033812717,interpolado
0.4532824564912982,-0.0021697661174425,interpolado
0.4533822764552911,-0.0007955045380602511,interpolado
0.4534820964192839,0.0005785164716322658,interpolado
0.4535819163832767,0.0018799856789362811,interpolado
0.45368173634726955,0.0030365918511501074,interpolado
0.45378155631126227,0.003976023755574292,interpolado
0.4538813762752551,0.00462597015950889,interpolado
0.454,0.004922,original
0.4540810162032408,0.00478192753756193,interpolado
0.45418083616723354,0.0042688744789714395,interpolado
0.45428065613122626,0.003456965627276235,interpolado
0.4543804760952191,0.0024283780732874084,interpolado
0.45448029605921186,0.0012652889078178472,interpolado
0.4545801160232047,4.987522167806594e-05,interpolado
0.45467993598719747,-0.0011356858943188423,interpolado
0.45477975595119025,-0.002209217349361836,interpolado
0.454879575915183,-0.003088542052639625,interpolado
0.455,-0.003774,original
0.4550792158431687,-0.003947921736018328,interpolado
0.4551790358071614,-0.0038787213604393584,interpolado
0.4552788557711542,-0.0035462612621494846,interpolado
0.4553786757351471,-0.003013133110960628,interpolado
0.45547849569913984,-0.002341928576685671,interpolado
0.45557831566313267,-0.0015952393291362075,interpolado
0.45567813562712545,-0.0008356570381253586,interpolado
0.4557779555911182,-0.000125773373464989,interpolado
0.45587777555511105,0.00047181999503292905,interpolado
0.456,0.000959,original
0.4560774154830966,0.0010880240142206513,interpolado
0.4561772354470893,0.0010639968650619455,interpolado
0.4562770554110821,0.0008658348760783111,interpolado
0.456376875375075,0.0005371230655586689,interpolado
0.45647669533906776,0.0001214464517925325,interpolado
0.45657651530306065,-0.0003376099469313754,interpolado
0.4566763352670533,-0.0007964611123233948,interpolado
0.45677615523104614,-0.0012115220260946436,interpolado
0.456875975195039,-0.0015392076699561395,interpolado
0.457,-0.001759,original
0.4570756151230245,-0.0017631962051679773,interpolado
0.45717543508701736,-0.0016256453880879333,interpolado
0.45727525505101013,-0.0013496919215344317,interpolado
0.4573750750150029,-0.0009619138819762341,interpolado
0.4574748949789958,-0.0004888893458827866,interpolado
0.4575747149429886,4.280361027709511e-05,interpolado
0.4576745349069814,0.0006065869100347237,interpolado
0.4577743548709742,0.0011758824769204598,interpolado
0.4578741748349669,0.0017241122344658986,interpolado
0.458,0.002344,original
0.4580738147629525,0.0026531927737603843,interpolado
0.45817363472694533,0.0030043599958447837,interpolado
0.4582734546909381,0.0032831445978960283,interpolado
0.45837327465493105,0.0034945845772894955,interpolado
0.4584730946189238,0.0036437179314000173,interpolado
0.45857291458291655,0.0037355826576027894,interpolado
0.4586727345469095,0.0037752167532728855,interpolado
0.4587725545109022,0.0037676582157853233,interpolado
0.4588723744748951,0.003717945042515165,interpolado
0.459,0.003601,original
0.45907201440288065,0.003511972462632878,interpolado
0.4591718343668735,0.0033630744152710517,interpolado
0.4592716543308662,0.0031857284828500127,interpolado
0.459371474294859,0.0029812285717670797,interpolado
0.45947129425885186,0.0027508685884199947,interpolado
0.45957111422284463,0.002495942439206165,interpolado
0.45967093418683747,0.002217744030522945,interpolado
0.45977075415083024,0.0019175672687681577,interpolado
0.459870574114823,0.0015967060603389862,interpolado
0.46,0.001152,original
0.4600702140428085,0.0008988182082047537,interpolado
0.4601700340068014,0.0005330702795938133,interpolado
0.4602698539707942,0.0001727305663656641,interpolado
0.46036967393478695,-0.00016862749426268777,interpolado
0.4604694938987798,-0.0004774304650734677,interpolado
0.46056931386277256,-0.0007401049088494828,interpolado
0.4606691338267654,-0.0009430773883734372,interpolado
0.4607689537907582,-0.0010727744664277103,interpolado
0.46086877375475105,-0.0011156227057950406,interpolado
0.461,-0.001017,original
0.4610684136827365,-0.0008883179662935191,interpolado
0.4611682336467294,-0.0006146865621316987,interpolado
0.4612680536107222,-0.00025767730411894123,interpolado
0.461367873574715,0.00016200904505882336,interpolado
0.4614676935387078,0.0006236717227148174,interpolado
0.46156751350270053,0.001106609966162956,interpolado
0.46166733346669336,0.0015901230127172027,interpolado
0.4617671534306861,0.002053510099690709,interpolado
0.4618669733946789,0.002476070464397663,interpolado
0.462,0.00294,original
0.4620666133226644,0.0031173343665890944,interpolado
0.4621664332866573,0.0033140308135885194,interpolado
0.4622662532506501,0.003435112976047233,interpolado
0.4623660732146429,0.0034886778421771856,interpolado
0.46246589317863573,0.003482822400190129,interpolado
0.46256571314262857,0.003425643638297918,interpolado
0.4626655331066214,0.003325238544712294,interpolado
0.4627653530706143,0.0031897041076451777,interpolado
0.46286517303460684,0.003027137315308332,interpolado
0.463,0.002779,original
0.4630648129625925,0.0026530702100677392,interpolado
0.4631646329265854,0.002454534770770826,interpolado
0.4632644528905782,0.0022532424289237805,interpolado
0.46336427285457094,0.0020523714150666775,interpolado
0.4634640928185637,0.001855099959739594,interpolado
0.4635639127825566,0.0016646062934829356,interpolado
0.46366373274654943,0.0014840686468366787,interpolado
0.46376355271054215,0.0013166652503412096,interpolado
0.4638633726745349,0.0011655743345366104,interpolado
0.464,0.000991,original
0.4640630126025205,0.0009249681345120074,interpolado
0.46416283256651336,0.0008406691858637718,interpolado
0.4642626525305061,0.0007824879008086682,interpolado
0.4643624724944989,0.0007518200014224458,interpolado
0.46446229245849174,0.0007500612097809143,interpolado
0.4645621124224845,0.0007786072479598789,interpolado
0.4646619323864773,0.000838853838035175,interpolado
0.46476175235047007,0.0009321967020825394,interpolado
0.46486157231446285,0.0010600315621777986,interpolado
0.465,0.001297,original
0.4650612122424484,0.0014242220876768412,interpolado
0.4651610322064413,0.001654649017338712,interpolado
0.46526085217043406,0.0019025656469825814,interpolado
0.4653606721344269,0.0021553676899885733,interpolado
0.4654604920984197,0.002400450859736823,interpolado
0.4655603120624125,0.0026252108696070563,interpolado
0.4656601320264053,0.0028170434329795107,interpolado
0.4657599519903981,0.002963344263233971,interpolado
0.4658597719543908,0.0030515090737505573,interpolado
0.466,0.003053,original
0.46605941188237654,0.0030041047435904154,interpolado
0.4661592318463693,0.0028621530621770765,interpolado
0.46625905181036204,0.002661184348511124,interpolado
0.46635887177435487,0.0024196477466868495,interpolado
0.4664586917383477,0.0021559924007984537,interpolado
0.4665585117023404,0.0018886674549405894,interpolado
0.46665833166633325,0.0016361220532073333,interpolado
0.4667581516303259,0.0014168053396933246,interpolado
0.4668579715943188,0.0012491664584927693,interpolado
0.467,0.001136,original
0.46705761152230435,0.0011411956205798085,interpolado
0.4671574314862972,0.0012097276725593481,interpolado
0.46725725145028996,0.001328763366603221,interpolado
0.46735707141428273,0.0014692163797834154,interpolado
0.4674568913782756,0.001602000389171968,interpolado
0.46755671134226834,0.001698029071840687,interpolado
0.4676565313062612,0.0017282161048616143,interpolado
0.467756351270254,0.0016634751653066722,interpolado
0.4678561712342467,0.001474719930247868,interpolado
0.468,0.000926,original
0.4680558111622323,0.0006111832263270571,interpolado
0.4681556311262252,-7.527993312430457e-05,interpolado
0.46825545109021804,-0.000875690475954298,interpolado
0.4683552710542108,-0.001738055432398944,interpolado
0.46845509101820354,-0.0026103818326944,interpolado
0.46855491098219637,-0.0034406767070753563,interpolado
0.4686547309461892,-0.004176947085777983,interpolado
0.4687545509101821,-0.004767199999038234,interpolado
0.46885437087417486,-0.005159442477091117,interpolado
0.469,-0.005269,original
0.4690540108021604,-0.005144665189587597,interpolado
0.4691538307661532,-0.0046915043851757385,interpolado
0.469253650730146,-0.00399234914781204,interpolado
0.46935347069413874,-0.0030990217909255967,interpolado
0.4694532906581316,-0.0020633446279437746,interpolado
0.4695531106221244,-0.0009371399722960431,interpolado
0.4696529305861172,0.00022776986258984168,interpolado
0.46975275055011,0.0013795625632862143,interpolado
0.4698525705141028,0.0024664158163634734,interpolado
0.47,0.003843,original
0.47005221044208834,0.004239799854533497,interpolado
0.4701520304060811,0.00486319039409604,interpolado
0.470251850370074,0.00532835461175625,interpolado
0.4703516703340668,0.00565832175636837,interpolado
0.47045149029805955,0.005876121076787545,interpolado
0.4705513102620523,0.006004781821868298,interpolado
0.4706511302260451,0.006067333240465533,interpolado
0.470750950190038,0.006086804581434005,interpolado
0.4708507701540307,0.006086225093628453,interpolado
0.471,0.006098,original
0.47105041008201637,0.006116130821056366,interpolado
0.47115023004600914,0.0061706582404486565,interpolado
0.471250050010002,0.0062341648710346875,interpolado
0.47134986997399475,0.006287761997927194,interpolado
0.4714496899379875,0.006312560906239025,interpolado
0.47154950990198036,0.006289672881082958,interpolado
0.4716493298659732,0.006200209207571829,interpolado
0.47174914982996596,0.006025281170818321,interpolado
0.47184896979395885,0.00574600005593544,interpolado
0.4719487897579516,0.005343477148035657,interpolado
0.472,0.005083,original
0.4721484296859371,0.004118248875679111,interpolado
0.47224824964993,0.0033249896781459456,interpolado
0.4723480696139228,0.002446840129548939,interpolado
0.4724478895779156,0.0015107126789395662,interpolado
0.47254770954190833,0.0005435197753713004,interpolado
0.4726475295059011,-0.0004278261321039451,interpolado
0.47274734946989394,-0.0013764125944342636,interpolado
0.4728471694338867,-0.0022753271625661708,interpolado
0.4729469893978796,-0.003097657387448212,interpolado
0.473,-0.003494,original
0.4731466293258651,-0.004421687936913055,interpolado
0.4732464492898579,-0.004915657103207758,interpolado
0.47334626925385076,-0.0053037820006738776,interpolado
0.47344608921784354,-0.0055909006229909325,interpolado
0.4735459091818363,-0.0057818509638376935,interpolado
0.4736457291458292,-0.005881471016893436,interpolado
0.47374554910982203,-0.005894598775837229,interpolado
0.47384536907381475,-0.005826072234348144,interpolado
0.4739451890378076,-0.0056807293861052,interpolado
0.474,-0.00557,original
0.47414482896579324,-0.0051843000621714175,interpolado
0.47424464892978596,-0.00485798691919286,interpolado
0.4743444688937788,-0.004499983700915323,interpolado
0.4744442888577715,-0.004125644634960803,interpolado
0.4745441088217644,-0.0037503239489512594,interpolado
0.4746439287857571,-0.0033893758705092814,interpolado
0.47474374874974995,-0.0030581546272566533,interpolado
0.47484356871374267,-0.002772014446815915,interpolado
0.47494338867773545,-0.002546309556809039,interpolado
0.475,-0.002451,original
0.47514302860572105,-0.002321318365010203,interpolado
0.4752428485697139,-0.0023055425906614853,interpolado
0.4753426685337067,-0.00233071832719689,interpolado
0.47544248849769954,-0.0023789465532030028,interpolado
0.4755423084616923,-0.002432328247266459,interpolado
0.4756421284256851,-0.0024729643879737996,interpolado
0.4757419483896779,-0.002482955953911657,interpolado
0.4758417683536707,-0.002444403923666618,interpolado
0.4759415883176635,-0.002339409275825308,interpolado
0.476,-0.00224,original
0.47614122824564914,-0.0018791092170304272,interpolado
0.476241048209642,-0.0015492718767803253,interpolado
0.4763408681736347,-0.0011868515633513268,interpolado
0.47644068813762736,-0.0008176193045458908,interpolado
0.4765405081016203,-0.0004673461281664615,interpolado
0.476640328065613,-0.0001618030620160669,interpolado
0.4767401480296058,7.323886610297264e-05,interpolado
0.4768399679935986,0.0002120086283877565,interpolado
0.4769397879575914,0.00022873519703580823,interpolado
0.477,0.000169,original
0.47713942788557695,-0.00016767455955432,interpolado
0.47723924784957,-0.0005122397183212409,interpolado
0.4773390678135626,-0.000874278931554526,interpolado
0.4774388877775555,-0.001192925290652343,interpolado
0.4775387077415484,-0.0014073118870127634,interpolado
0.47763852770554105,-0.0014565718120335132,interpolado
0.477738347669534,-0.001279838157112569,interpolado
0.47783816763352677,-0.0008162440136480907,interpolado
0.4779379875975196,-4.92247303804285e-06,interpolado
0.478,0.000701,original
0.4781376275255052,0.0028298695118696452,interpolado
0.478237447489498,0.004741472512381364,interpolado
0.47833726745349087,0.006838575788246838,interpolado
0.47843708741748353,0.009011497230930756,interpolado
0.47853690738147636,0.01115055473189796,interpolado
0.47863672734546914,0.013146066182609729,interpolado
0.4787365473094619,0.014888349474531834,interpolado
0.4788363672734547,0.016267722499125985,interpolado
0.4789361872374474,0.017174503147856925,interpolado
0.479,0.017456,original
0.47913582716543307,0.017225022453408803,interpolado
0.47923564712942585,0.01645052491864939,interpolado
0.4793354670934186,0.015290155699947268,interpolado
0.47943528705741145,0.013856812581725572,interpolado
0.4795351070214042,0.012263393348406842,interpolado
0.4796349269853969,0.01062279578441635,interpolado
0.4797347469493897,0.009047917674175858,interpolado
0.47983456691338255,0.007651656802110621,interpolado
0.47993438687737544,0.006546910952643181,interpolado
0.48,0.006034,original
0.480134026805361,0.00558169154291784,interpolado
0.4802338467693537,0.005675919250832301,interpolado
0.48033366673334654,0.006037879626030623,interpolado
0.48043348669733943,0.006577552255321639,interpolado
0.4805333066613322,0.007204916725515111,interpolado
0.4806331266253249,0.007829952623419574,interpolado
0.48073294658931776,0.008362639535844636,interpolado
0.48083276655331053,0.008712957049599694,interpolado
0.4809325865173033,0.008790884751493592,interpolado
0.481,0.008644,original
0.4811322264452889,0.007832565721378965,interpolado
0.48123204640928174,0.0068310336758798116,interpolado
0.48133186637327463,0.0055755377647373275,interpolado
0.48143168633726735,0.004138881102255004,interpolado
0.4815315063012601,0.002593866802733381,interpolado
0.48163132626525296,0.00101329798047627,interpolado
0.4817311462292457,-0.0005300222502151096,interpolado
0.4818309661932385,-0.001963290775039456,interpolado
0.4819307861572313,-0.003213704479693086,interpolado
0.482,-0.003935,original
0.48213042608521695,-0.004912209274382091,interpolado
0.4822302460492097,-0.005345841358538335,interpolado
0.48233006601320255,-0.005537779664994984,interpolado
0.4824298859771954,-0.005515963369927237,interpolado
0.4825297059411882,-0.005308331649510498,interpolado
0.48262952590518093,-0.004942823679920415,interpolado
0.48272934586917376,-0.004447378637332319,interpolado
0.48282916583316654,-0.003849935697921253,interpolado
0.48292898579715937,-0.0031784340378632945,interpolado
0.483,-0.002671,original
0.48312862572514503,-0.0017194437761702422,interpolado
0.4832284456891378,-0.000967777847608309,interpolado
0.48332826565313075,-0.00021807895577824154,interpolado
0.48342808561712347,0.0005173264575690634,interpolado
0.4835279055811163,0.0012261119506843513,interpolado
0.4836277255451091,0.001895951081816772,interpolado
0.4837275455091018,0.00251451740921667,interpolado
0.48382736547309463,0.0030694844911342777,interpolado
0.48392718543708735,0.0035485258858189155,interpolado
0.484,0.003843,original
0.484126825365073,0.004235224402486979,interpolado
0.4842266453290657,0.00443935424268682,interpolado
0.4843264652930586,0.004556103797760625,interpolado
0.4844262852570513,0.004589817176164994,interpolado
0.4845261052210441,0.004544838486356701,interpolado
0.48462592518503694,0.004425511836792527,interpolado
0.48472574514902966,0.004236181335929196,interpolado
0.48482556511302244,0.003981191092223282,interpolado
0.48492538507701516,0.0036648852141317988,interpolado
0.485,0.003391,original
0.4851250250050009,0.0028684699407531995,interpolado
0.48522484496899376,0.002407608729559643,interpolado
0.48532466493298654,0.0019218401345493781,interpolado
0.4854244848969793,0.0014239574426088857,interpolado
0.4855243048609722,0.0009267539406238345,interpolado
0.48562412482496503,0.0004430229154798962,interpolado
0.485723944788958,-1.4442345936453062e-05,interpolado
0.48582376475295075,-0.00043284855673977234,interpolado
0.4859235847169434,-0.0007994024300436567,interpolado
0.486,-0.001037,original
0.4861232246449293,-0.0013293066393328412,interpolado
0.486223044608922,-0.0014809313662266625,interpolado
0.4863228645729149,-0.0015546635931873996,interpolado
0.48642268453690757,-0.0015489578894454486,interpolado
0.48652250450090034,-0.0014622688242313536,interpolado
0.4866223244648931,-0.0012930509667754765,interpolado
0.48672214442888584,-0.0010397588863084856,interpolado
0.4868219643928787,-0.0007008471520605776,interpolado
0.4869217843568715,-0.00027477033326260797,interpolado
0.487,0.000121,original
0.4871214242848571,0.0008345897311053513,interpolado
0.48722124424884977,0.0014785662883704644,interpolado
0.48732106421284266,0.00213853064586914,interpolado
0.48742088417683543,0.0027811257527334925,interpolado
0.4875207041408281,0.003372994558096752,interpolado
0.48762052410482093,0.0038807800110920334,interpolado
0.48772034406881376,0.004271125060851624,interpolado
0.4878201640328066,0.00451067265650878,interpolado
0.4879199839967994,0.004566065747196085,interpolado
0.488,0.004455,original
0.4881196239247851,0.004014350739445112,interpolado
0.48821944388877775,0.0034381438852735236,interpolado
0.4883192638527706,0.0027236193063133007,interpolado
0.4884190838167633,0.0019189634583902963,interpolado
0.48851890378075613,0.0010723627973291915,interpolado
0.488618723744749,0.00023200377895457323,interpolado
0.4887185437087418,-0.0005539271409075609,interpolado
0.4888183636727346,-0.0012372435064329857,interpolado
0.4889181836367275,-0.0017697588617958736,interpolado
0.489,-0.00206,original
0.489117823564713,-0.002211508686909934,interpolado
0.48921764352870584,-0.0021184660474371786,interpolado
0.48931746349269867,-0.0018558343261117093,interpolado
0.48941728345669144,-0.0014552109991430207,interpolado
0.48951710342068416,-0.0009481935427401993,interpolado
0.489616923384677,-0.000366379433112097,interpolado
0.48971674334866977,0.0002586338535314375,interpolado
0.4898165633126626,0.0008952488409818713,interpolado
0.48991638327665543,0.0015118680530292936,interpolado
0.49,0.00199,original
0.4901160232046409,0.0025651926600807192,interpolado
0.4902158431686338,0.002967390549207917,interpolado
0.4903156631326266,0.0032766040520327026,interpolado
0.4904154830966195,0.003485931934861288,interpolado
0.4905153030606121,0.003588472964000425,interpolado
0.49061512302460486,0.0035773259057566313,interpolado
0.49071494298859775,0.003445589526436473,interpolado
0.49081476295259047,0.0031863625923463485,interpolado
0.49091458291658335,0.0027927438697931,interpolado
0.491,0.002344,original
0.49111422284456885,0.0015853024148687561,interpolado
0.4912140428085617,0.0008061193674354942,interpolado
0.49131386277255445,-4.4244656274408303e-05,interpolado
0.4914136827365473,-0.0009303384995500243,interpolado
0.4915135027005401,-0.001816711005678934,interpolado
0.4916133226645329,-0.0026679110179506607,interpolado
0.49171314262852567,-0.0034484873796528214,interpolado
0.49181296259251844,-0.004122988934074483,interpolado
0.49191278255651133,-0.004655964524504475,interpolado
0.492,-0.004978,original
0.492112422484497,-0.005169839143579476,interpolado
0.49221224244848977,-0.005147485776460364,interpolado
0.4923120624124826,-0.00496955616809804,interpolado
0.4924118823764753,-0.004660683441184828,interpolado
0.49251170234046804,-0.004245500718413609,interpolado
0.4926115223044609,-0.003748641122476481,interpolado
0.49271134226845376,-0.003194737776066529,interpolado
0.49281116223244653,-0.002608423801876026,interpolado
0.4929109821964394,-0.0020143323225971714,interpolado
0.493,-0.001498,original
0.49311062212442497,-0.0008979835804883992,interpolado
0.49321044208841763,-0.0004085525438049959,interpolado
0.49331026205241063,2.1404153001691666e-05,interpolado
0.49341008201640335,0.00038209087987893883,interpolado
0.4935099019803961,0.0006637120067734363,interpolado
0.4936097219443889,0.0008564719036325816,interpolado
0.49370954190838173,0.0009505749404032527,interpolado
0.4938093618723746,0.0009362254870326782,interpolado
0.49390918183636734,0.0008036279134678459,interpolado
0.494,0.000572,original
0.49410882176435283,0.00015349711357991592,interpolado
0.4942086417283458,-0.00033824106459374385,interpolado
0.49430846169233844,-0.0009003818911290845,interpolado
0.49440828165633127,-0.0015010844016114858,interpolado
0.494508101620324,-0.002108507631625305,interpolado
0.4946079215843169,-0.002690810616756222,interpolado
0.49470774154830965,-0.003216152392588614,interpolado
0.49480756151230243,-0.0036526919947078578,interpolado
0.49490738147629526,-0.003968588458699128,interpolado
0.495,-0.004126,original
0.4951070214042809,-0.004124034188190025,interpolado
0.4952068413682737,-0.003967472081485862,interpolado
0.49530666133226653,-0.003693504911875205,interpolado
0.4954064812962593,-0.0033333191467686232,interpolado
0.495506301260252,-0.0029181012535773264,interpolado
0.49560612122424497,-0.002479037699711684,interpolado
0.4957059411882377,-0.002047314952582986,interpolado
0.4958057611522305,-0.0016541194796017877,interpolado
0.49590558111622335,-0.0013306377481787238,interpolado
0.496,-0.001117,original
0.49610522104420907,-0.0010070010908446309,interpolado
0.49620504100820173,-0.0010121966631471953,interpolado
0.4963048609721946,-0.0011007311974150036,interpolado
0.4964046809361874,-0.0012496943766990812,interpolado
0.4965045009001801,-0.0014361758840501814,interpolado
0.49660432086417294,-0.0016372654025194144,interpolado
0.49670414082816566,-0.001830052615157476,interpolado
0.4968039607921586,-0.0019916272050154063,interpolado
0.49690378075615144,-0.002099078855144176,interpolado
0.497,-0.00213,original
0.4971034206841369,-0.002066117401659194,interpolado
0.4972032406481296,-0.0019142326100921629,interpolado
0.4973030606121225,-0.0016840861111596201,interpolado
0.49740288057611537,-0.0013859208827742477,interpolado
0.49750270054010803,-0.0010299799028493097,interpolado
0.49760252050410086,-0.0006265061492975837,interpolado
0.49770234046809375,-0.00018574260003174472,interpolado
0.4978021604320865,0.00028206776703478686,interpolado
0.49790198039607936,0.0007666819739895904,interpolado
0.498,0.001249,original
0.4981016203240649,0.0017453499959109464,interpolado
0.4982014402880577,0.002218917855052166,interpolado
0.49830126025205046,0.0026683176424294017,interpolado
0.49840108021604335,0.003083306380130211,interpolado
0.49850090018003607,0.003453641090241202,interpolado
0.4986007201440289,0.00376907879484969,interpolado
0.4987005401080217,0.004019376516042865,interpolado
0.49880036007201445,0.004194291275907521,interpolado
0.4989001800360072,0.004283580096530909,interpolado
0.499,0.004277,original
