Time - Voltage_1,Amplitude - Voltage_1,tipo_valor
0.0,0.010883,original
9.981996399279867e-05,0.01009371808755318,interpolado
0.00019963992798559732,0.009434157058602975,interpolado
0.000299459891978396,0.008891249348936767,interpolado
0.00039927985597119453,0.008451927394341925,interpolado
0.0004990998199639931,0.008103123630605837,interpolado
0.0005989197839567919,0.007831770493515881,interpolado
0.0006987397479495905,0.0076248004188594325,interpolado
0.0007985597119423888,0.007469145842423871,interpolado
0.0008983796759351872,0.007351739199996576,interpolado
0.001,0.007258,original
0.0010980196039207845,0.007179399460316308,interpolado
0.0011978395679135832,0.00709833123463809,interpolado
0.0012976595319063818,0.007003240686117654,interpolado
0.0013974794958991803,0.006881060250542382,interpolado
0.0014972994598919786,0.006718722363699648,interpolado
0.0015971194238847772,0.006503159461376836,interpolado
0.0016969393878775757,0.006221303979361322,interpolado
0.0017967593518703746,0.005860088353440486,interpolado
0.001896579315863173,0.005406445019401709,interpolado
0.002,0.004825,original
0.00209621924384877,0.00417674606977776,interpolado
0.0021960392078415694,0.0034206691146925236,interpolado
0.002295859171834368,0.002613846681944159,interpolado
0.002395679135827166,0.001791050279937749,interpolado
0.0024954990998199648,0.0009870514170783736,interpolado
0.0025953190638127637,0.00023662160177111404,interpolado
0.0026951390278055617,-0.0004254676575789493,interpolado
0.002794958991798361,-0.0009644448525667436,interpolado
0.0028947789557911595,-0.0013455384747871853,interpolado
0.003,-0.001538,original
0.003094418883776757,-0.0015054110156919923,interpolado
0.0031942388477695545,-0.0012845398965686636,interpolado
0.0032940588117623534,-0.0009104792311424476,interpolado
0.0033938787757551514,-0.0004223465429158894,interpolado
0.0034936987397479503,0.0001407406446084592,interpolado
0.0035935187037407475,0.0007396648079280562,interpolado
0.003693338667733547,0.0013353084235403516,interpolado
0.0037931586317263444,0.001888553967942796,interpolado
0.003892978595719143,0.0023602839176328446,interpolado
0.004,0.002731,original
0.004092618523704739,0.002910748976165754,interpolado
0.004192438487697538,0.002967160947983828,interpolado
0.004292258451690337,0.0029017505782936853,interpolado
0.0043920784156831335,0.0027356555517632263,interpolado
0.004491898379675935,0.002490013553060348,interpolado
0.004591718343668733,0.002185962266852955,interpolado
0.00469153830766153,0.001844639377808942,interpolado
0.00479135827165433,0.0014871825705962147,interpolado
0.004891178235647129,0.00113472952988267,interpolado
0.005,0.000781,original
0.005090818163632725,0.0005253365840780539,interpolado
0.005190638127625526,0.0002813201427109251,interpolado
0.005290458091618324,6.5253341894398e-05,interpolado
0.005390278055611122,-0.00013398303553518353,interpolado
0.0054900980196039215,-0.0003275082067414753,interpolado
0.00558991798359672,-0.000526441388888128,interpolado
0.005689737947589518,-0.0007419017991387972,interpolado
0.005789557911582318,-0.0009850086546571396,interpolado
0.005889377875575115,-0.0012668811726068042,interpolado
0.006,-0.001638,original
0.006089017803560713,-0.0019870942113470297,interpolado
0.006188837767553511,-0.002415179824657552,interpolado
0.00628865773154631,-0.0028575945951399805,interpolado
0.006388477695539108,-0.0032890300137046746,interpolado
0.006488297659531905,-0.003684177571262001,interpolado
0.006588117623524705,-0.00401772875872233,interpolado
0.006687937587517502,-0.004264375066996017,interpolado
0.006787757551510303,-0.004398807986993435,interpolado
0.006887577515503101,-0.004395719009624945,interpolado
0.007,-0.004196,original
0.007087217443488696,-0.003882530770011554,interpolado
0.007187037407481496,-0.0033751946933077265,interpolado
0.007286857371474294,-0.002743532358911744,interpolado
0.007386677335467093,-0.002023305213177934,interpolado
0.007486497299459892,-0.001250274702460645,interpolado
0.0075863172634526915,-0.00046020227311420437,interpolado
0.00768613722744549,0.0003111506285070571,interpolado
0.007785957191438287,0.001028022556048792,interpolado
0.007885777155431088,0.0016546520631566712,interpolado
0.008,0.002215,original
0.008085417083416686,0.002499368502635037,interpolado
0.008185237047409484,0.0026888161678758167,interpolado
0.008285057011402286,0.0027379194612189516,interpolado
0.008384876975395084,0.0026610022204816147,interpolado
0.008484696939387882,0.002472388283480991,interpolado
0.00858451690338068,0.002186401488034249,interpolado
0.00868433686737348,0.0018173656719585726,interpolado
0.00878415683136628,0.001379604673071146,interpolado
0.008883976795359077,0.0008874423291891318,interpolado
0.009,0.000266,original
0.009083616723344675,-0.00020325505284141628,interpolado
0.00918343668733747,-0.0007771133894996619,interpolado
0.009283256651330271,-0.0013567817560801079,interpolado
0.009383076615323067,-0.0019326727532191811,interpolado
0.009482896579315865,-0.0024951989815533105,interpolado
0.009582716543308663,-0.003034773041718953,interpolado
0.009682536507301462,-0.003541807534352535,interpolado
0.009782356471294258,-0.004006715060090487,interpolado
0.00988217643528706,-0.004419908219569264,interpolado
0.01,-0.004828,original
0.010081816363272652,-0.00505421212727055,interpolado
0.010181636327265452,-0.005268758522074095,interpolado
0.01028145629125825,-0.00542120339832057,interpolado
0.01038127625525105,-0.005517326383224635,interpolado
0.010481096219243848,-0.0055629071040009465,interpolado
0.010580916183236646,-0.0055637251878641715,interpolado
0.010680736147229445,-0.005525560262028963,interpolado
0.010780556111222242,-0.005454191953709984,interpolado
0.01088037607521504,-0.005355399890121894,interpolado
0.011,-0.005209,original
0.01108001600320064,-0.005098140502714242,interpolado
0.011179835967193439,-0.004946345617695714,interpolado
0.011279655931186237,-0.004779280172008835,interpolado
0.011379475895179035,-0.004596637372607222,interpolado
0.011479295859171835,-0.004398110426444476,interpolado
0.011579115823164633,-0.0041833925404742185,interpolado
0.011678935787157431,-0.003952176921650064,interpolado
0.01177875575115023,-0.0037041567769256173,interpolado
0.01187857571514303,-0.003439025313254494,interpolado
0.012,-0.003093,original
0.012078215643128627,-0.0028570939222585467,interpolado
0.012178035607121426,-0.0025484226553197744,interpolado
0.012277855571114226,-0.0022412693087321737,interpolado
0.01237767553510702,-0.0019464600662248853,interpolado
0.012477495499099822,-0.0016748211115270363,interpolado
0.01257731546309262,-0.001437178628367766,interpolado
0.012677135427085416,-0.0012443588004762138,interpolado
0.012776955391078218,-0.0011071878115815094,interpolado
0.012876775355071018,-0.001036491845412791,interpolado
0.013,-0.001057,original
0.013076415283056614,-0.0011352638604152803,interpolado
0.013176235247049412,-0.001300040620830069,interpolado
0.01327605521104221,-0.0015140114013416687,interpolado
0.013375875175035011,-0.0017536865139024783,interpolado
0.01347569513902781,-0.001995576270464886,interpolado
0.013575515103020611,-0.0022161909829812826,interpolado
0.01367533506701341,-0.002392040963404059,interpolado
0.013775155031006209,-0.00249963652368561,interpolado
0.01387497499499901,-0.0025154879757783265,interpolado
0.014,-0.00237,original
0.014074614922984603,-0.002182102269857964,interpolado
0.014174434886977401,-0.0018300973024775917,interpolado
0.014274254850970199,-0.0013953776564052793,interpolado
0.014374074814962995,-0.0009133883943525457,interpolado
0.014473894778955797,-0.0004195745790309336,interpolado
0.014573714742948593,5.061872684801482e-05,interpolado
0.01467353470694139,0.00046174646057278143,interpolado
0.014773354670934187,0.0007783635594318231,interpolado
0.014873174634926982,0.0009650249607136035,interpolado
0.015,0.000959,original
0.01507281456291258,0.0008125270269727999,interpolado
0.01517263452690538,0.0004684748030444245,interpolado
0.015272454490898178,8.453371511434289e-06,interpolado
0.015372274454890979,-0.0005129155821701721,interpolado
0.015472094418883775,-0.001041010372544403,interpolado
0.015571914382876577,-0.0015212093141552582,interpolado
0.015671734346869373,-0.0018988907215467623,interpolado
0.015771554310862173,-0.0021194329092629124,interpolado
0.015871374274854976,-0.00212821419184772,interpolado
0.016,-0.001739,original
0.016071014202840572,-0.0013002693606074163,interpolado
0.016170834166833372,-0.0004527967015133534,interpolado
0.016270654130826165,0.000589302851212455,interpolado
0.01637047409481896,0.001742975624819416,interpolado
0.016470294058811764,0.0029251679465569632,interpolado
0.016570114022804557,0.004052826143674395,interpolado
0.016669933986797354,0.00504289654342114,interpolado
0.016769753950790153,0.005812325473046609,interpolado
0.016869573914782953,0.0062780592598001336,interpolado
0.017,0.006291,original
0.017069213842768553,0.0059757632774136435,interpolado
0.017169033806761345,0.005161463110263453,interpolado
0.01726885377075415,0.004001904676650998,interpolado
0.017368673734746952,0.0025856735134571285,interpolado
0.01746849369873975,0.0010013551575628636,interpolado
0.017568313662732548,-0.0006624648541509381,interpolado
0.01766813362672535,-0.0023172009848034204,interpolado
0.017767953590718144,-0.0038742676975135537,interpolado
0.017867773554710947,-0.0052450794554005295,interpolado
0.018,-0.006623,original
0.018067413482696543,-0.007080748719448957,interpolado
0.01816723344668934,-0.007463324643011155,interpolado
0.018267053410682136,-0.007538725894240556,interpolado
0.01836687337467494,-0.007357694439338825,interpolado
0.01846669333866774,-0.006970972244507587,interpolado
0.018566513302660535,-0.0064293012759485116,interpolado
0.018666333266653328,-0.005783423499863239,interpolado
0.01876615323064613,-0.005084080882453384,interpolado
0.018865973194638928,-0.004382015389920642,interpolado
0.019,-0.003524,original
0.019065613122624524,-0.003168963546095083,interpolado
0.01916543308661732,-0.0027072734391165925,interpolado
0.019265253050610116,-0.002315574425309725,interpolado
0.019365073014602913,-0.001966015128240671,interpolado
0.019464892978595716,-0.0016307441714756591,interpolado
0.019564712942588512,-0.001281910178580879,interpolado
0.019664532906581312,-0.0008916617731225201,interpolado
0.01976435287057411,-0.00043214757866681316,interpolado
0.019864172834566908,0.00012448378122005273,interpolado
0.02,0.001088,original
0.02006381276255251,0.0016369288893559064,interpolado
0.020163632726545307,0.0025953224276161133,interpolado
0.02026345269053811,0.003627664157908447,interpolado
0.02036327265453091,0.00467971173406517,interpolado
0.02046309261852371,0.005697222809918656,interpolado
0.02056291258251651,0.006625955039301274,interpolado
0.020662732546509306,0.007411666076045295,interpolado
0.02076255251050211,0.008000113573983107,interpolado
0.02086237247449491,0.008337055186947008,interpolado
0.021,0.008289,original
0.02106201240248051,0.008044294700924697,interpolado
0.021161832366473305,0.007382501665454786,interpolado
0.021261652330466105,0.006448732037490218,interpolado
0.0213614722944589,0.0053099459923685866,interpolado
0.021461292258451697,0.004033103705427618,interpolado
0.021561112222444494,0.002685165352004905,interpolado
0.02166093218643729,0.0013330911074380463,interpolado
0.02176075215043009,4.3841147064773665e-05,interpolado
0.021860572114422883,-0.0011156243537773242,interpolado
0.022,-0.002391,original
0.02206021204240848,-0.002781135262229159,interpolado
0.022160032006401275,-0.0032165674009652385,interpolado
0.022259851970394078,-0.0034197773126267224,interpolado
0.02235967193438687,-0.0034269749018381486,interpolado
0.022459491898379667,-0.0032743700732240887,interpolado
0.022559311862372467,-0.002998172731409087,interpolado
0.022659131826365267,-0.002634592781017719,interpolado
0.02275895179035806,-0.0022198401266745353,interpolado
0.022858771754350866,-0.0017901246730040758,interpolado
0.023,-0.001227,original
0.02305841168233646,-0.001029091279895439,interpolado
0.023158231646329266,-0.000742415404911435,interpolado
0.023258051610322066,-0.0005118685280654356,interpolado
0.023357871574314865,-0.0003271369601824244,interpolado
0.02345769153830767,-0.00017790701208739122,interpolado
0.023557511502300465,-5.386499460534052e-05,interpolado
0.02365733146629326,5.530278143873877e-05,interpolado
0.02375715143028606,0.00015991000521985597,interpolado
0.023856971394278864,0.0002702703659130095,interpolado
0.024,0.000459,original
0.024056611322264457,0.000548798468879754,interpolado
0.024156431286257257,0.0007240947180191039,interpolado
0.024256251250250056,0.0009099664728201115,interpolado
0.024356071214242853,0.0010934796454919707,interpolado
0.024455891178235652,0.001261700148243895,interpolado
0.02455571114222845,0.001401693893285095,interpolado
0.02465553110622125,0.0015005267928247681,interpolado
0.024755351070214045,0.0015452647590721267,interpolado
0.024855171034206848,0.0015229737042363753,interpolado
0.025,0.001345,original
0.02505481096219244,0.0012264915520700107,interpolado
0.025154630926185237,0.0009453185977607304,interpolado
0.02525445089017804,0.0005972192943840492,interpolado
0.025354270854170833,0.00020272355488170938,interpolado
0.025454090818163633,-0.0002176387078045528,interpolado
0.025553910782156432,-0.000643337580732957,interpolado
0.02565373074614923,-0.0010538431509617677,interpolado
0.02575355071014203,-0.001428625505549246,interpolado
0.02585337067413483,-0.0017471547315536145,interpolado
0.026,-0.00207,original
0.02605301060212042,-0.0021344540202218568,interpolado
0.026152830566113224,-0.0021867601317629506,interpolado
0.026252650530106014,-0.0021693808994680385,interpolado
0.02635247049409882,-0.0021066490161814025,interpolado
0.026452290458091617,-0.002022897174747333,interpolado
0.026552110422084416,-0.0019424580680101149,interpolado
0.026651930386077216,-0.0018896643888140314,interpolado
0.026751750350070016,-0.0018888488300033727,interpolado
0.026851570314062816,-0.001964344084422422,interpolado
0.027,-0.00227,original
0.02705121024204842,-0.0024403531332634182,interpolado
0.02715103020604122,-0.00286009337340126,interpolado
0.02725085017003401,-0.003369792824519764,interpolado
0.02735067013402681,-0.003938476226563282,interpolado
0.027450490098019614,-0.004535168319476173,interpolado
0.02755031006201241,-0.005128893843202732,interpolado
0.027650130026005214,-0.005688677537687319,interpolado
0.027749949989998014,-0.006183544142874286,interpolado
0.02784976995399081,-0.006582518398707937,interpolado
0.027949589917983606,-0.006854625045132629,interpolado
0.028,-0.006934,original
0.028149229845969206,-0.0069318948735155915,interpolado
0.028249049809962005,-0.006774577716983008,interpolado
0.028348869773954805,-0.0065347730585347845,interpolado
0.028448689737947598,-0.006248953262782153,interpolado
0.0285485097019404,-0.005953590694336329,interpolado
0.028648329665933194,-0.005685157717808523,interpolado
0.028748149629925987,-0.005480126697809979,interpolado
0.028847969593918794,-0.005374969998951907,interpolado
0.028947789557911587,-0.005406159985845527,interpolado
0.029,-0.005489,original
0.02914742948589718,-0.005977377158796534,interpolado
0.029247249449889975,-0.006465122721776902,interpolado
0.02934706941388278,-0.007022487968210669,interpolado
0.029446889377875568,-0.0076001073873766655,interpolado
0.029546709341868368,-0.008148615468553748,interpolado
0.029646529305861168,-0.008618646701020699,interpolado
0.029746349269853964,-0.008960835574056365,interpolado
0.02984616923384676,-0.009125816576939578,interpolado
0.02994598919783956,-0.009064224198949151,interpolado
0.03,-0.008919,original
0.03014562912582516,-0.00811537383602032,interpolado
0.030245449089817963,-0.007273004763430722,interpolado
0.03034526905381076,-0.006251365527488073,interpolado
0.030445089017803562,-0.005100632479689766,interpolado
0.030544908981796355,-0.003870981971533317,interpolado
0.030644728945789155,-0.0026125903545160716,interpolado
0.030744548909781958,-0.0013756339801355563,interpolado
0.03084436887377475,-0.00021028919988915997,interpolado
0.030944188837767558,0.0008332676347257183,interpolado
0.031,0.001345,original
0.03114382876575315,0.0023844615162207177,interpolado
0.03124364872974596,0.0028780134311864273,interpolado
0.03134346869373875,0.0031966740573086067,interpolado
0.03144328865773155,0.0033507378389240863,interpolado
0.03154310862172435,0.0033504992203696768,interpolado
0.031642928585717156,0.003206252645982188,interpolado
0.03174274854970995,0.0029282925600984063,interpolado
0.03184256851370275,0.0025269134070551817,interpolado
0.03194238847769555,0.002012409631189309,interpolado
0.032,0.001668,original
0.03214202840568114,0.0006961155065441146,interpolado
0.03224184836967394,-5.303964719936699e-05,interpolado
0.03234166833366674,-0.0008190850743613965,interpolado
0.03244148829765954,-0.0015690024021880551,interpolado
0.03254130826165234,-0.002269773257925373,interpolado
0.032641128225645126,-0.002888379268819379,interpolado
0.03274094818963792,-0.0033918020621161045,interpolado
0.03284076815363072,-0.003747023265061598,interpolado
0.03294058811762353,-0.00392102450490184,interpolado
0.033,-0.003925,original
0.03314022804560912,-0.0036305092730628042,interpolado
0.03324004800960192,-0.003212212335392363,interpolado
0.033339867973594714,-0.0026743111242495026,interpolado
0.03343968793758752,-0.0020643296844999525,interpolado
0.03353950790158032,-0.0014297920610095744,interpolado
0.03363932786557312,-0.0008182222986440996,interpolado
0.03373914782956591,-0.0002771444422693033,interpolado
0.033838967793558716,0.00014591746324904272,interpolado
0.033938787757551506,0.00040343937304516487,interpolado
0.034,0.000459,original
0.03413842768553711,0.00027511593043273274,interpolado
0.03423824764952991,-7.147386862145363e-05,interpolado
0.034338067613522705,-0.0005409314834671475,interpolado
0.0344378875775155,-0.001083256684127545,interpolado
0.0345377075415083,-0.0016484492406258432,interpolado
0.0346375275055011,-0.0021865089229852704,interpolado
0.03473734746949389,-0.002647435501228945,interpolado
0.03483716743348669,-0.002981228745380103,interpolado
0.03493698739747949,-0.0031378884254619367,interpolado
0.035,-0.003123,original
0.035136627325465096,-0.0027540688704794166,interpolado
0.03523644728945789,-0.0022226510649416263,interpolado
0.035336267253450696,-0.0015040006502433864,interpolado
0.03543608721744349,-0.0006282874772312219,interpolado
0.03553590718143629,0.00037431860324831106,interpolado
0.03563572714542908,0.001473647740348656,interpolado
0.03573554710942189,0.0026395300832233373,interpolado
0.03583536707341469,0.003841795781025635,interpolado
0.03593518703740749,0.005050274982909072,interpolado
0.036,0.005824,original
0.036134826965393094,0.0073660995757438685,interpolado
0.03623464692938588,0.008416066016690694,interpolado
0.036334466893378686,0.009356746891996425,interpolado
0.03643428685737148,0.010160176090369627,interpolado
0.036534106821364286,0.010798387500519051,interpolado
0.036633926785357075,0.011243415011153383,interpolado
0.03673374674934987,0.011467292510981322,interpolado
0.036833566713342675,0.011442053888711558,interpolado
0.03693338667733548,0.01113973303305274,interpolado
0.037,0.01077,original
0.037133026605321064,0.009632771104404551,interpolado
0.03723284656931387,0.008509370752575227,interpolado
0.037332666533306656,0.0072382385337708965,interpolado
0.03743248649729945,0.005894815717265586,interpolado
0.03753230646129226,0.004554543572333223,interpolado
0.03763212642528505,0.003292863368248017,interpolado
0.03773194638927785,0.0021852163742838962,interpolado
0.03783176635327065,0.0013070438597148834,interpolado
0.03793158631726345,0.0007337870938149999,interpolado
0.038,0.000556,original
0.03813122624524904,0.0007448237576872241,interpolado
0.038231046209241844,0.0012761080200534207,interpolado
0.03833086617323465,0.0020536638382264,interpolado
0.03843068613722745,0.002997223195151825,interpolado
0.03853050610122025,0.004026518073775356,interpolado
0.03863032606521305,0.00506128045704273,interpolado
0.038730146029205846,0.006021242327899458,interpolado
0.038829965993198635,0.006826135669291278,interpolado
0.03892978595719144,0.007395692464163854,interpolado
0.039,0.007612,original
0.039129425885177045,0.0075602509280424755,interpolado
0.03922924584916984,0.0071815540275284775,interpolado
0.03932906581316264,0.006578498338962423,interpolado
0.039428885777155434,0.005815399495827106,interpolado
0.03952870574114822,0.004956573131605336,interpolado
0.039628525705141034,0.004066334879779923,interpolado
0.03972834566913384,0.00320900037383368,interpolado
0.03982816563312663,0.0024488852472493703,interpolado
0.03992798559711943,0.0018503051335099121,interpolado
0.04,0.001555,original
0.040127625525105015,0.0013541861732597274,interpolado
0.040227445489097825,0.0014358527593146847,interpolado
0.04032726545309062,0.0016692679583361417,interpolado
0.040427085417083425,0.002001546508493867,interpolado
0.04052690538107623,0.0023798031479575527,interpolado
0.04062672534506901,0.0027511526148969617,interpolado
0.04072654530906182,0.0030627096474818375,interpolado
0.04082636527305462,0.0032615889838819197,interpolado
0.040926185237047406,0.0032949053622669537,interpolado
0.041,0.003182,original
0.04112582516503301,0.0026889990802309804,interpolado
0.0412256451290258,0.0020784654944757714,interpolado
0.041325465093018605,0.0013325224170198861,interpolado
0.04142528505701141,0.0005052044107707103,interpolado
0.04152510502100421,-0.0003494539613644248,interpolado
0.041624924984997015,-0.0011774181364780094,interpolado
0.041724744948989805,-0.0019246535516627117,interpolado
0.04182456491298261,-0.002537125644011146,interpolado
0.0419243848769754,-0.0029607998506159215,interpolado
0.042,-0.003123,original
0.04212402480496101,-0.0030586262745915,interpolado
0.0422238447689538,-0.0027527600864253573,interpolado
0.0423236647329466,-0.002273511515045909,interpolado
0.0424234846969394,-0.001670103659141649,interpolado
0.042523304660932196,-0.0009917596174010676,interpolado
0.04262312462492499,-0.00028770248851265847,interpolado
0.04272294458891779,0.0003928446288351329,interpolado
0.042822764552910585,0.0010006586359537172,interpolado
0.04292258451690339,0.001486516434154652,interpolado
0.043,0.001748,original
0.04312222444488898,0.0019223517745901905,interpolado
0.04322204440888176,0.0018812926024597968,interpolado
0.04332186437287459,0.0017168157673941235,interpolado
0.04342168433686737,0.0014675540620807748,interpolado
0.043521504300860166,0.0011721402792073204,interpolado
0.043621324264852976,0.0008692072114613396,interpolado
0.04372114422884576,0.0005973876515304106,interpolado
0.04382096419283857,0.00039531439210211176,interpolado
0.04392078415683137,0.0003016202258640197,interpolado
0.044,0.00033,original
0.044120424084816964,0.0005709490255943143,interpolado
0.044220244048809754,0.0009167360078866245,interpolado
0.04432006401280256,0.0013523887465552503,interpolado
0.04441988397679535,0.0018381120512954577,interpolado
0.044519703940788156,0.002334110731802542,interpolado
0.04461952390478095,0.0028005895977716985,interpolado
0.04471934386877376,0.0031977534588982248,interpolado
0.044819163832766545,0.003485807124877386,interpolado
0.044918983796759356,0.0036249554054044457,interpolado
0.045,0.003601,original
0.04511862372474495,0.003318984386554173,interpolado
0.04521844368873775,0.0028860823476452783,interpolado
0.04531826365273055,0.0023143151088854228,interpolado
0.045418083616723344,0.0016412146342402192,interpolado
0.04551790358071613,0.0009043128876752809,interpolado
0.04561772354470895,0.00014114183315616706,interpolado
0.04571754350870173,-0.0006107665653514001,interpolado
0.045817363472694536,-0.001313880343881863,interpolado
0.045917183436687325,-0.0019306675384696069,interpolado
0.046,-0.00235,original
0.046116823364672925,-0.0027727356718669598,interpolado
0.04621664332866572,-0.0030000016602358018,interpolado
0.046316463292658525,-0.003133797485568425,interpolado
0.04641628325665133,-0.0032024722126228877,interpolado
0.04651610322064412,-0.0032343749061572264,interpolado
0.04661592318463692,-0.003257854630929482,interpolado
0.046715743148629724,-0.0033012604516976926,interpolado
0.04681556311262252,-0.0033929414332199044,interpolado
0.046915383076615316,-0.0035612466402541463,interpolado
0.047,-0.003785,original
0.04711502300460093,-0.0042240773348840134,interpolado
0.04721484296859371,-0.0046983020036212115,interpolado
0.04731466293258652,-0.005218652982589838,interpolado
0.047414482896579326,-0.00574662347716056,interpolado
0.047514302860572115,-0.006243706692703942,interpolado
0.04761412282456492,-0.006671395834590661,interpolado
0.047713942788557714,-0.006991184108191353,interpolado
0.04781376275255052,-0.007164564718876654,interpolado
0.047913582716543314,-0.0071530308720172036,interpolado
0.048,-0.006964,original
0.048113222644528914,-0.006442059265177293,interpolado
0.04821304260852171,-0.005762886550434899,interpolado
0.048312862572514506,-0.004927879280187918,interpolado
0.04841268253650731,-0.003984324493795953,interpolado
0.04851250250050011,-0.0029795092306185342,interpolado
0.04861232246449291,-0.0019607205300154044,interpolado
0.048712142428485705,-0.0009752454313460987,interpolado
0.0488119623924785,-7.037097397021709e-05,interpolado
0.0489117823564713,0.0007066158027526368,interpolado
0.049,0.001249,original
0.049111422284456904,0.0017050886013167629,interpolado
0.0492112422484497,0.0019153395536835652,interpolado
0.049311062212442504,0.001966591710781089,interpolado
0.0494108821764353,0.0018862365222348208,interpolado
0.04951070214042809,0.0017016654376702486,interpolado
0.049610522104420886,0.0014402699067128564,interpolado
0.04971034206841369,0.00112944137898811,interpolado
0.04981016203240649,0.0007965713041215388,interpolado
0.049909981996399296,0.0004690511317386109,interpolado
0.05,0.000201,original
0.05010962192438488,-6.838967749120625e-05,interpolado
0.05020944188837768,-0.0002634009664426312,interpolado
0.05030926185237049,-0.0004196892701803597,interpolado
0.05040908181636328,-0.0005461765728612792,interpolado
0.05050890178035608,-0.0006517848586423112,interpolado
0.05060872174434887,-0.000745436111680364,interpolado
0.05070854170834167,-0.0008360523161323477,interpolado
0.05080836167233446,-0.0009325554561551706,interpolado
0.050908181636327265,-0.0010438675159057504,interpolado
0.051,-0.001167,original
0.051107821564312865,-0.0013431864647349206,interpolado
0.051207641528305654,-0.0015314520357793612,interpolado
0.05130746149229845,-0.001736346229280468,interpolado
0.051407281456291254,-0.001950509479572951,interpolado
0.05150710142028405,-0.002166582220991472,interpolado
0.05160692138427685,-0.0023772048878707383,interpolado
0.05170674134826966,-0.0025750179145454448,interpolado
0.05180656131226244,-0.0027526617353502824,interpolado
0.051906381276255235,-0.0029027767846199464,interpolado
0.052,-0.003012,original
0.05210602120424085,-0.0030936984488163857,interpolado
0.052205841168233645,-0.0031342315755319527,interpolado
0.05230566113222645,-0.003145845075683108,interpolado
0.05240548109621924,-0.003134780604603923,interpolado
0.05250530106021204,-0.0031072798176284707,interpolado
0.05260512102420484,-0.0030695843700908215,interpolado
0.05270494098819765,-0.0030279359173250534,interpolado
0.052804760952190444,-0.002988576114665238,interpolado
0.052904580916183254,-0.002957746617445449,interpolado
0.053,-0.002942,original
0.05310422084416883,-0.0029442550387693564,interpolado
0.05320404080816165,-0.002960921263393484,interpolado
0.05330386077215444,-0.0029853295429355356,interpolado
0.053403680736147235,-0.0030111218454184703,interpolado
0.05350350070014003,-0.003031940138865244,interpolado
0.05360332066413282,-0.003041426391298815,interpolado
0.05370314062812563,-0.003033222570742143,interpolado
0.053802960592118435,-0.003000970645218178,interpolado
0.053902780556111224,-0.002938312582749885,interpolado
0.054,-0.002842,original
0.05410242048409682,-0.002699113715959082,interpolado
0.05420224044808961,-0.002525630976707814,interpolado
0.05430206041208242,-0.002327457805121282,interpolado
0.05440188037607522,-0.0021136098274085304,interpolado
0.054501700340068016,-0.0018931026697785657,interpolado
0.05460152030406081,-0.001674951958440405,interpolado
0.054701340268053615,-0.0014681733196030679,interpolado
0.05480116023204642,-0.0012817823794755712,interpolado
0.054900980196039215,-0.0011247947642669244,interpolado
0.055,-0.001007,original
0.055100620124024814,-0.0009308059242626723,interpolado
0.05520044008801761,-0.0008865268031767011,interpolado
0.055300260052010414,-0.0008572964757312231,interpolado
0.05540008001600321,-0.0008270226828846532,interpolado
0.05549989997999602,-0.0007796131655954028,interpolado
0.05559971994398881,-0.0006989756648218921,interpolado
0.05569953990798162,-0.0005690179215225345,interpolado
0.05579935987197441,-0.00037364767665574485,interpolado
0.055899179835967205,-9.677267117993841e-05,interpolado
0.056,0.000282,original
0.056098819763952805,0.0007589848152692992,interpolado
0.056198639727945615,0.0013279574033224916,interpolado
0.056298459691938404,0.0019581889236837814,interpolado
0.056398279655931194,0.0026232511748014416,interpolado
0.056498099619924,0.003296715955123744,interpolado
0.05659791958391678,0.00395215506309896,interpolado
0.05669773954790959,0.004563140297175402,interpolado
0.056797559511902386,0.005103243455801255,interpolado
0.05689737947589518,0.0055460363374248344,interpolado
0.057,0.005872,original
0.05709701940388077,0.00604213105986265,interpolado
0.05719683936787358,0.006094357022895741,interpolado
0.057296659331866374,0.0060486152511007975,interpolado
0.057396479295859164,0.0059317525620746795,interpolado
0.057496299259851974,0.005770615773414232,interpolado
0.05759611922384477,0.005592051702716301,interpolado
0.05769593918783757,0.005422907167577735,interpolado
0.05779575915183038,0.005290028985595374,interpolado
0.05789557911582317,0.005220263974366083,interpolado
0.058,0.005244,original
0.058095219043808766,0.005369222041452201,interpolado
0.05819503900780156,0.00558731319746642,interpolado
0.058294858971794365,0.005864630609002786,interpolado
0.05839467893578716,0.006171071536095575,interpolado
0.05849449889977996,0.00647653323877899,interpolado
0.05859431886377275,0.006750912977087307,interpolado
0.058694138827765543,0.006964108011054775,interpolado
0.05879395879175835,0.00708601560071565,interpolado
0.05889377875575114,0.0070865330061041796,interpolado
0.059,0.00692,original
0.059093418683736736,0.006611211454145764,interpolado
0.05919323864772953,0.006131515574118702,interpolado
0.059293058611722335,0.00552657133358635,interpolado
0.05939287857571514,0.0048264828652862645,interpolado
0.059492698539707935,0.004061354301956003,interpolado
0.05959251850370074,0.0032612897763330674,interpolado
0.05969233846769355,0.002456393421155126,interpolado
0.05979215843168634,0.0016767693691596816,interpolado
0.05989197839567914,0.0009525217530842919,interpolado
0.06,0.000266,original
0.06009161832366474,-0.0002144397929205611,interpolado
0.060191438287657544,-0.0006326471995501159,interpolado
0.06029125825165034,-0.0009496536179309607,interpolado
0.06039107821564312,-0.0011742487474386116,interpolado
0.06049089817963593,-0.0013152222874485532,interpolado
0.060590718143628736,-0.0013813639373362692,interpolado
0.06069053810762152,-0.0013814633964772428,interpolado
0.06079035807161433,-0.0013243103642469533,interpolado
0.06089017803560712,-0.0012186945400208924,interpolado
0.061,-0.001057,original
0.06108981796359272,-0.0008974275733919712,interpolado
0.06118963792758553,-0.0007007957042841736,interpolado
0.06128945789157832,-0.0004938993657556274,interpolado
0.06138927785557113,-0.0002871281759703251,interpolado
0.061489097819563916,-9.087175309221616e-05,interpolado
0.06158891778355671,8.4480284714736e-05,interpolado
0.06168873774754952,0.00022853831928656824,interpolado
0.06178855771154231,0.0003309127324593172,interpolado
0.06188837767553511,0.00038121390606902014,interpolado
0.062,0.000363,original
0.0620880176035207,0.000287143919265198,interpolado
0.06218783756751352,0.00014596882828983007,interpolado
0.062287657531506314,-3.7688473402135766e-05,interpolado
0.062387477495499104,-0.0002470359200027268,interpolado
0.06248729745949191,-0.000465281445703985,interpolado
0.0625871174234847,-0.0006756329846978929,interpolado
0.06268693738747752,-0.0008612984711765341,interpolado
0.06278675735147032,-0.0010054858393319021,interpolado
0.0628865773154631,-0.001091403023356014,interpolado
0.063,-0.001097,original
0.0630862172434487,-0.001024472151136226,interpolado
0.0631860372074415,-0.0008638981644024543,interpolado
0.06328585717143427,-0.0006336546161455067,interpolado
0.06338567713542709,-0.00034687274597038374,interpolado
0.06348549709941989,-1.6683793482178837e-05,interpolado
0.06358531706341268,0.00034378100171399123,interpolado
0.06368513702740548,0.0007213904000131618,interpolado
0.06378495699139829,0.0011030131618101667,interpolado
0.06388477695539109,0.0014755180475000467,interpolado
0.064,0.001877,original
0.06408441688337667,0.002141922861736378,interpolado
0.06418423684736949,0.0024202529511456517,interpolado
0.06428405681136226,0.002660259626980182,interpolado
0.06438387677535506,0.002861446167610445,interpolado
0.06448369673934787,0.0030233158514068135,interpolado
0.06458351670334066,0.00314537195673968,interpolado
0.06468333666733346,0.0032271177619794854,interpolado
0.06478315663132625,0.0032680565454966167,interpolado
0.06488297659531905,0.0032676915856614925,interpolado
0.065,0.003214,original
0.06508261652330465,0.003140961811776452,interpolado
0.06518243648729745,0.003012711520575565,interpolado
0.06528225645129025,0.0028392028098060016,interpolado
0.06538207641528304,0.0026188622834309575,interpolado
0.06548189637927584,0.0023501165454137335,interpolado
0.06558171634326866,0.0020313921997174972,interpolado
0.06568153630726145,0.0016611158503055208,interpolado
0.06578135627125424,0.0012377141011411085,interpolado
0.06588117623524704,0.0007596135561873847,interpolado
0.066,0.000117,original
0.06608081616323264,-0.0003633478737608692,interpolado
0.06618063612722544,-0.0009780843393089687,interpolado
0.06628045609121826,-0.0015795525719749684,interpolado
0.06638027605521105,-0.0021282893722291826,interpolado
0.06648009601920384,-0.0025848315405419555,interpolado
0.06657991598319665,-0.0029097158773838186,interpolado
0.06667973594718946,-0.0030634791832250896,interpolado
0.06677955591118223,-0.0030066582585362147,interpolado
0.06687937587517505,-0.002699789903787562,interpolado
0.067,-0.001939,original
0.06707901580316065,-0.001187707543516827,interpolado
0.06717883576715343,3.859255484418833e-06,interpolado
0.06727865573114623,0.0013942038741469466,interpolado
0.06737847569513902,0.0029060645882306286,interpolado
0.06747829565913181,0.004462179673495259,interpolado
0.06757811562312463,0.005985287405701302,interpolado
0.06767793558711742,0.007398126060608366,interpolado
0.06777775555111022,0.008623433913976873,interpolado
0.067877575515103,0.009583949241566525,interpolado
0.068,0.010287,original
0.0680772154430886,0.010411651888248783,interpolado
0.06817703540708141,0.010225807891736651,interpolado
0.06827685537107421,0.009698239402975718,interpolado
0.06837667533506701,0.008882560799776344,interpolado
0.06847649529905982,0.00783238645994854,interpolado
0.06857631526305262,0.00660133076130263,interpolado
0.06867613522704541,0.0052430080816490525,interpolado
0.06877595519103821,0.0038110327987976597,interpolado
0.06887577515503102,0.002359019290559066,interpolado
0.069,0.000605,original
0.06907541508301662,-0.00039430386767846064,interpolado
0.06917523504700944,-0.0016267596231232017,interpolado
0.06927505501100223,-0.0027536776568295204,interpolado
0.069374874974995,-0.0037720736143813903,interpolado
0.06947469493898781,-0.0046789631413632,interpolado
0.0695745149029806,-0.005471361883358805,interpolado
0.06967433486697341,-0.006146285485952532,interpolado
0.06977415483096622,-0.006700749594728369,interpolado
0.069873974794959,-0.0071317698552703715,interpolado
0.07,-0.007495,original
0.0700736147229446,-0.00761235068217185,interpolado
0.07017343468693742,-0.007664906942560761,interpolado
0.07027325465093019,-0.007603115868240638,interpolado
0.07037307461492301,-0.007436099139008908,interpolado
0.07047289457891581,-0.007172978434663026,interpolado
0.07057271454290859,-0.006822875435000486,interpolado
0.0706725345069014,-0.006394911819818643,interpolado
0.0707723544708942,-0.005898209268915058,interpolado
0.070872174434887,-0.005341889462087041,interpolado
0.071,-0.004557,original
0.07107181436287258,-0.004087456457814133,interpolado
0.07117163432686538,-0.003414247259414918,interpolado
0.07127145429085818,-0.002733745240016821,interpolado
0.07137127425485096,-0.002064283058615309,interpolado
0.07147109421884378,-0.0014241933742061368,interpolado
0.07157091418283656,-0.0008318088457850428,interpolado
0.07167073414682937,-0.0003054621323475182,interpolado
0.07177055411082216,0.00013651410711063575,interpolado
0.07187037407481495,0.0004757872135938853,interpolado
0.072,0.000733,original
0.07207001400280055,0.0007751048552553652,interpolado
0.07216983396679336,0.0007256256321076744,interpolado
0.07226965393078615,0.0005655364293303427,interpolado
0.07236947389477896,0.0003149574393701158,interpolado
0.07246929385877175,-5.991145326153527e-06,interpolado
0.07256911382276457,-0.0003771891323117663,interpolado
0.07266893378675736,-0.0007785163291398912,interpolado
0.07276875375075015,-0.0011898525433636808,interpolado
0.07286857371474297,-0.0015910775825364618,interpolado
0.073,-0.00207,original
0.07306821364272856,-0.0022837610269528527,interpolado
0.07316803360672133,-0.0025485438603345236,interpolado
0.07326785357071416,-0.002755892821059998,interpolado
0.07336767353470694,-0.002905385190514361,interpolado
0.07346749349869973,-0.0029965982500827337,interpolado
0.07356731346269255,-0.0030291092811502674,interpolado
0.07366713342668534,-0.0030024955651020806,interpolado
0.07376695339067814,-0.0029163343833232937,interpolado
0.07386677335467094,-0.002770203017199034,interpolado
0.074,-0.002481,original
0.07406641328265653,-0.0022972240112113123,interpolado
0.07416623324664931,-0.0019816412041638873,interpolado
0.07426605321064211,-0.0016344275111082982,interpolado
0.07436587317463492,-0.001273192772064641,interpolado
0.0744656931386277,-0.0009155468270530176,interpolado
0.07456551310262051,-0.0005790995160933822,interpolado
0.07466533306661333,-0.0002814606792058749,interpolado
0.07476515303060613,-4.024015641046675e-05,interpolado
0.07486497299459892,0.0001269522122727268,interpolado
0.075,0.000204,original
0.07506461292258453,0.00017121377018350224,interpolado
0.07516443288657731,4.7829206317141843e-05,interpolado
0.07526425285057012,-0.00013253574250858847,interpolado
0.07536407281456291,-0.00033438133299582755,interpolado
0.07546389277855571,-0.0005222078218468147,interpolado
0.07556371274254853,-0.0006605154657637021,interpolado
0.07566353270654129,-0.0007138045214486673,interpolado
0.0757633526705341,-0.0006465752456039102,interpolado
0.0758631726345269,-0.00042332789493163816,interpolado
0.076,0.000201,original
0.0760628125625125,0.0006293592884776853,interpolado
0.0761626325265053,0.0014705083593224834,interpolado
0.07626245249049812,0.0024582061770236576,interpolado
0.0763622724544909,0.0035349848559980976,interpolado
0.0764620924184837,0.004643376510663162,interpolado
0.07656191238247648,0.005725913255435602,interpolado
0.0766617323464693,0.006725127204732782,interpolado
0.07676155231046208,0.0075835504729715895,interpolado
0.07686137227445489,0.008243715174568999,interpolado
0.077,0.008724,original
0.07706101220244047,0.008743196053222034,interpolado
0.07716083216643328,0.008529562424421886,interpolado
0.07726065213042609,0.008048620847923255,interpolado
0.07736047209441889,0.007342717192466727,interpolado
0.07746029205841168,0.00645419732679258,interpolado
0.07756011202240448,0.005425407119641535,interpolado
0.07765993198639728,0.004298692439753777,interpolado
0.07775975195039009,0.0031163991558700874,interpolado
0.07785957191438288,0.0019208731367306136,interpolado
0.078,0.000298,original
0.07805921184236847,-0.00034140428868423706,interpolado
0.07815903180636126,-0.0013392859832191556,interpolado
0.07825885177035408,-0.0022227229677671072,interpolado
0.07835867173434687,-0.0029755471205438313,interpolado
0.07845849169833968,-0.003581590319764694,interpolado
0.07855831166233247,-0.004024684443645138,interpolado
0.07865813162632526,-0.004288661370400784,interpolado
0.07875795159031806,-0.004357352978247058,interpolado
0.07885777155431087,-0.004214591145399477,interpolado
0.079,-0.003614,original
0.07905741148229646,-0.0032315858812979456,interpolado
0.07915723144628925,-0.0023877672329658886,interpolado
0.07925705141028205,-0.001344877514178981,interpolado
0.07935687137427486,-0.00013566765382808302,interpolado
0.07945669133826766,0.001207111419195326,interpolado
0.07955651130226044,0.0026507087760004665,interpolado
0.07965633126625327,0.004162373487696008,interpolado
0.07975615123024606,0.005709354625390579,interpolado
0.07985597119423883,0.007258901260193458,interpolado
0.08,0.009433,original
0.08005561112222444,0.010234669606471618,interpolado
0.08015543108621725,0.011595038420598008,interpolado
0.08025525105021003,0.012826012725773796,interpolado
0.08035507101420285,0.013894227450307061,interpolado
0.08045489097819564,0.014766317522505248,interpolado
0.08055471094218844,0.015408917870676326,interpolado
0.08065453090618122,0.01578866342312786,interpolado
0.08075435087017403,0.015872189108167692,interpolado
0.08085417083416682,0.015626129854103474,interpolado
0.081,0.014605,original
0.08105381076215243,0.014014788035874588,interpolado
0.08115363072614523,0.01264641566559805,interpolado
0.08125345069013802,0.01099135332464775,interpolado
0.08135327065413084,0.009130820931363578,interpolado
0.08145309061812363,0.007146038404085532,interpolado
0.08155291058211642,0.005118225661152774,interpolado
0.08165273054610922,0.0031286026209055664,interpolado
0.08175255051010202,0.0012583892016830636,interpolado
0.0818523704740948,-0.0004111946781745124,interpolado
0.082,-0.00234,original
0.0820520104020804,-0.0028267265445027917,interpolado
0.08215183036607318,-0.003481895870659979,interpolado
0.082251650330066,-0.003813648867676097,interpolado
0.08235147029405879,-0.00387363037203031,interpolado
0.08245129025805162,-0.0037134852202019056,interpolado
0.08255111022204441,-0.0033848582486701306,interpolado
0.08265093018603718,-0.0029393942939143275,interpolado
0.08275075015003001,-0.0024287381924136416,interpolado
0.08285057011402278,-0.0019045347806474718,interpolado
0.083,-0.001207,original
0.08305021004200841,-0.001020521500158562,interpolado
0.08315003000600119,-0.0007259007418289401,interpolado
0.083249849969994,-0.0005149154371626465,interpolado
0.08334966993398678,-0.00036642523008956505,interpolado
0.0834494898979796,-0.00025928976453947573,interpolado
0.08354930986197237,-0.00017236868444223344,interpolado
0.0836491298259652,-8.452163372763531e-05,interpolado
0.08374894978995802,2.539174367448678e-05,interpolado
0.0838487697539508,0.00017851180383428886,interpolado
0.08394858971794358,0.0003959789028219919,interpolado
0.084,0.00054,original
0.08414822964592919,0.0010824463003629608,interpolado
0.08424804960992202,0.0015237027688577859,interpolado
0.0843478695739148,0.001995168044811908,interpolado
0.08444768953790761,0.0024702154454496962,interpolado
0.08454750950190039,0.0029222182879952655,interpolado
0.08464732946589319,0.003324549889672981,interpolado
0.084747149429886,0.0036505835677069763,interpolado
0.08484696939387879,0.0038736926393215802,interpolado
0.0849467893578716,0.003967250421740981,interpolado
0.085,0.003955,original
0.0851464292858572,0.00368599206113127,interpolado
0.08524624924984998,0.0033317463510951413,interpolado
0.08534606921384277,0.002867044440425944,interpolado
0.08544588917783558,0.002316173787706973,interpolado
0.08554570914182837,0.0017034218515215686,interpolado
0.08564552910582116,0.0010530760904528089,interpolado
0.08574534906981393,0.0003894239630841195,interpolado
0.08584516903380673,-0.0002632470720014337,interpolado
0.08594498899779954,-0.0008806495562204255,interpolado
0.086,-0.001197,original
0.08614462892578514,-0.0019279504196443018,interpolado
0.08624444888977793,-0.002352975794621543,interpolado
0.08634426885377072,-0.002720223532395302,interpolado
0.08644408881776354,-0.0030358854978273717,interpolado
0.0865439087817563,-0.0033061535557797343,interpolado
0.08664372874574912,-0.003537219571114242,interpolado
0.08674354870974194,-0.0037352754086927673,interpolado
0.08684336867373474,-0.003906512933377259,interpolado
0.08694318863772751,-0.004057124010029566,interpolado
0.087,-0.004136,original
0.08714282856571313,-0.004314984371429203,interpolado
0.08724264852970592,-0.00441647207944138,interpolado
0.08734246849369873,-0.004490984202963,interpolado
0.08744228845769153,-0.00453191196270335,interpolado
0.08754210842168433,-0.004532646579371748,interpolado
0.08764192838567711,-0.004486579273677503,interpolado
0.08774174834966993,-0.004387101266329912,interpolado
0.08784156831366274,-0.004227603778038283,interpolado
0.0879413882776555,-0.004001478029511957,interpolado
0.088,-0.003835,original
0.08814102820564113,-0.0033338221906160496,interpolado
0.08824084816963391,-0.0029116132593290313,interpolado
0.08834066813362672,-0.00245237568798721,interpolado
0.08844048809761951,-0.001972724396580696,interpolado
0.08854030806161234,-0.0014892743050993983,interpolado
0.0886401280256051,-0.0010186403335334904,interpolado
0.08873994798959792,-0.000577437401872883,interpolado
0.0888397679535907,-0.00018228043010773732,interpolado
0.08893958791758352,0.00015021566177201434,interpolado
0.089,0.000314,original
0.08913922784556912,0.0005694973360126002,interpolado
0.0892390478095619,0.0006497851848655924,interpolado
0.0893388677735547,0.0006471902363880245,interpolado
0.0894386877375475,0.0005644052220501155,interpolado
0.08953850770154032,0.0004041228733220795,interpolado
0.08963832766553308,0.00016903592167417453,interpolado
0.08973814762952591,-0.0001381629014234457,interpolado
0.0898379675935187,-0.000514780864500477,interpolado
0.0899377875575115,-0.0009581252360868041,interpolado
0.09,-0.001267,original
0.09013742748549709,-0.002021789691604427,interpolado
0.0902372474494899,-0.0025976240498762444,interpolado
0.09033706741348267,-0.0031614734536125895,interpolado
0.0904368873774755,-0.003682059776617672,interpolado
0.09053670734146826,-0.004128104892695401,interpolado
0.09063652730546108,-0.004468330675649952,interpolado
0.09073634726945387,-0.004671458999285305,interpolado
0.09083616723344669,-0.004706211737405519,interpolado
0.09093598719743949,-0.0045413107638146485,interpolado
0.091,-0.004316,original
0.09113562712542508,-0.0035236440705666864,interpolado
0.0912354470894179,-0.002725337279199977,interpolado
0.09133526705341068,-0.0018065579743963035,interpolado
0.09143508701740347,-0.0008226402286220167,interpolado
0.09153490698139627,0.00017108188565600387,interpolado
0.09163472694538909,0.0011192742959714257,interpolado
0.09173454690938186,0.0019666029298573834,interpolado
0.09183436687337468,0.002657733714847501,interpolado
0.09193418683736748,0.0031373325784750353,interpolado
0.092,0.003311,original
0.09213382676535305,0.0032815003361898088,interpolado
0.09223364672934586,0.0029712654321789357,interpolado
0.09233346669333865,0.002466538176336964,interpolado
0.09243328665733146,0.0018138248676353105,interpolado
0.09253310662132426,0.001059631805045474,interpolado
0.09263292658531705,0.0002504652875386311,interpolado
0.09273274654930984,-0.000567168385913619,interpolado
0.09283256651330266,-0.0013467629163401188,interpolado
0.09293238647729546,-0.002041812004769364,interpolado
0.093,-0.002441,original
0.09313202640528107,-0.0030178235215829385,interpolado
0.09323184636927385,-0.0032931178957842817,interpolado
0.09333166633326664,-0.0034518758710283095,interpolado
0.09343148629725945,-0.003513909599787758,interpolado
0.09353130626125225,-0.003499031234535424,interpolado
0.09363112622524505,-0.0034270529277440802,interpolado
0.09373094618923784,-0.003317786831886525,interpolado
0.09383076615323063,-0.003191045099435513,interpolado
0.09393058611722344,-0.003066639882863857,interpolado
0.094,-0.002992,original
0.09413022604520904,-0.0028918955660996834,interpolado
0.09423004600920182,-0.0028383559240975653,interpolado
0.09432986597319462,-0.0027904766114485572,interpolado
0.09442968593718742,-0.002735125021136538,interpolado
0.09452950590118023,-0.0026591685461453555,interpolado
0.09462932586517303,-0.0025494745794588957,interpolado
0.09472914582916582,-0.0023929105140609907,interpolado
0.09482896579315865,-0.0021763437429355168,interpolado
0.09492878575715143,-0.0018866416590663793,interpolado
0.095,-0.001628,original
0.09512842568513703,-0.0010432128981188002,interpolado
0.09522824564912984,-0.0004918120523312769,interpolado
0.09532806561312265,0.00013428546245033323,interpolado
0.09542788557711544,0.0008259216600472629,interpolado
0.09552770554110825,0.0015739385542810382,interpolado
0.09562752550510104,0.0023691781589727876,interpolado
0.09572734546909382,0.003202482487944064,interpolado
0.09582716543308661,0.004064693555015974,interpolado
0.09592698539707945,0.004946653374010091,interpolado
0.096,0.005599,original
0.09612662532506505,0.006728579319834165,interpolado
0.09622644528905783,0.007593091821625927,interpolado
0.0963262652530506,0.008409995527830259,interpolado
0.09642608521704342,0.009156588215701082,interpolado
0.09652590518103622,0.009810167662491962,interpolado
0.096625725145029,0.01034803164545652,interpolado
0.09672554510902182,0.010747477941848597,interpolado
0.09682536507301459,0.010985804328921774,interpolado
0.09692518503700741,0.01104030858392981,interpolado
0.097,0.010947,original
0.097124824964993,0.01053112526035473,interpolado
0.0972246449289858,0.010014246014572601,interpolado
0.09732446489297861,0.009389037600962337,interpolado
0.0974242848569714,0.008706693278305384,interpolado
0.0975241048209642,0.008018406305383549,interpolado
0.09762392478495698,0.007375369940978262,interpolado
0.09772374474894979,0.006828777443871255,interpolado
0.09782356471294258,0.006429822072844194,interpolado
0.0979233846769354,0.006229697086678598,interpolado
0.098,0.006243,original
0.09812302460492098,0.006595454482715051,interpolado
0.0982228445689138,0.0071246939176781154,interpolado
0.09832266453290657,0.0078052727364458915,interpolado
0.09842248449689937,0.008575386213908439,interpolado
0.09852230446089218,0.009373229624955424,interpolado
0.09862212442488498,0.01013699824447694,interpolado
0.09872194438887777,0.010804887347362655,interpolado
0.09882176435287057,0.01131509220850263,interpolado
0.09892158431686335,0.01160580810278662,interpolado
0.099,0.01164,original
0.09912122424484898,0.01131851278696016,interpolado
0.09922104420884174,0.010767045710794428,interpolado
0.09932086417283456,0.010023036639980705,interpolado
0.09942068413682738,0.009148489691446595,interpolado
0.09952050410082017,0.00820540898211978,interpolado
0.09962032406481298,0.007255798628927542,interpolado
0.09972014402880577,0.00636166274879767,interpolado
0.09981996399279859,0.005585005458657464,interpolado
0.09991978395679138,0.004987830875434597,interpolado
0.1,0.00468,original
0.10011942388477699,0.004546066380545459,interpolado
0.10021924384876978,0.004683615708889136,interpolado
0.10031906381276257,0.004987939474351504,interpolado
0.10041888377675537,0.0054023359142825736,interpolado
0.10051870374074814,0.005870103266032537,interpolado
0.10061852370474098,0.006334539766951426,interpolado
0.10071834366873375,0.006738943654389262,interpolado
0.10081816363272657,0.007026613165696241,interpolado
0.10091798359671933,0.007140846538222376,interpolado
0.101,0.007065,original
0.10111762352470495,0.0066514114009889914,interpolado
0.10121744348869774,0.006060473863727644,interpolado
0.10131726345269051,0.005302657619425455,interpolado
0.1014170834166833,0.00442838958683797,interpolado
0.10151690338067614,0.0034880966847202965,interpolado
0.10161672334466891,0.002532205831828028,interpolado
0.10171654330866171,0.0016111439469162498,interpolado
0.1018163632726545,0.0007753379487404468,interpolado
0.1019161832366473,7.521475605605808e-05,interpolado
0.102,-0.000371,original
0.10211582316463289,-0.0007377046431240511,interpolado
0.1022156431286257,-0.0008450895817939435,interpolado
0.1023154630926185,-0.0007928871897834967,interpolado
0.10241528305661132,-0.0006129746037792858,interpolado
0.10251510302060411,-0.00033722896046779847,interpolado
0.1026149229845969,2.472603464355651e-06,interpolado
0.10271474294858972,0.00037425295133073266,interpolado
0.10281456291258251,0.0007462349464447475,interpolado
0.10291438287657531,0.0010865414521198141,interpolado
0.103,0.001329,original
0.1031140228045609,0.001556219831056024,interpolado
0.1032138427685537,0.0016751577056027915,interpolado
0.1033136627325465,0.0017349524911276966,interpolado
0.1034134826965393,0.0017504253041101983,interpolado
0.10351330266053212,0.00173639726102973,interpolado
0.10361312262452489,0.0017076894783657401,interpolado
0.10371294258851771,0.001679123072597665,interpolado
0.10381276255251048,0.0016655191602049527,interpolado
0.10391258251650332,0.001681698857667043,interpolado
0.104,0.001732,original
0.10411222244448887,0.0018555955591107282,interpolado
0.10421204240848168,0.0020092696505409633,interpolado
0.10431186237247447,0.0021883462021336404,interpolado
0.10441168233646726,0.002377675441510285,interpolado
0.10451150230046007,0.002562107596292325,interpolado
0.10461132226445288,0.002726492894101287,interpolado
0.10471114222844567,0.0028556815625586218,interpolado
0.10481096219243846,0.002934523829285795,interpolado
0.10491078215643128,0.0029478699219043078,interpolado
0.105,0.002892,original
0.10511042208441687,0.002720932900229281,interpolado
0.10521024204840967,0.002467304219350392,interpolado
0.10531006201240249,0.002119866231984685,interpolado
0.10540988197639527,0.0016787980835564075,interpolado
0.10550970194038807,0.0011442789194900248,interpolado
0.1056095219043809,0.0005164878852097317,interpolado
0.10570934186837369,-0.00020439587386005963,interpolado
0.1058091618323665,-0.0010181932122948867,interpolado
0.1059089817963593,-0.0019247249846706324,interpolado
0.106,-0.002832,original
0.10610862172434489,-0.004000695142067295,interpolado
0.10620844168833767,-0.005095905286612735,interpolado
0.10630826165233048,-0.0061413642764418415,interpolado
0.10640808161632326,-0.007069001666251998,interpolado
0.10650790158031605,-0.007810747010740651,interpolado
0.10660772154430888,-0.008298529864605546,interpolado
0.10670754150830164,-0.008464279782544099,interpolado
0.10680736147229446,-0.008239926319253897,interpolado
0.10690718143628726,-0.0075573990294324255,interpolado
0.107,-0.006452,original
0.10710682136427284,-0.004586600277545582,interpolado
0.10720664132826564,-0.0023772955432225704,interpolado
0.10730646129225846,0.00014632601212291412,interpolado
0.10740628125625123,0.002851315226268228,interpolado
0.10750610122024404,0.005604722936992159,interpolado
0.10760592118423686,0.008273599982072357,interpolado
0.10770574114822967,0.010724997199286523,interpolado
0.10780556111222246,0.01282596542641337,interpolado
0.10790538107621526,0.014443555501230373,interpolado
0.108,0.01541,original
0.10810502100420086,0.015745723808755545,interpolado
0.10820484096819366,0.015429561216414776,interpolado
0.10830466093218646,0.014615418801619566,interpolado
0.10840448089617927,0.013422378939641101,interpolado
0.10850430086017206,0.011969524005750052,interpolado
0.10860412082416487,0.010375936375217575,interpolado
0.10870394078815766,0.008760698423314887,interpolado
0.10880376075215044,0.007242892525312549,interpolado
0.10890358071614323,0.005941601056481947,interpolado
0.109,0.005002,original
0.1091032206441288,0.00442640583423714,interpolado
0.10920304060812164,0.004234722162265822,interpolado
0.10930286057211444,0.004311104831391602,interpolado
0.1094026805361072,0.004565804673052857,interpolado
0.10950250050010003,0.0049090725186880825,interpolado
0.10960232046409281,0.005251159199735632,interpolado
0.10970214042808561,0.005502315547634029,interpolado
0.10980196039207842,0.005572792393821644,interpolado
0.10990178035607122,0.005372840569736944,interpolado
0.11,0.004825,original
0.11010142028405681,0.0038341904009944823,interpolado
0.11020124024804961,0.002499286348704774,interpolado
0.11030106021204243,0.0008986502653225811,interpolado
0.11040088017603521,-0.0008770664576748326,interpolado
0.11050070014002804,-0.002737212428809532,interpolado
0.11060052010402084,-0.0045911362566035474,interpolado
0.11070034006801363,-0.00634818654957968,interpolado
0.1108001600320064,-0.007917711916259737,interpolado
0.11089997999599922,-0.009209060965166454,interpolado
0.111,-0.010133,original
0.1110996199239848,-0.010619951584238231,interpolado
0.11119943988797762,-0.010710763517466419,interpolado
0.11129925985197038,-0.010466246230415721,interpolado
0.1113990798159632,-0.009948627849200465,interpolado
0.11149889977995597,-0.00922013649993518,interpolado
0.11159871974394879,-0.008343000308734059,interpolado
0.1116985397079416,-0.0073794474017115875,interpolado
0.11179835967193437,-0.006391705904982309,interpolado
0.11189817963592717,-0.005442003944660342,interpolado
0.112,-0.004577,original
0.11209781956391278,-0.0038932717786437196,interpolado
0.11219763952790558,-0.0033414775816370704,interpolado
0.11229745949189837,-0.0029206160058882795,interpolado
0.11239727945589116,-0.0026141158957464416,interpolado
0.11249709941988396,-0.0024054060955608567,interpolado
0.11259691938387677,-0.0022779154496806783,interpolado
0.11269673934786958,-0.002215072802455151,interpolado
0.11279655931186239,-0.0022003069982334837,interpolado
0.11289637927585519,-0.002217046881364883,interpolado
0.113,-0.00225,original
0.11309601920384078,-0.0022812162145644578,interpolado
0.11319583916783359,-0.002311436505719496,interpolado
0.11329565913182639,-0.0023393745428653186,interpolado
0.11339547909581918,-0.002365022851596477,interpolado
0.11349529905981197,-0.002388373957507524,interpolado
0.11359511902380481,-0.0024094203861930205,interpolado
0.11369493898779758,-0.002428154663247514,interpolado
0.11379475895179039,-0.002444569314265565,interpolado
0.11389457891578318,-0.0024586568648417265,interpolado
0.114,-0.002471,original
0.11409421884376877,-0.0024789601903155594,interpolado
0.11419403880776156,-0.0024793652126117185,interpolado
0.11429385877175437,-0.0024654774527680333,interpolado
0.11439367873574717,-0.002431149275292455,interpolado
0.11449349869973997,-0.002370233044692921,interpolado
0.11459331866373275,-0.0022765811254773787,interpolado
0.11469313862772557,-0.002144045882153797,interpolado
0.11479295859171834,-0.001966479679230083,interpolado
0.11489277855571114,-0.0017377348812142356,interpolado
0.115,-0.001428,original
0.11509241848369674,-0.0011024473737161226,interpolado
0.11519223844768953,-0.0006859083154513949,interpolado
0.11529205841168236,-0.00019838172644529663,interpolado
0.11539187837567515,0.0003637971759811721,interpolado
0.11549169833966791,0.0010042931745073034,interpolado
0.11559151830366074,0.0017267710518121587,interpolado
0.11569133826765354,0.002534895590574757,interpolado
0.11579115823164633,0.0034323315734744574,interpolado
0.11589097819563912,0.0044227437831901445,interpolado
0.116,0.005615,original
0.11609061812362471,0.006690284997964955,interpolado
0.11619043808761752,0.007924712550069062,interpolado
0.1162902580516103,0.009161648130163761,interpolado
0.11639007801560312,0.010349653015212169,interpolado
0.11648989797959591,0.011437288482177888,interpolado
0.11658971794358872,0.01237311580802391,interpolado
0.11668953790758153,0.013105696269713779,interpolado
0.11678935787157434,0.01358359114421062,interpolado
0.11688917783556708,0.013755361708477708,interpolado
0.117,0.013525,original
0.11708881776355269,0.0129911112041786,interpolado
0.1171886377275455,0.012076048454458371,interpolado
0.1172884576915383,0.010912052097539737,interpolado
0.11738827765553113,0.009586824292669691,interpolado
0.1174880976195239,0.00818806719909569,interpolado
0.11758791758351668,0.006803482976065241,interpolado
0.11768773754750952,0.005520773782825276,interpolado
0.1177875575115023,0.004427641778623436,interpolado
0.11788737747549512,0.0036117891227067287,interpolado
0.118,0.003134,original
0.11808701740348071,0.003144153050561608,interpolado
0.11818683736747351,0.003521038556506967,interpolado
0.11828665733146627,0.004211079631821298,interpolado
0.11838647729545909,0.005133722252093848,interpolado
0.11848629725945188,0.006208412392913574,interpolado
0.11858611722344467,0.007354596029869364,interpolado
0.11868593718743749,0.008491719138550582,interpolado
0.11878575715143025,0.009539227694545975,interpolado
0.11888557711542305,0.01041656767344489,interpolado
0.119,0.011109,original
0.11908521704340864,0.011352244879179057,interpolado
0.11918503700740145,0.01136248575691976,interpolado
0.11928485697139425,0.011125581315688679,interpolado
0.11938467693538708,0.01069327422137591,interpolado
0.11948449689937987,0.010117307139871731,interpolado
0.11958431686337266,0.009449422737066145,interpolado
0.11968413682736548,0.008741363678849395,interpolado
0.11978395679135825,0.008044872631111744,interpolado
0.11988377675535104,0.007411692259743164,interpolado
0.12,0.006823,original
0.12008341668333666,0.006534220528880496,interpolado
0.12018323664732943,0.006324502246335333,interpolado
0.12028305661132226,0.006233823555174674,interpolado
0.12038287657531507,0.00623153669276896,interpolado
0.12048269653930785,0.006286993896488578,interpolado
0.12058251650330064,0.0063695474037039545,interpolado
0.12068233646729346,0.006448549451785479,interpolado
0.12078215643128627,0.006493352278103576,interpolado
0.12088197639527908,0.006473308120028636,interpolado
0.121,0.006324,original
0.12108161632326465,0.00612086645967776,interpolado
0.12118143628725746,0.005770114681212674,interpolado
0.12128125625125029,0.005327267080222463,interpolado
0.12138107621524306,0.004814129878620954,interpolado
0.12148089617923587,0.00425250929832172,interpolado
0.12158071614322867,0.00366421156123854,interpolado
0.12168053610722147,0.0030710428892852084,interpolado
0.12178035607121429,0.0024948095043752713,interpolado
0.12188017603520707,0.001957317628422598,interpolado
0.122,0.001394,original
0.12207981596319266,0.0010832090340087124,interpolado
0.12217963592718545,0.0007660063735134587,interpolado
0.12227945589117825,0.0005203997883289816,interpolado
0.12237927585517104,0.0003379830389778575,interpolado
0.12247909581916386,0.00021034988598254208,interpolado
0.1225789157831566,0.0001290940898655704,interpolado
0.12267873574714942,8.580941114945151e-05,interpolado
0.12277855571114227,7.208961035667986e-05,interpolado
0.122878375675135,7.952844800976713e-05,interpolado
0.123,0.000105,original
0.12307801560312064,0.00012516264262136054,interpolado
0.12317783556711343,0.00015546019436575836,interpolado
0.12327765553110624,0.0001935672459834523,interpolado
0.12337747549509903,0.00024245847346304555,interpolado
0.12347729545909181,0.00030510855279316227,interpolado
0.12357711542308461,0.0003844921599623951,interpolado
0.12367693538707741,0.0004835839709593768,interpolado
0.12377675535107023,0.0006053586617727085,interpolado
0.12387657531506302,0.0007527909083909785,interpolado
0.124,0.000975,original
0.12407621524304864,0.0011350624005592694,interpolado
0.1241760352070414,0.0013607360829447806,interpolado
0.12427585517103422,0.0015891554151630032,interpolado
0.124375675135027,0.0018035558750737453,interpolado
0.12447549509901981,0.001987172940536719,interpolado
0.12457531506301257,0.0021232420894116526,interpolado
0.1246751350270054,0.0021949987995583294,interpolado
0.12477495499099822,0.002185678548836478,interpolado
0.12487477495499101,0.0020785168151058395,interpolado
0.125,0.00178,original
0.12507441488297663,0.0015063683107696207,interpolado
0.1251742348469694,0.0010377324424644902,interpolado
0.12527405481096218,0.0004739009398802286,interpolado
0.125373874774955,-0.00016195700533672968,interpolado
0.12547369473894782,-0.0008466722015400631,interpolado
0.12557351470294065,-0.0015570754570834535,interpolado
0.1256733346669334,-0.0022699975803203826,interpolado
0.1257731546309262,-0.002962269379604933,interpolado
0.125872974594919,-0.0036107216632905847,interpolado
0.126,-0.004336,original
0.1260726145229046,-0.004685278648941313,interpolado
0.1261724344868974,-0.0050854084077930845,interpolado
0.1262722544508902,-0.005397174788388094,interpolado
0.126372074414883,-0.005625272078267505,interpolado
0.1264718943788758,-0.0057743945649726056,interpolado
0.12657171434286857,-0.005849236536044672,interpolado
0.12667153430686137,-0.005854492279025032,interpolado
0.12677135427085418,-0.00579485608145494,interpolado
0.12687117423484698,-0.005675022230875686,interpolado
0.127,-0.005439,original
0.12707081416283256,-0.005274050911706353,interpolado
0.1271706341268254,-0.0050084435097844295,interpolado
0.12727045409081816,-0.004716129356069277,interpolado
0.12737027405481097,-0.004410410196219817,interpolado
0.1274700940188038,-0.004104587775894975,interpolado
0.12756991398279655,-0.00381196384075375,interpolado
0.12766973394678935,-0.0035458401364549,interpolado
0.12776955391078218,-0.0033195184086574313,interpolado
0.12786937387477496,-0.0031463004030202663,interpolado
0.128,-0.003022,original
0.12806901380276056,-0.0030091988583231923,interpolado
0.1281688337667533,-0.0030316739532261472,interpolado
0.12826865373074614,-0.003062698387517189,interpolado
0.12836847369473897,-0.003057774237022844,interpolado
0.12846829365873175,-0.002972403577569635,interpolado
0.12856811362272455,-0.0027620884849841668,interpolado
0.12866793358671735,-0.002382331035092856,interpolado
0.12876775355071016,-0.0017886333037222643,interpolado
0.12886757351470296,-0.0009364973666989183,interpolado
0.129,0.000669,original
0.12906721344268854,0.0017135717521235268,interpolado
0.12916703340668137,0.0035002724366703757,interpolado
0.12926685337067417,0.005476454136754044,interpolado
0.12936667333466698,0.007539036938801778,interpolado
0.12946649329865975,0.009584940929240266,interpolado
0.12956631326265253,0.011511086194497904,interpolado
0.12966613322664536,0.013214392821001366,interpolado
0.12976595319063816,0.01459178089517789,interpolado
0.12986577315463096,0.015540170503454723,interpolado
0.13,0.015958,original
0.13006541308261654,0.01574724484388584,interpolado
0.13016523304660935,0.0149354411231994,interpolado
0.13026505301060212,0.013621491652526472,interpolado
0.13036487297459495,0.011907216049446714,interpolado
0.13046469293858773,0.009894433931540382,interpolado
0.13056451290258048,0.007684964916385999,interpolado
0.13066433286657328,0.005380628621563746,interpolado
0.1307641528305661,0.0030832446646532913,interpolado
0.13086397279455894,0.0008946326632342957,interpolado
0.131,-0.001729,original
0.1310636127225445,-0.0027544424659242564,interpolado
0.13116343268653727,-0.004092721760092728,interpolado
0.1312632526505301,-0.005121644623160571,interpolado
0.1313630726145229,-0.005865634158919009,interpolado
0.13146289257851568,-0.006349113471159168,interpolado
0.13156271254250848,-0.006596505663672537,interpolado
0.13166253250650128,-0.006632233840250174,interpolado
0.1317623524704941,-0.006480721104683303,interpolado
0.13186217243448692,-0.006166390560763152,interpolado
0.132,-0.00551,original
0.13206181236247247,-0.0051471772411967095,interpolado
0.1321616323264653,-0.004494455994206139,interpolado
0.1322614522904581,-0.003785151625080279,interpolado
0.13236127225445085,-0.0030489627243128975,interpolado
0.13246109221844365,-0.00231558788239715,interpolado
0.1325609121824365,-0.0016147256898268072,interpolado
0.1326607321464293,-0.0009760747370954356,interpolado
0.1327605521104221,-0.0004293336146966038,interpolado
0.13286037207441484,-4.200913123977358e-06,interpolado
0.133,0.00033,original
0.13306001200240045,0.0003648796872270326,interpolado
0.13315983196639328,0.0002905592680900902,interpolado
0.13325965193038608,8.348321040034426e-05,interpolado
0.13335947189437886,-0.000218818133933258,interpolado
0.13345929185837166,-0.0005788144130020383,interpolado
0.13355911182236446,-0.0009589752748970688,interpolado
0.13365893178635727,-0.0013217703677094973,interpolado
0.13375875175035007,-0.0016296693395304674,interpolado
0.1338585717143429,-0.001845141838451083,interpolado
0.134,-0.001919,original
0.13405821164232848,-0.0018510998728994462,interpolado
0.1341580316063213,-0.0016099933959380693,interpolado
0.13425785157031406,-0.0012419537429724894,interpolado
0.13435767153430683,-0.0007824780779942773,interpolado
0.13445749149829964,-0.0002670635649946014,interpolado
0.13455731146229247,0.00026879263203499054,interpolado
0.13465713142628524,0.0007895933491030656,interpolado
0.13475695139027807,0.0012598414222181925,interpolado
0.13485677135427082,0.0016440396873888478,interpolado
0.135,0.001974,original
0.13505641128225646,0.0020146198533969877,interpolado
0.13515623124624926,0.0019746830531006333,interpolado
0.13525605121024206,0.0018275072633486106,interpolado
0.13535587117423484,0.0016147770586292054,interpolado
0.13545569113822764,0.001378177013430825,interpolado
0.13555551110222047,0.0011593917022418492,interpolado
0.13565533106621325,0.0010001056995506568,interpolado
0.13575515103020602,0.0009420035798456256,interpolado
0.13585497099419885,0.001026769917615092,interpolado
0.136,0.00149,original
0.13605461092218443,0.0017890017299937676,interpolado
0.13615443088617726,0.002495323788275375,interpolado
0.13625425085017004,0.0033613425413385974,interpolado
0.13635407081416284,0.004331844739498165,interpolado
0.13645389077815565,0.005351617133068093,interpolado
0.13655371074214845,0.006365446472362618,interpolado
0.13665353070614122,0.007318119507695973,interpolado
0.13675335067013403,0.00815442298938219,interpolado
0.13685317063412686,0.008819143667735976,interpolado
0.137,0.009369,original
0.13705281056211244,0.00941535335810649,interpolado
0.13715263052610524,0.009288885203716629,interpolado
0.13725245049009802,0.008916794830602022,interpolado
0.13735227045409082,0.00833988468775569,interpolado
0.13745209041808362,0.00759895722417094,interpolado
0.13755191038207643,0.006734814888841004,interpolado
0.1376517303460692,0.005788260130759117,interpolado
0.137751550310062,0.0048000953989187885,interpolado
0.1378513702740548,0.0038111231423126972,interpolado
0.138,0.002425,original
0.13805101020204044,0.0019928836632122603,interpolado
0.13815083016603322,0.001219409042844031,interpolado
0.13825065013002602,0.0005348166620233212,interpolado
0.1383504700940188,-6.874686022748028e-05,interpolado
0.13845029005801163,-0.0005991349048862092,interpolado
0.1385501100220044,-0.0010642008529307043,interpolado
0.1386499299859972,-0.0014717980853386967,interpolado
0.13874974994999,-0.0018297799830882485,interpolado
0.1388495699139828,-0.0021459999271570764,interpolado
0.13894938987797562,-0.0024283112985230173,interpolado
0.139,-0.002561,original
0.13914902980596117,-0.002912189963615068,interpolado
0.139248849769954,-0.0031017592461524434,interpolado
0.1393486697339468,-0.003241944948571603,interpolado
0.13944848969793958,-0.0033217922708760977,interpolado
0.1395483096619324,-0.0033303464130694776,interpolado
0.13964812962592518,-0.003256652575155328,interpolado
0.13974794958991799,-0.003089755957137156,interpolado
0.13984776955391082,-0.002818701759018525,interpolado
0.13994758951790356,-0.0024325351808029833,interpolado
0.14,-0.00218,original
0.14014722944588917,-0.0012955701318057484,interpolado
0.14024704940988197,-0.0005896820073481621,interpolado
0.14034686937387478,0.00016164051168249483,interpolado
0.14044668933786755,0.0009234938483034713,interpolado
0.14054650930186036,0.0016609744255318202,interpolado
0.14064632926585316,0.0023391786663852086,interpolado
0.1407461492298459,0.002923202993880673,interpolado
0.14084596919383874,0.003378143831035467,interpolado
0.14094578915783154,0.003669097600866837,interpolado
0.141,0.003746,original
0.14114542908581712,0.0036569521212294217,interpolado
0.14124524904980995,0.0033889540449902654,interpolado
0.14134506901380273,0.0029962220110226535,interpolado
0.14144488897779556,0.0025166541073890674,interpolado
0.14154470894178833,0.0019881484221521343,interpolado
0.14164452890578116,0.0014486030433740306,interpolado
0.14174434886977394,0.0009359160591173775,interpolado
0.14184416883376677,0.00048798555744465215,interpolado
0.14194398879775955,0.00014270962641833472,interpolado
0.142,8.1e-06,original
0.14214362872574518,-0.00012022210835871117,interpolado
0.14224344868973796,-5.3726931539712616e-05,interpolado
0.14234326865373076,0.00011014179003325949,interpolado
0.14244308861772356,0.00034496019233310024,interpolado
0.14254290858171637,0.0006243044113326245,interpolado
0.14264272854570914,0.000921750583004888,interpolado
0.14274254850970194,0.0012108748433227142,interpolado
0.14284236847369475,0.001465253328258998,interpolado
0.14294218843768755,0.0016584621737866351,interpolado
0.143,0.001732,original
0.14314182836567316,0.001777092235169836,interpolado
0.14324164832966593,0.0017127614004255306,interpolado
0.14334146829365874,0.0015900165871262691,interpolado
0.14344128825765154,0.001427232861182152,interpolado
0.14354110822164431,0.0012427852885031376,interpolado
0.14364092818563715,0.001055048934999319,interpolado
0.14374074814962995,0.0008823988665807482,interpolado
0.14384056811362275,0.0007432101491574778,interpolado
0.14394038807761556,0.0006558578486395757,interpolado
0.144,0.000636,original
0.14414002800560116,0.0006939420049948835,interpolado
0.14423984796959394,0.000807055668131314,interpolado
0.14433966793358677,0.0009607933121975495,interpolado
0.14443948789757952,0.001138274259060006,interpolado
0.1445393078615723,0.0013226178305852526,interpolado
0.14463912782556507,0.0014969433486397112,interpolado
0.1447389477895579,0.001644370135089849,interpolado
0.14483876775355073,0.0017480175118021327,interpolado
0.14493858771754345,0.0017910048006430281,interpolado
0.145,0.00178,original
0.14513822764552908,0.0016432088308022722,interpolado
0.1452380476095219,0.0014675524356237831,interpolado
0.14533786757351466,0.0012484868995191612,interpolado
0.14543768753750744,0.0010046794906408319,interpolado
0.14553750750150027,0.000754797477141011,interpolado
0.14563732746549307,0.0005175081271721208,interpolado
0.14573714742948587,0.0003114787088865159,interpolado
0.14583696739347865,0.000155376490436553,interpolado
0.14593678735747145,6.786873997460184e-05,interpolado
0.146,5.64e-05,original
0.14613642728545706,0.00015035382466976177,interpolado
0.14623624724944986,0.0002844017783268612,interpolado
0.14633606721344267,0.00043404952555166994,interpolado
0.14643588717743547,0.0005640234286813941,interpolado
0.14653570714142825,0.0006390498500531067,interpolado
0.14663552710542108,0.0006238551520039241,interpolado
0.14673534706941385,0.00048316569687096027,interpolado
0.14683516703340668,0.00018170784699143893,interpolado
0.14693498699739949,-0.00031579203529768325,interpolado
0.147,-0.000762,original
0.1471346269253851,-0.001993300060128363,interpolado
0.1472344468893779,-0.0030905799357146377,interpolado
0.14733426685337067,-0.0042566678796138215,interpolado
0.14743408681736345,-0.005412591856401436,interpolado
0.14753390678135628,-0.006479379830652024,interpolado
0.14763372674534908,-0.007378059766940446,interpolado
0.14773354670934186,-0.008029659629841554,interpolado
0.14783336667333463,-0.00835520738393018,interpolado
0.14793318663732744,-0.008275730993781368,interpolado
0.148,-0.007957,original
0.148132826565313,-0.006656278833928328,interpolado
0.14823264652930587,-0.005196040352225739,interpolado
0.14833246649329865,-0.0034330836079458586,interpolado
0.14843228645729142,-0.0014678680511799858,interpolado
0.14853210642128423,0.0005991468679791321,interpolado
0.14863192638527706,0.0026675016994391846,interpolado
0.14873174634926986,0.004636736993107881,interpolado
0.14883156631326264,0.006406393298892461,interpolado
0.14893138627725544,0.007876011166701636,interpolado
0.149,0.00866,original
0.14913102620524105,0.00957173345690909,interpolado
0.14923084616923382,0.00979963559568595,interpolado
0.14933066613322665,0.0096842051145415,interpolado
0.14943048609721943,0.00928002005523204,interpolado
0.14953030606121223,0.008641658459513986,interpolado
0.14963012602520506,0.007823698369143763,interpolado
0.14972994598919784,0.006880717825878057,interpolado
0.14982976595319059,0.005867294871472755,interpolado
0.14992958591718342,0.004838007547684524,interpolado
0.15,0.004132,original
0.15012922584516902,0.002929471486011775,interpolado
0.1502290458091618,0.0020855856861455896,interpolado
0.1503288657731546,0.0013129214269569588,interpolado
0.1504286857371474,0.0006088673159444665,interpolado
0.15052850570114024,-2.9188039393549355e-05,interpolado
0.150628325665133,-0.0006038560315587506,interpolado
0.15072814562912576,-0.0011177480530526647,interpolado
0.1508279655931186,-0.0015734754963772372,interpolado
0.1509277855571114,-0.0019736497540339794,interpolado
0.151,-0.00223,original
0.15112742548509703,-0.0026164263534154053,interpolado
0.1512272454490898,-0.0028592655113605465,interpolado
0.15132706541308263,-0.0030480806562044552,interpolado
0.15142688537707538,-0.0031815665586858457,interpolado
0.1515267053410682,-0.0032584179895435105,interpolado
0.15162652530506102,-0.0032773297195162394,interpolado
0.15172634526905382,-0.0032369965193428433,interpolado
0.1518261652330466,-0.0031361131597620892,interpolado
0.15192598519703943,-0.0029733744115127713,interpolado
0.152,-0.002812,original
0.15212562512502495,-0.002462869202383154,interpolado
0.15222544508901778,-0.0021342600188372215,interpolado
0.1523252650530106,-0.0017777281871216065,interpolado
0.15242508501700336,-0.0014093044807384695,interpolado
0.1525249049809962,-0.0010450196731899692,interpolado
0.15262472494498897,-0.0007009045379783556,interpolado
0.1527245449089818,-0.00039298984860559384,interpolado
0.1528243648729746,-0.0001373063785739422,interpolado
0.15292418483696738,5.0115098614440605e-05,interpolado
0.153,0.000137,original
0.15312382476495298,0.00016586007920385567,interpolado
0.15322364472894576,0.00010030559745519481,interpolado
0.15332346469293856,-2.8540049184060847e-05,interpolado
0.15342328465693136,-0.00020586875491491332,interpolado
0.1535231046209242,-0.000416872413938366,interpolado
0.15362292458491694,-0.0006467429204553561,interpolado
0.1537227445489098,-0.0008806721686670178,interpolado
0.15382256451290258,-0.0011038520527742917,interpolado
0.1539223844768954,-0.0013014744669781805,interpolado
0.154,-0.001428,original
0.154122024404881,-0.0015675402223938415,interpolado
0.15422184436887376,-0.0016333311961117605,interpolado
0.15432166433286656,-0.0016634271047721164,interpolado
0.15442148429685937,-0.0016651103017218652,interpolado
0.15452130426085214,-0.0016456631403079624,interpolado
0.15462112422484495,-0.001612367973877375,interpolado
0.15472094418883775,-0.0015725071557770383,interpolado
0.15482076415283055,-0.001533363039353916,interpolado
0.15492058411682336,-0.0015022179779549639,interpolado
0.155,-0.001488,original
0.15512022404480894,-0.0014896222607163542,interpolado
0.15522004400880174,-0.0015085568752120655,interpolado
0.15531986397279454,-0.0015386368698465111,interpolado
0.15541968393678737,-0.0015753577242863244,interpolado
0.15551950390078015,-0.0016142149181981266,interpolado
0.15561932386477295,-0.001650703931248573,interpolado
0.15571914382876575,-0.0016803202431042862,interpolado
0.15581896379275853,-0.001698559333431898,interpolado
0.15591878375675133,-0.001700916681898042,interpolado
0.156,-0.001688,original
0.15611842368473697,-0.0016376443056971613,interpolado
0.15621824364872974,-0.001553108480062741,interpolado
0.15631806361272255,-0.0014164168825892554,interpolado
0.15641788357671535,-0.001214715113590981,interpolado
0.15651770354070813,-0.0009351487733822847,interpolado
0.15661752350470093,-0.000564863462277291,interpolado
0.1567173434686937,-9.100478059034215e-05,interpolado
0.15681716343268653,0.0004992816713642846,interpolado
0.15691698339667934,0.0012188502932723125,interpolado
0.157,0.001925,original
0.15711662332466492,0.003078360254969812,interpolado
0.15721644328865772,0.004161028464003047,interpolado
0.15731626325265052,0.005270283940686379,interpolado
0.1574160832166433,0.0063479070199901405,interpolado
0.1575159031806361,0.007335678036884414,interpolado
0.1576157231446289,0.00817537732634009,interpolado
0.1577155431086217,0.008808785223327214,interpolado
0.1578153630726145,0.009177682062816125,interpolado
0.1579151830366073,0.009223848179777191,interpolado
0.158,0.008966,original
0.1581148229645929,0.008149070598314666,interpolado
0.1582146429285857,0.007065607720955972,interpolado
0.15831446289257853,0.005714405862579981,interpolado
0.1584142828565713,0.004171119850620647,interpolado
0.15851410282056413,0.0025114045125106113,interpolado
0.1586139227845569,0.0008109146756837832,interpolado
0.15871374274854974,-0.0008546948324263256,interpolado
0.1588135627125425,-0.002409769184386209,interpolado
0.1589133826765353,-0.003778653552762005,interpolado
0.159,-0.004757,original
0.15911302260452093,-0.005677531313434089,interpolado
0.15921284256851373,-0.006160537783657255,interpolado
0.1593126625325065,-0.0063512609884898,interpolado
0.15941248249649928,-0.006266213852317486,interpolado
0.15951230246049208,-0.005921909299525962,interpolado
0.1596121224244849,-0.005334860254500914,interpolado
0.15971194238847772,-0.004521579641628043,interpolado
0.1598117623524705,-0.003498580385293047,interpolado
0.15991158231646324,-0.0022823754098819904,interpolado
0.16,-0.001057,original
0.16011122224444888,0.0006520480888552736,interpolado
0.16021104220844165,0.0022814246249555125,interpolado
0.16031086217243448,0.003932021446379466,interpolado
0.16041068213642726,0.0055372204776805815,interpolado
0.16051050210042006,0.007030403643413638,interpolado
0.16061032206441286,0.00834495286813206,interpolado
0.16071014202840567,0.009414250076389727,interpolado
0.16080996199239847,0.010171677192740354,interpolado
0.16090978195639127,0.010550616141738254,interpolado
0.161,0.010512,original
0.16110942188437688,0.009942580497039204,interpolado
0.16120924184836968,0.00900221623147613,interpolado
0.16130906181236243,0.007760849226427125,interpolado
0.16140888177635526,0.0063159483157148935,interpolado
0.16150870174034807,0.004764982333163156,interpolado
0.16160852170434087,0.003205420112595317,interpolado
0.1617083416683337,0.0017347304878347891,interpolado
0.16180816163232645,0.000450382292705305,interpolado
0.16190798159631928,-0.0005501556389704615,interpolado
0.162,-0.001137,original
0.16210762152430486,-0.0013477148577915302,interpolado
0.16220744148829772,-0.001144839814930434,interpolado
0.16230726145229044,-0.0006442509111713277,interpolado
0.16240708141628327,7.060468230763798e-05,interpolado
0.1625069013802761,0.0009162797943279119,interpolado
0.16260672134426885,0.001809327253711042,interpolado
0.1627065413082617,0.002666299889278586,interpolado
0.16280636127225448,0.0034037505298519094,interpolado
0.16290618123624725,0.003938232004252992,interpolado
0.163,0.004181,original
0.1631058211642329,0.004094668096613178,interpolado
0.1632056411282257,0.003710789887167501,interpolado
0.16330546109221844,0.0031031536264027595,interpolado
0.16340528105621127,0.002340244925225684,interpolado
0.16350510102020407,0.0014905493945434997,interpolado
0.16360492098419685,0.0006225526452632926,interpolado
0.16370474094818963,-0.00019525971170763915,interpolado
0.16380456091218243,-0.0008944020654626787,interpolado
0.16390438087617523,-0.0014063888050945056,interpolado
0.164,-0.001658,original
0.16410402080416084,-0.0016193664520338074,interpolado
0.1642038407681536,-0.0013182730142835054,interpolado
0.1643036607321464,-0.0008204110686523595,interpolado
0.1644034806961392,-0.0001867360693810415,interpolado
0.16450330066013202,0.0005217965292898236,interpolado
0.16460312062412483,0.0012442312731196163,interpolado
0.1647029405881176,0.0019196127078675383,interpolado
0.1648027605521104,0.0024869853792933556,interpolado
0.1649025805161032,0.002885393833156251,interpolado
0.165,0.003053,original
0.16510222044408876,0.0029523268683703213,interpolado
0.16520204040808162,0.0026181227083935427,interpolado
0.1653018603720744,0.002106698582943251,interpolado
0.1654016803360672,0.001473482669914467,interpolado
0.16550150030006006,0.0007739031472021464,interpolado
0.16560132026405278,6.338819270124336e-05,interpolado
0.1657011402280456,-0.0006026340156931149,interpolado
0.1658009601920384,-0.0011687353000863535,interpolado
0.1659007801560312,-0.0015794874825833262,interpolado
0.166,-0.001779,original
0.16610042008401682,-0.0017322122502457294,interpolado
0.16620024004800957,-0.0014758539167082816,interpolado
0.16630006001200237,-0.0010668121891748306,interpolado
0.16639987997599523,-0.0005615118680927108,interpolado
0.166499699939988,-1.6377753909211924e-05,interpolado
0.16659951990398078,0.0005121653529282342,interpolado
0.16669933986797358,0.0009676926519726478,interpolado
0.1667991598319664,0.0012937793427765859,interpolado
0.16689897979595922,0.0014340006248927577,interpolado
0.167,0.001329,original
0.1670986197239448,0.0009502642561903889,interpolado
0.16719843968793757,0.00033096485878404735,interpolado
0.1672982596519304,-0.00046345339395198275,interpolado
0.1673980796159232,-0.0013704773671641291,interpolado
0.16749789957991598,-0.002327593925998817,interpolado
0.16759771954390879,-0.0032722899356022175,interpolado
0.16769753950790156,-0.0041420522611212976,interpolado
0.1677973594718944,-0.004874367767702215,interpolado
0.16789717943588717,-0.005406723320491396,interpolado
0.168,-0.00568,original
0.16809681936387277,-0.005638844634428144,interpolado
0.16819663932786558,-0.005324189971844625,interpolado
0.16829645929185838,-0.004784161326654121,interpolado
0.16839627925585118,-0.004070278744866651,interpolado
0.16849609921984396,-0.0032340622724922347,interpolado
0.1685959191838368,-0.0023270319555411464,interpolado
0.16869573914782957,-0.001400707840022889,interpolado
0.1687955591118224,-0.0005066099719477226,interpolado
0.1688953790758152,0.00030374160267433346,interpolado
0.169,0.001007,original
0.1690950190038008,0.0014775050913677142,interpolado
0.16919483896779358,0.0018066068577955467,interpolado
0.16929465893178638,0.0019868119610513568,interpolado
0.1693944788957792,0.002038801563899507,interpolado
0.16949429885977196,0.0019832568291043885,interpolado
0.16959411882376477,0.001840858919430327,interpolado
0.1696939387877576,0.001632288997641688,interpolado
0.1697937587517504,0.001378228226502834,interpolado
0.16989357871574312,0.0010993577687781278,interpolado
0.17,0.000798,original
0.17009321864372873,0.0005467569176072305,interpolado
0.17019303860772153,0.00029267809957815653,interpolado
0.17029285857171436,5.1557609829073254e-05,interpolado
0.17039267853570716,-0.00017917039556955122,interpolado
0.17049249849969994,-0.0004020717605471873,interpolado
0.17059231846369274,-0.0006197123290334897,interpolado
0.17069213842768555,-0.0008346579449579273,interpolado
0.17079195839167835,-0.0010494744522500316,interpolado
0.17089177835567113,-0.001266727694839334,interpolado
0.171,-0.001508,original
0.17109141828365676,-0.0017183873656518359,interpolado
0.17119123824764956,-0.001954917843373514,interpolado
0.17129105821164234,-0.002197857424887958,interpolado
0.17139087817563514,-0.002446488258932173,interpolado
0.17149069813962792,-0.0027000924942430934,interpolado
0.17159051810362075,-0.002957952279557864,interpolado
0.1716903380676135,-0.0032193497636134175,interpolado
0.1717901580316063,-0.0034835670951467615,interpolado
0.1718899779955991,-0.0037498864228948246,interpolado
0.172,-0.004045,original
0.1720896179235847,-0.00428446652562544,interpolado
0.17218943788757748,-0.004540174745455992,interpolado
0.1722892578515703,-0.0047716189730098784,interpolado
0.17238907781556306,-0.004965701423405997,interpolado
0.1724888977795559,-0.00510932431176341,interpolado
0.17258871774354867,-0.005189389853201003,interpolado
0.17268853770754145,-0.005192800262837723,interpolado
0.1727883576715343,-0.005106457755792525,interpolado
0.17288817763552702,-0.004917264547184418,interpolado
0.173,-0.004567,original
0.17308781756351269,-0.004183044866616359,interpolado
0.17318763752750552,-0.0036514493124955717,interpolado
0.1732874574914983,-0.003049252938160199,interpolado
0.1733872774554911,-0.002408385538063506,interpolado
0.1734870974194839,-0.001760776906658214,interpolado
0.17358691738347673,-0.0011383568383975806,interpolado
0.1736867373474695,-0.0005730551277346924,interpolado
0.1737865573114623,-9.680156912263214e-05,interpolado
0.17388637727545506,0.0002584740429854367,interpolado
0.174,0.000475,original
0.17408601720344072,0.00048601497463894854,interpolado
0.17418583716743352,0.0003562060784298991,interpolado
0.1742856571314263,0.00011111697726316595,interpolado
0.17438547709541907,-0.00020951899870722874,interpolado
0.17448529705941188,-0.0005659685193275418,interpolado
0.17458511702340473,-0.0009184982544437682,interpolado
0.17468493698739748,-0.0012273748739019788,interpolado
0.17478475695139026,-0.0014528650475481991,interpolado
0.17488457691538306,-0.001555235445228636,interpolado
0.175,-0.001468,original
0.17508421684336867,-0.0012406665434962875,interpolado
0.17518403680736147,-0.0008200371192228224,interpolado
0.1752838567713543,-0.0002828221849178544,interpolado
0.17538367673534705,0.0003209634094767742,interpolado
0.17548349669933988,0.0009413048140187719,interpolado
0.1755833166633327,0.0015281871787659863,interpolado
0.1756831366273255,0.002031595653776263,interpolado
0.17578295659131826,0.0024015153891073695,interpolado
0.17588277655531107,0.0025879315348173683,interpolado
0.176,0.002505,original
0.1760824164832967,0.0022215700731254887,interpolado
0.17618223644728948,0.0016689996877029172,interpolado
0.17628205641128225,0.0009542698305481418,interpolado
0.17638187637527503,0.00014863936775705904,interpolado
0.17648169633926786,-0.0006766328345738379,interpolado
0.17658151630326066,-0.001450287910348234,interpolado
0.17668133626725346,-0.0021010669934698185,interpolado
0.17678115623124624,-0.0025577112178421842,interpolado
0.17688097619523904,-0.002748961717369287,interpolado
0.177,-0.002531,original
0.17708061612322462,-0.0020633819704532087,interpolado
0.17718043608721745,-0.0011650490900656314,interpolado
0.17728025605121023,1.3252794201171765e-05,interpolado
0.177380076015203,0.0013931598960160562,interpolado
0.17747989597919578,0.002896308429046909,interpolado
0.1775797159431886,0.004444334606961909,interpolado
0.17767953590718139,0.005958874643428829,interpolado
0.1777793558711742,0.007361564752116703,interpolado
0.177879175835167,0.008574041146693289,interpolado
0.178,0.009675,original
0.17807881576315263,0.010124988391972251,interpolado
0.17817863572714537,0.010404036932480897,interpolado
0.1782784556911382,0.010399525873812177,interpolado
0.178378275655131,0.010156086413811391,interpolado
0.17847809561912384,0.009718349750323966,interpolado
0.17857791558311664,0.009130947081195318,interpolado
0.1786777355471094,0.00843850960427107,interpolado
0.17877755551110222,0.007685668517396246,interpolado
0.17887737547509502,0.006917055018416449,interpolado
0.179,0.006017,original
0.1790770154030806,0.005507302619927243,interpolado
0.17917683536707338,0.004917703578801384,interpolado
0.1792766553310662,0.00440446457600137,interpolado
0.179376475295059,0.003963450092026198,interpolado
0.17947629525905184,0.0035905246073746943,interpolado
0.17957611522304462,0.0032815526025456844,interpolado
0.1796759351870374,0.003032398558038055,interpolado
0.1797757551510302,0.0028389269543504948,interpolado
0.179875575115023,0.0026970022719819057,interpolado
0.18,0.002586,original
0.1800752150430086,0.0025511401479682183,interpolado
0.18017503500700136,0.0025377500566119244,interpolado
0.1802748549709942,0.0025566241285118305,interpolado
0.18037467493498696,0.002602063873482224,interpolado
0.18047449489897982,0.0026683708013373894,interpolado
0.18057431486297257,0.0027498464218915827,interpolado
0.1806741348269654,0.0028407922449591332,interpolado
0.1807739547909582,0.0029355097803543014,interpolado
0.18087377475495103,0.0030283005378913697,interpolado
0.181,0.003134,original
0.18107341468293658,0.003186074781597786,interpolado
0.18117323464692933,0.003248204997554589,interpolado
0.18127305461092216,0.0033056906234003513,interpolado
0.181372874574915,0.0033644012960815407,interpolado
0.1814726945389078,0.0034302066525446276,interpolado
0.18157251450290057,0.003508976329736058,interpolado
0.1816723344668934,0.0036065799646023437,interpolado
0.18177215443088618,0.0037288871940899353,interpolado
0.18187197439487898,0.0038817676551453025,interpolado
0.182,0.004132,original
0.18207161432286456,0.004301266145895179,interpolado
0.18217143428685736,0.004562507153934247,interpolado
0.18227125425085017,0.004837039644507163,interpolado
0.18237107421484292,0.005107000012888185,interpolado
0.18247089417883575,0.005354524654351576,interpolado
0.1825707141428285,0.005561749964171542,interpolado
0.18267053410682133,0.005710812337622465,interpolado
0.1827703540708141,0.005783848169978537,interpolado
0.18287017403480693,0.005762993856514023,interpolado
0.183,0.005566,original
0.1830698139627925,0.005370988532680263,interpolado
0.1831696339267853,0.004999024943130493,interpolado
0.18326945389077812,0.004546006740681621,interpolado
0.1833692738547709,0.0040436701861272396,interpolado
0.18346909381876367,0.0035237515402610857,interpolado
0.1835689137827565,0.0030179870638764607,interpolado
0.18366873374674933,0.0025581130177671006,interpolado
0.18376855371074213,0.0021758656627266005,interpolado
0.1838683736747349,0.0019029812595485539,interpolado
0.184,0.001764,original
0.18406801360272054,0.0018083300047638724,interpolado
0.18416783356671332,0.0019990205575378573,interpolado
0.18426765353070615,0.0023011201698174945,interpolado
0.18436747349469892,0.0026720807533736663,interpolado
0.18446729345869176,0.0030693542199771474,interpolado
0.18456711342268456,0.0034503924813990504,interpolado
0.18466693338667733,0.00377264744941015,interpolado
0.18476675335067017,0.003993571035781331,interpolado
0.18486657331466294,0.004070615152283475,interpolado
0.185,0.003875,original
0.18506621324264852,0.0036269355124959345,interpolado
0.18516603320664132,0.0030770495638428774,interpolado
0.18526585317063415,0.0023520171387745306,interpolado
0.18536567313462696,0.0014928127368192866,interpolado
0.18546549309861976,0.0005404108575058079,interpolado
0.18556531306261254,-0.00046421399963805516,interpolado
0.18566513302660534,-0.0014800873350836587,interpolado
0.18576495299059811,-0.002466234649302612,interpolado
0.18586477295459095,-0.003381681442766526,interpolado
0.186,-0.004436,original
0.1860644128825765,-0.004838546364702584,interpolado
0.1861642328465693,-0.005326741920159625,interpolado
0.18626405281056213,-0.005652747774508109,interpolado
0.18636387277455488,-0.00581959917250982,interpolado
0.18646369273854768,-0.005830331358926663,interpolado
0.1865635127025405,-0.005687979578520381,interpolado
0.1866633326665333,-0.005395579076052781,interpolado
0.1867631526305261,-0.004956165096285674,interpolado
0.18686297259451887,-0.0043727728839810555,interpolado
0.187,-0.003343,original
0.1870626125225045,-0.0027877286352982118,interpolado
0.18716243248649728,-0.0018158605321668098,interpolado
0.18726225245049008,-0.0007728387069842558,interpolado
0.18736207241448286,0.00030100962234915087,interpolado
0.18746189237847566,0.001365357237934014,interpolado
0.18756171234246843,0.0023798769218700347,interpolado
0.18766153230646127,0.0033042414562572137,interpolado
0.187761352270454,0.004098123623195549,interpolado
0.18786117223444687,0.004721196204784896,interpolado
0.188,0.005228,original
0.18806081216243245,0.0052968270515725635,interpolado
0.18816063212642525,0.005221689960095816,interpolado
0.18826045209041806,0.004952075906558421,interpolado
0.18836027205441086,0.004533190806247564,interpolado
0.18846009201840364,0.004010240574450058,interpolado
0.18855991198239644,0.003428431126453054,interpolado
0.18865973194638924,0.0028329683775436066,interpolado
0.18875955191038207,0.002269058243008771,interpolado
0.1888593718743748,0.0017819066381357211,interpolado
0.189,0.001313,original
0.18905901180236043,0.0012155525007549583,interpolado
0.1891588317663532,0.001171639225468216,interpolado
0.18925865173034603,0.0012397482042224796,interpolado
0.18935847169433884,0.001373606248466506,interpolado
0.18945829165833164,0.001526940169649,interpolado
0.1895581116223244,0.0016534767792186701,interpolado
0.18965793158631722,0.0017069428886242266,interpolado
0.18975775155031005,0.0016410653093144165,interpolado
0.18985757151430283,0.0014095708527379239,interpolado
0.19,0.000701,original
0.19005721144228843,0.00026833244821560746,interpolado
0.19015703140628126,-0.000664962901295751,interpolado
0.190256851370274,-0.0017637817750597768,interpolado
0.1903566713342668,-0.002956680332963161,interpolado
0.19045649129825962,-0.004172214734891676,interpolado
0.1905563112622524,-0.005338941140731383,interpolado
0.19065613122624522,-0.006385415710368347,interpolado
0.19075595119023803,-0.007240194603688424,interpolado
0.19085577115423086,-0.007831833980578164,interpolado
0.191,-0.008077,original
0.1910554110822164,-0.007944138859682762,interpolado
0.1911552310462092,-0.007406258224216276,interpolado
0.19125505101020196,-0.0065496550244955164,interpolado
0.19135487097419485,-0.005450908569894793,interpolado
0.1914546909381876,-0.004186598169789107,interpolado
0.19155451090218045,-0.0028333031335532675,interpolado
0.19165433086617326,-0.0014676027705624562,interpolado
0.191754150830166,-0.0001660763901907014,interpolado
0.19185397079415886,0.000994696698186811,interpolado
0.192,0.00228,original
0.1920536107221444,0.0025906643971559686,interpolado
0.19215343068613722,0.0029369950392651185,interpolado
0.19225325065013008,0.0030147669933577536,interpolado
0.19235307061412282,0.0028635383801722497,interpolado
0.19245289057811563,0.0025228673204471235,interpolado
0.19255271054210846,0.0020323119349208905,interpolado
0.19265253050610123,0.0014314303443322392,interpolado
0.19275235047009406,0.000759780669419344,interpolado
0.1928521704340868,5.692103092087028e-05,interpolado
0.193,-0.000957,original
0.19305181036207245,-0.0012849557541992442,interpolado
0.19315163032606528,-0.0018623901550753712,interpolado
0.193251450290058,-0.00236234627656846,interpolado
0.19335127025405083,-0.002777881533233554,interpolado
0.19345109021804363,-0.0031020533396258617,interpolado
0.19355091018203638,-0.0033279191103005932,interpolado
0.1936507301460292,-0.0034485362598129436,interpolado
0.193750550110022,-0.0034569622027181886,interpolado
0.1938503700740148,-0.003346254353571493,interpolado
0.194,-0.002942,original
0.1940500100020004,-0.0027405996977333284,interpolado
0.1941498299659932,-0.002254986126043217,interpolado
0.194249649929986,-0.0016892696150835964,interpolado
0.19434946989397883,-0.0010810119800590478,interpolado
0.1944492898579716,-0.0004677750361740321,interpolado
0.19454910982196438,0.00011287940136683395,interpolado
0.19464892978595721,0.0006233895173594212,interpolado
0.19474874974995002,0.0010261934965990981,interpolado
0.1948485697139428,0.0012837295238814043,interpolado
0.19494838967793562,0.001358435784001878,interpolado
0.195,0.001313,original
0.1951480296059212,0.0008648158536474279,interpolado
0.19524784956991403,0.0003714182645970315,interpolado
0.19534766953390686,-0.00020059856773406556,interpolado
0.1954474894978996,-0.0007863150747208001,interpolado
0.19554730946189236,-0.0013208116877379747,interpolado
0.19564712942588516,-0.0017391688381608395,interpolado
0.195746949389878,-0.0019764669573641746,interpolado
0.1958467693538708,-0.0019677864767229172,interpolado
0.1959465893178636,-0.0016482078276120042,interpolado
0.196,-0.001327,original
0.19614622924584918,9.734206389268218e-05,interpolado
0.19624604920984193,0.0014155112710518476,interpolado
0.19634586917383476,0.0028997707245121554,interpolado
0.1964456891378276,0.004450943560266395,interpolado
0.19654550910182036,0.005969852914306948,interpolado
0.19664532906581317,0.007357321922627481,interpolado
0.19674514902980603,0.008514173721220345,interpolado
0.1968449689937988,0.009341231446078338,interpolado
0.1969447889577916,0.009739318233194245,interpolado
0.197,0.009739,original
0.1971444288857772,0.008957362171816141,interpolado
0.19724424884977002,0.007878194720032018,interpolado
0.1973440688137628,0.006484642424179031,interpolado
0.1974438887777556,0.004886484588392376,interpolado
0.19754370874174837,0.00319350051680585,interpolado
0.19764352870574114,0.001515469513554601,interpolado
0.19774334866973398,-3.782911722664654e-05,interpolado
0.19784316863372675,-0.0013566160714031728,interpolado
0.19794298859771955,-0.002331112044840042,interpolado
0.198,-0.002691,original
0.19814262852570516,-0.002907125489467518,interpolado
0.198242448489698,-0.002577384920671844,interpolado
0.19834226845369077,-0.0019588573223287453,interpolado
0.19844208841768354,-0.001145406923882702,interpolado
0.19854190838167632,-0.00023089795477747484,interpolado
0.19864172834566915,0.0006908053555425023,interpolado
0.19874154830966195,0.0015258387776329934,interpolado
0.1988413682736547,0.002180338082049766,interpolado
0.19894118823764753,0.0025604390393485295,interpolado
0.199,0.002618,original
0.1991408281656331,0.0022024617617203935,interpolado
0.19924064812962589,0.001517248631632377,interpolado
0.19934046809361874,0.0005967035162551244,interpolado
0.19944028805761152,-0.00048109507360324585,interpolado
0.19954010802160432,-0.0016380686271355571,interpolado
0.1996399279855971,-0.0027961386335337243,interpolado
0.1997397479495899,-0.0038772265819899563,interpolado
0.19983956791358273,-0.004803253961696451,interpolado
0.1999393878775755,-0.005496142261845259,interpolado
0.2,-0.00577,original
0.2001390278055611,-0.005927152256654151,interpolado
0.20023884776955392,-0.0056840321426825866,interpolado
0.20033866773354672,-0.005198155747467153,interpolado
0.20043848769753958,-0.004517948516590709,interpolado
0.20053830766153233,-0.003691835895636495,interpolado
0.20063812762552516,-0.0027682433301876555,interpolado
0.20073794758951796,-0.0017955962658273267,interpolado
0.20083776755351074,-0.0008223201481389168,interpolado
0.2009375875175035,0.00010315957729498647,interpolado
0.201,0.000636,original
0.20113722744548912,0.0016386542004903333,interpolado
0.20123704740948192,0.002220036853031032,interpolado
0.2013368673734747,0.002678519281144889,interpolado
0.2014366873374675,0.003015617285772342,interpolado
0.2015365073014603,0.003232846667853429,interpolado
0.20163632726545314,0.003331723228328334,interpolado
0.20173614722944594,0.003313762768137242,interpolado
0.20183596719343871,0.003180481088220388,interpolado
0.2019357871574315,0.002933393989517882,interpolado
0.202,0.002715,original
0.20213542708541707,0.0021156390618128776,interpolado
0.20223524704940987,0.0015861628698459623,interpolado
0.20233506701340265,0.0010156030034008594,interpolado
0.20243488697739548,0.00043375979720376034,interpolado
0.20253470694138828,-0.00012956641401866707,interpolado
0.20263452690538108,-0.0006445752955399082,interpolado
0.2027343468693739,-0.0010814665126334486,interpolado
0.20283416683336672,-0.0014104397305727003,interpolado
0.2029339867973595,-0.0016016946146313387,interpolado
0.203,-0.001638,original
0.20313362672534507,-0.0014761028087047008,interpolado
0.20323344668933782,-0.0011804702586816675,interpolado
0.20333326665333062,-0.0007697881468185295,interpolado
0.2034330866173234,-0.0002749186794020501,interpolado
0.20353290658131623,0.00027327593728107194,interpolado
0.203632726545309,0.0008439334969441367,interpolado
0.20373254650930178,0.0014061917933002948,interpolado
0.20383236647329459,0.0019291886200631647,interpolado
0.20393218643728733,0.002382061770945889,interpolado
0.204,0.002634,original
0.204131826365273,0.002970359635428992,interpolado
0.20423164632926571,0.0031001462879655345,interpolado
0.20433146629325855,0.0031353275494490464,interpolado
0.20443128625725135,0.0030876876625366063,interpolado
0.2045311062212442,0.002969010869885343,interpolado
0.20463092618523698,0.002791081414152385,interpolado
0.20473074614922976,0.0025656835379949316,interpolado
0.20483056611322262,0.0023046014840699836,interpolado
0.2049303860772154,0.0020196194950347266,interpolado
0.205,0.001813,original
0.20513002600520103,0.0014199929113624748,interpolado
0.2052298459691938,0.0011109473923060994,interpolado
0.2053296659331866,0.0007932615032795317,interpolado
0.2054294858971794,0.00046487542659301635,interpolado
0.20552930586117227,0.00012372934455671163,interpolado
0.20562912582516507,-0.00023223656051922156,interpolado
0.2057289457891578,-0.0006050821063245185,interpolado
0.20582876575315065,-0.0009968671105492263,interpolado
0.20592858571714343,-0.0014096513908830842,interpolado
0.206,-0.001719,original
0.20612822564512903,-0.002300775003793936,interpolado
0.20622804560912178,-0.002762635231735298,interpolado
0.20632786557311455,-0.0032169898811769187,interpolado
0.2064276855371074,-0.003649815157037802,interpolado
0.2065275055011002,-0.004047087264236946,interpolado
0.20662732546509296,-0.004394782407693263,interpolado
0.20672714542908577,-0.004678876792325951,interpolado
0.20682696539307854,-0.004885346623053903,interpolado
0.20692678535707132,-0.005000168104796124,interpolado
0.207,-0.005018,original
0.20712642528505693,-0.004911405630400898,interpolado
0.20722624524904976,-0.0047269155123359574,interpolado
0.20732606521304253,-0.004479254861620841,interpolado
0.20742588517703534,-0.004191713698676871,interpolado
0.2075257051410282,-0.0038875820439253626,interpolado
0.207625525105021,-0.0035901499177877078,interpolado
0.20772534506901377,-0.0033227073406850542,interpolado
0.20782516503300655,-0.0031085443330388022,interpolado
0.2079249849969994,-0.002970950915270268,interpolado
0.208,-0.002932,original
0.20812462492498496,-0.0030039870764487987,interpolado
0.2082244448889778,-0.0031649366059064428,interpolado
0.2083242648529706,-0.003394085481797844,interpolado
0.20842408481696337,-0.0036695689721027137,interpolado
0.2085239047809562,-0.003969522344800763,interpolado
0.20862372474494895,-0.004272080867871621,interpolado
0.2087235447089417,-0.004555379809295172,interpolado
0.20882336467293455,-0.004797554437051045,interpolado
0.20892318463692733,-0.004976740019118948,interpolado
0.209,-0.005058,original
0.2091228245649129,-0.005069789023008616,interpolado
0.20922264452890574,-0.004983853940864203,interpolado
0.20932246449289854,-0.004827236942239531,interpolado
0.20942228445689137,-0.004613835435803563,interpolado
0.2095221044208841,-0.0043575468302253385,interpolado
0.20962192438487698,-0.004072268534173679,interpolado
0.20972174434886978,-0.0037718979563176125,interpolado
0.20982156431286259,-0.003470332505326106,interpolado
0.20992138427685536,-0.003181469589868123,interpolado
0.21,-0.002972,original
0.21012102420484097,-0.0026922382141347278,interpolado
0.21022084416883377,-0.0024984563167759497,interpolado
0.21032066413282655,-0.0023342148447882084,interpolado
0.21042048409681935,-0.0021958956989832834,interpolado
0.21052030406081212,-0.0020798807801729827,interpolado
0.21062012402480496,-0.0019825519891690227,interpolado
0.21071994398879773,-0.0019002912267832173,interpolado
0.21081976395279056,-0.0018294803938273458,interpolado
0.2109195839167834,-0.001766501391113187,interpolado
0.211,-0.001719,original
0.21111922384476897,-0.0016513486730603134,interpolado
0.21121904380876175,-0.0015994268187521504,interpolado
0.21131886377275455,-0.001554635938107067,interpolado
0.21141868373674735,-0.0015196337296966133,interpolado
0.21151850370074013,-0.0014970778920923445,interpolado
0.21161832366473296,-0.0014896261238657989,interpolado
0.21171814362872574,-0.001499936123588535,interpolado
0.21181796359271857,-0.0015306655898321034,interpolado
0.21191778355671134,-0.0015844722211680376,interpolado
0.212,-0.001648,original
0.21211742348469695,-0.0017688254526675834,interpolado
0.21221724344868975,-0.001891159996590928,interpolado
0.21231706341268256,-0.002022156096186582,interpolado
0.21241688337667528,-0.0021529630195938026,interpolado
0.2125167033406681,-0.0022747300349519597,interpolado
0.21261652330466088,-0.002378606410400307,interpolado
0.21271634326865368,-0.0024557414140781403,interpolado
0.2128161632326465,-0.0024972843141247507,interpolado
0.2129159831966392,-0.0024943843786794403,interpolado
0.213,-0.002451,original
0.21311562312462484,-0.0023255741965272974,interpolado
0.21321544308861767,-0.0021675324367979353,interpolado
0.21331526305261045,-0.0019773171793471636,interpolado
0.21341508301660325,-0.0017681653992237705,interpolado
0.21351490298059606,-0.0015533140714763618,interpolado
0.21361472294458886,-0.0013460001711537199,interpolado
0.2137145429085817,-0.0011594606733045711,interpolado
0.2138143628725745,-0.0010069325529776412,interpolado
0.21391418283656732,-0.0009016527852216782,interpolado
0.214,-0.000859,original
0.21411382276455287,-0.0008788399115227704,interpolado
0.21421364272854573,-0.0009557397725667321,interpolado
0.2143134626925385,-0.0010726714175424304,interpolado
0.21441328265653128,-0.001214761269112576,interpolado
0.21451310262052412,-0.0013671357499400033,interpolado
0.21461292258451692,-0.0015149212826874286,interpolado
0.2147127425485097,-0.001643244290017603,interpolado
0.21481256251250247,-0.0017372311945932602,interpolado
0.2149123824764953,-0.0017820084190772073,interpolado
0.215,-0.001769,original
0.2151120224044809,-0.001666449367688355,interpolado
0.21521184236847374,-0.0014859383613315255,interpolado
0.21531166233246643,-0.0012148304158581206,interpolado
0.21541148229645926,-0.0008467839823648439,interpolado
0.21551130226045204,-0.000375457511948608,interpolado
0.21561112222444484,0.0002054905442937353,interpolado
0.21571094218843767,0.0009024017352653362,interpolado
0.21581076215243045,0.0017216176098690974,interpolado
0.21591058211642322,0.002669479717008622,interpolado
0.216,0.003633,original
0.2161102220444088,0.004962711466865835,interpolado
0.2162100420084017,0.006252879667501759,interpolado
0.21630986197239443,0.0075676756431336594,interpolado
0.21640968193638727,0.00885195242654852,interpolado
0.21650950190038004,0.010050563050532226,interpolado
0.21660932186437284,0.011108360547871019,interpolado
0.2167091418283657,0.011970197951351144,interpolado
0.21680896179235848,0.012580928293758708,interpolado
0.21690878175635125,0.01288540460788031,interpolado
0.217,0.012849,original
0.21710842168433686,0.012381827448280458,interpolado
0.21720824164832966,0.011599866916776917,interpolado
0.2173080616123224,0.010553043603289517,interpolado
0.2174078815763153,0.00931178938639002,interpolado
0.21750770154030805,0.007946536144651038,interpolado
0.21760752150430082,0.006527715756644924,interpolado
0.2177073414682936,0.005125760100944431,interpolado
0.21780716143228643,0.0038111010561211085,interpolado
0.2179069813962792,0.0026541705007477163,interpolado
0.218,0.00178,original
0.2181066213242649,0.0010721777719601214,interpolado
0.21820644128825759,0.0006667952466628777,interpolado
0.21830626125225044,0.00046621924362905647,interpolado
0.21840608121624325,0.0004274222506788301,interpolado
0.21850590118023605,0.0005073767556322242,interpolado
0.21860572114422885,0.0006630552463092665,interpolado
0.21870554110822166,0.0008514302105299295,interpolado
0.2188053610722144,0.0010294741361143542,interpolado
0.21890518103620726,0.0011541595108825189,interpolado
0.219,0.001184,original
0.21910482096419284,0.0010846115445725217,interpolado
0.21920464092818565,0.0008765092408048584,interpolado
0.21930446089217845,0.0005838692821751137,interpolado
0.21940428085617125,0.00023240759872464347,interpolado
0.21950410082016406,-0.0001521598795052422,interpolado
0.21960392078415683,-0.00054411722247323,interpolado
0.21970374074814966,-0.0009177485001379092,interpolado
0.2198035607121424,-0.0012473377824581808,interpolado
0.2199033806761352,-0.0015071691393926264,interpolado
0.22,-0.001668,original
0.22010302060412076,-0.0017224234589251952,interpolado
0.22020284056811365,-0.001669952173919438,interpolado
0.2203026605321064,-0.0015305822998162787,interpolado
0.22040248049609926,-0.0013207831187739892,interpolado
0.22050230046009206,-0.0010570239129508415,interpolado
0.2206021204240848,-0.0007557739645051925,interpolado
0.22070194038807767,-0.00043350255559514297,interpolado
0.22080176035207044,-0.00010667896837904329,interpolado
0.22090158031606327,0.00020822751498483595,interpolado
0.221,0.000491,original
0.22110122024404882,0.0007390851309242171,interpolado
0.22120104020804165,0.0009376955439874026,interpolado
0.22130086017203446,0.0010894916477681804,interpolado
0.22140068013602723,0.0011933862314299137,interpolado
0.22150050010002004,0.0012482920841359667,interpolado
0.2216003200640128,0.0012531219950497078,interpolado
0.22170014002800562,0.001206788753334503,interpolado
0.22179995999199842,0.001108205148153708,interpolado
0.22189977995599125,0.000956283968670686,interpolado
0.222,0.000749,original
0.2220994198839768,0.0004922011607625925,interpolado
0.2221992398479696,0.00020279122289417262,interpolado
0.2222990598119624,-9.435260241459837e-05,interpolado
0.2223988797759552,-0.00037529110775336703,interpolado
0.222498699739948,-0.0006160850857117816,interpolado
0.2225985197039408,-0.0007927953288794515,interpolado
0.22269833966793356,-0.0008814826298461276,interpolado
0.2227981596319264,-0.0008582077812013985,interpolado
0.2228979795959192,-0.0006990315755349102,interpolado
0.223,-0.000371,original
0.22309761952390475,0.00011149540163751273,interpolado
0.2231974394878976,0.0007399191811834042,interpolado
0.22329725945189036,0.001456794571755337,interpolado
0.22339707941588313,0.0022136594826452066,interpolado
0.2234968993798759,0.002962051823144702,interpolado
0.22359671934386877,0.0036535095025461485,interpolado
0.22369653930786154,0.004239570430141227,interpolado
0.22379635927185434,0.004671772515221832,interpolado
0.22389617923584715,0.004901653667079859,interpolado
0.224,0.004874,original
0.2240958191638327,0.004577145338341531,interpolado
0.22419563912782553,0.004033536608674871,interpolado
0.2242954590918183,0.003313663063757007,interpolado
0.2243952790558112,0.002481263365355377,interpolado
0.2244950990198039,0.0016000761752376635,interpolado
0.22459491898379677,0.0007338401551707988,interpolado
0.22469473894778955,-5.370603307754032e-05,interpolado
0.22479455891178235,-0.0006988237277399148,interpolado
0.22489437887577518,-0.0011377742670488891,interpolado
0.225,-0.001307,original
0.22509401880376073,-0.0011600032951238194,interpolado
0.22519383876775353,-0.0007360870273561917,interpolado
0.22529365873174637,-9.902716841536947e-05,interpolado
0.22539347869573917,0.0006872151215737121,interpolado
0.2254932986597319,0.0015586786824858716,interpolado
0.22559311862372475,0.0024514023541966725,interpolado
0.22569293858771755,0.003301424976580948,interpolado
0.22579275855171033,0.004044785389513763,interpolado
0.2258925785157031,0.004617522432870055,interpolado
0.226,0.00497,original
0.22609221844368874,0.005010753566289375,interpolado
0.22619203840768157,0.0048120995162446376,interpolado
0.22629185837167434,0.0044134739727184555,interpolado
0.22639167833566715,0.0038686467774409917,interpolado
0.22649149829965998,0.003231387772141922,interpolado
0.22659131826365272,0.0025554667985513754,interpolado
0.22669113822764558,0.0018946536983993451,interpolado
0.22679095819163833,0.0013027183134158237,interpolado
0.22689077815563113,0.0008334304853309138,interpolado
0.227,0.000524,original
0.22709041808361677,0.0004672351655839683,interpolado
0.22719023804760957,0.0006000362341674273,interpolado
0.22729005801160235,0.0009068340936611747,interpolado
0.22738987797559512,0.0013554876117454634,interpolado
0.22748969793958793,0.0019138556561009413,interpolado
0.22758951790358076,0.0025497970944078955,interpolado
0.2276893378675735,0.003231170794346718,interpolado
0.22778915783156636,0.003925835623597803,interpolado
0.2278889777955591,0.004601650449841357,interpolado
0.228,0.005292,original
0.22808861772354472,0.005772262639235809,interpolado
0.22818843768753755,0.00623397626167759,interpolado
0.22828825765153035,0.006614598632728026,interpolado
0.22838807761552307,0.006917121653152693,interpolado
0.22848789757951588,0.007144537223717408,interpolado
0.2285877175435087,0.007299837245187729,interpolado
0.2286875375075015,0.007386013618329303,interpolado
0.2287873574714943,0.007406058243907787,interpolado
0.2288871774354871,0.007362963022688837,interpolado
0.229,0.007242,original
0.22908681736347272,0.007099231732552189,interpolado
0.2291866373274655,0.006883873945377934,interpolado
0.22928645729145827,0.0066158278516057255,interpolado
0.22938627725545108,0.006297274510233933,interpolado
0.22948609721944388,0.005930394980261148,interpolado
0.22958591718343668,0.0055173703206858864,interpolado
0.22968573714742951,0.005060381590506674,interpolado
0.22978555711142226,0.00456160984872217,interpolado
0.22988537707541506,0.004023236154330621,interpolado
0.23,0.003359,original
0.23008501700340067,0.0028370316201291406,interpolado
0.2301848369673935,0.002198731434893371,interpolado
0.23028465693138625,0.0015407833727910712,interpolado
0.23038447689537903,0.0008714330924235479,interpolado
0.23048429685937188,0.00019892625239265345,interpolado
0.2305841168233647,-0.00046849148869994165,interpolado
0.2306839367873575,-0.0011225744722525638,interpolado
0.23078375675135032,-0.0017550770396633697,interpolado
0.23088357671534304,-0.00235775353233104,interpolado
0.231,-0.003012,original
0.2310832166433287,-0.0034409286735984533,interpolado
0.23118303660732156,-0.0039073815397573045,interpolado
0.2312828565713143,-0.004316399753364656,interpolado
0.23138267653530709,-0.004662668425483222,interpolado
0.2314824964992999,-0.004940872667175368,interpolado
0.23158231646329266,-0.005145697589503578,interpolado
0.2316821364272855,-0.005271828303530321,interpolado
0.23178195639127827,-0.0053139499203181464,interpolado
0.23188177635527107,-0.0052667475509294995,interpolado
0.232,-0.005088,original
0.2320814162832567,-0.004885579676388858,interpolado
0.23218123624724943,-0.0045632754721474785,interpolado
0.2322810562112423,-0.00417994518944209,interpolado
0.232380876175235,-0.0037575688336706145,interpolado
0.23248069613922784,-0.0033181264102309003,interpolado
0.2325805161032206,-0.0028835979245207923,interpolado
0.23268033606721336,-0.002475963381938243,interpolado
0.23278015603120622,-0.0021172027878808676,interpolado
0.23287997599519897,-0.0018292961477466294,interpolado
0.233,-0.001608,original
0.23307961592318466,-0.0015501261262281332,interpolado
0.23317943588717743,-0.0015665555828888618,interpolado
0.23327925585117018,-0.0016601625749383367,interpolado
0.23337907581516304,-0.001807535108194975,interpolado
0.23347889577915582,-0.0019852611884771856,interpolado
0.2335787157431486,-0.002169928821603377,interpolado
0.23367853570714142,-0.0023381260133919176,interpolado
0.23377835567113422,-0.002466440769661312,interpolado
0.23387817563512708,-0.0025314610962299216,interpolado
0.234,-0.002491,original
0.23407781556311266,-0.00238160082257368,interpolado
0.23417763552710544,-0.002155820988952692,interpolado
0.2342774554910982,-0.0018549195427607662,interpolado
0.23437727545509104,-0.0015014626160936967,interpolado
0.23447709541908385,-0.0011180163410472242,interpolado
0.2345769153830766,-0.0007271468497171997,interpolado
0.23467673534706934,-0.0003514202741991434,interpolado
0.2347765553110622,-1.3402746588907021e-05,interpolado
0.23487637527505498,0.0002643396010177671,interpolado
0.235,0.000491,original
0.23507601520304058,0.0005533769429842898,interpolado
0.23517583516703336,0.0005677171870353498,interpolado
0.23527565513102616,0.0005426301065587569,interpolado
0.235375475095019,0.0005186270205913947,interpolado
0.2354752950590118,0.0005362192481701464,interpolado
0.23557511502300457,0.0006359181083318531,interpolado
0.2356749349869974,0.000858234920113444,interpolado
0.2357747549509902,0.0012436810025517886,interpolado
0.235874574914983,0.0018327676746837693,interpolado
0.236,0.002924,original
0.23607421484296856,0.0037751359872660955,interpolado
0.23617403480696142,0.005113864663594622,interpolado
0.23627385477095422,0.006594997934519233,interpolado
0.23637367473494703,0.0081309811945351,interpolado
0.23647349469893983,0.009634259838137387,interpolado
0.2365733146629326,0.011017279259820907,interpolado
0.2366731346269254,0.012192484854081613,interpolado
0.2367729545909182,0.01307232201541427,interpolado
0.236872774554911,0.013569236138314044,interpolado
0.237,0.013509,original
0.23707241448289654,0.013077419532187261,interpolado
0.23717223444688937,0.012066420070118001,interpolado
0.23727205441088212,0.01068408286715568,interpolado
0.23737187437487497,0.009052539794055656,interpolado
0.23747169433886778,0.007293922721573751,interpolado
0.23757151430286058,0.005530363520464303,interpolado
0.23767133426685336,0.003883994061483125,interpolado
0.23777115423084616,0.00247694621538556,interpolado
0.23787097419483894,0.0014313518529269448,interpolado
0.238,0.000814,original
0.23807061412282451,0.0008984045662615712,interpolado
0.23817043408681737,0.0014786742132531774,interpolado
0.23827025405081015,0.0024850852101487467,interpolado
0.23837007401480295,0.0037915347225846007,interpolado
0.23846989397879576,0.00527191991619665,interpolado
0.23856971394278853,0.006800137956622067,interpolado
0.2386695339067813,0.00825008600949679,interpolado
0.23876935387077416,0.009495661240457155,interpolado
0.23886917383476694,0.010410760815139478,interpolado
0.239,0.010899,original
0.23906881376275255,0.010757952462924924,interpolado
0.23916863372674535,0.010101003039481384,interpolado
0.23926845369073813,0.009006137349998262,interpolado
0.23936827365473093,0.0075822328603715045,interpolado
0.23946809361872373,0.005938167036497533,interpolado
0.23956791358271656,0.004182817344271355,interpolado
0.23966773354670937,0.002425061249589348,interpolado
0.23976755351070214,0.0007737762183474583,interpolado
0.23986737347469492,-0.0006621602835583709,interpolado
0.24,-0.00205,original
0.24006701340268055,-0.00246141554977117,interpolado
0.24016683336667333,-0.002727012184118853,interpolado
0.24026665333066613,-0.002637967729111959,interpolado
0.24036647329465888,-0.0022626378537216395,interpolado
0.2404662932586517,-0.0016693782269186937,interpolado
0.2405661132226445,-0.000926544517674206,interpolado
0.24066593318663732,-0.00010249239495919749,interpolado
0.24076575315063006,0.0007344224722553139,interpolado
0.2408655731146229,0.0015158444149981065,interpolado
0.241,0.00236,original
0.24106521304260844,0.0026433587669245653,interpolado
0.2411650330066013,0.0029176941392857017,interpolado
0.24126485297059408,0.0030257630274562143,interpolado
0.24136467293458683,0.0029975878339394226,interpolado
0.24146449289857963,0.002863190961238598,interpolado
0.24156431286257246,0.002652594811857025,interpolado
0.24166413282656526,0.0023958217882979974,interpolado
0.24176395279055807,0.0021228942930648087,interpolado
0.24186377275455082,0.001863834728660822,interpolado
0.242,0.001587,original
0.24206341268253645,0.0015053275147161207,interpolado
0.24216323264652928,0.0014345845250463521,interpolado
0.24226305261052206,0.0014181393976829492,interpolado
0.24236287257451483,0.001437301079749993,interpolado
0.24246269253850763,0.0014733785183715887,interpolado
0.24256251250250047,0.001507680660671825,interpolado
0.24266233246649324,0.0015215164537747908,interpolado
0.24276215243048604,0.001496194844804591,interpolado
0.24286197239447888,0.0014130247808853056,interpolado
0.243,0.001168,original
0.2430616123224644,0.001000362972453315,interpolado
0.24316143228645726,0.0006652704119389744,interpolado
0.24326125225045006,0.0002795941692047787,interpolado
0.24336107221444292,-0.00012463504514071327,interpolado
0.2434608921784357,-0.0005153865204886208,interpolado
0.2435607121424285,-0.0008606295462301621,interpolado
0.24366053210642136,-0.0011283334117565581,interpolado
0.24376035207041413,-0.0012864674064590016,interpolado
0.24386017203440696,-0.0013030008197288086,interpolado
0.244,-0.001027,original
0.2440598119623926,-0.0007861789200509113,interpolado
0.24415963192638537,-0.00024040389976832206,interpolado
0.24425945189037815,0.0004396930424406139,interpolado
0.24435927185437095,0.0012014742594548954,interpolado
0.2444590918183637,0.001992302104152958,interpolado
0.2445589117823565,0.0027595389294134084,interpolado
0.2446587317463493,0.0034505470881148574,interpolado
0.24475855171034205,0.004012688933135774,interpolado
0.2448583716743349,0.004393326817355096,interpolado
0.245,0.004519,original
0.24505801160232052,0.004403096816289563,interpolado
0.2451578315663133,0.003991468497091567,interpolado
0.24525765153030607,0.003359688351318624,interpolado
0.24535747149429887,0.002563837944312048,interpolado
0.24545729145829165,0.0016599988414136683,interpolado
0.2455571114222845,0.0007042526079651652,interpolado
0.24565693138627728,-0.0002473191906915245,interpolado
0.24575675135027006,-0.0011386349892152589,interpolado
0.24585657131426286,-0.0019136132222640932,interpolado
0.246,-0.002711,original
0.2460562112422485,-0.0028932802153530997,interpolado
0.2461560312062413,-0.0030449284556628535,interpolado
0.24625585117023407,-0.0030160730147984548,interpolado
0.2463556711342269,-0.0028530937539412533,interpolado
0.24645549109821968,-0.002602370534272672,interpolado
0.24655531106221248,-0.002310283216974132,interpolado
0.24665513102620526,-0.0020232116632271304,interpolado
0.2467549509901981,-0.0017875357342129166,interpolado
0.24685477095419087,-0.001649635291112997,interpolado
0.247,-0.001719,original
0.24705441088217647,-0.0018506883530449384,interpolado
0.24715423084616928,-0.002241018934211176,interpolado
0.24725405081016205,-0.002800624879361191,interpolado
0.24735387077415483,-0.003502091284745742,interpolado
0.24745369073814766,-0.004318003246615677,interpolado
0.24755351070214046,-0.005220945861221834,interpolado
0.2476533306661332,-0.006183504224814787,interpolado
0.24775315063012604,-0.007178263433645919,interpolado
0.24785297059411882,-0.008177808583965815,interpolado
0.248,-0.009601,original
0.24805261052210442,-0.01008169592748267,interpolado
0.24815243048609725,-0.010933414463558788,interpolado
0.24825225045009003,-0.011686444384973129,interpolado
0.24835207041408286,-0.01231742110866406,interpolado
0.24845189037807566,-0.012802980051570177,interpolado
0.24855171034206844,-0.013119756630630024,interpolado
0.24865153030606116,-0.01324438626278238,interpolado
0.248751350270054,-0.013153504364965745,interpolado
0.24885117023404685,-0.012823746354118717,interpolado
0.249,-0.011838,original
0.24905081016203237,-0.011356082554582685,interpolado
0.2491506301260252,-0.010218086833784234,interpolado
0.24925045009001792,-0.008880863430530047,interpolado
0.2493502700540108,-0.007409255297810924,interpolado
0.2494500900180036,-0.005868105388617653,interpolado
0.2495499099819964,-0.004322256655941453,interpolado
0.24964972994598925,-0.002836552052771835,interpolado
0.249749549909982,-0.0014758345321012197,interpolado
0.24984936987397474,-0.0003049470469194967,interpolado
0.2499491898379676,0.0006112674497830255,interpolado
0.25,0.000959,original
0.2501488297659532,0.0014864870194006095,interpolado
0.250248649729946,0.0014920678551248244,interpolado
0.25034846969393876,0.001282032399484248,interpolado
0.2504482896579316,0.0009113412602520214,interpolado
0.25054810962192436,0.00043495504520196326,interpolado
0.2506479295859172,-9.21656378930072e-05,interpolado
0.25074774954991,-0.0006150601812588986,interpolado
0.2508475695139027,-0.0010787679771226113,interpolado
0.2509473894778956,-0.0014283284177109166,interpolado
0.251,-0.001548,original
0.2511470294058812,-0.0016144623483205585,interpolado
0.251246849369874,-0.0014758163214976991,interpolado
0.25134666933386673,-0.0012320726001098484,interpolado
0.25144648929785957,-0.0009208290478666141,interpolado
0.2515463092618524,-0.0005796835284781507,interpolado
0.2516461292258452,-0.00024623390565391503,interpolado
0.25174594918983795,4.192195689591314e-05,interpolado
0.2518457691538308,0.0002471861954617331,interpolado
0.2519455891178236,0.00033196094633376055,interpolado
0.252,0.000314,original
0.2521452290458092,2.8596660893962656e-05,interpolado
0.252245049009802,-0.00032553513168276247,interpolado
0.25234486897379477,-0.0007642778792082027,interpolado
0.2524446889377876,-0.0012493529361642358,interpolado
0.2525445089017804,-0.00174248165703191,interpolado
0.2526443288657732,-0.002205385396293329,interpolado
0.252744148829766,-0.002599785508429567,interpolado
0.25284396879375876,-0.0028874033479224957,interpolado
0.25294378875775153,-0.0030299602692537508,interpolado
0.253,-0.003032,original
0.25314342868573714,-0.002765233230719303,interpolado
0.25324324864972997,-0.0023920702897769455,interpolado
0.25334306861372274,-0.0019102704628881821,interpolado
0.2534428885777156,-0.0013593345194437157,interpolado
0.25354270854170835,-0.0007787632288353675,interpolado
0.2536425285057011,-0.000208057360454035,interpolado
0.25374234846969396,0.0003132823163093587,interpolado
0.25384216843368673,0.0007457550320630265,interpolado
0.25394198839767956,0.0010498600174162105,interpolado
0.254,0.001152,original
0.2541416283256651,0.0011500693561212207,interpolado
0.2542414482896579,0.0009709006674271084,interpolado
0.2543412682536507,0.0006837372827865961,interpolado
0.2544410882176435,0.0003228229894755088,interpolado
0.2545409081816364,-7.75984252296323e-05,interpolado
0.25464072814562905,-0.00048328317405290386,interpolado
0.25474054810962193,-0.0008599874697183997,interpolado
0.2548403680736147,-0.0011734675249495793,interpolado
0.25494018803760754,-0.0013894795524706453,interpolado
0.255,-0.001458,original
0.2551398279655931,-0.0014184764779562227,interpolado
0.255239647929586,-0.0012429339360655236,interpolado
0.25533946789357875,-0.0009710479718394745,interpolado
0.25543928785757153,-0.0006260971498256665,interpolado
0.2555391078215643,-0.00023136003457235987,interpolado
0.25563892778555714,0.00018988480937275445,interpolado
0.2557387477495499,0.000614358817462044,interpolado
0.25583856771354274,0.001018783425147161,interpolado
0.2559383876775355,0.0013798800678806614,interpolado
0.256,0.001571,original
0.25613802760552107,0.0018940739162826023,interpolado
0.2562378475695139,0.0020476736440704145,interpolado
0.25633766753350673,0.0021464756498663757,interpolado
0.25643748749749956,0.0022014659663259434,interpolado
0.25653730746149234,0.002223630626104394,interpolado
0.2566371274254851,0.0022239556618571035,interpolado
0.25673694738947794,0.002213427106239399,interpolado
0.25683676735347066,0.0022030309919066292,interpolado
0.2569365873174635,0.00220375335151413,interpolado
0.257,0.002215,original
0.25713622724544904,0.0022711696178276757,interpolado
0.25723604720944193,0.0023235586572730163,interpolado
0.2573358671734347,0.002367776912292557,interpolado
0.2574356871374275,0.002388070194266496,interpolado
0.25753550710142026,0.0023686843145749753,interpolado
0.25763532706541303,0.0022938650845981843,interpolado
0.25773514702940586,0.0021478583157161896,interpolado
0.25783496699339864,0.001914909819309316,interpolado
0.25793478695739147,0.0015792654067574555,interpolado
0.258,0.001297,original
0.258134426885377,0.0005646489993811545,interpolado
0.25823424684936985,-5.440903109771612e-05,interpolado
0.2583340668133627,-0.0006790450082089053,interpolado
0.25843388677735546,-0.0012567746685899065,interpolado
0.2585337067413483,-0.0017351137488781083,interpolado
0.25863352670534107,-0.0020615779857101144,interpolado
0.25873334666933395,-0.002183683115723387,interpolado
0.2588331666333267,-0.002048944875554924,interpolado
0.2589329865973195,-0.0016048790018420192,interpolado
0.259,-0.001107,original
0.25913262652530505,0.0003623562138553942,interpolado
0.25923244648929794,0.0017914789650732184,interpolado
0.25933226645329066,0.00338950443534965,interpolado
0.25943208641728344,0.005058460242609131,interpolado
0.25953190638127627,0.006700374004776264,interpolado
0.259631726345269,0.0082172733397729,interpolado
0.2597315463092619,0.009511185865524322,interpolado
0.2598313662732546,0.010484139199952763,interpolado
0.2599311862372474,0.011038160960982731,interpolado
0.26,0.011125,original
0.260130826165233,0.010572958239803084,interpolado
0.2602306461292258,0.009620288616091889,interpolado
0.26033046609321864,0.008321354453944592,interpolado
0.26043028605721136,0.006779236038301167,interpolado
0.2605301060212042,0.0050970136541010755,interpolado
0.26062992598519696,0.0033777675862866345,interpolado
0.2607297459491898,0.0017245781197964614,interpolado
0.2608295659131826,0.00024052553957284236,interpolado
0.2609293858771754,-0.000971309869444763,interpolado
0.261,-0.001608,original
0.261129025805161,-0.002228695953810841,interpolado
0.26122884576915384,-0.0022924804055149766,interpolado
0.26132866573314667,-0.002071011624367786,interpolado
0.2614284856971395,-0.0016353730089780142,interpolado
0.2615283056611323,-0.0010566479579539264,interpolado
0.26162812562512505,-0.00040591986990481325,interpolado
0.2617279455891179,0.000245727856561346,interpolado
0.26182776555311066,0.0008272118228351805,interpolado
0.2619275855171034,0.001267448630308443,interpolado
0.262,0.001458,original
0.26212722544508904,0.0014813465882753875,interpolado
0.2622270454090819,0.0012657042352353348,interpolado
0.2623268653730747,0.0008980198543693152,interpolado
0.2624266853370675,0.00042747068493567025,interpolado
0.26252650530106025,-9.67660338074851e-05,interpolado
0.26262632526505303,-0.0006255130626011348,interpolado
0.26272614522904586,-0.0011095931621873968,interpolado
0.26282596519303864,-0.0014998290933073005,interpolado
0.2629257851570314,-0.0017470436167027186,interpolado
0.263,-0.001809,original
0.2631254250850171,-0.0016470892799259635,interpolado
0.2632252450490099,-0.0013205893503696947,interpolado
0.2633250650130026,-0.0008685872427408186,interpolado
0.26342488497699534,-0.0003368434310631941,interpolado
0.2635247049409882,0.00022888161063950037,interpolado
0.263624524904981,0.0007828274083426171,interpolado
0.26372434486897384,0.0012792334880227206,interpolado
0.2638241648329666,0.0016723393756552425,interpolado
0.26392398479695933,0.0019163845972164826,interpolado
0.264,0.001974,original
0.26412362472494494,0.0018046053180601272,interpolado
0.26422344468893777,0.0014757822600065186,interpolado
0.26432326465293055,0.0010294708530525557,interpolado
0.2644230846169234,0.000515785728295906,interpolado
0.26452290458091615,-1.5158483166789164e-05,interpolado
0.2646227245449089,-0.0005132471502377706,interpolado
0.26472254450890176,-0.0009283656418201815,interpolado
0.2648223644728946,-0.0012103993268169828,interpolado
0.2649221844368873,-0.001309233574130689,interpolado
0.265,-0.001227,original
0.26512182436487297,-0.0007851994209248525,interpolado
0.2652216443288658,-0.0001761527877667145,interpolado
0.26532146429285863,0.0006087461039075395,interpolado
0.26542128425685135,0.0015260242984844468,interpolado
0.2655211042208442,0.0025322088403524038,interpolado
0.265620924184837,0.0035838267738977046,interpolado
0.2657207441488297,0.004637405143508316,interpolado
0.2658205641128226,0.005649470993572213,interpolado
0.2659203840768154,0.00657655136847568,interpolado
0.266,0.007226,original
0.266120024004801,0.00801407973177059,interpolado
0.2662198439687938,0.008488219568832422,interpolado
0.26631966393278655,0.00879634033378409,interpolado
0.26641948389677933,0.00893713126803218,interpolado
0.2665193038607722,0.008909281612983771,interpolado
0.26661912382476494,0.008711480610045813,interpolado
0.2667189437887577,0.00834241750062528,interpolado
0.26681876375275054,0.007800781526128735,interpolado
0.2669185837167433,0.007085261927963708,interpolado
0.267,0.006372,original
0.267118223644729,0.005139796101187562,interpolado
0.2672180436087217,0.003960508542286325,interpolado
0.2673178635727146,0.0027004473983255556,interpolado
0.2674176835367073,0.0014033277670604959,interpolado
0.2675175035007002,0.00011286474624357514,interpolado
0.26761732346469297,-0.0011272265663699289,interpolado
0.26771714342868574,-0.00227323107302692,interpolado
0.2678169633926786,-0.003281433675974089,interpolado
0.2679167833566714,-0.004108119277456477,interpolado
0.268,-0.004627,original
0.26811642328465696,-0.00506448744601318,interpolado
0.26821624324864973,-0.005205511120017546,interpolado
0.2683160632126425,-0.005173734784355383,interpolado
0.26841588317663534,-0.005010184427326285,interpolado
0.26851570314062817,-0.004755886037229652,interpolado
0.26861552310462095,-0.004451865602365325,interpolado
0.2687153430686137,-0.0041391491110327186,interpolado
0.26881516303260655,-0.003858762551531232,interpolado
0.2689149829965994,-0.003651731912160732,interpolado
0.269,-0.003564,original
0.2691146229245849,-0.003604967572105578,interpolado
0.26921444288857765,-0.0037705363645361882,interpolado
0.26931426285257054,-0.004029909863904264,interpolado
0.2694140828165633,-0.004357244722660689,interpolado
0.2695139027805562,-0.004726697593256974,interpolado
0.269613722744549,-0.005112425128143879,interpolado
0.26971354270854175,-0.0054885839797727785,interpolado
0.26981336267253453,-0.005829330800595029,interpolado
0.26991318263652736,-0.0061088222430614215,interpolado
0.27,-0.006282,original
0.27011282256451297,-0.006390422728753446,interpolado
0.27021264252850574,-0.0063866565735439,interpolado
0.2703124624924986,-0.00630463309937223,interpolado
0.27041228245649135,-0.006159053975947335,interpolado
0.270512102420484,-0.005964620872977987,interpolado
0.27061192238447684,-0.005736035460172855,interpolado
0.2707117423484696,-0.005487999407240999,interpolado
0.27081156231246245,-0.00523521438389096,interpolado
0.2709113822764553,-0.0049923820598318245,interpolado
0.271,-0.004797,original
0.27111102220444083,-0.0045901776526129515,interpolado
0.27121084216843366,-0.004434970824696093,interpolado
0.27131066213242644,-0.004300583598509396,interpolado
0.27141048209641927,-0.004179021298010886,interpolado
0.271510302060412,-0.0040622892471583625,interpolado
0.2716101220244048,-0.003942392769909637,interpolado
0.27170994198839765,-0.003811337190222722,interpolado
0.2718097619523905,-0.0036611278320553393,interpolado
0.27190958191638326,-0.0034837700193655332,interpolado
0.272,-0.003293,original
0.27210922184436886,-0.003020414484364758,interpolado
0.2722090418083617,-0.0027424001293520997,interpolado
0.27230886177235447,-0.002451146309108682,interpolado
0.2724086817363473,-0.002160570270115904,interpolado
0.2725085017003401,-0.0018845892588546702,interpolado
0.27260832166433285,-0.0016371205218059222,interpolado
0.27270814162832563,-0.0014320813054510071,interpolado
0.27280796159231846,-0.0012833888562707799,interpolado
0.2729077815563113,-0.00120496042074648,interpolado
0.273,-0.001207,original
0.2731074214842969,-0.001307416057150622,interpolado
0.2732072414482896,-0.0014791015134908141,interpolado
0.2733070614122825,-0.0017052694578663366,interpolado
0.2734068813762753,-0.001965422266815039,interpolado
0.27350670134026805,-0.0022390623168751437,interpolado
0.2736065213042609,-0.0025056919845849054,interpolado
0.27370634126825366,-0.0027448136464821265,interpolado
0.2738061612322465,-0.0029359296791051613,interpolado
0.27390598119623927,-0.0030585424589918975,interpolado
0.274,-0.003093,original
0.2741056211242249,-0.003024784249154758,interpolado
0.27420544108821765,-0.0028730565085658692,interpolado
0.2743052610522105,-0.002659608098352052,interpolado
0.2744050810162033,-0.0024070745648691037,interpolado
0.27450490098019603,-0.002138091454472462,interpolado
0.2746047209441888,-0.0018752943135175381,interpolado
0.2747045409081816,-0.0016413186883601802,interpolado
0.2748043608721744,-0.0014588001253557014,interpolado
0.27490418083616724,-0.0013503741708598624,interpolado
0.275,-0.001337,original
0.2751038207641528,-0.0014329209439551056,interpolado
0.2752036407281456,-0.0015947243702642466,interpolado
0.27530346069213846,-0.0017751489046682347,interpolado
0.2754032806561312,-0.0019252575697187246,interpolado
0.27550310062012395,-0.001996113387967695,interpolado
0.27560292058411684,-0.0019387793819669484,interpolado
0.2757027405481096,-0.001704318574268403,interpolado
0.27580256051210245,-0.0012437939874239464,interpolado
0.2759023804760952,-0.0005082686439849618,interpolado
0.276,0.000524,original
0.27610202040408083,0.0019563385533118978,interpolado
0.27620184036807366,0.003627095077517653,interpolado
0.2763016603320664,0.005459570163361365,interpolado
0.2764014802960592,0.007349870240948773,interpolado
0.27650130026005204,0.00919410174038241,interpolado
0.27660112022404487,0.010888371091768882,interpolado
0.27670094018803765,0.012328784725210953,interpolado
0.2768007601520304,0.013411449070814293,interpolado
0.27690058011602325,0.014032470558683795,interpolado
0.277,0.014089,original
0.27710022004400886,0.01351214220049364,interpolado
0.2772000400080016,0.012389971311794592,interpolado
0.27729985997199436,0.010843609432639288,interpolado
0.27739967993598724,0.008995223040414014,interpolado
0.27749949989998,0.006966978612508238,interpolado
0.27759931986397285,0.004881042626307204,interpolado
0.27769913982796557,0.002859581559200658,interpolado
0.27779895979195834,0.0010247618885747998,interpolado
0.2778987797559512,-0.0005012499081837479,interpolado
0.278,-0.001608,original
0.2780984196839368,-0.002171479020108048,interpolado
0.27819823964792956,-0.002276858733087318,interpolado
0.27829805961192233,-0.0019986788890440275,interpolado
0.27839787957591516,-0.001423191980288805,interpolado
0.27849769953990794,-0.0006366504991333488,interpolado
0.2785975195039008,0.0002746930621120954,interpolado
0.27869733946789355,0.001224586211135457,interpolado
0.2787971594318864,0.002126776455626199,interpolado
0.27889697939587926,0.002895011303273678,interpolado
0.279,0.003456,original
0.2790966193238648,0.0037076801517436845,interpolado
0.2791964392878576,0.003727386610031509,interpolado
0.2792962592518504,0.00356857619998156,interpolado
0.2793960792158432,0.0032976683237604795,interpolado
0.2794958991798359,0.002981082383535414,interpolado
0.27959571914382875,0.002685237781472907,interpolado
0.27969553910782163,0.0024765539197401302,interpolado
0.27979535907181435,0.0024214502005037216,interpolado
0.2798951790358072,0.0025863460259306593,interpolado
0.28,0.003069,original
0.28009481896379285,0.003820146202666337,interpolado
0.2801946389277856,0.00487780448441632,interpolado
0.28029445889177834,0.0061253772843160356,interpolado
0.28039427885577123,0.007477603064188585,interpolado
0.28049409881976406,0.008849220285854772,interpolado
0.2805939187837569,0.01015496741113835,interpolado
0.28069373874774967,0.011309582901860174,interpolado
0.2807935587117424,0.012227805219843327,interpolado
0.2808933786757353,0.012824372826910383,interpolado
0.281,0.01301,original
0.2810930186037209,0.012733905715731648,interpolado
0.2811928385677137,0.012031184415223953,interpolado
0.2812926585317065,0.010986738457822146,interpolado
0.2813924784956993,0.009681454777504732,interpolado
0.28149229845969204,0.008196220308252752,interpolado
0.28159211842368476,0.006611921984045121,interpolado
0.2816919383876776,0.005009446738860521,interpolado
0.2817917583516704,0.0034696815066803345,interpolado
0.2818915783156632,0.0020735132214825132,interpolado
0.282,0.000814,original
0.28209121824364874,2.1016035869777197e-05,interpolado
0.2821910382076416,-0.000577726862153656,interpolado
0.28229085817163435,-0.0009275000793070437,interpolado
0.2823906781356271,-0.001061415975866547,interpolado
0.28249049809961985,-0.0010125869121077652,interpolado
0.2825903180636126,-0.0008141252483065632,interpolado
0.2826901380276055,-0.0004991433447384735,interpolado
0.28278995799159823,-0.000100753561679593,interpolado
0.2828897779555911,0.00034793174059474666,interpolado
0.283,0.000862,original
0.2830894178835766,0.0012666507039542536,interpolado
0.2831892378475695,0.0016922320830429665,interpolado
0.2832890578115623,0.0020817275294950045,interpolado
0.2833888777755551,0.002426324816900176,interpolado
0.2834886977395479,0.0027172117188474826,interpolado
0.28358851770354077,0.002945576008926517,interpolado
0.2836883376675336,0.003102605460726733,interpolado
0.28378815763152637,0.0031794878478373376,interpolado
0.2838879775955192,0.0031674109438477945,interpolado
0.284,0.003037,original
0.2840876175235047,0.0028452770688388133,interpolado
0.2841874374874976,0.0025498998160605247,interpolado
0.28428725745149036,0.002199397728650408,interpolado
0.2843870774154831,0.0018217489726128342,interpolado
0.28448689737947597,0.0014449317139529631,interpolado
0.2845867173434687,0.0010969241186753159,interpolado
0.2846865373074616,0.0008057043527844768,interpolado
0.28478635727145435,0.0005992505822855095,interpolado
0.28488617723544707,0.0005055409731829446,interpolado
0.285,0.000572,original
0.2850858171634327,0.0007612782524892174,interpolado
0.28518563712742545,0.0011099187203926263,interpolado
0.2852854570914183,0.0015604941970259478,interpolado
0.2853852770554111,0.0020749934232586705,interpolado
0.2854850970194039,0.002615405139959239,interpolado
0.28558491698339666,0.003143718087996959,interpolado
0.2856847369473895,0.00362192100824111,interpolado
0.2857845569113824,0.004012002641560177,interpolado
0.28588437687537516,0.0042759517288235805,interpolado
0.286,0.004374,original
0.2860840168033607,0.004282062015512879,interpolado
0.2861838367673535,0.004021559332524993,interpolado
0.28628365673134626,0.0036432687239348156,interpolado
0.2863834766953391,0.003196267547402764,interpolado
0.28648329665933187,0.0027296331605901423,interpolado
0.28658311662332464,0.0022924429211574975,interpolado
0.28668293658731747,0.0019337741867654428,interpolado
0.2867827565513102,0.001702704315075181,interpolado
0.2868825765153029,0.0016483106637472694,interpolado
0.287,0.001877,original
0.2870822164432886,0.0022540518928381077,interpolado
0.2871820364072814,0.00290777701938534,interpolado
0.2872818563712742,0.003703227017674305,interpolado
0.287381676335267,0.004562667015857944,interpolado
0.28748149629925984,0.00540836214208934,interpolado
0.2875813162632526,0.006162577524520148,interpolado
0.28768113622724545,0.006747578291303747,interpolado
0.28778095619123817,0.007085629570592081,interpolado
0.287880776155231,0.007098996490538169,interpolado
0.288,0.006581,original
0.2880804160832166,0.005856444401223592,interpolado
0.28818023604720944,0.004590481924834932,interpolado
0.28828005601120227,0.003014344014841546,interpolado
0.288379875975195,0.001230538594234566,interpolado
0.2884796959391879,-0.000658426413995335,interpolado
0.2885795159031807,-0.0025500430868542934,interpolado
0.2886793358671735,-0.0043418035013525575,interpolado
0.28877915583116626,-0.00593119973449636,interpolado
0.2888789757951591,-0.007215723863295014,interpolado
0.289,-0.008217,original
0.28907861572314464,-0.008475799681019991,interpolado
0.2891784356871374,-0.008398274962446007,interpolado
0.2892782556511302,-0.007950008316698547,interpolado
0.289378075615123,-0.007221021835023802,interpolado
0.2894778955791158,-0.006301337608667329,interpolado
0.28957771554310857,-0.005280977728876303,interpolado
0.2896775355071014,-0.004249964286895804,interpolado
0.2897773554710942,-0.0032983193739731295,interpolado
0.28987717543508695,-0.0025160650813538083,interpolado
0.29,-0.001919,original
0.2900768153630725,-0.0018085778630609495,interpolado
0.2901766353270653,-0.001949216516107263,interpolado
0.29027645529105817,-0.0023574907778166816,interpolado
0.29037627525505094,-0.002975450095114021,interpolado
0.2904760952190438,-0.0037451439149245674,interpolado
0.2905759151830366,-0.004608621684172266,interpolado
0.29067573514702943,-0.0055079328497828275,interpolado
0.29077555511102215,-0.006385126858680057,interpolado
0.290875375075015,-0.0071822531577892725,interpolado
0.291,-0.007977,original
0.29107501500300054,-0.008310008718537735,interpolado
0.2911748349669934,-0.008583456486872258,interpolado
0.29127465493098614,-0.008681426015723913,interpolado
0.2913744748949789,-0.00862383797583971,interpolado
0.2914742948589718,-0.00843061303796631,interpolado
0.2915741148229645,-0.008121671872850745,interpolado
0.29167393478695736,-0.007716935151239499,interpolado
0.29177375475095013,-0.00723632354387983,interpolado
0.2918735747149429,-0.006699757721518346,interpolado
0.292,-0.005971,original
0.29207321464292846,-0.0055378563421750295,interpolado
0.2921730346069213,-0.004945756115412496,interpolado
0.2922728545709142,-0.004361838674399342,interpolado
0.2923726745349069,-0.0037970567182797977,interpolado
0.2924724944988997,-0.0032623629461981307,interpolado
0.29257231446289256,-0.0027687100572994982,interpolado
0.29267213442688533,-0.00232705075072815,interpolado
0.29277195439087816,-0.0019483377256284513,interpolado
0.292871774354871,-0.0016435236811453856,interpolado
0.293,-0.001378,original
0.2930714142828566,-0.0012975808704113057,interpolado
0.2931712342468493,-0.001256879237787566,interpolado
0.2932710542108422,-0.0012826626722204333,interpolado
0.29337087417483493,-0.0013560227392576001,interpolado
0.29347069413882776,-0.0014580510044468556,interpolado
0.29357051410282053,-0.001569839033335808,interpolado
0.29367033406681337,-0.0016724783914722375,interpolado
0.2937701540308062,-0.0017470606444039047,interpolado
0.29386997399479897,-0.0017746773576784473,interpolado
0.294,-0.001709,original
0.2940696139227845,-0.001615645130111983,interpolado
0.2941694338867773,-0.001419302960294985,interpolado
0.29426925385077013,-0.0011683615597548806,interpolado
0.29436907381476296,-0.0008839739147301849,interpolado
0.29446889377875574,-0.0005872930114588328,interpolado
0.29456871374274857,-0.0002994718361793899,interpolado
0.2946685337067414,-4.166337512991907e-05,interpolado
0.2947683536707342,0.00016497938545145113,interpolado
0.29486817363472695,0.00029930345932625434,interpolado
0.295,0.00033,original
0.29506781356271256,0.0002703717479792564,interpolado
0.29516763352670533,0.00011707633997018566,interpolado
0.29526745349069816,-6.498503319099879e-05,interpolado
0.2953672734546909,-0.00022064773412995597,interpolado
0.29546709341868377,-0.0002947471254726785,interpolado
0.29556691338267654,-0.00023211856984494436,interpolado
0.2956667333466692,2.2402570127289488e-05,interpolado
0.2957665533106621,0.0005239809318184955,interpolado
0.29586637327465487,0.0013277811526022552,interpolado
0.296,0.002973,original
0.2960660132026405,0.004053837730279502,interpolado
0.29616583316663325,0.005963571748988847,interpolado
0.2962656531306261,0.008090560188672482,interpolado
0.29636547309461886,0.01030600222491632,interpolado
0.29646529305861175,0.012481097033310982,interpolado
0.2965651130226046,0.014487043789442324,interpolado
0.29666493298659724,0.016195041668899905,interpolado
0.29676475295059007,0.017476289847272612,interpolado
0.2968645729145829,0.018201987500147294,interpolado
0.297,0.018068,original
0.2970642128425685,0.017484278870386904,interpolado
0.2971640328065613,0.015970322735298914,interpolado
0.29726385277055406,0.013857885923590156,interpolado
0.2973636727345469,0.011305563098797279,interpolado
0.2974634926985397,0.008471948924451873,interpolado
0.2975633126625325,0.00551563806409139,interpolado
0.2976631326265253,0.0025952251812485522,interpolado
0.29776295259051805,-0.000130695060543832,interpolado
0.2978627725545109,-0.0025035279977484344,interpolado
0.298,-0.004898,original
0.2980624124824965,-0.005566287977955068,interpolado
0.2981622324464892,-0.006106089454967337,interpolado
0.2982620524104821,-0.006086675850519899,interpolado
0.2983618723744748,-0.005612950883020006,interpolado
0.29846169233846753,-0.004789818270874983,interpolado
0.2985615123024605,-0.0037221817324913867,interpolado
0.29866133226645325,-0.0025149449862776315,interpolado
0.29876115223044614,-0.0012730117506396948,interpolado
0.29886097219443886,-0.00010128574398619235,interpolado
0.299,0.001216,original
0.2990606121224245,0.0016171851259135816,interpolado
0.29916043208641724,0.00204106633413166,interpolado
0.29926025205041007,0.0022014887416263143,interpolado
0.2993600720144028,0.00213439063453213,interpolado
0.2994598919783957,0.0018757102989840062,interpolado
0.29955971194238845,0.00146138602111642,interpolado
0.2996595319063812,0.000927356087064593,interpolado
0.29975935187037406,0.0003095587829627173,interpolado
0.29985917183436683,-0.0003560676050537606,interpolado
0.3,-0.001307,original
0.3000588117623524,-0.0016879253646504145,interpolado
0.30015863172634527,-0.002297628096774681,interpolado
0.3002584516903381,-0.0028520080775219256,interpolado
0.3003582716543308,-0.003340675637798555,interpolado
0.30045809161832365,-0.0037532411085119226,interpolado
0.3005579115823165,-0.0040793148205692095,interpolado
0.3006577315463093,-0.004308507104877075,interpolado
0.3007575515103021,-0.004430428292342792,interpolado
0.3008573714742948,-0.004434688713873244,interpolado
0.301,-0.004216,original
0.30105701140228047,-0.0040497385607479895,interpolado
0.30115683136627325,-0.0036598821912266636,interpolado
0.3012566513302661,-0.0031649451848431835,interpolado
0.30135647129425885,-0.0025889961172974154,interpolado
0.30145629125825163,-0.0019561035642884222,interpolado
0.3015561112222444,-0.0012903361015151355,interpolado
0.30165593118623724,-0.0006157623046776147,interpolado
0.30175575115023,4.3549250525553684e-05,interpolado
0.3018555711142228,0.0006635299883943165,interpolado
0.302,0.001442,original
0.3020552110422084,0.0016900779561234863,interpolado
0.30215503100620117,0.0020656924355978673,interpolado
0.30225485097019394,0.0023526913639223073,interpolado
0.3023546709341868,0.0025572613846508753,interpolado
0.30245449089817955,0.0026855891413381365,interpolado
0.3025543108621723,0.0027438612775384876,interpolado
0.30265413082616516,0.002738264436806252,interpolado
0.30275395079015793,0.0026749852626958125,interpolado
0.30285377075415076,0.002560210398761627,interpolado
0.303,0.002312,original
0.30305341068213637,0.0022010449152908293,interpolado
0.3031532306461292,0.001971723590158278,interpolado
0.30325305061012203,0.001723152986916543,interpolado
0.3033528705741147,0.0014664054134950848,interpolado
0.3034526905381076,0.001212553177822953,interpolado
0.30355251050210047,0.0009726685878291992,interpolado
0.30365233046609313,0.0007578239514432769,interpolado
0.303752150430086,0.0005790915765941419,interpolado
0.3038519703940788,0.00044754377121117853,interpolado
0.304,0.000363,original
0.3040516103220644,0.0003696882048423451,interpolado
0.3041514302860572,0.0004315018745338759,interpolado
0.30425125025005,0.000545085615990417,interpolado
0.30435107021404284,0.0006953397939715373,interpolado
0.3044508901780356,0.0008671647732365405,interpolado
0.30455071014202845,0.0010454609185450772,interpolado
0.3046505301060213,0.0012151285946564205,interpolado
0.304750350070014,0.0013610681663301467,interpolado
0.30485017003400683,0.0014681799983257793,interpolado
0.30494998999799966,0.0015213644554026705,interpolado
0.305,0.001523,original
0.30514962992598527,0.0014177330947600152,interpolado
0.30524944988997793,0.0012627931687039988,interpolado
0.3053492698539709,0.0010477492887838603,interpolado
0.3054490898179636,0.0007791993009512725,interpolado
0.3055489097819565,0.00046374105115737667,interpolado
0.3056487297459492,0.0001079723853539579,interpolado
0.30574854970994203,-0.00028150885050771463,interpolado
0.30584836967393486,-0.0006981048104764469,interpolado
0.3059481896379276,-0.0011352176486003423,interpolado
0.306,-0.001368,original
0.30614782956591324,-0.0020406701570396674,interpolado
0.306247649529906,-0.00248519103992538,interpolado
0.3063474694938988,-0.002905815566013444,interpolado
0.3064472894578916,-0.003288681831417694,interpolado
0.3065471094218844,-0.0036199279322528476,interpolado
0.3066469293858771,-0.0038856919646328356,interpolado
0.30674674934986995,-0.004072112024672166,interpolado
0.3068465693138627,-0.00416532620848517,interpolado
0.30694638927785556,-0.004151472612186045,interpolado
0.307,-0.004095,original
0.30714602920584116,-0.003766841070868972,interpolado
0.30724584916983394,-0.003423018575877501,interpolado
0.30734566913382677,-0.003009788908683282,interpolado
0.30744548909781955,-0.0025510940738654522,interpolado
0.3075453090618124,-0.002070876076002199,interpolado
0.3076451290258052,-0.0015930769196727333,interpolado
0.3077449489897978,-0.0011416386094554596,interpolado
0.30784476895379076,-0.0007405031499288414,interpolado
0.30794458891778353,-0.00041361254567200205,interpolado
0.308,-0.000273,original
0.3081442288457691,-6.499490341298301e-05,interpolado
0.30824404880976186,-5.320535730002817e-05,interpolado
0.3083438687737547,-0.00014656072593141798,interpolado
0.30844368873774747,-0.0003424709553110168,interpolado
0.30854350870174035,-0.0006383459914430087,interpolado
0.3086433286657331,-0.001031595780331033,interpolado
0.30874314862972585,-0.0015196302679791965,interpolado
0.3088429685937187,-0.0020998594003918147,interpolado
0.30894278855771146,-0.002769693123572213,interpolado
0.309,-0.003193,original
0.30914242848569706,-0.004342486972254142,interpolado
0.3092422484496899,-0.005166303853679924,interpolado
0.30934206841368267,-0.005942412131266961,interpolado
0.3094418883776755,-0.006615909995169524,interpolado
0.30954170834166833,-0.007131895635543219,interpolado
0.30964152830566116,-0.007435467242543299,interpolado
0.3097413482696539,-0.007471723006324557,interpolado
0.3098411682336467,-0.00718576111704213,interpolado
0.3099409881976395,-0.006522679764851458,interpolado
0.31,-0.005931,original
0.3101406281256252,-0.003921624310388875,interpolado
0.3102404480896179,-0.002101957882621572,interpolado
0.31034026805361076,-7.877124604351843e-05,interpolado
0.3104400880176035,0.0020396011028271624,interpolado
0.31053990798159625,0.004144824667475719,interpolado
0.31063972794558903,0.006128564951387364,interpolado
0.3107395479095818,0.007882487458044018,interpolado
0.3108393678735747,0.00929825769093167,interpolado
0.3109391878375674,0.010267541153532862,interpolado
0.311,0.010593,original
0.31113882776555307,0.01052275725890861,interpolado
0.31123864772954585,0.009867497383721256,interpolado
0.3113384676935387,0.008809373313223604,interpolado
0.3114382876575315,0.007439550399986168,interpolado
0.31153810762152423,0.005849193996577767,interpolado
0.31163792758551706,0.004129469455566736,interpolado
0.3117377475495099,0.0023715421295243204,interpolado
0.31183756751350267,0.0006665773710179874,interpolado
0.3119373874774955,-0.000894259467381027,interpolado
0.312,-0.001759,original
0.31213702740548105,-0.0032700353871094046,interpolado
0.3122368473694739,-0.004064472451942498,interpolado
0.31233666733346666,-0.004631605672198018,interpolado
0.31243648729745943,-0.004998902514070442,interpolado
0.3125363072614522,-0.005193830443755243,interpolado
0.31263612722544504,-0.005243856927447506,interpolado
0.3127359471894378,-0.005176449431342287,interpolado
0.3128357671534307,-0.0050190754216346365,interpolado
0.3129355871174234,-0.004799202364519838,interpolado
0.313,-0.004637,original
0.313135227045409,-0.004272659688693186,interpolado
0.31323504700940186,-0.003991112167915407,interpolado
0.31333486697339463,-0.003704829726425977,interpolado
0.3134346869373874,-0.0034191515212252093,interpolado
0.3135345069013803,-0.003139416709312938,interpolado
0.31363432686537307,-0.00287096444768901,interpolado
0.31373414682936585,-0.0026191338933537183,interpolado
0.3138339667933587,-0.0023892642033067828,interpolado
0.31393378675735145,-0.002186694534548453,interpolado
0.314,-0.00207,original
0.31413342668533706,-0.0018805430445891257,interpolado
0.3142332466493299,-0.0017733723106205857,interpolado
0.31433306661332266,-0.001689798073646195,interpolado
0.31443288657731544,-0.001624434777119871,interpolado
0.3145327065413082,-0.0015718968644953886,interpolado
0.31463252650530105,-0.00152679877922655,interpolado
0.31473234646929377,-0.0014837549647672293,interpolado
0.3148321664332866,-0.0014373798645711997,interpolado
0.3149319863972794,-0.0013822879220923364,interpolado
0.315,-0.001337,original
0.31513162632526504,-0.0012272797035999521,interpolado
0.31523144628925787,-0.0011264497459532068,interpolado
0.31533126625325064,-0.001012764784405113,interpolado
0.3154310862172434,-0.0008883454233588942,interpolado
0.31553090618123625,-0.0007553122672179841,interpolado
0.31563072614522897,-0.0006157859203855321,interpolado
0.31573054610922185,-0.0004718869872649887,interpolado
0.31583036607321463,-0.00032573607225957254,interpolado
0.31593018603720746,-0.0001794537797724974,interpolado
0.316,-7.82e-05,original
0.3161298259651931,0.00010903541919229954,interpolado
0.3162296459291859,0.00026118538306635364,interpolado
0.3163294658931787,0.00043016214195853016,interpolado
0.31642928585717145,0.0006247891156291609,interpolado
0.3165291058211642,0.0008538897238382496,interpolado
0.3166289257851571,0.0011262873863462756,interpolado
0.31672874574914983,0.001450805522913157,interpolado
0.3168285657131426,0.001836267553299246,interpolado
0.31692838567713544,0.0022914968972650327,interpolado
0.317,0.002666,original
0.31712802560512104,0.003427472544951468,interpolado
0.31722784556911376,0.004056480758038304,interpolado
0.31732766553310654,0.004666703385253297,interpolado
0.31742748549709937,0.005212706214515353,interpolado
0.31752730546109215,0.005649055033742482,interpolado
0.31762712542508503,0.005930315630853752,interpolado
0.31772694538907775,0.00601105379376746,interpolado
0.31782676535307053,0.005845835310402447,interpolado
0.31792658531706336,0.005389225968677005,interpolado
0.318,0.004841,original
0.31812622524504897,0.0034645129848529205,interpolado
0.3182260452090418,0.002071791679161235,interpolado
0.3183258651730345,0.0005043940368200578,interpolado
0.3184256851370274,-0.0011513201421750553,interpolado
0.3185255051010202,-0.0028089910578257362,interpolado
0.3186253250650129,-0.004382258910137237,interpolado
0.3187251450290058,-0.005784763899111281,interpolado
0.31882496499299856,-0.006930146224752289,interpolado
0.3189247849569914,-0.0077320460870641036,interpolado
0.319,-0.008057,original
0.31912442488497705,-0.008014729791476858,interpolado
0.31922424484896983,-0.0075338746162208975,interpolado
0.3193240648129626,-0.006745281247427837,interpolado
0.31942388477695544,-0.00573226923516249,interpolado
0.3195237047409482,-0.0045781581294914424,interpolado
0.3196235247049411,-0.0033662674804789358,interpolado
0.3197233446689338,-0.002179916838191775,interpolado
0.3198231646329266,-0.001102425752694719,interpolado
0.3199229845969194,-0.00021711377405276677,interpolado
0.32,0.000282,original
0.3201226245249051,0.0006865648195467851,interpolado
0.3202224444888978,0.0007084624660527787,interpolado
0.3203222644528905,0.0005140966082826913,interpolado
0.32042208441688336,0.00015889563467601697,interpolado
0.32052190438087613,-0.0003017120663270976,interpolado
0.320621724344869,-0.0008122981062873704,interpolado
0.32072154430886174,-0.0013174340967644805,interpolado
0.32082136427285446,-0.0017616916493189796,interpolado
0.32092118423684735,-0.002089642375511278,interpolado
0.321,-0.00223,original
0.32112082416483284,-0.002202321485348669,interpolado
0.3212206441288257,-0.0019883063014997076,interpolado
0.3213204640928185,-0.0016412702624840618,interpolado
0.32142028405681144,-0.0011985272853487835,interpolado
0.3215201040208041,-0.0006973912871417679,interpolado
0.3216199239847969,-0.00017517618491018247,interpolado
0.32171974394878977,0.0003308041042988524,interpolado
0.32181956391278255,0.000783235663437369,interpolado
0.32191938387677543,0.001144804575458436,interpolado
0.322,0.001345,original
0.322119023804761,0.0014649372654206205,interpolado
0.32221884376875376,0.0014282935425139723,interpolado
0.3223186637327466,0.0012977036157154403,interpolado
0.32241848369673937,0.0011025262220874293,interpolado
0.32251830366073214,0.0008721200986926836,interpolado
0.32261812362472486,0.000635843982593623,interpolado
0.3227179435887177,0.0004230566108526574,interpolado
0.3228177635527104,0.0002631167205325493,interpolado
0.3229175835167033,0.00018538304869567044,interpolado
0.323,0.000204,original
0.3231172234446888,0.0003785723553741643,interpolado
0.3232170434086817,0.0006412759807427251,interpolado
0.3233168633726745,0.000979591549092281,interpolado
0.32341668333666734,0.0013658357858245464,interpolado
0.3235165033006601,0.001772325416340454,interpolado
0.32361632326465284,0.0021713771660415797,interpolado
0.3237161432286457,0.0025353077603294857,interpolado
0.32381596319263856,0.002836433924605126,interpolado
0.32391578315663144,0.0030470723842701774,interpolado
0.324,0.003134,original
0.32411542308461694,0.003099078878976893,interpolado
0.3242152430486098,0.0029430524052782496,interpolado
0.3243150630126025,0.0026939719801446662,interpolado
0.3244148829765953,0.002374317209027011,interpolado
0.3245147029405881,0.002006567697376762,interpolado
0.32461452290458087,0.0016132030506448764,interpolado
0.32471434286857376,0.0012167028742822506,interpolado
0.3248141628325665,0.0008395467737404508,interpolado
0.32491398279655936,0.0005042143544702006,interpolado
0.325,0.000266,original
0.32511362272454486,3.729829445214087e-05,interpolado
0.3252134426885377,-0.00010321091721251393,interpolado
0.3253132626525305,-0.00021324092784202423,interpolado
0.32541308261652324,-0.00031766938420521904,interpolado
0.3255129025805161,-0.0004413739330706715,interpolado
0.3256127225445089,-0.0006092322212071155,interpolado
0.32571254250850173,-0.0008461218953833833,interpolado
0.32581236247249445,-0.001176920602367901,interpolado
0.32591218243648734,-0.0016265059889297422,interpolado
0.326,-0.00214,original
0.3261118223644728,-0.00296016831237301,interpolado
0.3262116423284658,-0.003791811270216732,interpolado
0.32631146229245855,-0.004648291350858272,interpolado
0.3264112822564514,-0.005463241766489793,interpolado
0.32651110222044416,-0.00617029572930166,interpolado
0.3266109221844369,-0.006703086451485635,interpolado
0.32671074214842977,-0.006995247145233094,interpolado
0.3268105621124225,-0.006980411022734978,interpolado
0.3269103820764153,-0.006592211296182817,interpolado
0.327,-0.005871,original
0.32711002200440087,-0.004468101868177681,interpolado
0.3272098419683937,-0.002786354437675442,interpolado
0.3273096619323865,-0.00082229515722382,interpolado
0.32740948189637925,0.0013208498784662544,interpolado
0.32750930186037197,0.0035398545746842635,interpolado
0.32760912182436486,0.005731492836715939,interpolado
0.3277089417883576,0.007792538569851825,interpolado
0.32780876175235046,0.009619765679377843,interpolado
0.32790858171634324,0.011109948070583416,interpolado
0.328,0.012091,original
0.3281082216443288,0.012700981755528752,interpolado
0.3282080416083216,0.012772530606776787,interpolado
0.3283078615723144,0.012434708227994576,interpolado
0.32840768153630717,0.011747700404952792,interpolado
0.3285075015003,0.010771692923421339,interpolado
0.3286073214642928,0.009566871569171834,interpolado
0.3287071414282856,0.008193422127973523,interpolado
0.32880696139227844,0.006711530385598467,interpolado
0.32890678135627116,0.005181382127816455,interpolado
0.329,0.003762,original
0.32910642128425677,0.0022083823472802385,interpolado
0.32920624124824965,0.0008401016953827158,interpolado
0.32930606121224243,-0.00042445672273943723,interpolado
0.32940588117623515,-0.00156806874358261,interpolado
0.32950570114022804,-0.002573510203642927,interpolado
0.3296055211042208,-0.0034235569394148705,interpolado
0.3297053410682137,-0.004100984787394969,interpolado
0.3298051610322064,-0.004588569584078071,interpolado
0.32990498099619925,-0.004869087165960208,interpolado
0.33,-0.004928,original
0.3301046209241848,-0.004753404457449064,interpolado
0.33020444088817763,-0.00439583797492266,interpolado
0.3303042608521704,-0.003905120746502133,interpolado
0.33040408081616324,-0.0033337583037310707,interpolado
0.330503900780156,-0.002734256178152882,interpolado
0.3306037207441488,-0.002159119901311998,interpolado
0.3307035407081417,-0.0016608550047515825,interpolado
0.33080336067213445,-0.0012919670200159533,interpolado
0.3309031806361272,-0.0011049614786485472,interpolado
0.331,-0.001147,original
0.33110282056411283,-0.0014658505560552133,interpolado
0.33120264052810566,-0.0020013081438039356,interpolado
0.33130246049209844,-0.0026972005691248617,interpolado
0.3314022804560912,-0.0034920122418903203,interpolado
0.33150210042008404,-0.004324227571972854,interpolado
0.3316019203840768,-0.005132330969243599,interpolado
0.33170174034806965,-0.005854806843575463,interpolado
0.3318015603120625,-0.006430139604839702,interpolado
0.33190138027605526,-0.006796813662908831,interpolado
0.332,-0.006894,original
0.3321010202040409,-0.00667909170517174,interpolado
0.3322008401680338,-0.006194503057475884,interpolado
0.3323006601320266,-0.005499411044822828,interpolado
0.33240048009601936,-0.004653679192299516,interpolado
0.3325003000600122,-0.0037171710249925606,interpolado
0.33260012002400496,-0.0027497500679901764,interpolado
0.3326999399879977,-0.0018112798463790119,interpolado
0.3327997599519906,-0.0009616238852457773,interpolado
0.33289957991598335,-0.00026064570967859193,interpolado
0.333,0.000234,original
0.3330992198439689,0.0004721446570612157,interpolado
0.33319903980796167,0.00048334684311858006,interpolado
0.3332988597719545,0.0003052507243918293,interpolado
0.3333986797359472,-2.229068452362323e-05,interpolado
0.33349849969994005,-0.0004594243690328982,interpolado
0.3335983196639327,-0.0009662973145402944,interpolado
0.3336981396279256,-0.0015030565064508318,interpolado
0.3337979595919184,-0.0020298489301695958,interpolado
0.33389777955591116,-0.0025068215711007875,interpolado
0.334,-0.002902,original
0.33409741948389676,-0.0031596382449168635,interpolado
0.33419723944788954,-0.0033045508151958143,interpolado
0.3342970594118824,-0.0033389822803132443,interpolado
0.33439687937587514,-0.0032730559109348375,interpolado
0.334496699339868,-0.003116894977726251,interpolado
0.33459651930386075,-0.0028806227513533773,interpolado
0.3346963392678536,-0.002574362502481872,interpolado
0.33479615923184647,-0.002208237501777234,interpolado
0.33489597919583924,-0.0017923710199055898,interpolado
0.335,-0.001317,original
0.33509561912382485,-0.000850895528945137,interpolado
0.3351954390878176,-0.00033892118365255763,interpolado
0.33529525905181046,0.00019581561993878624,interpolado
0.33539507901580323,0.0007500938791638872,interpolado
0.335494898979796,0.0013206925913589445,interpolado
0.33559471894378884,0.0019043907538589108,interpolado
0.3356945389077816,0.0024979673639996874,interpolado
0.33579435887177445,0.003098201419117195,interpolado
0.33589417883576717,0.0037018719165463525,interpolado
0.336,0.004342,original
0.33609381876375277,0.00490381326620796,interpolado
0.33619363872774555,0.005476453838712767,interpolado
0.33629345869173843,0.006000044425144561,interpolado
0.3363932786557312,0.006450949140146117,interpolado
0.336493098619724,0.006805532098361269,interpolado
0.3365929185837169,0.00704015741443298,interpolado
0.33669273854770965,0.007131189203004835,interpolado
0.3367925585117024,0.007054991578720106,interpolado
0.3368923784756953,0.006787928656222235,interpolado
0.337,0.006259,original
0.3370920184036809,0.005598141956267122,interpolado
0.33719183836767364,0.0047091981531742185,interpolado
0.33729165833166647,0.0037038061952292443,interpolado
0.33739147829565924,0.0026462461321228787,interpolado
0.3374912982596521,0.001600798013543567,interpolado
0.33759111822364474,0.000631741889182034,interpolado
0.33769093818763757,-0.00019664219127277585,interpolado
0.33779075815163034,-0.0008200741781315989,interpolado
0.3378905781156232,-0.0011742740217041785,interpolado
0.338,-0.001177,original
0.3380902180436087,-0.000836293730453251,interpolado
0.33819003800760156,-0.00015099524429028216,interpolado
0.3382898579715943,0.0007754038206837772,interpolado
0.3383896779355871,0.0018573512722063932,interpolado
0.33848949789957994,0.0030092949180165495,interpolado
0.3385893178635727,0.00414568256585339,interpolado
0.33868913782756555,0.005180962023454147,interpolado
0.3387889577915583,0.006029581098558392,interpolado
0.33888877775555115,0.006605987598903686,interpolado
0.339,0.006823,original
0.33908841768353676,0.0066196052171748326,interpolado
0.3391882376475296,0.00603603192348647,interpolado
0.33928805761152236,0.005157972661945669,interpolado
0.33938787757551514,0.004069532788219946,interpolado
0.3394876975395079,0.0028548176579753773,interpolado
0.3395875175035007,0.0015979326268777683,interpolado
0.3396873374674935,0.0003829830505950502,interpolado
0.3397871574314863,-0.0007059257152075312,interpolado
0.33988697739547913,-0.0015846883148622295,interpolado
0.34,-0.00222,original
0.3400866173234648,-0.002391944128433669,interpolado
0.3401864372874575,-0.0022844870563647327,interpolado
0.34028625725145034,-0.0019150165728971712,interpolado
0.3403860772154432,-0.0013517798272254225,interpolado
0.340485897179436,-0.0006630239685433419,interpolado
0.3405857171434288,8.300385395549207e-05,interpolado
0.3406855371074216,0.0008180564910762222,interpolado
0.3407853570714145,0.0014738867936255878,interpolado
0.3408851770354072,0.0019822476124088345,interpolado
0.341,0.002296,original
0.3410848169633928,0.0022958886295126307,interpolado
0.3411846369273856,0.0020670968296905776,interpolado
0.34128445689137843,0.0016406603112356685,interpolado
0.34138427685537115,0.001068791153115435,interpolado
0.3414840968193638,0.00040370143429672403,interpolado
0.34158391678335676,-0.00030239676625382214,interpolado
0.3416837367473495,-0.0009972913695683629,interpolado
0.34178355671134225,-0.0016287702966805721,interpolado
0.3418833766753351,-0.0021446214686226886,interpolado
0.342,-0.002531,original
0.3420830166033207,-0.002628697447860847,interpolado
0.3421828365673134,-0.0025628759071676605,interpolado
0.3422826565313063,-0.0023274310301634915,interpolado
0.34238247649529907,-0.0019546928764251027,interpolado
0.3424822964592918,-0.001476991505528893,interpolado
0.3425821164232846,-0.0009266569770510274,interpolado
0.3426819363872775,-0.00033601935056861766,interpolado
0.34278175635127034,0.00026259131434246764,interpolado
0.34288157631526306,0.0008368449581050645,interpolado
0.343,0.001442,original
0.3430812162432487,0.0017868488888188986,interpolado
0.3431810362072415,0.0021332245268122457,interpolado
0.3432808561712343,0.002404472315097632,interpolado
0.3433806761352271,0.0026115728631184412,interpolado
0.3434804960992199,0.002765506780318522,interpolado
0.3435803160632127,0.0028772546761416046,interpolado
0.34368013602720554,0.0029577971600312494,interpolado
0.34377995599119826,0.0030181148414312065,interpolado
0.3438797759551911,0.0030691883297851823,interpolado
0.344,0.003134,original
0.3440794158831766,0.003185893062247825,interpolado
0.3441792358471695,0.0032579868277054966,interpolado
0.34427905581116214,0.0033298418829344457,interpolado
0.3443788757751551,0.0033929928992938343,interpolado
0.3444786957391478,0.0034389745481427174,interpolado
0.3445785157031407,0.0034593215008402686,interpolado
0.34467833566713346,0.0034455684287455902,interpolado
0.34477815563112624,0.003389250003217833,interpolado
0.34487797559511907,0.003281900895616051,interpolado
0.345,0.003069,original
0.34507761552310473,0.0028814358499687316,interpolado
0.34517743548709745,0.0025831922209373416,interpolado
0.3452772554510902,0.0022269756393118565,interpolado
0.34537707541508306,0.0018194646355014692,interpolado
0.3454768953790759,0.001367337739916073,interpolado
0.3455767153430686,0.0008772734829646065,interpolado
0.34567653530706144,0.0003559503950570536,interpolado
0.3457763552710542,-0.00018995299339741312,interpolado
0.345876175235047,-0.0007537581519896753,interpolado
0.346,-0.001468,original
0.3460758151630326,-0.0019064461761490153,interpolado
0.3461756351270254,-0.002462009173935742,interpolado
0.34627545509101815,-0.0029626542324085346,interpolado
0.34637527505501103,-0.0033754993037105447,interpolado
0.34647509501900375,-0.0036676623399842408,interpolado
0.3465749149829966,-0.0038062612933728607,interpolado
0.34667473494698936,-0.003758414116019182,interpolado
0.3467745549109822,-0.0034912387600662753,interpolado
0.346874374874975,-0.002971853177656725,interpolado
0.347,-0.001909,original
0.3470740148029606,-0.0010531433259513706,interpolado
0.34717383476695335,0.0003218888194942118,interpolado
0.34727365473094607,0.0018699671721109693,interpolado
0.347373474694939,0.0035029894148018493,interpolado
0.3474732946589318,0.005132853230467026,interpolado
0.3475731146229246,0.0066714563020102416,interpolado
0.3476729345869174,0.008030696312331772,interpolado
0.3477727545509101,0.009122470944334543,interpolado
0.347872574514903,0.009858677880920883,interpolado
0.348,0.010142,original
0.34807221444288855,0.009924095721087656,interpolado
0.3481720344068813,0.009216680905440392,interpolado
0.34827185437087416,0.008132191574448774,interpolado
0.34837167433486693,0.006774525785181028,interpolado
0.3484714942988597,0.005247581594707755,interpolado
0.34857131426285254,0.0036552570600964177,interpolado
0.3486711342268453,0.0021014502384178752,interpolado
0.34877095419083814,0.0006900591867402932,interpolado
0.34887077415483103,-0.0004750180378678486,interpolado
0.349,-0.001448,original
0.3490704140828166,-0.0016617910694187597,interpolado
0.34917023404680936,-0.0016109747849664847,interpolado
0.3492700540108021,-0.001223353243805617,interpolado
0.34936987397479496,-0.0005856574118045766,interpolado
0.34946969393878774,0.00021538174516706594,interpolado
0.34956951390278057,0.0010930332612407762,interpolado
0.34966933386677346,0.0019605661705481884,interpolado
0.3497691538307661,0.002731249507219474,interpolado
0.34986897379475895,0.003318352305386559,interpolado
0.35,0.003665,original
0.3500686137227445,0.0036031586928465275,interpolado
0.3501684336867373,0.0032331500843123554,interpolado
0.35026825365073017,0.0025903235730575427,interpolado
0.35036807361472294,0.001740662638735461,interpolado
0.3504678935787158,0.0007501507610010975,interpolado
0.3505677135427085,-0.0003152285804919622,interpolado
0.35066753350670127,-0.001389491906090292,interpolado
0.3507673534706941,-0.0024066557361386628,interpolado
0.3508671734346869,-0.003300736590984112,interpolado
0.351,-0.004186,original
0.3510668133626724,-0.004460976336403997,interpolado
0.35116663332666526,-0.004666258503059302,interpolado
0.35126645329065803,-0.00466024180954524,interpolado
0.3513662732546509,-0.004482204839582938,interpolado
0.3514660932186437,-0.004171426176893696,interpolado
0.35156591318263647,-0.0037671844051985395,interpolado
0.35166573314662936,-0.0033087581082182974,interpolado
0.3517655531106221,-0.0028354258696745766,interpolado
0.35186537307461496,-0.0023864662732879854,interpolado
0.352,-0.001889,original
0.35206501300260046,-0.001716232665898708,interpolado
0.3521648329665933,-0.001537103713173539,interpolado
0.35226465293058606,-0.0014481339027333318,interpolado
0.35236447289457884,-0.0014332952775907093,interpolado
0.3524642928585717,-0.0014765598807584218,interpolado
0.3525641128225644,-0.0015618997552491823,interpolado
0.35266393278655733,-0.001673286944075798,interpolado
0.35276375275055005,-0.0017946934902508783,interpolado
0.35286357271454294,-0.00191009143678728,interpolado
0.353,-0.002029,original
0.3530632126425285,-0.002059699208539554,interpolado
0.3531630326065213,-0.0020762436585622748,interpolado
0.3532628525705141,-0.0020593069000038053,interpolado
0.353362672534507,-0.0020152940682502444,interpolado
0.35346249249849976,-0.0019506102986877516,interpolado
0.3535623124624926,-0.0018716607267024198,interpolado
0.3536621324264853,-0.0017848504876803077,interpolado
0.3537619523904782,-0.0016965847170076248,interpolado
0.353861772354471,-0.0016132685500703891,interpolado
0.354,-0.001518,original
0.3540614122824566,-0.001486647032603636,interpolado
0.35416123224644935,-0.0014487712102603464,interpolado
0.35426105221044213,-0.0014223825608801518,interpolado
0.3543608721744349,-0.001402071823836582,interpolado
0.3544606921384277,-0.001382429738503222,interpolado
0.35456051210242046,-0.001358047044253625,interpolado
0.35466033206641323,-0.001323514480461333,interpolado
0.354760152030406,-0.0012734227864999474,interpolado
0.35485997199439884,-0.0012023627017429715,interpolado
0.355,-0.001057,original
0.3550596119223844,-0.0009758371299065048,interpolado
0.3551594318863772,-0.0008118967884027018,interpolado
0.35525925185037,-0.0006115068613649328,interpolado
0.35535907181436277,-0.0003731122513233332,interpolado
0.35545889177835566,-9.51578608079555e-05,interpolado
0.3555587117423485,0.00022391140765067453,interpolado
0.35565853170634126,0.0005856506515226956,interpolado
0.35575835167033415,0.0009916149682774897,interpolado
0.35585817163432687,0.0014433594553850274,interpolado
0.356,0.002167,original
0.3560578115623125,0.0024895415240269556,interpolado
0.3561576315263053,0.003071233204685084,interpolado
0.3562574514902981,0.0036625993766321576,interpolado
0.3563572714542908,0.004238392207893664,interpolado
0.35645709141828363,0.004773363866495055,interpolado
0.3565569113822764,0.005242266520460898,interpolado
0.3566567313462693,0.0056198523378168585,interpolado
0.356756551310262,0.005880873486587669,interpolado
0.3568563712742547,0.0060000821347987445,interpolado
0.357,0.005872,original
0.35705601120224034,0.005713699068288116,interpolado
0.35715583116623323,0.005289423252836108,interpolado
0.35725565113022595,0.0047086801356250405,interpolado
0.3573554710942188,0.004001526026943301,interpolado
0.35745529105821156,0.0031980172370789962,interpolado
0.3575551110222043,0.0023282100763216064,interpolado
0.3576549309861972,0.0014221608549587804,interpolado
0.35775475095019,0.0005099258832801088,interpolado
0.3578545709141827,-0.00037843852842632845,interpolado
0.358,-0.001568,original
0.35805421084216843,-0.0019640573741920853,interpolado
0.3581540308061612,-0.0026164202652051924,interpolado
0.358253850770154,-0.003166705396633929,interpolado
0.35835367073414676,-0.003612086331865096,interpolado
0.3584534906981396,-0.003949736634285262,interpolado
0.3585533106621324,-0.004176829867280459,interpolado
0.35865313062612525,-0.004290539594237351,interpolado
0.358752950590118,-0.004288039378542214,interpolado
0.3588527705541108,-0.004166502783581557,interpolado
0.359,-0.003764,original
0.3590524104820964,-0.0035558604515109463,interpolado
0.3591522304460892,-0.003080135047160252,interpolado
0.35925205041008196,-0.0025275327022453707,interpolado
0.35935187037407484,-0.001930284966213654,interpolado
0.35945169033806756,-0.0013206233885123529,interpolado
0.35955151030206045,-0.000730779518589751,interpolado
0.3596513302660533,-0.0001929849058928199,interpolado
0.35975115023004595,0.00026052890013024,interpolado
0.3598509701940388,0.0005975303500321546,interpolado
0.36,0.000814,original
0.3600506101220244,0.0007944091589292353,interpolado
0.3601504300860172,0.0006223115867509409,interpolado
0.36025025005001,0.0002976819462280096,interpolado
0.3603500700140028,-0.00015006192871242055,interpolado
0.36044988997799565,-0.0006915022041434826,interpolado
0.36054970994198837,-0.0012972210461373753,interpolado
0.3606495299059812,-0.001937800620767189,interpolado
0.36074934986997403,-0.00258382309410609,interpolado
0.36084916983396675,-0.0032058706322261625,interpolado
0.3609489897979596,-0.0037745254012008724,interpolado
0.361,-0.004035,original
0.36114862972594514,-0.0046494160593706065,interpolado
0.36124844968993797,-0.0049380299376145425,interpolado
0.36134826965393074,-0.005125386057323197,interpolado
0.36144808961792363,-0.005210112773630251,interpolado
0.3615479095819164,-0.00519083844166908,interpolado
0.3616477295459091,-0.005066191416573236,interpolado
0.361747549509902,-0.0048348000534760354,interpolado
0.36184736947389473,-0.004495292707511203,interpolado
0.3619471894378875,-0.004046297733811838,interpolado
0.362,-0.003764,original
0.3621468293658732,-0.002830463568068505,interpolado
0.362246649329866,-0.0021050134474443097,interpolado
0.3623464692938588,-0.0013396121419928398,interpolado
0.36244628925785155,-0.000563250122145996,interpolado
0.3625461092218443,0.00019508214166263235,interpolado
0.3626459291858371,0.0009063941790007592,interpolado
0.3627457491498298,0.0015416955194359969,interpolado
0.36284556911382276,0.002071995692534914,interpolado
0.3629453890778155,0.002468304227865346,interpolado
0.363,0.002618,original
0.3631450290058011,0.002770846849661426,interpolado
0.36324484896979403,0.002697450337445398,interpolado
0.3633446689337867,0.002507802157872857,interpolado
0.3634444888977797,0.002227419376637831,interpolado
0.36354430886177236,0.0018818190594348458,interpolado
0.36364412882576513,0.001496518271957977,interpolado
0.363743948789758,0.0010970340799012067,interpolado
0.36384376875375074,0.0007088835489591969,interpolado
0.36394358871774357,0.0003575837448257525,interpolado
0.364,0.000185,original
0.3641432286457291,-0.00014249288447348363,interpolado
0.364243048609722,-0.0002693809843999323,interpolado
0.36434286857371484,-0.00030728472934252356,interpolado
0.36444268853770756,-0.00025119518748882065,interpolado
0.3645425085017003,-9.610342702641076e-05,interpolado
0.36464232846569306,0.00016299948385718342,interpolado
0.3647421484296859,0.0005311224769746705,interpolado
0.36484196839367866,0.0010132744841381172,interpolado
0.3649417883576715,0.0016144644371605369,interpolado
0.365,0.002022,original
0.3651414282856571,0.003170068592428026,interpolado
0.36524124824964993,0.0040635991733796025,interpolado
0.3653410682136427,0.004974220491096725,interpolado
0.36544088817763554,0.005856469267413654,interpolado
0.3655407081416282,0.0066648822241627,interpolado
0.36564052810562103,0.007353996083177673,interpolado
0.3657403480696139,0.007878347566292118,interpolado
0.36584016803360664,0.008192473395338741,interpolado
0.3659399879975995,0.008250910292151144,interpolado
0.366,0.008144,original
0.366139627925585,0.0074712418690041004,interpolado
0.36623944788957785,0.006701611864258727,interpolado
0.3663392678535706,0.005769879546299218,interpolado
0.3664390878175635,0.004745405718923005,interpolado
0.36653890778155623,0.003697551185927314,interpolado
0.36663872774554906,0.002695676751111151,interpolado
0.3667385477095419,0.0018091432182712871,interpolado
0.3668383676735346,0.0011073113912065432,interpolado
0.36693818763752745,0.0006595420737141938,interpolado
0.367,0.00054,original
0.367137827565513,0.0007455782813174404,interpolado
0.3672376475295059,0.0012366137210154812,interpolado
0.3673374674934987,0.0019441208412613088,interpolado
0.3674372874574914,0.0028051355400755085,interpolado
0.36753710742148415,0.003756693715479008,interpolado
0.367636927385477,0.004735831265491108,interpolado
0.3677367473494698,0.005679584088133204,interpolado
0.36783656731346265,0.006524988081424606,interpolado
0.36793638727745537,0.00720907914338624,interpolado
0.368,0.007532,original
0.3681360272054411,0.007881573179051044,interpolado
0.3682358471694339,0.00787287694119816,interpolado
0.3683356671334267,0.007675689502723167,interpolado
0.3684354870974194,0.007322139544661301,interpolado
0.3685353070614123,0.006844355748047458,interpolado
0.3686351270254051,0.006274466793917367,interpolado
0.3687349469893979,0.005644601363305619,interpolado
0.3688347669533906,0.004986888137248113,interpolado
0.3689345869173835,0.004333455796779704,interpolado
0.369,0.003923,original
0.369134226845369,0.0031588334413746445,interpolado
0.3692340468093619,0.00267180840577759,interpolado
0.36933386677335467,0.002264840215064242,interpolado
0.36943368673734744,0.001947564692441831,interpolado
0.3695335067013403,0.0017296176611177826,interpolado
0.36963332666533305,0.0016206349442998624,interpolado
0.36973314662932577,0.0016302523651954804,interpolado
0.36983296659331855,0.0017681057470121482,interpolado
0.3699327865573113,0.0020438309129573564,interpolado
0.37,0.002312,original
0.37013242648529704,0.003024903536706802,interpolado
0.3702322464492898,0.0036730309690486654,interpolado
0.3703320664132827,0.004362834193923337,interpolado
0.3704318863772754,0.005046037834772706,interpolado
0.37053170634126825,0.00567436651503865,interpolado
0.370631526305261,0.0061995448581619985,interpolado
0.37073134626925386,0.0065732974875848315,interpolado
0.37083116623324675,0.006747349026748265,interpolado
0.3709309861972394,0.0066734240990941,interpolado
0.371,0.006452,original
0.371130626125225,0.005629855670448318,interpolado
0.37123044608921785,0.004707865248349584,interpolado
0.37133026605321073,0.0036001522270384598,interpolado
0.3714300860172035,0.0023690508927558737,interpolado
0.37152990598119623,0.0010768955317424925,interpolado
0.37162972594518895,-0.00021397956975883909,interpolado
0.3717295459091819,-0.0014412401255080903,interpolado
0.37182936587317456,-0.0025425518492624855,interpolado
0.37192918583716733,-0.0034555804547813478,interpolado
0.372,-0.003955,original
0.372128825765153,-0.004505613018298878,interpolado
0.37222864572914566,-0.004654983486578303,interpolado
0.3723284656931386,-0.004610722785782346,interpolado
0.3724282856571313,-0.004417015053089411,interpolado
0.3725281056211242,-0.004118044425677685,interpolado
0.3726279255851169,-0.0037579950407258624,interpolado
0.37272774554910976,-0.0033810510354121445,interpolado
0.3728275655131026,-0.003031396546914697,interpolado
0.37292738547709536,-0.002753215712412272,interpolado
0.373,-0.002621,original
0.37312702540508097,-0.002561986930142545,interpolado
0.3732268453690738,-0.0026411379920406814,interpolado
0.3733266653330666,-0.0027963010265673136,interpolado
0.37342648529705935,-0.0029958868756538486,interpolado
0.3735263052610522,-0.0032083063812320626,interpolado
0.3736261252250449,-0.0034019703852332986,interpolado
0.37372594518903773,-0.0035452897295892684,interpolado
0.37382576515303056,-0.0036066752562315695,interpolado
0.37392558511702334,-0.0035545378070917133,interpolado
0.374,-0.003423,original
0.374125225045009,-0.0030057962067154237,interpolado
0.37422504500900183,-0.002531449383600319,interpolado
0.37432486497299466,-0.0019710984692070757,interpolado
0.3744246849369874,-0.0013614066457987516,interpolado
0.37452450490098016,-0.0007390370956371257,interpolado
0.374624324864973,-0.0001406530009853233,interpolado
0.37472414482896577,0.00039708245589458705,interpolado
0.37482396479295865,0.0008375060927404012,interpolado
0.3749237847569513,0.0011439547272891967,interpolado
0.375,0.001265,original
0.37512342468493703,0.0012378196112802797,interpolado
0.37522324464892975,0.0010676529351086263,interpolado
0.3753230646129227,0.0008265835239195639,interpolado
0.3754228845769153,0.0005717230818024321,interpolado
0.3755227045409082,0.00036018331284606083,interpolado
0.37562252450490097,0.00024907592113975765,interpolado
0.3757223444688937,0.0002955126107724313,interpolado
0.3758221644328865,0.0005566050858333441,interpolado
0.37592198439687924,0.0010894650504112775,interpolado
0.376,0.001732,original
0.37612162432486496,0.0031495205488794877,interpolado
0.37622144428885773,0.004591517482684763,interpolado
0.3763212642528505,0.006170117954358879,interpolado
0.3764210842168433,0.007778529627126723,interpolado
0.3765209041808361,0.009309960164216622,interpolado
0.37662072414482894,0.01065761722885351,interpolado
0.3767205441088217,0.011714708484264945,interpolado
0.37682036407281444,0.012374441593677834,interpolado
0.3769201840368073,0.012530024220318091,interpolado
0.377,0.01222,original
0.37711982396479293,0.010972925627664314,interpolado
0.37721964392878565,0.00934344983258156,interpolado
0.37731946389277854,0.0073272954066566694,interpolado
0.37741928385677137,0.005065189100835562,interpolado
0.37751910382076415,0.0026978576660595215,interpolado
0.3776189237847569,0.0003660278532748619,interpolado
0.3777187437487496,-0.0017895735865760902,interpolado
0.3778185637127426,-0.003628219902550623,interpolado
0.3779183836767353,-0.0050091843437030095,interpolado
0.378,-0.0057,original
0.37811802360472085,-0.005905665592561078,interpolado
0.37821784356871374,-0.0054420697013665914,interpolado
0.3783176635327065,-0.0045164118015810495,interpolado
0.37841748349669935,-0.0032438925142844258,interpolado
0.37851730346069207,-0.0017397124605552183,interpolado
0.378617123424685,-0.00011907226147140829,interpolado
0.37871694338867773,0.00150282746188626,interpolado
0.37881676335267056,0.0030107860884405536,interpolado
0.3789165833166634,0.004289602997110854,interpolado
0.379,0.005099,original
0.379116223244649,0.005746039901505204,interpolado
0.3792160432086418,0.0059012789929800274,interpolado
0.37931586317263466,0.005753501183080748,interpolado
0.3794156831366274,0.0053662805943504545,interpolado
0.3795155031006201,0.004803191349332043,interpolado
0.37961532306461293,0.004127807570568019,interpolado
0.3797151430286058,0.003403703380602059,interpolado
0.3798149629925985,0.0026944529019763347,interpolado
0.3799147829565913,0.002063630257234562,interpolado
0.38,0.001635,original
0.380114422884577,0.0012669551468063032,interpolado
0.38021424284856964,0.001115927368796316,interpolado
0.3803140628125625,0.0010872160178471986,interpolado
0.3804138827765553,0.0011463620320012644,interpolado
0.380513702740548,0.0012589063493007632,interpolado
0.38061352270454085,0.0013903899077880653,interpolado
0.38071334266853374,0.0015063536455053052,interpolado
0.3808131626325265,0.0015723385004948695,interpolado
0.3809129825965193,0.001553885410798964,interpolado
0.381,0.001442,original
0.3811126225245049,0.0011426701625989776,interpolado
0.3812124424884977,0.0007603438014636945,interpolado
0.3813122624524905,0.00030547706179183626,interpolado
0.3814120824164833,-0.0001860339647240867,interpolado
0.381511902380476,-0.0006782931863923221,interpolado
0.38161172234446883,-0.0011354045115211184,interpolado
0.3817115423084616,-0.0015214718484179634,interpolado
0.38181136227245444,-0.0018005991053912543,interpolado
0.38191118223644727,-0.0019368901907486757,interpolado
0.382,-0.001909,original
0.3821108221644329,-0.0016540746819680861,interpolado
0.3822106421284256,-0.0012444284892046639,interpolado
0.3823104620924186,-0.0007028313857577435,interpolado
0.38241028205641137,-6.658798669998703e-05,interpolado
0.38251010202040414,0.00062699709289683,interpolado
0.38260992198439703,0.0013406192379610573,interpolado
0.3827097419483898,0.002036973833419842,interpolado
0.3828095619123827,0.0026787562642018674,interpolado
0.38290938187637547,0.0032286619152343604,interpolado
0.383,0.003617,original
0.3831090218043611,0.003916143952166538,interpolado
0.38320884176835396,0.00404207558414118,interpolado
0.3833086617323467,0.004047540916023746,interpolado
0.3834084816963395,0.003952892268597174,interpolado
0.3835083016603323,0.003778481962644593,interpolado
0.38360812162432495,0.0035446623189488457,interpolado
0.38370794158831784,0.00327178565829322,interpolado
0.3838077615523106,0.0029802043014606097,interpolado
0.38390758151630344,0.0026902705692338734,interpolado
0.384,0.002441,original
0.38410722144428894,0.002192119131004809,interpolado
0.38420704140828177,0.002000498633821776,interpolado
0.38430686137227443,0.0018453813666611707,interpolado
0.38440668133626726,0.0017246749303251633,interpolado
0.38450650130026004,0.0016362869256161137,interpolado
0.3846063212642528,0.0015781249533361498,interpolado
0.3847061412282456,0.0015480966142875625,interpolado
0.3848059611922384,0.0015441095092725392,interpolado
0.3849057811562312,0.0015640712390933243,interpolado
0.385,0.001603,original
0.38510542108421686,0.0016660594403944298,interpolado
0.38520524104820963,0.0017363047669019939,interpolado
0.3853050610122025,0.0018073398269077294,interpolado
0.38540488097619535,0.001869879275045557,interpolado
0.38550470094018807,0.0019146377659492928,interpolado
0.3856045209041809,0.001932329954252866,interpolado
0.38570434086817373,0.0019136704945901437,interpolado
0.38580416083216656,0.0018493740415950343,interpolado
0.3859039807961594,0.001730155249901343,interpolado
0.386,0.001555,original
0.38610362072414495,0.0012951234511363013,interpolado
0.3862034406881377,0.0009903284211327747,interpolado
0.38630326065213044,0.0006515622228122191,interpolado
0.3864030806161233,0.0002980431326088177,interpolado
0.3865029005801161,-5.1010573042648016e-05,interpolado
0.3866027205441089,-0.0003763806177081618,interpolado
0.38670254050810166,-0.0006588487249529745,interpolado
0.3868023604720944,-0.0008791966183428943,interpolado
0.38690218043608726,-0.0010182060214435924,interpolado
0.387,-0.001057,original
0.3871018203640727,-0.0009840521108319226,interpolado
0.38720164032806553,-0.0008227127021839921,interpolado
0.3873014602920583,-0.0006026953089404791,interpolado
0.3874012802560511,-0.00035405474207178284,interpolado
0.38750110022004397,-0.00010684581254873313,interpolado
0.3876009201840367,0.00010887666865836803,interpolado
0.3877007401480295,0.00026305789057872765,interpolado
0.3878005601120224,0.0003256430422419374,interpolado
0.3879003800760151,0.00026657731267738533,interpolado
0.388,5.64e-05,original
0.38810002000400073,-0.0003263069542191438,interpolado
0.3881998399679936,-0.0008579704426439677,interpolado
0.3882996599319863,-0.0015070992436577344,interpolado
0.3883994798959792,-0.002241608026641903,interpolado
0.388499299859972,-0.0030294114609766766,interpolado
0.3885991198239649,-0.0038384242160439267,interpolado
0.3886989397879576,-0.004636560961223774,interpolado
0.38879875975195044,-0.005391736365897697,interpolado
0.38889857971594327,-0.006071865099447082,interpolado
0.389,-0.006653,original
0.38909821964392877,-0.00708514437114724,interpolado
0.3891980396079216,-0.007394424967057815,interpolado
0.38929785957191443,-0.007581575581505635,interpolado
0.3893976795359072,-0.00765546820514161,interpolado
0.38949749949990004,-0.0076249748286163575,interpolado
0.38959731946389276,-0.007498967442580635,interpolado
0.38969713942788564,-0.0072863180376849974,interpolado
0.3897969593918785,-0.0069958986045803775,interpolado
0.38989677935587125,-0.006636581133917151,interpolado
0.39,-0.006202,original
0.3900964192838568,-0.005745242677403348,interpolado
0.39019623924784963,-0.005221336500968462,interpolado
0.39029605921184235,-0.004644422421419654,interpolado
0.39039587917583524,-0.004013403707438445,interpolado
0.39049569913982796,-0.003327183627707695,interpolado
0.3905955191038208,-0.002584665450909229,interpolado
0.3906953390678137,-0.001784752445724748,interpolado
0.39079515903180634,-0.0009263478808372993,interpolado
0.3908949789957993,-8.355024928089145e-06,interpolado
0.391,0.001023,original
0.3910946189237848,0.0020048365160718635,interpolado
0.3911944388877776,0.0030625219895042306,interpolado
0.3912942588517703,0.004102588752133739,interpolado
0.3913940788157632,0.005084245294929215,interpolado
0.391493898779756,0.005966700108857267,interpolado
0.39159371874374876,0.006709161684886181,interpolado
0.39169353870774154,0.00727083851398393,interpolado
0.3917933586717343,0.00761093908711759,interpolado
0.39189317863572726,0.007688671895255215,interpolado
0.392,0.007435,original
0.39209281856371275,0.006907891315997572,interpolado
0.3921926385277056,0.0060651118345961185,interpolado
0.3922924584916983,0.004998760625257162,interpolado
0.39239227845569113,0.003772697346673583,interpolado
0.39249209841968385,0.00245078165754076,interpolado
0.3925919183836767,0.0010968732165520328,interpolado
0.39269173834766946,-0.00022516831759932193,interpolado
0.3927915583116623,-0.0014514832862178246,interpolado
0.39289137827565507,-0.0025182120306107714,interpolado
0.393,-0.003423,original
0.39309101820364073,-0.003930333896235689,interpolado
0.3931908381676335,-0.004240836302614932,interpolado
0.3932906581316262,-0.004330923499938287,interpolado
0.3933904780956191,-0.004238528508047799,interpolado
0.39349029805961194,-0.0040015843467854795,interpolado
0.3935901180236047,-0.00365802403599322,interpolado
0.3936899379875976,-0.003245780595512673,interpolado
0.3937897579515903,-0.0028027870451862065,interpolado
0.3938895779155832,-0.002366976404855272,interpolado
0.394,-0.001939,original
0.3940892178435688,-0.0016628856185003787,interpolado
0.3941890378075616,-0.0014272727515383607,interpolado
0.39428885777155437,-0.0012590643138440413,interpolado
0.3943886777355472,-0.0011478718760656813,interpolado
0.3944884976995401,-0.0010833070088518602,interpolado
0.39458831766353275,-0.0010549812828509605,interpolado
0.3946881376275256,-0.001052506268711446,interpolado
0.39478795759151836,-0.0010654935370817754,interpolado
0.3948877775555112,-0.0010835546586104013,interpolado
0.395,-0.001097,original
0.3950874174834968,-0.0010940284779561685,interpolado
0.3951872374474895,-0.001071015321248677,interpolado
0.39528705741148235,-0.0010229793077470952,interpolado
0.3953868773754751,-0.0009456399639967041,interpolado
0.39548669733946795,-0.0008347168165427215,interpolado
0.3955865173034608,-0.0006859293919305567,interpolado
0.39568633726745367,-0.0004949972167053284,interpolado
0.3957861572314464,-0.0002576398174125357,interpolado
0.39588597719543916,3.0423279402627028e-05,interpolado
0.396,0.000427,original
0.3960856171234247,0.0007734568136954713,interpolado
0.39618543708741755,0.0012179611950802476,interpolado
0.39628525705141027,0.0016891058669588862,interpolado
0.39638507701540304,0.0021690003609063963,interpolado
0.3964848969793959,0.0026397542084978087,interpolado
0.3965847169433887,0.0030834769413073657,interpolado
0.39668453690738154,0.0034822780909103137,interpolado
0.39678435687137426,0.0038182671888809744,interpolado
0.3968841768353671,0.00407355376679436,interpolado
0.397,0.004245,original
0.3970838167633527,0.00427333703767949,interpolado
0.3971836367273454,0.004206577500685729,interpolado
0.39728345669133824,0.0040412415935278286,interpolado
0.397383276655331,0.0037886222070108518,interpolado
0.3974830966193239,0.0034600122319396703,interpolado
0.39758291658331674,0.0030667045591197288,interpolado
0.39768273654730946,0.0026199920793556764,interpolado
0.3977825565113023,0.0021311676834530895,interpolado
0.3978823764752951,0.001611524262216806,interpolado
0.398,0.000975,original
0.3980820164032808,0.0005250220573952006,interpolado
0.3981818363672735,-1.8626757871961928e-05,interpolado
0.39828165633126633,-0.000546540758496881,interpolado
0.3983814762952591,-0.0010466682460830283,interpolado
0.39848129625925194,-0.0015069575222338152,interpolado
0.39858111622324466,-0.0019153568885518927,interpolado
0.3986809361872376,-0.002259814646640868,interpolado
0.3987807561512303,-0.0025282790981035206,interpolado
0.39888057611522315,-0.0027086985445432294,interpolado
0.399,-0.002792,original
0.39908021604320876,-0.0027589396648829384,interpolado
0.3991800360072015,-0.0026208872805551244,interpolado
0.3992798559711943,-0.0023829509124789674,interpolado
0.39937967593518703,-0.002053242795164335,interpolado
0.3994794958991799,-0.0016398751631208936,interpolado
0.3995793158631727,-0.0011509602508590218,interpolado
0.39967913582716547,-0.0005946102928881047,interpolado
0.39977895579115824,2.1062476281320233e-05,interpolado
0.39987877575515096,0.0006879458221396275,interpolado
0.4,0.001555,original
0.4000784156831367,0.0021411943381264248,interpolado
0.4001782356471294,0.0028947627012384587,interpolado
0.4002780556111222,0.0036295030838105562,interpolado
0.40037787557511495,0.004316251377062555,interpolado
0.40047769553910784,0.004925843472214186,interpolado
0.40057751550310067,0.005429115260484178,interpolado
0.40067733546709344,0.005796902633092311,interpolado
0.4007771554310863,0.0060000414812580675,interpolado
0.40087697539507905,0.006009367696200627,interpolado
0.401,0.005711,original
0.40107661532306454,0.005336149322821986,interpolado
0.4011764352870573,0.004658835182645068,interpolado
0.40127625525105026,0.0038170212652145295,interpolado
0.40137607521504304,0.0028641269949196933,interpolado
0.40147589517903587,0.0018535717961479371,interpolado
0.4015757151430287,0.0008387750932887751,interpolado
0.40167553510702136,-0.000126843689269977,interpolado
0.40177535507101425,-0.0009898651271403923,interpolado
0.4018751750350071,-0.0016968697959331188,interpolado
0.402,-0.00228,original
0.4020748149629926,-0.0024357275307877813,interpolado
0.4021746349269854,-0.0024312293785775114,interpolado
0.4022744548909782,-0.002220997599901882,interpolado
0.402374274854971,-0.0018453315094822253,interpolado
0.4024740948189638,-0.0013445304220392545,interpolado
0.4025739147829567,-0.0007588936522946253,interpolado
0.40267373474694934,-0.0001287205149691718,interpolado
0.4027735547109422,0.00050568967521637,interpolado
0.40287337467493495,0.0011040376035401965,interpolado
0.403,0.001748,original
0.4030730146029205,0.002035043909946556,interpolado
0.4031728345669134,0.002328717101190195,interpolado
0.40327265453090616,0.002523202196068656,interpolado
0.403372474494899,0.002634840667784061,interpolado
0.40347229445889177,0.0026799739895388835,interpolado
0.4035721144228846,0.002674943634535411,interpolado
0.40367193438687743,0.0026360910759760147,interpolado
0.4037717543508702,0.0025797577870629897,interpolado
0.4038715743148631,0.002522285240998739,interpolado
0.404,0.002473,original
0.40407121424284864,0.0024678996968782543,interpolado
0.4041710342068414,0.0024872106853112224,interpolado
0.40427085417083425,0.002531435209723349,interpolado
0.4043706741348269,0.0025939706067791505,interpolado
0.4044704940988199,0.0026682142131432573,interpolado
0.40457031406281274,0.0027475633654801502,interpolado
0.4046701340268054,0.002825415400454436,interpolado
0.4047699539907982,0.0028951676547307186,interpolado
0.404869773954791,0.0029502174649734857,interpolado
0.405,0.002989,original
0.4050694138827766,0.0029906414952044174,interpolado
0.4051692338467694,0.002973333430086042,interpolado
0.4052690538107622,0.0029403952443101842,interpolado
0.40536887377475495,0.00290025501376385,interpolado
0.4054686937387478,0.002861340814333974,interpolado
0.4055685137027405,0.00283208072190757,interpolado
0.4056683336667333,0.002820902812371582,interpolado
0.40576815363072616,0.002836235161612996,interpolado
0.4058679735947188,0.002886505845518764,interpolado
0.406,0.003021,original
0.40606761352270454,0.003124062688802778,interpolado
0.40616743348669726,0.0033082708874448453,interpolado
0.40626725345069015,0.0035121708693435,interpolado
0.40636707341468287,0.0037150025758300193,interpolado
0.4064668933786757,0.003896005948236027,interpolado
0.4065667133426686,0.004034420927893098,interpolado
0.4066665333066613,0.004109487456132583,interpolado
0.4067663532706541,0.004100445474286054,interpolado
0.4068661732346469,0.003986534923685027,interpolado
0.407,0.003633,original
0.4070658131626326,0.0033634665390423575,interpolado
0.40716563312662524,0.002846227193722592,interpolado
0.4072654530906181,0.0022244017238409117,interpolado
0.40736527305461084,0.0015274450668099234,interpolado
0.4074650930186036,0.0007848121600412113,interpolado
0.40756491298259645,2.595794094625865e-05,interpolado
0.40766473294658917,-0.0007196626530621766,interpolado
0.4077645529105821,-0.0014225946845729833,interpolado
0.4078643728745747,-0.0020533832161734634,interpolado
0.408,-0.002742,original
0.40806401280256027,-0.002983031414944911,interpolado
0.4081638327665532,-0.003257256295868147,interpolado
0.408263652730546,-0.0034282008352501,interpolado
0.4083634726945388,-0.003519224224006002,interpolado
0.4084632926585316,-0.0035536856530513816,interpolado
0.4085631126225244,-0.00355494431330164,interpolado
0.40866293258651726,-0.003546359395672195,interpolado
0.4087627525505101,-0.0035512900910784715,interpolado
0.4088625725145028,-0.0035930955904358835,interpolado
0.409,-0.003754,original
0.40906221244248847,-0.003879131924539678,interpolado
0.40916203240648125,-0.004144451696490902,interpolado
0.4092618523704741,-0.004474272254200406,interpolado
0.40936167233446685,-0.004851410097045593,interpolado
0.4094614922984596,-0.005258681724404409,interpolado
0.40956131226245235,-0.005678903635654866,interpolado
0.4096611322264452,-0.006094892330174269,interpolado
0.40976095219043807,-0.006489464307340838,interpolado
0.4098607721544308,-0.006845436066531902,interpolado
0.41,-0.007245,original
0.4100604120824164,-0.00737322060683934,interpolado
0.41016023204640917,-0.007516924624215683,interpolado
0.41026005201040205,-0.00756961667712351,interpolado
0.4103598719743947,-0.007524281561746812,interpolado
0.41045969193838755,-0.007373904074269699,interpolado
0.41055951190238044,-0.007111469010876046,interpolado
0.4106593318663732,-0.006729961167750197,interpolado
0.4107591518303661,-0.006222365341075775,interpolado
0.4108589717943588,-0.005581666327037391,interpolado
0.411,-0.004436,original
0.4110586117223445,-0.0038747926597745416,interpolado
0.4111584316863372,-0.0028282196825791892,interpolado
0.41125825165033014,-0.0017096126945493092,interpolado
0.41135807161432286,-0.0005681128882152153,interpolado
0.4114578915783157,0.0005471385438946523,interpolado
0.41155771154230847,0.0015870004092517868,interpolado
0.41165753150630124,0.002502331515325966,interpolado
0.4117573514702941,0.0032439906695887377,interpolado
0.41185717143428685,0.003762836679511274,interpolado
0.412,0.00402,original
0.41205681136227257,0.003938892906787953,interpolado
0.4121566313262652,0.0035616758856158973,interpolado
0.41225645129025806,0.0029371029945082726,interpolado
0.41235627125425084,0.002125661393701843,interpolado
0.41245609121824367,0.001187838243434788,interpolado
0.41255591118223645,0.00018412070394339172,interpolado
0.4126557311462292,-0.0008250040645339519,interpolado
0.4127555511102219,-0.0017790489017605335,interpolado
0.4128553710742148,-0.0026175266474995273,interpolado
0.413,-0.003504,original
0.41305501100220043,-0.003708616283003205,interpolado
0.4131548309661932,-0.003896758814648487,interpolado
0.413254650930186,-0.0038821866003800557,interpolado
0.41335447089417876,-0.003704213115974907,interpolado
0.4134542908581716,-0.0034021518372103904,interpolado
0.4135541108221644,-0.0030153162398633476,interpolado
0.4136539307861573,-0.0025830197997113603,interpolado
0.4137537507501499,-0.002144575992531363,interpolado
0.4138535707141428,-0.001739298294100283,interpolado
0.414,-0.001287,original
0.4140532106421284,-0.0011838945275186262,interpolado
0.4141530306061212,-0.0010775231831409002,interpolado
0.4142528505701139,-0.0010643751710796695,interpolado
0.4143526705341068,-0.0011203637800650014,interpolado
0.41445249049809957,-0.0012214022988268447,interpolado
0.41455231046209245,-0.001343404016095305,interpolado
0.4146521304260852,-0.0014622822206002573,interpolado
0.4147519503900779,-0.0015539502010717878,interpolado
0.41485177035407084,-0.0015943212462399233,interpolado
0.415,-0.001508,original
0.41505141028205633,-0.001425860167479038,interpolado
0.41515123024604916,-0.0011931179642389416,interpolado
0.41525105021004205,-0.0008815651331631494,interpolado
0.41535087017403477,-0.0005125484856286329,interpolado
0.4154506901380276,-0.00010741483301300186,interpolado
0.4155505101020204,0.00031248901330697916,interpolado
0.4156503300660131,0.0007258162419536446,interpolado
0.4157501500300059,0.0011112200415500358,interpolado
0.4158499699939987,0.001447353600719132,interpolado
0.41594978995799153,0.0017128701080833615,interpolado
0.416,0.001813,original
0.41614942988597714,0.001969381472882462,interpolado
0.41624924984996986,0.001977672974702804,interpolado
0.4163490698139628,0.0019314108203739866,interpolado
0.4164488897779555,0.001849877307620788,interpolado
0.4165487097419484,0.0017523547341678613,interpolado
0.41664852970594124,0.0016581253977400422,interpolado
0.416748349669934,0.0015864715960619991,interpolado
0.4168481696339267,0.0015566756268584492,interpolado
0.41694798959791957,0.0015880197878541547,interpolado
0.417,0.001635,original
0.4171476295259051,0.0018839648705898059,interpolado
0.41724744948989795,0.0021131907854795616,interpolado
0.4173472694538908,0.0023551982580929023,interpolado
0.4174470894178835,0.002578648410791336,interpolado
0.4175469093818763,0.002752202365936792,interpolado
0.41764672934586905,0.0028445212458910844,interpolado
0.4177465493098619,0.0028242661730158917,interpolado
0.4178463692738547,0.002660098269672946,interpolado
0.41794618923784743,0.002320678658224209,interpolado
0.418,0.002054,original
0.4181458291658331,0.001032263985394393,interpolado
0.41824564912982587,0.00013605195148137447,interpolado
0.4183454690938187,-0.0008640763990635962,interpolado
0.41844528905781153,-0.0019195342434609776,interpolado
0.4185451090218043,-0.002981734758932894,interpolado
0.4186449289857972,-0.004002091122701486,interpolado
0.41874474894979,-0.004932016511987191,interpolado
0.4188445689137828,-0.005722924104012578,interpolado
0.41894438887777563,-0.006326227075998339,interpolado
0.419,-0.006563,original
0.4191440288057612,-0.006814333797002472,interpolado
0.41924384876975385,-0.006712267823149396,interpolado
0.4193436687337468,-0.006416893535055112,interpolado
0.4194434886977395,-0.005956845730006323,interpolado
0.41954330866173234,-0.005360759205289294,interpolado
0.4196431286257251,-0.004657268758189973,interpolado
0.4197429485897177,-0.0038750091859955263,interpolado
0.41984276855371067,-0.0030426152859914886,interpolado
0.4199425885177034,-0.0021887218554651647,interpolado
0.42,-0.001699,original
0.420142228445689,-0.0005219788652130266,interpolado
0.42024204840968177,0.00025995133748368674,interpolado
0.4203418683736747,0.000994091345775427,interpolado
0.4204416883376675,0.0016704670918332469,interpolado
0.4205415083016603,0.00227910450782944,interpolado
0.42064132826565304,0.00281002952593615,interpolado
0.4207411482296459,0.0032532680783246555,interpolado
0.4208409681936387,0.0035988460971673078,interpolado
0.42094078815763153,0.0038367895146355913,interpolado
0.421,0.003923,original
0.4211404280856173,0.003966096076480619,interpolado
0.4212402480496099,0.0038862915288027087,interpolado
0.4213400680136028,0.003743081978749643,interpolado
0.4214398879775956,0.003561446571886865,interpolado
0.4215397079415883,0.003366364453779588,interpolado
0.4216395279055811,0.0031828147699929916,interpolado
0.42173934786957384,0.0030357766660925683,interpolado
0.4218391678335668,0.002950229287643459,interpolado
0.4219389877975595,0.0029511517802110455,interpolado
0.422,0.003005,original
0.422138627725545,0.0032869382735545233,interpolado
0.4222384476895378,0.0035933482749183152,interpolado
0.4223382676535306,0.003950313163538378,interpolado
0.42243808761752344,0.00432594970960642,interpolado
0.42253790758151627,0.004688374683314749,interpolado
0.42263772754550916,0.005005704854855647,interpolado
0.42273754750950193,0.005246056994420866,interpolado
0.42283736747349476,0.005377547872202756,interpolado
0.4229371874374875,0.005368294258393278,interpolado
0.423,0.005276,original
0.42313682736547326,0.004831071925181663,interpolado
0.423236647329466,0.004337878555650991,interpolado
0.42333646729345864,0.0037479015684017823,interpolado
0.4234362872574516,0.003101595352187919,interpolado
0.4235361072214443,0.0024394142957643887,interpolado
0.4236359271854372,0.0018018127878847556,interpolado
0.42373574714942985,0.0012292452173039965,interpolado
0.42383556711342263,0.0007621659727759967,interpolado
0.4239353870774155,0.0004410294430548787,interpolado
0.424,0.00033,original
0.42413502700540107,0.000365432831938379,interpolado
0.4242348469693938,0.0005843589468567785,interpolado
0.4243346669333867,0.000923019203743549,interpolado
0.42443448689737945,0.0013419488790874636,interpolado
0.4245343068613722,0.0018016832493765657,interpolado
0.424634126825365,0.002262757591099843,interpolado
0.4247339467893577,0.0026857071807452927,interpolado
0.42483376675335055,0.003031067294801701,interpolado
0.4249335867173434,0.003259373209757679,interpolado
0.425,0.003327,original
0.425133226645329,0.0032287129552073953,interpolado
0.4252330466093219,0.0029637317997593168,interpolado
0.42533286657331465,0.0025519829442345256,interpolado
0.4254326865373075,0.002008889691852355,interpolado
0.42553250650130026,0.0013498753458330852,interpolado
0.42563232646529303,0.000590363209395673,interpolado
0.4257321464292858,-0.00025422341423936203,interpolado
0.42583196639327864,-0.0011684612218527451,interpolado
0.4259317863572715,-0.002136926910225357,interpolado
0.426,-0.002822,original
0.4261314262852572,-0.004159458091870004,interpolado
0.42623124624924985,-0.005129621631798342,interpolado
0.4263310662132426,-0.005998591632559284,interpolado
0.4264308861772354,-0.006710485988756488,interpolado
0.42653070614122807,-0.007209422594992453,interpolado
0.42663052610522106,-0.007439519345870989,interpolado
0.4267303460692138,-0.007344894135995122,interpolado
0.42683016603320645,-0.006869664859968381,interpolado
0.42692998599719933,-0.005957949412393448,interpolado
0.427,-0.005028,original
0.42712962592518494,-0.002670653960075656,interpolado
0.4272294458891777,-0.0004284047877278638,interpolado
0.42732926585317055,0.0020385381771223002,interpolado
0.4274290858171633,0.004596671617453322,interpolado
0.4275289057811562,0.007112492216239375,interpolado
0.42762872574514893,0.009452496656460158,interpolado
0.42772854570914176,0.011483181621090091,interpolado
0.42782836567313454,0.013071043793107605,interpolado
0.4279281856371274,0.014082579855490142,interpolado
0.428,0.014379,original
0.42812782556511303,0.013936673346474821,interpolado
0.42822764552910575,0.012855219528848945,interpolado
0.4283274654930986,0.011276030252456432,interpolado
0.4284272854570914,0.009334222020625763,interpolado
0.42852710542108424,0.007164911336688801,interpolado
0.42862692538507696,0.004903214703972946,interpolado
0.4287267453490698,0.0026842486258104163,interpolado
0.4288265653130625,0.0006431296055296069,interpolado
0.42892638527705534,-0.0010850258535406777,interpolado
0.429,-0.00208,original
0.429126025205041,-0.003135446475495092,interpolado
0.4292258451690337,-0.0034633594232533343,interpolado
0.4293256651330266,-0.003433422371379671,interpolado
0.42942548509701933,-0.0031295570874694755,interpolado
0.42952530506101216,-0.002635685339118426,interpolado
0.42962512502500494,-0.0020357288939217245,interpolado
0.4297249449889977,-0.0014136095194743421,interpolado
0.42982476495299055,-0.0008532489833723062,interpolado
0.4299245849169833,-0.00043856905321040265,interpolado
0.43,-0.000273,original
0.430124224844969,-0.0003378766378204725,interpolado
0.4302240448089618,-0.0006493440028262035,interpolado
0.4303238647729546,-0.0011343183229061923,interpolado
0.43042368473694753,-0.0017395584193148578,interpolado
0.43052350470094025,-0.002411823113305448,interpolado
0.43062332466493286,-0.003097871226132213,interpolado
0.43072314462892586,-0.003744461579049437,interpolado
0.4308229645929185,-0.00429835299331032,interpolado
0.43092278455691146,-0.004706304290169359,interpolado
0.431,-0.004888,original
0.4311224244848969,-0.004900389556544733,interpolado
0.4312222444488898,-0.004695407268755839,interpolado
0.43132206441288257,-0.0043412821150019335,interpolado
0.4314218843768754,-0.003878986437008403,interpolado
0.4315217043408681,-0.003349492576501512,interpolado
0.43162152430486084,-0.0027937728752067664,interpolado
0.43172134426885367,-0.0022527996748496083,interpolado
0.4318211642328465,-0.0017675453171563911,interpolado
0.43192098419683933,-0.0013789821438523575,interpolado
0.432,-0.001167,original
0.43212062412482494,-0.0010364896540285503,interpolado
0.43222044408881777,-0.0010851844342862974,interpolado
0.43232026405281054,-0.0012493178645700716,interpolado
0.4324200840168033,-0.0015041401371213,interpolado
0.43251990398079615,-0.0018249014441809655,interpolado
0.4326197239447888,-0.0021868519779904604,interpolado
0.4327195439087818,-0.002565241930791271,interpolado
0.4328193638727746,-0.0029353214948242413,interpolado
0.43291918383676725,-0.003272340862331027,interpolado
0.433,-0.003504,original
0.4331188237647528,-0.0037562424203400535,interpolado
0.43321864372874574,-0.0038876468896881676,interpolado
0.4333184636927385,-0.0039496550483634554,interpolado
0.43341828365673135,-0.003946125410041281,interpolado
0.433518103620724,-0.0038809164883969365,interpolado
0.4336179235847168,-0.003757886797105728,interpolado
0.4337177435487097,-0.0035808948498428305,interpolado
0.4338175635127024,-0.0033537991602837305,interpolado
0.43391738347669534,-0.0030804582421034695,interpolado
0.434,-0.002822,original
0.43411702340468084,-0.0024130268263793625,interpolado
0.4342168433686737,-0.0020377863999897074,interpolado
0.4343166633326666,-0.0016523792588707393,interpolado
0.4344164832966593,-0.0012701672240183364,interpolado
0.43451630326065216,-0.0009045121164292226,interpolado
0.4346161232246449,-0.0005687757570994739,interpolado
0.43471594318863777,-0.0002763199670252351,interpolado
0.43481576315263065,-4.050656720312753e-05,interpolado
0.43491558311662337,0.00012530262137073144,interpolado
0.435,0.000201,original
0.43511522304460903,0.0002040358466651134,interpolado
0.4352150430086019,0.0001378297448207877,interpolado
0.43531486297259464,3.70439764233659e-05,interpolado
0.43541468293658747,-7.043021672210748e-05,interpolado
0.4355145029005802,-0.000156701592810603,interpolado
0.435614322864573,-0.000193878910036946,interpolado
0.4357141428285659,-0.00015407092659607729,interpolado
0.43581396279255863,-9.386400682961753e-06,interpolado
0.43591378275655135,0.00026806590950746484,interpolado
0.436,0.000636,original
0.43611342268453696,0.0013137069950312941,interpolado
0.4362132426485298,0.002048802751598891,interpolado
0.4363130626125225,0.0028610770000346564,interpolado
0.43641288257651534,0.003700175226464063,interpolado
0.4365127025405081,0.00451574291701264,interpolado
0.4366125225045009,0.005257425557804553,interpolado
0.4367123424684938,0.005874868634965662,interpolado
0.4368121624324865,0.00631771763462035,interpolado
0.4369119823964793,0.006535618042894094,interpolado
0.437,0.006501,original
0.43711162232446477,0.006117847856745433,interpolado
0.4372114422884577,0.005490327535042682,interpolado
0.43731126225245043,0.004642699768560446,interpolado
0.4374110822164433,0.003621983119911981,interpolado
0.4375109021804361,0.002475196151710138,interpolado
0.43761072214442887,0.0012493574265697374,interpolado
0.43771054210842175,-8.514492896999847e-06,interpolado
0.4378103620724146,-0.001251401044075139,interpolado
0.4379101820364073,-0.002432283664351848,interpolado
0.438,-0.003403,original
0.438109821964393,-0.00443143823341083,interpolado
0.4382096419283858,-0.005212546329874427,interpolado
0.4383094618923786,-0.005852159623718579,interpolado
0.4384092818563714,-0.006354960989343148,interpolado
0.4385091018203642,-0.006725633301147688,interpolado
0.4386089217843569,-0.006968859433531179,interpolado
0.43870874174834973,-0.007089322260893282,interpolado
0.4388085617123426,-0.007091704657633253,interpolado
0.4389083816763354,-0.006980689498150581,interpolado
0.439,-0.006783,original
0.4391080216043209,-0.006440218539146635,interpolado
0.4392078415683136,-0.006035602788733144,interpolado
0.4393076615323065,-0.005566097223489519,interpolado
0.4394074814962992,-0.005050685339233204,interpolado
0.43950730146029193,-0.004508350631781541,interpolado
0.43960712142428476,-0.00395807659695279,interpolado
0.43970694138827754,-0.0034188467305640087,interpolado
0.4398067613522703,-0.0029096445284334544,interpolado
0.43990658131626315,-0.0024494534863784678,interpolado
0.44,-0.00208,original
0.44010622124424886,-0.001745311696347496,interpolado
0.4402060412082416,-0.0015036846548000878,interpolado
0.4403058611722345,-0.0013178613248839121,interpolado
0.4404056811362273,-0.001173328528217111,interpolado
0.4405055011002201,-0.0010555730864174491,interpolado
0.44060532106421285,-0.0009500818211029948,interpolado
0.44070514102820557,-0.0008423415538916181,interpolado
0.44080496099219846,-0.0007178391064011863,interpolado
0.4409047809561913,-0.000562061300249774,interpolado
0.441,-0.000371,original
0.44110442088417684,-0.00010528621124328104,interpolado
0.4412042408481696,0.00018822556686216754,interpolado
0.44130406081216245,0.0004996493401281562,interpolado
0.44140388077615517,0.0008085946410623264,interpolado
0.441503700740148,0.0010946710021729946,interpolado
0.44160352070414083,0.0013374879559678314,interpolado
0.44170334066813366,0.0015166550349550016,interpolado
0.4418031606321264,0.0016117817716425275,interpolado
0.44190298059611915,0.001602477698538294,interpolado
0.442,0.001474,original
0.4421026205241047,0.0011993998439521739,interpolado
0.44220244048809754,0.0008237980651945188,interpolado
0.4423022604520905,0.00037850104636683686,interpolado
0.44240208041608314,-9.953738910807934e-05,interpolado
0.44250190038007603,-0.0005733634178084346,interpolado
0.4426017203440689,-0.0010060232163114032,interpolado
0.44270154030806164,-0.0013605629611949713,interpolado
0.4428013602720545,-0.00160002882903695,interpolado
0.44290118023604724,-0.0016874669964147765,interpolado
0.443,-0.001588,original
0.44310082016403285,-0.0012726107920841784,interpolado
0.4432006401280257,-0.0007797258493784716,interpolado
0.44330046009201846,-0.00015280553344669814,interpolado
0.44340028005601123,0.0005626134478836951,interpolado
0.443500100020004,0.0013209943867867138,interpolado
0.4435999199839968,0.002076800575434764,interpolado
0.4436997399479896,0.002784495306001526,interpolado
0.44379955991198244,0.0033985418706605755,interpolado
0.4438993798759753,0.003873403561584477,interpolado
0.444,0.004165,original
0.4440990198039609,0.004237058216550768,interpolado
0.4441988397679535,0.00411790142844261,interpolado
0.4442986597319464,0.0038443319542249403,interpolado
0.44439847969593915,0.0034546084486943227,interpolado
0.444498299659932,0.0029869895666466127,interpolado
0.44459811962392476,0.002479733962878589,interpolado
0.44469793958791753,0.001971100292186252,interpolado
0.4447977595519104,0.0014993472093656013,interpolado
0.44489757951590314,0.0011027333692134194,interpolado
0.445,0.000814,original
0.4450972194438888,0.0006766930644717088,interpolado
0.4451970394078815,0.0006525295862664885,interpolado
0.44529685937187435,0.0007121257806287144,interpolado
0.44539667933586713,0.0008205802206757862,interpolado
0.44549649929986007,0.0009429914795252655,interpolado
0.44559631926385285,0.0010444581302944816,interpolado
0.4456961392278456,0.0010900787461009843,interpolado
0.4457959591918384,0.0010449519000622,interpolado
0.4458957791558312,0.0008741761652956447,interpolado
0.446,0.000524,original
0.44609541908381684,2.8170987055305488e-05,interpolado
0.44619523904780967,-0.0006374175988833487,interpolado
0.4462950590118025,-0.0014057117166826531,interpolado
0.4463948789757953,-0.0022285062531275327,interpolado
0.446494698939788,-0.0030575960950041886,interpolado
0.4465945189037809,-0.0038447761290988417,interpolado
0.4466943388677736,-0.0045418412421963945,interpolado
0.44679415883176643,-0.005100586321083362,interpolado
0.44689397879575926,-0.005472806252544906,interpolado
0.447,-0.00561,original
0.4470936187237449,-0.005477351832316441,interpolado
0.4471934386877376,-0.0050985468542012,interpolado
0.4472932586517304,-0.004516596830723808,interpolado
0.4473930786157231,-0.0037742212369903812,interpolado
0.4474928985797159,-0.0029141395481061053,interpolado
0.44759271854370875,-0.0019790712391758955,interpolado
0.44769253850770147,-0.0010117357853062592,interpolado
0.4477923584716943,-5.4852661601627307e-05,interpolado
0.44789217843568707,0.0008488586568314684,interpolado
0.448,0.001716,original
0.44809181836367273,0.0023329722465893323,interpolado
0.4481916383276655,0.00287817706249755,interpolado
0.44829145829165834,0.0033041837204230754,interpolado
0.44839127825565117,0.0036228874867080415,interpolado
0.4484910982196439,0.0038461836276953137,interpolado
0.4485909181836368,0.00398596740972755,interpolado
0.44869073814762966,0.004054134099147198,interpolado
0.4487905581116224,0.004062578962296947,interpolado
0.4488903780756152,0.004023197265519393,interpolado
0.449,0.003939,original
0.4490900180036009,0.003844373124607713,interpolado
0.44918983796759354,0.0036980084242700098,interpolado
0.4492896579315863,0.0034866397025004325,interpolado
0.44938947789557904,0.0031881111140395517,interpolado
0.44948929785957187,0.002780266813627614,interpolado
0.4495891178235647,0.0022409509560046264,interpolado
0.44968893778755736,0.001548007695911522,interpolado
0.4497887577515502,0.0006792811880878529,interpolado
0.44988857771554297,-0.00038738441272508214,interpolado
0.45,-0.001839,original
0.45008821764352863,-0.003190796483700631,interpolado
0.4501880376075214,-0.004876878426881194,interpolado
0.45028785757151424,-0.006647139139236539,interpolado
0.45038767753550707,-0.008416298861000527,interpolado
0.4504874974994998,-0.010099077832409981,interpolado
0.45058731746349273,-0.011610196293701542,interpolado
0.4506871374274855,-0.012864374485109343,interpolado
0.4507869573914784,-0.013776332646870544,interpolado
0.45088677735547117,-0.01426079101921995,interpolado
0.451,-0.014185,original
0.4510864172834568,-0.013627784433233743,interpolado
0.4511862372474495,-0.012513519380538008,interpolado
0.4512860572114423,-0.011004928727836592,interpolado
0.4513858771754352,-0.009217347453286482,interpolado
0.4514856971394278,-0.007266110535042209,interpolado
0.4515855171034207,-0.005266552951257943,interpolado
0.45168533706741354,-0.003334009680091228,interpolado
0.4517851570314063,-0.0015838156996962139,interpolado
0.4518849769953991,-0.0001313059882274755,interpolado
0.452,0.001023,original
0.4520846169233847,0.0014397812644791875,interpolado
0.4521844368873774,0.001498647254906111,interpolado
0.4522842568513703,0.0011708631468420072,interpolado
0.452384076815363,0.0005426283086012886,interpolado
0.45248389677935585,-0.00029985789150047804,interpolado
0.4525837167433487,-0.0012703960851492906,interpolado
0.45268353670734146,-0.0022827869040292067,interpolado
0.4527833566713344,-0.003250830979825904,interpolado
0.45288317663532707,-0.0040883289442249626,interpolado
0.453,-0.004787,original
0.4530828165633128,-0.0050399699142103125,interpolado
0.4531826365273055,-0.0050958491128305795,interpolado
0.4532824564912982,-0.004927838418615416,interpolado
0.4533822764552911,-0.004587170437202813,interpolado
0.4534820964192839,-0.004125077774231393,interpolado
0.4535819163832767,-0.003592793035338926,interpolado
0.45368173634726955,-0.0030415488261642492,interpolado
0.45378155631126227,-0.002522577752345301,interpolado
0.4538813762752551,-0.0020871124195200944,interpolado
0.454,-0.001749,original
0.4540810162032408,-0.001663487182346121,interpolado
0.45418083616723354,-0.0017035280820242693,interpolado
0.45428065613122626,-0.0018664668881721407,interpolado
0.4543804760952191,-0.0021121605534618845,interpolado
0.45448029605921186,-0.0024004660305652036,interpolado
0.4545801160232047,-0.0026912402721543664,interpolado
0.45467993598719747,-0.002944340230901028,interpolado
0.45477975595119025,-0.003119622859477347,interpolado
0.454879575915183,-0.003176945110555312,interpolado
0.455,-0.003032,original
0.4550792158431687,-0.0027829124016844294,interpolado
0.4551790358071614,-0.0023064027292738435,interpolado
0.4552788557711542,-0.001675733267571885,interpolado
0.4553786757351471,-0.0009201040038668255,interpolado
0.45547849569913984,-6.871492544823583e-05,interpolado
0.45557831566313267,0.0008492339803960723,interpolado
0.45567813562712545,0.0018045427263763479,interpolado
0.4557779555911182,0.0027680113252043633,interpolado
0.45587777555511105,0.003710439789591912,interpolado
0.456,0.004793,original
0.4560774154830966,0.005416235834073871,interpolado
0.4561772354470893,0.006129797813308561,interpolado
0.4562770554110821,0.006725148021896656,interpolado
0.456376875375075,0.007184141244741175,interpolado
0.45647669533906776,0.007488632266744409,interpolado
0.45657651530306065,0.007620475872809483,interpolado
0.4566763352670533,0.0075615268478390445,interpolado
0.45677615523104614,0.007293639976736029,interpolado
0.456875975195039,0.006798670044402904,interpolado
0.457,0.00584,original
0.4570756151230245,0.005061610503159804,interpolado
0.45717543508701736,0.003853614681902584,interpolado
0.45727525505101013,0.002508743109005105,interpolado
0.4573750750150029,0.001101474625035448,interpolado
0.4574748949789958,-0.0002937119294359273,interpolado
0.4575747149429886,-0.0016023377138409249,interpolado
0.4576745349069814,-0.0027499238876112584,interpolado
0.4577743548709742,-0.003661991610176757,interpolado
0.4578741748349669,-0.0042640620409694786,interpolado
0.458,-0.004466,original
0.4580738147629525,-0.004251566812694886,interpolado
0.45817363472694533,-0.003612207292989512,interpolado
0.4582734546909381,-0.002655846767254369,interpolado
0.45837327465493105,-0.001475247077363391,interpolado
0.4584730946189238,-0.0001631700651928158,interpolado
0.45857291458291655,0.0011876224273830742,interpolado
0.4586727345469095,0.002484368558490083,interpolado
0.4587725545109022,0.003634306486251839,interpolado
0.4588723744748951,0.004544674368794627,interpolado
0.459,0.005212,original
0.45907201440288065,0.005286437804035219,interpolado
0.4591718343668735,0.005057260071165322,interpolado
0.4592716543308662,0.0045141291192205115,interpolado
0.459371474294859,0.0037366177193967893,interpolado
0.45947129425885186,0.0028042986428915614,interpolado
0.45957111422284463,0.0017967446609009662,interpolado
0.45967093418683747,0.0007935285446209694,interpolado
0.45977075415083024,-0.00012577693475077263,interpolado
0.459870574114823,-0.0008815990060186744,interpolado
0.46,-0.001488,original
0.4600702140428085,-0.0015925551513065312,interpolado
0.4601700340068014,-0.0014868064860371407,interpolado
0.4602698539707942,-0.0011357796737127062,interpolado
0.46036967393478695,-0.0005987392096914076,interpolado
0.4604694938987798,6.505041066763619e-05,interpolado
0.46056931386277256,0.000796324692006182,interpolado
0.4606691338267654,0.0015358191389661378,interpolado
0.4607689537907582,0.0022242692561881584,interpolado
0.46086877375475105,0.0028024105483144416,interpolado
0.461,0.003295,original
0.4610684136827365,0.0033962635285469025,interpolado
0.4611682336467294,0.0033649369331011387,interpolado
0.4612680536107222,0.003160722291310264,interpolado
0.461367873574715,0.002827880555297493,interpolado
0.4614676935387078,0.0024106726771866063,interpolado
0.46156751350270053,0.0019533596091008388,interpolado
0.46166733346669336,0.0015002023031633368,interpolado
0.4617671534306861,0.0010954617114980131,interpolado
0.4618669733946789,0.0007833987862278612,interpolado
0.462,0.000588,original
0.4620666133226644,0.0006102570345135336,interpolado
0.4621664332866573,0.0007820521076507636,interpolado
0.4622662532506501,0.0010857989221423187,interpolado
0.4623660732146429,0.0014831297077156109,interpolado
0.46246589317863573,0.0019356766940972995,interpolado
0.46256571314262857,0.0024050721110147003,interpolado
0.4626655331066214,0.00285294818819517,interpolado
0.4627653530706143,0.0032409371553653098,interpolado
0.46286517303460684,0.0035306712422524963,interpolado
0.463,0.003698,original
0.4630648129625925,0.0036651780268796025,interpolado
0.4631646329265854,0.003480331043864093,interpolado
0.4632644528905782,0.0031621276405689623,interpolado
0.46336427285457094,0.002743969671273262,interpolado
0.4634640928185637,0.0022592589902558236,interpolado
0.4635639127825566,0.0017413974517963152,interpolado
0.46366373274654943,0.0012237869101733123,interpolado
0.46376355271054215,0.0007398292196665182,interpolado
0.4638633726745349,0.00032292623455475633,interpolado
0.464,-7.82e-05,original
0.4640630126025205,-0.00017822383614903185,interpolado
0.46416283256651336,-0.00022794344162558743,interpolado
0.4642626525305061,-0.0001593171747317826,interpolado
0.4643624724944989,1.0595137213829596e-05,interpolado
0.46446229245849174,0.00026473366689292295,interpolado
0.4645621124224845,0.0005860385869867189,interpolado
0.4646619323864773,0.000957450070177064,interpolado
0.46476175235047007,0.0013619082891450514,interpolado
0.46486157231446285,0.001782353416572384,interpolado
0.465,0.00236,original
0.4650612122424484,0.0026034038119931726,interpolado
0.4651610322064413,0.002976999556254449,interpolado
0.46526085217043406,0.0033167580722470525,interpolado
0.4653606721344269,0.0036170346520322566,interpolado
0.4654604920984197,0.003872184587671245,interpolado
0.4655603120624125,0.004076563171224787,interpolado
0.4656601320264053,0.004224525694754162,interpolado
0.4657599519903981,0.004310427450320256,interpolado
0.4658597719543908,0.004328623729984227,interpolado
0.466,0.004229,original
0.46605941188237654,0.004139923598718017,interpolado
0.4661592318463693,0.0039321331298145705,interpolado
0.46625905181036204,0.003661411213803662,interpolado
0.46635887177435487,0.0033392602249254157,interpolado
0.4664586917383477,0.002977182537419842,interpolado
0.4665585117023404,0.0025866805255275677,interpolado
0.46665833166633325,0.0021792565634883958,interpolado
0.4667581516303259,0.001766413025543003,interpolado
0.4668579715943188,0.001359652285931389,interpolado
0.467,0.000814,original
0.46705761152230435,0.0006099117280301599,interpolado
0.4671574314862972,0.00028115778646916115,interpolado
0.46725725145028996,-1.8980787228877268e-05,interpolado
0.46735707141428273,-0.000293887243714032,interpolado
0.4674568913782756,-0.0005469448336363233,interpolado
0.46755671134226834,-0.0007815368076453569,interpolado
0.4676565313062612,-0.0010010464163912834,interpolado
0.467756351270254,-0.001208856910523745,interpolado
0.4678561712342467,-0.0014083515406927538,interpolado
0.468,-0.001688,original
0.4680558111622323,-0.0017956648866010191,interpolado
0.4681556311262252,-0.001985106352058904,interpolado
0.46825545109021804,-0.002165778730883166,interpolado
0.4683552710542108,-0.0023320946742256864,interpolado
0.46845509101820354,-0.0024784668332383125,interpolado
0.46855491098219637,-0.002599307859072655,interpolado
0.4686547309461892,-0.002689030402880575,interpolado
0.4687545509101821,-0.0027420471158138638,interpolado
0.46885437087417486,-0.002752770649024236,interpolado
0.469,-0.002681,original
0.4690540108021604,-0.0026257199203568965,interpolado
0.4691538307661532,-0.002492200949664979,interpolado
0.469253650730146,-0.0023367157884860287,interpolado
0.46935347069413874,-0.0021813695664242606,interpolado
0.4694532906581316,-0.0020482674130835594,interpolado
0.4695531106221244,-0.0019595144580681154,interpolado
0.4696529305861172,-0.0019372158309818761,interpolado
0.46975275055011,-0.0020034766614289395,interpolado
0.4698525705141028,-0.0021804020790132726,interpolado
0.47,-0.002691,original
0.47005221044208834,-0.002952352963740834,interpolado
0.4701520304060811,-0.0035390790467165283,interpolado
0.470251850370074,-0.004177098216415806,interpolado
0.4703516703340668,-0.004791478474289002,interpolado
0.47045149029805955,-0.005307287821787786,interpolado
0.4705513102620523,-0.005649594260362632,interpolado
0.4706511302260451,-0.005743465791464931,interpolado
0.470750950190038,-0.005513970416545537,interpolado
0.4708507701540307,-0.004886176137055744,interpolado
0.471,-0.003042,original
0.47105041008201637,-0.0021409463353712233,interpolado
0.47115023004600914,4.4186494349897325e-06,interpolado
0.471250050010002,0.0024984111880481156,interpolado
0.47134986997399475,0.005183805791483821,interpolado
0.4714496899379875,0.007903376970763402,interpolado
0.47154950990198036,0.010499899236902274,interpolado
0.4716493298659732,0.01281614710092046,interpolado
0.47174914982996596,0.014694895073837352,interpolado
0.47184896979395885,0.01597891766666931,interpolado
0.4719487897579516,0.016510989390436062,interpolado
0.472,0.016441,original
0.4721484296859371,0.014876791167139653,interpolado
0.47224824964993,0.01289537113931163,interpolado
0.4723480696139228,0.010379133329680422,interpolado
0.4724478895779156,0.007511038781534555,interpolado
0.47254770954190833,0.004474048538168414,interpolado
0.4726475295059011,0.0014511236428715918,interpolado
0.47274734946989394,-0.001374774861066279,interpolado
0.4728471694338867,-0.003820685930350874,interpolado
0.4729469893978796,-0.005703648521693576,interpolado
0.473,-0.006412,original
0.4731466293258651,-0.0072187207135128535,interpolado
0.4732464492898579,-0.0069516368681171925,interpolado
0.47334626925385076,-0.006183508023927433,interpolado
0.47344608921784354,-0.005052866707866202,interpolado
0.4735459091818363,-0.003698245446858152,interpolado
0.4736457291458292,-0.002258176767826061,interpolado
0.47374554910982203,-0.000871193197692528,interpolado
0.47384536907381475,0.00032417273661752366,interpolado
0.4739451890378076,0.0011893885081819275,interpolado
0.474,0.001474,original
0.47414482896579324,0.0014993834495574123,interpolado
0.47424464892978596,0.0010172065483750065,interpolado
0.4743444688937788,0.00024845702658296613,interpolado
0.4744442888577715,-0.0007015251020513778,interpolado
0.4745441088217644,-0.0017273998237610924,interpolado
0.4746439287857571,-0.0027238271247774894,interpolado
0.47474374874974995,-0.003585466991334047,interpolado
0.47484356871374267,-0.004206979409662258,interpolado
0.47494338867773545,-0.004483024365995144,interpolado
0.475,-0.004446,original
0.47514302860572105,-0.003673774795427341,interpolado
0.4752428485697139,-0.0026569286615828647,interpolado
0.4753426685337067,-0.0013517014782883127,interpolado
0.47544248849769954,0.00015058714109105926,interpolado
0.4755423084616923,0.0017586175831904279,interpolado
0.4756421284256851,0.003381070234642239,interpolado
0.4757419483896779,0.00492662548208246,interpolado
0.4758417683536707,0.0063039637121436,interpolado
0.4759415883176635,0.007421765311460824,interpolado
0.476,0.007919,original
0.47614122824564914,0.008586770107154314,interpolado
0.476241048209642,0.00866916514267894,interpolado
0.4763408681736347,0.008501691908161977,interpolado
0.47644068813762736,0.008148299221995909,interpolado
0.4765405081016203,0.007672935902572812,interpolado
0.476640328065613,0.007139550768285591,interpolado
0.4767401480296058,0.006612092637526096,interpolado
0.4768399679935986,0.006154510328687295,interpolado
0.4769397879575914,0.005830752660161246,interpolado
0.477,0.005727,original
0.47713942788557695,0.005786740795842075,interpolado
0.47723924784957,0.006030271325041273,interpolado
0.4773390678135626,0.006379701300267351,interpolado
0.4774388877775555,0.0067806045286588155,interpolado
0.4775387077415484,0.007178554817354283,interpolado
0.47763852770554105,0.007519125973491691,interpolado
0.477738347669534,0.007747891804209767,interpolado
0.47783816763352677,0.007810426116646634,interpolado
0.4779379875975196,0.007652302717940868,interpolado
0.478,0.007419,original
0.4781376275255052,0.006506059614497249,interpolado
0.478237447489498,0.005564866590944992,interpolado
0.47833726745349087,0.0044558522210233955,interpolado
0.47843708741748353,0.0032383224323197313,interpolado
0.47853690738147636,0.001971583152421035,interpolado
0.47863672734546914,0.00071494030891647,interpolado
0.4787365473094619,-0.00047230017060754045,interpolado
0.4788363672734547,-0.0015308323585619202,interpolado
0.4789361872374474,-0.00240135032735961,interpolado
0.479,-0.002832,original
0.47913582716543307,-0.0033750026193799573,interpolado
0.47923564712942585,-0.0034686910145073514,interpolado
0.4793354670934186,-0.0033276290340060765,interpolado
0.47943528705741145,-0.0029732011487483235,interpolado
0.4795351070214042,-0.0024267918296058152,interpolado
0.4796349269853969,-0.0017097855474512424,interpolado
0.4797347469493897,-0.0008435667731559072,interpolado
0.47983456691338255,0.00015048002240714486,interpolado
0.47993438687737544,0.0012509703683662807,interpolado
0.48,0.002022,original
0.480134026805361,0.0036747054342717886,interpolado
0.4802338467693537,0.00491862730984588,interpolado
0.48033366673334654,0.006119356284664572,interpolado
0.48043348669733943,0.0072281467370723645,interpolado
0.4805333066613322,0.008196253045416282,interpolado
0.4806331266253249,0.008974929588041088,interpolado
0.48073294658931776,0.009515430743293215,interpolado
0.48083276655331053,0.00976901088951857,interpolado
0.4809325865173033,0.009686924405062703,interpolado
0.481,0.009417,original
0.4811322264452889,0.008370745954904512,interpolado
0.48123204640928174,0.00720931784260025,interpolado
0.48133186637327463,0.005817139769213528,interpolado
0.48143168633726735,0.0042744744570157,interpolado
0.4815315063012601,0.0026615846282749198,interpolado
0.48163132626525296,0.00105873300526278,interpolado
0.4817311462292457,-0.0004538176897518302,interpolado
0.4818309661932385,-0.0017958047344998319,interpolado
0.4819307861572313,-0.002886965406709924,interpolado
0.482,-0.003454,original
0.48213042608521695,-0.00404445407967562,interpolado
0.4822302460492097,-0.004120771629946133,interpolado
0.48233006601320255,-0.0039273392918890634,interpolado
0.4824298859771954,-0.0035148774529404295,interpolado
0.4825297059411882,-0.0029341065005356135,interpolado
0.48262952590518093,-0.0022357468221110666,interpolado
0.48272934586917376,-0.0014705188051022887,interpolado
0.48282916583316654,-0.0006891428369446336,interpolado
0.48292898579715937,5.766069492522735e-05,interpolado
0.483,0.00054,original
0.48312862572514503,0.0012655206131084416,interpolado
0.4832284456891378,0.0017002500899880684,interpolado
0.48332826565313075,0.002031347503890824,interpolado
0.48342808561712347,0.0022665663199231845,interpolado
0.4835279055811163,0.002413660003192263,interpolado
0.4836277255451091,0.0024803820188047413,interpolado
0.4837275455091018,0.002474485831867567,interpolado
0.48382736547309463,0.002403724907487525,interpolado
0.48392718543708735,0.0022758527107715402,interpolado
0.484,0.002151,original
0.484126825365073,0.0018830501826346293,interpolado
0.4842266453290657,0.0016457189587889005,interpolado
0.4843264652930586,0.001403956122490153,interpolado
0.4844262852570513,0.0011750572694089595,interpolado
0.4845261052210441,0.0009763179952153861,interpolado
0.48462592518503694,0.0008250338955799576,interpolado
0.48472574514902966,0.0007385005661728519,interpolado
0.48482556511302244,0.0007340136026643907,interpolado
0.48492538507701516,0.0008288686007248838,interpolado
0.485,0.000975,original
0.4851250250050009,0.0013708592137483325,interpolado
0.48522484496899376,0.0017956152119120664,interpolado
0.48532466493298654,0.0022862192901192987,interpolado
0.4854244848969793,0.0028143838982753184,interpolado
0.4855243048609722,0.003351821486286234,interpolado
0.48562412482496503,0.003870244504058171,interpolado
0.485723944788958,0.004341365401496391,interpolado
0.48582376475295075,0.004736896628507228,interpolado
0.4859235847169434,0.005028550634996081,interpolado
0.486,0.005164,original
0.4861232246449293,0.005201400875514932,interpolado
0.486223044608922,0.005082321113066069,interpolado
0.4863228645729149,0.00484829661788929,interpolado
0.48642268453690757,0.004516725276121309,interpolado
0.48652250450090034,0.004105004973898476,interpolado
0.4866223244648931,0.0036305335973569617,interpolado
0.48672214442888584,0.003110709032633751,interpolado
0.4868219643928787,0.002562929165864736,interpolado
0.4869217843568715,0.00200459188318698,interpolado
0.487,0.001571,original
0.4871214242848571,0.0009200797042559471,interpolado
0.48722124424884977,0.00040538958931823644,interpolado
0.48732106421284266,-9.279987187791014e-05,interpolado
0.48742088417683543,-0.0005762808510368652,interpolado
0.4875207041408281,-0.0010468455198638358,interpolado
0.48762052410482093,-0.0015062860500639997,interpolado
0.48772034406881376,-0.0019563946133417734,interpolado
0.4878201640328066,-0.002398963381402584,interpolado
0.4879199839967994,-0.0028357845259508684,interpolado
0.488,-0.003183,original
0.4881196239247851,-0.003693604038694523,interpolado
0.48821944388877775,-0.004094196234602755,interpolado
0.4883192638527706,-0.004452152287853284,interpolado
0.4884190838167633,-0.004749223763243897,interpolado
0.48851890378075613,-0.004967162225573009,interpolado
0.488618723744749,-0.005087719239638851,interpolado
0.4887185437087418,-0.005092646370239479,interpolado
0.4888183636727346,-0.004963695182173076,interpolado
0.4889181836367275,-0.004682617240237972,interpolado
0.489,-0.004326,original
0.489117823564713,-0.003610936484068771,interpolado
0.48921764352870584,-0.0028692457322908402,interpolado
0.48931746349269867,-0.0020603325593373067,interpolado
0.48941728345669144,-0.0012383668559970578,interpolado
0.48951710342068416,-0.0004575185130576206,interpolado
0.489616923384677,0.00022804257869338588,interpolado
0.48971674334866977,0.000764146528467212,interpolado
0.4898165633126626,0.0010966234454764256,interpolado
0.48991638327665543,0.0011713034389326683,interpolado
0.49,0.000996,original
0.4901160232046409,0.00036570524717595876,interpolado
0.4902158431686338,-0.0004670696816426109,interpolado
0.4903156631326266,-0.001484221388692589,interpolado
0.4904154830966195,-0.0026057587318336637,interpolado
0.4905153030606121,-0.003751690568927207,interpolado
0.49061512302460486,-0.004842025757834641,interpolado
0.49071494298859775,-0.005796773156415574,interpolado
0.49081476295259047,-0.006535941622531816,interpolado
0.49091458291658335,-0.006979540014043365,interpolado
0.491,-0.007064,original
0.49111422284456885,-0.00670098926200831,interpolado
0.4912140428085617,-0.0060063152855232916,interpolado
0.49131386277255445,-0.005047537963824617,interpolado
0.4914136827365473,-0.003908557946992635,interpolado
0.4915135027005401,-0.002673275885109657,interpolado
0.4916133226645329,-0.0014255924282554203,interpolado
0.49171314262852567,-0.0002494082265123601,interpolado
0.49181296259251844,0.0007713760700392134,interpolado
0.49191278255651133,0.0015528598113186414,interpolado
0.492,0.001974,original
0.492112422484497,0.0020975852897084962,interpolado
0.49221224244848977,0.0018597736843633144,interpolado
0.4923120624124826,0.0013619562303253455,interpolado
0.4924118823764753,0.0006683319534273289,interpolado
0.49251170234046804,-0.0001569001204967731,interpolado
0.4926115223044609,-0.0010495409656146337,interpolado
0.49271134226845376,-0.0019453915560920696,interpolado
0.49281116223244653,-0.0027802528660964007,interpolado
0.4929109821964394,-0.003489925869794809,interpolado
0.493,-0.003965,original
0.49311062212442497,-0.00430009849762764,interpolado
0.49321044208841763,-0.00438545989808103,interpolado
0.49331026205241063,-0.00430433788751215,interpolado
0.49341008201640335,-0.004094753020229978,interpolado
0.4935099019803961,-0.003794725850543894,interpolado
0.4936097219443889,-0.0034422769327627388,interpolado
0.49370954190838173,-0.0030754268211960483,interpolado
0.4938093618723746,-0.002732196070152765,interpolado
0.49390918183636734,-0.002450605233941885,interpolado
0.494,-0.00228,original
0.49410882176435283,-0.002209220693666046,interpolado
0.4942086417283458,-0.0022487165043420534,interpolado
0.49430846169233844,-0.0023547636954196626,interpolado
0.49440828165633127,-0.0024949722698350846,interpolado
0.494508101620324,-0.002636952230524277,interpolado
0.4946079215843169,-0.0027483135804234884,interpolado
0.49470774154830965,-0.00279666632246871,interpolado
0.49480756151230243,-0.002749620459596142,interpolado
0.49490738147629526,-0.0025747859947417772,interpolado
0.495,-0.00227,original
0.4951070214042809,-0.0017241044471339965,interpolado
0.4952068413682737,-0.0010456568373006453,interpolado
0.49530666133226653,-0.00023004254762807553,interpolado
0.4954064812962593,0.0006971296053228358,interpolado
0.495506301260252,0.0017102508049896296,interpolado
0.49560612122424497,0.0027837122348119783,interpolado
0.4957059411882377,0.0038919050782272604,interpolado
0.4958057611522305,0.005009220518674638,interpolado
0.49590558111622335,0.006110049739593294,interpolado
0.496,0.007113,original
0.49610522104420907,0.008160897387086518,interpolado
0.49620504100820173,0.009065546764876618,interpolado
0.4963048609721946,0.009862671898529372,interpolado
0.4964046809361874,0.010532212482290708,interpolado
0.4965045009001801,0.011054108210405485,interpolado
0.49660432086417294,0.011408298777119857,interpolado
0.49670414082816566,0.011574723876679027,interpolado
0.4968039607921586,0.011533323203328847,interpolado
0.49690378075615144,0.011264036451314699,interpolado
0.497,0.01077,original
0.4971034206841369,0.009973753279890465,interpolado
0.4972032406481296,0.008980770307243766,interpolado
0.4973030606121225,0.007813556988206752,interpolado
0.49740288057611537,0.006517815399592638,interpolado
0.49750270054010803,0.005139247618217335,interpolado
0.49760252050410086,0.0037235557208946056,interpolado
0.49770234046809375,0.002316441784438133,interpolado
0.4978021604320865,0.0009636078856639484,interpolado
0.49790198039607936,-0.00028924389861494136,interpolado
0.498,-0.001378,original
0.4981016203240649,-0.002312192816425524,interpolado
0.4982014402880577,-0.0029908857963293445,interpolado
0.49830126025205046,-0.003386788354478908,interpolado
0.49840108021604335,-0.0034541984140601507,interpolado
0.49850090018003607,-0.0031474138982585218,interpolado
0.4986007201440289,-0.0024207327302597065,interpolado
0.4987005401080217,-0.0012284528332484512,interpolado
0.49880036007201445,0.00047512786958839445,interpolado
0.4989001800360072,0.0027357114550672222,interpolado
0.499,0.005599,original
